datetime,temp_c,rh,wind,pm25,blh
2020-04-09 16:00:00,-3.651459999999986,92.15968041310217,0.6351719548543456,6.0,46.281998
2020-04-09 17:00:00,-3.5696800000000053,89.12243526152643,0.7072489400504103,10.0,91.91641
2020-04-09 18:00:00,-3.3398199999999747,87.00629142611324,0.5463115408830147,8.0,80.17836
2020-04-09 19:00:00,-3.455799999999954,81.18738266126218,0.550980753016685,6.0,56.770905
2020-04-09 20:00:00,-3.447119999999984,77.70993566070764,0.7966917355982253,4.0,53.09648
2020-04-09 21:00:00,-3.442799999999977,74.91813296657898,1.0500222614015857,4.0,52.438828
2020-04-09 22:00:00,-3.589499999999987,73.05880130779288,1.2238607664797578,1.0,54.189545
2020-04-10 00:00:00,-3.751679999999965,69.86860484675996,1.5587961344654333,2.0,36.636078
2020-04-10 01:00:00,-5.34348,72.27211138190192,1.8176827341040935,4.0,36.296402
2020-04-10 02:00:00,-3.6928499999999644,68.29070103098172,1.6473089466628967,3.0,80.096176
2020-04-10 03:00:00,-2.2340999999999553,66.28907406678091,1.006642669027826,3.0,116.53105
2020-04-10 04:00:00,-0.6742299999999659,67.76979521311402,0.4294975552506468,5.0,164.89705
2020-04-10 05:00:00,0.45452000000000226,71.6418179116125,0.5352051257261202,7.0,228.76654
2020-04-10 06:00:00,1.0080800000000067,76.97234396691914,0.6476051344524838,12.0,300.75873
2020-04-10 07:00:00,1.498739999999998,79.6176704009165,0.6543670612502435,10.0,337.85394
2020-04-10 08:00:00,2.178920000000005,78.09283115054124,0.8477860490675418,13.0,349.51257
2020-04-10 09:00:00,2.271540000000016,82.73886514597892,0.7461556701161294,10.0,335.35052
2020-04-10 10:00:00,2.556500000000028,78.4932940615474,0.6229881241198092,18.0,279.29144
2020-04-10 11:00:00,3.3713600000000383,72.67658074040187,0.5538973212965888,13.0,227.35152
2020-04-10 12:00:00,3.266200000000026,74.43026133239005,0.2561261717967784,20.0,153.16447
2020-04-10 13:00:00,2.386070000000018,76.83014998014693,0.7849455895285548,21.0,66.33998
2020-04-10 14:00:00,-0.692359999999951,76.6469448600491,1.668416609566937,21.0,28.962158
2020-04-10 15:00:00,-1.9198399999999651,69.6811427879162,2.154838973935488,22.0,23.32013
2020-04-10 16:00:00,-4.677249999999958,69.86205774173627,2.6718392172508008,27.0,18.949966
2020-04-10 17:00:00,-6.995149999999967,74.44613468297459,3.212325150883316,22.0,18.38591
2020-04-10 18:00:00,-7.516399999999976,74.05835155959741,3.497211970161364,19.0,19.342896
2020-04-10 19:00:00,-7.26182,70.8762535101044,3.463737345888728,12.0,19.288513
2020-04-10 20:00:00,-6.357299999999952,69.7591729918518,3.2605457507572195,12.0,18.455357
2020-04-10 21:00:00,-5.278359999999964,69.58608549411872,3.3298740982956097,9.0,21.269531
2020-04-10 22:00:00,-4.390599999999949,67.85528273005751,3.4271786807007207,8.0,24.203415
2020-04-10 23:00:00,-3.328620000000001,67.36384199695001,3.335982018261279,7.0,24.277863
2020-04-11 00:00:00,-2.5927999999999543,66.6480827818024,3.3512804393325624,10.0,22.542435
2020-04-11 01:00:00,-1.6028199999999515,67.07494100658342,3.3159205617063225,12.0,26.213547
2020-04-11 02:00:00,0.1724500000000262,70.56203410381228,2.9083416539397056,15.0,32.054077
2020-04-11 03:00:00,2.8195400000000177,76.00704764816446,2.1949683488411096,26.0,48.790314
2020-04-11 04:00:00,7.545860000000005,63.42807704352212,1.0559020794056238,27.0,70.03296
2020-04-11 05:00:00,8.808130000000006,55.538327472032776,0.9981129812138504,26.0,146.56851
2020-04-11 06:00:00,9.559900000000027,54.44632218291214,0.7281343704797418,32.0,216.51094
2020-04-11 07:00:00,11.539030000000025,52.29374385919499,0.5210945787381768,33.0,327.86322
2020-04-11 08:00:00,12.533650000000023,51.8948609548323,0.5314105948124531,37.0,453.3019
2020-04-11 09:00:00,12.81660000000005,54.50129395568817,0.7850335210981774,39.0,503.45178
2020-04-11 10:00:00,12.479330000000004,58.77584460555675,0.48574937097862847,56.0,348.86703
2020-04-11 11:00:00,12.345030000000008,60.69898671355798,0.4118244148006644,72.0,115.28648
2020-04-11 12:00:00,11.450460000000021,67.34172031405085,0.4363105888907259,64.0,71.77585
2020-04-11 13:00:00,10.636960000000045,67.83290635029972,1.3757561973891927,61.0,26.770428
2020-04-11 14:00:00,8.232020000000034,70.4942330118451,1.8485075655407424,90.0,19.094315
2020-04-11 15:00:00,6.516020000000026,68.65173420504327,2.0260506108804686,93.0,16.558414
2020-04-11 16:00:00,4.8044700000000375,70.35143431558473,2.444095307152619,87.0,19.153091
2020-04-11 17:00:00,4.134670000000028,72.71302893474571,2.673008429854309,64.0,21.48264
2020-04-11 18:00:00,3.883260000000007,74.81569538327297,2.8490787932202544,58.0,24.360844
2020-04-11 19:00:00,4.414200000000051,70.05606733204876,2.8099421715361936,37.0,24.725426
2020-04-11 20:00:00,4.507200000000012,72.50269596750405,2.783740905618625,27.0,25.497532
2020-04-11 21:00:00,4.685699999999997,73.92807929563196,2.8731666616118403,33.0,26.302788
2020-04-11 22:00:00,5.050200000000018,72.45225181660982,3.234486362070282,19.0,26.705265
2020-04-11 23:00:00,4.349199999999996,72.5065895643,3.206594207659854,7.0,22.447163
2020-04-12 00:00:00,3.8044000000000437,72.60378650200259,3.1598199059000085,12.0,22.582392
2020-04-12 01:00:00,4.196680000000015,73.38906993490748,3.0300441593389134,8.0,21.313343
2020-04-12 02:00:00,6.538350000000037,73.94904651458164,2.513109239037024,9.0,27.846691
2020-04-12 03:00:00,10.95025000000004,64.89888444307516,1.5570451203844606,28.0,65.38161
2020-04-12 04:00:00,13.496820000000014,55.58776919819571,0.8838970582127225,22.0,188.71982
2020-04-12 05:00:00,15.12026000000003,50.915566785543035,0.879345642760371,15.0,389.7497
2020-04-12 06:00:00,16.378600000000006,48.87447198882695,0.6851072089018057,11.0,525.69507
2020-04-12 07:00:00,18.377700000000004,43.65240820174849,0.5395296946484596,14.0,623.9469
2020-04-12 08:00:00,18.828670000000045,44.137225582857006,0.5941375899641429,14.0,631.3994
2020-04-12 09:00:00,18.69064000000003,48.02640552948885,1.0806929565961878,13.0,569.63666
2020-04-12 10:00:00,17.363920000000007,58.968088205052126,1.41089614719861,20.0,451.5227
2020-04-12 11:00:00,15.626250000000027,72.9404840412132,1.7315131528220822,27.0,133.23108
2020-04-12 12:00:00,13.827660000000037,77.58898339821744,1.843456599123813,29.0,294.56467
2020-04-12 13:00:00,13.01382000000001,80.58372630365355,1.5009613465490308,23.0,122.56171
2020-04-12 14:00:00,12.263760000000048,84.32759763969598,0.8054632823702034,18.0,126.11919
2020-04-12 15:00:00,12.199550000000045,81.65518940460194,0.37553805858645606,26.0,49.293728
2020-04-12 16:00:00,11.443399999999997,81.23451038166193,0.7586953374738622,29.0,32.21668
2020-04-12 17:00:00,9.814999999999998,82.35710816641269,1.2246792587481263,15.0,32.793324
2020-04-12 18:00:00,10.027430000000038,78.20423013277126,1.1679732842492803,19.0,24.393024
2020-04-12 19:00:00,10.967129999999997,74.8945896189537,0.8794515262435688,17.0,19.449936
2020-04-12 20:00:00,10.611300000000028,75.72390760010362,1.034350314320677,14.0,23.342873
2020-04-12 21:00:00,10.39724000000001,74.58936958924491,1.142636108940957,16.0,22.289333
2020-04-12 22:00:00,10.106650000000002,74.57539195102775,1.102562198170315,17.0,26.066547
2020-04-12 23:00:00,9.212120000000027,77.36446729996456,1.0705761284620268,21.0,16.745895
2020-04-13 00:00:00,8.481650000000002,79.00851074363979,1.2341629327635513,17.0,17.639614
2020-04-13 01:00:00,6.379420000000039,84.08828010441849,1.485046787769835,15.0,17.895885
2020-04-13 02:00:00,7.751580000000047,85.49712769196809,1.098487675490246,7.0,29.067657
2020-04-13 03:00:00,8.840400000000045,92.2868206985103,0.7665514492198485,6.0,54.032303
2020-04-13 04:00:00,10.879200000000026,79.11997334965342,0.31597501491293223,9.0,146.27666
2020-04-13 05:00:00,10.524069999999995,83.36045833254305,1.454557534497209,9.0,281.1667
2020-04-13 06:00:00,10.313600000000008,87.56939966698666,1.1374758460518843,11.0,277.04645
2020-04-13 07:00:00,10.691740000000038,87.18463130176661,0.9614125684730014,8.0,246.87735
2020-04-13 08:00:00,10.67610000000002,88.0754747713107,1.11544639203744,12.0,256.26248
2020-04-13 09:00:00,10.022180000000048,94.04980504920184,1.4970302891449727,8.0,245.64558
2020-04-13 10:00:00,9.906820000000039,98.82434462043535,1.355210807028198,13.0,163.0613
2020-04-13 11:00:00,9.570520000000045,99.59018746896659,1.6343694466782062,11.0,147.68633
2020-04-13 12:00:00,9.156180000000006,99.59971383146934,1.3602736611610953,7.0,161.48596
2020-04-13 13:00:00,8.56740000000002,99.54910465378238,0.9800243826704823,5.0,176.89651
2020-04-13 14:00:00,7.943140000000028,99.5971977624287,0.31259714683334533,3.0,126.54203
2020-04-13 15:00:00,7.362500000000011,99.50333405939013,0.42565165891292567,6.0,108.424286
2020-04-13 16:00:00,7.263900000000035,98.02793125344046,0.5453820802345852,7.0,90.5741
2020-04-13 17:00:00,7.360740000000021,94.95310888628912,0.4320463653275895,4.0,70.678764
2020-04-13 18:00:00,7.28884000000005,92.92036322846646,0.24462976330048358,5.0,70.58901
2020-04-13 19:00:00,5.98974000000004,99.36040872022105,0.5950874936578886,3.0,88.07204
2020-04-13 20:00:00,5.293330000000026,99.70129893924239,0.8020947895779921,2.0,99.310776
2020-04-13 21:00:00,5.154629999999997,99.73266474921707,0.8745875292888771,2.0,247.80833
2020-04-13 22:00:00,4.779800000000023,99.1096281908485,1.0054665711749198,13.0,80.509445
2020-04-13 23:00:00,6.369230000000016,89.28602370669613,0.6705506357057993,10.0,29.056793
2020-04-14 00:00:00,6.5665800000000445,85.73215062923343,0.33419553722138257,6.0,22.271317
2020-04-14 01:00:00,6.840050000000019,84.38424842124532,0.6173909680871168,8.0,34.807556
2020-04-14 02:00:00,7.238370000000032,85.8270869947446,0.5182573579616978,18.0,54.347855
2020-04-14 03:00:00,8.486199999999997,80.60700106297121,0.5610889956439977,14.0,123.099594
2020-04-14 04:00:00,9.127280000000042,81.86672818612183,1.2260502702467455,9.0,273.53204
2020-04-14 05:00:00,9.715970000000027,80.24142714966327,1.407872258661236,10.0,484.39502
2020-04-14 06:00:00,9.888100000000009,80.66074288882562,1.6071216564492223,20.0,666.2692
2020-04-14 07:00:00,11.019770000000051,75.79396814372443,1.9611790642657185,24.0,762.5635
2020-04-14 08:00:00,10.518950000000018,79.18045866225046,2.091190701118657,26.0,550.5961
2020-04-14 09:00:00,9.946470000000033,83.3538287825049,2.0672046201974394,19.0,488.03094
2020-04-14 10:00:00,9.203580000000045,87.62535053361188,1.7994039675162998,18.0,374.08002
2020-04-14 11:00:00,8.904020000000003,95.34767111483309,1.4961732994842043,14.0,344.66626
2020-04-14 12:00:00,8.86318,95.19613781821474,1.2092543395110011,8.0,274.75894
2020-04-14 13:00:00,8.62838000000005,95.27560262914028,1.178718448866071,6.0,223.81535
2020-04-14 14:00:00,7.86990000000003,96.13318171192631,1.0175734450690292,12.0,139.49908
2020-04-14 15:00:00,7.303500000000042,95.79781158753045,1.013496965699233,9.0,127.25435
2020-04-14 16:00:00,7.597740000000044,94.41074847100873,0.7094095156030278,10.0,78.22189
2020-04-14 17:00:00,7.080039999999997,95.12186152488339,0.8558058806676386,10.0,113.37372
2020-04-14 18:00:00,6.388640000000009,96.58401202665385,1.09089217211413,9.0,70.74048
2020-04-14 19:00:00,6.109860000000026,96.35435998165553,0.8662824956217012,6.0,79.59662
2020-04-14 20:00:00,5.796230000000037,96.45321870168,0.9674586344618359,1.0,83.516754
2020-04-14 21:00:00,5.6177000000000135,96.57919972539364,0.9222936704538799,0.0,59.499405
2020-04-14 22:00:00,5.221120000000042,97.42423023443286,1.0246772364272567,1.0,61.312714
2020-04-15 00:00:00,4.890700000000038,95.01587159598019,1.128981072648747,0.0,119.62492
2020-04-15 01:00:00,4.058770000000038,98.51101354678627,1.2173505155250264,2.0,128.9415
2020-04-15 02:00:00,4.2999000000000365,98.33155606563317,1.4045354213036272,1.0,160.56877
2020-04-15 03:00:00,4.309100000000001,98.48029234612451,1.5439443210322221,0.0,325.26752
2020-04-15 04:00:00,4.124900000000025,97.22050121619556,1.5360375572608627,4.0,295.10944
2020-04-15 05:00:00,3.8729000000000156,98.4176499252919,1.7274366767465863,10.0,339.54077
2020-04-15 06:00:00,3.872280000000046,98.19285594911726,1.7783406726026287,9.0,246.90295
2020-04-15 07:00:00,3.128500000000031,99.52457029722747,1.3761091276823216,6.0,279.37604
2020-04-15 08:00:00,3.05068,99.18318292291069,1.430014343519638,5.0,218.34085
2020-04-15 09:00:00,2.8401700000000005,97.93469647882605,1.2900097933109345,8.0,184.28242
2020-04-15 10:00:00,2.8033000000000357,96.637117338934,1.2572290216883797,6.0,182.01147
2020-04-15 11:00:00,2.614620000000002,95.62088824980611,1.3540836062047352,10.0,162.37444
2020-04-15 12:00:00,2.5894400000000246,95.91287128588618,1.1643071615683294,12.0,153.08788
2020-04-15 13:00:00,2.523400000000038,97.18052967431244,1.0295586806594867,10.0,129.22511
2020-04-15 14:00:00,2.3354400000000055,98.15606777415817,1.024249603727315,6.0,106.17653
2020-04-15 15:00:00,2.1160200000000486,98.595690839255,0.9675803953776667,10.0,89.5155
2020-04-15 16:00:00,1.9392300000000091,98.65776666226573,0.9527576016844264,14.0,67.65886
2020-04-15 17:00:00,1.6814800000000218,98.8390695527123,0.8479443438039368,13.0,51.327286
2020-04-15 18:00:00,1.5524500000000216,98.6622475605947,0.6632845843466408,9.0,53.50775
2020-04-15 19:00:00,1.9632500000000164,96.41799012150494,0.4880465254215694,3.0,39.103104
2020-04-15 20:00:00,1.8509200000000305,97.31176359317752,0.45961997426612183,1.0,44.890488
2020-04-15 21:00:00,1.6881700000000137,97.15161244234088,0.09551957946931537,20.0,44.05426
2020-04-15 22:00:00,1.8210700000000202,95.5822125577306,0.1456173064618374,35.0,45.793396
2020-04-15 23:00:00,1.857500000000016,93.97585957151007,0.2534730521731618,32.0,37.698685
2020-04-16 00:00:00,2.0181500000000483,91.23430367481764,0.3327024020063781,30.0,36.77092
2020-04-16 01:00:00,2.536519999999996,88.15507712046895,0.2503417457052948,31.0,45.20839
2020-04-16 02:00:00,2.9313300000000027,91.0459426930085,0.4863981037873987,11.0,85.578125
2020-04-16 03:00:00,3.731700000000046,88.16377515144553,0.9039482984196532,10.0,159.87659
2020-04-16 04:00:00,3.9770000000000323,88.91678911679058,1.0223736333262972,7.0,279.43207
2020-04-16 05:00:00,3.202449999999999,91.1583429255645,1.448143526938098,5.0,369.52222
2020-04-16 06:00:00,4.617639999999994,87.49737764021071,1.1947169240690658,7.0,391.11328
2020-04-16 07:00:00,6.120780000000025,83.9801944549722,1.7452211879735589,15.0,428.2309
2020-04-16 08:00:00,5.9879700000000184,86.66185541522465,1.5546699681755223,11.0,434.83597
2020-04-16 09:00:00,6.378870000000006,84.77191586507983,1.4772027015228106,14.0,404.85522
2020-04-16 10:00:00,6.204250000000002,86.97236664934879,1.5377396805643047,17.0,443.14844
2020-04-16 11:00:00,6.206140000000005,88.70209761331641,1.5414363437714362,19.0,321.53406
2020-04-16 12:00:00,5.828700000000026,91.16615918030139,1.0879602334168854,18.0,191.97803
2020-04-16 13:00:00,5.6562000000000126,91.7481815625719,0.4104540653628716,16.0,82.57892
2020-04-16 14:00:00,4.982300000000009,94.3861051642325,0.8995078788142731,23.0,23.389755
2020-04-16 15:00:00,3.82107000000002,93.63531204455238,1.2365598322245486,24.0,27.071854
2020-04-16 16:00:00,3.9027300000000196,89.38988872431659,1.1418522061046235,29.0,22.940155
2020-04-16 17:00:00,3.782980000000009,86.79605454329175,1.2395186512238776,25.0,20.257187
2020-04-16 18:00:00,2.6656000000000404,87.56103296660739,1.5743214352290154,24.0,20.333878
2020-04-16 19:00:00,2.1055500000000507,84.71308424997142,1.7518073514503434,25.0,24.695145
2020-04-16 20:00:00,0.9325200000000109,86.86823990631322,1.9523928236687234,17.0,24.356369
2020-04-16 21:00:00,0.080600000000004,86.7330133845749,2.169598955646998,19.0,29.934326
2020-04-16 22:00:00,-0.40615999999999985,88.21058138981843,2.454149000043335,14.0,34.416275
2020-04-16 23:00:00,-0.25430000000000064,87.60978966048769,2.623640264123321,14.0,25.191559
2020-04-17 00:00:00,-0.10415999999997894,86.25892869003277,2.673664710470608,13.0,23.750153
2020-04-17 01:00:00,0.3714200000000005,87.40508985670598,2.474237219905193,15.0,28.999603
2020-04-17 02:00:00,3.8705000000000496,89.4121416080666,1.4061822286814716,18.0,55.9814
2020-04-17 03:00:00,7.13918000000001,75.42270143862255,0.34709415835222424,22.0,229.16367
2020-04-17 04:00:00,8.127220000000023,74.18321809612164,0.8262317955150595,20.0,367.1171
2020-04-17 05:00:00,8.991750000000025,73.58139158677507,1.3603912516031005,33.0,521.2185
2020-04-17 06:00:00,9.37115,73.4546498079488,1.4147461306152211,23.0,570.2688
2020-04-17 07:00:00,9.536950000000047,79.80241135837613,0.9957121528368168,26.0,635.70996
2020-04-17 08:00:00,9.819540000000018,83.27361700476209,1.9523534200902277,26.0,618.22266
2020-04-17 09:00:00,10.466000000000008,90.80392816855084,1.8184638649905172,24.0,849.8235
2020-04-17 10:00:00,9.680350000000033,87.37311639477217,1.5454727442656633,21.0,685.4203
2020-04-17 11:00:00,9.929200000000037,90.7161722677632,1.493760785344926,30.0,443.60495
2020-04-17 12:00:00,9.336270000000013,86.75732337588978,1.1249267838557258,38.0,272.89786
2020-04-17 13:00:00,8.64790000000005,81.97119455759801,0.7562122143808441,27.0,134.62122
2020-04-17 14:00:00,7.438260000000014,85.73928484469283,0.9649377143628687,6.0,37.16057
2020-04-17 15:00:00,4.096640000000036,89.42307360321446,2.181851396413076,4.0,20.814423
2020-04-18 09:00:00,12.956780000000037,51.05328326159512,1.9783440124449767,7.0,1105.1226
2020-04-18 10:00:00,12.84384,52.87597002259697,1.8427107361764732,6.0,1134.5514
2020-04-18 11:00:00,12.752300000000048,54.84346980951327,1.5157747725507937,10.0,959.6581
2020-04-18 12:00:00,12.404600000000016,56.85023210329828,1.1686055162397446,7.0,476.6913
2020-04-18 13:00:00,11.498559999999998,61.275446049154866,0.2790646985942165,6.0,151.96039
2020-04-18 14:00:00,9.237940000000037,73.33745360429351,1.3883087885833938,14.0,21.341393
2020-04-18 15:00:00,6.125150000000019,77.57465975442493,2.249426796920469,17.0,20.530273
2020-04-18 16:00:00,4.156460000000038,78.51789474941818,2.8295322675889443,21.0,17.778362
2020-04-18 17:00:00,3.181759999999997,78.02767026481024,3.181268614790623,17.0,17.762257
2020-04-18 18:00:00,2.705320000000029,75.32327545229818,3.308226555213819,15.0,19.169691
2020-04-18 19:00:00,2.841820000000041,68.93262112979434,3.3801884462828,15.0,19.704361
2020-04-18 20:00:00,2.6917700000000195,64.69018048384353,3.3024271139941215,13.0,19.902351
2020-04-18 21:00:00,2.5210200000000214,59.61240919234422,3.316497334246022,9.0,20.323502
2020-04-18 22:00:00,2.364370000000008,55.47292446986733,3.277975117094079,7.0,22.170826
2020-04-18 23:00:00,2.1908200000000306,51.83325952278657,3.2575688670874987,7.0,19.447517
2020-04-19 00:00:00,1.9436300000000415,48.697294454684055,3.2823776825203477,6.0,17.731892
2020-04-19 01:00:00,2.4874000000000365,54.99101512093098,3.056539209046566,15.0,18.673523
2020-04-19 02:00:00,6.392300000000034,68.85705705040552,1.7908834484951974,16.0,29.767868
2020-04-19 03:00:00,10.81826000000001,35.530454335805324,0.3153180548672126,4.0,181.61073
2020-04-19 04:00:00,11.45965000000001,37.12028809600626,1.023897772394516,17.0,423.3518
2020-04-19 05:00:00,12.283320000000003,37.3322882537231,1.3093931406877826,11.0,604.3452
2020-04-19 06:00:00,12.730600000000038,41.910984062653874,1.5680653032442549,6.0,786.8225
2020-04-19 07:00:00,13.122340000000008,52.24918860074328,1.8304996485737555,2.0,946.41284
2020-04-19 08:00:00,13.41482000000002,54.69882374242475,1.957550034259278,6.0,1046.4375
2020-04-19 09:00:00,13.569240000000036,56.91123242133138,1.9583307617445427,6.0,1067.4956
2020-04-19 10:00:00,13.369799999999998,59.058370765275924,1.9963277761152476,3.0,963.9405
2020-04-19 11:00:00,13.013180000000034,61.77324211037016,1.8612925650831011,4.0,750.31433
2020-04-19 12:00:00,12.535670000000039,65.93689399201048,1.4859882384414456,6.0,346.7818
2020-04-19 13:00:00,11.702780000000018,69.95118321916277,0.6968770574906668,9.0,136.81802
2020-04-19 14:00:00,10.118300000000033,79.82109823706521,1.1404361691044045,15.0,32.526703
2020-04-19 15:00:00,8.032770000000028,81.27165493478323,1.785234216120501,17.0,23.608845
2020-04-19 16:00:00,6.553120000000035,80.82550151212257,2.0549763543549013,9.0,22.790783
2020-04-19 17:00:00,4.813440000000014,82.59778908277217,2.390479018100551,7.0,23.739746
2020-04-19 18:00:00,3.8589000000000055,83.32204398347132,2.7297258610426027,7.0,23.919619
2020-04-19 19:00:00,3.8566000000000145,77.72464561051012,2.948225295115616,9.0,21.770872
2020-04-19 20:00:00,3.4335000000000377,77.688226045335,3.0055309602861784,5.0,20.011654
2020-04-19 21:00:00,3.2917700000000423,76.82570869432963,3.1210298667363565,7.0,19.230236
2020-04-19 22:00:00,3.317100000000039,75.87575533028239,3.159128679236077,7.0,24.94807
2020-04-19 23:00:00,3.302940000000035,75.35733075664312,3.1732168427114797,6.0,17.385925
2020-04-20 00:00:00,3.2457800000000248,74.84494943596717,3.154863028400049,9.0,17.497566
2020-04-20 01:00:00,3.9604700000000435,75.83259968789949,2.86604239463609,7.0,18.23555
2020-04-20 02:00:00,8.087240000000008,77.62021034753977,1.4864722264645949,4.0,28.60019
2020-04-20 03:00:00,11.77914000000004,55.33267138781743,0.4034955997219369,17.0,222.93335
2020-04-20 04:00:00,12.722740000000044,57.281279557612315,1.0018490600379941,10.0,442.82727
2020-04-20 05:00:00,13.544950000000028,58.82964481912413,1.312981634393423,14.0,618.89197
2020-04-20 06:00:00,14.11474000000004,60.261546434864776,1.5737366430696993,15.0,753.5156
2020-04-20 07:00:00,14.779570000000035,57.97097089178937,1.7395114972443415,9.0,887.4585
2020-04-20 08:00:00,14.90273000000002,58.74051663495865,1.9565046304917724,7.0,962.8054
2020-04-20 09:00:00,14.82510000000002,57.40794951757404,1.9012686329316266,12.0,978.6766
2020-04-20 10:00:00,14.750200000000007,57.201746423851645,1.7130316424663712,13.0,903.0786
2020-04-20 11:00:00,14.883450000000039,57.05594813487862,1.604605783113111,9.0,690.2416
2020-04-20 12:00:00,14.39074000000005,60.68465768086576,1.227792291458309,5.0,311.3869
2020-04-20 13:00:00,13.48660000000001,64.2217507616869,0.19461049203255323,9.0,72.96253
2020-04-20 14:00:00,11.370870000000025,73.80256325440051,1.409129135409038,15.0,26.25836
2020-04-20 15:00:00,8.447780000000023,77.07063388619284,2.3850353931377475,24.0,23.588589
2020-04-20 16:00:00,6.912400000000048,77.21604474219913,2.923881616041925,11.0,22.755943
2020-04-20 17:00:00,6.478780000000029,74.97054128767175,3.1192684579725483,16.0,22.376898
2020-04-20 18:00:00,6.359250000000031,73.78276718274324,3.148269934850451,8.0,21.525177
2020-04-20 19:00:00,6.3354700000000435,73.50058326100864,3.3113084085228093,10.0,21.011524
2020-04-20 20:00:00,6.114950000000022,73.92071011395137,3.2159343797643776,10.0,19.905693
2020-04-20 21:00:00,5.792930000000013,74.87756340401339,3.274422031753512,8.0,19.241957
2020-04-20 22:00:00,5.456800000000044,75.89049704143855,3.319158586982124,9.0,22.586683
2020-04-20 23:00:00,5.286339999999996,76.2946945581344,3.297202155988797,7.0,22.243418
2020-04-21 00:00:00,5.137300000000039,76.76581261361778,3.2628168968691367,5.0,19.977314
2020-04-21 01:00:00,6.319000000000017,78.3503710090669,2.938641457647945,10.0,20.611568
2020-04-21 02:00:00,10.116000000000042,83.16782785851687,1.4950370479762842,13.0,33.645294
2020-04-21 04:00:00,14.623100000000022,59.26366023801031,1.1378664951058977,19.0,468.80298
2020-04-21 05:00:00,15.226650000000006,59.273367270708064,1.3983730746125407,21.0,620.7382
2020-04-21 06:00:00,15.477000000000032,59.462468196799364,1.541504007603694,21.0,783.13965
2020-04-21 07:00:00,15.348400000000026,59.471994914141696,0.6060167950986945,22.0,819.30194
2020-04-21 08:00:00,15.47994,59.280508389874505,1.1245656325465319,15.0,763.74756
2020-04-21 09:00:00,15.736050000000034,58.56267830850441,1.0552554899287623,19.0,879.2881
2020-04-21 10:00:00,15.89330000000001,51.227278444990674,1.6491025740862362,19.0,915.84625
2020-04-21 11:00:00,15.158900000000017,55.71299633149623,1.6214715955497077,15.0,333.53308
2020-04-21 12:00:00,14.297020000000032,61.621403409405445,0.9788185508190218,17.0,100.182495
2020-04-21 13:00:00,13.371360000000038,67.44781534612736,1.5265402377298256,20.0,62.730423
2020-04-21 14:00:00,10.902000000000044,72.81928034262124,2.2841218068590745,29.0,30.341335
2020-04-21 15:00:00,9.58438000000001,72.67399941112446,2.5922714496851462,20.0,24.39532
2020-04-21 16:00:00,8.86035000000004,72.31422829189168,2.739946783104074,12.0,23.099152
2020-04-21 17:00:00,7.860960000000034,73.57508741122477,2.9312288912197086,11.0,21.733307
2020-04-21 18:00:00,7.312700000000007,72.72186686266092,3.0943882387926194,7.0,19.362476
2020-04-21 19:00:00,6.804280000000006,72.28503619098468,3.4192447553698244,6.0,19.071129
2020-04-21 20:00:00,6.599900000000048,72.57373454398972,3.3046520687091645,6.0,19.265522
2020-04-21 21:00:00,6.2571700000000305,73.25877901868591,3.385838714037804,5.0,23.637083
2020-04-21 22:00:00,6.334699999999998,71.76601779867023,3.3344582009315067,2.0,31.051407
2020-04-21 23:00:00,6.436500000000024,69.52837094492624,3.225292594838312,2.0,30.9351
2020-04-22 00:00:00,6.2201200000000085,67.96291430793126,3.1842525065885714,4.0,27.690895
2020-04-22 01:00:00,7.097740000000044,71.24244109725014,2.899350782865937,3.0,26.850723
2020-04-22 02:00:00,10.720300000000009,79.622576488069,1.6173827060258867,4.0,32.809433
2020-04-22 03:00:00,14.506430000000023,51.299410395204944,0.1985218535041956,9.0,294.56335
2020-04-22 04:00:00,15.324240000000032,50.47828986496209,0.8995875483844166,10.0,534.0025
2020-04-22 05:00:00,16.028440000000046,49.88133419639763,1.2849129507798613,9.0,828.2667
2020-04-22 06:00:00,16.44833,48.56948780716009,1.4786330146039381,9.0,1072.9816
2020-04-22 07:00:00,15.897199999999998,55.433939806302625,0.427876641985928,11.0,1193.9229
2020-04-22 08:00:00,16.243130000000008,54.221395836365446,0.7259805620050678,10.0,932.6901
2020-04-22 09:00:00,16.782100000000014,51.33271230330232,1.2084562411009232,6.0,1007.22705
2020-04-22 10:00:00,16.44998000000004,49.77852576378138,2.076411910290492,6.0,1074.1787
2020-04-22 11:00:00,15.762960000000021,49.42509270442705,1.3223667785861715,4.0,570.745
2020-04-22 12:00:00,15.303250000000048,52.906631598461345,1.1951298217847675,6.0,175.08746
2020-04-22 13:00:00,14.315449999999998,61.085290405242596,1.2750256776108717,9.0,51.351913
2020-04-22 14:00:00,11.897360000000049,65.88620278283253,2.0770184664432603,12.0,23.96634
2020-04-22 15:00:00,9.78018000000003,68.21262794040284,2.569793755695424,13.0,19.718204
2020-04-22 16:00:00,8.445580000000007,68.10589015571838,2.8795243360978913,10.0,19.040554
2020-04-22 17:00:00,7.140160000000037,71.11962676170275,3.2011717976583274,12.0,19.286808
2020-04-22 18:00:00,6.1886499999999955,73.14733602743276,3.3946075000965044,10.0,18.654991
2020-04-22 19:00:00,6.126460000000009,64.16381098310389,3.6201331220099475,6.0,18.121391
2020-04-22 20:00:00,6.043700000000001,62.026993613864946,3.4890835360965746,3.0,18.091347
2020-04-22 21:00:00,5.941500000000019,60.290202489566546,3.5062395892506735,2.0,18.633213
2020-04-22 22:00:00,5.894680000000051,58.85831758380603,3.480648778401223,5.0,23.223598
2020-04-22 23:00:00,5.714200000000005,57.982382176080534,3.5012341344083016,5.0,20.165155
2020-04-23 00:00:00,5.487099999999998,56.968533816548074,3.5775517051039656,4.0,18.32561
2020-04-23 01:00:00,6.501550000000009,62.532257568185315,3.3672165788009836,4.0,21.372828
2020-04-23 02:00:00,10.73702000000003,70.73698595652765,2.2311051718645944,6.0,32.49006
2020-04-23 03:00:00,15.66488000000004,43.1940603890758,0.5692413020040883,9.0,140.38057
2020-04-23 04:00:00,16.99203,34.158617019398044,0.6459126508890831,15.0,537.00214
2020-04-23 05:00:00,17.636250000000018,36.220798352943945,0.9682396639481625,6.0,690.52826
2020-04-23 06:00:00,18.214230000000043,37.88729928626425,1.1775454573444815,10.0,879.3408
2020-04-23 07:00:00,19.12130000000002,40.811794558478354,1.4095552517774348,7.0,1110.2928
2020-04-23 08:00:00,19.15360000000004,39.92984590584353,1.465738430594363,5.0,1127.1638
2020-04-23 09:00:00,19.042050000000017,41.19693277365782,1.4195435292819814,6.0,945.4802
2020-04-23 10:00:00,18.92166000000003,42.598928956279515,1.2908108582622149,5.0,757.8805
2020-04-23 11:00:00,18.763500000000022,44.13306540918665,1.2232260124281367,7.0,605.2448
2020-04-23 12:00:00,18.190480000000036,47.02050308049182,0.9751619134100193,8.0,230.85542
2020-04-23 13:00:00,16.991000000000042,56.9937416244624,1.1906898892736424,10.0,37.68132
2020-04-23 14:00:00,13.280730000000005,63.26354512960997,2.303430030379981,16.0,20.245071
2020-04-23 15:00:00,10.572320000000047,67.190851957115,3.276586136311495,13.0,17.33797
2020-04-23 16:00:00,9.22732000000002,67.20879014128312,3.628500712387451,16.0,17.320904
2020-04-23 17:00:00,8.430380000000014,67.37060500415178,3.786333157972379,13.0,18.278969
2020-04-23 18:00:00,8.108730000000037,67.13114903871052,3.926382441170036,10.0,19.023584
2020-04-23 19:00:00,8.077300000000037,66.0452339130509,3.9921172276119647,6.0,19.896603
2020-04-23 20:00:00,8.144560000000013,64.99560926300848,3.8399202787532585,5.0,20.130806
2020-04-23 21:00:00,7.936239999999998,64.80812120132775,3.8467335500086612,3.0,19.515102
2020-04-23 22:00:00,7.7606400000000235,64.01552642132593,3.8527184808727717,1.0,20.218475
2020-04-23 23:00:00,7.580600000000004,62.65804989693251,3.8810780810945005,1.0,17.466724
2020-04-24 00:00:00,7.450160000000039,60.460719088774596,3.915234923557391,1.0,18.353184
2020-04-24 01:00:00,8.440060000000017,63.97484614980791,3.638021442082486,12.0,20.95108
2020-04-24 02:00:00,12.32310000000001,70.79734566593663,2.5534769437312743,9.0,31.519745
2020-04-24 03:00:00,17.348960000000034,54.73325388870157,1.1426850099874517,18.0,125.50264
2020-04-24 04:00:00,19.41470000000004,35.44978941151734,0.32346335666894604,16.0,312.02393
2020-04-24 05:00:00,20.305440000000033,34.587722355762786,0.2466691287987901,11.0,528.58417
2020-04-24 06:00:00,20.96795000000003,36.00771963175415,0.41202715165223175,14.0,721.8178
2020-04-24 07:00:00,21.60510000000005,38.57396702001232,0.9327306027528715,7.0,880.86017
2020-04-24 08:00:00,21.82230000000004,40.81294223931475,1.1838319812915568,4.0,975.38257
2020-04-24 09:00:00,21.84295000000003,41.128931666498076,1.4351014612945316,13.0,955.882
2020-04-24 10:00:00,21.395200000000045,45.067223120955035,1.26351950652015,7.0,1089.2096
2020-04-25 18:00:00,11.046600000000012,83.53218309175531,1.2132081965147008,13.0,33.778507
2020-04-25 19:00:00,8.330900000000042,88.61127650496876,2.071572126665422,13.0,36.78257
2020-04-25 20:00:00,7.832360000000051,88.24218182773704,1.9766887258755645,8.0,41.644688
2020-04-25 21:00:00,7.039700000000039,89.53812733358393,2.1058208594531234,8.0,39.912464
2020-04-25 22:00:00,6.56973000000005,89.99997490839199,2.2017934599115,9.0,28.352402
2020-04-25 23:00:00,6.024560000000008,90.37400374409985,2.2615121669472558,8.0,22.324413
2020-04-26 00:00:00,6.127800000000036,87.23840008961697,2.434393720647477,5.0,19.063486
2020-04-26 01:00:00,7.005240000000015,88.08295760889665,2.213893955535757,6.0,19.367256
2020-04-26 02:00:00,11.39670000000001,86.8137249088188,1.1683556791879246,8.0,80.42609
2020-04-26 03:00:00,14.264859999999999,67.04086871585454,0.40667523263678734,11.0,135.2716
2020-04-26 04:00:00,15.01090000000005,68.09522082894365,0.6802376234026173,11.0,384.08075
2020-04-26 05:00:00,15.930720000000008,68.64334230329287,1.3640665853204976,36.0,560.801
2020-04-26 06:00:00,16.013329999999996,72.6304986210437,1.7931763559107396,25.0,680.15466
2020-04-26 07:00:00,16.797500000000014,73.22207035878318,1.2868572051483336,16.0,608.2811
2020-04-26 08:00:00,17.02170000000001,72.7650893870075,1.2229358757174638,15.0,730.61755
2020-04-26 09:00:00,16.37106,75.85582582620047,1.12392965185927,16.0,581.0124
2020-04-26 10:00:00,16.830960000000005,73.56972042348876,1.2427037116485504,21.0,536.17694
2020-04-26 11:00:00,16.737540000000024,73.23478932963468,1.1819411007970129,22.0,533.928
2020-04-26 12:00:00,15.829600000000028,76.31329054036885,1.2134696064556871,11.0,178.73221
2020-04-26 13:00:00,15.00997000000001,81.7459545358343,1.4944266608707233,16.0,54.67816
2020-04-26 14:00:00,12.72723000000002,82.58539951162186,2.461537263139993,36.0,20.786478
2020-04-26 15:00:00,10.866720000000043,82.17460497595508,3.0619081357957967,40.0,19.023706
2020-04-26 16:00:00,9.676170000000013,80.93898350566037,3.438974633214192,34.0,17.51548
2020-04-26 17:00:00,9.00332000000003,79.18126156603498,3.6790996827627547,24.0,17.546154
2020-04-26 20:00:00,8.880460000000028,73.74832883717141,3.552530388466234,15.0,18.68974
2020-04-26 21:00:00,8.386870000000044,74.60262567407133,3.7196144613997513,8.0,20.374489
2020-04-26 22:00:00,8.032129999999995,74.89904565931522,3.993218354188372,7.0,20.392374
2020-04-27 00:00:00,8.63644000000005,66.19654904144987,3.7850345359414517,4.0,19.488499
2020-04-27 01:00:00,10.100240000000042,69.96486460114474,3.287390607369774,10.0,18.658388
2020-04-27 04:00:00,19.572320000000047,46.999224506116576,0.6881405269000866,17.0,339.59576
2020-04-27 05:00:00,20.921600000000012,44.91716187940699,0.7138390258801403,21.0,541.56006
2020-04-27 06:00:00,21.819600000000037,45.00478481960601,1.0583579480185297,19.0,712.017
2020-04-27 07:00:00,22.51547000000005,45.64289682437761,1.1090125709526335,22.0,798.27496
2020-04-27 08:00:00,22.814360000000022,46.6795098244079,1.472788271045981,21.0,861.7167
2020-04-27 09:00:00,22.716700000000003,48.560488285934646,1.6183283028707895,15.0,872.7092
2020-04-27 10:00:00,22.433370000000025,50.41886277964937,1.534511518576457,19.0,798.3917
2020-04-27 11:00:00,21.88864000000001,52.673245524514854,1.2821595033977564,13.0,597.20306
2020-04-27 12:00:00,21.30782000000005,55.506633786396826,1.0187471814273408,15.0,253.8915
2020-04-27 13:00:00,19.934050000000013,65.2668210147707,1.5968924939434745,23.0,100.19268
2020-04-27 14:00:00,16.95070000000004,65.51272970927518,2.649223460135262,32.0,25.51174
2020-04-27 15:00:00,14.808440000000019,61.470978300852515,3.3992233283915256,31.0,20.242832
2020-04-27 16:00:00,13.26818000000003,58.3481758550027,3.815377515599054,23.0,18.377995
2020-04-27 17:00:00,12.377650000000017,55.28253698297532,4.013461798860451,13.0,18.678463
2020-04-27 18:00:00,12.04946000000001,52.19303331760702,4.091962985808792,16.0,19.215958
2020-04-27 19:00:00,11.732400000000041,56.92055512613468,4.243886350683303,14.0,19.45872
2020-04-27 20:00:00,11.71356000000003,55.156316223052194,4.06914983743529,13.0,19.677135
2020-04-27 21:00:00,11.538229999999999,54.19348402220748,4.113871650916402,14.0,19.54186
2020-04-27 22:00:00,11.487880000000018,52.26509359895237,4.089171418629467,12.0,19.122242
2020-04-27 23:00:00,11.49630000000002,49.98599304373544,4.037103802699095,11.0,18.60552
2020-04-28 00:00:00,11.50045,48.42949155588766,3.9839388146448997,13.0,18.970123
2020-04-28 01:00:00,12.622340000000008,58.477029572895695,3.6413023866294996,19.0,20.747257
2020-04-28 02:00:00,16.029570000000035,70.62113542768421,2.515060793866944,20.0,25.654377
2020-04-28 03:00:00,20.585440000000006,55.859941647024186,1.0534077827572867,19.0,68.2865
2020-04-28 04:00:00,22.310270000000003,38.70373390044045,0.31712319954219126,26.0,241.00226
2020-04-28 05:00:00,22.886400000000037,40.9616837375463,0.8591556864051565,22.0,443.02573
2020-04-28 06:00:00,23.261320000000012,43.83266639804298,1.281628726378997,30.0,690.59503
2020-04-28 07:00:00,23.434780000000046,39.446338361101866,2.291217342396212,18.0,1509.3213
2020-04-28 08:00:00,22.8356,41.36530618605263,2.8355588133391976,18.0,1232.5862
2020-04-28 09:00:00,22.06985000000003,43.48846614745179,2.224689328265948,21.0,1123.6089
2020-04-28 10:00:00,21.95046000000002,44.765195845899406,1.4976720706664517,14.0,1535.6147
2020-04-28 11:00:00,21.295830000000024,48.35739142382626,1.0188671157671372,16.0,244.66179
2020-04-28 12:00:00,20.095180000000028,54.88048933327145,0.4191401151804606,21.0,80.91176
2020-04-28 13:00:00,18.520470000000046,64.95624420120026,1.4091898750514045,21.0,27.640379
2020-04-28 14:00:00,16.39282000000003,66.37673662741749,2.309541378200659,21.0,18.605938
2020-04-28 15:00:00,14.453180000000032,68.10947325525575,2.7080922972753885,19.0,19.589092
2020-04-28 16:00:00,13.134730000000047,69.67022456359054,2.8809828546988356,21.0,40.11926
2020-04-28 17:00:00,13.134299999999996,67.72094511188561,2.430253613292857,17.0,51.489807
2020-04-28 18:00:00,13.096770000000049,69.9744748968008,1.549558855756573,16.0,53.027695
2020-04-28 19:00:00,14.688130000000001,65.41583521804134,0.6223314795099008,14.0,156.90279
2020-04-28 21:00:00,12.73293000000001,85.01481815353166,0.33085255213708875,8.0,287.83105
2020-04-28 22:00:00,11.169700000000034,95.66122468050952,0.882822550001,6.0,281.69873
2020-04-28 23:00:00,10.730740000000026,97.89730181176691,0.9005917791396332,4.0,328.8676
2020-04-29 00:00:00,10.983600000000024,93.25356946134657,0.29524254028222696,2.0,262.94577
2020-04-29 01:00:00,10.043360000000007,94.53870879348503,0.3983839429832008,3.0,185.83507
2020-04-29 02:00:00,10.549950000000024,95.88342964711123,0.6314165370486703,2.0,146.25421
2020-04-29 03:00:00,10.78018000000003,95.85961181117258,0.9173217687957518,5.0,205.07716
2020-04-29 04:00:00,10.961850000000027,90.73735260575683,1.0587821081451474,6.0,217.31161
2020-04-29 05:00:00,11.592980000000011,92.59597306823059,1.1370755177343634,4.0,240.46953
2020-04-29 06:00:00,11.447660000000042,90.80498973174241,0.6736631146498512,2.0,330.04376
2020-04-29 07:00:00,14.434660000000008,74.5985513071067,1.3680746279030882,4.0,575.07556
2020-04-29 08:00:00,14.93282000000005,76.68616605431478,1.7188794529601157,4.0,666.47766
2020-04-29 09:00:00,15.257400000000018,80.2706594600278,1.9908700041732892,10.0,694.23413
2020-04-29 17:00:00,8.82710000000003,91.17086249971206,2.0133025219663585,9.0,31.605972
2020-04-29 18:00:00,8.502280000000042,90.53249545658053,2.250898910163671,8.0,19.560013
2020-04-29 19:00:00,8.113060000000019,86.9785941980124,2.2464512528785394,8.0,15.153751
2020-04-29 20:00:00,7.640219999999999,87.63488779677617,2.237402843161752,4.0,17.141808
2020-04-29 21:00:00,7.423240000000021,87.76761954107229,2.1199631051650676,4.0,22.77123
2020-04-29 22:00:00,7.450770000000034,87.65832918187226,2.135076200765777,5.0,48.94073
2020-04-30 00:00:00,7.962670000000003,88.60958634321744,1.805748212291686,10.0,40.35901
2020-04-30 01:00:00,8.820950000000039,89.17062916653472,1.1932771979070405,13.0,233.52077
2020-04-30 02:00:00,9.016080000000045,95.84872202211831,1.826365376115859,9.0,386.38052
2020-04-30 03:00:00,8.903340000000014,98.11324946412688,2.324773035938567,6.0,545.15186
2020-04-30 04:00:00,7.713530000000048,97.27646534190116,2.0387201036190943,4.0,493.48627
2020-04-30 05:00:00,8.167349999999999,94.3511420343167,1.4102275303602216,2.0,470.79004
2020-04-30 06:00:00,8.987330000000043,89.12432290247153,1.730067688302929,2.0,579.95276
2020-04-30 07:00:00,9.217370000000017,92.26823510950786,2.0448364510442847,2.0,554.4651
2020-04-30 08:00:00,9.508100000000013,90.56529070217329,2.4104856377526915,4.0,589.37573
2020-04-30 09:00:00,9.643640000000005,83.54388558016011,2.263829781501388,1.0,563.57007
2020-04-30 11:00:00,9.947660000000042,85.63609752002384,1.24447039292707,1.0,673.0539
2020-04-30 12:00:00,10.23556000000002,80.06779778490075,1.4267010284639736,1.0,411.65924
2020-04-30 13:00:00,9.79296000000005,82.46157966335696,0.9713714916908065,1.0,244.36555
2020-04-30 14:00:00,8.893520000000024,87.09281858264923,1.065800374715364,0.0,133.2605
2020-04-30 15:00:00,7.877400000000023,86.36987475114921,1.3130799897490297,2.0,47.16191
2020-04-30 16:00:00,6.955960000000005,85.42753217088097,1.5934881635084632,1.0,35.956238
2020-04-30 18:00:00,5.101830000000007,84.79874229492513,2.1352404216752476,1.0,21.235363
2020-04-30 19:00:00,8.111660000000029,70.93222715154525,1.386115293619553,2.0,23.878502
2020-04-30 20:00:00,7.410670000000039,70.96210457908441,1.493289436795496,2.0,24.305676
2020-04-30 21:00:00,6.349019999999996,72.95645537899522,1.6892036664198191,2.0,28.287985
2020-04-30 22:00:00,4.537930000000017,78.20953279544312,2.064750260223692,2.0,32.512962
2020-05-01 00:00:00,3.2387300000000323,81.81257809170835,2.4550198838937844,0.0,18.75571
2020-05-01 01:00:00,4.376430000000028,84.10861506023167,2.2751623629638784,1.0,20.620209
2020-05-01 03:00:00,11.409019999999998,64.42645304370424,1.2200962881637054,0.0,372.9295
2020-05-01 04:00:00,12.39047000000005,64.8696096698386,1.7070431221343794,5.0,603.22034
2020-05-01 05:00:00,13.146800000000042,65.46787184893671,1.9232043773413632,4.0,786.3039
2020-05-01 06:00:00,13.927900000000022,62.11319792515077,1.9613490503215714,2.0,905.691
2020-05-01 07:00:00,14.28982000000002,62.87303936393682,2.2385078368597515,8.0,988.0896
2020-05-01 08:00:00,14.707850000000008,62.555120407130836,2.1563643688607845,6.0,1034.5345
2020-05-01 09:00:00,14.576700000000017,63.541136603291676,2.145021452726278,4.0,945.68555
2020-05-01 10:00:00,14.619349999999997,63.23686436979528,1.9936237879940364,4.0,1089.4493
2020-05-01 11:00:00,14.545470000000023,63.223501747469186,1.8891508145856466,1.0,826.71375
2020-05-01 12:00:00,13.947080000000028,65.90464970517722,1.403564955788089,1.0,512.2919
2020-05-01 13:00:00,13.127200000000016,69.56750355997107,0.675368781733543,4.0,165.48166
2020-05-01 14:00:00,11.380520000000047,78.46761759964433,1.2815475309836346,10.0,40.501686
2020-05-01 15:00:00,8.858850000000018,82.72729574749069,1.8588026505007196,11.0,18.743729
2020-05-01 16:00:00,7.709920000000011,82.37175176441274,2.032984399022029,10.0,14.726427
2020-05-01 17:00:00,6.619780000000048,82.73591468777069,2.2777748977809114,21.0,18.851566
2020-05-01 18:00:00,6.159330000000011,81.5268342577908,2.4552135390201197,8.0,20.807106
2020-05-01 19:00:00,5.864700000000028,79.86876887704086,2.596231914745239,6.0,22.149445
2020-05-01 20:00:00,5.66885000000002,78.98043175555675,2.4155298389705724,6.0,21.488075
2020-05-01 21:00:00,5.483879999999999,77.84831582076673,2.4531926936336736,5.0,22.14028
2020-05-01 22:00:00,5.4874000000000365,76.07806656086693,2.413383189364184,6.0,27.235592
2020-05-01 23:00:00,5.3819200000000365,74.50466411050033,2.45600061558047,6.0,25.878002
2020-05-02 00:00:00,5.3332000000000335,72.98729153768954,2.5506427588165685,6.0,24.392174
2020-05-02 01:00:00,6.348230000000001,76.06957243691295,2.2577125254898247,4.0,26.201397
2020-05-02 02:00:00,9.787680000000023,77.80237194677676,1.2821759696457566,6.0,48.20156
2020-05-02 03:00:00,12.61020000000002,55.71384765082017,0.6924705569095069,11.0,121.40445
2020-05-02 04:00:00,13.344500000000039,56.22365376758627,1.2536039240395438,19.0,323.73822
2020-05-02 05:00:00,13.398800000000051,60.48203258643793,1.107315105718248,14.0,413.9118
2020-05-02 06:00:00,13.588999999999999,63.35613025214281,0.9950082560753518,10.0,410.7599
2020-05-02 07:00:00,14.009200000000021,67.76827312968037,0.8446547683241822,16.0,516.89185
2020-05-02 08:00:00,14.158170000000041,71.4682513123299,0.9587779620224596,11.0,494.3376
2020-05-02 09:00:00,14.268330000000049,73.36340807803236,1.2316937850822671,8.0,617.72363
2020-05-02 10:00:00,14.079060000000027,77.06195229659826,0.7688020985692922,10.0,543.0344
2020-05-02 11:00:00,14.16787000000005,78.65308850488577,1.0198303616038833,23.0,485.2948
2020-05-02 12:00:00,13.297570000000007,79.61632428777732,1.1308550029717603,20.0,221.02504
2020-05-02 13:00:00,13.033839999999998,81.10230538899695,0.8291415500862684,17.0,114.55133
2020-05-02 14:00:00,12.10897,82.01487799147206,1.5341813135825366,17.0,60.40985
2020-05-02 15:00:00,10.436800000000005,82.66250076242237,2.4108504385936183,21.0,33.717125
2020-05-02 16:00:00,9.145170000000007,82.07510818758185,2.7261587893144306,14.0,20.8866
2020-05-02 17:00:00,8.488699999999994,80.4021248626832,2.727886754523076,9.0,17.232899
2020-05-02 18:00:00,7.757530000000031,80.9463365197736,2.9482693859910514,6.0,20.968014
2020-05-02 19:00:00,8.1567,75.40523677107329,2.9440237553943382,5.0,22.17367
2020-05-02 20:00:00,7.96768000000003,74.31322215733617,2.877333758213539,2.0,22.02924
2020-05-02 21:00:00,6.99624,76.95413286368431,3.069036555344094,4.0,24.085535
2020-05-02 22:00:00,6.448400000000049,78.49041321465089,3.322536262922167,4.0,29.625069
2020-05-02 23:00:00,4.564480000000003,87.54636309271918,3.3524427525477907,2.0,19.272987
2020-05-03 00:00:00,6.5696700000000305,77.54488176677823,3.1929132126623987,2.0,21.605106
2020-05-03 02:00:00,11.917570000000012,81.30111952551333,1.1375931955451226,7.0,36.376694
2020-05-03 03:00:00,14.680300000000045,60.26533962475622,0.40614041879335344,6.0,155.25009
2020-05-03 04:00:00,15.330219999999997,63.814985579481586,1.1573220570905594,10.0,466.07306
2020-05-03 05:00:00,15.838000000000022,64.02620118176705,1.4345160177337484,7.0,651.05927
2020-05-03 06:00:00,16.238950000000045,66.88347725933306,1.5883468711801556,10.0,700.21246
2020-05-03 07:00:00,16.11280000000005,70.4773583758965,0.7188511319244318,11.0,569.5779
2020-05-03 08:00:00,16.189260000000047,72.33418705814813,1.396960156969858,12.0,767.6687
2020-05-03 09:00:00,15.482079999999996,77.86833182711852,1.0324676035225908,12.0,576.8535
2020-05-03 10:00:00,14.144300000000044,82.16723195751759,1.31273640872713,13.0,337.7693
2020-05-03 19:00:00,8.888570000000016,91.48960604450201,1.8464741188133371,1.0,351.2617
2020-05-03 21:00:00,8.357630000000029,89.31052678721315,1.5699110021677671,2.0,146.59415
2020-05-03 22:00:00,7.961200000000019,88.81442857012225,1.6595472390824797,1.0,84.188995
2020-05-04 00:00:00,7.1159000000000106,80.79789262126998,2.0448475549474043,1.0,27.704113
2020-05-04 01:00:00,7.706260000000043,85.47144373032557,1.9533753930272575,2.0,25.042542
2020-05-04 02:00:00,11.59313000000003,69.54056554043606,0.5095826269979329,3.0,156.8609
2020-05-04 03:00:00,13.198419999999999,55.49597825866436,0.8657787823703826,4.0,510.23956
2020-05-04 04:00:00,13.948450000000037,55.62935791294829,1.0670139421552869,6.0,763.1759
2020-05-04 05:00:00,14.699950000000001,55.20982219185908,1.1792719028124818,3.0,940.52997
2020-05-04 06:00:00,15.430470000000014,55.19928476213587,1.2424944381789402,2.0,1067.1433
2020-05-04 07:00:00,15.997280000000046,56.13145508768357,1.3322503512182997,5.0,1172.7322
2020-05-04 08:00:00,16.320520000000045,55.89798187452576,1.4751609491695101,3.0,1195.49
2020-05-04 10:00:00,16.380030000000033,56.66268244983825,1.7103182091238047,4.0,1272.7401
2020-05-04 12:00:00,15.25260000000003,62.21165324412897,1.009760564114385,6.0,543.83734
2020-05-04 13:00:00,14.403900000000021,66.25831642082004,0.29856167451947646,5.0,225.19565
2020-05-04 14:00:00,12.641750000000002,75.67559824043374,1.4462928012992424,4.0,58.410187
2020-05-04 15:00:00,10.693080000000009,79.24311017947312,2.2250811802907324,13.0,25.492786
2020-05-04 16:00:00,9.412500000000023,80.65543971291441,2.7420279849414113,9.0,18.534214
2020-05-04 17:00:00,8.219870000000014,80.44291175156955,3.029604299402138,8.0,19.457027
2020-05-04 18:00:00,7.4547000000000025,75.9705672562761,3.186756160047483,6.0,19.331333
2020-05-04 19:00:00,7.777550000000019,73.21837598579117,3.1772088659359947,5.0,21.299667
2020-05-04 20:00:00,7.690760000000012,69.83345477536307,2.9182418206365837,9.0,20.03643
2020-05-04 21:00:00,7.81110000000001,66.13054949265221,2.6656877854344163,7.0,23.617004
2020-05-04 22:00:00,7.332400000000007,66.53363928230654,2.4814657020358997,6.0,37.259033
2020-05-04 23:00:00,6.654570000000035,70.11919777813617,2.3112270500298715,9.0,37.347443
2020-05-05 00:00:00,5.7303,76.16272326628487,2.180427083756002,7.0,46.534058
2020-05-05 02:00:00,10.17697000000004,74.5490289997672,1.0254491153961138,11.0,271.05414
2020-05-05 03:00:00,10.940269999999998,77.26405790543863,1.620270137532318,7.0,410.77264
2020-05-05 04:00:00,11.596830000000011,74.96850307482879,1.9925678788566645,8.0,541.56836
2020-05-05 05:00:00,11.903650000000027,73.11701397467311,2.0384646510023763,5.0,648.5654
2020-05-05 06:00:00,12.231700000000046,69.72563609764654,2.131575598433105,3.0,721.9895
2020-05-05 07:00:00,12.227200000000039,69.12389494633351,1.8990920643742841,7.0,836.97
2020-05-05 08:00:00,12.323329999999999,67.51925834045751,1.8336148794339775,9.0,949.16693
2020-05-05 09:00:00,12.362700000000018,65.65278258265486,1.6764086138666452,8.0,973.0857
2020-05-05 10:00:00,12.0351,65.98575291502563,1.6854493242938762,6.0,914.66284
2020-05-05 11:00:00,11.63900000000001,66.40299246545955,1.5697452912117866,6.0,819.5593
2020-05-05 12:00:00,11.227869999999996,64.90183224794093,1.4105489934856994,9.0,575.2108
2020-05-05 13:00:00,10.435020000000009,65.11218947297033,1.0824055038460696,6.0,421.23517
2020-05-05 14:00:00,9.37050000000005,79.16665123312235,0.4280013277279846,6.0,99.70682
2020-05-05 15:00:00,9.360160000000008,65.94281144459973,0.12072929513606026,14.0,59.507126
2020-05-05 16:00:00,8.876980000000003,67.31125094220637,0.23612433891286516,12.0,42.927856
2020-05-05 17:00:00,8.349630000000047,68.40508215882122,0.609392639678635,11.0,22.497665
2020-05-05 18:00:00,7.772420000000011,69.21665410583576,0.8495581246589077,9.0,24.58226
2020-05-05 19:00:00,3.9014000000000237,80.02026922228507,1.6287917917026928,7.0,24.044144
2020-05-05 20:00:00,3.6682400000000257,75.94593028222594,1.62619159914491,9.0,25.608826
2020-05-05 21:00:00,3.2815200000000004,72.87791063922887,1.6859413095639206,8.0,28.328375
2020-05-05 22:00:00,2.9191000000000145,67.77582321429689,1.7393523100027248,9.0,34.036125
2020-05-05 23:00:00,2.1793499999999995,66.14085663135043,1.8568429036231848,10.0,27.461546
2020-05-06 00:00:00,1.6642000000000507,64.73959121784361,1.8907728862475128,7.0,39.983448
2020-05-06 01:00:00,3.155330000000049,66.27643278965883,1.4971491833149126,6.0,58.301422
2020-05-06 02:00:00,6.762400000000014,56.5515858548501,0.29006823446062224,4.0,153.08699
2020-05-06 03:00:00,8.528040000000033,42.202243514925975,0.7253932422581346,4.0,316.2246
2020-05-06 04:00:00,9.243740000000003,45.29076533575306,1.010638756959987,2.0,452.59854
2020-05-06 05:00:00,10.26950000000005,48.28501346004763,1.3968080289850178,3.0,595.45337
2020-05-06 06:00:00,10.95455000000004,51.28202064937608,1.7839182197438186,10.0,732.85455
2020-05-06 07:00:00,11.629819999999995,53.63076243832052,1.8410526976142179,7.0,818.81006
2020-05-06 08:00:00,12.052670000000035,54.50918319219504,1.9718234153418086,6.0,860.07495
2020-05-06 09:00:00,12.24212,54.84216204006897,1.9095237099647238,4.0,873.4724
2020-05-06 10:00:00,12.125050000000044,55.214418125990754,1.8817497427483938,2.0,787.8404
2020-05-06 11:00:00,11.787200000000041,55.32644797487213,1.6505500827854762,3.0,640.4083
2020-05-06 12:00:00,11.20168000000001,56.536930448635495,1.2738591113200048,4.0,434.386
2020-05-06 13:00:00,10.280480000000011,59.965479008990556,0.6159525320654806,3.0,153.23622
2020-05-06 14:00:00,8.603049999999996,74.71863311103739,0.7739987907389749,11.0,36.23044
2020-05-06 15:00:00,6.058220000000006,74.94691978449355,1.4774250241160836,15.0,23.456043
2020-05-06 16:00:00,3.8288800000000265,79.23012346000307,2.042088641011139,13.0,20.776741
2020-05-06 17:00:00,2.6612800000000334,79.24518325750562,2.541652544813443,11.0,22.585808
2020-05-06 19:00:00,1.9919700000000375,70.97679976423329,3.111733506598457,9.0,21.332077
2020-05-06 20:00:00,1.915200000000027,68.85467304766301,3.0314533896107076,10.0,20.86388
2020-05-06 21:00:00,1.8408400000000142,67.20864977680449,3.0787400830180727,9.0,20.873306
2020-05-06 22:00:00,1.9335000000000377,65.45684355446868,3.215146500918408,6.0,23.037075
2020-05-06 23:00:00,2.172020000000032,63.146446204657245,3.340545185188473,5.0,20.306648
2020-05-07 00:00:00,2.520530000000008,60.859677280550336,3.4810338201522733,4.0,20.36614
2020-05-08 01:00:00,8.68234000000001,76.75815476934129,3.4136689958589557,4.0,27.695343
2020-05-08 02:00:00,12.810600000000022,81.83386437895514,2.045046947632414,9.0,55.041
2020-05-08 03:00:00,16.631200000000035,43.4867081467212,0.5437016163778612,7.0,108.27879
2020-05-08 04:00:00,17.739700000000028,39.32493866580971,0.5249417310136195,7.0,852.21655
2020-05-08 05:00:00,18.54170000000005,40.96761848172308,0.9112326457607675,7.0,920.0955
2020-05-08 06:00:00,19.103570000000047,42.57574640867819,1.083989780530764,6.0,1219.2268
2020-05-08 07:00:00,19.768500000000017,37.93132007176434,1.1461308123123095,4.0,1318.6914
2020-05-08 08:00:00,19.83200000000005,39.55826429542286,0.917900409245841,3.0,1136.1749
2020-05-08 09:00:00,19.68667000000005,41.54027825138088,0.9582635025661952,6.0,1196.2762
2020-05-08 10:00:00,19.247460000000046,44.284122170057564,0.9128022922821273,8.0,1323.2383
2020-05-08 11:00:00,19.014430000000004,45.88503732291264,0.6041713705323835,8.0,884.5376
2020-05-08 12:00:00,18.512350000000026,50.31472016799383,0.4450140193700295,6.0,323.5628
2020-05-08 13:00:00,17.417380000000037,63.09946908504932,1.1092501565136013,10.0,32.536392
2020-05-08 14:00:00,14.755150000000015,67.45264069141761,2.074492544275889,18.0,20.439434
2020-05-08 15:00:00,13.018150000000048,67.34345703024867,2.6527824414572416,16.0,20.93334
2020-05-08 16:00:00,12.023600000000044,66.38397868900304,2.9086047367028494,13.0,18.971733
2020-05-08 18:00:00,10.966670000000022,66.18372905141172,2.810490633740986,10.0,19.105953
2020-05-08 19:00:00,10.622580000000028,61.36324241549197,3.228381458210817,11.0,19.289684
2020-05-08 20:00:00,10.513329999999996,60.919260450716806,3.09055350155637,9.0,18.43702
2020-05-08 21:00:00,9.474630000000047,62.1582040247187,3.285998654134752,14.0,17.901718
2020-05-08 22:00:00,9.183250000000044,61.601645025322824,3.2620299574529046,8.0,26.744335
2020-05-08 23:00:00,8.905880000000025,60.761573383763135,3.1181518666947894,12.0,23.306717
2020-05-09 00:00:00,8.745630000000006,59.849453547694345,3.007255995424595,12.0,19.86906
2020-05-09 01:00:00,9.918630000000007,69.3267182811897,2.4496731925326856,9.0,28.368977
2020-05-09 02:00:00,12.901700000000005,77.29228576771095,1.2029056400399243,5.0,97.64862
2020-05-09 03:00:00,15.860000000000014,54.59230901543079,0.8128347186419854,4.0,542.47284
2020-05-09 04:00:00,16.098100000000045,59.56182178536873,1.3924139911364328,5.0,693.68274
2020-05-09 05:00:00,16.20422000000002,59.90270299710663,1.4380560559633342,6.0,624.4889
2020-05-09 06:00:00,16.105200000000025,63.02407194594325,1.1768250564310796,6.0,468.03873
2020-05-09 07:00:00,15.956230000000005,68.65999816194345,0.6272933528471302,8.0,727.4493
2020-05-09 08:00:00,15.514200000000017,69.46117688474257,0.9139835360945431,5.0,635.2099
2020-05-09 09:00:00,15.604430000000036,71.40846893739139,0.8100272500274065,6.0,626.1984
2020-05-09 10:00:00,15.554960000000051,71.93393876233905,0.5997768911012431,6.0,634.15906
2020-05-09 11:00:00,14.83865000000003,76.52687592402735,0.09140883528138076,5.0,562.89154
2020-05-09 12:00:00,14.545500000000004,80.7463252887721,0.336568431257712,5.0,407.90277
2020-05-09 13:00:00,13.533230000000003,79.58504538705088,0.47187578251739093,6.0,181.21112
2020-05-09 14:00:00,12.072500000000048,93.4520111279671,1.1921765498986725,9.0,117.882324
2020-05-09 15:00:00,10.899440000000027,93.99290083973608,1.6194589934636303,4.0,102.252396
2020-05-09 16:00:00,10.16375000000005,95.17692951081878,1.5305455836452473,11.0,85.66576
2020-05-09 17:00:00,9.731899999999996,95.98703605948101,1.4757103862275156,7.0,77.52243
2020-05-09 18:00:00,9.484860000000026,95.93774730070986,1.649891419430938,5.0,51.77144
2020-05-09 19:00:00,8.800000000000011,94.18546691794651,2.0047568472032165,3.0,35.19513
2020-05-09 20:00:00,8.799680000000023,93.55605641976793,1.8457595705717713,0.0,24.963104
2020-05-09 21:00:00,8.31660000000005,92.39390318704356,1.9305075881351543,2.0,20.629524
2020-05-09 22:00:00,7.659450000000049,89.35413908963038,1.777869279966326,3.0,55.531883
2020-05-09 23:00:00,7.347070000000031,88.60515296321282,1.7333150989595227,2.0,50.635174
2020-05-10 00:00:00,7.05776000000003,87.23580973868684,1.9329141840501942,3.0,39.733913
2020-05-10 01:00:00,8.401760000000024,86.63971376242468,1.5273336047911774,2.0,58.41926
2020-05-10 02:00:00,11.382870000000025,83.91442987952954,0.20373869190444785,4.0,180.20985
2020-05-10 03:00:00,12.752900000000011,72.27382281611665,0.6042549555581092,13.0,241.88115
2020-05-10 04:00:00,13.418420000000026,74.29671011414422,1.2140077029697505,8.0,475.60962
2020-05-10 05:00:00,13.53830000000005,70.84110037109315,1.0512173027247649,6.0,606.5561
2020-05-10 06:00:00,13.510500000000036,76.09456399466563,1.1557467609315342,14.0,773.1441
2020-05-10 07:00:00,13.95437000000004,91.60806415669242,1.1369665802656514,9.0,689.67395
2020-05-10 08:00:00,14.84408000000002,90.88720459426511,1.4054864031695407,9.0,871.3794
2020-05-10 09:00:00,14.68276000000003,92.18977585068019,1.2980230153629129,8.0,878.3312
2020-05-10 10:00:00,14.770399999999995,91.26579264439256,1.0856833141879185,6.0,366.87585
2020-05-10 11:00:00,13.96795000000003,89.64898635044737,0.9482948988247748,8.0,497.91882
2020-05-10 12:00:00,13.406820000000039,85.62393707126544,0.2039290834075689,12.0,313.11615
2020-05-10 13:00:00,12.931540000000041,85.23819871511634,0.15741976469866287,14.0,97.452286
2020-05-10 14:00:00,11.846670000000017,86.86455978234379,1.2376426392191693,18.0,104.20842
2020-05-10 15:00:00,9.697720000000004,91.65479672311116,1.7283778864729067,9.0,58.946884
2020-05-10 16:00:00,8.15360000000004,91.10361256793189,2.2962599223159668,5.0,26.074692
2020-05-10 17:00:00,7.53134,90.05912096928215,2.537050104312526,1.0,18.550562
2020-05-10 18:00:00,6.997160000000008,89.89643094260136,2.764818128061347,2.0,18.762901
2020-05-10 19:00:00,6.936550000000011,90.71998074774676,2.5773890097650165,1.0,25.683102
2020-05-10 20:00:00,6.021200000000022,91.60394959829114,2.6137377557782955,1.0,25.383358
2020-05-10 21:00:00,5.393979999999999,91.60112524887819,2.7555523394805985,1.0,26.125599
2020-05-10 22:00:00,5.036400000000015,90.77008643671275,2.894230365039385,0.0,47.57318
2020-05-10 23:00:00,4.875699999999995,89.73548184481768,2.9829522310450582,1.0,35.483887
2020-05-11 00:00:00,6.418000000000006,81.06183273646755,3.106441481525928,1.0,26.74443
2020-05-11 01:00:00,8.270560000000046,85.83074611652391,2.656958683390391,3.0,36.757706
2020-05-11 02:00:00,11.751599999999996,86.01361320866704,1.5201767590483715,5.0,77.400604
2020-05-11 03:00:00,15.000879999999995,57.75385395360154,0.5330688153945441,5.0,305.85498
2020-05-11 04:00:00,16.04806000000002,55.63975729828448,0.397147465897117,3.0,575.90564
2020-05-11 05:00:00,16.82754,55.11198745993583,0.7501170989832054,4.0,829.5482
2020-05-11 06:00:00,17.55844000000002,55.3562194608599,0.7858251569896031,5.0,976.2426
2020-05-11 07:00:00,16.975240000000042,60.87408020911303,0.12304071729728659,9.0,1127.5927
2020-05-11 08:00:00,17.82480000000004,60.20424638138282,0.768848745082124,11.0,1008.39386
2020-05-11 09:00:00,17.85763000000003,61.91664595221629,1.1119234718160826,6.0,1508.1808
2020-05-11 10:00:00,17.63990000000001,63.098210183725435,1.3586333959187782,5.0,931.53784
2020-05-11 11:00:00,17.468600000000038,62.60800760509966,1.4844700920464893,17.0,818.61914
2020-05-11 12:00:00,16.669100000000014,62.73701583298419,1.5772540801609929,17.0,547.5868
2020-05-11 13:00:00,15.819240000000036,67.62892728636625,1.313741004605672,11.0,388.66974
2020-05-11 14:00:00,14.419820000000016,70.51659226985795,1.8531138682380666,15.0,228.8455
2020-05-11 15:00:00,12.61184000000003,71.83503624925649,2.3902191801282466,15.0,32.148376
2020-05-11 16:00:00,11.747830000000022,70.69270831937092,2.653243148147384,18.0,24.76361
2020-05-11 17:00:00,10.972860000000026,69.49171026789128,2.669917167082342,21.0,22.900402
2020-05-11 18:00:00,10.177970000000016,69.78762105143693,2.7573149124795013,14.0,22.239765
2020-05-11 19:00:00,9.073080000000004,70.4010646015715,3.2044603698846332,10.0,23.401398
2020-05-11 20:00:00,8.699240000000032,70.097150769513,3.3067083312750176,14.0,23.641783
2020-05-11 21:00:00,8.734830000000045,68.39553258007689,3.269622939585202,8.0,23.306376
2020-05-11 22:00:00,8.538350000000037,66.49197174427808,3.230731287369595,4.0,30.395693
2020-05-11 23:00:00,8.190330000000017,64.11941153545352,3.217034378633181,3.0,22.385302
2020-05-12 00:00:00,8.072320000000047,62.105600400024336,3.1686092036485047,2.0,20.78383
2020-05-12 01:00:00,9.447020000000009,69.75872717423731,2.6670483581424835,5.0,23.354544
2020-05-12 02:00:00,13.108000000000004,73.76445399233974,1.3470639942336173,7.0,59.360474
2020-05-12 03:00:00,16.596580000000017,40.23823460908144,1.182613962737245,20.0,430.93915
2020-05-12 04:00:00,17.200860000000034,42.473785212446266,1.356002914640938,14.0,717.50653
2020-05-12 05:00:00,17.902600000000007,44.961974839634834,1.4752041434180656,11.0,969.03955
2020-05-12 06:00:00,18.56573000000003,46.51105563954238,1.6504416626929976,7.0,1169.1929
2020-05-12 07:00:00,18.876700000000028,44.53881604241285,2.1807556308342044,12.0,1341.6494
2020-05-12 08:00:00,19.133050000000026,47.097713009030386,2.4322491365208827,9.0,1339.458
2020-05-13 16:00:00,13.048730000000035,81.63206272105327,2.6315240128613953,4.0,25.097614
2020-05-13 17:00:00,12.601500000000044,79.57674484028358,2.6675282586530464,5.0,22.07539
2020-05-13 18:00:00,12.025000000000034,77.78551830421914,2.720568073041586,13.0,26.953384
2020-05-13 20:00:00,11.127340000000004,65.82928970338463,2.855690904474838,5.0,35.489304
2020-05-13 21:00:00,10.841580000000022,66.68304468864186,2.770068042836141,6.0,35.311188
2020-05-14 03:00:00,15.20297000000005,71.05053356940343,0.47892750068603457,9.0,268.78708
2020-05-14 04:00:00,16.0582,70.59219110362159,1.0324108647593055,7.0,454.5985
2020-05-14 05:00:00,16.457899999999995,69.71399176927083,1.0008841121417316,7.0,630.07306
2020-05-14 06:00:00,17.232020000000034,66.73563919072323,1.4066392551224933,10.0,715.6662
2020-05-14 07:00:00,17.253600000000006,71.61406643629661,1.2692758338661143,18.0,740.2041
2020-05-14 08:00:00,17.58438000000001,71.1437812375933,1.4220009017519244,17.0,720.8304
2020-05-14 09:00:00,17.76550000000003,71.37124301579229,1.6362099450232335,15.0,727.0624
2020-05-14 10:00:00,17.33880000000005,74.26156253745667,1.3307818726010932,12.0,537.6581
2020-05-14 11:00:00,16.864340000000027,78.78588698887233,1.0546574528664014,15.0,358.27942
2020-05-14 12:00:00,15.655480000000011,85.21573340023733,0.7377926981610184,17.0,229.35991
2020-05-14 13:00:00,14.656060000000025,90.8064434164873,1.298260770684558,20.0,148.19237
2020-05-14 14:00:00,13.676870000000008,95.11895958620036,1.308201600441385,17.0,139.14124
2020-05-14 15:00:00,12.875630000000001,94.87804376048352,2.212791832132485,7.0,465.2191
2020-05-14 16:00:00,11.65634,97.19352517886512,3.08789700700684,4.0,799.4449
2020-05-14 17:00:00,10.331630000000018,97.53638876081823,2.067067927380196,1.0,575.95355
2020-05-15 06:00:00,11.044460000000015,77.00378477559211,1.422124141649059,0.0,619.90344
2020-05-15 07:00:00,11.385100000000023,73.85248544549174,1.4361482674768675,3.0,620.4514
2020-05-15 08:00:00,11.006680000000017,76.16319497434485,1.2738773797921603,5.0,526.9829
2020-05-15 09:00:00,11.376250000000027,76.5255332666107,1.428229576015285,5.0,518.2677
2020-05-15 10:00:00,10.92840000000001,79.14935289075413,1.2531359573410843,4.0,431.88544
2020-05-15 11:00:00,10.648860000000013,81.8782993839754,1.0856923616712857,5.0,334.64294
2020-05-15 12:00:00,10.331140000000005,85.46314560341709,0.8095890536380007,9.0,195.26926
2020-05-15 13:00:00,9.885340000000042,93.82544647020663,0.6700515136567893,6.0,123.67015
2020-05-15 15:00:00,9.26687000000004,89.43366573004319,0.8858570283480709,14.0,44.008224
2020-05-15 16:00:00,8.627700000000004,87.58211069333764,1.1373873869911255,11.0,40.8656
2020-05-15 17:00:00,7.808800000000019,88.01379838929272,1.3274753192956539,9.0,35.062912
2020-05-15 18:00:00,7.216120000000046,89.05890032637801,1.4336162042677516,6.0,39.636963
2020-05-15 19:00:00,6.36694,91.99752127379979,1.6254972613139225,4.0,51.74501
2020-05-15 20:00:00,5.239100000000008,93.38278305424406,1.8978003367094496,2.0,47.083954
2020-05-15 21:00:00,4.70980000000003,93.03160537095438,2.070250547502211,2.0,43.73889
2020-05-15 22:00:00,4.685850000000016,92.83483034429072,2.069577190837203,0.0,27.783432
2020-05-15 23:00:00,4.244380000000035,92.63294764299614,2.1285978470799902,0.0,31.860336
2020-05-16 00:00:00,4.648900000000026,88.17947394587324,2.0612416112111873,0.0,26.675674
2020-05-16 01:00:00,7.466760000000022,87.37481948781378,1.369296220222477,2.0,46.9572
2020-05-16 02:00:00,10.754170000000045,78.54820584698705,0.4773430781306482,6.0,117.204895
2020-05-16 03:00:00,12.184780000000046,71.99102710959589,0.8630265509531206,12.0,287.14444
2020-05-16 04:00:00,12.80453,74.73556886133285,1.1995692033738488,16.0,469.75278
2020-05-16 05:00:00,13.488730000000032,76.63974073370802,1.6664425195676786,19.0,544.1093
2020-05-16 06:00:00,13.84292000000005,75.63071736214937,1.749828923723344,17.0,600.8807
2020-05-16 07:00:00,12.826750000000004,81.39049547458852,1.49889460732834,16.0,484.70767
2020-05-16 08:00:00,12.127650000000017,84.89718970209893,0.6385833250483188,14.0,221.2046
2020-05-16 09:00:00,11.711820000000046,91.00508341126198,0.5451491854530304,12.0,185.37343
2020-05-16 10:00:00,11.653470000000027,92.2607640478911,0.5434056317806067,14.0,185.04704
2020-05-16 11:00:00,11.273650000000032,93.54286307683628,0.5921065187693988,16.0,179.20062
2020-05-16 12:00:00,10.991600000000005,95.36191647101435,0.7457319652682188,21.0,112.16402
2020-05-16 13:00:00,10.684780000000046,96.93301053337757,0.33965039877984243,27.0,96.542175
2020-05-16 14:00:00,10.273900000000026,95.65179247097834,0.6909559214213177,28.0,59.76538
2020-05-16 15:00:00,9.735680000000002,93.812900590436,0.8858514344930533,36.0,41.407562
2020-05-16 16:00:00,9.20428000000004,91.67499523795237,1.0842490993173315,24.0,34.76671
2020-05-16 17:00:00,8.519770000000051,89.65410816522436,1.2699720818993583,27.0,48.57933
2020-05-16 18:00:00,7.91700000000003,89.293021067783,1.424350740211811,27.0,49.760803
2020-05-16 19:00:00,8.135030000000029,87.8355482294191,1.4819455117094753,15.0,47.93692
2020-05-16 20:00:00,8.443700000000035,87.59101217841508,1.3095269584686868,9.0,37.221634
2020-05-16 21:00:00,7.8110000000000355,90.9168812874295,1.4626531927935575,7.0,29.075516
2020-05-16 22:00:00,7.586200000000019,93.4701490475851,1.4673957982739165,7.0,86.91501
2020-05-18 08:00:00,15.434230000000014,82.72933087579598,1.4836549180896108,19.0,569.7002
2020-05-18 09:00:00,15.513400000000047,86.92529970569993,1.077243753392111,18.0,639.44275
2020-05-18 10:00:00,14.89694000000003,86.08460374702017,0.9099583041072469,17.0,461.6001
2020-05-18 11:00:00,15.380600000000015,88.19264562558905,0.7983993350581302,14.0,398.9496
2020-05-18 12:00:00,15.167140000000018,80.35989533306807,0.6792026959373265,11.0,222.35252
2020-05-18 13:00:00,14.711450000000013,83.23862395928884,0.39911991021126225,26.0,130.1352
2020-05-18 14:00:00,13.607970000000023,88.8098720686687,0.6967512985710916,23.0,39.83731
2020-05-18 15:00:00,11.245940000000019,89.93650232724055,1.531509512605657,22.0,25.578388
2020-05-18 16:00:00,9.613370000000032,91.43046522782231,2.207706322372988,12.0,23.655037
2020-05-18 17:00:00,7.9284000000000106,94.11597494738176,2.695109942360877,10.0,44.30526
2020-05-18 18:00:00,7.863300000000038,94.01965996891721,2.4004391980146407,7.0,38.48181
2020-05-18 19:00:00,8.702539999999999,89.75926147456585,1.6774790754386582,11.0,55.52321
2020-05-18 20:00:00,8.777980000000014,92.20872140394292,1.2495102644861147,8.0,130.5843
2020-05-18 21:00:00,8.167700000000025,96.75948635499304,1.3927874760269285,11.0,121.83621
2020-05-18 22:00:00,8.388400000000047,96.94281719876274,1.303068094725811,8.0,197.66725
2020-05-18 23:00:00,8.866100000000017,95.43986797103496,0.9600471331349659,7.0,213.52167
2020-05-19 00:00:00,8.775480000000016,97.5796285240438,1.0330971928078239,6.0,246.05913
2020-05-19 01:00:00,8.419430000000034,98.49486245626744,1.2266674432211444,4.0,271.7817
2020-05-19 04:00:00,8.609370000000013,98.52488642820714,1.5977328640413109,0.0,301.24838
2020-05-19 05:00:00,8.465480000000014,97.3147286266453,1.5206503719173015,2.0,283.2409
2020-05-19 06:00:00,8.53982000000002,95.25173186376266,1.5063442231198683,1.0,325.8604
2020-05-19 07:00:00,9.163780000000031,94.54346356288544,1.1307134789966775,2.0,261.70215
2020-05-19 08:00:00,9.236469999999997,90.52370447989969,1.5350324106320785,10.0,346.66302
2020-05-19 09:00:00,9.623130000000003,92.88588600497295,1.6679304934027919,9.0,342.21814
2020-05-19 10:00:00,10.321799999999996,94.3962303186274,1.7711037352662604,12.0,322.13586
2020-05-19 11:00:00,9.56740000000002,96.33462338651071,1.552795572944359,9.0,382.3057
2020-05-19 12:00:00,9.399320000000046,95.87661110534896,1.2897591523363958,4.0,403.3329
2020-05-19 14:00:00,8.693320000000028,96.85057501722089,0.7533698119228219,0.0,145.43582
2020-05-19 15:00:00,8.666620000000023,93.48833830069111,0.2572466721241548,6.0,62.986908
2020-05-19 16:00:00,8.612540000000024,93.10117486249116,0.45534314824081806,4.0,62.48073
2020-05-19 17:00:00,8.421960000000013,91.30483991704479,0.6488657740174774,1.0,50.41217
2020-05-19 19:00:00,7.486469999999997,84.99353061309903,0.9019891202365428,1.0,38.015533
2020-05-19 20:00:00,7.740440000000035,80.06192823101466,0.9201079417688326,2.0,26.654236
2020-05-19 21:00:00,8.314080000000047,75.64027435592783,0.8049766601682464,1.0,27.628391
2020-05-19 22:00:00,8.18392,76.35841447253759,0.8638030388425231,2.0,51.87094
2020-05-19 23:00:00,6.850270000000023,82.99590513289078,1.0773193038209703,2.0,46.225616
2020-05-20 00:00:00,6.997000000000014,81.63740347286965,1.0952730510730095,6.0,33.257828
2020-05-20 01:00:00,8.599500000000035,81.65611640159374,0.748746173869662,5.0,36.63707
2020-05-20 02:00:00,9.077420000000018,86.30426454095846,0.05990525323920596,7.0,62.417603
2020-05-20 03:00:00,10.59435000000002,79.06733273828084,0.4463142866614422,12.0,120.59534
2020-05-20 04:00:00,10.665220000000033,81.87824735072138,0.8264297213723587,8.0,289.70282
2020-05-20 05:00:00,11.483480000000043,79.28957331248759,0.967251275729183,5.0,465.6004
2020-05-20 06:00:00,12.130880000000047,80.7070737274635,1.3074884923913344,8.0,579.8312
2020-05-20 07:00:00,11.916770000000042,74.17514706709777,1.2542116050383492,7.0,582.69934
2020-05-20 08:00:00,12.493550000000027,69.92533579278422,1.0012343274375894,5.0,598.45917
2020-05-20 09:00:00,13.190580000000011,66.60370798926371,1.0727084333797,3.0,625.2196
2020-05-20 10:00:00,13.446300000000008,69.09034448044365,1.0947794965501614,4.0,588.9951
2020-05-20 11:00:00,13.638940000000048,69.94809944058713,1.12690652958641,5.0,527.2283
2020-05-20 12:00:00,13.341800000000035,72.50878872380699,1.0884225027437875,10.0,303.10052
2020-05-20 13:00:00,12.93300000000005,74.52607673962335,0.6819079996919305,8.0,142.27911
2020-05-20 14:00:00,11.942960000000028,82.12784293365462,0.9164263582566083,12.0,39.217003
2020-05-20 15:00:00,9.686550000000011,85.506192263808,1.4904893359798352,16.0,21.589119
2020-05-20 16:00:00,7.440940000000012,86.64919081001625,2.234716287428416,17.0,20.873058
2020-05-20 17:00:00,6.674599999999998,83.2089819898391,2.6159672398386284,11.0,24.48281
2020-05-20 18:00:00,6.3194500000000176,78.98266772324448,2.8250604327002637,13.0,23.437243
2020-05-20 19:00:00,6.248199999999997,75.37740580008045,2.996390525043237,8.0,21.447052
2020-05-20 20:00:00,6.05453,69.03618066310936,2.9473193534401663,5.0,20.227934
2020-05-20 21:00:00,5.494650000000036,64.64831269682766,3.2270759892817846,7.0,23.123093
2020-05-20 22:00:00,5.148830000000032,63.283025517839235,3.296044938841863,5.0,22.412615
2020-05-20 23:00:00,5.105740000000026,62.257342922924686,3.3157743615565356,6.0,23.150253
2020-05-21 00:00:00,5.391660000000002,62.912915318679076,3.263954868701416,5.0,19.567757
2020-05-21 01:00:00,7.762780000000021,71.63287965792031,2.630567108729312,6.0,28.034088
2020-05-21 02:00:00,11.463300000000004,72.07749090454674,1.3507573618891484,16.0,61.140335
2020-05-21 03:00:00,14.022640000000024,49.35277574842247,0.4324425105067582,10.0,292.97742
2020-05-21 04:00:00,14.803060000000016,51.7994724168985,0.9624429826593587,20.0,533.6184
2020-05-21 05:00:00,15.48780000000005,54.0491476349642,1.3041125700221587,19.0,727.62665
2020-05-21 06:00:00,16.088400000000036,55.98054581611552,1.3893797383721989,15.0,854.0574
2020-05-21 07:00:00,15.56740000000002,63.096747248604814,0.8229822759493733,12.0,892.5053
2020-05-21 08:00:00,16.38882000000001,60.54335661319045,1.1556435062037849,11.0,987.355
2020-05-21 09:00:00,16.670860000000005,62.22201299834449,1.6003787816770012,14.0,1024.2319
2020-05-21 10:00:00,15.448880000000031,66.07700631589405,0.7799172095306378,17.0,729.3098
2020-05-21 11:00:00,16.014730000000043,59.46645491316135,1.1453355714746225,10.0,709.938
2020-05-21 12:00:00,15.218200000000024,58.835836969995036,0.9630072783183162,9.0,199.2758
2020-05-21 13:00:00,14.556570000000022,72.31852686904143,0.3523766088477103,19.0,211.24232
2020-05-21 14:00:00,12.771450000000016,76.87225027778665,0.923141677366841,26.0,123.4485
2020-05-21 15:00:00,11.13085000000001,78.97140023563179,1.6739744075260903,20.0,26.698994
2020-05-21 16:00:00,9.995100000000036,79.71003506158497,2.105902617959095,17.0,24.5155
2020-05-21 17:00:00,9.223260000000039,80.46820759063492,2.5053307474661803,9.0,26.312363
2020-05-21 18:00:00,8.822170000000028,79.47320923161539,2.7993318329235244,8.0,29.359497
2020-05-21 19:00:00,8.880300000000034,80.15289677570986,2.998146230006462,4.0,29.922531
2020-05-21 20:00:00,8.685330000000022,78.91453368869254,2.975183744232764,2.0,25.88504
2020-05-21 21:00:00,8.58743000000004,74.46860575440695,2.9324051495375554,6.0,21.661358
2020-05-21 22:00:00,8.535799999999995,70.05506043322067,2.826656478065469,7.0,34.00081
2020-05-21 23:00:00,8.145320000000027,68.6744368976529,2.7878956104953847,6.0,35.398865
2020-05-22 00:00:00,7.780050000000017,70.00350735750791,2.808917712389329,6.0,40.58699
2020-05-22 01:00:00,9.29244,79.77576274394407,2.298597819659599,5.0,35.189713
2020-05-22 02:00:00,12.837760000000003,69.85012645813516,1.0904411994309506,6.0,106.57028
2020-05-22 03:00:00,14.873620000000017,51.4151456069094,0.4943271106529063,7.0,303.90662
2020-05-22 04:00:00,15.776700000000005,53.08851323626045,0.9140193202011069,11.0,508.41162
2020-05-22 05:00:00,16.46640000000002,56.15709047170619,1.2963477178036305,11.0,703.86926
2020-05-22 06:00:00,16.916350000000023,59.08395865458779,1.4596195066720379,12.0,971.5215
2020-05-22 07:00:00,17.037440000000004,55.13482896938598,1.094989210331644,12.0,1051.1035
2020-05-22 08:00:00,17.122400000000027,56.80285348897877,0.7142785678729181,10.0,1098.6448
2020-05-22 09:00:00,17.865560000000016,55.079044326236705,1.083021683002914,8.0,1057.919
2020-05-22 10:00:00,17.902250000000038,54.90036746535369,1.2251703279572628,9.0,1288.9633
2020-05-22 11:00:00,17.55764000000005,57.14172655010287,1.108964768257879,10.0,836.8414
2020-05-22 12:00:00,17.095000000000027,59.86917333571479,1.013069549913252,11.0,253.07526
2020-05-22 13:00:00,16.429280000000006,64.78588731911888,0.44810539688001305,8.0,100.36064
2020-05-22 14:00:00,14.660120000000006,76.78021381070792,1.0675397478521256,13.0,29.351036
2020-05-22 15:00:00,11.766080000000045,78.80879105131727,2.0555794970837793,11.0,19.660658
2020-05-22 16:00:00,10.19756000000001,79.7001889434542,2.7717442962876735,6.0,17.533134
2020-05-22 17:00:00,9.565030000000036,77.44562588989811,3.2037392487568335,8.0,18.103043
2020-05-22 19:00:00,8.322300000000041,67.31954497566974,3.669262046580367,6.0,19.60093
2020-05-22 20:00:00,8.143200000000036,63.01120137833051,3.5563418621250293,5.0,19.118233
2020-05-22 21:00:00,8.087370000000021,56.92760369793628,3.5152642297218697,4.0,18.774296
2020-05-22 22:00:00,7.966200000000015,49.490857053781845,3.5049003028503583,4.0,20.302916
2020-05-22 23:00:00,7.5452999999999975,46.57179205866011,3.590180757216,3.0,19.63164
2020-05-23 00:00:00,7.440580000000011,48.914541479549804,3.620272156914926,3.0,19.831772
2020-05-23 01:00:00,9.197170000000028,63.28356792268512,3.007604991086198,10.0,23.614407
2020-05-23 02:00:00,13.290920000000028,73.09290989979706,1.6541924130813803,15.0,38.38273
2020-05-23 03:00:00,16.50173000000001,39.1517972364872,0.553909681187962,9.0,128.98932
2020-05-23 04:00:00,17.39425,40.950084205618516,0.9213867280822532,12.0,411.64362
2020-05-23 05:00:00,18.149200000000008,45.288492740144285,1.26396943185693,17.0,598.35657
2020-05-23 06:00:00,18.786220000000014,48.92657273026924,1.5704267120750717,9.0,774.732
2020-05-23 07:00:00,19.364250000000027,53.75834587329112,1.8898038167229072,10.0,928.89154
2020-05-23 08:00:00,19.449850000000026,56.56225237649723,1.9168960067063123,6.0,950.19434
2020-05-23 09:00:00,19.48058000000003,59.318579118606436,1.7887343349996276,6.0,910.1757
2020-05-23 10:00:00,19.41476,60.82031041855058,1.5611336038198427,6.0,893.4879
2020-05-23 11:00:00,18.97660000000002,63.052265769412436,1.0803675337030945,6.0,705.9385
2020-05-23 12:00:00,18.609500000000025,65.0275749872515,0.5941168018678644,5.0,378.18097
2020-05-23 13:00:00,17.825649999999996,70.49239389862171,0.6608637956539405,7.0,115.43567
2020-05-23 14:00:00,15.882100000000037,76.59774799016074,2.0880490154948674,14.0,29.213814
2020-05-23 15:00:00,13.266260000000045,80.68305375048465,2.895412434798236,9.0,20.313068
2020-05-23 16:00:00,11.449240000000032,81.19945004106677,3.2984013998186366,6.0,18.222141
2020-05-23 17:00:00,10.567300000000046,76.44688712044183,3.44924159665405,9.0,19.005333
2020-05-23 18:00:00,9.952750000000037,69.70637809703081,3.5594450149753682,9.0,19.73268
2020-05-23 19:00:00,9.99920000000003,69.55212805737365,3.735097407632409,8.0,20.475658
2020-05-23 20:00:00,9.558280000000025,65.6897360258046,3.773342624732778,6.0,20.691072
2020-05-23 21:00:00,9.387960000000021,60.666347012347664,3.8140557596411644,5.0,20.330423
2020-05-23 22:00:00,9.378900000000044,51.589784671615,3.6996066809716095,4.0,22.995693
2020-05-23 23:00:00,9.302200000000028,44.11121340678821,3.5550685596638343,6.0,18.159195
2020-05-24 01:00:00,10.497160000000008,60.657991633255335,2.927037797328639,10.0,19.969398
2020-05-24 02:00:00,14.402980000000014,71.63128744824202,1.6323823862252405,8.0,30.051437
2020-05-24 03:00:00,17.642300000000034,37.066920796058014,0.3791044866379685,16.0,89.49624
2020-05-24 04:00:00,18.495100000000036,38.11121883895806,0.5217244575532005,18.0,172.73174
2020-05-24 05:00:00,19.142700000000048,42.28459206257847,1.0201220955441865,6.0,456.60205
2020-05-24 06:00:00,19.63452000000001,46.57456209228862,1.358955601109832,3.0,607.67883
2020-05-24 07:00:00,20.397550000000024,49.87889710249739,1.4226284012218982,9.0,718.3458
2020-05-24 08:00:00,20.637900000000002,51.88945471107968,1.4589750065867628,6.0,806.5394
2020-05-24 09:00:00,20.777120000000025,53.93480114136496,1.3589997163983019,10.0,849.0769
2020-05-24 10:00:00,20.699550000000045,55.876520379405186,1.1721874841532796,9.0,843.12476
2020-05-24 11:00:00,20.448750000000018,56.98988698128283,0.832609749581798,7.0,564.0806
2020-05-24 12:00:00,19.840970000000027,59.421782031798145,0.4431576603374733,7.0,234.04005
2020-05-24 13:00:00,18.89834000000002,67.52745808038307,0.9748881818219322,6.0,113.18193
2020-05-24 14:00:00,16.844400000000007,71.23088393500423,2.2335954086282053,11.0,31.564068
2020-05-24 15:00:00,14.576440000000048,70.42557926523003,2.8916478195243522,18.0,22.27095
2020-05-24 16:00:00,13.125630000000001,63.62441583389536,3.1839237845049326,17.0,21.902567
2020-05-24 17:00:00,12.036400000000015,58.7091633968723,3.396611428189224,10.0,22.984274
2020-05-24 18:00:00,11.368340000000046,56.87408602124719,3.490440202052155,7.0,25.315403
2020-05-24 19:00:00,10.974019999999996,52.32837457325996,3.5768062869335893,7.0,24.24867
2020-05-24 20:00:00,10.617670000000032,49.18948646626412,3.517167831314545,8.0,21.18695
2020-05-24 21:00:00,10.106300000000033,47.20034415798662,3.596594403812251,8.0,18.975422
2020-05-24 22:00:00,9.700950000000034,45.30484728553879,3.6519766680228516,6.0,17.309633
2020-05-24 23:00:00,9.531200000000013,43.55861955606179,3.649767869344352,5.0,17.13693
2020-05-25 00:00:00,9.642970000000048,44.36799658524947,3.5703381920437844,9.0,18.725595
2020-05-25 01:00:00,11.279350000000022,58.790976311400065,3.052717499750629,10.0,19.015377
2020-05-25 02:00:00,15.019770000000051,71.56121387349067,1.6147454526488316,12.0,30.744427
2020-05-25 03:00:00,18.285900000000026,42.45416748706457,0.37998394893822673,9.0,86.03804
2020-05-25 04:00:00,19.351680000000044,43.205196660332106,0.3799956515294122,13.0,184.46068
2020-05-25 05:00:00,20.230070000000012,47.259796027445866,0.9341357702528077,12.0,465.83838
2020-05-25 06:00:00,20.868160000000046,51.57144407394111,1.2671168041801435,9.0,616.0226
2020-05-25 07:00:00,21.618070000000046,53.53004845785649,1.5765513650673422,13.0,742.005
2020-05-25 08:00:00,21.925070000000005,55.548712351169485,1.6805322797164715,13.0,822.93646
2020-05-25 09:00:00,22.060879999999997,56.27677477521519,1.7649834797241026,17.0,828.89777
2020-05-25 10:00:00,22.093380000000025,56.126404761440035,1.4607996634708162,11.0,695.34064
2020-05-25 11:00:00,21.98458000000005,57.231547025494926,1.1249126776423828,8.0,455.10992
2020-05-25 12:00:00,21.439450000000022,61.44530385134742,0.8155184969026096,8.0,201.31262
2020-05-25 13:00:00,20.657920000000047,68.04647333263463,1.0822404174592601,26.0,123.6874
2020-05-25 14:00:00,18.810879999999997,69.85028028636373,2.206142652874589,20.0,29.555222
2020-05-25 15:00:00,16.436329999999998,68.44081080875748,3.1438496641755647,15.0,21.320576
2020-05-25 16:00:00,14.82552000000004,65.3070982090856,3.549291975168349,12.0,19.195173
2020-05-25 17:00:00,14.024740000000008,61.84337655393289,3.6853659944342785,8.0,18.841568
2020-05-25 18:00:00,13.634900000000016,59.28317089231393,3.713192154858535,5.0,19.538235
2020-05-25 19:00:00,12.98538000000002,58.2252441478494,4.022142857823786,6.0,19.770367
2020-05-25 20:00:00,12.851300000000037,56.8221298814116,3.8815961230660356,9.0,19.561504
2020-05-25 21:00:00,12.696600000000046,56.545253512896856,3.926682153078409,7.0,20.022963
2020-05-25 22:00:00,12.540160000000014,56.629809082926535,3.9836056515609184,8.0,21.194925
2020-05-25 23:00:00,12.403560000000027,57.02630266725464,3.969438137047918,6.0,20.591469
2020-05-26 00:00:00,12.49484000000001,59.1837158439247,3.8825525422109255,5.0,21.049793
2020-05-26 01:00:00,14.473780000000033,68.69059946519572,3.2578731598637,10.0,21.062004
2020-05-26 02:00:00,17.971370000000036,76.78961559188406,1.8459109509683829,11.0,34.55426
2020-05-26 03:00:00,21.29630000000003,52.89146392734147,0.5563947614537385,15.0,48.8296
2020-05-26 04:00:00,22.191550000000007,47.02517551824394,0.29304943357704827,25.0,148.89651
2020-05-26 05:00:00,22.899440000000027,48.20374450146363,0.5902286898583352,27.0,393.56238
2020-05-26 06:00:00,23.550960000000032,50.08311632256991,0.8405544740214811,46.0,542.001
2020-05-26 07:00:00,24.295280000000048,52.36191860645854,1.0638018502813227,50.0,637.7995
2020-05-26 08:00:00,24.56173000000001,54.836806886635095,1.3015356117187737,38.0,728.3252
2020-05-26 09:00:00,24.73177000000004,56.17003758210972,1.3861510416987837,31.0,764.40466
2020-05-26 10:00:00,24.60372000000001,58.14892507800147,1.4708710273006949,42.0,798.72485
2020-05-26 11:00:00,24.301080000000013,60.36427582632483,1.1577788190954263,33.0,623.33167
2020-05-26 12:00:00,23.58236000000005,63.25135676188942,0.8169942925967454,34.0,254.04187
2020-05-26 13:00:00,22.512900000000002,68.61323407051367,0.513764042182637,29.0,63.98529
2020-05-26 14:00:00,20.6592,73.90111735884655,1.9565804837441088,27.0,27.245281
2020-05-26 15:00:00,18.01550000000003,77.88061519105997,2.855162466435464,31.0,26.558777
2020-05-26 18:00:00,14.280100000000004,68.61157815554311,3.5385156610931454,13.0,20.908485
2020-05-26 19:00:00,13.892080000000021,64.65408960443624,3.637637310382618,9.0,21.72525
2020-05-26 20:00:00,13.374050000000011,62.030556250315385,3.588622148545468,8.0,22.861012
2020-05-26 21:00:00,12.953550000000007,55.61082521524672,3.6412668937039068,10.0,23.701693
2020-05-26 22:00:00,12.530500000000018,45.734722751553015,3.6643881609036373,12.0,23.26394
2020-05-26 23:00:00,12.191430000000025,37.615073956925855,3.622982325276933,11.0,23.004967
2020-05-27 00:00:00,12.043180000000007,36.902305975486,3.47742446307212,10.0,24.508205
2020-05-27 01:00:00,13.672200000000032,53.153959586647304,2.9279607056497343,12.0,28.682186
2020-05-27 02:00:00,17.22085000000004,68.95851532081304,1.5835660796825604,11.0,52.755394
2020-05-27 03:00:00,21.1866,37.110209362131265,1.1155165607588304,13.0,383.20535
2020-05-27 04:00:00,21.74060000000003,41.34565908261966,1.7245092874064443,8.0,542.4024
2020-05-27 05:00:00,22.222530000000006,44.09065172618886,2.0306709096622186,7.0,687.1015
2020-05-27 06:00:00,22.6404,44.50875777855938,2.1251705695769787,17.0,835.9898
2020-05-27 07:00:00,22.936800000000005,43.98715593709417,1.9499842009611386,15.0,966.9873
2020-05-27 08:00:00,23.072400000000016,42.920365337460325,1.7681739651833868,25.0,972.2927
2020-05-27 09:00:00,23.25594000000001,40.762944601620816,1.6946136937673142,6.0,897.989
2020-05-27 10:00:00,22.971150000000023,40.88624671339364,1.3760560678396545,14.0,889.99805
2020-05-27 11:00:00,22.40560000000005,42.71310747296298,0.9884571960970329,10.0,493.00977
2020-05-27 12:00:00,21.443930000000023,47.587738429533964,0.6901388317348218,11.0,264.97086
2020-05-27 13:00:00,19.884180000000015,58.089502539501055,0.23317724714691854,11.0,131.41159
2020-05-27 14:00:00,17.605600000000038,66.96772579347885,1.8730663520437392,12.0,55.839226
2020-05-27 15:00:00,15.887140000000045,62.61838297167493,2.6612444404607554,13.0,39.72518
2020-05-27 16:00:00,15.039100000000019,52.48289272558334,2.758785963941563,20.0,35.69912
2020-05-27 17:00:00,13.790670000000034,52.17484116896114,3.0506149958049984,20.0,26.048315
2020-05-27 18:00:00,13.074180000000013,52.316897377717204,3.115060531598845,16.0,23.409195
2020-05-27 19:00:00,13.17434000000003,49.699509826127304,2.8460954904015314,20.0,24.698689
2020-05-27 20:00:00,12.200400000000002,52.47165110067897,2.7562496754218477,18.0,25.479454
2020-05-27 21:00:00,11.401100000000042,57.29551379503486,2.315020269822191,12.0,30.38683
2020-05-27 22:00:00,11.187400000000025,54.70890902335414,2.1109151078265826,12.0,45.461655
2020-05-27 23:00:00,11.528800000000047,52.28973647679753,1.8566362798695344,11.0,47.88523
2020-05-28 00:00:00,11.02030000000002,54.879959606790024,1.8411312747246202,8.0,66.44441
2020-05-28 01:00:00,11.666830000000004,65.69240930386457,1.424269129258478,6.0,118.779175
2020-05-28 14:00:00,16.102800000000002,70.41962398080908,0.6366577481929033,4.0,89.77919
2020-05-28 15:00:00,14.716880000000003,70.49639704376986,1.1800544816063234,19.0,18.387714
2020-05-28 16:00:00,14.26418000000001,67.5086087506569,1.2422753721974105,10.0,25.507248
2020-05-28 17:00:00,11.699850000000026,73.41695033017751,1.665701978043296,14.0,26.183674
2020-05-28 18:00:00,9.264980000000037,79.14067356240261,2.1273893321322195,11.0,24.138954
2020-05-28 19:00:00,7.95052000000004,82.53800589876576,2.551363136046019,7.0,23.961182
2020-05-28 20:00:00,7.333640000000003,83.0426406937969,2.532138780694265,8.0,25.016537
2020-05-28 21:00:00,6.912930000000017,82.47333204193875,2.6132514115879135,10.0,27.071308
2020-05-28 22:00:00,6.668360000000007,80.8372667517269,2.637210144362667,9.0,28.985771
2020-05-28 23:00:00,6.473780000000033,78.45049586268036,2.656702669314209,7.0,27.972069
2020-05-29 00:00:00,6.63094000000001,76.67569979776917,2.54149737088854,5.0,29.885769
2020-05-29 01:00:00,9.871579999999994,77.43772506447961,1.8513558634788696,5.0,30.86399
2020-05-29 02:00:00,15.357169999999996,63.00937815005471,0.280353258401496,5.0,195.62831
2020-05-29 03:00:00,17.02227000000005,55.19581821591589,0.9092795398310687,9.0,344.68945
2020-05-29 04:00:00,17.75630000000001,58.113615722378796,1.452544113972753,11.0,465.15552
2020-05-29 05:00:00,18.43264000000005,60.079525701245934,1.7846448191826294,16.0,608.54517
2020-05-29 06:00:00,19.168420000000026,59.1921558601643,2.075260269239068,6.0,729.2512
2020-05-29 07:00:00,19.787500000000023,59.3182365542392,1.8609691229925607,10.0,822.4595
2020-05-29 08:00:00,19.89530000000002,57.13539110072333,2.217763868642983,11.0,901.47
2020-05-29 09:00:00,20.03335000000004,56.1433426438607,2.229415024603739,12.0,880.75415
2020-05-29 10:00:00,19.586450000000013,55.356820732272716,1.8329691717953687,10.0,862.91504
2020-05-29 11:00:00,18.824430000000007,57.62916970385897,1.25188216250375,7.0,657.1052
2020-05-29 12:00:00,18.275930000000017,61.37935952882739,0.7247540199797339,6.0,330.5144
2020-05-29 13:00:00,17.31110000000001,66.0603567979991,0.3277693558215435,9.0,153.70073
2020-05-29 14:00:00,14.768850000000043,83.26438302092386,1.0524062516085813,10.0,43.579514
2020-05-29 15:00:00,13.632100000000037,81.57769205538396,1.9750475790633348,13.0,46.277954
2020-05-29 16:00:00,12.592550000000017,81.31243663197502,2.3159461074292405,12.0,37.025406
2020-05-29 17:00:00,12.160900000000026,75.99411935192921,2.252341639591086,8.0,34.6382
2020-05-29 18:00:00,11.755030000000033,72.32235027473199,2.178776989360701,5.0,31.831495
2020-05-29 19:00:00,11.423360000000002,70.84329478935722,2.2397288303621767,5.0,33.461605
2020-05-29 20:00:00,11.091330000000028,69.58260194810747,2.1360999598302723,4.0,30.5737
2020-05-29 21:00:00,10.621730000000014,68.56859282217607,2.2255747504464996,5.0,28.614044
2020-05-29 22:00:00,10.314600000000041,67.34289956356857,2.3712787139846085,3.0,54.179077
2020-05-29 23:00:00,10.143200000000036,67.16208525927843,2.4645896290022278,2.0,31.052826
2020-05-30 00:00:00,10.311730000000011,68.58846692696216,2.3022585114070595,0.0,28.417267
2020-05-30 01:00:00,11.910060000000044,77.46928975208387,1.8098852679835793,6.0,28.70723
2020-05-31 03:00:00,18.82528000000002,34.877039124704766,0.9934378368639804,19.0,349.15057
2020-05-31 04:00:00,19.335140000000024,38.11591073853524,1.4906842232369288,9.0,570.79517
2020-05-31 05:00:00,19.919730000000015,41.00712561245243,1.741569890815156,7.0,775.01733
2020-05-31 06:00:00,20.593530000000044,43.39878678155835,1.9213456487648433,7.0,963.62695
2020-05-31 07:00:00,21.368700000000047,46.36630080668314,2.12894760461242,5.0,1141.3247
2020-05-31 08:00:00,21.374720000000025,48.01533658780409,2.069521315608612,6.0,1136.4734
2020-05-31 09:00:00,21.37274000000002,48.515690298432034,2.0413055530971005,4.0,1026.4263
2020-05-31 10:00:00,21.703760000000045,48.74504321794506,1.976431573654522,4.0,955.74927
2020-05-31 11:00:00,21.42153000000002,50.67897286780874,1.575667651491662,4.0,481.77588
2020-05-31 12:00:00,21.183680000000038,51.93444545852261,1.0964929980874853,6.0,217.99121
2020-05-31 13:00:00,20.415700000000015,57.59445685826873,0.28164154869517305,6.0,119.80803
2020-05-31 14:00:00,18.180350000000033,72.173450931576,1.3149052018360692,17.0,27.581116
2020-05-31 15:00:00,15.749400000000037,71.29059060791425,2.2996061319115895,9.0,23.644226
2020-05-31 16:00:00,14.236050000000034,72.06273378982183,2.8807053422291493,6.0,20.360119
2020-05-31 17:00:00,13.438870000000009,71.47869998709928,3.1844695278514457,6.0,18.66849
2020-05-31 18:00:00,13.060969999999998,69.94777833708417,3.294658579068771,7.0,18.218628
2020-05-31 19:00:00,12.660600000000045,70.28236115651706,3.373046481429233,7.0,17.94551
2020-05-31 20:00:00,12.438600000000008,69.6194498875435,3.3403569692756445,5.0,17.683704
2020-05-31 21:00:00,12.213279999999997,69.46601387780854,3.37094616735528,4.0,17.611198
2020-05-31 22:00:00,12.099300000000028,68.83127778733278,3.3152842659223056,4.0,19.528992
2020-06-01 00:00:00,11.983420000000024,70.52594105126931,3.260434468741085,2.0,18.200184
2020-06-01 01:00:00,14.045860000000005,77.0198993037077,2.547188570378905,5.0,22.597198
2020-06-01 02:00:00,18.287869999999998,71.97700775924716,0.8267406672892748,17.0,70.101074
2020-06-01 03:00:00,20.886870000000044,53.22321844091608,0.9935869154985048,16.0,322.45996
2020-06-01 04:00:00,21.321799999999996,56.09427435212118,1.4650119311433132,19.0,484.0669
2020-06-01 06:00:00,22.247500000000002,58.37386455354311,1.5948327841762504,26.0,767.2246
2020-06-01 07:00:00,21.658470000000023,59.13306977053496,1.0955153545417171,19.0,809.5188
2020-06-01 08:00:00,22.565800000000024,55.263832380489845,0.1309753669312871,14.0,899.7898
2020-06-01 09:00:00,22.55056000000002,57.51103399634777,1.6726006229467931,18.0,591.3982
2020-06-01 14:00:00,18.626059999999995,69.94614815062499,2.4348352397094652,30.0,59.023575
2020-06-01 15:00:00,16.98380000000003,72.43391737141539,2.918066037876328,19.0,46.889587
2020-06-01 16:00:00,16.03866000000005,74.05246461704513,3.1025424566555553,15.0,38.66411
2020-06-01 17:00:00,15.324600000000032,74.80630808784709,3.2777764213651728,14.0,28.604202
2020-06-01 18:00:00,14.898580000000038,74.03893262168408,3.274223952848023,13.0,23.124084
2020-06-01 19:00:00,14.496550000000013,71.08773424981311,3.473353558736935,11.0,22.340149
2020-06-01 20:00:00,14.467740000000049,70.5891879213305,3.170700790805572,9.0,20.02031
2020-06-01 21:00:00,14.827840000000037,67.22927765672004,3.018382174823579,8.0,22.356155
2020-06-01 22:00:00,14.81740000000002,66.03043833957094,2.857181615664559,6.0,58.71942
2020-06-01 23:00:00,14.25338000000005,68.57959845811786,3.0257881992591353,10.0,51.485256
2020-06-02 00:00:00,14.074900000000014,71.95401836099195,3.008415778667682,21.0,32.975555
2020-06-02 01:00:00,15.624720000000025,78.04739824847331,2.5409976666768257,26.0,38.27092
2020-06-02 02:00:00,17.67727000000002,84.62195024858917,1.439255676201239,27.0,47.93477
2020-06-02 03:00:00,21.006400000000042,48.55751922886442,1.205858355842841,21.0,565.31006
2020-06-02 04:00:00,21.667140000000018,46.15612242510822,1.818688712136069,16.0,819.54517
2020-06-02 05:00:00,21.274,50.02432879990507,1.743601826538698,12.0,918.83496
2020-06-02 06:00:00,21.64083000000005,51.02864198638676,1.893549694622758,10.0,1021.58374
2020-06-08 09:00:00,16.596249999999998,56.40824296871057,1.452206684342769,8.0,637.03906
2020-06-08 10:00:00,15.884240000000034,63.19732658833408,1.904301286810304,4.0,500.7041
2020-06-08 12:00:00,14.23843000000005,75.50907870799331,1.7264355005299323,2.0,327.36108
2020-06-08 13:00:00,13.795650000000023,77.88656052772603,1.413116844067242,12.0,227.179
2020-06-08 14:00:00,12.29104000000001,90.37214976052893,1.164975794425919,9.0,112.97391
2020-06-08 15:00:00,11.777520000000038,89.94244020061757,1.3114247228226295,14.0,113.920715
2020-06-08 16:00:00,11.01320000000004,90.82710326194616,2.0257223786818987,10.0,93.351425
2020-06-08 17:00:00,10.129800000000046,90.79997764953488,2.29026898645892,11.0,60.507492
2020-06-08 18:00:00,10.14240000000001,91.17935240754807,2.294922880953121,8.0,38.943527
2020-06-08 19:00:00,9.423100000000034,89.71605610117724,2.545026969769881,5.0,26.06189
2020-06-08 20:00:00,10.182640000000049,79.13920866721318,2.414271308014594,6.0,23.795364
2020-06-08 21:00:00,9.514370000000042,79.74927473293128,2.322848553617673,5.0,22.2193
2020-06-08 22:00:00,9.041650000000004,80.38173458405197,2.1492323392432247,4.0,24.888184
2020-06-08 23:00:00,8.60080000000005,80.25705888156014,1.9588931425900113,4.0,25.571533
2020-06-09 00:00:00,9.085000000000036,77.05062722966844,1.7783996914188795,5.0,26.728043
2020-06-09 01:00:00,10.90652,77.08527450153036,1.3445360525861492,4.0,43.544083
2020-06-09 02:00:00,12.583280000000002,73.6371833404733,0.8534444152786306,3.0,235.34497
2020-06-09 03:00:00,12.661699999999996,77.18987988612344,1.2443176961423679,8.0,447.10486
2020-06-09 04:00:00,12.585000000000036,74.35014687391703,1.4946739042992865,12.0,581.54785
2020-06-09 05:00:00,13.222560000000044,70.78043256294025,1.4608394730805634,12.0,696.0607
2020-06-09 06:00:00,13.998320000000035,67.25131086103359,1.540585191156621,13.0,623.8013
2020-06-09 07:00:00,14.083600000000047,71.34791342365816,1.6236802869553013,7.0,603.03986
2020-06-09 08:00:00,13.96804000000003,72.84322460164705,1.432023780963518,3.0,579.77527
2020-06-09 09:00:00,13.625500000000045,83.33179979296585,0.9390349401800011,2.0,513.1795
2020-06-09 10:00:00,13.707480000000032,82.0231832900749,0.7380733071223934,9.0,461.6596
2020-06-09 11:00:00,14.399870000000021,74.68445279027401,0.8656059904429922,5.0,415.69653
2020-06-09 12:00:00,14.781030000000044,70.1194233900267,0.7524166360627913,5.0,358.2417
2020-06-09 13:00:00,14.312250000000006,71.57889886781399,0.5062098506675762,6.0,132.21094
2020-06-09 14:00:00,13.42697000000004,80.33969286758548,0.5230504446343933,12.0,45.435944
2020-06-09 15:00:00,10.99493000000001,86.35436088853932,1.8439114053419863,8.0,23.978088
2020-06-09 16:00:00,9.418240000000026,86.66265614719451,2.3425334291832276,7.0,20.539368
2020-06-09 17:00:00,8.812900000000013,84.35947167496657,2.5059534786879203,5.0,20.133041
2020-06-09 18:00:00,8.516999999999996,80.94416221522357,2.604655531231475,2.0,21.07306
2020-06-09 20:00:00,8.032500000000027,70.2876919420286,2.742535032479155,2.0,22.52333
2020-06-09 21:00:00,8.142100000000028,68.57588858225965,2.825069491684785,1.0,26.80545
2020-06-09 22:00:00,8.019860000000051,68.09730205816237,2.8107245769925253,1.0,26.051697
2020-06-09 23:00:00,8.035500000000013,67.374579969416,2.817866066608662,3.0,30.544083
2020-06-10 00:00:00,8.007840000000044,68.6585789879228,2.773307698130701,7.0,28.519226
2020-06-10 01:00:00,9.865800000000036,77.49898386924976,2.0698254189021186,10.0,32.323563
2020-06-10 02:00:00,13.425350000000037,62.91227838744962,0.6391383928850805,10.0,89.90813
2020-06-10 03:00:00,14.893000000000029,49.5071294532789,0.22699587010458672,7.0,374.6084
2020-06-10 04:00:00,15.501580000000047,50.404725586985954,0.8757864875632145,7.0,484.43335
2020-06-10 05:00:00,15.41640000000001,51.076526652666665,0.65014679258028,8.0,806.7466
2020-06-10 06:00:00,15.23860000000002,55.218842229954895,0.8265808856301133,9.0,730.51855
2020-06-10 07:00:00,15.851860000000045,57.63212000271578,1.3534671420913045,8.0,797.04614
2020-06-10 08:00:00,16.184660000000008,55.5410263341676,1.11306969937341,7.0,876.3096
2020-06-10 09:00:00,16.47323,53.52574748543124,1.2255222954451541,10.0,795.4595
2020-06-10 10:00:00,16.366420000000005,52.80888775156831,1.5343543312526648,8.0,666.5862
2020-06-10 11:00:00,15.537650000000042,56.0620972596459,0.9587891184198706,17.0,506.229
2020-06-10 12:00:00,14.909880000000044,60.091907568737824,0.8160994487011132,5.0,288.417
2020-06-10 13:00:00,14.266380000000026,63.74319130530211,0.7681286578333669,8.0,172.15918
2020-06-10 14:00:00,13.534270000000049,69.53845342798657,0.4960839714695835,6.0,104.7379
2020-06-10 15:00:00,12.20577000000003,72.49574936174879,0.7914092102608865,16.0,106.843445
2020-06-10 16:00:00,10.942650000000015,76.34413214800011,1.3252380377242998,14.0,77.05179
2020-06-10 17:00:00,10.268150000000048,78.7222420061115,1.3286052913393331,8.0,80.53946
2020-06-10 19:00:00,9.383420000000001,82.25512963085293,1.3884561664445378,16.0,64.840164
2020-06-10 20:00:00,8.631500000000017,87.16572188508394,1.4755218910334778,7.0,43.03621
2020-06-10 21:00:00,7.2934999999999945,89.45771833709206,1.8354282080208473,6.0,39.097595
2020-06-10 22:00:00,6.940269999999998,90.95416882490885,1.9523332336118904,4.0,36.21817
2020-06-10 23:00:00,6.4846,91.5434452964781,2.043851255147582,14.0,26.586658
2020-06-11 00:00:00,7.201140000000009,87.48591995211717,1.8816850318455918,8.0,23.396362
2020-06-11 01:00:00,9.194180000000017,89.10015127954804,1.2255596469150751,5.0,47.922897
2020-06-11 05:00:00,14.205700000000036,65.89019542634195,1.529141458104138,7.0,474.32642
2020-06-11 06:00:00,15.295000000000016,61.44603804336561,1.6717590799625552,5.0,597.09863
2020-06-11 07:00:00,15.247220000000027,58.29513623234611,1.5443952205316618,8.0,929.0029
2020-06-11 08:00:00,15.878630000000044,55.29471404526359,1.5928386374684567,8.0,1200.144
2020-06-11 09:00:00,15.972620000000006,53.11555364479475,1.4342597531546881,6.0,1123.5225
2020-06-11 10:00:00,16.053920000000005,48.126820251407985,1.4390807973957265,6.0,1066.7731
2020-06-11 11:00:00,15.841150000000027,48.25493250383833,3.113958144050074,8.0,870.59644
2020-06-11 12:00:00,13.90300000000002,60.42680933999489,1.6033965853919296,7.0,569.44165
2020-06-11 13:00:00,13.336080000000038,62.469493647886786,0.5475058272827104,6.0,255.16939
2020-06-11 14:00:00,12.517359999999996,69.92153085447679,1.1484346137655839,5.0,81.95528
2020-06-11 15:00:00,10.525350000000003,73.02717411124773,1.8908616131488445,5.0,33.271454
2020-06-11 16:00:00,8.909700000000043,73.75369106742598,2.3700950751621574,4.0,22.433716
2020-06-11 17:00:00,8.204800000000034,72.3565606935475,2.6239128190554273,4.0,20.859055
2020-06-11 18:00:00,7.894460000000038,70.4767404782635,2.764098136150209,2.0,21.546799
2020-06-11 19:00:00,7.500699999999995,67.39272957885392,2.96206154621205,1.0,24.437164
2020-06-11 20:00:00,7.173600000000022,66.63496020807561,2.908165961196864,0.0,24.38118
2020-06-11 21:00:00,6.90676000000002,65.75461807626789,2.992859434473303,4.0,29.785233
2020-06-11 22:00:00,6.563800000000015,64.70591001265464,3.0432084859343913,4.0,22.748163
2020-06-11 23:00:00,6.182820000000049,63.5870420377714,3.113310638756194,2.0,29.231552
2020-06-12 00:00:00,6.39196000000004,64.20449748562298,2.9387141355196578,5.0,28.641556
2020-06-12 01:00:00,8.915369999999996,73.80686037535116,2.3012277758484685,7.0,31.790817
2020-06-12 02:00:00,13.168100000000038,59.45728697592955,0.7384975343834741,21.0,89.3568
2020-06-12 03:00:00,15.133399999999995,40.81005625176125,1.063431670694112,19.0,593.6415
2020-06-12 04:00:00,15.86990000000003,42.597244967815314,1.4625729631760538,13.0,945.3499
2020-06-12 05:00:00,16.514280000000042,44.19181637494869,1.689259172343253,8.0,1188.3813
2020-06-12 06:00:00,16.814200000000028,44.97026204428528,1.6111645819652098,9.0,1438.6597
2020-06-12 07:00:00,17.711270000000013,39.845135484683595,1.8739267856004538,14.0,1637.9521
2020-06-12 08:00:00,18.05734000000001,37.66737413760364,2.2032515464264355,12.0,1660.3508
2020-06-12 09:00:00,18.04504000000003,39.03886061805115,2.0524535631462286,9.0,1663.6421
2020-06-12 10:00:00,17.821560000000034,40.09905408741593,1.812986063402943,8.0,1751.6587
2020-06-12 11:00:00,17.848780000000033,40.765243099285236,1.9012310135499184,11.0,1510.3872
2020-06-12 15:00:00,13.111800000000017,61.647067778850136,1.502738548129252,10.0,47.198532
2020-06-12 16:00:00,10.514370000000042,68.9697710486903,2.3145468308541606,27.0,28.761795
2020-06-15 04:00:00,21.66305,36.21162820012596,1.207156101462024,11.0,519.36426
2020-06-15 05:00:00,22.230860000000007,37.55731304856569,1.5573503793967076,15.0,813.47754
2020-06-15 12:00:00,21.41885000000002,51.50419550200853,0.351621702665476,17.0,206.03552
2020-06-15 13:00:00,20.730430000000013,58.11991210056567,0.2480451048050981,21.0,44.211197
2020-06-15 14:00:00,18.916500000000042,65.59397904077014,1.9513407236735751,23.0,41.210983
2020-06-15 16:00:00,15.126550000000009,77.4215635263482,3.0576131354835914,26.0,24.142197
2020-06-15 17:00:00,14.35247000000004,76.5694080670171,3.183232932238527,6.0,20.567596
2020-06-15 18:00:00,14.024320000000046,72.80705035064217,3.2730782949008796,7.0,21.301514
2020-06-15 19:00:00,13.51803000000001,67.60710202695799,3.518200336054549,4.0,22.263458
2020-06-15 20:00:00,13.378000000000043,64.35118557076044,3.337487832177993,2.0,20.712326
2020-06-15 21:00:00,13.244870000000049,62.35985828808058,3.374339472388534,1.0,20.862713
2020-06-15 22:00:00,13.027120000000025,60.67972999840924,3.3863334602930424,2.0,27.5103
2020-06-16 14:00:00,19.95455000000004,47.60677989497096,0.5433271085792517,7.0,414.59277
2020-06-16 18:00:00,13.564940000000036,65.31629086424171,2.9564878922313698,6.0,18.024132
2020-06-16 19:00:00,13.70876000000004,66.99659890433789,2.8714602149265094,10.0,22.198975
2020-06-16 20:00:00,13.914670000000001,65.86516169882822,2.6599371875564546,11.0,30.14
2020-06-16 21:00:00,13.462060000000008,69.06461986701449,3.006573285185412,11.0,35.162613
2020-06-16 22:00:00,13.076380000000029,71.33041662294482,3.1835560785186443,12.0,42.319534
2020-06-16 23:00:00,13.019920000000013,70.85309484029932,2.929755624597835,11.0,37.076538
2020-06-17 00:00:00,13.057100000000048,70.97989761304972,2.264750511482195,9.0,32.838318
2020-06-17 01:00:00,13.958730000000003,77.91102853129517,0.918261594585574,7.0,43.947586
2020-06-17 02:00:00,16.063800000000015,62.42801974628201,0.8721824475793497,9.0,311.75974
2020-06-17 03:00:00,16.498000000000047,62.172454093498075,1.6716916357867688,18.0,601.7903
2020-06-17 05:00:00,17.21908000000002,62.050040522139774,2.058393649273277,9.0,820.9829
2020-06-17 06:00:00,17.360770000000002,61.797828325350444,2.2381562257220406,8.0,887.3699
2020-06-17 07:00:00,16.48684000000003,64.91903135419383,2.46921322058444,7.0,793.6411
2020-06-17 08:00:00,15.714380000000006,68.50798566313532,1.9689160550869926,8.0,878.91724
2020-06-17 09:00:00,15.284199999999998,71.13203753297596,1.3190953850053186,9.0,653.2957
2020-06-17 10:00:00,15.279600000000016,69.64532400070779,1.1203214530896801,7.0,662.71704
2020-06-17 11:00:00,15.968770000000006,69.36164306182394,1.2733073732934341,7.0,672.7129
2020-06-17 12:00:00,15.931730000000016,67.21857880350156,1.3710395592591147,7.0,674.51904
2020-06-17 13:00:00,15.715300000000013,66.97704464220905,1.3095450379768543,14.0,498.8899
2020-06-17 14:00:00,14.852959999999996,69.60745418922603,1.3115819372258262,16.0,216.92192
2020-06-17 15:00:00,13.18127000000004,77.37008452113393,1.531269634523038,2.0,50.78734
2020-06-17 16:00:00,11.514460000000042,82.28383495847983,1.5599952952323006,3.0,36.63916
2020-06-17 17:00:00,10.492400000000032,81.43269391069926,1.7674589076718619,13.0,27.524231
2020-06-17 18:00:00,13.280480000000011,64.57699785298604,0.4942485894682465,12.0,253.33653
2020-06-17 21:00:00,9.207120000000032,76.92138539796527,1.3681865288613018,6.0,13.852441
2020-06-17 22:00:00,8.324180000000013,78.1128903327806,1.5132874219379873,7.0,36.189896
2020-06-17 23:00:00,8.492600000000039,75.58305227192737,1.4872978875006269,10.0,76.70717
2020-06-18 00:00:00,8.633200000000045,74.59355706278421,1.4844720212925409,7.0,24.01477
2020-06-18 01:00:00,11.907500000000027,68.46660289247983,0.6014404088067329,4.0,71.43239
2020-06-18 02:00:00,12.945950000000039,67.36700858448214,0.9009964471474672,5.0,459.19568
2020-06-18 03:00:00,13.63223000000005,68.07321401986232,1.3542116931577193,15.0,692.3301
2020-06-18 04:00:00,14.635550000000023,67.26584428091095,1.8337703862449963,14.0,826.08405
2020-06-18 05:00:00,15.208200000000033,62.22617236716917,2.164386903811077,11.0,969.2302
2020-06-18 07:00:00,16.36020000000002,61.39356053386776,1.5780184411943867,12.0,1201.1587
2020-06-18 08:00:00,17.39178000000004,55.21570903313312,1.6976648232432454,17.0,1425.3376
2020-06-18 09:00:00,17.345000000000027,53.04058987997825,1.7316380327711707,10.0,1158.5322
2020-06-18 10:00:00,17.202140000000043,54.24282392061586,1.3398271979496108,13.0,1199.5095
2020-06-18 11:00:00,16.84408000000002,54.25073072696587,0.9325977974219755,10.0,979.42773
2020-06-18 12:00:00,16.244349999999997,54.40363763847692,0.5168275036919167,19.0,565.98486
2020-06-18 13:00:00,15.544150000000002,56.630610760766864,0.2123666185196845,14.0,213.48015
2020-06-18 14:00:00,14.201840000000004,71.99012216002463,0.8083394390660027,14.0,56.101288
2020-06-18 15:00:00,12.297750000000008,72.3476933282477,1.6864608722223147,14.0,24.573364
2020-06-18 16:00:00,10.86710000000005,72.89823334982422,1.924739922462383,23.0,20.469376
2020-06-18 17:00:00,9.728480000000047,71.26655602997741,2.102601367638995,22.0,23.522202
2020-06-18 18:00:00,9.136740000000032,69.14518067943833,2.1939657663312526,16.0,35.284958
2020-06-18 19:00:00,11.020930000000021,65.01518538886884,1.6410205481128675,6.0,45.58969
2020-06-18 20:00:00,9.841850000000022,69.51564780896128,1.900421844096855,9.0,45.83998
2020-06-18 21:00:00,8.57650000000001,73.7936544666807,2.16316873677644,7.0,41.992416
2020-06-18 22:00:00,7.964260000000024,74.16322777052046,2.352642776870559,6.0,32.484634
2020-06-18 23:00:00,7.500360000000001,74.074157164103,2.552146760501788,6.0,33.534134
2020-06-19 00:00:00,7.688320000000033,74.19858762089738,2.6042285827719653,5.0,28.62642
2020-06-19 01:00:00,10.385130000000004,76.81186644576341,2.037767546304762,4.0,28.909515
2020-06-19 02:00:00,14.992270000000019,56.05410002674843,0.5140553962881075,5.0,215.89993
2020-06-19 03:00:00,16.419100000000014,50.09986821200825,1.3388162751282051,6.0,596.8479
2020-06-19 04:00:00,17.15542000000005,50.505917247747114,1.7598325268222543,12.0,908.3408
2020-06-19 05:00:00,17.85504000000003,48.43500855691242,1.907859183501175,14.0,1283.2664
2020-06-19 06:00:00,18.51090000000005,47.2121882681831,1.9174525708633552,11.0,1657.8425
2020-06-19 07:00:00,18.370570000000043,43.591438143575225,1.5911692138062632,6.0,1604.4888
2020-06-19 08:00:00,19.498040000000003,41.819791696478795,2.1290670440663235,6.0,1635.2502
2020-06-19 09:00:00,19.805139999999994,40.91749950172204,2.281931745381356,6.0,1615.0183
2020-06-19 11:00:00,19.6986,41.128819099697274,2.0796660904953264,8.0,1350.2874
2020-06-19 12:00:00,19.067300000000046,44.18317020424193,1.2270827655293473,7.0,933.12256
2020-06-19 13:00:00,18.437220000000025,49.13194394196723,0.5634135249401655,11.0,456.48022
2020-06-19 14:00:00,16.158040000000028,71.33269437132473,0.9814447536849744,15.0,55.21399
2020-06-19 15:00:00,13.564170000000047,65.50032830659417,2.182028233456392,12.0,31.410172
2020-06-19 16:00:00,12.040549999999996,66.58102006705103,2.696614660104764,9.0,22.104551
2020-06-19 17:00:00,11.126520000000028,66.76435426923852,2.9655425755102387,9.0,21.955954
2020-06-19 18:00:00,10.604150000000004,66.36300030458158,3.090865324595726,11.0,20.56903
2020-06-19 19:00:00,10.947900000000004,55.34251406210368,3.2134264244275816,7.0,19.317894
2020-06-19 20:00:00,10.657039999999995,57.195512433504504,3.1679654271453095,4.0,20.463043
2020-06-19 21:00:00,10.235070000000007,60.04476112329785,3.2694561387305217,2.0,20.73909
2020-06-19 23:00:00,9.909270000000049,63.924672573201164,3.229380391423674,0.0,30.766052
2020-06-20 00:00:00,10.238730000000032,65.41282710629339,2.974708636014272,1.0,23.987988
2020-06-20 01:00:00,12.104200000000048,75.29602395025226,2.1199738477392445,7.0,32.20706
2020-06-20 02:00:00,16.390160000000037,61.86162993538567,0.6422242608672423,13.0,531.96875
2020-06-20 03:00:00,18.094870000000014,47.59495385356781,2.1267582174481525,29.0,1035.0435
2020-06-20 04:00:00,17.896630000000016,52.2654326175268,2.2736930074013513,16.0,898.07544
2020-06-20 05:00:00,17.945700000000045,55.3403751092532,2.9082759486958123,21.0,1123.7051
2020-06-20 06:00:00,18.34286000000003,55.45619799544498,2.9723801690789213,14.0,1586.0642
2020-06-20 07:00:00,17.607700000000023,58.02873162159188,2.700906548885576,18.0,2028.3376
2020-06-20 08:00:00,17.071000000000026,60.71986106675953,3.793851275504031,15.0,1487.804
2020-06-20 09:00:00,15.542320000000018,68.9234418952935,2.8452394689461658,10.0,1092.1086
2020-06-20 10:00:00,16.04740000000004,60.570633953220465,2.8310611275402215,7.0,1582.4619
2020-06-20 11:00:00,15.142600000000016,63.851140843040326,2.774025721513377,7.0,1405.9707
2020-06-20 12:00:00,14.462600000000009,70.52533767309505,1.2814760089917028,6.0,1365.5835
2020-06-20 13:00:00,15.009000000000015,65.24792262919462,1.3461906390400025,6.0,1183.0913
2020-06-20 14:00:00,14.107630000000029,76.69635059706401,0.7480024774119569,11.0,245.36517
2020-06-20 15:00:00,11.84390000000002,77.90634138685147,1.4141468905512782,12.0,37.253693
2020-06-20 16:00:00,10.400840000000017,78.5664236930955,1.767266210842686,8.0,56.62883
2020-06-20 17:00:00,10.14443,76.16470161801092,1.721999778845599,7.0,37.23477
2020-06-20 18:00:00,10.07516000000004,75.54216687585992,1.637928378479753,13.0,32.942505
2020-06-21 00:00:00,6.306939999999997,78.01162205016307,2.6903274473041403,7.0,26.981873
2020-06-21 01:00:00,8.88864000000001,80.22433132054749,1.9781265776814108,5.0,30.688583
2020-06-21 02:00:00,14.759520000000009,54.84306064372576,0.41137855007371416,5.0,218.2908
2020-06-21 03:00:00,16.563600000000008,42.65653596564882,0.8848593110224453,4.0,437.6587
2020-06-21 04:00:00,17.45210000000003,44.1067624917468,1.3432474662011948,5.0,605.6975
2020-06-21 05:00:00,18.367150000000038,45.38223790656687,1.6101111235389762,7.0,767.76514
2020-06-21 06:00:00,19.24917000000005,46.402229101213265,1.8165459735253708,8.0,886.21436
2020-06-21 07:00:00,20.054470000000038,45.997407759437785,1.9619344436737047,11.0,963.7529
2020-06-21 08:00:00,20.53964000000002,46.81599762097595,2.0351544904096843,11.0,979.3015
2020-06-21 09:00:00,20.817470000000014,47.4865082844035,2.041119177634873,11.0,947.82983
2020-06-21 10:00:00,20.81940000000003,48.07691776331829,1.918012672728405,14.0,813.5205
2020-06-21 11:00:00,20.626760000000047,48.94175035549206,1.6789682333479585,12.0,679.3015
2020-06-21 12:00:00,20.205399999999997,50.688253690853145,1.3471394710927715,9.0,465.27808
2020-06-21 13:00:00,19.59182000000004,54.215174388581154,0.7221926216001305,8.0,226.3141
2020-06-21 14:00:00,18.509180000000015,64.11178111656767,0.728978908851852,18.0,57.822388
2020-06-21 15:00:00,15.026760000000024,72.84718442608785,1.9592945580172976,20.0,32.73625
2020-06-21 16:00:00,13.106960000000015,74.34880477239388,2.477929379840212,18.0,22.296116
2020-06-21 17:00:00,11.881250000000023,75.75373387986727,2.8380085793387515,10.0,20.981903
2020-06-21 18:00:00,11.514460000000042,74.91950204248106,3.2011263982080087,10.0,20.457903
2020-06-21 19:00:00,11.396330000000034,72.95626826625474,3.6972013055283774,7.0,21.276089
2020-06-21 20:00:00,11.482630000000029,70.1246301071537,3.582341085229246,4.0,19.84462
2020-06-21 21:00:00,11.589440000000025,66.41050865762138,3.5297562699001017,7.0,20.611961
2020-06-21 22:00:00,11.662530000000004,63.09441529115197,3.471707547640411,6.0,24.523254
2020-06-22 01:00:00,14.121000000000038,71.93041386105634,2.672648345685642,15.0,22.340729
2020-06-22 02:00:00,19.456200000000024,59.83568749032038,0.7315771284183947,15.0,100.378494
2020-06-22 03:00:00,21.70867000000004,39.95822153625339,0.6823423579503258,25.0,309.81323
2020-06-22 04:00:00,22.35555000000005,43.59914764395526,1.2003356996024879,23.0,440.43604
2020-06-22 05:00:00,23.008800000000008,46.78300284005039,1.5583307450844839,27.0,574.27075
2020-06-22 15:00:00,18.699600000000032,71.77175478191612,1.798670105264512,29.0,32.788742
2020-06-22 17:00:00,15.302500000000009,73.33174445941513,2.7362272068365847,19.0,18.988476
2020-06-22 18:00:00,14.840779999999995,72.56543135160197,3.204585639710523,9.0,19.957924
2020-06-22 19:00:00,14.524560000000008,68.8577817098225,3.548056512860466,5.0,19.528622
2020-06-22 20:00:00,14.958430000000021,66.31026871092551,3.3356191152882966,2.0,20.32208
2020-06-22 21:00:00,15.065449999999998,63.240355843921314,3.345293050532053,8.0,22.73114
2020-06-22 22:00:00,15.068380000000047,60.51721795463939,3.3690606284680378,7.0,41.32141
2020-06-22 23:00:00,15.084680000000048,60.16484122991129,3.416488274825366,6.0,46.506332
2020-06-23 00:00:00,15.064720000000023,62.86805146369172,3.327359666213211,12.0,28.089417
2020-06-23 01:00:00,16.92587000000003,70.21999691827337,2.8028397593653795,7.0,28.807892
2020-06-23 02:00:00,19.26003000000003,79.82400636322043,1.556192846965044,25.0,53.749573
2020-06-23 03:00:00,22.434320000000014,48.65098527315116,1.0272826447641255,38.0,592.45184
2020-06-23 04:00:00,22.778400000000033,46.16284140936252,1.5432243584406837,22.0,607.79517
2020-06-23 05:00:00,22.279020000000003,50.026822936853456,1.5500352658585952,7.0,729.77686
2020-06-23 06:00:00,22.762500000000045,49.75809666519318,2.208637325265903,7.0,929.66455
2020-06-23 07:00:00,21.570760000000007,53.739458694030525,2.3024461455977856,5.0,1143.7451
2020-06-23 08:00:00,20.692620000000034,59.66481644645055,1.6534842346217697,8.0,1103.8579
2020-06-23 09:00:00,21.60390000000001,54.06395820784676,1.1405747619603108,8.0,975.57886
2020-06-23 10:00:00,21.73824000000002,52.18520611313263,1.3155199272843117,6.0,535.105
2020-06-23 11:00:00,21.863120000000038,51.69372190270705,2.0263628307986012,9.0,877.8567
2020-06-23 12:00:00,21.05600000000004,55.19612052037348,1.8968028420515086,8.0,828.92334
2020-06-23 13:00:00,20.189700000000016,60.296708822708574,1.7813914879764903,8.0,1092.7073
2020-06-23 14:00:00,18.60223000000002,64.4872979118921,1.9562389745188724,7.0,433.66437
2020-06-23 15:00:00,17.540300000000002,65.33485758246425,2.6035996817942118,7.0,98.99655
2020-06-23 16:00:00,16.908200000000022,65.26616475140438,2.6536745276260225,10.0,52.814804
2020-06-23 17:00:00,16.293240000000026,61.48352890590553,2.50804611970324,10.0,58.54149
2020-06-23 18:00:00,15.426300000000026,55.75835926707449,2.5156464893493657,6.0,83.74872
2020-06-23 19:00:00,14.916700000000048,49.56074217555236,2.563457895938536,3.0,137.5108
2020-06-23 20:00:00,14.48538000000002,44.98767251388369,2.686649118783078,5.0,591.50977
2020-06-23 21:00:00,14.239280000000008,43.12380344854742,2.5910030261288775,5.0,409.1692
2020-06-23 22:00:00,14.714560000000006,40.827424619145795,2.2483042901661228,4.0,816.688
2020-06-23 23:00:00,14.315600000000018,42.97767633145682,2.1738146463910293,6.0,174.27534
2020-06-24 00:00:00,13.963369999999998,45.155262116624,2.1311822083432532,5.0,99.347336
2020-06-24 01:00:00,16.134180000000015,48.101112621174174,1.684512780509688,4.0,61.363968
2020-06-24 02:00:00,18.684799999999996,60.55299714032335,0.4955037028234758,5.0,566.2593
2020-06-24 03:00:00,21.110680000000002,37.95173129085211,1.3980235175658287,13.0,1246.4719
2020-06-24 04:00:00,20.96404000000001,39.96128917339647,1.7865392341349604,12.0,1814.0676
2020-06-24 05:00:00,20.8433,40.19853492025233,1.9402569804657552,9.0,1937.4263
2020-06-24 06:00:00,19.91903000000002,45.073119512036754,2.1061232766641416,6.0,2056.0881
2020-06-24 07:00:00,21.296780000000012,36.60121516447204,2.7276125323187976,2.0,1901.9861
2020-06-24 08:00:00,20.80728000000005,40.13066635320147,2.4437938087857334,3.0,1582.7952
2020-06-24 09:00:00,21.286770000000047,38.68967236183459,2.4396904529487675,3.0,1176.8342
2020-06-24 10:00:00,21.75063,37.25465908042782,2.428233754242937,3.0,1565.4141
2020-06-24 11:00:00,21.476920000000007,38.4964901653261,2.2058298148804227,9.0,1062.1335
2020-06-24 12:00:00,20.760580000000004,42.973450132819316,1.1589549813428153,14.0,870.55786
2020-06-24 13:00:00,19.62650000000002,48.483634071724154,1.416920720440749,12.0,652.13525
2020-06-24 14:00:00,17.578970000000027,56.871451101892156,1.4305958178155875,16.0,228.92592
2020-06-24 15:00:00,15.70333000000005,58.04703122087263,2.091396629511168,17.0,128.10915
2020-06-24 16:00:00,14.179400000000044,63.66570050169484,2.3167924553406083,16.0,50.006897
2020-06-24 17:00:00,12.71926000000002,67.16611667350413,2.446667468822706,24.0,34.3851
2020-06-24 18:00:00,12.064600000000041,65.79706525341068,2.321747789236115,14.0,35.677597
2020-06-24 19:00:00,12.85650000000004,55.79644074169206,1.9928215911602003,10.0,33.845383
2020-06-24 20:00:00,11.332640000000026,62.13332472308799,2.266920323309515,5.0,33.69348
2020-06-24 21:00:00,10.140500000000031,67.66343333362735,2.4651644557151333,7.0,27.030365
2020-06-25 00:00:00,9.19500000000005,74.4283571971916,3.135996554935774,7.0,24.076187
2020-06-25 01:00:00,11.655100000000004,79.59331096926628,2.2534863012439748,8.0,30.893814
2020-06-25 02:00:00,16.924860000000024,62.93004063766304,0.41172572416614295,7.0,136.89758
2020-06-25 03:00:00,19.144560000000013,41.756661843269136,1.0338426631268172,17.0,540.8821
2020-06-25 04:00:00,19.698360000000037,42.684944596590206,1.594436265524665,12.0,792.57446
2020-06-25 13:00:00,21.110070000000007,48.63606689981866,0.7816095017508974,8.0,305.24683
2020-06-25 14:00:00,20.457670000000007,48.667544200891456,0.3450406741835113,10.0,31.14711
2020-06-25 15:00:00,16.175900000000013,67.04892014280306,1.8607695432959632,10.0,25.662037
2020-06-25 16:00:00,14.36178000000001,67.30282010331985,2.6257644987125652,10.0,21.667171
2020-06-25 17:00:00,13.388880000000029,68.92870573015422,3.1838027200973067,9.0,19.592157
2020-06-25 18:00:00,12.96810000000005,70.1557683417425,3.4939308989317173,10.0,19.68845
2020-06-25 19:00:00,13.225000000000023,71.03733311336951,3.6246675718672936,8.0,19.855576
2020-06-25 20:00:00,13.187460000000044,69.48663037425626,3.499330171712366,7.0,20.70121
2020-06-25 21:00:00,13.28143,66.66917245031716,3.4756373227546526,7.0,20.390476
2020-06-25 22:00:00,13.195100000000025,63.63895614793217,3.4143915960191618,6.0,26.26268
2020-06-25 23:00:00,13.162680000000023,60.899069417184805,3.3347012230030444,7.0,25.377045
2020-06-26 00:00:00,13.489370000000008,60.31770257934896,3.1558270599063696,8.0,28.366196
2020-06-26 01:00:00,15.36572000000001,68.35860516547447,2.4378389689875295,9.0,35.778046
2020-06-26 02:00:00,18.840970000000027,65.38562479663852,0.8817632216197328,16.0,82.30226
2020-06-26 04:00:00,21.93566000000004,42.07651982600841,1.4050356427636106,16.0,678.50024
2020-06-26 05:00:00,22.402120000000025,44.898830708275625,1.4846010731276484,28.0,777.969
2020-06-26 06:00:00,23.147520000000043,44.080716778779156,1.7837181791409313,9.0,878.50366
2020-06-26 07:00:00,23.23132000000004,44.94635132195906,1.8271544001132247,10.0,1007.72974
2020-06-26 08:00:00,23.12426000000005,44.96543602651232,1.8590816614203378,6.0,1125.9841
2020-06-26 09:00:00,23.260640000000024,41.67864242385739,1.604505074024788,10.0,1174.5139
2020-06-26 10:00:00,23.483000000000004,40.23012727208879,1.1766286525486451,8.0,1023.43945
2020-06-26 11:00:00,23.577330000000018,40.478901474436604,1.5034657789394568,10.0,732.37085
2020-06-26 12:00:00,22.664150000000006,43.457988536421354,1.394459651566301,7.0,470.88867
2020-06-26 13:00:00,20.443200000000047,53.35712780138339,2.0086809308979987,7.0,305.50537
2020-06-26 14:00:00,18.974540000000047,56.341469776228244,2.3573298314934688,6.0,58.66864
2020-06-26 15:00:00,17.5616,61.29743858485268,2.3737954352542787,11.0,37.526703
2020-06-26 16:00:00,16.790300000000002,65.01913799459136,2.6470215966596897,11.0,33.33017
2020-06-26 17:00:00,16.449550000000045,66.10167804824789,2.7996655942770396,14.0,34.782715
2020-06-26 18:00:00,15.69870000000003,67.96477631625983,3.1422636437417153,10.0,48.759247
2020-06-26 19:00:00,15.895380000000046,64.77455484673102,2.9942538847262052,11.0,42.859146
2020-06-26 20:00:00,15.563840000000027,64.65500351880846,3.0863323895159738,11.0,43.26033
2020-06-26 21:00:00,15.154700000000048,66.0690249900611,3.1271695602706373,9.0,41.680832
2020-06-26 22:00:00,14.910820000000001,66.00819941286355,2.9160031288584602,7.0,27.52626
2020-06-26 23:00:00,14.68100000000004,65.73812558734107,2.5748247903243824,12.0,26.598312
2020-06-27 00:00:00,13.800440000000037,72.54478433156312,2.2212956320025508,8.0,21.233932
2020-06-27 01:00:00,14.114530000000002,80.54857171802892,1.6109562255658265,9.0,143.73409
2020-06-27 02:00:00,15.900400000000047,69.56765775791365,1.5054968178280967,10.0,382.8295
2020-06-27 03:00:00,16.29226,70.61944063301613,0.9136919169632445,9.0,395.89594
2020-06-27 04:00:00,17.17434000000003,65.58889096871941,0.8677616367935119,12.0,506.6255
2020-06-27 05:00:00,15.76382000000001,73.74522778299914,1.4483338230321419,10.0,410.6585
2020-06-27 06:00:00,16.026100000000042,74.82788657258317,2.1468079142035275,6.0,460.6438
2020-06-27 07:00:00,16.856650000000002,73.07437153808158,0.8144765191830989,3.0,560.8247
2020-06-27 08:00:00,16.270399999999995,75.2525848095992,1.3307214465897887,18.0,734.5403
2020-06-27 09:00:00,15.31423000000001,79.03034023043276,2.0503948313010594,5.0,533.99963
2020-06-27 10:00:00,13.858300000000042,85.23533219049655,2.737636014615663,18.0,363.2588
2020-06-27 11:00:00,12.316340000000025,97.87375436850756,1.6989518838035085,17.0,346.8777
2020-06-27 12:00:00,11.802940000000035,98.08551441731161,1.8180224686655992,11.0,334.14368
2020-06-27 13:00:00,10.969570000000033,96.5897777627904,1.6309535330320264,7.0,192.43115
2020-06-27 14:00:00,10.308130000000006,97.05231800771611,1.4089833663734785,5.0,250.58276
2020-06-27 15:00:00,10.049599999999998,96.21154620602299,1.244460626617825,8.0,214.16441
2020-06-27 16:00:00,9.488550000000032,94.76697248859321,0.9892721377454818,15.0,222.15482
2020-06-27 17:00:00,9.207970000000046,96.22422490824553,0.8725284242343894,11.0,215.07428
2020-06-27 18:00:00,8.968800000000044,96.87715926034487,0.7674378254688796,9.0,138.00668
2020-06-27 19:00:00,8.735600000000034,95.45210357836547,0.5754743443986342,10.0,128.1883
2020-06-27 20:00:00,8.92330000000004,90.89101279484464,0.37460387570810005,12.0,99.79866
2020-06-27 21:00:00,9.04507000000001,88.14165014865672,0.2234686142633627,7.0,103.79547
2020-06-27 22:00:00,8.922500000000014,87.87648166183537,0.5012577549661638,4.0,112.19794
2020-06-27 23:00:00,8.636870000000044,89.1202474463829,0.3763259623389868,8.0,103.521515
2020-06-28 00:00:00,8.252070000000003,91.51651874974417,0.6368046117558799,8.0,136.68422
2020-06-28 01:00:00,8.525300000000016,92.67102395802466,0.8152620668098005,7.0,235.55179
2020-06-28 02:00:00,9.37515000000002,81.95044082323128,0.8614375039077384,8.0,298.26746
2020-06-28 03:00:00,9.988400000000013,78.74474387790768,1.2900399848711774,11.0,353.22617
2020-06-28 04:00:00,9.565030000000036,82.83451351941575,1.36035962962256,11.0,423.06277
2020-06-28 05:00:00,10.163000000000011,80.77395272560608,1.7151411421747929,13.0,484.47827
2020-06-28 06:00:00,10.37438000000003,86.34922636999798,2.0669140059416913,9.0,530.5393
2020-06-28 07:00:00,10.008970000000033,79.2584850964866,1.0956883753632325,11.0,505.13452
2020-06-28 08:00:00,10.916070000000047,76.47854364998436,0.8897636212823269,7.0,543.39325
2020-06-28 09:00:00,11.450460000000021,64.92095078427926,0.9308861078791945,11.0,708.8379
2020-06-28 10:00:00,11.721640000000036,62.685408875752735,1.3625788489881379,16.0,656.761
2020-06-28 11:00:00,11.685800000000029,60.96853208364712,1.1807018639789126,7.0,644.66504
2020-06-28 12:00:00,11.799300000000017,57.15989385328883,1.5223068096232637,8.0,530.4362
2020-06-28 13:00:00,10.79104000000001,61.1408560294674,1.8942825086217552,11.0,421.06174
2020-06-28 14:00:00,9.788100000000043,63.99950626329959,1.3947218766674954,9.0,255.3145
2020-06-28 15:00:00,8.93667000000005,69.43251554608626,1.012418343521014,6.0,248.33481
2020-06-28 16:00:00,7.921660000000031,85.52578992675718,1.208656392686376,3.0,139.64133
2020-06-28 17:00:00,7.6442499999999995,87.8276239288731,1.317480426263653,2.0,87.29297
2020-06-28 18:00:00,7.402250000000038,87.77743889284638,1.6493483173516557,2.0,40.39009
2020-06-28 19:00:00,6.778220000000033,82.28805753857384,1.8881368688827362,0.0,24.327515
2020-06-28 20:00:00,6.150350000000003,79.54146474795817,2.392654663819075,0.0,20.345215
2020-06-28 21:00:00,4.19747000000001,87.244474960559,2.7179241890588615,2.0,20.409988
2020-06-28 22:00:00,4.890129999999999,78.85488791164084,2.8986212479979825,1.0,16.65098
2020-06-28 23:00:00,4.700739999999996,77.50523652262098,2.984093934096119,1.0,18.972046
2020-06-29 00:00:00,4.7795300000000225,77.33930441552089,3.0366179612689588,3.0,22.800776
2020-06-29 01:00:00,6.952600000000018,82.83809604036234,2.400087280543174,5.0,33.487835
2020-06-29 02:00:00,10.595730000000003,69.5798591905546,1.2151902801094485,4.0,62.00847
2020-06-29 03:00:00,12.874870000000044,53.74732023414733,0.8798847452789182,5.0,336.7819
2020-06-29 04:00:00,14.317470000000014,49.24732445527068,1.0532302239225633,9.0,649.2761
2020-06-29 05:00:00,15.401270000000011,46.32368147818259,1.2415089762980822,7.0,864.27057
2020-06-29 06:00:00,16.22296,45.93793577132709,1.4545406723411023,9.0,1005.90234
2020-06-29 07:00:00,16.616000000000042,46.904148917312774,1.388566415781128,7.0,1081.9739
2020-06-29 08:00:00,17.176840000000027,47.70482744497387,1.4305614442368484,11.0,1119.979
2020-06-29 09:00:00,17.677300000000002,47.926696630311206,1.4317463697571193,11.0,1124.5996
2020-06-29 10:00:00,17.94595000000004,48.586581092564884,1.4780086119672138,8.0,1107.9165
2020-06-29 11:00:00,17.889800000000037,49.92891634358544,1.5099189589895115,6.0,890.08203
2020-06-29 14:00:00,15.295200000000023,65.791825160675,1.2794065331097109,6.0,112.99745
2020-06-29 15:00:00,12.532399999999996,71.03662531401258,2.038737091359396,14.0,50.270905
2020-06-29 16:00:00,10.660580000000039,72.1963797416232,2.55491894210478,11.0,31.17382
2020-06-29 17:00:00,9.72634000000005,71.69218501729905,2.8569929535371172,5.0,24.793167
2020-06-29 18:00:00,9.341820000000041,70.1093780389314,3.0361633502179113,3.0,23.420446
2020-06-29 19:00:00,9.470000000000027,71.29671287001734,3.2895015035053623,7.0,23.139479
2020-06-29 20:00:00,9.389499999999998,68.60212286466134,3.1668269551622332,19.0,23.816828
2020-06-29 21:00:00,9.381560000000036,64.81159237080422,3.242732183962859,18.0,24.61918
2020-06-29 22:00:00,9.270750000000021,61.539262675394895,3.306588180001472,15.0,23.031662
2020-06-29 23:00:00,9.20333000000005,59.83415468119144,3.366466246354958,15.0,26.781872
2020-06-30 01:00:00,11.41482000000002,68.80853620909681,2.637287962193219,25.0,35.905838
2020-06-30 02:00:00,15.07668000000001,68.00174808557516,1.413522860892246,20.0,73.1625
2020-06-30 03:00:00,18.252040000000022,41.86529272262591,0.5044829600378308,19.0,299.97534
2020-06-30 04:00:00,19.383260000000007,40.393672868517044,1.0400203127166687,17.0,452.16458
2020-06-30 05:00:00,20.15652,43.14215322581097,1.3745651117891287,18.0,582.9492
2020-06-30 06:00:00,20.869349999999997,46.408449254367326,1.6036685627586968,15.0,682.7915
2020-06-30 07:00:00,21.52484000000004,50.0158754095138,1.8256602559900255,13.0,777.43604
2020-06-30 08:00:00,21.715840000000014,52.28833810581018,1.9025663727294173,9.0,845.626
2020-06-30 09:00:00,21.870450000000005,54.06117020529225,1.7601182629767835,16.0,842.74316
2020-06-30 10:00:00,21.235160000000008,57.43686474580426,1.266640272415421,8.0,643.4363
2020-06-30 11:00:00,20.78000000000003,59.49233336173157,0.4790455988016657,5.0,552.844
2020-06-30 12:00:00,20.980980000000045,58.49696863012251,0.48418972213427924,4.0,380.6687
2020-06-30 13:00:00,20.268100000000004,65.27767923596517,1.0405304929167623,7.0,217.99438
2020-06-30 14:00:00,18.72994,79.53554446560294,1.0238208566774134,18.0,76.69487
2020-06-30 15:00:00,16.10092000000003,78.54796252683387,2.0529073041837624,29.0,40.580597
2020-06-30 16:00:00,15.644400000000019,76.78162396043905,2.6779567676398996,21.0,29.430267
2020-06-30 17:00:00,14.63357000000002,80.46395363179943,2.959364131899814,22.0,19.982582
2020-06-30 18:00:00,14.178770000000043,80.43864835673206,3.018030995940211,15.0,22.681978
2020-06-30 19:00:00,13.299220000000048,76.0304592274454,3.287718322895613,14.0,23.220337
2020-06-30 20:00:00,12.916650000000004,75.9648723370081,3.220195048968806,10.0,23.486961
2020-06-30 21:00:00,12.843770000000006,77.83897873407831,3.1055223043368874,7.0,27.055086
2020-06-30 22:00:00,12.76803000000001,79.40067373289347,2.9580363631411117,8.0,36.775803
2020-07-01 00:00:00,11.919300000000021,89.61263748758448,2.8096136483627494,6.0,38.239075
2020-07-01 01:00:00,12.868370000000027,91.01993408018699,2.379360723507207,12.0,37.731216
2020-07-01 02:00:00,13.80346000000003,90.911825786648,1.8370582324347675,11.0,54.41754
2020-07-01 03:00:00,15.237300000000005,86.45589040362199,1.3076464325200239,13.0,398.94235
2020-07-01 04:00:00,16.88378,81.14767670298934,0.8776571494465909,10.0,616.25854
2020-07-01 06:00:00,17.71460000000002,64.00806850965077,1.616050150122073,3.0,689.5569
2020-07-01 07:00:00,19.727100000000007,51.16832869678092,1.8069321673010066,4.0,705.4795
2020-07-01 08:00:00,20.620870000000025,49.01566885475248,2.0183949022375973,1.0,815.96313
2020-07-01 10:00:00,20.344660000000033,48.139603245326704,0.6781349014482498,1.0,454.32373
2020-07-01 11:00:00,20.512699999999995,46.43411135596196,0.393312685146544,2.0,548.3633
2020-07-01 12:00:00,20.491360000000043,45.74081348368094,0.650790688429351,2.0,418.05493
2020-07-01 13:00:00,19.91778000000005,53.1298461931646,0.4844715176033798,5.0,133.26614
2020-07-01 14:00:00,18.05800000000005,68.55548860730653,1.0216689549804587,9.0,29.758972
2020-07-01 15:00:00,15.489980000000003,66.67657840967625,2.225508903529386,6.0,26.325378
2020-07-01 16:00:00,13.796530000000018,69.65181020258336,2.815818481477174,5.0,21.080032
2020-07-01 17:00:00,12.869130000000041,71.09930427338531,3.130562715753382,8.0,20.910187
2020-07-01 18:00:00,12.43685000000005,69.45009182954544,3.246164387139205,6.0,21.985779
2020-07-01 19:00:00,12.586569999999995,69.19790775884847,3.3933198903475423,5.0,23.788193
2020-07-01 20:00:00,12.380700000000047,68.27465237303407,3.294398783754978,5.0,23.620483
2020-07-01 21:00:00,12.18136000000004,67.08507778052922,3.398949025090281,17.0,23.134613
2020-07-01 22:00:00,12.047020000000032,65.20999442397834,3.400468976448513,10.0,20.220732
2020-07-01 23:00:00,12.147800000000018,61.67464865128309,3.3407065859845235,8.0,27.32286
2020-07-02 00:00:00,12.68923000000001,62.13715512417184,3.2668452138537223,7.0,31.01979
2020-07-02 01:00:00,14.491660000000024,69.44353193141191,2.69043706111666,10.0,31.627182
2020-07-02 02:00:00,17.54708000000005,73.71247420842244,1.555349589801043,9.0,51.364716
2020-07-02 03:00:00,20.779380000000003,48.8244784669689,0.29304812538218566,14.0,496.4585
2020-07-02 04:00:00,21.734520000000032,45.108642830526996,0.8894680871564893,22.0,878.156
2020-07-02 05:00:00,22.46804000000003,46.81394460972767,1.3033574490361348,13.0,874.3074
2020-07-02 06:00:00,22.872250000000008,48.51599917048315,1.4595385149446733,14.0,964.37695
2020-07-02 07:00:00,21.781300000000044,53.41574989725183,1.2635185858701488,17.0,1357.844
2020-07-02 08:00:00,23.098659999999995,49.754943327789064,1.0131240717004528,13.0,1766.2859
2020-07-02 10:00:00,22.28018000000003,55.3079388692912,1.6314885414828038,17.0,683.4807
2020-07-02 11:00:00,22.592430000000036,54.26619686920759,1.3785734388002282,13.0,901.8867
2020-07-02 12:00:00,21.435140000000047,55.199589918286065,1.91590804795481,15.0,780.0034
2020-07-02 13:00:00,18.593230000000005,66.89491417821353,2.1853741741706956,16.0,293.4949
2020-07-02 14:00:00,17.668600000000026,70.54431340942816,2.177896784652971,19.0,42.79094
2020-07-02 15:00:00,16.52188000000001,74.29104314106857,2.126827480350231,12.0,23.511047
2020-07-02 17:00:00,15.518520000000024,72.25363728014857,1.1534566849427859,18.0,31.130386
2020-07-02 18:00:00,16.193700000000035,60.00240613717837,0.5087997874043526,11.0,334.64087
2020-07-02 19:00:00,14.460080000000005,59.42567350463022,1.0705570972906135,11.0,390.33148
2020-07-02 20:00:00,14.58850000000001,56.17608761786898,0.6948233411542106,7.0,100.95473
2020-07-02 21:00:00,14.045620000000042,59.057829910527296,0.15675466228364787,6.0,55.75006
2020-07-02 22:00:00,13.456870000000038,61.204690625222895,0.3153869892530753,9.0,73.028305
2020-07-02 23:00:00,13.031949999999995,62.8197992184935,0.45089827385843406,12.0,49.060455
2020-07-03 00:00:00,12.65300000000002,64.93256593277268,0.6268920789439132,10.0,74.35121
2020-07-03 01:00:00,12.53597000000002,70.1139551065056,0.3874033476093383,6.0,244.05571
2020-07-03 14:00:00,16.69160000000005,66.17763942088935,0.4260912265623994,13.0,103.40346
2020-07-03 15:00:00,14.049950000000024,77.06525161536644,1.6497686376490002,11.0,36.285263
2020-07-03 16:00:00,12.430139999999994,80.69312468707541,2.3423553054932422,12.0,25.119781
2020-07-03 17:00:00,11.741420000000005,80.54426915918461,2.367939015953889,7.0,23.532776
2020-07-03 18:00:00,11.043240000000026,79.00430627197271,2.506992990155485,3.0,20.943598
2020-07-03 19:00:00,10.813469999999995,71.93216871863338,2.4820218993621492,1.0,18.995098
2020-07-03 20:00:00,10.104330000000004,73.76205416791066,2.4882675912587233,1.0,18.950851
2020-07-03 21:00:00,9.593070000000012,73.32358897767064,2.6172955934426456,7.0,18.519104
2020-07-03 22:00:00,9.389859999999999,72.70377679380249,2.689833217534509,2.0,22.345932
2020-07-03 23:00:00,9.311360000000036,73.17664260598085,2.6194700915965843,0.0,26.518402
2020-07-04 00:00:00,9.218770000000006,74.95046221452613,2.5033468026976933,2.0,25.76474
2020-07-04 01:00:00,12.01415000000003,75.2570272338713,1.4204590435565219,6.0,27.910217
2020-07-04 02:00:00,15.868800000000022,55.14405783682305,0.7554690091923031,6.0,230.56725
2020-07-04 03:00:00,16.49404000000004,57.95365411331783,1.571109072988313,8.0,521.5674
2020-07-04 04:00:00,16.999660000000006,60.717153666108885,1.9514152941327436,11.0,806.8589
2020-07-04 05:00:00,17.304470000000038,62.04159200561913,1.9699931342919548,10.0,955.0
2020-07-04 06:00:00,17.80746000000005,61.109353143077534,2.3180857692121966,7.0,936.6504
2020-07-04 07:00:00,16.95150000000001,69.06171852247931,1.8880362457809439,7.0,876.7727
2020-07-04 08:00:00,16.663170000000036,71.30907707717802,1.6980823302392496,11.0,691.1079
2020-07-04 09:00:00,17.00210000000004,73.14845041017576,2.007121573253967,10.0,947.32983
2020-07-04 10:00:00,15.402370000000019,74.76252815879263,2.9581436446037066,9.0,744.03613
2020-07-04 11:00:00,13.064050000000009,91.28684227814675,2.113093591215375,8.0,601.7554
2020-07-04 15:00:00,11.67733000000004,85.33691583892266,1.6294757700785314,17.0,62.245667
2020-07-04 16:00:00,10.372740000000022,85.72797929860555,2.277045029622221,8.0,27.536057
2020-07-04 17:00:00,9.820520000000045,84.08434236465952,2.604065017619447,6.0,20.367188
2020-07-04 18:00:00,9.054930000000013,84.83595425844018,2.9297380492792477,8.0,20.032242
2020-07-04 19:00:00,9.194000000000017,72.29270738854044,2.835976539752903,5.0,18.072174
2020-07-04 20:00:00,8.460300000000018,75.18379124801376,3.0089000243823563,4.0,17.258667
2020-07-04 21:00:00,8.104900000000043,75.35903352280202,3.128221892994997,3.0,17.762836
2020-07-04 22:00:00,8.249840000000006,72.72234404654178,3.149116966771876,3.0,17.488075
2020-07-04 23:00:00,8.20315000000005,71.89356956046828,3.170863634305748,4.0,19.515251
2020-07-05 00:00:00,8.403040000000033,72.01266038793098,3.097245258069379,6.0,18.399292
2020-07-05 01:00:00,10.632560000000012,81.05067690510977,2.197363688161105,6.0,22.959076
2020-07-05 02:00:00,14.803800000000024,67.56082418076237,0.12694999514205937,23.0,105.098694
2020-07-05 03:00:00,16.906920000000014,48.778911975843705,1.1103026311086535,28.0,378.46948
2020-07-05 04:00:00,17.46260000000001,51.26761456496017,1.4906028365119617,28.0,654.261
2020-07-05 05:00:00,18.110929999999996,52.3075304648939,1.7215786057488325,13.0,860.17896
2020-07-05 06:00:00,18.100240000000042,55.669905334741856,1.7120302835817955,11.0,947.67017
2020-07-05 07:00:00,18.44670000000002,54.161291406516405,2.0055628194843265,11.0,1099.5156
2020-07-05 08:00:00,18.419520000000034,55.22599488498497,1.3794583817411625,6.0,912.8179
2020-07-05 09:00:00,18.202300000000037,57.66608587783965,1.20539147488855,4.0,694.07227
2020-07-05 10:00:00,18.296700000000044,57.067185503504305,0.8347187563704741,4.0,631.2373
2020-07-05 11:00:00,18.374900000000025,55.67118421092888,1.1627921257664287,7.0,497.49512
2020-07-05 12:00:00,17.843770000000006,57.34815170867541,0.6923548343316918,6.0,344.36743
2020-07-05 13:00:00,17.223630000000014,60.13000418169502,0.5939877022899601,9.0,247.4719
2020-07-05 14:00:00,16.816700000000026,61.48851996795748,0.19888753523647076,18.0,110.90675
2020-07-05 16:00:00,12.545299999999997,78.16868085966154,1.4933189737017485,5.0,28.466843
2020-07-05 17:00:00,11.56588000000005,78.7384302306336,1.7209203724637658,5.0,23.833725
2020-07-05 18:00:00,11.312250000000006,74.90517227274248,1.709689943007401,10.0,25.854279
2020-07-05 19:00:00,10.966880000000003,80.48511192503372,1.8957244226206504,7.0,32.830643
2020-07-05 20:00:00,10.681730000000016,84.41491439120458,1.8807981387180417,5.0,27.010483
2020-07-05 21:00:00,10.127769999999998,85.00299355536838,1.7642670048486249,6.0,34.342773
2020-07-05 22:00:00,10.523160000000018,83.96972503222388,1.3545921983287996,8.0,75.41351
2020-07-05 23:00:00,10.863460000000032,83.91276122425599,1.0779125691096447,5.0,80.7334
2020-07-06 00:00:00,10.190269999999998,88.08688699494526,1.2011087326188508,2.0,123.397095
2020-07-07 01:00:00,11.423969999999997,72.58284088481868,2.4788622206947806,5.0,27.50734
2020-07-07 04:00:00,19.031600000000026,43.94224257091271,1.383629448780223,6.0,605.6731
2020-07-07 05:00:00,19.725300000000004,46.28234653586296,1.6971420618581563,2.0,833.60913
2020-07-07 06:00:00,20.456140000000005,48.04613996088658,1.8444530691455896,4.0,1033.5315
2020-07-07 07:00:00,21.136960000000045,49.5665254600183,1.9469720271641382,6.0,1155.4084
2020-07-07 08:00:00,21.16990000000004,51.792044848597826,1.9318143777092618,7.0,1103.7693
2020-07-08 02:00:00,18.514920000000018,71.59170731591774,0.3973526471521643,15.0,138.66739
2020-07-08 03:00:00,20.14440000000002,59.820082490886236,1.0554903772888506,16.0,437.5293
2020-07-08 04:00:00,20.83175,61.52799072711666,1.4726630527391458,10.0,598.97534
2020-07-08 05:00:00,21.46950000000004,62.58670598354351,1.7717200429118167,17.0,755.4529
2020-07-08 06:00:00,22.20822000000004,55.06362770035601,1.9910961693549234,17.0,804.7285
2020-07-08 07:00:00,22.44766000000004,60.05652555609384,1.6593460646411584,10.0,1048.7168
2020-07-08 08:00:00,22.802819999999997,55.345377987991206,1.615025747393982,8.0,1153.7842
2020-07-08 09:00:00,23.129050000000007,55.38754794462857,1.719930828861713,8.0,1095.5996
2020-07-08 10:00:00,23.21750000000003,55.431750370807684,1.624116186707358,7.0,965.1865
2020-07-08 11:00:00,22.798360000000002,57.20103448305334,1.445706434169109,8.0,686.5957
2020-07-08 12:00:00,22.26284000000004,57.44585925566578,0.8522054731264328,9.0,656.53076
2020-07-08 13:00:00,21.786550000000034,55.48712998158548,0.04679461603676498,11.0,342.9795
2020-07-08 14:00:00,21.299830000000043,58.619041315366324,0.574201764742821,15.0,115.27817
2020-07-08 15:00:00,19.04680000000002,67.38858119478472,1.2143568801047593,16.0,29.493256
2020-07-08 16:00:00,17.40980000000002,69.54991150967504,1.7050834545190157,14.0,22.261292
2020-07-08 17:00:00,15.947170000000028,71.21149235651315,1.9366581950295065,10.0,22.445847
2020-07-08 18:00:00,16.082420000000013,66.63611930133327,1.7976930065832988,10.0,19.069155
2020-07-08 19:00:00,15.817859999999996,59.33946121588363,1.8808791212836504,9.0,23.967003
2020-07-08 20:00:00,15.12963000000002,61.26818615829742,1.9287895273739044,8.0,26.211197
2020-07-08 21:00:00,13.30740000000003,70.38535436328894,2.360518722761369,7.0,24.762054
2020-07-08 22:00:00,13.157129999999995,71.95946081762663,2.479018878192576,12.0,35.61708
2020-07-08 23:00:00,13.140070000000037,74.04647755841741,2.314002591732328,12.0,33.340652
2020-07-09 00:00:00,13.367880000000014,73.67904383136558,2.1599575327040497,11.0,30.815735
2020-07-09 01:00:00,14.145600000000002,78.25035393174892,1.9474322028150752,14.0,30.788696
2020-07-09 04:00:00,18.915549999999996,57.0440312593429,0.22775908108462325,11.0,215.63158
2020-07-09 05:00:00,19.868070000000046,54.26875310986572,0.4983704768280276,8.0,414.55298
2020-07-09 06:00:00,19.113670000000013,59.777347430232226,0.5628816486947892,9.0,442.3391
2020-07-09 07:00:00,21.41882000000004,47.67655545485122,1.2327204495058075,9.0,910.77954
2020-07-09 09:00:00,22.274200000000008,42.955555456320276,1.747950805993085,6.0,1033.0022
2020-07-09 10:00:00,22.006560000000036,42.039952879408695,1.6177610302960972,5.0,1334.2971
2020-07-09 11:00:00,21.839500000000044,41.573274016604216,1.3216782559665572,5.0,731.2073
2020-07-09 12:00:00,21.580300000000022,41.75207714248886,1.3637597024183294,6.0,1034.6924
2020-07-09 13:00:00,20.222470000000044,60.7384922028327,1.0969631513563367,8.0,449.46606
2020-07-09 14:00:00,20.202480000000037,42.8722674765589,0.6767266035063522,16.0,91.549576
2020-07-09 15:00:00,16.805930000000046,58.73201001593227,1.5583793174966376,7.0,30.84079
2020-07-09 16:00:00,14.020600000000002,66.57268554491152,2.2000158618429095,5.0,22.877556
2020-07-09 17:00:00,12.78445000000005,67.28389398226965,2.5361289992910003,9.0,24.482193
2020-07-09 18:00:00,12.13820000000004,65.56737775243576,2.6505682079744033,11.0,23.822418
2020-07-09 19:00:00,11.695700000000045,61.75483810654128,2.8791052735429448,11.0,22.605286
2020-07-09 20:00:00,11.341330000000028,63.18138083096624,2.892176777674223,10.0,22.994194
2020-07-09 21:00:00,11.103229999999996,64.77942063307901,3.0444171194597893,6.0,21.849121
2020-07-09 22:00:00,11.160670000000039,65.54651950529123,3.026048481660861,5.0,23.916245
2020-07-09 23:00:00,11.292380000000037,66.25219301465289,2.9103110412205013,9.0,26.782623
2020-07-10 00:00:00,11.349019999999996,67.84917404049871,2.8136464626049698,9.0,23.25499
2020-07-10 01:00:00,12.97610000000003,77.32546001981237,1.9814258017255606,6.0,28.18446
2020-07-10 02:00:00,17.151200000000017,70.11742647745797,0.49788007509175225,10.0,92.723404
2020-07-10 03:00:00,19.17130000000003,53.8952970854062,1.375806081817061,9.0,414.53735
2020-07-10 04:00:00,19.387170000000026,56.72064007813722,1.6050033777624892,6.0,563.9278
2020-07-10 05:00:00,19.77290000000005,57.551469570241366,1.7996915960408468,2.0,722.02563
2020-07-10 06:00:00,19.666650000000004,59.66374330371623,1.6355961077512808,3.0,1132.6929
2020-07-10 07:00:00,20.23520000000002,55.069073766921214,1.7149769525675993,4.0,1181.3394
2020-07-10 08:00:00,20.82498000000004,53.154796241879765,1.913409246440792,3.0,1702.3442
2020-07-10 09:00:00,21.116630000000043,51.19333158993273,2.0308320132642805,2.0,1055.0747
2020-07-10 10:00:00,20.625760000000014,52.32421371991009,1.688874224278493,7.0,548.3086
2020-07-10 11:00:00,20.497900000000016,50.581438133851506,1.639354008282413,11.0,563.3142
2020-07-10 12:00:00,19.611350000000016,54.013717501901404,1.3525791018629647,10.0,598.59155
2020-07-10 13:00:00,18.640770000000032,66.93139001617423,1.0111260277061918,13.0,403.98486
2020-07-10 14:00:00,16.964930000000038,75.03931855135134,1.0616819485947804,12.0,200.69157
2020-07-10 15:00:00,15.305700000000002,74.15904703176315,1.5924954708242156,8.0,67.15845
2020-07-10 16:00:00,13.985700000000008,75.60809300162931,1.882299961836878,10.0,45.89772
2020-07-10 17:00:00,14.000940000000014,71.04560893676609,1.669341366605782,6.0,42.847366
2020-07-10 18:00:00,13.36868000000004,70.48421912481503,1.7677341480557436,2.0,36.56018
2020-07-10 19:00:00,12.315940000000012,70.67804184730187,2.082667219921712,1.0,29.181229
2020-07-10 20:00:00,12.329499999999996,70.14751265503075,2.024781100210529,1.0,29.012604
2020-07-10 21:00:00,11.851300000000037,71.01482948364493,2.10197088341546,1.0,32.14421
2020-07-10 22:00:00,11.692440000000033,71.1190689984087,2.123012368819928,1.0,50.546097
2020-07-10 23:00:00,11.039360000000045,73.85049340076704,2.36060256681843,8.0,41.45108
2020-07-11 00:00:00,10.51180000000005,76.05150650593743,2.4902438717868756,5.0,24.568024
2020-07-11 01:00:00,12.931970000000035,79.25081090507531,1.764638100508668,3.0,32.71147
2020-07-11 02:00:00,17.408960000000036,64.92961603669787,0.6127808091756428,1.0,274.26263
2020-07-11 13:00:00,19.41577000000001,55.876564765009554,0.6097884510182947,8.0,965.2207
2020-07-11 15:00:00,15.74523000000005,71.90781323454075,1.3499442877772796,14.0,32.976807
2020-07-11 16:00:00,14.079000000000008,72.02001701108226,2.0243026239765913,11.0,21.628494
2020-07-11 17:00:00,12.848260000000039,72.74282827632811,2.223195206336041,6.0,22.589828
2020-07-11 18:00:00,11.95315000000005,72.65654475337955,2.4740437864428126,3.0,22.14917
2020-07-11 19:00:00,11.522270000000049,67.06155860661752,2.510197430166787,2.0,22.999924
2020-07-11 20:00:00,10.93282000000005,67.63831861940908,2.660007069621778,5.0,22.487396
2020-07-11 21:00:00,10.657860000000028,67.24324891007883,2.598208985476838,7.0,22.756683
2020-07-11 22:00:00,10.462240000000008,67.57612411622785,2.53928287033779,6.0,19.566608
2020-07-11 23:00:00,10.30874,69.03628329776048,2.468497797580646,6.0,21.55925
2020-07-12 00:00:00,10.099360000000047,70.2582129891774,2.397419331548342,6.0,24.274582
2020-07-12 03:00:00,17.974820000000022,54.53268459385983,1.7555212415771586,6.0,489.70557
2020-07-12 04:00:00,18.650959999999998,54.49481547166607,2.097326290267611,3.0,799.5923
2020-07-12 08:00:00,20.110299999999995,53.12812901416912,2.5271781682307166,3.0,1522.3901
2020-07-12 09:00:00,20.23860000000002,52.697200002820864,2.4528459497921227,2.0,1466.9233
2020-07-12 10:00:00,19.90450000000004,52.64045342926576,2.0931592307197007,6.0,1332.1746
2020-07-12 11:00:00,19.802400000000034,50.86119209076025,1.7198447568670754,7.0,1182.1978
2020-07-12 12:00:00,19.62710000000004,50.14217043106158,1.3412654114593912,7.0,849.8064
2020-07-12 13:00:00,19.038900000000012,53.84399883977542,1.0266653838622815,7.0,452.39697
2020-07-12 14:00:00,17.808100000000024,66.53807624514006,0.7729960997275164,6.0,252.62434
2020-07-12 15:00:00,17.472560000000044,57.45348896069251,0.08851358613773551,7.0,23.963837
2020-07-12 16:00:00,16.982000000000028,56.61067961579061,0.420794437734819,6.0,12.72584
2020-07-12 17:00:00,16.397970000000043,55.80472357554731,0.9953234536383249,6.0,19.104874
2020-07-12 18:00:00,15.966420000000028,55.04558853003048,1.1546093123661407,12.0,25.495317
2020-07-12 19:00:00,14.767899999999997,57.44783570121743,1.3760302630359054,8.0,28.330542
2020-07-12 20:00:00,12.773030000000006,61.96278837707751,1.638407070590934,6.0,32.377106
2020-07-12 21:00:00,11.61510000000004,63.89017840088374,1.8105885082694544,6.0,28.540253
2020-07-12 22:00:00,10.576200000000028,65.31465983351775,1.9639903458545438,4.0,27.02539
2020-07-12 23:00:00,10.068100000000015,64.43885405378617,2.049214010591099,4.0,27.764145
2020-07-13 00:00:00,10.194000000000017,61.36365889278625,2.000925762858855,3.0,20.503998
2020-07-13 01:00:00,11.582270000000051,66.45450508973074,1.5645828543092573,10.0,30.093872
2020-07-13 02:00:00,15.608730000000037,56.726757756466235,0.4292294443776829,5.0,217.98695
2020-07-13 03:00:00,17.350240000000042,45.29077640297462,1.0540965609728492,6.0,410.9536
2020-07-13 04:00:00,18.22213000000005,47.05342530194616,1.4859716335171178,16.0,582.94775
2020-07-13 05:00:00,19.11596000000003,49.029280063708676,1.897935421696368,12.0,746.9546
2020-07-13 06:00:00,19.82815000000005,51.03357976590095,2.192638067932309,19.0,878.0073
2020-07-13 07:00:00,20.88796000000002,52.72329859072862,2.319863061942842,16.0,973.80176
2020-07-13 08:00:00,21.32656000000003,53.41680486885143,2.24697371735393,12.0,987.5222
2020-07-13 09:00:00,21.624900000000025,53.97364985786838,2.331397855133255,9.0,1063.6252
2020-07-13 10:00:00,21.65590000000003,54.213138350693335,2.430462713570203,8.0,1069.9626
2020-07-13 11:00:00,21.134060000000034,54.86517774782795,1.7307586822092356,13.0,898.5508
2020-07-13 12:00:00,20.68810000000002,56.26737938346333,1.276202984389772,10.0,535.2029
2020-07-13 13:00:00,19.975850000000037,60.581153982356525,1.0302996265898017,8.0,174.00494
2020-07-13 14:00:00,19.181600000000003,62.794498179877884,0.21283403043601018,12.0,48.86429
2020-07-13 15:00:00,15.618250000000046,79.52048302725493,1.658813563530471,10.0,25.610962
2020-07-13 16:00:00,14.067769999999996,82.19180012736398,2.0458041329020356,8.0,24.511658
2020-07-13 17:00:00,13.036100000000033,82.55478782642244,2.211282994031696,6.0,24.461699
2020-07-13 18:00:00,12.339380000000006,82.03263566001044,2.3453058552033,14.0,27.649628
2020-07-13 19:00:00,14.2183,70.05458622183424,1.8999204962561889,14.0,31.980951
2020-07-13 20:00:00,13.204520000000002,71.45263728035098,2.024663622730533,14.0,30.43985
2020-07-13 21:00:00,11.53710000000001,75.9851942658022,2.355551698591868,11.0,28.37752
2020-07-13 22:00:00,10.754700000000014,76.89420788285,2.649572472416703,11.0,41.43039
2020-07-13 23:00:00,10.605999999999995,74.93477741940865,2.832926394831412,8.0,31.138931
2020-07-14 00:00:00,10.707820000000027,74.37867553928278,2.8376362557303856,9.0,26.386986
2020-07-14 01:00:00,12.396140000000003,78.87826684438569,2.20634635062974,9.0,31.731663
2020-07-14 02:00:00,16.725400000000036,71.29382986938268,0.6566503229407847,8.0,194.47598
2020-07-14 03:00:00,19.704920000000016,40.61533468902473,1.3796785564235243,17.0,404.89795
2020-07-14 04:00:00,20.157129999999995,41.35606293072985,1.8849362044465112,15.0,556.5056
2020-07-14 05:00:00,20.82850000000002,42.443087779802134,2.2580421007880656,6.0,729.76294
2020-07-14 06:00:00,21.41332,43.21215236708263,2.477499704503266,4.0,929.5039
2020-07-14 07:00:00,22.077750000000037,43.3518727628283,2.369155081478796,5.0,1167.272
2020-07-14 08:00:00,22.44073000000003,42.533777481533974,2.4484205385261455,6.0,1293.5437
2020-07-14 09:00:00,22.727700000000027,40.98027670560031,2.4061511358888574,6.0,1426.228
2020-07-14 10:00:00,22.713700000000017,39.41549622816668,2.304239867202206,13.0,1575.2222
2020-07-14 11:00:00,22.248000000000047,39.505136172392845,2.2335873787002023,9.0,1526.6956
2020-07-14 12:00:00,21.69930000000005,40.92617741022889,2.0300609138217798,8.0,1250.2703
2020-07-14 14:00:00,18.87148000000002,61.338029098699266,0.9790580782629509,15.0,365.66748
2020-07-14 15:00:00,19.07134000000002,46.75656511226456,0.6407951898365472,4.0,79.60063
2020-07-14 16:00:00,18.496640000000014,46.845342939619016,0.8029777163007474,9.0,41.46489
2020-07-14 17:00:00,17.863030000000037,47.40989247578882,0.981233594167806,6.0,37.65339
2020-07-14 18:00:00,17.160240000000044,48.78512308359459,1.2157922148630433,5.0,39.66243
2020-07-14 19:00:00,13.68276000000003,56.64533265866034,1.7518431867096895,6.0,43.4894
2020-07-14 20:00:00,12.508020000000045,59.871485792802446,1.8331245024664584,7.0,39.96877
2020-07-15 05:00:00,19.71057000000002,53.95242989674757,2.0386366543237124,5.0,782.5913
2020-07-15 08:00:00,21.628870000000006,53.73968865317577,2.421162783099166,1.0,1111.0149
2020-07-15 09:00:00,21.718380000000025,52.5004364567529,2.360032461007297,10.0,1172.8105
2020-07-15 10:00:00,21.711240000000032,51.072196894969615,2.051790394212011,8.0,1511.6035
2020-07-15 11:00:00,21.570700000000045,49.97265876850117,1.8672170235557222,5.0,1283.8115
2020-07-15 12:00:00,21.027060000000006,51.219485395847116,1.3655566441067404,7.0,872.7412
2020-07-15 13:00:00,20.489040000000045,54.73247415370919,0.9402538414824575,8.0,392.2776
2020-07-15 14:00:00,19.794100000000014,56.4571560122022,0.324275739215821,13.0,90.943726
2020-07-15 15:00:00,16.01815000000005,73.78962574540323,1.5700375970462186,16.0,28.120079
2020-07-15 16:00:00,14.053120000000035,75.29123988714794,2.248152265144859,19.0,25.110817
2020-07-15 17:00:00,12.840480000000014,72.72352032148217,2.5860483473797817,7.0,21.124184
2020-07-15 18:00:00,12.053860000000043,68.34287726482796,2.9222063241208143,14.0,20.317818
2020-07-15 19:00:00,12.00338000000005,63.2808396753945,3.3193979940266094,11.0,20.920746
2020-07-15 20:00:00,11.947050000000047,60.13016865382553,3.3431127581886453,7.0,20.629116
2020-07-15 21:00:00,11.916350000000023,57.4817828978803,3.413040827098304,6.0,20.152218
2020-07-15 22:00:00,11.76803000000001,54.27484126794872,3.4042089002565294,6.0,23.13255
2020-07-16 00:00:00,11.649699999999996,49.80735715538871,3.3461409499153096,8.0,20.640953
2020-07-16 01:00:00,13.483600000000024,60.33423341060785,2.752752058125977,8.0,25.14386
2020-07-16 02:00:00,18.078670000000045,60.46046777910591,1.0188048256993971,10.0,72.221634
2020-07-16 03:00:00,21.022970000000043,36.46233077905863,0.6214132283169951,15.0,314.2798
2020-07-16 04:00:00,21.98275000000001,38.25067122264428,1.3932361542195189,17.0,554.0073
2020-07-16 05:00:00,22.699730000000045,40.89860197240561,1.7131379057861789,10.0,796.80005
2020-07-16 06:00:00,23.43533000000002,42.36825418845977,1.9932533693770695,15.0,1009.35474
2020-07-16 07:00:00,23.802700000000016,47.16536034383984,1.7215731638964735,7.0,1059.1682
2020-07-16 08:00:00,24.077420000000018,46.74928009254437,1.4707935890189496,5.0,1147.5168
2020-07-16 09:00:00,24.235860000000002,46.519432672984465,2.0708419034898946,6.0,675.1492
2020-07-16 10:00:00,23.793420000000026,47.2926847681457,0.9393516982885063,11.0,1216.708
2020-07-16 11:00:00,23.682950000000005,47.790342921799315,0.8688050572349858,12.0,500.49194
2020-07-16 12:00:00,23.48630000000003,49.17508092011202,1.0149541226003693,8.0,294.8286
2020-07-16 13:00:00,22.26388000000003,67.77846148448292,0.7539563817798282,13.0,118.76465
2020-07-16 14:00:00,20.6259,61.822555014474695,1.739086385526809,11.0,67.49339
2020-07-16 15:00:00,18.32406000000003,67.49014719330225,2.5994878153499568,11.0,38.37082
2020-07-16 16:00:00,17.15557000000001,72.57995311479517,2.875191357929865,9.0,29.270508
2020-07-16 18:00:00,16.311000000000035,73.2695704278956,3.0581121611613282,0.0,19.529686
2020-07-16 19:00:00,16.110070000000007,70.41498180893757,3.216775437047424,4.0,21.10705
2020-07-16 20:00:00,15.481160000000045,71.41207592329802,3.229079894389251,4.0,18.85561
2020-07-16 21:00:00,15.30898000000002,70.87098904032607,3.263392871236119,1.0,18.435356
2020-07-16 22:00:00,14.987270000000024,70.54943720103077,3.2827061260548027,4.0,28.790997
2020-07-16 23:00:00,14.724700000000041,70.19136382815857,3.314232110257706,3.0,27.849472
2020-07-17 00:00:00,14.619100000000003,70.22416520641313,3.3204321760085045,1.0,20.15557
2020-07-17 01:00:00,16.35662000000002,73.95034637619635,2.71268717145548,4.0,25.592438
2020-07-17 02:00:00,20.631830000000036,67.83435707851179,0.9295542918945128,7.0,58.016357
2020-07-17 03:00:00,23.77233000000001,40.74820185394748,0.7691205113072734,13.0,433.04907
2020-07-17 04:00:00,24.406370000000038,41.381078202400595,1.4451418117296146,9.0,580.6553
2020-07-17 05:00:00,25.02236000000005,41.499455073517474,1.6666616879238305,7.0,815.8635
2020-07-17 10:00:00,25.98535000000004,43.32233102081935,1.1530906608328637,7.0,1200.6902
2020-07-17 11:00:00,25.737940000000037,44.801649519104146,0.8138797065776953,7.0,526.822
2020-07-17 12:00:00,25.275630000000035,47.00956019849236,0.5778106124847833,6.0,426.92456
2020-07-17 13:00:00,24.991880000000037,51.490696434006885,0.422151400049164,7.0,91.054306
2020-07-17 14:00:00,22.45410000000004,65.5378036971989,1.3754324828785744,16.0,52.250687
2020-07-17 15:00:00,20.505120000000034,63.057844091057156,2.453307526424148,6.0,47.61978
2020-07-17 18:00:00,18.375940000000014,66.28768811343124,2.927197218090432,4.0,26.274887
2020-07-17 19:00:00,18.77307000000002,59.25372100948912,2.559622287290384,5.0,45.670853
2020-07-17 20:00:00,17.692700000000002,62.41723680571487,2.487739730791694,8.0,53.78528
2020-07-17 21:00:00,17.004080000000044,64.49236580031129,2.4709912141480896,5.0,51.37863
2020-07-17 22:00:00,16.31146000000001,65.72258250200026,2.5623838855394405,4.0,84.24785
2020-07-17 23:00:00,15.906920000000014,67.67295692445926,2.771316807140975,4.0,53.576355
2020-07-18 00:00:00,15.833460000000002,68.73538099132257,2.9199203905188256,8.0,31.24707
2020-07-18 01:00:00,16.81570000000005,73.70462965706018,2.6136900513922985,5.0,31.980042
2020-07-18 02:00:00,19.29012,80.17595069808614,1.516793083869006,5.0,83.3802
2020-07-18 03:00:00,22.998440000000016,50.54140651836505,0.5950082652673246,4.0,501.85815
2020-07-18 04:00:00,23.658780000000036,43.75602335759861,1.0218640507898493,4.0,679.9512
2020-07-18 05:00:00,24.261400000000037,43.09044443931667,1.5263388376791103,5.0,905.0105
2020-07-18 06:00:00,24.90664000000004,41.263763811467896,2.0216343399629544,7.0,1093.2964
2020-07-18 07:00:00,24.98947000000004,41.11514730061463,1.639876178911908,7.0,1361.9812
2020-07-18 08:00:00,25.332420000000013,39.99435031086303,1.81601424929265,14.0,1481.5645
2020-07-18 09:00:00,25.71523000000002,38.48279492747637,2.08805241882544,8.0,1493.8364
2020-07-18 10:00:00,25.831170000000043,37.43174682759311,1.8865002246674023,9.0,1879.4836
2020-07-18 11:00:00,25.184960000000046,37.76292047659342,1.340820968798493,13.0,804.77344
2020-07-18 12:00:00,24.615380000000016,42.19114783530838,1.0983271897794138,12.0,600.0598
2020-07-18 13:00:00,22.964800000000025,65.7207018036939,0.9500925036425525,15.0,218.39558
2020-07-18 15:00:00,20.040800000000047,57.38454992114743,1.4044577547629633,11.0,32.159805
2020-07-18 16:00:00,17.99490000000003,60.40315469702588,2.0982888790379035,9.0,22.843414
2020-07-18 17:00:00,16.87710000000004,60.73391603970553,2.142303070230097,4.0,21.485336
2020-07-18 18:00:00,17.19735000000003,54.644243542788,1.9057715813265372,3.0,24.687103
2020-07-18 19:00:00,15.814970000000017,60.10069101385074,2.4835627980650963,5.0,24.458084
2020-07-18 20:00:00,15.439360000000022,59.27875047643516,2.482527227163861,4.0,23.198349
2020-07-18 21:00:00,15.210020000000043,57.92213358818389,2.4130211563860957,5.0,22.312943
2020-07-18 22:00:00,14.981800000000021,56.265717899376355,2.4051223233760584,3.0,29.215363
2020-07-18 23:00:00,14.852620000000002,56.60549154058312,2.4114862292381933,3.0,36.23671
2020-07-19 00:00:00,14.723100000000045,56.95987697908706,2.337678351471635,5.0,30.75528
2020-07-19 01:00:00,16.91494,55.3021813958611,1.72849099385471,7.0,32.198105
2020-07-19 02:00:00,21.078880000000026,36.0120246881618,0.7073330776425424,6.0,35.436264
2020-07-19 03:00:00,21.925070000000005,40.7412650716141,0.9663598153021697,7.0,389.6467
2020-07-19 04:00:00,22.290729999999996,40.76218969356689,1.5638387956093296,4.0,519.9226
2020-07-20 15:00:00,21.51083,37.163421787220656,0.7908305177620543,7.0,25.1669
2020-07-20 16:00:00,17.010700000000043,54.408474380012784,1.8696790553908154,6.0,26.736877
2020-07-20 17:00:00,15.600520000000017,57.48840673349601,2.4965469340855266,5.0,30.787018
2020-07-20 18:00:00,15.309000000000026,59.072079438431146,2.7536324050118894,5.0,32.70352
2020-07-20 19:00:00,15.691920000000039,56.686609632880106,2.1718140700208273,6.0,33.851746
2020-07-21 02:00:00,20.225369999999998,50.945855489255706,0.5336779562781364,7.0,80.194626
2020-07-21 03:00:00,21.825400000000002,39.15119770611513,1.4399254679672184,24.0,564.5105
2020-07-21 04:00:00,21.654629999999997,43.77438523491007,2.1489306178372907,18.0,804.9319
2020-07-21 05:00:00,21.713900000000024,45.977000388918256,2.1159752777537952,8.0,918.3677
2020-07-21 06:00:00,21.70553000000001,46.03369644544524,1.8410977104213506,6.0,1559.0652
2020-07-21 07:00:00,22.484830000000045,45.503226898376504,2.2922479463364613,3.0,1366.3135
2020-07-21 08:00:00,22.51776000000001,46.16396942230614,2.320473554164844,0.0,1714.0603
2020-07-21 09:00:00,23.007900000000006,44.18126347934278,2.319980015833014,1.0,1893.0745
2020-07-21 10:00:00,22.85354000000001,42.502454275773815,2.3209279056319927,4.0,1180.751
2020-07-21 11:00:00,23.196439999999996,40.08317380873453,2.6983111973943963,5.0,1312.7471
2020-07-21 12:00:00,22.42706000000004,40.04200276186178,3.6432039623184016,6.0,1419.1377
2020-07-21 13:00:00,19.96917000000002,51.51898076116851,2.2706623275708124,4.0,777.91406
2020-07-21 14:00:00,18.71690000000001,60.847389867201535,1.1425177824649757,4.0,150.87839
2020-07-21 15:00:00,16.957480000000032,63.649956002812715,1.9465005119768715,8.0,78.35484
2020-07-21 16:00:00,16.092600000000004,65.62866364648356,2.24795152709832,9.0,145.00517
2020-07-21 17:00:00,15.362700000000018,66.39131648289106,2.196385634768748,11.0,478.8784
2020-07-21 18:00:00,15.00260000000003,64.5804999549834,2.081807607265719,7.0,497.41125
2020-07-21 19:00:00,15.105920000000026,58.92019058530666,2.1766654121940032,3.0,361.75916
2020-07-21 20:00:00,15.132650000000012,57.85698270908376,1.9906586283239827,0.0,211.02814
2020-07-21 21:00:00,14.273340000000019,61.530185792288705,2.098614504779431,1.0,157.84108
2020-07-21 22:00:00,12.837370000000021,68.25055694671467,2.4316599169881865,1.0,146.36449
2020-07-21 23:00:00,12.213099999999997,71.02474339008353,2.6050907066569224,1.0,126.62186
2020-07-22 01:00:00,13.956299999999999,74.21725372193059,2.0563063831891233,5.0,75.50798
2020-07-22 02:00:00,18.111260000000016,66.5353466203878,1.3529528176468903,13.0,648.5751
2020-07-22 03:00:00,21.199670000000026,43.37212635672019,2.4532442913611536,9.0,1044.1726
2020-07-22 04:00:00,21.66488000000004,41.0362446486285,3.062655376566224,4.0,1461.9395
2020-07-22 05:00:00,22.16592000000003,39.456826147789656,3.1896735352854106,3.0,1527.1431
2020-07-22 06:00:00,22.662260000000003,38.45886972356991,3.1292591263494423,6.0,1956.4121
2020-07-22 07:00:00,23.027520000000038,33.101830250983326,3.177781814168531,5.0,2252.0933
2020-07-22 08:00:00,23.127160000000003,34.133394482364075,3.036095375447433,4.0,2615.1714
2020-07-22 09:00:00,23.647199999999998,33.87245141563369,3.567270978746181,0.0,1602.6812
2020-07-22 10:00:00,22.5702,35.85480777302003,4.210815510629751,3.0,1936.6941
2020-07-22 11:00:00,19.679220000000043,48.99401636146736,2.561389342935274,10.0,1565.9502
2020-07-22 12:00:00,19.524320000000046,47.05925413530186,2.6398281619980106,5.0,898.1885
2020-07-22 13:00:00,20.20416,47.63246778784592,1.4871674737696123,2.0,1310.1985
2020-07-22 19:00:00,12.137320000000045,63.4713167780126,2.6021359220818927,1.0,102.30411
2020-07-22 20:00:00,11.406640000000039,65.02293718724435,2.8408472267755496,3.0,54.145615
2020-07-22 21:00:00,11.130030000000033,64.36412851154346,3.043613314587396,2.0,36.27617
2020-07-22 22:00:00,11.19473000000005,62.902818108685125,3.2193124471129253,5.0,23.73854
2020-07-22 23:00:00,11.42452000000003,61.66306694251519,3.219310112667161,4.0,29.914139
2020-07-23 00:00:00,11.559169999999995,60.826744128096294,3.198999318553507,5.0,26.71408
2020-07-23 01:00:00,13.228229999999996,69.14030932279262,2.5204237660239377,5.0,30.267319
2020-07-23 02:00:00,19.456200000000024,51.97087991449745,0.8245684370891533,14.0,64.33644
2020-07-23 03:00:00,22.01663000000002,33.11391239969394,1.274108016396993,12.0,994.2927
2020-07-23 04:00:00,22.616800000000012,33.36429298434836,1.8105141822719462,14.0,1374.7734
2020-07-23 05:00:00,23.431480000000022,32.95452072271573,2.150433217258711,8.0,1644.9238
2020-07-23 06:00:00,24.146299999999997,32.580903908666265,2.348921827102377,10.0,1844.6819
2020-07-23 07:00:00,25.01278000000002,32.777791463949676,2.5421039276612376,14.0,2022.2654
2020-07-23 08:00:00,25.406180000000006,31.083179264922265,2.5377661565074217,10.0,2319.09
2020-07-23 09:00:00,25.614400000000046,31.181952443960036,2.393073458645507,8.0,2067.9211
2020-07-23 10:00:00,25.47750000000002,32.33871916237677,2.1696515047055853,8.0,2387.1648
2020-07-23 11:00:00,25.437280000000044,33.033072705043914,2.0327702291379146,7.0,1634.4768
2020-07-23 12:00:00,24.874780000000044,35.01811053773215,1.864450508603846,7.0,997.7471
2020-07-23 13:00:00,23.597200000000043,51.779208970781134,0.9821751831532461,8.0,295.36438
2020-07-23 14:00:00,23.382900000000006,38.0238583539124,0.3893346468857835,16.0,49.907516
2020-07-23 17:00:00,15.808070000000043,58.88794433038147,2.8844149607165672,17.0,21.162811
2020-07-23 18:00:00,15.295100000000048,59.47580996218873,3.072071118444137,12.0,21.24438
2020-07-23 19:00:00,15.041899999999998,55.44212069891224,3.4681669703313727,8.0,21.196949
2020-07-23 20:00:00,14.978780000000029,56.530268632433476,3.4571944322933836,6.0,21.308205
2020-07-23 21:00:00,14.870200000000011,57.7679829557219,3.5562946713023544,6.0,20.929459
2020-07-23 22:00:00,14.79970000000003,58.935519988410384,3.5666300958202166,7.0,21.673447
2020-07-23 23:00:00,14.889460000000042,59.797327265237506,3.5185178759263462,5.0,28.261734
2020-07-24 00:00:00,15.098960000000034,60.427918765286414,3.464165076276517,7.0,27.780838
2020-07-24 01:00:00,16.490260000000035,65.42916089965175,2.8883330286540887,11.0,31.410233
2020-07-24 02:00:00,19.91464000000002,73.11439990422178,1.3885817744518012,18.0,54.50821
2020-07-24 03:00:00,24.173730000000035,38.41510823054592,0.6011678626265227,20.0,886.84375
2020-07-24 04:00:00,24.820460000000026,38.57357922460477,1.6786599389258687,18.0,1192.3696
2020-07-24 05:00:00,24.315150000000017,41.796947613235844,1.6609234049819999,16.0,1404.9907
2020-07-24 06:00:00,23.87820000000005,46.65438726150255,1.8412278972701648,17.0,1398.9968
2020-07-24 07:00:00,23.265100000000018,51.264217977713024,1.8539703555695275,10.0,1355.7986
2020-07-24 08:00:00,22.759150000000034,57.639078047122766,1.9010169228333689,14.0,1135.0405
2020-07-24 09:00:00,23.160240000000044,56.6794520150657,2.1299142907648396,12.0,994.56445
2020-07-24 10:00:00,21.233540000000005,66.14293281565848,2.2649034791471467,22.0,901.4712
2020-07-24 11:00:00,20.008170000000007,69.5315199133839,1.5426608767128633,18.0,737.2263
2020-07-24 12:00:00,19.216240000000028,75.16163558544037,0.924386991266435,8.0,731.3152
2020-07-24 13:00:00,18.76260000000002,89.20112959676149,0.46960479564004665,14.0,386.37772
2020-07-24 14:00:00,18.713369999999998,82.25218415847405,0.5257234217536626,22.0,395.33276
2020-07-24 15:00:00,17.84808000000004,85.93794909898226,0.8923853627632047,7.0,204.22276
2020-07-24 16:00:00,17.759730000000047,84.22496778415955,0.9545607140616293,5.0,103.71182
2020-07-24 17:00:00,16.874300000000005,88.74218230589919,1.3497665843550721,4.0,42.764755
2020-07-24 18:00:00,17.3116,82.35189569708808,1.1731864805986003,4.0,59.607864
2020-07-24 19:00:00,15.142179999999996,91.07100346314044,1.6881835975144912,3.0,41.65883
2020-07-24 20:00:00,14.209300000000042,91.65872011456663,1.8554364345757077,4.0,40.583008
2020-07-24 21:00:00,14.612630000000024,87.44853538310215,1.6222016067733258,4.0,39.75354
2020-07-24 22:00:00,14.132840000000044,88.01757622537589,1.739147485071893,6.0,54.05092
2020-07-24 23:00:00,13.383800000000008,89.08897809183883,1.8300738743247116,4.0,33.89656
2020-07-25 00:00:00,13.033900000000017,90.22119337817323,2.005036150515247,3.0,36.46013
2020-07-25 01:00:00,14.844870000000014,88.7219175898141,1.5935395808997768,7.0,60.24434
2020-07-25 02:00:00,19.324180000000013,76.2184494148101,0.2818030156478821,11.0,186.87439
2020-07-25 03:00:00,21.275400000000047,60.30641346876237,1.072638754278982,11.0,519.9231
2020-07-25 04:00:00,22.049770000000024,59.92223526360248,1.5706939675812417,8.0,819.76
2020-07-25 05:00:00,22.54860000000002,57.6215029811873,1.3074016959030297,5.0,1086.1853
2020-07-25 06:00:00,23.45464000000004,56.02868052987524,2.011923318200398,4.0,1110.9827
2020-07-25 07:00:00,22.972680000000025,55.057819640956396,1.1367812013623597,3.0,1358.0869
2020-07-25 08:00:00,24.37014000000005,50.85231251020304,1.9370424540166948,3.0,1491.5149
2020-07-25 09:00:00,24.11930000000001,46.843049044517265,1.9733984609831463,3.0,1442.1145
2020-07-25 10:00:00,23.715779999999995,48.80185366953215,1.419694942100085,2.0,1183.7966
2020-07-25 11:00:00,24.014760000000024,48.107048518751235,1.6367893729412897,8.0,935.3474
2020-07-25 12:00:00,23.792500000000018,49.811400754133025,1.8901707029925525,6.0,753.23755
2020-07-25 13:00:00,22.849270000000047,58.90346860576844,1.0777730290993575,7.0,348.71155
2020-07-25 14:00:00,22.390160000000037,55.23391962036747,0.6948511063234932,12.0,74.68111
2020-07-25 15:00:00,19.266320000000007,69.22888561378599,1.5723902222252473,8.0,22.880783
2020-07-25 16:00:00,17.23678000000001,74.778744768854,2.1530481526475893,6.0,21.256065
2020-07-25 17:00:00,16.018880000000024,77.53775538926766,2.425553528933203,5.0,19.753376
2020-07-25 18:00:00,15.360299999999995,78.33574274841752,2.6437831027423377,7.0,21.251053
2020-07-25 19:00:00,14.864950000000022,73.69356259609208,3.1996159780979245,7.0,21.160538
2020-07-25 20:00:00,14.868830000000003,71.92597603622738,3.1804024100544166,6.0,18.699574
2020-07-25 21:00:00,14.911740000000009,70.29811143091483,3.233478504734684,10.0,18.586708
2020-07-25 22:00:00,15.156200000000013,67.08458161893162,3.1703845028754243,8.0,34.338852
2020-07-27 07:00:00,18.39837,64.33552579607874,2.5428143591013344,2.0,1019.7573
2020-07-27 09:00:00,19.32913000000002,52.94630474330295,2.2859892887130386,5.0,1185.8276
2020-07-27 10:00:00,19.574370000000044,49.430214002575994,2.0679017506934003,13.0,1232.334
2020-07-27 11:00:00,19.732259999999997,46.26620723210813,1.6992732398906725,13.0,985.07666
2020-07-27 12:00:00,19.634119999999996,44.70127589505418,1.5280001834796497,8.0,831.3579
2020-07-27 13:00:00,18.814480000000003,55.13603397450555,1.0854085790829628,6.0,850.57104
2020-07-27 14:00:00,18.407070000000033,50.09616050601074,0.7423086218021689,13.0,185.38057
2020-07-27 15:00:00,15.93380000000002,59.180077759642295,1.4463261565718428,7.0,73.70151
2020-07-27 16:00:00,13.852440000000001,66.43727617871868,1.905876898230955,5.0,26.260757
2020-07-27 17:00:00,12.633500000000026,70.19547384200429,2.1534607133492325,6.0,23.961838
2020-07-27 18:00:00,11.499570000000006,74.19745823414938,2.5589410567764257,2.0,21.60823
2020-07-27 22:00:00,11.11280000000005,64.89357211302764,3.3804274730842327,1.0,30.09282
2020-07-27 23:00:00,11.135919999999999,63.69807511352546,3.4301925226999215,0.0,28.970856
2020-07-28 00:00:00,11.209130000000016,63.04237705425614,3.4157696168744693,1.0,26.687302
2020-07-28 01:00:00,13.197400000000016,68.81956478322157,2.8165070902112515,18.0,27.068527
2020-07-28 02:00:00,16.940500000000043,75.28705498977808,1.2927631464751153,11.0,52.440613
2020-07-28 03:00:00,21.30084000000005,38.27116637978714,0.769956572115032,23.0,495.63672
2020-07-28 04:00:00,21.809259999999995,39.688907823684424,1.272931932173773,18.0,835.7444
2020-07-28 05:00:00,22.585300000000018,40.564637532111924,1.6630172385617186,12.0,1161.6106
2020-07-28 06:00:00,22.8827,39.91968941697494,1.711461797101802,9.0,1315.0984
2020-07-28 07:00:00,22.438620000000014,43.49259562295315,2.189791219274333,7.0,1367.1377
2020-07-28 08:00:00,22.545000000000016,44.91344287166391,2.2649939166284736,15.0,1448.0911
2020-07-28 09:00:00,22.656150000000025,45.19609215543626,2.376331978229382,9.0,1403.562
2020-07-28 10:00:00,22.73843000000005,44.766687458857014,2.3968540170712695,5.0,1753.6621
2020-07-28 11:00:00,22.009550000000047,45.04943147670089,3.305585615435876,1.0,2045.1914
2020-07-28 12:00:00,21.02860000000004,52.16671300187128,2.281170326799468,1.0,1345.8699
2020-07-28 13:00:00,20.39930000000004,56.24343526771756,1.3137367378223195,3.0,488.67993
2020-07-28 14:00:00,18.973600000000033,68.40428197120178,1.2542870339230245,9.0,102.72249
2020-07-28 15:00:00,16.84713000000005,69.30640726058184,1.772010225618548,6.0,31.173996
2020-07-28 16:00:00,14.998739999999998,72.91233342604991,2.218195944210971,6.0,20.134949
2020-07-29 13:00:00,18.437130000000025,56.36519088988029,1.6309904673861217,4.0,1197.8082
2020-07-29 14:00:00,17.314260000000047,59.689559504993476,1.9094666563102436,4.0,1017.28986
2020-07-29 15:00:00,15.318900000000042,69.378893576471,1.8413102753966482,2.0,405.29684
2020-07-29 17:00:00,14.322050000000047,68.56141401805574,1.5912535970654387,3.0,174.68988
2020-07-29 18:00:00,13.264370000000042,70.99712785155057,1.782778370501901,4.0,125.494354
2020-07-29 19:00:00,13.78884000000005,60.718520229738054,1.640031308141311,6.0,71.38075
2020-07-29 20:00:00,12.735400000000027,64.13577318795492,1.8361031614577652,4.0,59.53018
2020-07-29 22:00:00,10.399560000000008,70.81036699645726,2.250750765964021,0.0,50.078552
2020-07-30 00:00:00,8.51144000000005,76.47679456280302,2.7257993920045474,2.0,33.300873
2020-07-30 01:00:00,9.777800000000013,79.11472697091405,2.467892693424485,2.0,35.311325
2020-07-30 07:00:00,21.702230000000043,45.5780678917606,2.3399066812898126,2.0,1322.3809
2020-07-30 12:00:00,21.281900000000007,51.99377345938045,1.9625328436569294,8.0,648.6343
2020-07-30 13:00:00,20.431820000000016,55.243991728181626,1.434077725046793,7.0,374.29077
2020-07-30 17:00:00,16.706170000000043,64.32075172557654,1.5009339728723712,6.0,24.720856
2020-07-30 19:00:00,14.524620000000027,74.43832481416358,1.8909803442902837,5.0,20.071629
2020-07-30 20:00:00,13.35793000000001,80.02605168972617,2.040533051633382,0.0,17.971302
2020-07-30 21:00:00,12.608730000000037,83.17796064230555,2.202884458395583,0.0,29.407034
2020-07-30 22:00:00,13.011070000000018,83.50157618409098,2.305368460250448,3.0,41.532486
2020-07-30 23:00:00,12.974080000000015,84.3208239959927,2.279002429931188,21.0,34.580612
2020-07-31 00:00:00,12.998469999999998,84.4919035904456,2.359281206510095,8.0,32.67581
2020-07-31 01:00:00,14.534880000000044,84.21576215440396,1.8284675828922454,5.0,33.33545
2020-07-31 02:00:00,19.362630000000024,65.51533739625046,0.6616593154891309,11.0,81.0
2020-07-31 03:00:00,20.89462000000003,56.552558468418724,0.8496437729125105,8.0,267.25662
2020-08-03 18:00:00,12.113120000000038,81.90724680280346,2.193862266861309,2.0,20.282074
2020-08-03 19:00:00,11.889640000000043,82.45205710652733,2.4125684436095116,2.0,26.042221
2020-08-03 20:00:00,11.736660000000029,82.33788194358806,2.451980538670601,1.0,23.399704
2020-08-03 21:00:00,11.548670000000016,81.78561278164139,2.458290533303568,0.0,21.141354
2020-08-03 22:00:00,11.502700000000004,81.23119606135928,2.6063997386826907,2.0,45.100266
2020-08-03 23:00:00,11.506619999999998,80.86589672567504,2.5811778804301144,1.0,42.15625
2020-08-04 00:00:00,11.485700000000008,80.32973039229378,2.674690778917052,1.0,34.013977
2020-08-04 01:00:00,12.831500000000005,83.1718981227773,2.3262250195474343,5.0,31.169739
2020-08-04 02:00:00,17.1456,78.19621031240627,1.0571567106437065,7.0,72.00069
2020-08-04 03:00:00,20.048550000000034,56.829762754022525,0.8196571581591476,10.0,560.57544
2020-08-04 04:00:00,20.85226,56.21329325536928,1.3902426834599648,12.0,886.88086
2020-08-04 05:00:00,21.44906000000003,54.986634915498804,1.7133425349231863,13.0,1160.7175
2020-08-04 19:00:00,13.852800000000002,69.07822051900487,3.216636093731602,4.0,20.09122
2020-08-04 23:00:00,13.571619999999996,64.34492865733998,3.271522967090784,5.0,26.185501
2020-08-06 01:00:00,15.373860000000036,67.02887925356336,2.8560015845672355,6.0,25.891312
2020-08-06 02:00:00,18.632840000000044,74.87254516888773,1.336547038364173,10.0,67.25421
2020-08-06 03:00:00,23.08874000000003,42.25082560044981,0.5826260849511335,9.0,358.99255
2020-08-06 05:00:00,24.68282000000005,41.88361625712,1.6872041429315183,16.0,980.4531
2020-08-06 07:00:00,25.37786,40.73019300757514,1.8175746323308668,14.0,1289.4265
2020-08-06 08:00:00,25.62808000000001,39.936558965466496,1.8329552387399617,12.0,1422.73
2020-08-06 09:00:00,25.848630000000014,39.65561486043049,1.9190820122974448,9.0,1299.7708
2020-08-06 10:00:00,25.791160000000048,39.26327013359758,1.7031854488374012,11.0,2019.7134
2020-08-06 11:00:00,25.535420000000045,39.51779729694179,1.5483353554047812,15.0,1481.8884
2020-08-06 13:00:00,24.775000000000034,38.27758348312672,0.38539184164582707,14.0,196.31287
2020-08-06 14:00:00,23.813930000000028,41.31922975905634,0.3964093968026891,13.0,46.09073
2020-08-06 15:00:00,18.51370000000003,61.941459807050066,1.9086441447639655,14.0,29.897972
2020-08-06 16:00:00,17.04340000000002,64.01101071725971,2.569869088093123,22.0,23.211151
2020-08-06 18:00:00,15.68300000000005,65.1722221694758,3.1253985497487515,21.0,18.789528
2020-08-06 19:00:00,15.769800000000032,57.38787537915809,3.2678592781581473,19.0,19.177197
2020-08-06 20:00:00,15.430630000000008,58.22305016818603,3.3252517713089835,17.0,19.763502
2020-08-06 21:00:00,15.488850000000014,57.034217712249,3.3024394578419103,21.0,19.725609
2020-08-06 22:00:00,15.437460000000044,55.71797746365801,3.226330547982491,14.0,23.309479
2020-08-06 23:00:00,15.304400000000044,55.10089282615231,3.221816290163685,14.0,21.449326
2020-08-07 00:00:00,15.052030000000002,54.66494922116089,3.246661186171942,12.0,24.419327
2020-08-07 01:00:00,15.673429999999996,61.01056899976253,2.9297626323896364,14.0,28.184296
2020-08-07 02:00:00,19.102700000000027,72.79937498646787,1.36293401615166,14.0,56.453644
2020-08-07 03:00:00,23.57546000000002,37.03778930952447,0.8629283759569519,13.0,354.50806
2020-08-07 04:00:00,23.99720000000002,40.73217057060109,1.4425155119953095,14.0,523.6594
2020-08-07 05:00:00,24.612450000000024,42.835321106279494,1.7152350403768726,13.0,724.9553
2020-08-07 06:00:00,25.23458000000005,44.32856795311693,1.902632234595101,10.0,943.21606
2020-08-07 07:00:00,25.572320000000047,47.37894913450975,2.02435951309149,10.0,1081.0164
2020-08-07 08:00:00,25.39584000000002,48.20237199405484,1.8453670485758356,17.0,1215.3196
2020-08-07 10:00:00,25.931480000000022,46.134516921557335,1.7896950375869767,14.0,1388.2703
2020-08-07 11:00:00,25.65566000000001,44.975345285190414,1.5568232107132425,12.0,1380.7385
2020-08-07 13:00:00,23.796350000000018,66.68941481803083,0.8446317928873276,17.0,638.88446
2020-08-07 14:00:00,24.279440000000022,44.17565857475487,0.6193335726820267,22.0,74.406204
2020-08-07 15:00:00,23.580600000000004,44.596188168190224,0.5055753317787276,25.0,51.427322
2020-08-07 16:00:00,22.06387000000001,49.17741748778967,1.327914237687875,17.0,35.001034
2020-08-07 17:00:00,19.322080000000028,59.80725954188825,1.6891904070951067,14.0,35.775833
2020-08-07 18:00:00,16.39240000000001,72.32355236181866,2.213377070034686,14.0,32.62216
2020-08-07 19:00:00,15.29806000000002,74.74178242168583,2.648558921811743,15.0,25.783676
2020-08-07 20:00:00,14.795800000000042,76.38887746885182,2.801738071446254,13.0,25.370422
2020-08-07 21:00:00,14.72598000000005,75.61672243341117,2.98385131185763,9.0,26.375854
2020-08-07 22:00:00,14.892570000000035,73.27764353140904,2.984870877918918,7.0,23.535894
2020-08-08 01:00:00,15.724300000000028,74.43849598528372,2.5322595631652796,10.0,28.060486
2020-08-08 02:00:00,20.334500000000048,68.33877965220859,0.9696744832514933,12.0,49.297302
2020-08-08 03:00:00,22.881770000000017,52.149417407200474,0.898947354577509,12.0,334.6853
2020-08-08 04:00:00,23.602869999999996,53.71331871199169,1.550905944560617,16.0,614.5161
2020-08-08 05:00:00,23.514120000000048,55.17287090749011,1.4675534384454911,18.0,707.65845
2020-08-08 06:00:00,24.50970000000001,52.712899100062124,2.026648441928824,18.0,1006.2063
2020-08-08 07:00:00,23.246800000000007,56.61467453956796,2.017419830099749,11.0,1043.385
2020-08-08 08:00:00,23.448020000000042,56.12839829906284,2.0600621758767033,10.0,1316.1472
2020-08-08 09:00:00,24.317600000000027,50.68787042286237,2.0074888619852143,9.0,1357.6641
2020-08-08 10:00:00,24.26016000000004,49.898539890807754,1.7647032277239196,13.0,1039.3657
2020-08-08 11:00:00,23.99487000000005,50.56862523382347,1.3109182840118219,18.0,889.77734
2020-08-08 12:00:00,23.86193000000003,51.85422242868124,0.9363907890877026,15.0,342.0725
2020-08-08 13:00:00,22.597470000000044,73.03718019022877,0.7638633287485137,17.0,132.79341
2020-08-08 14:00:00,20.71610000000004,67.9956997354617,1.5515927179327782,23.0,49.817764
2020-08-08 15:00:00,18.21234000000004,73.94114871723711,2.127196599751405,24.0,26.533142
2020-08-08 16:00:00,16.78155000000004,76.8480523540243,2.4501224145266165,21.0,23.667343
2020-08-08 18:00:00,16.245750000000044,73.42182477807278,2.697872375706888,21.0,20.931385
2020-08-08 19:00:00,16.184960000000046,70.08745436301221,2.3271100322217735,17.0,27.57573
2020-08-08 20:00:00,16.56692000000004,65.20773347270813,1.9312363557253096,9.0,57.04413
2020-08-08 21:00:00,17.599019999999996,59.34149903183054,1.5583153273480508,13.0,111.82579
2020-08-08 22:00:00,15.87435000000005,75.6678847619302,1.7347427532841777,13.0,240.25342
2020-08-08 23:00:00,15.027300000000025,87.71734833123183,1.5486577347581933,13.0,256.40625
2020-08-09 00:00:00,14.85906,90.05378281571846,1.6064500306663174,11.0,73.34569
2020-08-09 01:00:00,15.06606000000005,91.80925528775657,1.6813540709093728,10.0,37.031067
2020-08-09 02:00:00,17.862570000000005,88.82769729302454,0.7920728554455433,7.0,205.11407
2020-08-09 03:00:00,20.550160000000005,68.91968002478906,1.618923935580103,10.0,436.2849
2020-08-09 04:00:00,20.054100000000005,70.13025086429352,1.6731326683558634,8.0,559.31274
2020-08-09 05:00:00,19.769370000000038,69.62880381629634,1.9194538249076496,12.0,742.438
2020-08-09 06:00:00,19.644920000000013,69.8395600018748,1.7589915092908217,9.0,797.01733
2020-08-09 07:00:00,21.03976,60.67323113554193,1.8318556530012573,9.0,1110.5403
2020-08-09 08:00:00,21.333979999999997,60.00558857456073,1.7036548453432345,14.0,1136.9673
2020-08-09 09:00:00,22.424680000000023,56.01401836518916,1.7877392274864279,9.0,1224.2478
2020-08-09 11:00:00,22.711479999999995,48.67823420666045,1.8285029653649156,14.0,1158.9587
2020-08-09 12:00:00,21.64022,51.45922034478468,1.863134526594215,11.0,1308.5122
2020-08-09 13:00:00,20.430200000000013,60.10388972538567,1.2596662155850906,11.0,1303.4929
2020-08-09 14:00:00,20.195550000000026,53.098640242946416,0.7403189159270388,15.0,183.42918
2020-08-09 15:00:00,18.72488000000004,59.76872277595346,1.1314298894787753,23.0,92.479675
2020-08-09 17:00:00,16.449180000000013,66.49531850845287,1.5744544463346883,7.0,39.810898
2020-08-09 18:00:00,15.400540000000035,69.03127641723081,1.807602859540296,6.0,30.308182
2020-08-09 19:00:00,13.683370000000025,77.0407027955063,2.1408044158415938,11.0,23.424042
2020-08-09 20:00:00,12.83166,79.29484785375182,2.521743219013427,6.0,25.459412
2020-08-09 21:00:00,12.65258,77.47772064806179,2.9568833238663794,4.0,21.990128
2020-08-09 22:00:00,12.643060000000048,74.73829545683272,3.098869123974319,8.0,20.22055
2020-08-09 23:00:00,12.819800000000043,71.91875051243501,3.0722421347007463,5.0,31.870773
2020-08-10 00:00:00,12.856600000000014,70.4471875282363,3.0804562381187433,2.0,32.665894
2020-08-10 01:00:00,13.976950000000045,73.12071590862249,2.7225768053209483,5.0,29.85028
2020-08-10 04:00:00,21.854820000000018,44.65130922657546,1.7193286807708699,6.0,938.6294
2020-08-10 06:00:00,22.712850000000003,42.29204961559516,2.0747191790044885,8.0,1623.5396
2020-08-10 07:00:00,23.226680000000044,40.96017270346938,2.157080091408432,7.0,1683.0002
2020-08-10 08:00:00,23.28866000000005,41.1181970556454,2.041541526732163,6.0,1855.0579
2020-08-10 09:00:00,23.422140000000013,41.09774713951343,2.0005548750762348,5.0,1818.2634
2020-08-10 10:00:00,23.35146000000003,41.97641442360943,1.7589850202325317,8.0,1792.2361
2020-08-10 11:00:00,23.013670000000047,43.340409765375654,1.5506091252935474,7.0,1285.2783
2020-08-10 12:00:00,22.915200000000027,44.561437167109005,1.2164494591365684,5.0,816.0298
2020-08-10 13:00:00,21.731070000000045,65.74150344888832,1.0431736056825305,14.0,260.60144
2020-08-10 14:00:00,21.667200000000037,45.56502110324436,0.6619419070406337,13.0,73.20538
2020-08-10 15:00:00,18.213220000000035,60.23470745023566,1.522315725370124,10.0,33.141464
2020-08-10 16:00:00,16.38354000000004,67.3889505651562,1.9623551511875519,9.0,24.686935
2020-08-10 17:00:00,14.95780000000002,71.48847059972353,2.268312828208788,8.0,29.246918
2020-08-10 18:00:00,13.886250000000018,74.06993011904413,2.677823761803302,6.0,29.726547
2020-08-10 19:00:00,13.717160000000035,71.7980698269816,2.918454723026067,6.0,23.957886
2020-08-10 20:00:00,13.702420000000018,69.19394558698158,2.787989051601258,5.0,21.777344
2020-08-10 21:00:00,13.774500000000046,68.25653544593881,2.925545923772117,4.0,24.891602
2020-08-10 22:00:00,13.59620000000001,68.79042901952609,3.0175487769452296,3.0,50.27339
2020-08-10 23:00:00,13.598720000000014,68.31987546385008,3.1084730333516872,2.0,54.959457
2020-08-11 00:00:00,13.580380000000048,68.73817200463765,3.2086680377991255,5.0,45.38124
2020-08-11 02:00:00,17.661100000000033,76.85512362298226,1.4454318371943597,7.0,54.93361
2020-08-11 04:00:00,22.58724000000001,43.9272943616498,1.4042396955625809,9.0,1099.9436
2020-08-11 05:00:00,23.001700000000028,44.89786786199708,1.7277707515585539,9.0,1134.0662
2020-08-11 06:00:00,23.25290000000001,46.29198177871503,1.3607317444214526,11.0,1619.6514
2020-08-11 07:00:00,23.33596,43.48378207211289,1.9632553256502963,10.0,1793.2468
2020-08-11 08:00:00,23.349760000000003,43.53228525297872,2.3796467633118072,8.0,1674.617
2020-08-11 09:00:00,22.380150000000015,47.16450694810292,2.460281751565818,11.0,1570.9001
2020-08-11 10:00:00,22.83053000000001,45.45297160572661,1.3529946080998567,7.0,1588.469
2020-08-11 11:00:00,23.265100000000018,42.83022010775385,1.6797635393621122,6.0,1096.7598
2020-08-11 12:00:00,22.69010000000003,41.939388171236274,2.2748153836031113,5.0,1010.84546
2020-08-11 13:00:00,20.82537000000002,46.62984386653016,1.7778842457909796,8.0,343.67773
2020-08-11 14:00:00,19.09557000000001,64.5469879492197,0.8953138142739541,8.0,133.86069
2020-08-11 15:00:00,19.687160000000006,53.4102931360077,0.6928929877066295,9.0,59.075592
2020-08-11 16:00:00,19.299860000000024,55.30270604550042,0.698886981803131,16.0,42.089813
2020-08-11 17:00:00,17.67034000000001,63.41248154579335,1.0953937485242253,11.0,103.01335
2020-08-11 18:00:00,15.584300000000042,76.11830526186553,1.3968032969967668,9.0,179.72531
2020-08-11 19:00:00,14.799800000000005,73.34544688263739,1.636917198833245,11.0,86.89601
2020-08-11 20:00:00,13.03982000000002,85.31278269776422,1.9394432103546395,8.0,44.863937
2020-08-11 21:00:00,12.121669999999995,88.44648521415168,2.2990647018230694,7.0,27.718414
2020-08-11 22:00:00,11.57107000000002,89.52138147528272,2.634923565426377,5.0,27.341125
2020-08-11 23:00:00,11.229120000000023,89.32390674659042,2.675496428224349,4.0,21.257446
2020-08-12 00:00:00,11.263270000000034,87.18929062309003,2.7855621287952994,4.0,19.603561
2020-08-12 01:00:00,13.138500000000022,82.1895012136034,2.5229523544497545,7.0,27.876205
2020-08-12 02:00:00,17.134240000000034,74.53178146132032,0.9258176708049483,9.0,189.55577
2020-08-12 14:00:00,18.473960000000034,61.04893052284133,1.3238331449655856,24.0,93.755905
2020-08-12 16:00:00,15.551900000000046,66.4206074056929,1.9513990187583932,17.0,24.170013
2020-08-12 18:00:00,16.40658000000002,49.917622564954826,1.5553329742946427,13.0,24.210495
2020-08-12 19:00:00,15.13268000000005,51.80434779224271,1.837412693000533,7.0,25.570816
2020-08-12 20:00:00,15.232400000000041,49.68221844927991,1.7520429944992726,7.0,32.1716
2020-08-12 21:00:00,14.111660000000029,57.211520265344554,1.9312741549578842,6.0,34.0493
2020-08-12 23:00:00,13.12814000000003,64.11268731019486,2.2600588443096017,9.0,59.351166
2020-08-13 00:00:00,12.988240000000019,67.07332846406804,2.3235221124564207,11.0,36.96678
2020-08-13 01:00:00,13.593160000000012,71.00993066104668,2.2460516712700183,8.0,36.8667
2020-08-13 02:00:00,16.959130000000016,65.84738339153114,0.9694723149411024,5.0,70.99179
2020-08-13 03:00:00,19.541770000000042,43.625881051234714,1.0882438982579292,6.0,508.98657
2020-08-13 04:00:00,20.25063,44.55242361459494,1.6020531006166536,8.0,1017.37427
2020-08-13 05:00:00,20.796870000000013,45.3398652476198,2.008881209317828,12.0,1185.5908
2020-08-13 06:00:00,20.5231,47.21460083742261,2.31009015694385,10.0,1348.5647
2020-08-13 07:00:00,19.434529999999995,54.07624094661817,1.2925300812898872,16.0,1323.6589
2020-08-13 08:00:00,18.320899999999995,60.15648167662689,1.0074942500336912,13.0,1574.7971
2020-08-13 09:00:00,18.538900000000012,56.858599001318275,0.8837620483388366,7.0,1147.5725
2020-08-13 10:00:00,17.963099999999997,60.19233419842282,1.9479880185095595,11.0,1561.2241
2020-08-13 11:00:00,16.21664000000004,65.43458457498775,1.9817665389022416,8.0,1290.7646
2020-08-13 12:00:00,14.095900000000029,88.81735217288444,1.4169882563829137,7.0,1070.477
2020-08-13 14:00:00,13.697300000000041,85.66343618881153,0.6241614744446924,30.0,536.5427
2020-08-13 15:00:00,13.701530000000048,81.35924379206702,0.7972045855411583,7.0,363.5356
2020-08-13 16:00:00,13.169340000000034,82.3141558515497,1.0263334824510422,8.0,321.85452
2020-08-13 17:00:00,12.753960000000006,85.1839531615135,1.191385069678399,9.0,214.06618
2020-08-13 18:00:00,11.904260000000022,87.04006766998796,1.4224301495899714,7.0,204.93175
2020-08-13 20:00:00,9.977660000000014,86.10536821541938,1.9486684239826513,7.0,34.638718
2020-08-13 21:00:00,9.250879999999995,86.11711704437387,2.137988781741241,7.0,27.348953
2020-08-13 22:00:00,8.430319999999995,85.98361261972681,2.323255251731058,4.0,27.495178
2020-08-14 00:00:00,6.698400000000049,86.16719789525533,2.8375839647073797,5.0,22.6622
2020-08-14 01:00:00,7.877040000000022,86.0304786753265,2.6740986612570468,3.0,26.04271
2020-08-14 02:00:00,14.814099999999996,74.0742585022999,1.0543816178376377,6.0,57.610123
2020-08-14 03:00:00,18.019740000000013,42.889101895662144,0.8789843730941981,8.0,656.1538
2020-08-14 04:00:00,18.777000000000044,43.237775336076034,1.485493572018708,11.0,927.4807
2020-08-14 05:00:00,19.622640000000047,43.558588984208804,1.8312678037693177,14.0,1226.1802
2020-08-14 06:00:00,20.35772000000003,43.01088766430923,2.1291276933423533,12.0,1451.8083
2020-08-14 07:00:00,20.65440000000001,43.10432786120421,2.269019027147556,11.0,1625.689
2020-08-14 09:00:00,21.52896000000004,39.5111778967302,2.360767681299928,12.0,1813.166
2020-08-14 10:00:00,21.52430000000004,39.009160528512425,2.229066419184671,17.0,1720.6155
2020-08-14 11:00:00,21.339260000000024,38.69482934380546,1.8757685596193177,10.0,1369.7402
2020-08-14 12:00:00,20.78893000000005,40.09372824787099,1.389349399535329,21.0,927.0442
2020-08-14 13:00:00,19.56880000000001,61.46866940250803,0.8342575559634101,22.0,362.9409
2020-08-14 14:00:00,19.304300000000012,42.43679941871595,0.3598267279244583,29.0,43.84955
2020-08-14 15:00:00,14.326440000000048,62.746164068530824,1.7985056162918904,18.0,25.830193
2020-08-14 17:00:00,11.443500000000029,63.81612563488657,2.7472997854720003,26.0,19.507515
2020-08-14 18:00:00,10.939800000000048,61.99091205605548,3.0074691887077902,17.0,20.046062
2020-08-14 19:00:00,10.91796000000005,55.42749727229635,3.3051915842166366,11.0,19.823124
2020-08-14 20:00:00,11.018200000000036,53.278268219146995,3.30932276960638,10.0,20.486645
2020-08-14 21:00:00,11.005150000000015,52.6537022717853,3.3550888564618866,8.0,21.051315
2020-08-14 23:00:00,10.886130000000037,51.65456850487144,3.336383827319376,32.0,22.776875
2020-08-15 00:00:00,10.78830000000005,50.13771458597945,3.3270991293525354,21.0,22.22831
2020-08-15 01:00:00,11.775800000000004,56.46029080649529,3.017561113792561,7.0,24.634628
2020-08-15 03:00:00,20.517719999999997,30.61189900890592,0.42978502430056864,20.0,395.63037
2020-08-15 05:00:00,22.0206,34.06984188723137,1.7475779035052799,23.0,1148.6172
2020-08-15 06:00:00,22.542700000000025,35.482483826529624,1.9281028493846128,16.0,1357.7407
2020-08-15 07:00:00,23.09250000000003,38.48497282790671,1.968192642998266,7.0,1538.8406
2020-08-15 08:00:00,23.172200000000032,39.544333957956745,1.7769724911712177,4.0,1628.7776
2020-08-15 09:00:00,23.486630000000048,36.1066553678061,2.0036522658882805,7.0,1736.6863
2020-08-15 10:00:00,23.462980000000016,36.73058061932697,1.8918858736965107,14.0,1842.3267
2020-08-15 11:00:00,23.295980000000043,36.820328373186825,1.8544808433268305,10.0,1419.4148
2020-08-15 13:00:00,21.125760000000014,60.95555186998767,0.8441001374069341,17.0,375.6446
2020-08-15 14:00:00,21.122640000000047,40.048709325545644,0.801318775279152,14.0,28.133163
2020-08-15 15:00:00,16.013270000000034,60.72957342080887,2.042415967948488,14.0,21.560928
2020-08-15 16:00:00,14.252220000000023,64.14288710669027,2.605942782904554,11.0,20.867785
2020-08-15 17:00:00,13.506619999999998,64.68551971393885,2.9687434788265037,12.0,19.62928
2020-08-15 18:00:00,13.336080000000038,65.52064873665239,3.218511130056755,9.0,19.793224
2020-08-15 19:00:00,13.504940000000033,62.08775694354591,3.438744545751231,7.0,21.053524
2020-08-16 04:00:00,23.15945000000005,41.09552336192404,1.3333041529410932,18.0,751.32056
2020-08-16 05:00:00,23.818140000000028,43.06900191974438,1.4371057026873006,11.0,1098.2444
2020-08-16 06:00:00,24.56536,43.20687081767981,1.5838566518074322,19.0,1301.3743
2020-08-16 07:00:00,25.194800000000043,41.624780919201214,1.7608796326625962,26.0,1477.4739
2020-08-16 08:00:00,25.706700000000012,38.4647551391493,2.460319010823403,21.0,1649.2109
2020-08-16 09:00:00,25.438199999999995,39.86409355676245,1.8101559775359277,27.0,1641.5264
2020-08-16 10:00:00,25.527120000000025,41.357985271653476,2.1584500395069632,20.0,1685.6292
2020-08-16 11:00:00,24.98132000000004,43.052643145863485,1.8983947579882037,13.0,1500.3948
2020-08-16 12:00:00,24.165369999999996,47.306069921462985,1.485248057734777,22.0,1040.197
2020-08-16 13:00:00,22.35638,68.24624956035417,1.070361359409855,30.0,463.77203
2020-08-16 15:00:00,20.6952,56.94639679841893,1.1243843946180816,24.0,341.0153
2020-08-16 16:00:00,20.682180000000017,54.11629546903596,0.993114171356415,11.0,160.1882
2020-08-16 17:00:00,20.49914000000001,54.40429445048838,0.7219884500895313,14.0,68.915344
2020-08-16 18:00:00,17.123680000000036,72.89234610009723,1.6855171949252314,12.0,34.161545
2020-08-16 19:00:00,16.20825000000002,72.85528059433689,2.7087018477365663,19.0,19.03476
2020-08-16 20:00:00,16.11904000000004,72.6861289718229,2.5503894189061613,11.0,16.900589
2020-08-16 21:00:00,15.45034000000004,71.22748042351833,2.3754037045244583,13.0,20.149887
2020-08-16 22:00:00,15.181970000000035,70.48414147646866,2.5999174387205266,13.0,54.708694
2020-08-16 23:00:00,15.184529999999995,70.9384701258198,2.752170067246238,13.0,42.430954
2020-08-17 14:00:00,23.241700000000037,45.41702374075566,0.6042503040767577,20.0,60.045624
2020-08-17 15:00:00,19.472440000000006,67.8171812611128,1.4342600035044601,12.0,45.32672
2020-08-17 16:00:00,17.49430000000001,85.45297623169643,2.0715347445416525,8.0,60.625717
2020-08-17 18:00:00,16.628780000000006,87.64931199828439,2.1138641435528567,12.0,33.96205
2020-08-17 19:00:00,15.568700000000035,89.76849076447016,2.6806558294923373,8.0,29.060623
2020-08-17 20:00:00,15.21902,88.61622879034259,2.4872610934007113,13.0,25.034088
2020-08-17 21:00:00,14.505580000000009,88.13268201505761,2.4531106487504166,9.0,30.303085
2020-08-17 22:00:00,14.180499999999995,89.00657294025085,2.3239388110225243,7.0,34.76178
2020-08-17 23:00:00,14.356160000000045,86.22672008821066,1.989125481898682,8.0,80.946075
2020-08-18 00:00:00,15.486019999999996,80.18657401088528,1.5340683090327618,11.0,179.12892
2020-08-18 01:00:00,15.903220000000033,80.05116779380985,1.0733314434769685,21.0,485.06686
2020-08-18 02:00:00,15.81030000000004,86.84057141870764,1.1185284411385656,10.0,454.9938
2020-08-18 03:00:00,15.670980000000043,89.35011728409982,1.656629724782753,16.0,425.22974
2020-08-18 04:00:00,14.89790000000005,96.17067447367107,1.4662938012413813,14.0,465.25024
2020-08-18 05:00:00,14.89205000000004,96.53767550202876,1.9352234420138932,8.0,487.0681
2020-08-18 06:00:00,14.259580000000028,97.16219743953279,1.7907144260001036,23.0,387.7791
2020-08-18 07:00:00,13.758020000000045,95.79462895410704,1.0787341591811235,18.0,416.52612
2020-08-18 08:00:00,13.879050000000007,93.70657072445191,1.4525264046524107,26.0,416.55908
2020-08-18 09:00:00,13.733000000000004,92.52483323494381,1.25402777451246,4.0,363.2517
2020-08-18 10:00:00,13.618550000000027,91.13513552669298,1.3426497334448215,3.0,467.3755
2020-08-18 11:00:00,15.070150000000012,74.22506260654683,1.446486360725344,1.0,551.24536
2020-08-18 12:00:00,15.602840000000015,70.19546289359602,1.1643662840508784,1.0,373.90112
2020-08-18 13:00:00,15.416600000000017,74.01876957748617,0.6924411947128155,8.0,254.51903
2020-08-18 14:00:00,15.467219999999998,68.16659791085493,0.6028952070258795,9.0,104.11545
2020-08-18 15:00:00,14.309900000000027,72.21083776321012,1.1004816415065732,11.0,28.944931
2020-08-18 16:00:00,13.454800000000034,73.13451364546339,1.3468347359599426,8.0,20.88971
2020-08-18 17:00:00,14.397360000000049,64.08952767660436,1.2348891852027648,4.0,19.335922
2020-08-18 18:00:00,14.985130000000026,56.414661835965056,1.1875825091540757,6.0,18.809708
2020-08-18 19:00:00,9.572230000000047,77.1758669045066,2.5971557011891684,9.0,18.307924
2020-08-18 20:00:00,9.52072000000004,78.49051249015181,2.7797887664872127,7.0,17.879524
2020-08-18 21:00:00,10.082120000000032,73.54392960541439,2.727709685041055,6.0,18.854279
2020-08-18 23:00:00,10.233240000000023,65.78825630153608,2.5465097107097314,5.0,17.139025
2020-08-19 00:00:00,10.053740000000005,62.78442633272291,2.4789651476199195,10.0,18.001484
2020-08-19 01:00:00,10.4255,70.767548445877,2.212912969080341,11.0,19.933842
2020-08-19 02:00:00,14.420500000000004,61.089755958609565,0.8755081557263028,24.0,43.543427
2020-08-19 03:00:00,16.732020000000034,45.65832302055828,0.8583378749183243,16.0,297.78516
2020-08-19 04:00:00,17.37274000000002,50.0085654203246,1.4052146659576963,22.0,519.76196
2020-08-19 05:00:00,18.13530000000003,53.492881922943525,1.9220901244867423,13.0,742.803
2020-08-19 06:00:00,18.57498000000004,54.98167866505601,2.046446758313904,7.0,838.0344
2020-08-19 07:00:00,18.426140000000032,55.325859512884406,1.8344139764728595,3.0,1025.0044
2020-08-19 08:00:00,18.63375000000002,56.58172634021272,1.8336207136854668,4.0,1025.5774
2020-08-19 09:00:00,18.843800000000044,56.66056957923326,1.6082705224373357,6.0,1078.0483
2020-08-19 10:00:00,18.904750000000035,56.49672568303527,1.5002393245245407,6.0,945.17053
2020-08-19 11:00:00,18.867760000000033,55.23143659266874,1.4926270900863619,6.0,732.062
2020-08-19 12:00:00,18.33184,55.599137438119094,1.1805818433054514,6.0,448.239
2020-08-19 13:00:00,17.497250000000008,59.21645998941638,0.6284005735079254,10.0,266.65784
2020-08-19 14:00:00,16.269300000000044,68.72198057846242,0.7693146961836486,10.0,38.249847
2020-08-19 15:00:00,13.742460000000051,78.06057853682661,1.777763718393246,7.0,20.406906
2020-08-19 16:00:00,13.12805000000003,78.38528614743984,2.226678538213408,5.0,21.57724
2020-08-19 17:00:00,12.26320000000004,79.25780585229093,2.647812595588653,4.0,18.575073
2020-08-19 18:00:00,11.544900000000041,79.18606074194517,2.862706625258664,4.0,20.095856
2020-08-19 19:00:00,12.216580000000022,76.86525889355492,2.3506719202606265,9.0,21.873825
2020-08-19 20:00:00,11.0308,79.96919200902477,2.3280860417176426,8.0,21.539429
2020-08-19 21:00:00,10.462980000000016,80.0073096922376,2.4825584356632415,13.0,28.737823
2020-08-19 22:00:00,10.006370000000004,79.47539028037468,2.552975937470229,7.0,33.032196
2020-08-19 23:00:00,9.677900000000022,78.57870610521897,2.4400632523608254,8.0,20.041061
2020-08-20 00:00:00,9.528250000000014,77.33480797500539,2.4353806867302916,7.0,18.73738
2020-08-20 01:00:00,9.990080000000034,77.70950850945859,2.357337273707352,11.0,22.551834
2020-08-20 02:00:00,14.863850000000014,66.40862182475925,1.132816513328113,19.0,40.050858
2020-08-20 03:00:00,18.36035000000004,42.092974192934896,0.7572893475339924,20.0,301.35156
2020-08-20 04:00:00,19.052700000000016,44.13563536774311,1.4966372947111921,23.0,509.91772
2020-08-20 05:00:00,19.518500000000017,46.703858056945755,1.6561352225966441,21.0,743.33057
2020-08-20 07:00:00,20.335050000000024,51.09105747037167,1.745399923725451,18.0,823.24927
2020-08-20 08:00:00,20.52720000000005,51.869733582520524,1.708218359495053,20.0,1122.0437
2020-08-20 09:00:00,20.63864000000001,48.96781759323605,1.6278962158964558,11.0,1114.5808
2020-08-20 10:00:00,20.44064000000003,49.78156913043081,1.5172993179830867,13.0,928.14014
2020-08-20 11:00:00,20.313620000000014,50.404412677204014,1.5768202292755031,10.0,618.99585
2020-08-20 12:00:00,19.39163000000002,54.070490241528276,1.4332095913751344,8.0,505.87085
2020-08-20 14:00:00,17.84734000000003,58.85891795058678,0.6370058175628044,16.0,71.81143
2020-08-20 15:00:00,14.565670000000011,76.46681500456482,1.6280207731398002,24.0,54.271545
2020-08-20 16:00:00,13.35537000000005,78.31098602519853,1.8762240981855622,15.0,44.07808
2020-08-20 17:00:00,13.23580000000004,73.97724504861976,1.7995598013790355,11.0,52.273453
2020-08-20 18:00:00,12.578520000000026,74.1023287064976,1.93633578443772,7.0,56.165436
2020-08-20 19:00:00,12.156270000000006,72.86335957300516,2.2334058768180785,6.0,50.243195
2020-08-20 21:00:00,10.900869999999998,74.0661212767393,2.7303907940157024,10.0,23.218643
2020-08-20 22:00:00,10.989160000000027,72.4389851259664,2.6565389796878973,6.0,29.96762
2020-08-20 23:00:00,10.862240000000043,71.14408789072901,2.606719675728806,5.0,38.468018
2020-08-21 00:00:00,10.450040000000001,71.39059080199306,2.570113828315215,4.0,27.491028
2020-08-21 01:00:00,10.894920000000013,76.03825471349475,2.3757959521694083,6.0,29.576752
2020-08-21 02:00:00,15.728229999999996,66.16588253770858,1.0279972768436938,6.0,85.91522
2020-08-21 03:00:00,18.36477000000002,50.30140721999843,1.096908329936621,7.0,541.55585
2020-08-21 04:00:00,18.98678000000001,53.01804027936615,1.7932741733416189,7.0,964.1604
2020-08-21 05:00:00,18.51818000000003,57.44142405457107,2.0496235800374785,7.0,951.2749
2020-08-21 06:00:00,18.940240000000017,57.34564171113084,2.4183849731701734,5.0,1168.0757
2020-08-21 07:00:00,18.81310000000002,55.351750765395096,2.1484848458935355,4.0,1442.2549
2020-08-21 08:00:00,19.4443,51.83994275345712,1.9682033092176345,9.0,1491.9214
2020-08-21 09:00:00,19.945100000000025,47.48878468662472,2.042757392078083,7.0,1695.9246
2020-08-21 10:00:00,19.976130000000012,45.28246152832142,2.1625621293286583,7.0,1317.1731
2020-08-21 12:00:00,19.07522,45.66874579966034,1.630231301234169,12.0,539.3242
2020-08-21 13:00:00,17.756619999999998,64.76928262328865,0.8955353206379558,13.0,196.0949
2020-08-21 14:00:00,16.526820000000043,55.71740717830483,0.9566150212721155,9.0,39.539963
2020-08-21 15:00:00,13.454520000000002,68.23126478459858,2.16886313804361,5.0,33.88333
2020-08-21 16:00:00,12.024870000000021,72.45650492411966,2.657605824430764,7.0,24.740036
2020-08-21 18:00:00,11.377340000000004,72.70156188273951,2.886694598755125,3.0,21.394684
2020-08-21 19:00:00,11.08053000000001,67.9175073297029,3.2201908220151507,13.0,21.439941
2020-08-21 20:00:00,11.096670000000017,67.14542188472157,3.1712452838625227,8.0,21.258457
2020-08-21 21:00:00,11.051170000000013,66.35925219901782,3.2578952383862085,4.0,20.438457
2020-08-22 01:00:00,12.084300000000042,67.84723369771571,3.077507744443586,6.0,27.88063
2020-08-22 02:00:00,14.860250000000008,71.98207224709309,1.9832783681321844,17.0,45.917175
2020-08-22 03:00:00,19.497770000000003,46.94757981560185,0.4510205573408999,10.0,350.56085
2020-08-22 05:00:00,21.11220000000003,47.644826402000504,1.534980331801135,16.0,812.72925
2020-08-22 06:00:00,21.917570000000012,48.8843891825771,1.7014427864507042,10.0,947.7798
2020-08-22 07:00:00,22.43258000000003,48.78527796413907,1.6546721080185562,13.0,1185.1465
2020-08-22 08:00:00,22.73702000000003,44.67717680747079,1.5963273164679261,10.0,1064.874
2020-08-22 09:00:00,22.789330000000007,45.77575801713624,1.7508603173447304,10.0,1112.4246
2020-08-22 10:00:00,22.903700000000015,47.5029638986702,1.837125308740732,13.0,960.8313
2020-08-22 11:00:00,22.592700000000036,49.49479215616978,1.5991225135318057,9.0,831.114
2020-08-22 12:00:00,21.937370000000044,52.725912623345074,1.2510898727397013,16.0,417.46045
2020-08-22 13:00:00,20.67855000000003,67.9855086961617,0.49676423304626843,17.0,114.92969
2020-08-22 14:00:00,18.287440000000004,72.29072297227682,1.3988660947134612,14.0,32.105164
2020-08-22 15:00:00,16.533200000000022,73.03736923649014,1.887665985635303,11.0,19.157042
2020-08-22 16:00:00,15.223839999999996,74.5628085428691,2.3308467395306054,12.0,18.553223
2020-08-22 17:00:00,14.189999999999998,75.88681771735074,2.6911752737479824,9.0,18.095348
2020-08-22 18:00:00,13.64590000000004,76.06117620245942,2.815928625486834,13.0,18.586506
2020-08-22 19:00:00,13.467000000000041,74.93114931565776,3.1529378125770187,9.0,19.29018
2020-08-22 20:00:00,13.539180000000044,72.98872983057319,3.083338630777133,11.0,19.906239
2020-08-22 21:00:00,13.563070000000039,71.72852793886742,3.1432016149718605,7.0,21.547533
2020-08-22 22:00:00,13.568660000000023,70.40335222655634,3.0989227113540725,12.0,27.370636
2020-08-22 23:00:00,13.491450000000043,69.56641298444319,3.0398280891806877,11.0,22.367691
2020-08-23 01:00:00,13.95580000000001,71.55324568219962,2.8664753102403147,8.0,26.193146
2020-08-23 02:00:00,16.59585000000004,80.51830748938526,1.602057916428725,14.0,40.27156
2020-08-23 03:00:00,21.460470000000043,47.71798647721038,0.7318559558031864,24.0,451.55377
2020-08-23 04:00:00,22.04170000000005,49.683282264543564,1.627717213934844,11.0,641.62256
2020-08-23 06:00:00,22.993700000000047,54.410935442600504,2.042909248165138,10.0,910.8718
2020-08-23 07:00:00,23.116450000000043,50.77678013071798,2.0213870755527106,9.0,962.9905
2020-08-23 08:00:00,23.601220000000012,50.08824497940233,2.1506694092450496,8.0,1025.7444
2020-08-23 09:00:00,23.925130000000024,49.13417788794891,2.045254926840466,6.0,1047.8884
2020-08-23 10:00:00,23.671960000000013,48.95000373369812,1.7510126693082062,9.0,1164.8328
2020-08-23 15:00:00,18.79373000000004,62.54212857257684,1.6842973121647764,11.0,23.559013
2020-08-23 16:00:00,17.279960000000017,66.92364307493547,1.8377321910192081,13.0,27.6669
2020-08-23 18:00:00,14.275400000000047,78.21267796836264,2.398167546405165,17.0,22.473118
2020-08-23 19:00:00,14.030850000000044,79.69457885950104,2.85574203612542,11.0,21.38221
2020-08-23 20:00:00,14.148860000000013,79.41356070601898,2.9048222004381676,14.0,21.71793
2020-08-23 21:00:00,14.773430000000019,77.915271835288,3.137857263309231,14.0,23.033447
2020-08-23 22:00:00,15.332240000000013,76.80511025081142,3.317282570970287,10.0,28.907135
2020-08-23 23:00:00,15.718770000000006,75.49830691414577,3.2732893034717003,26.0,22.328918
2020-08-24 01:00:00,16.45180000000005,71.87613009329208,3.0850358536851696,8.0,25.663208
2020-08-24 02:00:00,18.401640000000043,77.97323480167071,2.0507670364005466,16.0,31.356415
2020-08-24 03:00:00,23.686900000000037,56.01493783252527,0.256522659255778,18.0,237.67049
2020-08-24 04:00:00,25.58468000000005,43.9083301278313,0.8757826238235883,18.0,439.3684
2020-08-24 05:00:00,26.613550000000032,44.462028897174,1.1972480138136978,28.0,623.83765
2020-08-24 06:00:00,27.31558000000001,45.211955831627456,1.7348953141235495,29.0,894.3047
2020-08-24 07:00:00,27.178200000000004,48.20535827989924,1.0194453417436995,27.0,1052.9966
2020-08-24 08:00:00,27.446300000000008,47.98820081407085,0.6975581977306441,38.0,1194.2659
2020-08-24 09:00:00,25.803860000000043,56.243139523436426,2.5543620514228205,47.0,975.8789
2020-08-24 10:00:00,23.72890000000001,62.73941213275732,2.9143610575079766,55.0,624.4492
2020-08-24 11:00:00,23.29516000000001,66.5575632985321,2.025713319489433,47.0,525.63135
2020-08-24 12:00:00,24.068570000000022,64.90509619090791,1.7227555134861074,46.0,208.91098
2020-08-24 13:00:00,23.353170000000034,71.02779112873183,1.1493029975308802,64.0,33.69493
2020-08-24 14:00:00,21.31588000000005,57.22712396469371,1.52778773111842,59.0,27.100204
2020-08-24 15:00:00,21.324600000000032,43.80965859682116,1.4092806668078897,26.0,20.976501
2020-08-24 16:00:00,19.754170000000045,46.434724670221215,1.5418910051603727,10.0,28.940048
2020-08-24 17:00:00,18.172020000000032,59.84924280318272,3.12675692451231,8.0,33.10632
2020-08-24 18:00:00,18.20736000000005,64.10366436463978,3.5105107223863508,17.0,45.611893
2020-08-24 19:00:00,18.457730000000026,68.32809040302806,3.6314783735350598,14.0,43.858948
2020-08-24 21:00:00,17.80343000000005,71.11482690097836,3.4362376185705976,15.0,26.854416
2020-08-24 23:00:00,17.48574000000002,68.61333562556274,2.222150459372276,10.0,45.76258
2020-08-25 00:00:00,17.072400000000016,67.30033108794939,1.7210936513986708,17.0,47.42993
2020-08-25 02:00:00,20.31985000000003,57.07043387385365,0.3795728586918009,24.0,22.459824
2020-08-25 03:00:00,21.233030000000042,52.86766083999602,1.5462509612798823,28.0,829.21655
2020-08-25 04:00:00,21.268640000000005,54.30041109076185,2.0512965466916673,22.0,997.54346
2020-08-25 05:00:00,21.65237000000002,53.887506106627335,2.351043680074473,28.0,1152.2888
2020-08-25 06:00:00,21.602700000000027,54.82008041140457,2.291077218750405,26.0,1291.3159
2020-08-25 07:00:00,22.17434000000003,50.76299610132223,2.4310745609954543,29.0,1520.9053
2020-08-25 08:00:00,22.316550000000007,49.708606548683896,2.635752151891359,29.0,1569.3818
2020-08-25 09:00:00,22.083030000000008,50.03256971176888,2.8027117257831886,28.0,1356.8813
2020-08-25 10:00:00,21.642300000000034,50.970163108568464,2.3833090729681556,36.0,1610.6016
2020-08-25 11:00:00,20.923730000000035,53.204103214917154,2.181205325618863,39.0,1558.5232
2020-08-25 12:00:00,20.357320000000016,55.396490578105364,1.746694479133868,42.0,1282.3496
2020-08-25 15:00:00,17.610250000000008,71.80543011444917,1.0276411268042798,33.0,624.9015
2020-08-25 16:00:00,16.326300000000003,77.2490378248382,1.4221314973522612,36.0,387.98297
2020-08-25 17:00:00,16.29812000000004,74.23500164347347,0.692839909165256,31.0,157.39592
2020-08-25 18:00:00,16.57937000000004,68.70021058435226,0.4410153393272385,35.0,82.40796
2020-08-25 22:00:00,15.990620000000035,71.00838836891629,0.632755577118111,28.0,50.036316
2020-08-25 23:00:00,15.928030000000035,71.36325886168623,0.6416292829972337,29.0,65.28104
2020-08-26 00:00:00,15.873199999999997,71.40661990605624,0.6627793124267538,32.0,78.56929
2020-08-26 01:00:00,15.395800000000008,71.60944794883349,0.49724341921483134,30.0,66.915436
2020-08-26 02:00:00,15.60730000000001,81.84404127423262,0.5177373658553345,40.0,175.977
2020-08-26 03:00:00,17.626980000000003,68.45439223029597,1.388524853156052,33.0,362.49902
2020-08-26 04:00:00,18.46884,66.91009045630824,1.7604596194834339,17.0,569.5342
2020-08-26 05:00:00,19.62014000000005,63.57386364136156,1.9619197726330198,17.0,783.13916
2020-08-26 06:00:00,20.384000000000015,61.45851633823542,2.471567332239341,17.0,878.5325
2020-08-26 07:00:00,19.368550000000027,67.21707325143448,2.084160729160534,12.0,917.4429
2020-08-26 08:00:00,19.922330000000045,65.74739776407537,2.3384165961232437,11.0,930.62866
2020-08-26 09:00:00,19.760400000000004,65.24568366346944,2.2535027870044737,18.0,849.94824
2020-08-26 10:00:00,19.316900000000032,64.80576658309366,1.706051686095266,13.0,516.9182
2020-08-26 11:00:00,18.33883000000003,67.40608357592362,1.1512874733171203,19.0,516.92773
2020-08-26 12:00:00,17.688559999999995,72.33517557003348,1.0888687553863563,20.0,563.67993
2020-08-26 13:00:00,16.899380000000008,86.74253409083168,1.3297471761241646,13.0,679.7837
2020-08-26 14:00:00,15.816500000000019,89.9084067339477,1.4222298163906035,13.0,613.79614
2020-08-26 15:00:00,15.37524000000002,88.9577433020475,1.48396991493037,14.0,435.39386
2020-08-26 16:00:00,14.693140000000028,88.88187465887023,1.3979995278811257,13.0,424.13605
2020-08-26 17:00:00,14.381500000000017,86.62140638998108,1.6433897299277522,10.0,490.90088
2020-08-26 18:00:00,13.621800000000007,83.38691900343296,2.3299114636324383,11.0,534.1769
2020-08-26 19:00:00,11.845970000000023,85.3889699357737,1.8554682757877812,6.0,534.62885
2020-08-26 20:00:00,10.87560000000002,89.4039418131461,1.51367974879558,6.0,471.68726
2020-08-26 21:00:00,10.257780000000025,91.24528172171308,0.8999753477763822,13.0,164.77695
2020-08-26 22:00:00,10.120360000000005,95.35077420502952,0.6598188106723532,11.0,184.7141
2020-08-26 23:00:00,10.49430000000001,92.70189617367619,0.6028776945117118,11.0,189.91179
2020-08-27 01:00:00,10.247550000000047,94.56107114921174,0.5064793637573125,7.0,170.34433
2020-08-27 02:00:00,10.046170000000018,96.11860253330686,0.42855174917421873,12.0,168.23906
2020-08-27 03:00:00,10.384580000000028,96.16510664862759,0.3231962175665158,12.0,165.2845
2020-08-27 04:00:00,10.910150000000044,92.58465332749773,0.8029416312697737,11.0,336.96002
2020-08-27 05:00:00,11.533960000000036,87.15734548403461,1.4661023978062415,22.0,334.6237
2020-08-27 06:00:00,12.202940000000012,82.92235820229035,1.7028288611831344,26.0,389.0268
2020-08-27 07:00:00,12.141560000000027,83.26633464694154,1.6429003729159537,13.0,436.6629
2020-08-27 08:00:00,12.866720000000043,78.43234638777311,2.0099838636686265,9.0,633.78076
2020-08-27 09:00:00,12.74550000000005,79.89216050555348,2.0503673021082296,7.0,643.1543
2020-08-27 10:00:00,12.358600000000024,83.42249180169937,1.5696802292111918,12.0,385.75513
2020-08-27 11:00:00,12.313350000000014,89.40730948922536,1.2453611403705216,7.0,366.38452
2020-08-27 12:00:00,11.65658000000002,93.94357443225014,0.8970292790715153,7.0,181.62672
2020-08-27 13:00:00,11.313000000000045,91.18217965657988,0.6727140224734603,8.0,154.33571
2020-08-27 14:00:00,11.034940000000006,92.99048869449469,0.813798196418213,9.0,189.01457
2020-08-27 15:00:00,10.53848000000005,89.64648121858387,0.9617370640259769,7.0,170.34161
2020-08-27 16:00:00,10.052880000000016,89.27305529416671,1.0370468328944948,7.0,172.43172
2020-08-27 17:00:00,9.946900000000028,90.8026325209651,1.1383814369003125,6.0,168.95161
2020-08-27 18:00:00,10.341670000000022,90.01940929357946,0.9051101920933422,5.0,135.71635
2020-08-27 19:00:00,10.446619999999996,83.66383129018054,0.7659525708684162,2.0,130.66248
2020-08-27 20:00:00,9.148160000000018,86.88967944470262,1.0308918860255638,0.0,63.36757
2020-08-27 21:00:00,7.2088300000000345,92.96055094512334,1.6476595219991323,3.0,34.60286
2020-08-27 22:00:00,6.732870000000048,93.59272106765737,1.8057173642902045,1.0,28.703613
2020-08-28 00:00:00,6.325770000000034,92.98244397615606,2.0342930184036234,0.0,28.542496
2020-08-28 01:00:00,6.695830000000001,93.73244836197598,1.9403161220872742,2.0,31.656815
2020-08-28 02:00:00,10.16384000000005,80.85318164010822,1.4162636052403743,5.0,73.50984
2020-08-28 03:00:00,12.602260000000001,68.1768463890709,0.5448137615645648,10.0,403.29016
2020-08-28 04:00:00,14.015800000000013,65.16256036327867,1.40956056028227,8.0,583.77124
2020-08-28 05:00:00,14.954430000000002,65.12268543194673,1.8022516009183902,4.0,756.69653
2020-08-28 06:00:00,15.829060000000027,64.83650683631231,2.156820506148707,5.0,860.93115
2020-08-28 07:00:00,16.093770000000006,65.26921824678442,2.1454319022111465,7.0,1000.8257
2020-08-28 08:00:00,16.474630000000047,64.69382046112091,2.2452659594632904,10.0,1044.2229
2020-08-28 09:00:00,16.380460000000028,65.25576597239973,2.194351213668523,6.0,1034.1584
2020-08-28 10:00:00,16.25576000000001,66.16616893162362,1.9642877721293839,4.0,911.33765
2020-08-28 11:00:00,15.928520000000049,66.67984164731497,1.5933993404827556,5.0,720.1277
2020-08-28 12:00:00,15.535120000000006,66.84952005432305,1.145860940404435,5.0,455.85352
2020-08-28 13:00:00,14.818700000000035,69.56463900836242,0.5982564216601226,9.0,179.00458
2020-08-28 14:00:00,14.287800000000004,69.99125518468361,0.33638939959062414,12.0,26.739243
2020-08-28 15:00:00,12.782860000000028,74.86207021298232,1.2686197159603594,11.0,22.123337
2020-08-28 16:00:00,11.023500000000013,76.98837231450727,1.6948001812978506,10.0,23.590164
2020-08-28 18:00:00,8.144980000000032,82.75367770177284,3.053866116095663,15.0,20.520874
2020-08-28 19:00:00,8.839750000000038,73.51458268097875,2.9240496384466526,9.0,19.900635
2020-08-28 20:00:00,8.371800000000007,69.28165820847772,3.032249947996347,9.0,20.0475
2020-08-28 21:00:00,8.33068000000003,60.14349483232408,3.077031435427139,9.0,20.074928
2020-08-28 22:00:00,8.213160000000016,52.08743694532876,3.114574021228015,10.0,23.502121
2020-08-28 23:00:00,7.97598000000005,46.8228093105441,3.156247790117601,8.0,18.670845
2020-08-29 00:00:00,7.87972000000002,45.715485867626384,3.1777790619735193,12.0,25.382034
2020-08-29 02:00:00,10.801300000000026,66.33527499865333,2.019135956762459,7.0,35.41069
2020-08-29 03:00:00,16.040900000000022,38.62552875392865,0.4451138190667314,14.0,257.91406
2020-08-29 04:00:00,17.21084000000002,35.780619090043956,1.5039184756074186,10.0,436.26025
2020-08-29 05:00:00,17.97183000000001,40.31821762278027,1.8175738306423814,12.0,628.92163
2020-08-29 06:00:00,18.636930000000007,44.59439646161778,2.11911213744415,10.0,828.3342
2020-08-29 07:00:00,19.07632000000001,49.454338431618936,2.342799659285745,8.0,958.2212
2020-08-29 08:00:00,19.361350000000016,52.51367474674505,2.4855664620416813,8.0,990.9407
2020-08-29 09:00:00,19.552880000000016,54.48343875575809,2.4768636416724443,6.0,957.41504
2020-08-29 10:00:00,19.305300000000045,56.8619124598109,2.346598073342436,4.0,862.86694
2020-08-29 11:00:00,18.770780000000002,59.4801905053276,2.097643884692424,5.0,645.167
2020-08-29 12:00:00,17.925200000000018,63.217141452998085,1.657592850446828,11.0,384.70435
2020-08-29 13:00:00,16.835720000000038,68.87592048834642,0.8646654931637927,14.0,153.8508
2020-08-29 14:00:00,15.419200000000046,77.6408185137727,0.8236777788848562,17.0,33.242905
2020-08-29 15:00:00,13.817000000000007,79.69433161590764,1.4976785178515024,11.0,21.60595
2020-08-29 16:00:00,13.262500000000045,77.21640482550299,1.5984968763330418,12.0,27.15503
2020-08-29 17:00:00,13.296960000000013,74.4233018391001,1.5338079347929494,16.0,25.9719
2020-08-29 18:00:00,12.86483000000004,75.29780339243325,1.5583896243352038,17.0,20.82552
2020-08-29 19:00:00,12.98720000000003,73.21844934591596,1.581871882878386,12.0,19.019745
2020-08-29 20:00:00,11.937220000000025,75.43802730234286,1.6791897369140305,9.0,22.77161
2020-08-29 21:00:00,10.55233000000004,79.61041112877305,1.9468872084901587,6.0,19.51033
2020-08-29 22:00:00,9.76785000000001,82.12855908001565,2.079722845633274,8.0,28.850647
2020-08-29 23:00:00,9.155480000000011,83.17011962798705,2.1973836968211575,10.0,31.490341
2020-08-30 00:00:00,8.869100000000003,83.4092855437483,2.2458746635712865,6.0,31.065842
2020-08-30 01:00:00,9.53920000000005,83.54932721543987,2.137292680448458,4.0,33.34616
2020-08-30 02:00:00,13.962670000000003,76.45515732639448,1.1286455428821587,10.0,60.81125
2020-08-30 03:00:00,17.10050000000001,63.5856543539377,0.8963028539497774,9.0,288.3966
2020-08-30 04:00:00,17.864040000000045,65.02999920151434,1.3943092694882617,8.0,448.54712
2020-08-30 05:00:00,18.625050000000044,65.90325335908746,1.8065397521420739,22.0,605.17944
2020-08-30 06:00:00,19.29490000000004,63.898678362813484,1.854773973132589,14.0,756.157
2020-08-30 07:00:00,19.33453000000003,65.1622413790741,1.3180343204157188,8.0,840.3528
2020-08-30 08:00:00,19.404800000000023,63.71270235429319,1.4398198469196104,15.0,937.5901
2020-08-30 09:00:00,19.551750000000027,63.53275905149586,1.520959047310001,11.0,997.87646
2020-08-30 10:00:00,19.657160000000033,58.42020460562277,1.3959901446174896,16.0,878.20483
2020-08-30 11:00:00,19.441400000000044,59.41050626950197,1.103786633985714,16.0,712.4075
2020-08-30 12:00:00,19.010460000000023,60.57829340810181,0.9118986217450764,18.0,494.7473
2020-08-30 13:00:00,18.023580000000038,74.7651629433111,0.7558128582474434,17.0,227.50726
2020-08-30 14:00:00,16.287740000000042,73.13378843919462,1.1792100136002035,23.0,40.44246
2020-08-30 16:00:00,12.116970000000038,84.21806964574553,2.4300251572524796,28.0,20.708313
2020-08-30 17:00:00,11.355860000000007,83.61762268827202,2.750883019017719,18.0,20.761765
2020-08-30 18:00:00,11.269100000000037,82.01070786100013,2.9521981029234086,20.0,21.02031
2020-08-30 19:00:00,11.033100000000047,79.32879748778485,3.2998217103412615,15.0,21.829346
2020-08-30 20:00:00,11.056900000000041,77.003610226492,3.202707847262541,18.0,21.487007
2020-08-30 21:00:00,11.156270000000006,73.48177717739485,3.1909494760085515,13.0,23.908173
2020-08-30 23:00:00,11.13470000000001,69.3921267838661,3.1354070683558395,18.0,26.715652
2020-08-31 01:00:00,11.820250000000044,67.2558901040874,2.951589726699273,13.0,28.832993
2020-08-31 02:00:00,14.180540000000008,70.76203212561997,2.0311642469463886,23.0,52.13707
2020-08-31 03:00:00,18.685400000000016,49.52306240635923,0.12738051431652928,27.0,245.83919
2020-08-31 04:00:00,20.261770000000013,41.50884110648714,1.074890334157699,22.0,443.24
2020-08-31 05:00:00,21.079340000000002,44.53828502267881,1.5124754219703038,12.0,618.9568
2020-08-31 06:00:00,21.800260000000037,47.430619303240434,1.8293490200786648,16.0,782.24316
2020-08-31 07:00:00,22.587000000000046,52.44762840614436,1.9621903028805368,12.0,926.85034
2020-08-31 08:00:00,22.931669999999997,53.14183134830605,2.1754352492892823,11.0,1027.8259
2020-08-31 09:00:00,22.77316000000002,54.22224351648664,2.160939037511759,12.0,985.0752
2020-08-31 10:00:00,22.702660000000037,54.699820213532696,2.3276654812361963,17.0,769.5032
2020-08-31 13:00:00,19.666650000000004,73.76671563962513,0.5605712950659654,32.0,54.579025
2020-08-31 14:00:00,17.597440000000006,80.8885261747176,1.5133553006923277,23.0,35.4532
2020-08-31 15:00:00,16.20968000000005,83.50106245199612,1.9384421156979128,16.0,25.735687
2020-08-31 16:00:00,15.63748000000004,84.39974980397295,1.9070155722576705,26.0,96.890015
2020-08-31 17:00:00,15.414450000000045,84.24930821007487,1.594650793082331,26.0,108.77742
2020-08-31 18:00:00,15.185750000000041,84.21718480442534,1.5427399891336226,17.0,53.35582
2020-08-31 19:00:00,13.242999999999995,87.37724554562146,2.1714715650065815,19.0,26.869808
2020-08-31 20:00:00,13.032920000000047,83.22052312657912,2.069292645743963,15.0,22.936024
2020-08-31 22:00:00,12.618920000000003,81.5575906754944,2.0211279222958454,6.0,37.847748
2020-09-01 00:00:00,12.501599999999996,81.57270266174204,1.9099464018907024,12.0,23.129154
2020-09-01 01:00:00,12.911100000000033,82.11361922128539,1.8168672342918317,7.0,23.742435
2020-09-01 02:00:00,16.13635000000005,76.39374815688939,1.1186496200517209,8.0,34.471573
2020-09-01 04:00:00,18.71130000000005,63.89239088995082,0.8257643964111374,16.0,240.86595
2020-09-01 06:00:00,18.727900000000034,69.10008392140708,0.9341488960532796,63.0,291.52637
2020-09-01 07:00:00,18.41995000000003,76.68072430006367,0.7028408191486389,9.0,292.63617
2020-09-01 08:00:00,18.290639999999996,86.28652045701001,0.4835601542574361,14.0,336.76147
2020-09-01 10:00:00,19.02346,78.6013946038654,0.5322943298946663,22.0,399.04443
2020-09-01 11:00:00,18.95010000000002,81.89366754086045,0.7676423937034244,19.0,264.6449
2020-09-01 13:00:00,17.961360000000013,89.90402398089894,0.5212143175310003,29.0,82.96391
2020-09-01 14:00:00,16.430300000000045,92.01401047915212,1.1758986511696363,24.0,63.409058
2020-09-01 16:00:00,16.28884000000005,83.61821259283808,1.090127468822572,9.0,117.06819
2020-09-01 17:00:00,15.541700000000048,85.46282664316522,1.3094192032974052,9.0,44.30774
2020-09-01 18:00:00,15.116360000000043,86.02821884550308,1.3760393904382944,11.0,28.763885
2020-09-01 19:00:00,12.3904,91.39932683272518,2.158398214087323,9.0,22.484161
2020-09-01 20:00:00,11.418300000000045,92.7130250120435,2.5048593590377983,7.0,27.195465
2020-09-01 22:00:00,11.08578,93.22470552873563,2.882444445048724,11.0,31.128113
2020-09-01 23:00:00,11.376640000000009,91.18115505305265,2.911448884541147,11.0,20.047836
2020-09-02 02:00:00,15.134299999999996,86.9095216322159,1.953694993012136,10.0,41.87433
2020-09-02 03:00:00,18.48440000000005,68.03345430889983,0.15122785716920015,19.0,196.48677
2020-09-02 04:00:00,20.10485,59.589075334755194,1.2009656762480216,19.0,393.04297
2020-09-02 05:00:00,21.09182000000004,59.60318547197774,1.7276301185025542,10.0,576.0342
2020-09-02 06:00:00,21.838160000000016,59.33865961762361,2.0097722366937885,10.0,788.9336
2020-09-02 07:00:00,22.062280000000044,58.82230259333667,0.9838027481742483,10.0,921.51685
2020-09-02 08:00:00,22.921700000000044,57.43079810670481,2.218790634245137,11.0,886.24
2020-09-02 09:00:00,22.702170000000024,55.46458819776032,1.7131215952616614,12.0,931.09937
2020-09-02 10:00:00,22.463700000000017,57.06538011712761,2.0421700558292057,16.0,866.54443
2020-09-02 11:00:00,22.02346,59.16073979579085,1.040318201907965,12.0,523.7046
2020-09-02 12:00:00,21.080600000000004,63.171444354423315,0.6109167381274739,16.0,252.86562
2020-09-02 13:00:00,20.533230000000003,67.13289866272925,0.4203645687758973,14.0,41.403336
2020-09-02 14:00:00,18.128750000000025,76.25881823424938,1.3309943703210128,11.0,24.13208
2020-09-02 15:00:00,16.482259999999997,79.41455010390739,1.7600071948373304,10.0,39.560986
2020-09-02 16:00:00,15.528380000000027,80.63851485548022,1.9485310133646014,17.0,20.418015
2020-09-02 17:00:00,14.630330000000015,80.65690702374343,2.0955499828284223,15.0,21.23262
2020-09-02 18:00:00,13.912620000000004,80.72488739135642,2.2801184088801314,9.0,23.340103
2020-09-02 19:00:00,13.51418000000001,79.64605354939945,2.7031599618364,6.0,24.132355
2020-09-02 20:00:00,13.533400000000029,78.64963379425949,2.654370875047637,8.0,27.19635
2020-09-02 21:00:00,13.436120000000017,77.96679812055547,2.784265926718317,6.0,22.985718
2020-09-02 22:00:00,13.501120000000014,78.36491911982684,2.6193583494591666,12.0,36.40329
2020-09-03 01:00:00,13.292320000000018,85.20000020544666,2.3212272170836874,9.0,52.091553
2020-09-03 02:00:00,15.184750000000008,87.22055413331657,1.4401641972008326,7.0,210.89568
2020-09-03 03:00:00,18.118070000000046,68.91402200743845,1.4139780253628953,11.0,540.84106
2020-09-03 04:00:00,17.35390000000001,73.79632832479906,2.031747769185026,10.0,552.926
2020-09-03 05:00:00,16.989340000000027,74.93387183614716,2.5609135753725387,11.0,513.8091
2020-09-03 06:00:00,16.502499999999998,74.5440494606286,2.6807859373768155,14.0,475.79724
2020-09-03 07:00:00,15.35793000000001,90.17174146420004,1.6954123587307308,13.0,419.86676
2020-09-03 08:00:00,15.30093000000005,92.5237357294912,1.22586190403191,21.0,480.75
2020-09-03 09:00:00,16.41458,76.73415654797317,1.6732034360186838,3.0,757.8379
2020-09-03 10:00:00,16.60342000000003,70.32324011967312,1.7153563032248025,5.0,880.99316
2020-09-03 11:00:00,16.95236,66.4878175052631,1.4596747451141443,5.0,602.2007
2020-09-03 12:00:00,17.058600000000013,62.08809738301625,1.5017299813010894,10.0,503.4541
2020-09-03 13:00:00,15.88333,67.00678307183844,1.4537066365657207,7.0,278.3264
2020-09-03 14:00:00,14.43783000000002,71.94979162118624,1.5982211649528986,17.0,359.84277
2020-09-03 15:00:00,13.941920000000039,69.39749675605746,1.5646410760999727,14.0,222.19081
2020-09-03 16:00:00,12.615319999999997,72.45854694438749,1.9530452826878795,12.0,150.12334
2020-09-03 17:00:00,11.931300000000022,72.57506885972144,2.3054154160186093,17.0,81.19173
2020-09-03 19:00:00,11.131619999999998,72.88371512056027,2.42275140993834,6.0,61.658127
2020-09-03 20:00:00,10.472560000000044,72.75345268911484,2.7778796452951755,2.0,50.35057
2020-09-03 21:00:00,10.056480000000022,73.19682956138081,2.955149409616415,2.0,43.88417
2020-09-03 22:00:00,9.914600000000007,72.54969067270082,2.9986515627368324,3.0,68.78833
2020-09-03 23:00:00,9.908100000000047,70.90916514313909,3.012445455012123,3.0,71.625275
2020-09-04 00:00:00,9.749960000000044,69.38006321591496,3.0800535686586117,7.0,41.59345
2020-09-05 01:00:00,8.893820000000005,74.14743867940172,2.813219977040196,15.0,21.766928
2020-09-05 02:00:00,12.524900000000002,75.0775696391728,1.6286591228284237,10.0,42.902008
2020-09-05 03:00:00,17.42166000000003,47.726059982927204,0.7048183404280719,14.0,366.98315
2020-09-05 04:00:00,18.0693,48.21052107645612,1.1640848624316744,11.0,539.5149
2020-09-05 05:00:00,18.70890000000003,48.80728711945145,1.4999834542615629,13.0,700.5747
2020-09-05 06:00:00,18.99484000000001,50.671770461142934,1.6067334961306121,18.0,883.2715
2020-09-05 07:00:00,19.15500000000003,52.975557815781535,1.1037011991399222,20.0,1009.8928
2020-09-05 08:00:00,19.536770000000047,53.205984109828705,1.347392100793737,15.0,1140.7429
2020-09-05 10:00:00,19.16586000000001,51.17514538297018,1.2766811782735656,20.0,954.46655
2020-09-05 11:00:00,18.95822000000004,51.24644144879168,1.3088453082250822,20.0,772.9778
2020-09-05 12:00:00,18.548180000000002,52.402693415614365,0.9488548620078747,29.0,600.33044
2020-09-05 13:00:00,18.090779999999995,52.473782732010285,0.2963954253899507,26.0,182.65744
2020-09-05 14:00:00,15.69464000000005,64.91548874044238,1.2526160958639172,26.0,36.514954
2020-09-05 15:00:00,12.793420000000026,75.67045190314175,2.02218859391606,21.0,27.180573
2020-09-05 16:00:00,11.696680000000015,78.99757710508987,2.5343738609842275,29.0,21.353546
2020-09-05 17:00:00,11.334069999999997,79.13522664582916,2.887084596835924,17.0,17.477905
2020-09-05 18:00:00,11.676750000000027,76.20259395300361,2.992545972360627,14.0,20.75455
2020-09-05 19:00:00,11.374960000000044,70.09569955838542,3.185981633049106,11.0,22.187069
2020-09-05 20:00:00,11.326440000000048,69.00714641261847,3.073831561354781,8.0,22.389256
2020-09-05 21:00:00,11.236660000000029,69.28150540181457,3.051171689613844,14.0,21.395687
2020-09-05 22:00:00,11.391380000000026,68.44364585770373,2.9112535540268305,11.0,24.574646
2020-09-05 23:00:00,11.288049999999998,69.15078396280047,2.6273098236309242,13.0,24.960388
2020-09-06 00:00:00,10.769980000000032,72.13302615453179,2.446762333458247,11.0,25.564316
2020-09-06 01:00:00,10.218700000000013,79.3592635566237,2.1198805217310195,11.0,22.332016
2020-09-06 02:00:00,13.208280000000002,74.76957820612013,1.1600053809236406,16.0,62.414566
2020-09-06 03:00:00,16.194330000000036,57.54076896160137,0.8154526186602542,17.0,392.7431
2020-09-06 04:00:00,17.05853000000002,58.246176083637884,1.7543003053686703,20.0,583.4785
2020-09-06 05:00:00,17.65115000000003,59.65890933299124,1.759278771976019,22.0,543.6035
2020-09-06 20:00:00,8.704740000000015,86.29848504253333,1.6133737247147792,3.0,492.87173
2020-09-06 22:00:00,8.414330000000007,83.51761464524196,1.4401660721940541,0.0,492.91092
2020-09-06 23:00:00,8.805200000000013,80.74981185229784,1.2504303005528687,3.0,272.47678
2020-09-07 00:00:00,9.020230000000026,74.46310343358407,1.0223541018238556,5.0,231.49852
2020-09-07 02:00:00,10.084680000000048,61.094078526016865,0.5621190637993745,5.0,573.1025
2020-09-07 03:00:00,10.81826000000001,56.57820295553235,1.2739245941596542,5.0,716.8439
2020-09-07 04:00:00,11.179900000000032,54.64036168781537,1.86135801480832,5.0,883.0657
2020-09-07 05:00:00,11.396569999999997,53.44090902313149,2.076310810087022,5.0,1001.4177
2020-09-07 07:00:00,12.141930000000002,54.39963679093608,2.414311681121535,11.0,1332.6799
2020-09-07 08:00:00,13.108850000000018,50.34711377430067,2.788589820771811,6.0,1656.052
2020-09-07 09:00:00,13.822100000000034,47.22456228115282,2.721000290066401,7.0,1783.0359
2020-09-07 10:00:00,14.368980000000022,43.35912352798401,2.364325931063289,11.0,1702.0684
2020-09-07 11:00:00,14.293970000000002,41.35140044422761,1.959077274016217,13.0,1387.6143
2020-09-07 12:00:00,13.681540000000041,42.5060375235353,1.2518897224792047,17.0,774.8385
2020-09-07 13:00:00,13.008020000000045,41.83042840180348,0.21723216840459908,16.0,213.27034
2020-09-07 15:00:00,8.466270000000009,61.705247957763255,1.6811995191766174,11.0,53.28725
2020-09-07 16:00:00,6.349420000000009,70.3295238536508,2.0430612623311153,14.0,33.284218
2020-09-07 18:00:00,4.573750000000018,75.77667506468937,2.477350314534769,10.0,22.61161
2020-09-07 19:00:00,4.5137000000000285,77.83753933898775,2.2383548989145248,13.0,23.507801
2020-09-07 20:00:00,4.237500000000011,77.60001366218859,2.1919268528154663,9.0,24.523384
2020-09-07 21:00:00,3.7446199999999976,78.46221542599575,2.3508256377998498,10.0,26.578913
2020-09-07 23:00:00,3.9318000000000097,75.67299320554986,2.484119440434971,10.0,29.800425
2020-09-08 00:00:00,4.402250000000038,74.48217257148042,2.384077571100616,13.0,31.525883
2020-09-08 01:00:00,4.737330000000043,77.19510429623045,2.1653709200658118,19.0,33.524124
2020-09-08 02:00:00,8.542259999999999,71.68453657831554,1.123603030975659,17.0,87.042534
2020-09-08 03:00:00,11.697720000000004,58.13701890492469,0.5108294976348371,11.0,329.44452
2020-09-08 04:00:00,12.88223000000005,60.008713692680956,1.362212391790546,15.0,509.85852
2020-09-08 05:00:00,13.564780000000042,62.145191636467274,1.6883787271928299,12.0,674.9769
2020-09-08 06:00:00,14.333500000000015,61.52105167739229,1.8097147140740886,9.0,848.42676
2020-09-08 07:00:00,15.004570000000001,62.67809386513286,2.0625291342980345,12.0,906.85815
2020-09-08 08:00:00,15.654020000000003,60.669315013838236,2.085726032649123,13.0,948.8037
2020-09-08 09:00:00,15.347740000000044,62.21389766812678,1.8575144652886044,9.0,972.0298
2020-09-08 10:00:00,15.338279999999997,61.53363564585222,1.8391273865607596,17.0,820.8335
2020-09-08 11:00:00,14.71902,62.07006935328382,1.431087466507624,13.0,750.9883
2020-09-08 12:00:00,14.142179999999996,63.200960762498994,1.0477093130096637,14.0,420.7463
2020-09-08 13:00:00,13.411159999999995,64.60416022770275,0.4461172009886399,18.0,188.23544
2020-09-08 14:00:00,13.126980000000003,64.81901442688807,0.5061873695688583,11.0,45.127777
2020-09-08 16:00:00,8.77108000000004,83.17700211105343,1.6039720330845673,24.0,35.384247
2020-09-08 17:00:00,7.637020000000007,86.3929828535052,2.3547701620569366,24.0,22.645233
2020-09-08 18:00:00,6.94894000000005,86.74649627030811,2.736268821924565,18.0,26.122972
2020-09-08 19:00:00,7.256680000000017,84.21855090668323,2.7574874930474262,9.0,19.734756
2020-09-08 20:00:00,7.08280000000002,81.1160175370451,2.795882607740579,10.0,18.568068
2020-09-08 21:00:00,7.295740000000023,77.02328803251149,2.8564090654657726,14.0,19.73839
2020-09-08 22:00:00,7.462120000000027,75.32476278015321,2.8091588577478226,13.0,18.196941
2020-09-08 23:00:00,7.571340000000021,74.00104836119225,2.7905701525373647,9.0,17.28928
2020-09-09 00:00:00,7.308199999999999,75.9067669817379,2.831059156850229,8.0,18.7956
2020-09-09 01:00:00,7.619040000000041,78.95686042626147,2.7992029634960733,8.0,23.275482
2020-09-09 02:00:00,9.711630000000014,85.54694611858828,1.5027000332822191,15.0,45.800903
2020-09-09 03:00:00,13.790430000000015,62.06449012163271,0.8789363737821704,14.0,354.368
2020-09-09 04:00:00,14.84286000000003,60.66197368806337,1.6920959399939741,16.0,520.01807
2020-09-09 05:00:00,15.71926000000002,59.63634203031981,1.9873584885826336,17.0,642.16016
2020-09-09 06:00:00,16.505179999999996,57.58978209155911,2.0696762944347116,16.0,973.2385
2020-09-09 07:00:00,16.595450000000028,56.12889609462282,2.052328689636443,15.0,1082.1587
2020-09-09 09:00:00,16.977000000000032,49.75615274647462,2.1844429091392983,16.0,1211.6794
2020-09-09 10:00:00,16.720330000000047,47.502794686295054,1.9227916741831654,21.0,1335.8
2020-09-09 11:00:00,16.12692000000004,46.74740884869026,1.4447443369054052,14.0,948.85376
2020-09-09 12:00:00,15.602440000000001,46.28962138703171,1.2469599482662665,11.0,550.1538
2020-09-09 14:00:00,13.446439999999996,51.638642060735826,1.0725572962311487,20.0,21.215973
2020-09-09 15:00:00,12.878080000000011,53.30436593673467,1.3212100002689058,27.0,18.505638
2020-09-09 16:00:00,12.349760000000003,55.14425266740486,1.334959146040451,24.0,20.343838
2020-09-09 17:00:00,10.84814,60.85063639316782,1.5253150761430112,17.0,21.422493
2020-09-09 18:00:00,8.662650000000042,69.44810829925815,1.8794811561472857,18.0,26.446243
2020-09-09 19:00:00,8.884670000000028,67.71871795994784,1.85070051243652,9.0,25.870222
2020-09-09 20:00:00,8.54305000000005,69.26403474153172,1.8353545482601674,8.0,27.130005
2020-09-09 21:00:00,8.494560000000035,69.44263987374688,1.8007006298879924,5.0,32.61577
2020-09-09 22:00:00,7.927500000000009,71.51847886282275,1.8581304516898782,6.0,32.874786
2020-09-09 23:00:00,7.099199999999996,73.80492705279691,1.9510298344346098,8.0,29.394386
2020-09-10 00:00:00,6.743200000000002,73.93937988325357,1.9870440293113458,8.0,33.15818
2020-09-10 01:00:00,6.0780300000000125,76.07282504244704,2.063232118078861,13.0,34.964203
2020-09-10 02:00:00,9.695030000000031,72.57223530889648,1.246048177400871,17.0,74.71922
2020-09-10 03:00:00,13.019560000000013,56.322232328210056,0.9975073029241837,21.0,344.93457
2020-09-10 04:00:00,14.026800000000037,54.103331935649436,1.6966448939066683,14.0,508.3335
2020-09-10 09:00:00,16.10632000000004,52.540544531128496,2.320811909538944,16.0,983.6775
2020-09-10 10:00:00,15.95562000000001,50.441395527524236,2.210713475395905,14.0,1022.8447
2020-09-10 11:00:00,15.462000000000046,49.61312705747132,2.0323857129399947,18.0,823.0383
2020-09-10 12:00:00,14.554400000000044,49.962056272491566,1.713445660211648,10.0,511.02466
2020-09-10 13:00:00,13.148860000000013,53.48177182731055,0.9639413115069586,25.0,138.6226
2020-09-10 15:00:00,12.22872000000001,54.317393838212816,0.9214517817191932,18.0,27.084229
2020-09-10 16:00:00,11.825400000000002,55.45578795788769,1.0796294468616998,14.0,32.852203
2020-09-10 17:00:00,9.952600000000018,62.288173903405095,1.3949768548877777,14.0,29.567078
2020-09-10 18:00:00,7.894949999999994,69.53722084107204,1.7444350820364511,14.0,27.636032
2020-09-10 20:00:00,6.434960000000046,71.22686792292902,2.0821694406914437,10.0,25.633286
2020-09-10 21:00:00,5.417380000000037,74.03621000332319,2.300937572349713,7.0,25.196766
2020-09-10 22:00:00,4.944569999999999,74.10236536268997,2.375226004203387,7.0,27.105871
2020-09-10 23:00:00,4.911200000000008,71.78936722825436,2.3671575879222106,6.0,25.569908
2020-09-11 00:00:00,4.82570000000004,70.48794416212637,2.3861740390565864,10.0,25.17339
2020-09-11 01:00:00,5.26520000000005,69.48922705747893,2.3400741515559274,15.0,25.713974
2020-09-11 02:00:00,9.779200000000003,63.507411906081344,1.4536300118306629,16.0,42.800873
2020-09-11 03:00:00,13.945600000000013,50.03578986623738,0.4447385070469275,21.0,227.52211
2020-09-11 04:00:00,15.591850000000022,41.74163123827823,1.2170273032380596,17.0,388.54102
2020-09-11 05:00:00,16.576620000000048,43.50101663244772,1.4740157011721617,17.0,537.542
2020-09-11 06:00:00,17.54910000000001,44.93557871734372,1.7821938046033778,20.0,685.9602
2020-09-11 07:00:00,18.39004,47.77946892419718,2.1085628539537473,22.0,824.10767
2020-09-11 08:00:00,18.65100000000001,48.41445376779283,1.9516282345171065,25.0,940.0093
2020-09-11 09:00:00,18.954980000000035,48.121342659808796,2.2393290549943785,18.0,970.167
2020-09-11 10:00:00,18.85677000000004,47.96438954146049,2.0653796215314837,20.0,901.8347
2020-09-11 11:00:00,18.121180000000038,49.43669145225411,1.5423806540728913,17.0,555.23
2020-09-11 13:00:00,16.517179999999996,53.113117906472006,0.20055525316590242,29.0,47.273117
2020-09-11 14:00:00,14.300620000000038,64.28788466723928,1.3742949511476095,20.0,32.19423
2020-09-11 17:00:00,10.25735000000003,77.07273452656544,2.25274010450156,19.0,25.863144
2020-09-11 18:00:00,9.293600000000026,79.85090732884777,2.5542903935661663,11.0,20.739712
2020-09-11 19:00:00,9.590970000000027,75.54518269082513,3.347467016600798,8.0,20.31363
2020-09-11 20:00:00,9.644560000000013,74.94017373558775,3.2834886199618065,9.0,20.727598
2020-09-11 21:00:00,9.877470000000017,73.05318147961745,3.2930540262776207,10.0,21.449509
2020-09-11 22:00:00,9.93950000000001,72.24657682827258,3.2979067963826147,10.0,28.788284
2020-09-11 23:00:00,10.223900000000015,70.54350533365418,3.2867041260073853,7.0,33.428284
2020-09-12 00:00:00,10.320580000000007,70.09353331560212,3.3703500642518187,8.0,34.624786
2020-09-12 01:00:00,10.994740000000036,70.5422070151208,3.2936018987307043,8.0,39.356155
2020-09-12 02:00:00,13.25338000000005,71.8808464395438,2.37355870785499,13.0,39.065475
2020-09-12 04:00:00,19.79208,43.26801703389437,0.8990394399107692,25.0,430.92505
2020-09-12 05:00:00,20.497370000000046,45.187664924913875,1.387950939127205,28.0,656.3694
2020-09-12 06:00:00,21.0591,47.468997236339575,1.8165918692828198,34.0,793.5122
2020-09-12 07:00:00,20.461569999999995,49.85128236418976,0.7856236726195965,35.0,751.7932
2020-09-12 08:00:00,19.20700000000005,59.342278520735945,1.9684115153152006,17.0,825.33594
2020-09-12 09:00:00,18.485250000000008,63.103218814140625,2.2388737408074975,11.0,928.37744
2020-09-12 10:00:00,17.489900000000034,62.90827567662584,2.45823840800721,19.0,727.3616
2020-09-12 11:00:00,16.439840000000004,65.62322237222351,2.3732743629816593,20.0,872.5012
2020-09-12 12:00:00,15.392899999999997,67.66099124679546,2.289091039570609,14.0,1098.029
2020-09-12 13:00:00,12.464870000000019,84.81059341706494,2.9368756800468163,85.0,710.5918
2020-09-12 14:00:00,10.898070000000018,92.6837586854824,1.2778113259059944,24.0,467.65308
2020-09-12 15:00:00,10.452170000000024,90.33359704110657,0.2791680955528407,18.0,399.69864
2020-09-12 16:00:00,9.31985000000003,94.34818886288005,1.1761813821687206,11.0,232.22716
2020-09-12 17:00:00,9.031200000000013,92.94639076391068,1.3553258710101161,17.0,75.96065
2020-09-12 18:00:00,8.138450000000034,94.46687473089203,1.8740735282368217,21.0,32.757477
2020-09-12 19:00:00,7.032830000000047,90.71680921126791,2.116440986132286,13.0,27.47255
2020-09-12 20:00:00,6.731899999999996,90.70432232068057,2.241627131713336,10.0,24.442795
2020-09-12 21:00:00,6.200739999999996,90.83075133650104,2.4768366687954098,7.0,21.210007
2020-09-12 22:00:00,5.9917200000000435,90.5711677569116,2.6358775071100715,7.0,25.763367
2020-09-12 23:00:00,5.846280000000036,88.41680314679652,2.6407946723710993,6.0,19.854061
2020-09-13 00:00:00,5.3299200000000155,87.84636375988285,2.7511114127833936,7.0,21.563585
2020-09-13 01:00:00,6.339500000000044,78.3844065178438,2.681754656063907,13.0,23.462458
2020-09-13 02:00:00,8.585470000000043,82.42420363949928,1.7503366443976485,11.0,38.875626
2020-09-13 03:00:00,13.561900000000037,52.239922632280965,0.9822278957693844,37.0,805.6195
2020-09-13 04:00:00,14.692070000000001,49.52081704272259,1.5859420033256986,10.0,1164.5173
2020-09-13 05:00:00,15.552999999999997,47.2451856772581,1.7340717206859235,6.0,1334.1506
2020-09-13 06:00:00,16.44637,44.39973204331911,1.814912348698154,4.0,1482.7566
2020-09-13 07:00:00,16.97726,43.338236508284815,2.3050347974314076,6.0,1516.6489
2020-09-13 09:00:00,17.726530000000025,42.08062175936848,2.002018222036625,13.0,1395.135
2020-09-13 10:00:00,17.617400000000032,42.75491783508227,1.7055682402605912,10.0,1266.6797
2020-09-13 11:00:00,17.126300000000015,44.81302684481898,1.4266170321985339,9.0,821.0762
2020-09-13 12:00:00,16.340020000000038,48.195660575253044,1.0314856288479657,18.0,392.17236
2020-09-13 13:00:00,15.363120000000038,50.2721824182027,0.5053762483168079,32.0,89.52574
2020-09-13 14:00:00,12.17285000000004,64.667397508037,1.6009287699043826,19.0,46.708755
2020-09-13 15:00:00,10.133399999999995,68.94591534415295,2.03864375376408,21.0,29.908318
2020-09-13 16:00:00,8.31292000000002,73.28450262639062,2.4126991221545238,16.0,25.759342
2020-09-13 19:00:00,7.266750000000002,63.42914805535911,3.222600245558391,14.0,19.851221
2020-09-13 20:00:00,7.380580000000009,56.85149812563952,3.1682890546251126,12.0,18.788754
2020-09-13 21:00:00,7.581450000000018,52.63399141230016,3.2589392430201576,8.0,20.145437
2020-09-13 23:00:00,8.031100000000038,49.52359781781998,3.214276359778667,12.0,20.201014
2020-09-14 00:00:00,8.279870000000017,50.138008522211905,3.1250098070535923,8.0,22.936289
2020-09-14 02:00:00,10.399680000000046,66.94238093433272,2.19002327901349,17.0,41.883484
2020-09-14 04:00:00,17.093680000000006,40.81525840021142,1.0513406395193974,29.0,416.21143
2020-09-14 05:00:00,17.999840000000006,42.9018503709455,1.3987601679493376,36.0,583.9004
2020-09-14 06:00:00,18.73806000000002,45.685722216293705,1.7427422006458357,26.0,755.41455
2020-09-14 07:00:00,18.680020000000013,50.88794219427429,1.724483711687054,25.0,898.0928
2020-09-14 08:00:00,19.205160000000035,51.62022526923792,1.8828169515845374,26.0,989.15845
2020-09-14 09:00:00,18.492940000000033,53.88874668901057,0.8374029229628309,16.0,1018.4541
2020-09-14 11:00:00,18.057900000000018,56.08132646860937,1.048761441724194,10.0,735.6094
2020-09-14 14:00:00,14.258140000000026,72.66979983796382,1.150335626545947,21.0,32.039597
2020-09-14 15:00:00,12.768400000000042,75.04744294110385,1.7569331459188653,22.0,23.919392
2020-09-14 16:00:00,11.006560000000036,79.55723632901417,2.1044554777919964,16.0,19.62021
2020-09-14 17:00:00,10.407620000000009,79.5917734238659,2.090849928189034,13.0,23.982826
2020-09-14 19:00:00,9.292930000000013,79.56430123692948,2.487918414883207,13.0,31.207596
2020-09-14 21:00:00,9.21040000000005,81.81954166718891,2.5404035697239307,17.0,32.33116
2020-09-14 22:00:00,9.121669999999995,83.97840167258927,2.3474391811207806,14.0,58.96869
2020-09-14 23:00:00,8.026700000000005,89.97055565927356,2.247164526613105,9.0,74.98828
2020-09-15 00:00:00,8.012170000000026,90.53554672689592,2.221627577028672,6.0,58.441742
2020-09-15 01:00:00,8.074430000000007,91.19068981508084,2.307281649974937,4.0,37.61261
2020-09-15 02:00:00,9.491450000000043,91.4625073956998,1.8522836848392747,4.0,44.23082
2020-09-15 03:00:00,13.713770000000011,67.23623315071774,1.0862304357392358,11.0,640.6897
2020-09-15 04:00:00,15.994230000000016,50.189352877441806,2.015566208359725,12.0,1302.6057
2020-09-15 06:00:00,17.504050000000007,40.061359484242416,2.99493263929536,9.0,1936.1047
2020-09-15 07:00:00,17.721339999999998,41.35199753845705,3.0472678489412557,7.0,2012.8098
2020-09-15 08:00:00,18.086150000000032,40.86912204943524,2.779658591882083,11.0,2093.8354
2020-09-15 09:00:00,18.577230000000043,39.677850477283215,2.6560891691694803,8.0,2135.4797
2020-09-15 11:00:00,18.32955000000004,40.644081081449464,1.649485320974411,8.0,1100.2026
2020-09-15 12:00:00,17.692700000000002,41.9578660928499,0.6742034368536642,17.0,459.9051
2020-09-15 13:00:00,16.055380000000014,52.83781514883435,1.0723015069630375,20.0,76.37925
2020-09-15 14:00:00,12.594050000000038,62.06200678741887,2.128003055074103,9.0,30.71745
2020-09-15 15:00:00,10.848569999999995,66.52922676577967,2.9510327483083696,7.0,21.235973
2020-09-15 16:00:00,10.36056000000002,69.43064215382587,3.3819370679903846,10.0,20.881462
2020-09-15 17:00:00,10.139730000000043,69.80491127360806,3.5440683654342293,14.0,20.14545
2020-09-15 18:00:00,10.302850000000035,68.05225070126802,3.5514831949382684,29.0,20.49459
2020-09-15 19:00:00,10.442530000000033,68.05078035347812,3.556315929215452,33.0,20.922981
2020-09-15 20:00:00,10.70464000000004,67.01757568487778,3.2941203772165615,29.0,22.82761
2020-09-15 21:00:00,10.734770000000026,67.27433003151428,3.2234079640792928,28.0,26.545044
2020-09-15 22:00:00,10.848900000000015,67.73348168223346,3.143150232199492,25.0,28.291336
2020-09-15 23:00:00,11.101040000000012,67.23791242412098,3.0447150732834265,23.0,30.443699
2020-09-16 00:00:00,10.846699999999998,67.3253879086853,3.0824028823199856,16.0,33.36445
2020-09-16 02:00:00,12.23562000000004,69.28912722423664,2.258663401170812,14.0,37.299866
2020-09-16 03:00:00,15.781820000000039,65.00732425824508,0.7096878595241531,21.0,149.48654
2020-09-16 04:00:00,18.02720000000005,45.02437274617466,1.0772516560094811,25.0,454.1526
2020-09-16 05:00:00,18.711080000000038,46.118048990626306,1.4861689858213467,16.0,669.40015
2020-09-16 06:00:00,19.31863000000004,47.92798620202718,1.7736592247927672,15.0,906.291
2020-09-16 07:00:00,19.771749999999997,48.961607827981794,1.8276437187023717,11.0,1082.7673
2020-09-16 08:00:00,20.241540000000043,48.83814920436887,2.023972440330117,13.0,1159.4258
2020-09-16 09:00:00,20.25854000000004,49.50571823823424,2.03458597612447,11.0,1146.989
2020-09-16 10:00:00,19.994650000000036,50.56238400176447,1.9651683027982947,17.0,961.54297
2020-09-16 11:00:00,19.350340000000017,52.02391506858342,1.9304217826456949,17.0,644.8779
2020-09-16 12:00:00,18.337500000000034,54.420464558732796,1.3296139126501267,17.0,277.13416
2020-09-16 13:00:00,17.34426000000002,57.32973201296372,0.4363893831492299,21.0,56.644333
2020-09-16 14:00:00,15.144560000000013,66.62889090064539,1.376831720310703,18.0,22.574493
2020-09-16 15:00:00,13.850900000000024,69.35013329418553,1.6297213411926834,19.0,15.890545
2020-09-16 16:00:00,12.858060000000023,71.78362573971468,1.7481816673878616,20.0,17.882019
2020-09-16 20:00:00,9.139340000000004,78.93906216624363,2.2020193658258966,9.0,37.705917
2020-09-16 21:00:00,8.101400000000012,81.47991752495166,2.5144656815389923,9.0,38.910187
2020-09-16 22:00:00,8.067600000000027,80.09966881153083,2.639051683794068,7.0,32.586304
2020-09-16 23:00:00,8.01320000000004,78.31638454558278,2.826795679204079,10.0,30.182526
2020-09-17 00:00:00,8.203000000000031,76.77917357621986,2.8887958514111878,15.0,36.182083
2020-09-17 01:00:00,8.641900000000021,75.63878972946462,2.996252922966366,14.0,25.381546
2020-09-17 04:00:00,16.957420000000013,54.89499148298394,1.7235524394967834,26.0,527.6492
2020-09-17 05:00:00,17.05880000000002,56.05608917639044,2.3491196592118375,13.0,783.7134
2020-09-17 06:00:00,17.21260000000001,55.36738317941367,1.8459531856385092,18.0,820.41406
2020-09-17 07:00:00,17.5154,56.06361146281114,1.6439900801960605,19.0,1106.7373
2020-09-17 08:00:00,17.75308000000001,53.207453118310916,2.062336854888175,17.0,1107.5383
2020-09-17 10:00:00,15.583900000000028,61.218976851830696,1.9898767458057924,18.0,912.7486
2020-09-17 11:00:00,14.476530000000025,64.71071522569753,1.7912406642852747,23.0,677.9292
2020-09-17 12:00:00,12.899200000000008,80.9821764239333,1.767548314127981,11.0,785.1831
2020-09-17 13:00:00,11.248199999999997,85.84789791086091,2.1104417990836803,17.0,660.10657
2020-09-17 16:00:00,8.520800000000008,91.63999535941716,1.5605442862687684,8.0,435.8404
2020-09-17 17:00:00,7.9861700000000155,92.71741571267127,1.7055650370440887,8.0,381.0998
2020-09-17 18:00:00,7.3507000000000176,93.45966366784553,1.8605243261821498,9.0,388.49835
2020-09-17 19:00:00,6.1526700000000005,94.94148735006479,1.9239703380355218,9.0,322.6176
2020-09-17 20:00:00,5.256340000000023,96.20016717364133,1.3132588686149698,5.0,525.9167
2020-09-17 21:00:00,4.699060000000031,96.07121457312594,1.1225115453714762,0.0,437.81784
2020-09-18 00:00:00,4.700160000000039,95.49307151831773,0.7988295862818564,0.0,222.75409
2020-09-18 01:00:00,4.661460000000034,94.16268800791036,0.8064523726976024,2.0,106.66992
2020-09-18 02:00:00,6.18870000000004,87.64167969815696,0.4767711832058873,5.0,138.42947
2020-09-18 03:00:00,7.054560000000038,77.58110560673771,0.735112507581528,8.0,273.18964
2020-09-18 05:00:00,9.343530000000044,68.74935917998243,1.587980206874119,9.0,688.8838
2020-09-18 06:00:00,10.123000000000047,66.97117895769574,1.8176638725348535,8.0,928.5476
2020-09-18 07:00:00,10.495570000000043,65.63403659535432,2.1809565817637364,12.0,1004.3733
2020-09-18 08:00:00,10.426170000000013,67.24675111799323,2.2501641594407347,8.0,1014.5117
2020-09-18 09:00:00,10.323080000000004,68.2994238857473,2.2961292644639077,7.0,1023.09546
2020-09-18 10:00:00,10.054830000000038,69.90757718953517,2.1716882819003085,6.0,710.4446
2020-09-18 11:00:00,9.674980000000005,70.9779635185411,1.911437640801653,4.0,599.6548
2020-09-18 12:00:00,8.940030000000036,71.27309081914309,1.5799180244333533,8.0,456.54785
2020-09-18 13:00:00,8.24290000000002,72.84795885652906,1.2482838693184184,10.0,258.23578
2020-09-18 14:00:00,7.813260000000014,73.88519973401286,0.9915662221240764,11.0,185.88324
2020-09-18 15:00:00,7.309720000000027,79.45903459813022,0.8718296734309521,12.0,180.44705
2020-09-18 16:00:00,6.96768000000003,79.34180654442414,0.80081257991325,9.0,172.28574
2020-09-18 17:00:00,6.9424000000000206,77.15010641496417,0.6645622630515488,12.0,114.72336
2020-09-18 18:00:00,6.97222000000005,74.4633267061685,0.6422089257041765,8.0,149.79997
2020-09-18 20:00:00,6.191200000000038,75.17994937507214,0.3714425641884495,5.0,78.18054
2020-09-18 21:00:00,5.967070000000035,76.53320823463149,0.22447360712506492,5.0,86.01454
2020-09-18 22:00:00,5.756460000000004,78.4191712545426,0.1573250853224053,5.0,113.77542
2020-09-18 23:00:00,5.590779999999995,79.07256548823139,0.11562054944495853,10.0,163.6495
2020-09-19 01:00:00,5.60134000000005,78.54113906589608,0.207115749352345,6.0,149.62712
2020-09-19 02:00:00,5.735280000000046,78.22805010683126,0.17216669075916455,9.0,188.39166
2020-09-19 03:00:00,6.033749999999998,81.55397915345594,0.46804759844397237,12.0,289.66174
2020-09-19 04:00:00,5.7529499999999985,80.64495184730342,0.5811049046046675,26.0,377.4301
2020-09-19 05:00:00,6.264460000000042,81.04668885422863,0.5679111815032957,19.0,449.3416
2020-09-19 06:00:00,5.863430000000051,84.88899496696268,0.8578116890963693,16.0,494.41034
2020-09-19 07:00:00,7.49210000000005,81.16663510568189,1.515570202663321,15.0,487.1341
2020-09-19 08:00:00,7.408230000000003,80.54647973083394,1.3333197720527847,21.0,386.43286
2020-09-19 09:00:00,7.434470000000033,80.99735493164061,1.121828641418684,4.0,150.12671
2020-09-19 10:00:00,7.0844000000000165,87.57008518905945,0.7503362263157021,10.0,243.05478
2020-09-19 11:00:00,7.477000000000032,86.06493985015199,0.6440227948234907,12.0,302.62854
2020-09-19 12:00:00,7.212730000000022,91.83339479160617,0.41042857642745934,11.0,163.55678
2020-09-19 13:00:00,7.208640000000003,83.86958023843835,0.4312721211474613,11.0,60.749313
2020-09-19 15:00:00,4.3270500000000425,88.66472251794657,1.4709652787051233,16.0,45.84198
2020-09-19 16:00:00,2.9003000000000156,90.27263607224045,1.8474026288317476,14.0,45.671432
2020-09-19 17:00:00,2.140830000000051,91.25294977369774,2.164246420337634,9.0,47.48993
2020-09-19 18:00:00,1.9401000000000295,91.21224395802649,2.304055161720366,10.0,23.095222
2020-09-19 19:00:00,1.9548599999999965,91.84981736994015,2.1964982021070014,8.0,24.244156
2020-09-19 20:00:00,2.089870000000019,92.13565952989237,2.2912449703396733,10.0,28.250454
2020-09-19 21:00:00,2.67428000000001,91.6039090438397,2.4136448704067672,7.0,28.862213
2020-09-19 22:00:00,3.228780000000029,90.17384403974384,2.388093637108735,7.0,35.92253
2020-09-20 14:00:00,10.15396000000004,69.02031371886731,2.8370774916739445,17.0,27.97757
2020-09-20 15:00:00,8.812280000000044,69.78319044322897,3.435859412991389,6.0,22.224594
2020-09-20 16:00:00,8.11990000000003,65.5610882315118,3.6781598183314927,5.0,22.519989
2020-09-20 17:00:00,7.697870000000023,59.776252379503354,3.7812844428956387,4.0,22.550491
2020-09-20 18:00:00,7.369700000000023,53.30136958263534,3.8201987507414024,7.0,22.134712
2020-09-20 19:00:00,7.423330000000021,51.61522044634376,3.741985577153649,7.0,21.99694
2020-09-20 20:00:00,7.02800000000002,45.972614227186185,3.7346252886856335,6.0,21.538763
2020-09-20 21:00:00,6.749840000000006,40.384021555282615,3.792723583576578,5.0,21.235428
2020-09-20 22:00:00,6.559259999999995,36.2588991352259,3.8021240678433537,5.0,22.49253
2020-09-20 23:00:00,6.346220000000017,34.181177361425874,3.837538106763079,3.0,22.009823
2020-09-21 12:00:00,16.422780000000046,43.82668490402924,0.9974574111675164,6.0,239.41035
2020-09-21 13:00:00,15.721400000000017,43.31203083473744,0.6433767035760531,9.0,21.421846
2020-09-21 14:00:00,12.827050000000042,56.27900890494249,1.4915862495044696,6.0,21.251078
2020-09-21 15:00:00,11.378170000000011,59.4186945044164,1.8297116286900788,7.0,20.793211
2020-09-21 16:00:00,9.777600000000007,64.65193722425074,2.1294577317149117,9.0,20.476562
2020-09-21 17:00:00,8.965400000000045,66.8976209695836,2.1632103785226513,14.0,19.187977
2020-09-21 18:00:00,8.50454000000002,67.44906562721147,2.0820961445689674,13.0,18.621607
2020-09-21 19:00:00,6.856899999999996,72.42124436717114,2.492324487839643,9.0,18.406311
2020-09-21 20:00:00,6.633600000000001,71.53206404520341,2.325252103044031,8.0,22.016994
2020-09-21 21:00:00,7.261130000000037,67.41051363464693,2.0540521883809664,7.0,35.072422
2020-09-21 22:00:00,7.690030000000036,66.2474584319894,1.8610254007945628,6.0,38.344223
2020-09-21 23:00:00,9.861300000000028,58.2211320335865,1.3249741003474227,8.0,35.942528
2020-09-22 00:00:00,9.205960000000005,64.13061248055212,1.2956286839936204,11.0,36.028236
2020-09-22 01:00:00,6.8307700000000295,77.77088285845534,2.256485203967454,14.0,36.42707
2020-09-22 02:00:00,7.813379999999995,81.86613135757082,1.9744261999616401,17.0,37.855476
2020-09-22 03:00:00,12.553430000000048,65.76530713447725,0.23121193389177644,8.0,208.60246
2020-09-22 04:00:00,14.065420000000017,55.386866790195604,1.5249643424666504,12.0,573.844
2020-09-22 05:00:00,14.45956000000001,56.97673145734961,1.79948737632725,10.0,728.43604
2020-09-22 06:00:00,15.086760000000027,56.96285684613635,1.8785304354038155,12.0,972.65576
2020-09-22 08:00:00,15.47347000000002,54.75428482945985,2.1262959957468337,10.0,968.21094
2020-09-22 10:00:00,14.714650000000006,57.05052273076838,1.5217831419596486,7.0,851.3496
2020-09-22 11:00:00,14.032800000000009,58.602658892448424,1.5436870558061584,13.0,643.3008
2020-09-22 12:00:00,12.834130000000016,62.67372846639003,0.855252455705998,13.0,322.52402
2020-09-22 13:00:00,11.791100000000029,69.79055306509892,0.8870399419141523,19.0,252.54956
2020-09-22 15:00:00,11.110929999999996,69.4711941459025,0.8492476690389089,13.0,92.4272
2020-09-22 16:00:00,10.468230000000005,71.84432408046685,0.9597607945379792,14.0,55.830414
2020-09-22 18:00:00,10.166280000000029,69.69259669521817,0.8983786280611438,14.0,47.698425
2020-09-22 19:00:00,9.494870000000049,68.82102545492404,0.6593058567246218,10.0,38.653103
2020-09-22 20:00:00,8.392500000000041,71.93668182469214,1.1493809161371726,8.0,45.71766
2020-09-22 21:00:00,7.187950000000001,74.28140820212911,1.3038175864295536,10.0,41.375553
2020-09-23 00:00:00,4.589800000000025,84.82015573480464,1.7641790526889036,5.0,51.618034
2020-09-23 02:00:00,5.924770000000024,84.13257614962436,1.3719792190305589,6.0,82.160355
2020-09-23 03:00:00,9.500400000000013,70.91397800254596,0.42050543351267233,23.0,292.42047
2020-09-23 04:00:00,10.25735000000003,69.44566911821872,1.0280596516622613,43.0,454.48346
2020-09-23 05:00:00,11.63506000000001,65.77244718596306,1.2203744714132463,30.0,569.0587
2020-09-23 18:00:00,6.55898000000002,77.26430333221833,2.5969466413461637,10.0,24.725548
2020-09-23 19:00:00,6.206200000000024,77.68110215465606,2.7323725671000596,8.0,21.21295
2020-09-23 20:00:00,6.078000000000031,78.20908665364583,2.5199183946373305,11.0,25.018082
2020-09-23 21:00:00,6.354820000000018,76.47647219947376,2.724080289405177,14.0,27.020441
2020-09-23 22:00:00,6.332899999999995,75.8065127938346,2.7888672562740053,8.0,29.786575
2020-09-23 23:00:00,6.587240000000008,75.24020576294953,2.46227698121355,8.0,30.638817
2020-09-24 00:00:00,6.6839500000000385,76.45923635169754,2.397646797617875,12.0,31.752382
2020-09-24 01:00:00,6.909080000000017,78.48060793590851,2.5606506899492736,10.0,34.819214
2020-09-24 02:00:00,8.301750000000027,82.50683599883736,1.8151444663522567,15.0,54.801147
2020-09-24 03:00:00,11.826930000000004,68.15488544881791,0.36741909117204513,18.0,472.5064
2020-09-24 04:00:00,12.87148000000002,62.281531885153285,1.2193690200028093,15.0,674.89966
2020-09-24 05:00:00,13.511250000000018,60.124287870360455,1.7258808692369383,17.0,868.6433
2020-09-24 06:00:00,14.383399999999995,56.74867382152793,2.1210127931302183,10.0,1055.6458
2020-09-24 07:00:00,14.792200000000037,53.76613345256878,2.3910157863049464,19.0,1207.7634
2020-09-24 08:00:00,15.222680000000025,51.814429630495596,2.5564237945406645,22.0,1275.8774
2020-09-24 09:00:00,15.203850000000045,50.62370218504232,2.5687858804495365,23.0,1269.8914
2020-09-24 10:00:00,15.026970000000006,49.63370414835972,2.5230403493471147,37.0,1258.9609
2020-09-24 11:00:00,14.465570000000014,49.023026227935915,2.3015429134042877,40.0,1170.354
2020-09-24 12:00:00,13.698599999999999,48.87533773163009,1.766710613737046,17.0,608.2759
2020-09-24 13:00:00,12.016560000000027,61.25606040972405,0.9597252283530247,13.0,165.05302
2020-09-24 15:00:00,11.197440000000029,55.40843217388658,1.1408062734587543,10.0,58.596405
2020-09-24 16:00:00,9.771400000000028,59.953787594533345,1.3753678985372289,9.0,58.64743
2020-09-24 17:00:00,9.215540000000033,60.325640971952275,1.460304841903943,7.0,58.5354
2020-09-24 18:00:00,9.180870000000027,58.6276415793504,1.42165076323256,15.0,58.59305
2020-09-24 19:00:00,8.883080000000007,55.70038143312463,1.433992688287224,9.0,51.100998
2020-09-24 20:00:00,8.726770000000045,55.588937743750805,1.3760790816069584,7.0,45.146782
2020-09-24 21:00:00,6.454130000000021,63.919310085586105,1.6337846792459938,10.0,39.675537
2020-09-24 22:00:00,5.081200000000024,68.08115737487763,1.839673678333119,11.0,39.90851
2020-09-24 23:00:00,3.692070000000001,72.28804203454195,2.0667269976266445,7.0,37.10774
2020-09-25 00:00:00,2.7703800000000456,74.27050918426937,2.202685899547357,6.0,44.090588
2020-09-25 01:00:00,1.996180000000038,74.42114416029735,2.2000924112501163,11.0,55.912285
2020-09-25 02:00:00,4.244000000000028,74.30869021707917,1.7090027060143593,17.0,75.45964
2020-09-25 03:00:00,9.236320000000035,56.35362433535973,0.6836636077850878,22.0,381.89102
2020-09-25 04:00:00,10.880820000000028,46.74666545680645,1.5792384470454768,27.0,607.5071
2020-09-25 05:00:00,11.442250000000001,48.98889841312674,2.0021783004186466,24.0,786.01514
2020-09-25 06:00:00,11.861300000000028,51.67087190908088,2.146873549598646,24.0,920.83887
2020-09-25 07:00:00,12.081020000000024,52.30242768212253,2.2075627929863515,18.0,1018.21704
2020-09-25 08:00:00,12.268880000000024,53.737804956365025,2.1416578669029467,12.0,1043.981
2020-09-25 09:00:00,12.215779999999995,54.61582057345834,2.0813141876702086,13.0,1036.679
2020-09-25 10:00:00,11.846500000000049,55.67683430848307,1.9488471109479069,12.0,967.8225
2020-09-25 11:00:00,11.00173000000001,57.79424271726941,1.726663345189273,10.0,759.62427
2020-09-25 12:00:00,9.70410000000004,60.18592349020008,1.2513746594586492,8.0,409.04077
2020-09-25 13:00:00,8.431730000000016,63.90386795353129,0.45932564194026054,22.0,195.83746
2020-09-25 14:00:00,8.087240000000008,63.48597027678359,0.18272943948984063,13.0,162.42387
2020-09-25 15:00:00,7.679830000000038,64.65849927386535,0.4362937119297075,12.0,130.82928
2020-09-25 16:00:00,6.695830000000001,68.5907529661516,1.0017063086335978,17.0,102.035614
2020-09-25 17:00:00,5.167140000000018,74.0847187899153,1.2659040509928372,8.0,92.275024
2020-09-25 18:00:00,5.911400000000015,69.94409657951266,1.1826317022554445,7.0,88.837906
2020-09-25 19:00:00,5.823180000000036,71.16254293403932,1.0371646018558482,6.0,77.27342
2020-09-25 20:00:00,5.614340000000027,71.45482485123951,1.1150801626779843,8.0,63.344177
2020-09-25 21:00:00,5.414450000000045,71.29653464068032,1.128873132139257,8.0,57.682053
2020-09-25 22:00:00,5.205960000000005,70.91206305029426,1.114629589579234,6.0,50.22119
2020-09-25 23:00:00,4.954980000000035,70.1419092778163,1.0451089294466076,6.0,51.19983
2020-09-26 00:00:00,4.672050000000013,69.5311024491084,0.9875802905296807,9.0,32.041977
2020-09-26 01:00:00,4.163350000000037,69.2297300399181,0.9997370462284616,5.0,39.76564
2020-09-26 02:00:00,4.420530000000042,67.87082651197771,0.6265825460102886,6.0,68.42685
2020-09-26 03:00:00,5.538049999999998,64.62318783815691,1.1622652326313663,7.0,355.11584
2020-09-26 04:00:00,6.545860000000005,62.98609962031589,1.6809055725135424,11.0,549.802
2020-09-26 05:00:00,7.273130000000037,62.52673143752808,2.051475664261704,9.0,739.88965
2020-09-26 06:00:00,8.218400000000031,58.120901317829635,2.2601408738452564,8.0,882.428
2020-09-26 07:00:00,8.202840000000037,59.72863836726725,2.322790617088544,8.0,911.7654
2020-09-26 08:00:00,8.60110000000003,58.941414894563174,2.3195151847780884,7.0,916.5425
2020-09-26 09:00:00,8.199150000000031,59.538653403684734,2.1295533071225736,6.0,919.94556
2020-09-26 10:00:00,7.9918499999999995,59.33481179623798,1.816576535353603,6.0,886.3762
2020-09-26 11:00:00,7.493920000000003,59.69017639727919,1.648897193377325,9.0,594.3247
2020-09-26 12:00:00,6.583900000000028,61.31463246047154,1.1781766810848193,11.0,473.39404
2020-09-26 13:00:00,5.8743200000000115,63.49664888688015,0.7767572884764004,20.0,171.95305
2020-09-26 14:00:00,5.3595000000000255,69.8059874530078,0.6729539249125139,15.0,164.61012
2020-09-26 15:00:00,5.331800000000044,65.7238132283011,0.4707947326550009,24.0,58.71428
2020-09-26 16:00:00,5.123250000000041,66.47906101697475,0.44847971587001567,19.0,52.938553
2020-09-26 17:00:00,4.570370000000025,68.19062165637571,0.9790867067117072,17.0,40.870865
2020-09-26 18:00:00,1.7342200000000503,79.35666356295067,1.5145222960586748,10.0,39.54794
2020-09-26 19:00:00,4.940940000000012,65.33907136368339,0.8819763459383178,8.0,41.863876
2020-09-26 20:00:00,4.947400000000016,66.7428439882892,0.9711752042777385,8.0,44.8515
2020-09-26 21:00:00,5.007140000000049,68.24220209320767,0.8146785876061253,11.0,45.102173
2020-09-26 22:00:00,4.902060000000006,69.36145043465334,0.761291060308426,10.0,56.383865
2020-09-26 23:00:00,4.83193,69.91584695526858,0.720307867381036,10.0,51.62088
2020-09-27 00:00:00,4.6453200000000265,71.0023851172966,0.8211841627392353,11.0,67.68608
2020-09-27 01:00:00,4.6218000000000075,72.16745024316214,0.7201668835281253,12.0,74.13814
2020-09-27 02:00:00,4.881280000000004,72.45628145520088,0.4824420248401133,13.0,112.087006
2020-09-27 03:00:00,5.146140000000003,74.26878495784543,0.8880327392615038,13.0,184.44823
2020-09-27 04:00:00,5.576900000000023,72.21251017010103,1.1559752013731763,14.0,312.29834
2020-09-27 05:00:00,5.9491500000000315,70.70176024191993,1.3121809755194593,9.0,118.58089
2020-09-27 06:00:00,5.915120000000002,71.78438162480298,1.1786795235789271,11.0,470.935
2020-09-27 07:00:00,7.635370000000023,65.487473763715,2.1230092530475626,5.0,579.3692
2020-09-27 08:00:00,7.154320000000041,66.97749567033213,1.4877737396066817,8.0,440.6798
2020-09-27 09:00:00,7.4726,64.56743554095937,1.7179954048824344,12.0,649.1809
2020-09-27 10:00:00,7.5069500000000176,64.16408303905767,1.5590937676091159,17.0,672.47144
2020-09-27 11:00:00,7.510770000000036,62.65259828029025,1.5371824326458199,16.0,486.40656
2020-09-27 12:00:00,6.809169999999995,64.69155887348512,1.2108597450345584,11.0,347.09747
2020-09-27 13:00:00,5.9792000000000485,72.49038802270465,0.6570768145592873,16.0,51.253235
2020-09-27 14:00:00,5.521200000000022,72.16259408462926,0.8415106457660667,32.0,97.98033
2020-09-27 15:00:00,5.536900000000003,70.24096799273357,0.8329772440309781,14.0,60.06279
2020-09-27 16:00:00,4.843530000000044,73.81682830954261,1.0310748307216793,13.0,41.89012
2020-09-27 18:00:00,4.222250000000031,74.47962752422447,1.1637558291921326,12.0,53.109818
2020-09-27 20:00:00,1.3486599999999953,83.082115149513,1.5946832096590111,16.0,33.574562
2020-09-27 21:00:00,0.9663600000000088,81.2042981626808,1.6825059734062733,14.0,37.619293
2020-09-27 22:00:00,-0.31229999999999336,84.93017377604257,1.9321803745978428,10.0,31.52475
2020-09-27 23:00:00,-0.9280999999999722,85.93324769234923,2.0779570743645217,6.0,37.24994
2020-09-28 00:00:00,-1.3258699999999521,86.70602328246535,2.274460325328552,6.0,43.280884
2020-09-28 01:00:00,-1.2818399999999883,86.3143965377857,2.3838537111891327,9.0,54.1454
2020-09-28 02:00:00,0.4543700000000399,87.27773469100535,1.9039011568183557,9.0,79.38388
2020-09-28 03:00:00,4.814480000000003,69.086443246928,0.8694378837065763,9.0,361.88367
2020-09-28 04:00:00,6.2445299999999975,66.9793582906124,1.453283461117962,10.0,527.57227
2020-09-28 05:00:00,7.508050000000026,61.79619119694428,2.101219836044107,6.0,800.9038
2020-09-28 06:00:00,8.509119999999996,59.01527631879936,2.5600269150930424,14.0,869.60425
2020-09-28 07:00:00,8.46810000000005,63.84686782719498,2.3778064781658452,12.0,894.60156
2020-09-28 08:00:00,8.556540000000041,63.98217886582817,2.3040598069169147,11.0,966.2217
2020-09-28 09:00:00,8.61080000000004,63.45525267884432,2.2181837665810558,16.0,947.5471
2020-09-28 10:00:00,8.315500000000043,62.68641338880573,2.008760278939299,14.0,853.82935
2020-09-28 11:00:00,7.712060000000008,62.01824319678389,1.6324803911140924,13.0,644.2573
2020-09-28 12:00:00,6.759299999999996,64.22448876772259,1.1670878209331628,9.0,311.77026
2020-09-28 13:00:00,5.641750000000002,76.54847384425985,0.5646014580096035,16.0,114.6324
2020-09-28 14:00:00,5.5638700000000085,69.11325393290937,0.6511132019430165,16.0,172.83498
2020-09-28 15:00:00,5.079740000000015,70.0897786462814,0.8708146180718009,19.0,61.46022
2020-09-28 16:00:00,3.6281400000000303,74.26357614753466,1.197416488289067,13.0,52.769897
2020-09-28 17:00:00,1.9503400000000397,78.04324175748006,1.5093774458060452,11.0,43.151
2020-09-28 18:00:00,0.0554000000000201,82.86643611537937,1.8667953249611067,8.0,34.590305
2020-09-28 20:00:00,-1.268699999999967,85.9101985606667,2.254134249741946,5.0,22.500837
2020-09-28 21:00:00,-1.2190599999999563,84.95448001810342,2.48766324291722,8.0,20.208347
2020-09-28 22:00:00,-1.0629299999999944,81.54134547779356,2.522495228635426,6.0,23.394207
2020-09-28 23:00:00,-1.0639999999999645,77.78900900495128,2.588984200449344,3.0,22.673843
2020-09-29 00:00:00,-0.8272499999999923,72.48795401832504,2.3956453926616934,4.0,21.998444
2020-09-29 01:00:00,-0.8262399999999843,72.73868758585502,2.1204639981085203,8.0,23.29813
2020-09-29 02:00:00,0.6186800000000403,73.53346982922415,1.6078736858946827,12.0,31.14843
2020-09-29 03:00:00,5.1500500000000216,58.15971231957598,0.2593412192593487,17.0,199.27661
2020-09-29 04:00:00,7.0312000000000126,45.97103720611267,1.1653258407358917,22.0,431.6493
2020-09-29 05:00:00,8.016200000000026,47.479649816553874,1.4982008423645166,23.0,594.07837
2020-09-29 06:00:00,8.798730000000035,48.6930667509784,1.8056329311067028,18.0,738.489
2020-09-29 07:00:00,9.222470000000044,50.40650650740548,2.0342694696083963,16.0,833.08716
2020-09-29 10:00:00,9.483360000000005,50.90566770759571,1.893229540057517,19.0,790.03613
2020-09-29 11:00:00,8.823360000000037,51.377871963465665,1.6628206745498881,39.0,529.40894
2020-09-29 12:00:00,7.71786000000003,53.05922265362138,0.9752880480823359,46.0,231.23952
2020-09-29 13:00:00,6.974540000000047,53.17316637521538,0.2794458937238477,23.0,46.283573
2020-09-29 14:00:00,6.663900000000012,53.64560954729579,0.8015481420316382,18.0,37.324203
2020-09-29 15:00:00,5.5106400000000235,57.377558415955775,1.175483782585294,24.0,33.167744
2020-09-29 16:00:00,2.7993000000000166,67.80190503198178,1.630069268439603,16.0,20.72795
2020-09-29 17:00:00,1.29140000000001,73.03600975947784,1.9288626980192163,17.0,20.63919
2020-09-29 18:00:00,0.37794999999999845,75.68879572905581,2.110936906059487,18.0,20.767548
2020-09-29 19:00:00,-1.063760000000002,76.27960552860955,2.399891111327899,17.0,22.038364
2020-09-29 23:00:00,-0.464149999999961,62.252275458899106,2.296823252381731,12.0,22.836227
2020-09-30 00:00:00,-0.38302999999996246,60.01958496639764,2.301226985411089,10.0,22.134674
2020-09-30 01:00:00,-0.5038499999999999,62.787509452971726,2.315890395929389,8.0,27.982601
2020-09-30 02:00:00,1.4753000000000043,66.27234212662925,1.7877393794518794,17.0,26.433073
2020-09-30 03:00:00,5.631160000000023,64.93274709079199,0.4481614625019233,13.0,119.28777
2020-09-30 04:00:00,7.688500000000033,44.177751799922284,0.24173194609998164,31.0,241.21016
2020-09-30 05:00:00,9.279780000000017,43.81072835253925,1.4427672532431652,29.0,428.73334
2020-09-30 06:00:00,9.425040000000024,50.52756893246684,1.3870793841794071,61.0,616.4912
2020-09-30 07:00:00,10.854360000000042,46.69361964089623,2.12305159569007,29.0,741.5813
2020-09-30 08:00:00,10.791899999999998,48.22254383114171,2.1734380950387817,28.0,763.0769
2020-09-30 09:00:00,9.899069999999995,50.53185852685796,1.7723441349227667,17.0,679.3225
2020-09-30 10:00:00,9.27896000000004,52.42391123405605,1.2411462980753205,40.0,451.61206
2020-09-30 11:00:00,8.77212000000003,54.61290933151942,0.9746287210554655,25.0,336.24237
2020-09-30 12:00:00,8.361700000000042,56.70239734460758,0.9336100452911539,33.0,202.86166
2020-09-30 13:00:00,7.312340000000006,67.65011357696436,1.0395504700093827,20.0,209.19444
2020-09-30 14:00:00,6.238730000000032,73.46669597095034,1.1002795565958923,17.0,183.48878
2020-09-30 15:00:00,5.642539999999997,75.10393833682487,1.0744644237239949,19.0,144.17456
2020-09-30 16:00:00,5.290900000000022,73.25173765185349,0.9076821403148122,16.0,142.22957
2020-09-30 17:00:00,5.308620000000019,73.12119622028597,0.783523497768359,14.0,123.67059
2020-09-30 18:00:00,5.510400000000004,70.3799961920607,0.6732292537101114,14.0,91.05687
2020-09-30 19:00:00,4.7190800000000195,86.17003739243161,0.5966577983351008,22.0,93.06291
2020-09-30 21:00:00,4.834530000000029,82.40977676485944,0.18791801973953776,14.0,19.599987
2020-09-30 22:00:00,4.635520000000042,83.87766161961483,0.24495419965142318,14.0,89.26199
2020-10-01 00:00:00,4.31277,86.20784235711453,0.2799079009133008,21.0,103.50981
2020-10-01 01:00:00,4.550000000000011,85.55945845070391,0.23812390580384762,12.0,87.44469
2020-10-01 02:00:00,4.6868500000000495,85.97011234362272,0.08953872859725687,20.0,104.306915
2020-10-01 04:00:00,6.059400000000039,80.94067875173573,1.1308028865316404,29.0,346.3113
2020-10-01 05:00:00,6.1641500000000065,81.16981050400051,1.2481233591625032,24.0,430.99188
2020-10-01 06:00:00,7.562900000000013,75.00377034822795,1.6786697584887504,28.0,523.0148
2020-10-01 07:00:00,8.524740000000008,72.40862147738405,1.8708187952001794,26.0,574.79004
2020-10-01 08:00:00,8.730580000000032,70.4009964515526,1.8372817465720384,20.0,587.55945
2020-10-01 09:00:00,8.72305,68.92609398184108,1.6280991903874222,109.0,592.4986
2020-10-01 10:00:00,8.63864000000001,67.84307276567645,1.5666930972702504,18.0,548.58
2020-10-01 11:00:00,8.155850000000044,67.83228038037893,1.1442050358125941,14.0,397.0144
2020-10-01 12:00:00,7.410030000000006,69.5265164865506,0.5158756815272789,16.0,145.32979
2020-10-01 13:00:00,6.503600000000006,81.01017500521979,0.6413036843643393,24.0,45.418304
2020-10-01 14:00:00,6.738980000000026,72.22578472215001,0.7460658761169944,34.0,31.64772
2020-10-01 15:00:00,5.876500000000021,73.62262769866832,0.9648838504666767,30.0,20.723923
2020-10-01 16:00:00,4.1684999999999945,78.9466364745679,1.4277692374123918,29.0,22.58864
2020-10-01 17:00:00,2.4513200000000097,84.36932363264879,1.9233588550899183,22.0,21.447088
2020-10-01 18:00:00,1.7468000000000075,83.58336534758014,2.201169506241625,21.0,19.77699
2020-10-01 19:00:00,1.543360000000007,80.93583056540434,2.5835462895583694,23.0,19.005562
2020-10-01 20:00:00,1.7995200000000295,76.51980523947158,2.5780440771509574,22.0,19.198872
2020-10-01 21:00:00,1.9266600000000267,74.74080220441674,2.6998605312667343,15.0,19.6819
2020-10-01 22:00:00,1.8373700000000213,74.41585065221851,2.826480688395031,15.0,28.935822
2020-10-01 23:00:00,2.1727000000000203,72.93279299580281,2.746667186914951,13.0,23.124672
2020-10-02 00:00:00,2.1790700000000243,72.33218495021177,2.665128753276802,12.0,25.233715
2020-10-02 01:00:00,2.5289999999999964,73.31053067650207,2.5787991219690785,15.0,23.075838
2020-10-02 02:00:00,3.4821400000000153,75.33042218545954,2.198912840720214,23.0,32.26763
2020-10-02 03:00:00,6.811550000000011,69.70184436632583,1.0592626647237218,23.0,89.02082
2020-10-02 04:00:00,9.103139999999996,60.58667059838272,0.2761442112805626,24.0,288.33752
2020-10-02 05:00:00,10.246849999999995,60.11176144872144,0.8129610842162678,28.0,473.85822
2020-10-02 06:00:00,11.089040000000011,59.924472968960046,1.4124905590216241,23.0,598.2117
2020-10-02 08:00:00,11.052099999999996,62.973994365279346,1.3799767213645018,40.0,704.1464
2020-10-02 09:00:00,10.730070000000012,64.97209811632501,1.3478906504792776,34.0,601.7178
2020-10-02 10:00:00,10.471770000000049,64.87005212035153,1.4208408797503471,45.0,555.12646
2020-10-02 11:00:00,9.427700000000016,69.91345155643027,0.9150165397466063,28.0,268.1087
2020-10-02 12:00:00,8.940760000000012,73.55391281157615,0.6967818015994696,50.0,217.82306
2020-10-02 13:00:00,8.502650000000017,75.51452640636937,0.42061147365190904,39.0,111.610825
2020-10-02 14:00:00,8.354700000000037,73.73834186094832,0.6493616177232978,36.0,62.06732
2020-10-02 15:00:00,8.071860000000015,72.59261011091692,0.7352572336349869,34.0,49.285538
2020-10-02 16:00:00,6.322050000000047,78.30560577947237,1.1503590307736582,66.0,28.430698
2020-10-02 17:00:00,4.4123200000000224,83.42329900002503,1.5873999903603944,41.0,20.275528
2020-10-02 18:00:00,4.003080000000011,84.73539018653025,1.6809100279033526,23.0,22.160799
2020-10-02 19:00:00,4.292750000000012,82.09054876686639,1.5775277510374315,23.0,22.862537
2020-10-02 21:00:00,1.9055400000000304,87.68332307876648,2.1186384218658127,15.0,21.33793
2020-10-02 22:00:00,1.3628000000000497,88.37127423092112,2.211164643686625,19.0,20.629045
2020-10-02 23:00:00,0.5821000000000254,88.04420452179245,2.3700886100817518,13.0,21.970188
2020-10-03 00:00:00,0.32210000000003447,87.99051181977038,2.454065440842171,11.0,21.72882
2020-10-03 01:00:00,0.11404000000004544,87.23009393488879,2.5502880674174757,8.0,23.000652
2020-10-03 02:00:00,1.8765200000000277,88.74632090486011,2.1864021356042445,15.0,23.245079
2020-10-03 03:00:00,7.276200000000017,75.2171260250684,0.9407810051558477,13.0,50.02237
2020-10-03 04:00:00,9.472740000000044,63.760919977424514,0.3811027343950568,16.0,377.3557
2020-10-03 06:00:00,11.130580000000009,60.78713558637186,1.4361207425976343,17.0,823.6638
2020-10-03 07:00:00,11.6447,56.474527982897925,1.358299091907471,22.0,947.12646
2020-10-03 08:00:00,11.647550000000024,57.21600022542711,1.3867265972016258,20.0,743.5056
2020-10-03 09:00:00,10.892200000000003,60.947712484467594,1.0227509789548948,23.0,854.50104
2020-10-03 10:00:00,11.066980000000001,59.37541455790942,1.1025941863809494,30.0,718.771
2020-10-03 11:00:00,10.384800000000041,60.99717969654343,0.8008362768377292,28.0,597.89026
2020-10-03 12:00:00,9.839750000000038,64.4550414259318,0.541987302558131,43.0,157.19763
2020-10-03 13:00:00,9.462640000000022,65.03162417294784,0.42063669664588055,36.0,67.118454
2020-10-03 14:00:00,9.08850000000001,64.76234461866137,0.588346972191065,48.0,53.201584
2020-10-03 15:00:00,8.379750000000001,66.2604827740777,0.9542399997206219,49.0,37.764282
2020-10-03 16:00:00,6.442769999999996,72.05971390591625,1.3864635315876843,38.0,30.53186
2020-10-03 17:00:00,4.596670000000017,80.4385535053314,1.7529080792438747,30.0,28.602825
2020-10-03 18:00:00,4.141300000000001,81.9717498446717,1.805924370373404,17.0,25.866688
2020-10-03 19:00:00,2.85232000000002,81.53497359522957,2.2957129166254653,18.0,23.56327
2020-10-03 20:00:00,2.3401700000000005,80.35741236907373,2.5400788592314294,14.0,22.698975
2020-10-03 21:00:00,2.0089399999999955,78.67756171207952,2.7738253689083745,14.0,21.689398
2020-10-03 22:00:00,2.0882200000000353,76.02289335112772,2.8969582821756013,10.0,20.839954
2020-10-03 23:00:00,2.1246600000000058,70.92142439556369,3.0233928840547932,10.0,20.213078
2020-10-04 00:00:00,1.747920000000022,68.32077336798157,3.2464246094675966,9.0,19.800262
2020-10-05 01:00:00,3.9832400000000234,69.18972526838829,2.635154580774601,10.0,22.53069
2020-10-05 02:00:00,5.068260000000009,71.30324962816151,2.2777175128270186,17.0,24.455189
2020-10-05 03:00:00,7.617200000000025,70.19901858283363,1.3306858268131332,15.0,54.322433
2020-10-05 04:00:00,10.335020000000043,48.454605953041685,1.0475661316047875,15.0,554.6288
2020-10-05 05:00:00,11.216880000000003,47.93744138107175,1.6131033833866977,28.0,873.4363
2020-10-06 02:00:00,4.653220000000033,65.65972568509088,0.7926696653517564,16.0,289.06726
2020-10-06 03:00:00,3.8600700000000074,74.24177659890127,1.60794130275841,19.0,565.26794
2020-10-06 05:00:00,2.720730000000003,90.3877394005541,2.045608972763859,16.0,552.68616
2020-10-06 06:00:00,1.9133000000000493,93.83092098457706,1.8793993987963282,21.0,462.61993
2020-10-06 07:00:00,1.0635599999999954,95.66075702371742,1.8936332135462162,12.0,410.32202
2020-10-06 08:00:00,0.9490000000000123,94.9499346543568,1.7455948708048477,12.0,426.97217
2020-10-06 09:00:00,1.0598400000000083,90.8507433818906,1.6114265224598017,11.0,601.78
2020-10-06 11:00:00,1.4122300000000223,84.43692808885488,0.7532199110272495,15.0,1173.6995
2020-10-06 12:00:00,1.2825000000000273,78.8322412499887,0.6693346786199129,9.0,536.6401
2020-10-06 13:00:00,0.38197999999999865,78.41290865224686,1.214727781788604,10.0,129.18343
2020-10-06 14:00:00,-0.7862299999999891,79.53390148451197,1.5969075376385446,10.0,37.896484
2020-10-06 15:00:00,-1.9628399999999715,78.89824898705217,1.7292254767795783,18.0,21.898163
2020-10-06 16:00:00,-3.321139999999957,77.69576504267539,2.0419471895480577,18.0,22.92865
2020-10-06 17:00:00,-4.42035999999996,73.8755599123254,2.562337663276488,14.0,22.61133
2020-10-06 18:00:00,-4.97242,68.30989123246762,2.9449734350244077,18.0,24.597717
2020-10-06 19:00:00,-5.296669999999949,56.64359491824049,2.997868687229708,14.0,24.411577
2020-10-06 20:00:00,-4.887239999999963,51.888676330683154,2.8417680631962297,12.0,23.868298
2020-10-06 21:00:00,-4.507639999999981,45.708380549453295,2.8173962195404916,12.0,22.13574
2020-10-06 22:00:00,-4.37894,40.45458240255859,2.8221988248916965,7.0,25.469862
2020-10-06 23:00:00,-4.545699999999954,37.34980905666143,2.9433186507867832,5.0,19.017681
2020-10-07 00:00:00,-4.669319999999971,36.35728959770582,3.0541831965586774,5.0,17.80148
2020-10-07 01:00:00,-4.648869999999988,38.677803717755694,3.0322255856863225,7.0,17.613651
2020-10-07 02:00:00,-3.3803199999999833,42.80104571696903,2.7768506274993827,29.0,19.038904
2020-10-07 03:00:00,1.0867600000000266,44.598644055819946,1.7702619117008676,22.0,39.960403
2020-10-07 04:00:00,4.18258000000003,34.49118720719225,0.4013150410100203,29.0,174.39122
2020-10-07 05:00:00,5.489160000000027,33.373357743533006,0.46512564971645415,29.0,388.992
2020-10-07 06:00:00,6.1168499999999995,42.720656982808954,0.9498454206796295,28.0,522.2302
2020-10-07 07:00:00,6.236350000000016,44.02654136444652,0.9947008117611883,28.0,622.2409
2020-10-07 08:00:00,6.545680000000004,46.09323827832842,1.172958358658999,32.0,689.8364
2020-10-07 09:00:00,6.666650000000004,48.63386821220651,1.0739721326992056,24.0,676.8159
2020-10-07 10:00:00,6.7415000000000305,48.836613151978156,0.7466095748482975,20.0,388.3973
2020-10-07 11:00:00,6.645650000000046,48.52320859883983,0.17126416872722677,43.0,133.9862
2020-10-07 13:00:00,2.7368400000000292,56.81555617449646,2.219223653347652,56.0,22.230352
2020-10-07 14:00:00,0.8541500000000042,58.23334650526891,2.827494779492436,44.0,21.72987
2020-10-07 15:00:00,-1.1563999999999623,59.9074599704789,3.435079598927935,34.0,23.113579
2020-10-07 16:00:00,-2.084329999999966,61.36121829476427,3.7417154727020545,32.0,20.40614
2020-10-07 17:00:00,-2.1202799999999797,60.64458240747356,3.7732125145747992,29.0,18.170803
2020-10-07 18:00:00,-1.6616300000000024,58.59493229299435,3.6550839585720487,23.0,17.579979
2020-10-07 20:00:00,-1.6778999999999655,58.75850292990415,3.582212041102622,12.0,17.796972
2020-10-07 23:00:00,-2.0078999999999496,63.58188895346371,3.665167541823399,3.0,17.224781
2020-10-08 00:00:00,-1.8584399999999732,63.732809104822834,3.614586410097771,2.0,17.637959
2020-10-08 01:00:00,-1.5417999999999665,63.83062681062498,3.5381674178942255,3.0,18.426315
2020-10-08 02:00:00,-0.5236999999999625,64.27233734741013,3.1780279337979804,16.0,19.11905
2020-10-08 03:00:00,1.7635400000000345,61.29860743006591,2.4071565410637157,28.0,22.90384
2020-10-08 04:00:00,5.802819999999997,51.57990490818779,1.0127484130764342,33.0,135.09247
2020-10-08 05:00:00,7.5625,45.76854925205279,0.4157985228218229,46.0,263.09094
2020-10-08 06:00:00,7.947530000000029,47.21395554603418,0.9091898854949045,48.0,381.66336
2020-10-08 07:00:00,8.837800000000016,45.21528197753463,1.357320025743148,33.0,459.79498
2020-10-08 08:00:00,8.944600000000037,46.74070658845966,1.465479428829546,33.0,476.2566
2020-10-08 09:00:00,8.694360000000017,48.34649809419482,1.332834766668997,35.0,442.54858
2020-10-08 10:00:00,8.458950000000016,48.99786763123714,1.2395551835014407,18.0,405.45288
2020-10-08 11:00:00,7.780970000000025,50.928766892444564,1.046002082881294,26.0,265.38864
2020-10-08 12:00:00,6.6935700000000224,53.77562727881453,0.28255744730385995,37.0,104.323456
2020-10-08 13:00:00,5.996939999999995,55.429147214178535,0.6632487629591977,36.0,20.694916
2020-10-08 14:00:00,5.499840000000006,56.50071928192944,1.0027988836587498,33.0,33.63182
2020-10-08 16:00:00,4.46804000000003,58.29401244615925,1.07655744532948,50.0,80.93036
2020-10-08 17:00:00,4.3744800000000055,57.67949679268209,1.0151603063797874,28.0,42.668274
2020-10-08 19:00:00,4.039060000000006,60.37048796845332,0.9541820119940692,25.0,39.53755
2020-10-08 20:00:00,3.8527799999999957,59.90289337016255,0.8938484492839974,27.0,45.839127
2020-10-08 21:00:00,3.5307999999999993,59.88246329162788,0.7917409112524754,25.0,48.996033
2020-10-08 22:00:00,3.2067499999999995,60.48408665441619,0.7665690479832279,25.0,48.32933
2020-10-08 23:00:00,2.9631600000000162,60.879256042645935,0.7600679149132339,12.0,41.9738
2020-10-09 00:00:00,2.653250000000014,61.86502709852518,0.7243005382745836,16.0,54.29947
2020-10-09 04:00:00,2.931540000000041,66.6422279959195,0.5559598641897568,11.0,129.79044
2020-10-09 05:00:00,3.0247700000000464,69.67763206944822,0.7095252069942477,11.0,189.947
2020-10-09 06:00:00,3.3862000000000307,68.81872301299371,0.887534121525622,18.0,286.76242
2020-10-09 07:00:00,3.6777000000000157,79.91676639531651,1.223963788417906,18.0,370.77045
2020-10-09 08:00:00,3.674950000000024,80.66345852521297,1.0608600354967828,23.0,432.85974
2020-10-09 09:00:00,4.12838000000005,79.22454805104505,1.3585704340174132,33.0,470.86713
2020-10-09 10:00:00,4.069900000000018,79.46460014798821,1.2658647754491235,17.0,478.89508
2020-10-09 11:00:00,3.759640000000047,80.5311583094852,1.005060012294501,21.0,364.05878
2020-10-09 12:00:00,3.318930000000023,82.8158962603256,0.5363759582620551,29.0,243.1583
2020-10-09 13:00:00,3.1604200000000446,85.0597818042594,0.34889381966702254,19.0,160.88185
2020-10-09 14:00:00,3.0922500000000355,79.13158037727136,0.39111295177282435,17.0,71.78369
2020-10-09 15:00:00,2.8403299999999945,76.91471336071962,0.5412006591996052,6.0,48.960648
2020-10-09 16:00:00,2.3033700000000294,75.00216567294332,0.9188583414695978,16.0,24.989868
2020-10-09 17:00:00,0.6246000000000436,75.64361530865884,1.3208594359825652,22.0,18.828728
2020-10-09 18:00:00,-0.11764999999996917,72.39988074525978,1.4468154394092538,19.0,20.99057
2020-10-09 19:00:00,-1.1050799999999867,75.80992332445972,1.6310388153732456,16.0,23.554316
2020-10-09 20:00:00,-0.9101599999999621,70.988585673515,1.518769388138724,16.0,31.067383
2020-10-09 21:00:00,-1.5476400000000012,69.935032939849,1.6429092333954556,17.0,32.96241
2020-10-09 22:00:00,-2.19784999999996,70.4396774686867,1.7500080831760778,18.0,34.305557
2020-10-09 23:00:00,-2.8451299999999833,71.26540260145941,1.859574905338973,13.0,32.360214
2020-10-10 00:00:00,-3.5500999999999863,72.69553297818294,1.987175254288119,11.0,35.451157
2020-10-10 01:00:00,-3.545749999999998,71.80892581771414,2.0794222747876994,15.0,34.55665
2020-10-10 02:00:00,-2.34366,70.60182337969695,1.8381900912581837,20.0,56.646584
2020-10-10 03:00:00,1.0824200000000133,58.46984127844128,0.7241380635516552,21.0,97.77281
2020-10-10 04:00:00,2.7508000000000266,58.006848096199846,0.8316760999952716,28.0,182.17107
2020-10-10 05:00:00,3.4793300000000045,61.700655976577025,1.0737405486124134,26.0,284.12592
2020-10-10 06:00:00,4.3089200000000005,62.44102889482208,1.4917171986183209,15.0,388.17178
2020-10-10 07:00:00,3.9916600000000244,66.36066623328655,1.448898559808718,20.0,503.96118
2020-10-10 08:00:00,4.644980000000032,65.32363411427542,1.4515839941697792,16.0,556.9255
2020-10-10 09:00:00,4.707330000000013,66.17626727546151,1.4655715413163506,25.0,543.10974
2020-10-10 10:00:00,4.531240000000025,67.24098987342065,1.3064488062804547,20.0,514.5343
2020-10-10 11:00:00,4.100500000000011,67.82688535116696,0.997028994202231,27.0,367.8626
2020-10-10 12:00:00,3.1435200000000236,71.24425857633928,0.2629918052917714,40.0,142.74207
2020-10-10 13:00:00,1.9027000000000385,78.83693454564205,0.8042410305711345,41.0,48.576233
2020-10-10 14:00:00,1.2513400000000274,74.92624944191871,1.0838437661912026,32.0,42.059288
2020-10-10 15:00:00,0.07730000000003656,75.990219345405,1.3188822817228105,29.0,36.969345
2020-10-10 16:00:00,-1.1324999999999932,76.86965301869353,1.6029457689344078,56.0,31.993599
2020-10-10 17:00:00,-2.3814799999999536,77.94116152941356,1.8996683294428296,49.0,21.902935
2020-10-10 18:00:00,-2.690529999999967,76.05392473418655,2.0492497432009626,39.0,17.060268
2020-10-10 19:00:00,-2.549229999999966,73.01305619474648,1.8572737878634318,30.0,15.848698
2020-10-10 20:00:00,-2.854600000000005,73.43758878424424,1.9544478618403023,30.0,15.983545
2020-10-10 21:00:00,-2.8383499999999913,72.1403221105689,2.016865924940022,23.0,16.677736
2020-10-10 22:00:00,-2.7645299999999793,70.71510305710673,2.077669748770938,16.0,28.313328
2020-10-10 23:00:00,-2.8585599999999545,68.87260000455812,2.2293423235169336,20.0,20.329388
2020-10-11 13:00:00,2.7601000000000226,65.70250980858201,1.1829870747193347,42.0,26.59528
2020-10-11 18:00:00,-2.364629999999977,74.4201148966779,2.633479582177164,36.0,22.836971
2020-10-11 19:00:00,-2.089499999999987,73.27425558152461,2.65634479315072,31.0,23.539274
2020-10-11 20:00:00,-1.9511499999999842,72.31821454576787,3.055720323886178,30.0,22.183064
2020-10-11 21:00:00,-2.0545999999999935,72.88249476484044,3.2299778771538747,17.0,21.840681
2020-10-11 22:00:00,-1.9394599999999969,71.08243306507082,3.1780325255729776,19.0,21.396767
2020-10-11 23:00:00,-2.280550000000005,72.42567486812571,3.2469206255158456,15.0,20.864754
2020-10-12 14:00:00,0.5948000000000206,62.723531737400364,2.07766710709526,55.0,21.441742
2020-10-12 15:00:00,-0.734299999999962,63.35760929217357,2.577498829284079,53.0,21.624462
2020-10-12 16:00:00,-1.2546799999999507,61.64043702519469,2.8392224134396535,45.0,21.082985
2020-10-12 17:00:00,-1.2817699999999945,58.72949340455684,3.0208753891420184,35.0,20.765293
2020-10-12 18:00:00,-1.2529700000000048,55.286284862737304,3.2711625885293274,30.0,19.136375
2020-10-12 19:00:00,-0.7328200000000038,52.803488694140555,3.2760855600005625,33.0,17.53621
2020-10-12 20:00:00,-1.0566799999999716,50.91087832152823,3.395790916657906,22.0,17.402275
2020-10-12 21:00:00,-1.2298999999999864,49.68889193189551,3.5325691974050417,17.0,17.509518
2020-10-12 22:00:00,-1.2271499999999946,47.15878158387669,3.58279040844366,16.0,20.305428
2020-10-12 23:00:00,-1.1963599999999701,44.73728240777162,3.617900556837222,12.0,17.816116
2020-10-13 06:00:00,9.369130000000041,30.166098262233337,1.4170486607436608,80.0,493.2613
2020-10-13 07:00:00,9.935080000000028,34.0993461428837,1.6578151218210286,39.0,594.23474
2020-10-13 08:00:00,10.213160000000016,35.8686246866984,1.743587757217035,20.0,653.1345
2020-10-13 09:00:00,10.242200000000025,37.77620309665101,1.7703865528658878,18.0,648.5839
2020-10-13 10:00:00,9.782860000000028,40.26903666796801,1.6547492053007036,21.0,512.497
2020-10-13 12:00:00,7.2085500000000025,63.61715499044105,0.6552329504980423,32.0,73.04195
2020-10-13 13:00:00,4.707670000000007,60.449069816138454,1.476201402194108,40.0,19.79802
2020-10-13 14:00:00,2.8145400000000222,63.77607513171477,1.9031336826382041,37.0,15.566671
2020-10-13 17:00:00,-0.9984999999999786,68.61620405679024,2.8695180483290237,25.0,20.081882
2020-10-13 18:00:00,-0.9366200000000049,64.25284473727974,3.0008910946143064,27.0,20.728909
2020-10-13 19:00:00,-0.47546999999997297,57.7146937706138,3.3917980998243764,25.0,19.647789
2020-10-13 20:00:00,-0.22805999999997084,53.18647343517023,3.240334176520965,22.0,18.307514
2020-10-13 21:00:00,-0.1339999999999577,48.62132867271822,3.332043945111295,21.0,17.744003
2020-10-13 23:00:00,-0.04214999999999236,41.29286333561855,3.364674254560194,21.0,15.723453
2020-10-14 06:00:00,9.993800000000022,36.00148777474228,1.3554221608873853,38.0,487.32892
2020-10-14 07:00:00,10.28054000000003,39.393200327224974,1.602172718106983,36.0,593.30084
2020-10-14 08:00:00,10.417720000000031,41.20226676608396,1.7291865511286493,39.0,661.24585
2020-10-14 09:00:00,10.293300000000045,42.864452062856664,1.679833493848657,39.0,668.6715
2020-10-14 10:00:00,9.829740000000015,44.67499822603652,1.4974659429238069,35.0,515.12476
2020-10-14 11:00:00,8.919579999999996,47.535705432277986,0.9356599831433479,25.0,238.33162
2020-10-14 12:00:00,7.759800000000041,59.55957067631411,0.5211267347240567,29.0,29.412327
2020-10-14 13:00:00,5.003700000000038,62.816929516069756,1.533607527958115,43.0,18.922215
2020-10-14 14:00:00,2.7994300000000294,68.28650920805768,2.040800537300404,61.0,21.394718
2020-10-14 15:00:00,1.0136700000000474,73.00200990070114,2.4215343795710504,59.0,21.744633
2020-10-14 17:00:00,-0.05795999999998003,70.30665267916005,3.11961778905796,44.0,20.713959
2020-10-14 18:00:00,0.20596000000000458,65.89796242852542,3.315470009786922,47.0,18.724741
2020-10-14 19:00:00,0.8847600000000284,66.71664014194478,3.400931200577395,36.0,18.449026
2020-10-14 20:00:00,0.9516800000000103,65.83525365437225,3.2354551688011273,33.0,20.218468
2020-10-14 21:00:00,0.9257800000000316,63.748021064105274,3.278982314430081,32.0,19.413248
2020-10-14 22:00:00,0.8486300000000142,60.54538177551993,3.3268700391960757,28.0,22.311798
2020-10-14 23:00:00,0.9005999999999972,57.13251846896328,3.351413001275328,30.0,22.33308
2020-10-15 11:00:00,10.458280000000002,53.00375463297772,1.0851579120089385,20.0,228.785
2020-10-15 12:00:00,9.579859999999996,55.06965555688988,0.36687512614233647,29.0,23.715302
2020-10-15 13:00:00,6.9633400000000165,67.01907243133348,1.4607559345874954,35.0,23.013126
2020-10-15 14:00:00,5.463680000000011,70.77440160477357,1.8218937487807159,43.0,22.01736
2020-10-15 15:00:00,4.102660000000014,74.04894209328478,2.07180407405857,39.0,21.581087
2020-10-15 16:00:00,2.766020000000026,77.10184508564015,2.3514857560373867,36.0,22.286346
2020-10-16 02:00:00,3.590400000000045,62.9247735798274,2.8921179980092946,28.0,27.913448
2020-10-16 03:00:00,6.490750000000048,70.12144614216521,1.6516166781454202,33.0,57.722015
2020-10-16 04:00:00,10.335140000000024,50.09666333457338,0.33310665246188914,49.0,242.66875
2020-10-16 05:00:00,11.394560000000013,48.82083144807316,1.0931169267176277,62.0,405.1947
2020-10-16 06:00:00,12.147850000000005,48.46084017994568,1.3584976342776667,37.0,521.9374
2020-10-16 07:00:00,12.687040000000025,48.39866759323306,1.6463809663357352,32.0,626.8638
2020-10-16 08:00:00,12.97213000000005,48.60690162460425,1.7584929218292442,34.0,703.5805
2020-10-16 09:00:00,12.930020000000013,49.32396698090879,1.733702964086404,36.0,721.78186
2020-10-16 10:00:00,12.572840000000042,50.498346166276846,1.6095010668132796,38.0,571.76636
2020-10-16 11:00:00,11.582539999999995,53.61823790489667,1.1159770148392765,47.0,244.05348
2020-10-16 12:00:00,10.254600000000039,64.85302918933695,0.599110539626908,46.0,40.13704
2020-10-16 13:00:00,7.662930000000017,69.05904864485971,1.5714259835427344,59.0,18.997768
2020-10-16 14:00:00,6.1321700000000305,71.67589133778444,1.9015101781712804,58.0,18.60019
2020-10-16 15:00:00,4.283960000000036,75.81360930169676,2.3018676823140947,51.0,20.272062
2020-10-16 16:00:00,3.021780000000035,78.52742482284808,2.8671802368951713,42.0,21.513218
2020-10-16 17:00:00,2.993370000000027,77.28407330079786,3.2891159668575325,38.0,20.473303
2020-10-16 18:00:00,3.2655300000000125,75.89384100437559,3.389270045398024,33.0,21.954765
2020-10-16 19:00:00,3.3877800000000207,75.138753175648,3.6765664030082443,30.0,20.8486
2020-10-16 20:00:00,3.6639300000000503,72.46476819420836,3.4376168866589323,31.0,22.993507
2020-10-16 21:00:00,3.8825600000000122,70.49910036952811,3.3202980247149654,30.0,26.639053
2020-10-16 22:00:00,3.8382200000000353,68.92722668207487,3.2941505273541614,32.0,23.648504
2020-10-16 23:00:00,3.780050000000017,67.36732305548303,3.2871479381061524,28.0,23.529724
2020-10-17 00:00:00,3.6452600000000075,66.17032150123998,3.3228443209012966,26.0,21.467968
2020-10-19 06:00:00,14.358850000000018,23.488282581537153,1.342036003550743,15.0,569.04016
2020-10-19 07:00:00,14.52188000000001,25.45862532534989,1.7598398405959106,1.0,706.46985
2020-10-19 08:00:00,14.813620000000014,27.109934976912715,1.7350736501619184,6.0,771.9866
2020-10-19 09:00:00,14.934870000000046,28.609400717373635,1.6337776753318978,10.0,719.1042
2020-10-19 10:00:00,14.678430000000048,30.33752206368706,1.4074967737127073,17.0,527.3484
2020-10-19 11:00:00,13.665250000000015,34.680032416410334,0.8515426933354395,21.0,176.57109
2020-10-19 12:00:00,10.808250000000044,51.43430168678156,1.4621291939856205,43.0,71.769516
2020-10-19 13:00:00,7.131500000000017,59.32781518553397,2.503760069916093,42.0,36.23242
2020-10-19 14:00:00,5.322720000000004,67.56137404398022,3.14120514314085,42.0,23.939789
2020-10-19 15:00:00,4.880359999999996,69.63979051395529,3.407665419590829,32.0,20.945114
2020-10-19 16:00:00,5.020780000000002,67.34299287484774,3.5970186044543113,32.0,20.337107
2020-10-19 17:00:00,5.257600000000025,63.228127649095214,3.7277143180937298,23.0,20.371428
2020-10-19 19:00:00,5.323750000000018,52.73955327881573,4.045218788750616,15.0,20.032017
2020-10-19 20:00:00,5.473170000000039,48.59143142196397,3.8856576899003556,19.0,20.355698
2020-10-19 21:00:00,5.365000000000009,46.103762813460115,3.933176116909328,16.0,20.230461
2020-10-20 00:00:00,5.3289400000000455,40.69761059487781,3.9999926064293234,8.0,19.725006
2020-10-20 01:00:00,5.36605000000003,40.46840008073674,3.991822081953025,19.0,20.020283
2020-10-20 02:00:00,6.066740000000038,42.84852736979013,3.835720016628076,33.0,21.130266
2020-10-20 03:00:00,9.225729999999999,50.75103947125205,2.986020552643444,33.0,27.169172
2020-10-20 04:00:00,13.449880000000007,63.754805978314266,1.4308485301974805,45.0,59.5596
2020-10-20 05:00:00,17.822780000000023,32.9740767821375,0.15562368310050786,45.0,267.93182
2020-10-20 06:00:00,18.82086000000004,28.283905156070063,0.5974039464277563,58.0,405.06195
2020-10-20 07:00:00,19.397400000000005,29.69028267500352,1.035172624792251,98.0,505.79523
2020-10-20 08:00:00,19.3664,32.01327974975851,1.2565985652735792,103.0,533.46564
2020-10-20 09:00:00,19.127200000000016,34.35618859571227,1.2056035662975297,75.0,500.33783
2020-10-20 10:00:00,18.486400000000003,37.172587498047605,0.9687647409004209,75.0,336.6369
2020-10-20 11:00:00,17.039150000000006,57.90332832897369,0.2887069755679597,69.0,77.92944
2020-10-20 12:00:00,13.901540000000011,54.519809822458384,1.2912128969930177,95.0,30.844742
2020-10-20 13:00:00,10.094320000000039,63.55802336318572,2.2092657593961667,102.0,21.487343
2020-10-20 14:00:00,7.93240000000003,68.2477467648561,2.750768899685775,96.0,19.343681
2020-10-20 15:00:00,6.809400000000039,69.8814725442372,3.123575982849606,66.0,19.484459
2020-10-20 16:00:00,6.52188000000001,67.80681822321151,3.293320557065226,58.0,21.501663
2020-10-20 17:00:00,6.436120000000017,63.78722948311605,3.346716257002307,59.0,24.171839
2020-10-20 18:00:00,6.430600000000027,56.776470034139415,3.333013010790387,56.0,24.216331
2020-10-20 19:00:00,6.936120000000017,52.10723103522365,3.4285911145237895,44.0,21.878504
2020-10-20 20:00:00,6.9039600000000405,48.05905219506457,3.209068491461434,42.0,20.16433
2020-10-20 21:00:00,6.651640000000043,45.863168026187495,3.255413196382579,34.0,19.064571
2020-10-20 22:00:00,6.362700000000018,44.30325836315913,3.254532398725729,22.0,28.444033
2020-10-20 23:00:00,6.0231600000000185,44.54891088555012,3.2469509534512913,13.0,21.600483
2020-10-21 00:00:00,5.743220000000008,47.618887909541044,3.304284138062084,8.0,19.529324
2020-10-21 01:00:00,5.943380000000047,53.353824718574636,3.1953467723424827,10.0,19.610239
2020-10-21 02:00:00,6.284400000000005,59.5042339909354,3.0079114175999164,11.0,21.454468
2020-10-21 03:00:00,8.96210000000002,69.74415105830101,2.0016534601790092,22.0,25.70707
2020-10-21 04:00:00,13.340970000000027,66.5877508287435,0.39965917136081086,21.0,271.2921
2020-10-21 05:00:00,15.307150000000036,44.70954795160887,1.3296204646436893,22.0,496.29816
2020-10-21 06:00:00,15.705900000000042,40.71106118927134,1.8028818257539787,23.0,741.0053
2020-10-21 07:00:00,16.060270000000003,33.888016591472784,1.7452496366518029,22.0,925.7601
2020-10-21 08:00:00,16.142330000000015,32.76153166241486,1.4551611270531382,18.0,1003.1155
2020-10-21 09:00:00,15.969960000000015,33.02208285899717,1.5610544039868124,21.0,931.77734
2020-10-21 10:00:00,15.265620000000013,34.00932034324165,1.438962518084971,24.0,706.9813
2020-10-21 11:00:00,14.27755000000002,36.9450444695194,0.5591146371045622,28.0,266.15973
2020-10-21 12:00:00,12.000699999999995,52.07452964515284,1.3884395584110423,36.0,53.761627
2020-10-21 13:00:00,9.148300000000006,57.569438155229506,2.0588710273920614,39.0,32.01573
2020-10-21 14:00:00,7.296100000000024,61.72807257977141,2.5552074033603533,31.0,19.694939
2020-10-21 16:00:00,5.310940000000016,63.79819992931348,3.2738704352392447,23.0,20.195503
2020-10-21 17:00:00,5.2187000000000126,59.359973328107955,3.3110549458997096,22.0,20.701626
2020-10-21 18:00:00,4.855000000000018,55.04759527225664,3.3846618366048107,18.0,21.131165
2020-10-21 19:00:00,4.602470000000039,61.50628107829426,3.5676862448074735,13.0,20.902142
2020-10-21 20:00:00,4.346429999999998,58.23142953944444,3.4276847786290268,10.0,20.40008
2020-10-21 21:00:00,4.100060000000042,55.048186573127275,3.4554046554506823,13.0,20.153023
2020-10-21 22:00:00,4.063379999999995,51.14566780446201,3.318207958506068,11.0,20.385624
2020-10-21 23:00:00,3.966200000000015,47.51866232273862,3.2177407002872838,11.0,19.307837
2020-10-22 00:00:00,3.9280600000000163,45.637089324658724,3.221237842075521,17.0,21.193506
2020-10-22 05:00:00,11.53045000000003,40.42110639363084,1.4644522694773805,19.0,448.91534
2020-10-22 06:00:00,11.44344000000001,42.199982097083776,2.2769396598751253,20.0,888.0791
2020-10-22 07:00:00,11.110040000000026,37.201433070351264,2.685396008376544,36.0,1132.4734
2020-10-22 08:00:00,9.78140000000002,40.63869363219046,2.8260222764862024,24.0,937.9646
2020-10-22 09:00:00,8.225270000000023,48.32282930723762,1.9251918032398876,27.0,740.4331
2020-10-22 10:00:00,7.902060000000006,51.97171292558747,1.374801737792978,18.0,703.2202
2020-10-22 11:00:00,7.276270000000011,55.914644923251004,1.4073788019694684,21.0,462.73743
2020-10-22 12:00:00,5.862729999999999,64.1682552567803,1.028025018338754,35.0,189.51973
2020-10-22 13:00:00,5.007800000000032,68.94725789605546,0.26297695595130843,62.0,120.81413
2020-10-22 14:00:00,4.766750000000002,70.09247112283035,0.501346325118615,80.0,92.30205
2020-10-22 15:00:00,4.70947000000001,70.20691020956843,0.8161574238508218,29.0,87.931335
2020-10-22 16:00:00,3.9101200000000063,73.2900051541891,1.0282219381915803,69.0,54.092575
2020-10-22 17:00:00,3.121120000000019,74.5984533841563,1.1256958232525838,69.0,44.470795
2020-10-22 18:00:00,1.6776000000000408,78.1533840107832,1.3612309460633674,49.0,27.99495
2020-10-22 19:00:00,0.11850000000004002,80.2539348387601,1.7835708613067272,49.0,18.932941
2020-10-22 20:00:00,-0.47629999999998063,79.88483372196042,1.9865656921339963,48.0,17.499603
2020-10-22 21:00:00,-0.5877999999999588,78.13571842477994,1.9010133969414444,35.0,19.483946
2020-10-22 22:00:00,0.04470000000003438,74.68361379986861,1.6079502260232095,41.0,20.161875
2020-10-22 23:00:00,1.7554000000000087,68.44275633178934,1.1516438737240997,52.0,48.167072
2020-10-23 00:00:00,2.411950000000047,67.37221980904314,0.975774727044543,46.0,55.47725
2020-10-23 01:00:00,2.4033400000000142,66.8086314605175,0.7621893812996164,17.0,66.26275
2020-10-23 02:00:00,2.204340000000002,71.26649689747757,0.47955514841070584,30.0,79.87947
2020-10-23 03:00:00,2.432100000000048,76.55694470448621,0.3467329455443017,27.0,130.95325
2020-10-23 04:00:00,2.7428199999999947,78.44896119067121,0.8254079259601845,32.0,263.06226
2020-10-23 06:00:00,3.0402500000000146,81.0866792576331,1.405186371296162,52.0,295.09314
2020-10-23 07:00:00,1.7747400000000084,89.57267604562486,1.3587786261512365,14.0,281.37372
2020-10-23 09:00:00,1.210140000000024,92.33420474891662,1.1579877595221288,26.0,254.09189
2020-10-23 10:00:00,1.023520000000019,95.28107744054591,1.3137478379547747,20.0,305.76346
2020-10-23 11:00:00,0.983540000000005,94.04583610980134,1.1652433535038424,16.0,267.36786
2020-10-23 12:00:00,0.9045700000000352,94.90724123568056,0.9786110706940386,4.0,224.53949
2020-10-23 13:00:00,0.6183400000000461,96.11022867931354,1.0392827297449478,11.0,216.99802
2020-10-23 14:00:00,0.30538000000001375,96.14091325100075,1.0433571653106715,15.0,196.06598
2020-10-23 15:00:00,-0.14804999999995516,95.40558331509865,0.9786154214414544,11.0,190.60138
2020-10-23 16:00:00,0.14602000000002135,92.00779928149372,0.7474277559414869,7.0,148.66039
2020-10-23 17:00:00,0.32076000000000704,88.28785518130465,0.5910710047244585,4.0,104.38075
2020-10-23 18:00:00,0.5731000000000108,82.58459770657672,0.4940677046198689,4.0,83.51898
2020-10-23 19:00:00,0.14492000000001326,84.83068756599152,0.5152085684414078,3.0,87.55713
2020-10-23 20:00:00,0.18304000000000542,83.52517710072243,0.2978316312774609,2.0,63.477478
2020-10-23 21:00:00,0.11070000000000846,82.92018106546816,0.4399898368725929,6.0,26.285004
2020-10-23 22:00:00,-0.6686799999999948,83.97943567807731,0.7825591916987742,7.0,31.181961
2020-10-23 23:00:00,-1.1195999999999913,83.48689159913421,0.9164683665653534,9.0,27.914047
2020-10-24 00:00:00,-1.1587299999999914,82.37918985156351,0.9443025435037923,5.0,33.885513
2020-10-24 01:00:00,-0.6518599999999992,78.97891328409924,0.854065529038873,9.0,34.392273
2020-10-24 02:00:00,-0.5324999999999704,78.21534944739521,0.7980532242778313,9.0,31.904402
2020-10-24 03:00:00,0.6446800000000508,71.72923467253537,0.46551290362482395,5.0,98.69594
2020-10-24 04:00:00,1.1055500000000507,76.53003896322191,0.657510995619774,4.0,213.66185
2020-10-24 05:00:00,1.7220400000000495,76.12054132166298,0.9293601469850212,5.0,307.82806
2020-10-24 06:00:00,1.1662800000000288,84.81134040589853,0.9009414077297312,8.0,465.29865
2020-10-24 07:00:00,2.9453400000000443,73.38010994402173,1.1989621532579748,11.0,509.04016
2020-10-24 08:00:00,2.8052000000000135,76.53163385362278,1.1193376574333929,14.0,607.48096
2020-10-24 09:00:00,2.957240000000013,76.49547176078126,1.0052998027202251,15.0,636.19086
2020-10-24 11:00:00,2.28884000000005,81.15650117493156,0.360186798444305,18.0,169.83954
2020-10-24 12:00:00,1.4455800000000067,79.8512613080063,1.189878586009561,29.0,77.26814
2020-10-24 13:00:00,-0.26944999999994934,78.67009279822469,2.0002109460866095,45.0,36.254044
2020-10-24 14:00:00,-1.8981699999999933,74.88871812320455,2.6340530762992684,33.0,26.764433
2020-10-24 15:00:00,-4.113039999999955,73.86201557971563,3.3092812343460563,54.0,24.24799
2020-10-24 16:00:00,-4.963349999999991,72.07596448664127,3.6181883364260736,35.0,19.246864
2020-10-24 17:00:00,-5.180520000000001,68.10630463441056,3.756403230947579,15.0,19.928282
2020-10-24 18:00:00,-5.035699999999963,63.81430580400324,3.7894986157200266,14.0,19.164204
2020-10-24 19:00:00,-4.2506499999999505,61.936335567343164,3.722890513046571,15.0,16.824503
2020-10-24 20:00:00,-3.568150000000003,59.624745024537674,3.448786212543864,11.0,18.998444
2020-10-24 21:00:00,-2.9536999999999694,57.79090467105185,3.319252159793013,10.0,18.685614
2020-10-24 22:00:00,-2.601479999999981,56.699813459830956,3.1944921155575794,9.0,20.026604
2020-10-24 23:00:00,-2.4076599999999644,56.04951452118589,3.130091598844546,6.0,22.572514
2020-10-26 03:00:00,2.9917200000000435,60.994154865657485,2.770703743283327,23.0,28.871498
2020-10-26 04:00:00,8.058070000000043,49.59744162673172,1.3126914407956847,37.0,133.0701
2020-10-26 05:00:00,10.460660000000018,41.56366689424083,0.44868826988850186,18.0,342.23944
2020-10-26 06:00:00,11.638120000000015,36.56868545905644,0.6691737621526657,48.0,500.36108
2020-10-26 12:00:00,8.26812000000001,56.590098307199256,1.9785829830213186,30.0,35.413834
2020-10-26 13:00:00,5.314080000000047,64.96175341018505,2.668866674360741,108.0,22.26455
2020-10-26 14:00:00,4.126460000000009,66.21004666108307,3.144546597627165,69.0,19.838764
2020-10-26 15:00:00,3.6375000000000455,64.72153571768042,3.436473564954116,52.0,19.65817
2020-10-26 16:00:00,3.351220000000012,61.9745810091264,3.5035479195131614,51.0,20.066078
2020-10-26 17:00:00,3.4279999999999973,58.44255814149287,3.4024941440469516,36.0,20.511936
2020-10-26 18:00:00,3.336940000000027,56.22913140239496,3.4088580563874524,37.0,22.0709
2020-10-26 19:00:00,3.6965000000000146,57.08283206878785,3.51981729957763,33.0,19.829588
2020-10-26 20:00:00,4.02030000000002,56.75763953262894,3.478810769379089,26.0,20.263866
2020-10-26 21:00:00,4.096519999999998,56.89408013340309,3.5815024490988265,17.0,20.14981
2020-10-26 22:00:00,4.093200000000024,56.939421244403434,3.661356408033908,22.0,20.674675
2020-10-26 23:00:00,3.9227800000000457,57.07699051094069,3.6460403140465383,15.0,21.87558
2020-10-27 01:00:00,2.923500000000047,58.23101503483423,3.838059445411853,10.0,20.550926
2020-10-27 02:00:00,2.9868400000000292,59.74978390842793,3.870939203949558,25.0,19.912487
2020-10-27 03:00:00,5.940030000000036,60.3095734723373,3.1710018856672177,23.0,24.733864
2020-10-27 04:00:00,10.650170000000003,57.77247320812452,1.7775624808307031,32.0,75.74054
2020-10-27 05:00:00,13.860860000000002,41.425806521466725,0.8948269768222288,97.0,386.10864
2020-10-27 06:00:00,14.877130000000022,38.030607791230764,0.5579361376607245,117.0,551.33374
2020-10-27 11:00:00,13.441670000000045,51.589400276281886,0.49031896288973414,31.0,61.8387
2020-10-27 12:00:00,10.859340000000032,60.91404763345762,1.0372201519634743,38.0,57.036575
2020-10-27 13:00:00,7.452600000000018,69.50891180900706,1.700970711582563,30.0,40.680496
2020-10-27 14:00:00,5.163960000000031,74.94613860191987,2.236530262558316,25.0,25.609055
2020-10-27 15:00:00,4.286220000000014,75.78605182438494,2.4466911846636976,21.0,25.413177
2020-10-27 16:00:00,4.025660000000016,75.96508411741529,2.221474501910777,21.0,33.47429
2020-10-27 17:00:00,7.363730000000032,59.93932092756525,1.1803734991712964,23.0,60.863087
2020-10-27 18:00:00,6.287200000000041,66.22320479536211,0.4165713782985299,36.0,203.82417
2020-10-27 19:00:00,4.955960000000005,69.50633255157307,0.32317736146116427,21.0,148.68224
2020-10-27 20:00:00,3.754480000000001,75.2286013824293,0.3216952836398963,21.0,108.49171
2020-10-27 21:00:00,2.922330000000045,78.10391412507461,0.36862795229329115,17.0,111.03987
2020-10-28 00:00:00,1.3487200000000144,87.82777357810546,0.1724095841031251,13.0,131.66031
2020-10-28 01:00:00,-0.07547999999997046,90.78141667580111,0.25466117362021173,11.0,119.126434
2020-10-28 02:00:00,-0.34019999999998163,92.65062274762747,0.31563707277909436,12.0,121.700134
2020-10-28 03:00:00,0.07370000000003074,90.39139377914456,0.34255186700437,19.0,153.32166
2020-10-28 04:00:00,0.6456000000000017,87.68287165577087,0.2513038818624959,17.0,218.64597
2020-10-28 05:00:00,1.309470000000033,86.24485711352867,0.29471143897605023,17.0,306.70258
2020-10-28 06:00:00,2.073660000000018,83.40897951050457,0.8372226212586309,18.0,312.6482
2020-10-28 07:00:00,1.8722800000000461,83.85469065174988,1.3216372477781715,25.0,308.16315
2020-10-28 08:00:00,2.0721000000000345,83.15536061797091,1.4956726407944787,24.0,316.48187
2020-10-28 09:00:00,1.74350000000004,85.66964590949469,1.4305665717450342,36.0,232.13809
2020-10-28 10:00:00,1.0905400000000327,86.8494929963362,1.090138978620716,40.0,255.01195
2020-10-28 11:00:00,0.7010700000000156,87.38921749816922,1.058154723771815,43.0,190.61023
2020-10-28 12:00:00,0.22006000000004633,87.55122814493521,0.9085418743366719,46.0,154.28168
2020-10-28 13:00:00,-0.1625699999999597,89.52742679770478,0.7270745359800809,64.0,91.62843
2020-10-28 14:00:00,-0.23315999999999804,88.55776043519276,0.5967935697280199,38.0,119.515915
2020-10-28 15:00:00,-0.4269199999999955,88.84342673991277,0.5765283023981068,37.0,65.35422
2020-10-28 16:00:00,-0.6707799999999793,88.32077600173257,0.6167244810939397,39.0,64.32918
2020-10-28 17:00:00,-0.799539999999979,88.05900463918695,0.44099446781507917,42.0,126.08618
2020-10-28 18:00:00,-0.9265199999999822,91.0084529415488,0.451416948400202,40.0,95.0484
2020-10-28 19:00:00,-1.4539999999999509,88.5618828689444,0.653762235948849,15.0,122.625854
2020-10-28 20:00:00,-1.7572399999999675,89.8555501130315,0.5133934245404295,10.0,103.58763
2020-10-28 21:00:00,-2.16807,91.35811683265406,0.6549092062142499,12.0,112.700226
2020-10-28 22:00:00,-2.6533000000000015,94.01371670628792,0.620599364477282,8.0,128.67766
2020-10-28 23:00:00,-2.790869999999984,93.39414783006671,0.3514562628718734,16.0,127.35405
2020-10-29 00:00:00,-2.8539199999999596,90.37486354407515,0.26450045014578427,11.0,114.83029
2020-10-29 01:00:00,-2.609049999999968,88.72981380463807,0.49674216640245633,16.0,117.1228
2020-10-29 02:00:00,-2.5504999999999995,84.14634529540525,0.5704946599957851,17.0,77.62633
2020-10-29 03:00:00,-1.6548999999999978,75.81351003485133,0.2601132738159655,27.0,170.83195
2020-10-29 04:00:00,-0.9075699999999642,69.8530681212455,0.6479222672816144,16.0,321.75015
2020-10-29 05:00:00,-0.3612399999999525,68.01458545179236,0.8183258526727067,12.0,442.78586
2020-10-29 06:00:00,0.701560000000029,64.19568924450792,1.1250050812196077,22.0,574.2293
2020-10-29 07:00:00,1.240440000000035,62.02068353951614,1.5643639525200266,25.0,696.7141
2020-10-29 08:00:00,1.6794700000000375,59.924043458293035,1.6407182133030889,16.0,717.5936
2020-10-29 11:00:00,0.9297700000000191,63.117757799172274,0.8257013907499018,41.0,303.75012
2020-10-29 12:00:00,0.13363000000003922,68.07334022690081,0.4291764871592592,43.0,66.94417
2020-10-29 13:00:00,-1.5482999999999834,73.94256995095166,1.3673681517043337,32.0,25.33092
2020-10-29 14:00:00,-3.398049999999955,77.54904906860422,1.8733079672786426,32.0,24.11334
2020-10-29 15:00:00,-4.44644999999997,76.89630052930649,2.1645998891911202,50.0,26.113842
2020-10-29 16:00:00,-4.974400000000003,73.5812688376053,2.4654143902953316,47.0,28.18594
2020-10-29 17:00:00,-4.984499999999969,67.97471451688097,2.69779648729048,38.0,28.716629
2020-10-29 18:00:00,-4.834019999999953,62.542275524567785,2.820013609514729,27.0,26.239044
2020-10-29 19:00:00,-4.952949999999987,58.66571410424237,2.98846770288444,22.0,24.231487
2020-10-29 20:00:00,-4.713349999999991,55.152021090086436,2.9219001438919094,14.0,22.063267
2020-10-29 21:00:00,-4.645420000000001,52.35940283691822,2.9289378944694096,18.0,22.170975
2020-10-29 22:00:00,-4.398399999999981,49.888843908844756,2.8594463012226266,10.0,31.09928
2020-10-30 13:00:00,0.2563000000000102,69.89784581310403,2.0461982605979423,48.0,25.07999
2020-10-30 14:00:00,-1.9045199999999909,74.09836135208792,2.438463313663983,51.0,23.515171
2020-10-30 15:00:00,-2.9817599999999516,73.86061406759644,2.6970363271689264,62.0,21.838017
2020-10-30 16:00:00,-3.2032499999999686,72.0331842106189,2.857189020456925,56.0,22.460363
2020-10-30 17:00:00,-3.257569999999987,69.02192285568842,2.9989592042757405,56.0,20.851433
2020-10-30 18:00:00,-3.133579999999995,64.16164239593009,3.0969568406951526,52.0,18.922997
2020-10-30 19:00:00,-3.0036999999999807,63.41502078122619,3.56782398289483,40.0,18.448715
2020-10-30 20:00:00,-2.759559999999965,56.59426873262651,3.4336455159878403,41.0,17.882584
2020-10-30 21:00:00,-2.7968999999999937,52.00605895286737,3.4536541924851027,33.0,19.413273
2020-10-30 22:00:00,-2.776399999999967,48.81726751149451,3.4301770021960616,23.0,18.094437
2020-10-30 23:00:00,-2.703829999999982,47.0788079309855,3.4259342796929575,22.0,18.508327
2020-10-31 00:00:00,-2.7384999999999877,46.64212204130854,3.4353863737283596,20.0,21.029503
2020-11-01 12:00:00,6.454769999999996,57.59792660519375,1.297714839516549,59.0,26.253712
2020-11-01 13:00:00,3.6363000000000056,65.6498759671089,1.9085003776656948,95.0,26.540634
2020-11-01 14:00:00,0.5203500000000076,74.03831227187636,2.5038738454639144,84.0,23.749857
2020-11-01 15:00:00,-0.877049999999997,76.4110956395771,3.032044149606659,71.0,22.390398
2020-11-01 16:00:00,-1.2254399999999919,76.04018888328852,3.3553934776557517,55.0,22.746876
2020-11-01 17:00:00,-1.0024199999999723,71.99960144009087,3.4771378114438276,49.0,22.162914
2020-11-01 18:00:00,-1.033179999999959,65.02636522107605,3.523511915281804,39.0,22.031204
2020-11-01 19:00:00,-0.9102999999999497,60.01632619563961,3.708461500356563,32.0,21.362686
2020-11-01 20:00:00,-0.844949999999983,50.761917419432095,3.626275085970947,29.0,20.946617
2020-11-01 21:00:00,-0.9698999999999955,45.49669328405454,3.6405786106771543,17.0,20.623589
2020-11-01 22:00:00,-0.9267999999999574,41.77626906492971,3.6140238923597305,15.0,18.953707
2020-11-01 23:00:00,-1.060579999999959,40.92836109269758,3.641779099447858,10.0,19.73193
2020-11-02 00:00:00,-0.7933699999999817,38.35286350084882,3.556201115895354,12.0,20.294388
2020-11-02 05:00:00,8.945580000000007,28.795442524022636,0.6821831166500192,55.0,160.43735
2020-11-02 06:00:00,9.946300000000008,22.02265611640806,0.9611489686794629,45.0,454.7104
2020-11-02 07:00:00,9.926080000000013,26.51236630830391,1.3419562045563174,71.0,499.6747
2020-11-02 08:00:00,10.018520000000024,28.371571831469332,1.3675755437827117,63.0,637.1411
2020-11-02 09:00:00,9.986100000000022,29.524463930919467,1.3054049741837865,96.0,611.935
2020-11-02 10:00:00,10.01144000000005,28.980849893058075,0.8739918016268302,89.0,298.8584
2020-11-02 11:00:00,9.11193000000003,35.02422598664962,0.6128101684359668,79.0,101.03868
2020-11-02 12:00:00,5.659420000000011,41.46493981355529,1.681777268199858,90.0,19.694014
2020-11-02 13:00:00,1.4374600000000441,49.4794220046161,2.553825428302289,102.0,22.493874
2020-11-02 14:00:00,-0.4907999999999788,50.14786236293946,3.266873154821687,82.0,20.786427
2020-11-02 15:00:00,-0.7364999999999782,46.946048151654445,3.518082335938146,84.0,19.869083
2020-11-02 16:00:00,0.11587000000002945,41.64867801522794,3.402068277651,67.0,20.94413
2020-11-02 17:00:00,0.6291700000000446,37.89849922934804,3.3542774947407272,36.0,21.795464
2020-11-02 18:00:00,1.4217200000000503,35.00689071675622,3.1998843769692242,21.0,22.001379
2020-11-02 19:00:00,1.5653599999999983,35.42222629162728,3.1008377536167755,14.0,21.747719
2020-11-02 20:00:00,1.1955500000000256,35.66812790980993,2.9972285938056045,17.0,21.42812
2020-11-02 21:00:00,1.1540200000000027,35.318641491244655,2.8920753570501754,6.0,22.476461
2020-11-02 22:00:00,0.7848400000000311,34.91171194595524,2.8973161152818174,7.0,23.528091
2020-11-02 23:00:00,-0.18512999999995827,34.85911988768683,3.0996260071305266,9.0,23.56913
2020-11-03 00:00:00,-0.7784800000000018,33.90793135917965,3.234265124589624,12.0,23.978313
2020-11-04 01:00:00,-2.112699999999961,45.45680033625934,2.6027964965757584,17.0,41.223106
2020-11-04 02:00:00,-1.6910799999999995,45.793058154045966,2.6389728404866655,21.0,44.769928
2020-11-04 04:00:00,4.581100000000049,45.58920736428068,0.7566764533585797,26.0,299.39273
2020-11-04 05:00:00,5.676080000000013,34.97435928908672,0.9885122925063314,26.0,550.5174
2020-11-04 06:00:00,6.432520000000011,35.986055213897295,1.4507796824936292,20.0,673.0223
2020-11-04 07:00:00,6.707060000000013,38.51163584638877,1.8869811960150635,26.0,753.11194
2020-11-04 08:00:00,6.9676000000000045,40.67308681029611,1.8800853965837752,33.0,769.4341
2020-11-04 09:00:00,6.823880000000031,42.29120006057945,1.7650888664951832,33.0,724.77313
2020-11-04 10:00:00,6.096519999999998,45.59390139639975,1.2896110992309349,18.0,505.23773
2020-11-04 11:00:00,5.008450000000039,49.7745113980096,0.327366833391096,28.0,170.89293
2020-11-04 12:00:00,3.2227000000000317,59.6821438965582,0.9816221289368393,37.0,35.833694
2020-11-04 13:00:00,0.5664300000000253,64.93798946330757,1.6284030539183936,39.0,33.795662
2020-11-04 14:00:00,-2.0423299999999927,72.43538564455253,2.06693762454801,47.0,40.557755
2020-11-04 15:00:00,-3.279329999999959,73.00916501847897,2.3878536770851118,48.0,41.613888
2020-11-04 16:00:00,-3.5553999999999633,70.22988616588057,2.529758564579742,50.0,40.022743
2020-11-04 17:00:00,-3.513530000000003,65.70497551484839,2.5390882269583406,53.0,37.04454
2020-11-04 18:00:00,-3.541569999999979,63.317473399669076,2.5614602880658306,50.0,31.315647
2020-11-04 19:00:00,-3.414829999999995,62.474940432692755,2.5869002998197015,44.0,23.77547
2020-11-04 20:00:00,-3.4809999999999945,58.488593092750904,2.7430851663011215,37.0,23.883793
2020-11-04 21:00:00,-3.2024299999999926,53.8393292820193,2.933946389200744,31.0,21.662668
2020-11-04 22:00:00,-2.795749999999998,50.57435683593354,3.0140898455693805,30.0,26.935425
2020-11-04 23:00:00,-2.389439999999979,46.73793820354851,3.096668270268709,27.0,24.429585
2020-11-05 00:00:00,-2.0217700000000036,43.828710377095604,3.182992252697138,30.0,21.825457
2020-11-05 02:00:00,-1.5396499999999946,41.018249729240125,3.1922582817748144,45.0,20.14051
2020-11-05 03:00:00,0.7727300000000241,42.81359799948605,2.507205778796291,45.0,23.114662
2020-11-05 04:00:00,5.08280000000002,36.734076697630144,1.084678024881617,41.0,85.72239
2020-11-05 05:00:00,7.546530000000018,28.249314359193246,0.610347457745638,70.0,270.55634
2020-11-05 06:00:00,8.657770000000028,29.338529125497367,0.9216700986172656,69.0,397.83395
2020-11-05 07:00:00,8.97872000000001,34.19959053256997,1.0915293394632763,70.0,470.87982
2020-11-05 08:00:00,9.041930000000036,38.1883719358683,1.2206830667126705,62.0,457.85632
2020-11-05 09:00:00,8.743920000000003,40.82662532783148,1.2211838450127825,51.0,397.3136
2020-11-05 10:00:00,8.151640000000043,44.55512606993515,0.969763358631267,34.0,224.87636
2020-11-05 11:00:00,6.480250000000012,65.226814293445,0.9010723539183368,46.0,82.23039
2020-11-05 12:00:00,3.3084400000000187,64.1528360810494,1.6998162886116959,53.0,39.583744
2020-11-05 13:00:00,0.6910000000000309,70.48527525744534,2.209576078975455,76.0,22.881344
2020-11-05 14:00:00,-1.3349399999999605,74.93472355034417,2.620774887208089,72.0,19.011557
2020-11-05 15:00:00,-1.778099999999995,72.51736670217518,2.9271642943174903,67.0,20.370487
2020-11-05 16:00:00,-1.5765700000000038,67.86322767337224,3.08481064213239,64.0,22.210445
2020-11-05 17:00:00,-1.2755499999999529,64.26411936217687,3.151313268895451,62.0,21.946949
2020-11-05 18:00:00,-0.9739399999999705,61.23677757130661,3.2114106433944336,53.0,20.8634
2020-11-05 19:00:00,-0.32586999999995214,60.61167412575728,3.4927424068719715,49.0,19.667995
2020-11-05 20:00:00,0.007260000000030686,56.47205555015868,3.284104288985065,46.0,19.270546
2020-11-05 21:00:00,0.0594000000000392,54.383879947239635,3.2625275761038237,46.0,19.391148
2020-11-05 22:00:00,0.009360000000015134,52.67699849497301,3.2651457156749193,38.0,20.309544
2020-11-05 23:00:00,-0.011629999999968277,50.86541682711829,3.252622930983904,40.0,19.049934
2020-11-06 00:00:00,0.0024000000000228283,48.75581346079075,3.271925633690939,32.0,18.08863
2020-11-06 01:00:00,0.10507000000001199,47.333222186046335,3.3186242475540646,40.0,18.22501
2020-11-06 02:00:00,0.3871000000000322,45.46034695248761,3.297302665474582,45.0,18.886692
2020-11-06 03:00:00,2.410000000000025,47.51375065881112,2.747143326482193,50.0,20.507935
2020-11-06 04:00:00,6.5844000000000165,48.46819334840253,1.3328482230706804,41.0,40.9937
2020-11-06 05:00:00,9.905880000000025,31.934996126133857,0.11185776407955582,67.0,180.04684
2020-11-06 07:00:00,11.03555,36.63221943292987,0.8426309990404874,51.0,409.68433
2020-11-06 08:00:00,11.137380000000007,39.49456230274664,0.9529418864737809,50.0,457.00388
2020-11-06 09:00:00,10.853300000000047,42.96484745940328,0.9534074620101208,48.0,404.8084
2020-11-06 10:00:00,10.158320000000003,47.483601536044816,0.599966008946905,58.0,147.7875
2020-11-06 11:00:00,9.128260000000012,52.664463100196194,0.6522016931331137,83.0,26.127611
2020-11-06 12:00:00,5.793020000000013,62.89447010601575,1.6798142741083393,87.0,23.424587
2020-11-06 13:00:00,2.766750000000002,69.78754063213468,2.295645063206821,104.0,22.899197
2020-11-06 14:00:00,0.37810000000001764,75.42920041102147,2.970539564266312,96.0,21.177498
2020-11-06 15:00:00,0.22534000000001697,75.98153692419753,3.4200530775430313,66.0,20.949406
2020-11-06 16:00:00,0.7737000000000194,75.37024262431787,3.5962345426184945,52.0,21.881754
2020-11-06 17:00:00,1.0373200000000224,74.21549172289726,3.686937457943328,42.0,20.664627
2020-11-06 18:00:00,1.022420000000011,70.28955935163117,3.7555341486922327,34.0,20.278149
2020-11-06 19:00:00,1.0098500000000286,70.44167585009656,3.957008996946499,25.0,19.654833
2020-11-06 20:00:00,0.9392300000000091,63.9363457078763,3.81904609303378,18.0,19.312016
2020-11-06 21:00:00,0.8324800000000323,58.16366236565365,3.830578734743942,9.0,19.559711
2020-11-06 22:00:00,0.810450000000003,53.79554526924094,3.788998936226392,15.0,19.731201
2020-11-06 23:00:00,0.768950000000018,51.711355002777644,3.8323225808629,9.0,20.552998
2020-11-07 00:00:00,0.7719400000000292,50.63306934511328,3.844148465578573,5.0,20.219719
2020-11-07 01:00:00,1.1706500000000233,50.61296116096457,3.846622467564693,12.0,19.987959
2020-11-07 02:00:00,1.302030000000002,51.512061810791764,3.865681695912629,30.0,20.337227
2020-11-07 03:00:00,3.4857700000000023,52.56250612519473,3.328657697892237,67.0,22.642794
2020-11-07 04:00:00,7.4462500000000205,59.76883857225826,2.030950897652012,99.0,36.326523
2020-11-07 05:00:00,11.574800000000039,36.841805339204285,0.6693314733071145,87.0,178.37257
2020-11-07 06:00:00,12.943870000000004,27.622999649276082,0.22219702638808694,91.0,353.17902
2020-11-07 07:00:00,13.417700000000025,28.943329870712358,0.6571676754414959,102.0,488.47052
2020-11-07 08:00:00,13.70780000000002,29.811700284287664,0.7881887560108571,117.0,545.1923
2020-11-07 09:00:00,13.607870000000048,31.959493539159517,0.6865920437694224,71.0,474.50647
2020-11-07 10:00:00,12.896450000000016,36.80351803755814,0.2735650850237885,38.0,111.144966
2020-11-07 11:00:00,10.436900000000037,54.59029826290617,1.4756268004405697,56.0,50.27211
2020-11-07 12:00:00,6.452300000000037,56.97456752570915,2.4384353744192713,80.0,25.34038
2020-11-07 13:00:00,3.978270000000009,59.49111703564288,3.3065292597665548,86.0,21.670269
2020-11-08 03:00:00,7.155480000000011,41.877671506190254,3.674621735715898,20.0,23.031067
2020-11-08 04:00:00,10.624720000000025,48.42305361155873,2.861643680640306,56.0,31.665756
2020-11-08 05:00:00,14.938440000000014,48.266423133569454,1.420265348604654,57.0,69.05171
2020-11-08 06:00:00,17.61352000000005,28.55642858218973,0.6058731339242615,71.0,235.70467
2020-11-08 07:00:00,18.17153000000002,26.470384194137925,0.685869173922229,70.0,420.53793
2020-11-08 08:00:00,18.13235000000003,28.061597598480816,1.1151367548062256,35.0,483.6277
2020-11-08 09:00:00,17.756250000000023,31.426756950624974,1.1109066814370547,46.0,329.65094
2020-11-08 10:00:00,16.417200000000037,43.60040743829037,1.060783048474983,44.0,114.410995
2020-11-08 11:00:00,13.900840000000017,51.35283029984204,2.012695846259233,66.0,44.49701
2020-11-08 12:00:00,10.435450000000003,59.05419665854062,3.062545719591492,81.0,27.109135
2020-11-08 13:00:00,8.542259999999999,61.67011348214578,3.615672664171287,95.0,23.433767
2020-11-08 14:00:00,8.249000000000024,57.79074202073544,3.80128476137294,94.0,23.170403
2020-11-08 15:00:00,8.472340000000031,52.937973948445034,3.6919331634940105,76.0,25.101456
2020-11-08 16:00:00,8.35080000000005,50.27278117869994,3.3325992257588224,186.0,22.195087
2020-11-08 17:00:00,7.731040000000007,50.31096934305472,2.432084993062629,66.0,29.60881
2020-11-08 18:00:00,8.951380000000029,43.083821024455375,1.2816913049517111,52.0,125.37083
2020-11-08 19:00:00,10.181759999999997,33.03060436158965,0.606294320661719,51.0,88.31683
2020-11-08 20:00:00,8.79086000000001,36.32073048455164,0.3551249980399838,43.0,120.786125
2020-11-08 21:00:00,6.64608000000004,44.66554160782718,1.0234157582231527,19.0,235.5334
2020-11-08 22:00:00,3.8975000000000364,59.947106757727944,1.0314468677125055,18.0,238.22571
2020-11-08 23:00:00,2.812000000000012,68.72246917103911,0.6897123137370029,18.0,254.60481
2020-11-09 00:00:00,1.9200700000000097,77.56366340504192,0.35927227086989233,18.0,196.71652
2020-11-09 01:00:00,0.268950000000018,83.25909644263334,0.21558049630307213,17.0,200.74059
2020-11-09 10:00:00,1.98275000000001,82.12847465551967,0.7598798961580718,24.0,331.6666
2020-11-09 11:00:00,1.869230000000016,82.76758418511373,0.6959998947398675,17.0,240.11627
2020-11-09 12:00:00,1.575649999999996,85.07268588685349,0.5684275778470754,39.0,79.224396
2020-11-09 13:00:00,0.32490000000001373,89.12913257721138,1.4800100934421225,35.0,47.96285
2020-11-09 14:00:00,-0.7865999999999644,88.35719392227364,1.8618593820090952,26.0,37.11806
2020-11-09 15:00:00,-1.2798199999999724,85.3919306026076,1.8078065484599009,23.0,29.395927
2020-11-09 16:00:00,-2.1358699999999544,83.33614813680595,2.047874060751129,19.0,27.507298
2020-11-09 17:00:00,-2.5069299999999544,82.3150395471511,2.150349154728827,16.0,25.273884
2020-11-09 18:00:00,-2.3756199999999694,81.90583986219929,2.163725559198285,14.0,24.220627
2020-11-09 19:00:00,-2.6632999999999925,81.17097938066529,2.1226546781490505,9.0,21.011917
2020-11-09 20:00:00,-2.7176000000000045,81.41977691582713,2.1333107977623835,7.0,19.011732
2020-11-09 21:00:00,-2.5129799999999705,81.54601468917232,2.2163438206241493,19.0,20.50917
2020-11-09 22:00:00,-2.3406699999999887,82.00528741484294,2.308663673676601,20.0,25.878895
2020-11-09 23:00:00,-2.1176799999999503,81.498804383346,2.3733185464407733,13.0,30.778961
2020-11-10 00:00:00,-2.088959999999986,81.17907174703565,2.3161707522954216,7.0,34.946518
2020-11-10 01:00:00,-1.920569999999998,80.93415532180431,2.287537118906131,3.0,36.239746
2020-11-10 02:00:00,-2.3149199999999723,80.639807468745,2.353998819125855,6.0,36.13202
2020-11-10 03:00:00,-0.20907999999997173,80.02101257336578,1.717794173174554,7.0,45.510223
2020-11-10 04:00:00,3.153220000000033,68.78696773953403,0.6918530297446001,4.0,120.21344
2020-11-10 05:00:00,4.4378300000000195,62.77321044706024,0.665138369257118,8.0,241.9629
2020-11-10 06:00:00,4.886680000000013,63.59957174711336,1.3250327466040568,7.0,311.60834
2020-11-10 07:00:00,5.286200000000008,60.58207791473532,1.5126528939366262,4.0,399.72394
2020-11-10 08:00:00,5.45043000000004,63.60753330820949,1.1833078909346244,4.0,469.1952
2020-11-10 09:00:00,5.440400000000011,65.45664913585289,1.1550448260981474,10.0,424.828
2020-11-10 10:00:00,5.139640000000043,67.5480734557798,0.8173420759982908,9.0,302.6313
2020-11-10 11:00:00,4.177760000000035,72.27057101525305,0.48621193761021964,19.0,80.53555
2020-11-10 12:00:00,1.96392000000003,81.66533748598381,1.4804707281371543,37.0,45.5916
2020-11-10 13:00:00,-0.20533000000000357,83.98795672719163,1.9841912382123206,49.0,32.10678
2020-11-10 14:00:00,-1.1784700000000043,82.51001387284526,2.3094872171830603,44.0,26.84104
2020-11-10 15:00:00,-1.7176999999999794,80.45008479785207,2.5995377667080466,38.0,23.360973
2020-11-10 16:00:00,-1.5559799999999768,79.14492049178229,2.8229242196180633,25.0,23.143908
2020-11-10 17:00:00,-1.1330999999999563,77.25859103518043,2.9850154903044324,23.0,22.083876
2020-11-10 18:00:00,-0.9164799999999786,75.9288405434683,3.169379308160183,14.0,24.396168
2020-11-10 19:00:00,-0.4679299999999671,71.88533584242822,3.4768846359287564,10.0,26.353426
2020-11-10 20:00:00,-0.3867599999999811,68.88395285718799,3.5524161694211025,13.0,27.202044
2020-11-10 21:00:00,-0.1816000000000031,66.17011620291397,3.6243780672557655,44.0,25.993034
2020-11-10 22:00:00,-0.18609999999995352,65.02420958054385,3.694942974899776,17.0,25.388199
2020-11-10 23:00:00,0.12744000000003552,63.488545900442695,3.667879756659884,8.0,20.818438
2020-11-11 00:00:00,0.25643000000002303,62.66868639799628,3.681126318018333,7.0,18.761448
2020-11-11 01:00:00,0.7660200000000259,61.446104754951065,3.6017624118501153,11.0,19.483086
2020-11-11 02:00:00,1.1043300000000045,60.80252953375444,3.5278617193752435,29.0,20.49266
2020-11-11 03:00:00,2.666560000000004,59.97507861179096,3.082895546157257,23.0,24.491978
2020-11-11 04:00:00,6.272600000000011,62.09511551020285,1.8550555622381368,31.0,40.831894
2020-11-11 05:00:00,9.651450000000011,46.2709905123121,0.5231933353081424,34.0,153.594
2020-11-11 06:00:00,10.73350000000005,41.9314601209763,0.5299352346709194,39.0,293.2234
2020-11-11 07:00:00,11.234300000000019,42.31809072051879,0.6626523332116078,42.0,372.62244
2020-11-11 08:00:00,11.089930000000038,45.97581757389232,0.9614919580690566,44.0,388.9587
2020-11-11 09:00:00,10.401270000000011,51.15586622869873,0.9354824620401473,71.0,309.8626
2020-11-11 11:00:00,8.473839999999996,68.4053123500981,0.3610456065640685,83.0,35.72205
2020-11-11 12:00:00,6.987480000000005,66.35318355106673,1.0379385226173379,97.0,36.214706
2020-11-11 13:00:00,6.240700000000004,67.67631256771735,1.2559874838775766,85.0,37.071396
2020-11-11 15:00:00,5.87620000000004,67.50677112006088,1.1498317251667012,55.0,23.880459
2020-11-11 16:00:00,5.697300000000041,67.39246320365322,1.0542676069376546,41.0,23.503857
2020-11-11 17:00:00,4.4293499999999995,72.16569101245994,1.1565954298043084,29.0,26.79346
2020-11-11 18:00:00,2.6365300000000502,78.9817199456938,1.4865811791946355,18.0,22.898605
2020-11-11 19:00:00,0.5931600000000117,83.31136532826265,2.0220214892177037,23.0,21.925537
2020-11-11 20:00:00,0.2912200000000098,83.58006971684607,2.181219444019643,27.0,24.011734
2020-11-11 21:00:00,-0.30441999999999325,82.8754890054604,2.4483630343951734,22.0,20.650696
2020-11-11 22:00:00,-0.4230999999999767,83.70697818536034,2.3462435039097156,22.0,19.30891
2020-11-11 23:00:00,-0.2096300000000042,84.40707531060536,2.165629548544643,24.0,26.902773
2020-11-12 00:00:00,0.3036000000000172,80.8760190744132,1.8019083283233788,16.0,18.520527
2020-11-12 01:00:00,0.03893000000005031,78.81531271125203,1.8135780362278529,16.0,22.69503
2020-11-12 02:00:00,0.4728600000000256,78.56774259444674,1.597909313644582,25.0,19.39752
2020-11-12 03:00:00,2.3624000000000365,80.44826680072941,1.0078057411510877,20.0,19.277927
2020-11-12 04:00:00,2.9614500000000135,88.16173578659206,0.26743847609712557,35.0,64.603584
2020-11-12 05:00:00,3.953550000000007,79.46738082983939,0.6994903216838618,26.0,115.35843
2020-11-12 06:00:00,4.197900000000004,81.66845020413591,0.880027994398735,26.0,198.91135
2020-11-12 07:00:00,5.086400000000026,75.214625267279,0.6005867722561303,26.0,315.66193
2020-11-12 08:00:00,5.512350000000026,76.48761401111663,1.47513342952818,25.0,374.6685
2020-11-12 09:00:00,5.038020000000017,80.54672517750066,1.4318425191987285,27.0,338.18982
2020-11-12 10:00:00,3.9775000000000205,85.4196367579917,1.2247440845388475,23.0,253.22795
2020-11-12 11:00:00,2.9167000000000485,89.5013562659582,0.7616007542030095,30.0,83.08571
2020-11-12 12:00:00,2.048429999999996,94.12066209560925,0.2821669556751975,36.0,57.855137
2020-11-12 13:00:00,1.7941200000000208,95.07317313290801,0.3076211374100151,7.0,77.4818
2020-11-12 14:00:00,0.07577000000003409,99.37866127394506,0.7649307096927636,7.0,154.76128
2020-11-12 15:00:00,-0.7261399999999867,99.41134272938349,0.761936902552101,8.0,119.910065
2020-11-12 16:00:00,-1.2025199999999927,99.1646382073358,0.6795060798256797,9.0,105.23483
2020-11-12 17:00:00,-1.6910499999999615,98.90368601234726,0.6271547242986084,15.0,93.532455
2020-11-12 18:00:00,-2.3403699999999503,98.39129576954679,0.3438532890355702,9.0,99.923645
2020-11-12 19:00:00,-1.7045999999999708,98.69044565769114,0.3698160873977649,5.0,115.312546
2020-11-12 20:00:00,-1.8497699999999782,97.61991937533698,0.48469826633357427,3.0,138.00226
2020-11-12 21:00:00,-2.131399999999985,98.21871840793575,0.5949618311070709,0.0,159.90349
2020-11-12 22:00:00,-2.4135499999999865,97.54792941496609,0.20380888635060176,0.0,157.97557
2020-11-12 23:00:00,-2.592839999999967,94.4594550354342,0.17741571438809495,3.0,156.04846
2020-11-13 00:00:00,-2.5428199999999492,93.36865219238513,0.34577478565618125,7.0,170.26694
2020-11-13 01:00:00,-3.033969999999954,91.78917793807375,0.38954187683921154,13.0,127.4323
2020-11-13 02:00:00,-2.986059999999952,89.22134232922855,0.40352080334325513,11.0,108.044266
2020-11-13 03:00:00,-2.6957799999999565,86.61239059550641,0.39892801419533935,10.0,112.16557
2020-11-13 04:00:00,-2.2184799999999996,84.6947999340452,0.4389769661063637,20.0,137.51343
2020-11-13 05:00:00,-1.9019199999999614,89.53056836096056,0.5480672808103384,17.0,173.80217
2020-11-13 06:00:00,-1.366769999999974,88.8762858320148,0.7720627063156904,25.0,216.0426
2020-11-13 07:00:00,-1.7231499999999755,92.65026778122716,0.8286825015572656,29.0,220.7737
2020-11-13 08:00:00,-1.581899999999962,93.5160442741187,0.936468276102862,32.0,204.95929
2020-11-13 09:00:00,-1.338419999999985,92.61217995326892,0.9074497536193387,31.0,238.9412
2020-11-13 10:00:00,-1.2430499999999824,91.70226040984598,0.5630678143749277,40.0,123.73291
2020-11-13 11:00:00,-1.474519999999984,90.74450134887927,0.49810412740840804,58.0,87.50485
2020-11-13 12:00:00,-2.112199999999973,88.32033073727479,0.9237373667450529,55.0,53.990524
2020-11-13 13:00:00,-2.218179999999961,84.16353621657308,1.2054561824665375,45.0,38.92903
2020-11-13 14:00:00,-3.638339999999971,81.6920354973992,1.514456813808885,52.0,32.303116
2020-11-13 15:00:00,-4.725679999999954,78.274119788007,1.7819261588065223,55.0,25.511642
2020-11-13 16:00:00,-5.758519999999976,76.47578806431365,1.958084301821449,48.0,25.239029
2020-11-13 17:00:00,-6.681459999999959,76.00543918407872,2.108223321936034,51.0,23.964813
2020-11-13 19:00:00,-7.274149999999963,72.6895444379231,2.1575375667209067,39.0,20.70398
2020-11-13 20:00:00,-8.263949999999966,74.49930224156313,2.3120131398518153,30.0,21.681778
2020-11-13 21:00:00,-9.372299999999996,77.3238896425149,2.3429853952471085,31.0,23.135313
2020-11-13 22:00:00,-9.204499999999996,79.27917981678284,2.341352106690874,46.0,31.718632
2020-11-13 23:00:00,-9.077549999999974,79.67681808443035,2.2761677811350407,88.0,42.827507
2020-11-14 00:00:00,-7.802399999999977,79.65652446041759,2.0080911825552272,46.0,61.15976
2020-11-14 01:00:00,-6.302339999999958,79.33573236690991,1.8251062485445841,44.0,62.031372
2020-11-14 02:00:00,-6.5403799999999706,80.10213352336143,1.7973662143166826,50.0,60.505016
2020-11-14 03:00:00,-3.1827499999999986,74.93775312176653,1.234259563459194,45.0,89.25302
2020-11-14 04:00:00,-2.254979999999989,75.85098335057461,0.673618014875708,41.0,115.49727
2020-11-14 05:00:00,-2.658399999999972,87.13423144280924,0.6388502849406084,19.0,142.73694
2020-11-14 07:00:00,-1.762549999999976,89.83980302686777,1.156911606925924,7.0,192.4847
2020-11-14 08:00:00,-2.0491399999999658,91.86560403877552,1.0704481481797472,47.0,184.57042
2020-11-14 09:00:00,-2.2343999999999937,93.43334057839618,1.0506734211839774,105.0,182.66513
2020-11-14 10:00:00,-2.3521499999999946,93.62458314037238,1.0540538669823303,83.0,118.69179
2020-11-14 11:00:00,-2.6360799999999927,94.7530062093322,0.2774663503516071,17.0,52.17061
2020-11-14 16:00:00,-2.97969999999998,94.71667800362218,0.7057503993031078,87.0,50.426178
2020-11-14 17:00:00,-3.075999999999965,94.62595681727558,0.6292816133798731,91.0,50.960907
2020-11-14 18:00:00,-3.1820999999999913,94.89182147600577,0.6730523053396704,124.0,51.64328
2020-11-14 19:00:00,-3.180759999999964,95.1046508514328,0.5576688313655327,43.0,45.404648
2020-11-14 20:00:00,-3.00394,93.22515010368424,0.4963116360092755,37.0,29.108704
2020-11-14 21:00:00,-2.987899999999968,92.144904234522,0.5140541796460261,29.0,28.12909
2020-11-14 22:00:00,-2.8485999999999763,89.82473803163519,0.45596326336157655,23.0,31.331802
2020-11-14 23:00:00,-2.923379999999952,89.46140249026462,0.44145058363884176,21.0,26.921005
2020-11-15 00:00:00,-3.0801500000000033,88.73112210232127,0.5558899137185528,11.0,33.31996
2020-11-15 01:00:00,-2.8525999999999954,87.5826423145172,0.5084581494313302,71.0,36.32785
2020-11-15 02:00:00,-3.1195399999999722,86.24495058630974,0.5807032208688208,22.0,49.327698
2020-11-15 03:00:00,-3.062659999999994,83.54622355289557,0.4879628412332304,19.0,46.345215
2020-11-15 04:00:00,-2.8477999999999497,81.83314804103465,0.02417911494730535,23.0,50.221542
2020-11-15 05:00:00,-3.403599999999983,88.20438271192496,0.6947258190218392,21.0,127.80185
2020-11-15 06:00:00,-2.541749999999979,90.81640874114657,1.1774851078617683,17.0,175.63081
2020-11-15 07:00:00,-2.593599999999981,92.27930247075591,1.4268833990392802,21.0,200.49284
2020-11-15 08:00:00,-2.777349999999956,93.19191038786441,1.2110887375133514,21.0,169.20425
2020-11-15 09:00:00,-2.592299999999966,92.86369946755269,1.1186604510482818,17.0,171.99925
2020-11-15 10:00:00,-3.1631499999999733,92.43366577057462,0.8174833952238663,21.0,239.3714
2020-11-15 11:00:00,-3.477269999999976,94.93126480240129,0.43355365784093486,25.0,138.53297
2020-11-15 12:00:00,-3.5985999999999763,94.7273338414334,0.3375717496682042,42.0,92.47943
2020-11-15 13:00:00,-3.5898799999999937,91.69552734238862,0.5156418130605167,54.0,64.79187
2020-11-15 14:00:00,-4.137900000000002,91.02979296217536,0.8891552189762778,66.0,52.25409
2020-11-15 15:00:00,-4.29307,88.15151095119111,0.9945702480817845,49.0,45.014297
2020-11-15 16:00:00,-5.884739999999965,89.12160054872474,1.4403573445863078,36.0,55.065125
2020-11-15 17:00:00,-6.552799999999991,85.85314142424909,1.5311342671163264,13.0,31.89949
2020-11-15 18:00:00,-5.995899999999949,83.37622824285174,1.4122055920071446,27.0,43.55417
2020-11-15 19:00:00,-4.949069999999949,78.40892672313274,1.1926588757125827,22.0,41.21396
2020-11-15 20:00:00,-5.835119999999961,80.58723775207872,1.3872432898397735,11.0,34.753174
2020-11-15 21:00:00,-5.87482,78.10282418383527,1.4583828603495077,8.0,35.93669
2020-11-15 22:00:00,-7.34839999999997,77.93163415645296,1.7900808047390622,6.0,47.786667
2020-11-15 23:00:00,-9.703959999999995,80.08378031568661,2.2664232894866565,17.0,35.001648
2020-11-16 00:00:00,-10.798649999999952,81.13000970292357,2.604051732932401,5.0,28.734112
2020-11-16 01:00:00,-10.586279999999988,80.55097505821261,2.885875053634424,5.0,19.61414
2020-11-16 02:00:00,-10.270799999999952,78.6633955154955,3.143972357326603,6.0,17.373251
2020-11-16 03:00:00,-9.361239999999952,76.72653532610227,3.1264207445722225,7.0,15.308614
2020-11-16 04:00:00,-7.168739999999957,77.67876706984902,2.5488373896823036,4.0,14.695832
2020-11-16 05:00:00,-4.563329999999951,77.9853314884404,1.3288860436131722,3.0,96.155655
2020-11-16 06:00:00,-1.1188699999999585,63.507084654888395,0.4830081177320499,6.0,152.70354
2020-11-16 07:00:00,-0.5026299999999537,59.55072472883586,0.6314410848641172,6.0,208.82771
2020-11-16 08:00:00,-0.7020299999999793,67.15972882803565,1.3112112755946914,4.0,313.43134
2020-11-16 09:00:00,-1.408239999999978,74.11787971407628,1.6120263870716571,16.0,335.50015
2020-11-16 10:00:00,-2.5272599999999557,81.89037596230608,1.1170548448141537,27.0,246.42424
2020-11-16 11:00:00,-4.560639999999978,84.39356054830499,1.9985587125530444,24.0,428.16208
2020-11-16 13:00:00,-7.383519999999976,93.61762362135653,1.1423333842382604,29.0,203.15752
2020-11-16 14:00:00,-8.541049999999984,92.94654675498701,0.8644951850308943,20.0,168.3963
2020-11-16 15:00:00,-8.59481999999997,91.96937337437834,0.28322178018725275,24.0,150.20401
2020-11-16 16:00:00,-9.010629999999992,91.73248937652927,0.05183772030063314,10.0,139.92519
2020-11-16 17:00:00,-9.262819999999977,91.38144793647545,0.035174497952257286,11.0,132.79378
2020-11-16 20:00:00,-12.088099999999997,91.00854615903447,1.229216124364194,10.0,117.4745
2020-11-16 21:00:00,-11.030370000000005,80.86465761744726,0.8784084307229139,6.0,83.254105
2020-11-16 22:00:00,-11.098729999999989,81.71591887682585,0.8728491027744452,16.0,95.38284
2020-11-17 00:00:00,-14.65573999999998,85.51362533758392,1.7155245239840937,6.0,103.36745
2020-11-17 01:00:00,-15.040099999999995,79.97788116092802,1.7314044064275014,3.0,98.29738
2020-11-17 02:00:00,-14.453739999999982,77.71715179212586,1.6481567486156394,7.0,110.30232
2020-11-17 03:00:00,-11.072119999999984,68.53452345020973,1.0060340669440389,11.0,112.08835
2020-11-17 05:00:00,-9.175939999999969,67.38547851409056,0.5205702434608532,19.0,177.16959
2020-11-17 06:00:00,-8.73539999999997,74.32850011899255,0.5889844967706642,21.0,228.05307
2020-11-17 07:00:00,-8.299539999999979,78.66701001083753,1.1191810052391427,25.0,244.68669
2020-11-17 08:00:00,-7.875399999999956,79.00547128107141,1.1923653372945373,52.0,263.20618
2020-11-17 09:00:00,-8.137299999999982,80.98592072537869,1.072219068709398,45.0,231.84189
2020-11-17 10:00:00,-8.183699999999988,81.50738741396621,0.9076925080474169,33.0,150.27159
2020-11-17 15:00:00,-8.776829999999961,75.19477088958982,0.690998289942368,16.0,99.72807
2020-11-17 16:00:00,-9.166899999999998,75.80081232976299,0.7614548521629326,19.0,90.84221
2020-11-17 17:00:00,-9.360969999999952,75.2249764586362,0.9165994943266181,14.0,84.38269
2020-11-17 18:00:00,-9.364319999999964,73.47799510222352,0.9239403562398237,13.0,88.3445
2020-11-17 19:00:00,-9.42184999999995,68.87115796399682,0.9581412819407806,10.0,89.002716
2020-11-17 20:00:00,-9.338300000000004,68.16732373075882,0.9034499144945063,13.0,87.55757
2020-11-17 21:00:00,-9.429479999999955,68.04231393192767,0.9544771736764898,13.0,86.03296
2020-11-17 22:00:00,-9.526739999999961,68.29252074671767,0.9645592189727787,11.0,78.11383
2020-11-17 23:00:00,-9.474400000000003,69.1372191681071,0.9125394461420682,9.0,88.248505
2020-11-18 00:00:00,-9.457249999999988,69.74564040576621,0.8847489118314452,7.0,89.47702
2020-11-18 01:00:00,-9.75351999999998,70.60700197208767,0.9625459043483733,9.0,97.74312
2020-11-18 02:00:00,-9.784099999999967,70.78770343180935,0.9084545302321628,19.0,100.17565
2020-11-18 03:00:00,-9.796239999999955,70.81533816582933,0.8572272017586143,24.0,97.71547
2020-11-18 04:00:00,-9.460059999999999,70.04243343173587,0.5490877922534009,28.0,108.50209
2020-11-18 05:00:00,-9.353599999999972,79.23348001858842,0.5885469523029766,32.0,133.01874
2020-11-18 06:00:00,-8.29702999999995,75.82746541389812,0.7189475700237397,23.0,159.17752
2020-11-18 07:00:00,-8.44932,81.76949537356784,1.2021651913997338,30.0,191.94449
2020-11-18 08:00:00,-8.42596999999995,84.75834189906281,1.299721332335024,26.0,199.33961
2020-11-18 09:00:00,-8.505740000000003,86.03707762721993,1.1217902947340201,40.0,184.29843
2020-11-18 10:00:00,-8.611499999999978,86.07355500080114,0.9541947730429424,36.0,129.46674
2020-11-18 11:00:00,-9.400119999999959,88.24579104677223,0.7010910970327974,36.0,113.4252
2020-11-18 13:00:00,-9.060699999999997,81.27344612392373,0.601417060291376,25.0,97.72255
2020-11-18 14:00:00,-9.251499999999965,77.36334348801117,0.8612038466731976,24.0,103.47136
2020-11-18 15:00:00,-9.573919999999987,72.61922154066936,1.1042277642448575,23.0,101.82864
2020-11-18 17:00:00,-10.021669999999972,61.52018839968849,1.3165067693698769,17.0,89.46391
2020-11-18 18:00:00,-10.045320000000004,60.13730310688541,1.2300089306871118,16.0,84.62579
2020-11-18 19:00:00,-10.57406999999995,67.2763896816687,0.8669493060183029,19.0,79.502396
2020-11-18 20:00:00,-10.709450000000004,64.95544842814213,1.0380667388961862,16.0,89.362915
2020-11-18 21:00:00,-10.634649999999965,63.71666811462032,0.9998674650628152,10.0,90.78117
2020-11-18 22:00:00,-10.534029999999973,64.37958872622553,0.9165528094989724,14.0,89.51901
2020-11-18 23:00:00,-10.55374999999998,66.90541293842853,0.8519257000529062,17.0,93.9505
2020-11-19 00:00:00,-10.655460000000005,68.05185786102338,0.8801133846628697,9.0,90.60356
2020-11-19 01:00:00,-10.979399999999998,69.94638482970132,0.8054334493372497,15.0,95.021545
2020-11-19 02:00:00,-11.537399999999991,70.3480734820706,0.9741126832330592,13.0,100.5865
2020-11-19 04:00:00,-11.102800000000002,68.74839445359575,0.7458986459761671,18.0,110.11365
2020-11-19 05:00:00,-10.58651999999995,74.03517225816742,0.4996210686079099,18.0,122.178604
2020-11-19 06:00:00,-9.79299999999995,76.31335454848576,0.4941443406683028,15.0,166.19756
2020-11-19 07:00:00,-9.631019999999978,81.25320497880358,1.031153049675178,15.0,198.29964
2020-11-19 08:00:00,-9.368749999999977,81.85713294563325,1.2008453952245355,21.0,179.83723
2020-11-19 09:00:00,-9.668219999999963,82.98666792695828,1.1523746076260284,15.0,167.11688
2020-11-19 10:00:00,-9.928099999999972,82.51083069545719,0.9616266365783864,28.0,111.07738
2020-11-19 11:00:00,-10.37464,82.69152798440093,0.4444688925827741,21.0,73.1848
2020-11-19 12:00:00,-10.898599999999988,83.35196110062373,0.6428895243276752,21.0,60.207108
2020-11-19 14:00:00,-11.52267999999998,75.55813496031368,1.1823901941672583,23.0,58.021027
2020-11-19 15:00:00,-11.488399999999956,69.47307557124101,1.294611651848077,29.0,47.199524
2020-11-19 16:00:00,-11.293219999999963,64.63448117511695,1.2617773227974716,24.0,37.48198
2020-11-19 17:00:00,-11.13797999999997,60.65760158420252,1.3571941488794776,16.0,30.748596
2020-11-19 18:00:00,-11.190219999999954,60.21020217639032,1.4491363115509135,15.0,28.86383
2020-11-19 19:00:00,-12.50649999999996,61.31589227050732,1.671694571925906,19.0,27.069023
2020-11-19 20:00:00,-12.289099999999962,59.21010172358004,1.7069877333277919,17.0,27.334269
2020-11-19 21:00:00,-12.273599999999988,58.87844091669493,1.741984620795999,26.0,27.12675
2020-11-19 22:00:00,-11.311530000000005,56.780342050342085,1.6764047058889875,23.0,33.374725
2020-11-19 23:00:00,-11.342629999999986,56.80252935802139,1.6883763328824828,20.0,31.852844
2020-11-20 00:00:00,-11.285699999999963,56.710692695281445,1.6688652214729385,24.0,26.786442
2020-11-20 01:00:00,-11.075229999999976,57.05037019654769,1.7147297377707311,32.0,30.205894
2020-11-20 02:00:00,-11.32302999999996,57.877049797320225,1.7448813908237963,27.0,32.400307
2020-11-20 04:00:00,-9.288639999999987,55.464504055766014,0.8733420920316978,41.0,61.759842
2020-11-20 05:00:00,-7.974679999999978,56.692390891593995,0.41564152517875175,38.0,90.255035
2020-11-20 07:00:00,-6.998269999999991,77.27105276509566,0.7047726767701373,42.0,169.53116
2020-11-20 08:00:00,-6.654399999999953,78.13450577309398,0.9231790592475166,33.0,182.50565
2020-11-20 09:00:00,-6.7572999999999865,80.9092286236289,0.8921791353408633,31.0,185.85143
2020-11-20 10:00:00,-6.932469999999967,82.66421969382195,0.7776648113506609,36.0,130.336
2020-11-20 11:00:00,-7.580699999999979,84.57136480358234,0.6800300625036974,32.0,95.34219
2020-11-20 12:00:00,-7.373699999999985,80.63464234761577,0.71713617258392,32.0,73.93756
2020-11-20 13:00:00,-7.624979999999994,79.07516840806001,0.9267545987552144,31.0,67.67529
2020-11-20 14:00:00,-7.870829999999955,77.11746391230011,1.1620474449317466,35.0,58.654755
2020-11-20 15:00:00,-7.943029999999965,73.40858609862704,1.3414857107320646,45.0,48.59047
2020-11-20 16:00:00,-7.836649999999963,70.02793383811678,1.410783029592509,43.0,38.26297
2020-11-20 17:00:00,-7.615819999999985,67.04008953490677,1.3945600856453257,38.0,29.536224
2020-11-20 18:00:00,-8.446049999999957,66.75600384921218,1.5079724260376048,39.0,29.103455
2020-11-20 19:00:00,-9.92071999999996,66.44203373816336,1.7604732467196682,42.0,30.141068
2020-11-20 20:00:00,-10.11782999999997,65.94467408894616,1.8087523620604056,35.0,30.082169
2020-11-20 21:00:00,-9.591439999999977,64.51916970195474,1.7222418749847102,36.0,32.80275
2020-11-20 22:00:00,-8.833319999999958,62.596940535218394,1.589951156391256,40.0,45.18802
2020-11-20 23:00:00,-7.455299999999966,59.09894269154213,1.404322646942975,29.0,34.841095
2020-11-21 00:00:00,-7.2555999999999585,59.293010385729005,1.3044955887799652,28.0,44.997406
2020-11-21 01:00:00,-7.392920000000004,60.475879304667586,1.2518778236958998,28.0,48.950775
2020-11-21 02:00:00,-7.5364999999999895,60.472551723745205,1.2272331759443151,34.0,42.871338
2020-11-21 03:00:00,-7.451819999999998,59.052084740961476,1.206661695195027,35.0,54.61252
2020-11-21 04:00:00,-6.940039999999954,58.1291804338101,0.8753862104625476,34.0,81.14047
2020-11-21 05:00:00,-6.057230000000004,60.49436808688041,0.3819420703762548,34.0,100.240814
2020-11-21 06:00:00,-5.95465999999999,72.43866516375842,0.3622612607443683,41.0,129.85075
2020-11-21 07:00:00,-4.913759999999968,59.9918475561403,0.480492622872323,41.0,155.02887
2020-11-21 08:00:00,-4.6501799999999776,62.33458930783743,0.4167928275349861,46.0,162.20995
2020-11-21 09:00:00,-4.710299999999961,64.7325766440863,0.4924891973198733,57.0,151.16425
2020-11-21 10:00:00,-4.850999999999999,62.84884477049678,0.22367606958702294,63.0,89.61774
2020-11-21 11:00:00,-5.332369999999969,64.30601468447055,0.5022245223360986,64.0,51.331787
2020-11-21 12:00:00,-5.872099999999989,64.30083046882586,0.9496909861341003,71.0,30.639923
2020-11-21 13:00:00,-6.303229999999985,64.01317863697338,1.1635788450851177,91.0,27.61728
2020-11-21 14:00:00,-6.531679999999994,62.21854500828962,1.3882179241251928,81.0,31.986496
2020-11-21 15:00:00,-8.138620000000003,62.55729804758554,1.661327917569916,51.0,31.610199
2020-11-21 16:00:00,-9.59054999999995,62.43227045303854,1.8676998583084812,48.0,26.925995
2020-11-21 17:00:00,-10.073219999999992,59.75941128856375,1.9690924593360515,57.0,23.268692
2020-11-21 18:00:00,-10.390969999999982,59.11874474386477,2.0568252250171777,54.0,20.479416
2020-11-21 19:00:00,-13.59366,53.88582215607748,2.5573367151034234,42.0,21.61752
2020-11-21 20:00:00,-13.82047,56.92419582751756,2.5859907591110813,89.0,25.075146
2020-11-22 00:00:00,-11.799599999999998,46.14100619588915,2.1733743237123697,119.0,30.412514
2020-11-22 01:00:00,-12.061440000000005,43.3437899928057,2.244997100909831,99.0,49.337425
2020-11-22 02:00:00,-13.18576999999999,44.36734449922058,2.418611976350239,88.0,45.889416
2020-11-22 03:00:00,-12.939549999999997,46.16324011583687,2.328359646938458,86.0,60.32942
2020-11-22 04:00:00,-9.278750000000002,43.42784060584172,1.7180657743074514,79.0,87.05257
2020-11-22 05:00:00,-5.418599999999969,41.79034151533532,0.730797010238539,87.0,110.73651
2020-11-22 06:00:00,-4.221779999999967,39.55227542943117,0.19474199124311248,100.0,126.73091
2020-11-22 07:00:00,-4.2126499999999965,53.05154754085588,0.524893504982875,110.0,164.30588
2020-11-22 08:00:00,-4.107339999999965,58.958697839626225,0.6857709133480215,119.0,180.98232
2020-11-22 09:00:00,-4.370999999999981,63.68273048301588,0.7106259822051981,128.0,158.02843
2020-11-22 10:00:00,-5.0015300000000025,72.24038774936821,0.5821774335101233,95.0,112.21069
2020-11-22 11:00:00,-5.416899999999998,65.64160374017264,0.4215161595444076,92.0,68.43165
2020-11-22 23:00:00,-11.851659999999981,74.56343723750923,1.7622232834980973,90.0,45.56952
2020-11-23 00:00:00,-12.516999999999996,76.1645189393929,1.8928634991061872,83.0,40.223446
2020-11-23 01:00:00,-12.199799999999982,76.40149337788246,1.9005873426226043,72.0,46.677555
2020-11-23 02:00:00,-12.519749999999988,76.03258574335052,1.9388874062280175,73.0,43.61283
2020-11-23 03:00:00,-11.894049999999993,75.35903862961698,1.803876132851453,71.0,45.456505
2020-11-23 04:00:00,-9.554749999999956,73.09927365208706,1.363393910151891,80.0,66.05049
2020-11-23 05:00:00,-7.0707799999999565,73.23116055345152,0.6153565976952099,98.0,84.6358
2020-11-23 06:00:00,-6.41125999999997,70.20628746930954,0.24924915782535112,104.0,199.41313
2020-11-23 07:00:00,-6.348179999999957,73.29488670602134,0.5580388570162667,108.0,224.80122
2020-11-23 08:00:00,-5.735749999999996,71.18796254298944,0.6262690830886228,58.0,240.5412
2020-11-23 09:00:00,-5.463419999999985,66.63785734461227,0.29024964284173255,41.0,230.12901
2020-11-23 10:00:00,-5.198369999999954,59.80730274634236,0.16540643374962405,51.0,152.93178
2020-11-23 11:00:00,-6.009299999999996,62.14085291345842,0.9576489104877248,60.0,42.88179
2020-11-23 12:00:00,-9.77819999999997,68.07193381469939,1.9151465789548772,73.0,25.199158
2020-11-23 13:00:00,-12.663119999999992,70.32639979534669,2.3651296608567085,79.0,25.091883
2020-11-23 15:00:00,-16.919299999999964,72.3115133833261,3.077494709574814,85.0,20.137663
2020-11-23 16:00:00,-17.845739999999978,72.51165571722116,3.2902074996022197,178.0,20.038692
2020-11-23 17:00:00,-17.832269999999966,69.49472783264119,3.3947863241260605,171.0,19.055658
2020-11-23 18:00:00,-17.638359999999977,68.04104036584259,3.459505558474027,197.0,18.41843
2020-11-23 19:00:00,-16.065470000000005,63.02361058240226,3.00874564672336,189.0,18.143093
2020-11-23 20:00:00,-16.103859999999997,62.801085475596594,2.9320127865643983,121.0,17.73788
2020-11-23 21:00:00,-16.36809999999997,63.74216380011262,2.996814310128867,77.0,17.647625
2020-11-23 23:00:00,-14.32302999999996,66.26620070506274,2.6953520316813613,51.0,21.308088
2020-11-24 00:00:00,-13.917460000000005,67.21063144489716,2.678972867621688,109.0,21.860256
2020-11-24 01:00:00,-14.078219999999988,67.47479848504744,2.710732099681237,116.0,19.91734
2020-11-24 02:00:00,-14.288549999999987,68.32909288682849,2.7323417628607167,119.0,19.552572
2020-11-24 03:00:00,-14.041499999999985,68.79267727448865,2.6698791456628985,117.0,20.321753
2020-11-24 04:00:00,-11.275299999999959,64.11973387316172,2.0835141830917094,113.0,83.400406
2020-11-24 05:00:00,-5.424959999999999,55.37238137705721,0.9481943455002385,106.0,131.31114
2020-11-24 06:00:00,-3.958349999999996,50.7986410592839,0.10394588839457816,114.0,189.09918
2020-11-24 07:00:00,-3.8905999999999494,48.89708691460221,0.36488208514527665,104.0,282.16095
2020-11-24 08:00:00,-3.6863799999999856,58.516328463494894,0.618144337597431,92.0,295.6751
2020-11-24 09:00:00,-3.7780199999999695,58.024593983397686,0.5946724470238567,101.0,277.01443
2020-11-24 10:00:00,-3.749300000000005,54.20136561232974,0.2919514866542104,116.0,95.04074
2020-11-24 11:00:00,-4.5201999999999884,55.14495739325879,1.0552483890654805,102.0,25.156525
2020-11-24 12:00:00,-7.932799999999986,58.74112976710498,1.9573210907448608,89.0,18.252178
2020-11-24 13:00:00,-12.328859999999963,62.646884383377106,2.668391183703082,94.0,19.999157
2020-11-24 14:00:00,-15.825999999999965,66.65642899555671,3.2671216197271447,86.0,21.98339
2020-11-24 15:00:00,-17.12603999999999,67.0691779955046,3.681090700853383,121.0,21.329433
2020-11-24 16:00:00,-17.283589999999975,65.34718365733156,3.8729745907987567,127.0,19.720367
2020-11-24 17:00:00,-16.869539999999972,64.46774215899359,3.9899615534876136,99.0,19.069736
2020-11-24 18:00:00,-16.131079999999997,62.23425283578768,3.9979919597702294,98.0,18.165573
2020-11-24 19:00:00,-15.019929999999988,60.950122774767394,3.953208820056894,95.0,18.411394
2020-11-24 20:00:00,-14.44539999999995,59.369758935902915,3.9512687066281393,95.0,19.091217
2020-11-24 21:00:00,-13.845699999999965,58.139407336164574,3.9788987444379695,88.0,19.074966
2020-11-24 22:00:00,-13.250099999999975,56.94369686966456,3.963031067973075,79.0,19.3437
2020-11-24 23:00:00,-12.640479999999968,57.002991465333196,3.89770346913444,80.0,20.546843
2020-11-25 00:00:00,-11.894929999999988,56.38106495023694,3.7867536025517294,106.0,19.900526
2020-11-25 16:00:00,-9.854219999999998,66.36808545386349,2.330426511338978,176.0,34.834213
2020-11-25 19:00:00,-7.791939999999954,64.47694346340577,1.9425146790237648,176.0,27.9466
2020-11-25 21:00:00,-6.466899999999953,65.14407137562591,1.596428555369494,157.0,48.83096
2020-11-25 23:00:00,-7.143599999999992,75.68513863801309,1.659041632194304,7.0,58.416153
2020-11-26 00:00:00,-7.2809199999999805,78.41781439295349,1.6802424040939867,4.0,51.913483
2020-11-26 01:00:00,-7.064919999999972,79.16817447719073,1.6922049590893025,4.0,49.76722
2020-11-26 02:00:00,-7.036779999999965,79.14962795689326,1.6498956935142604,16.0,46.0145
2020-11-26 13:00:00,-11.149569999999983,69.73666654623362,3.0258208149581662,89.0,21.865948
2020-11-26 14:00:00,-12.926979999999958,70.22382245377305,3.6236131084040264,89.0,19.090883
2020-11-26 15:00:00,-13.174099999999953,68.69067066673477,4.020959697038072,44.0,18.811123
2020-11-26 16:00:00,-12.334199999999953,68.05903225823018,4.201450797010601,74.0,19.19318
2020-11-26 17:00:00,-10.99002999999999,66.61342374363868,4.214917862351964,91.0,19.170288
2020-11-26 18:00:00,-9.671299999999974,65.46931861690386,4.060550468266853,225.0,19.656097
2020-11-26 19:00:00,-8.174399999999991,65.55941025548009,3.889228812981149,240.0,20.584574
2020-11-26 20:00:00,-7.121279999999956,64.46876514785981,3.653271287163472,187.0,20.370758
2020-11-26 21:00:00,-5.633699999999976,66.86635304534644,3.3891999719514603,130.0,21.988327
2020-11-26 22:00:00,-4.562659999999994,69.18765215185601,3.270440943976933,121.0,25.244278
2020-11-26 23:00:00,-3.94932,71.29039820049634,3.1997797322882855,135.0,23.089874
2020-11-27 00:00:00,-3.550329999999974,71.31172679421502,3.1264919265407562,96.0,21.423386
2020-11-27 01:00:00,-2.853999999999985,72.09874147420211,3.0307222497573103,105.0,21.593872
2020-11-27 02:00:00,-2.5215199999999527,73.4491657410363,3.046585323728636,92.0,22.077179
2020-11-27 03:00:00,-1.7878199999999538,75.86387160445378,2.941933675483465,115.0,23.201542
2020-11-27 04:00:00,-0.7056299999999851,77.81535997032688,2.6804285837459054,75.0,27.477459
2020-11-27 05:00:00,0.6766300000000456,79.04261173722355,2.208404203517963,80.0,42.866863
2020-11-27 06:00:00,3.6876000000000317,66.84826082857609,1.116908520631484,105.0,125.46622
2020-11-27 07:00:00,5.800740000000019,52.058305395015466,1.0152257239410603,121.0,142.58978
2020-11-27 08:00:00,6.256799999999998,49.89720915843622,0.9976895511220812,135.0,132.2829
2020-11-27 09:00:00,6.328580000000045,49.03557362128821,1.0763514981147988,129.0,133.95485
2020-11-27 10:00:00,6.1539600000000405,48.21349098302854,1.0499771994757587,160.0,95.51996
2020-11-27 11:00:00,2.355830000000026,67.77897382718541,1.6881084417921794,143.0,47.315643
2020-11-27 12:00:00,0.4122600000000034,74.80480556478511,2.1859246323506216,115.0,31.419582
2020-11-27 13:00:00,-0.2663299999999822,78.4656926579838,2.4852146489335682,94.0,28.114326
2020-11-27 14:00:00,-0.4570399999999495,79.2990745986019,2.671863263702514,83.0,24.548973
2020-11-27 15:00:00,-0.5900999999999499,78.2400241466959,2.8288817667795514,78.0,24.938463
2020-11-27 16:00:00,-0.6518999999999551,76.82366288909331,2.95196269505445,72.0,24.922989
2020-11-27 17:00:00,-0.6689799999999764,75.60015729623774,2.9896034654072303,66.0,23.629839
2020-11-27 18:00:00,-1.1373699999999758,73.66755587592279,2.9914442719019823,70.0,24.42877
2020-11-27 19:00:00,-1.2533599999999865,75.51580040776058,2.9672579298702444,67.0,22.242226
2020-11-27 20:00:00,-1.249179999999967,75.18509926996626,2.9138625667236058,73.0,21.560589
2020-11-27 21:00:00,-1.4294499999999744,75.06832579111287,3.035818243506508,80.0,20.744713
2020-11-27 22:00:00,-1.1101400000000012,75.66642389031752,3.101413711604611,86.0,25.830025
2020-11-27 23:00:00,-0.484929999999963,75.94502687037135,3.1668936676869275,76.0,23.912958
2020-11-28 00:00:00,-0.006049999999959255,76.09254886166502,3.059337657226067,85.0,21.155941
2020-11-28 02:00:00,0.11710000000005039,78.95602133010136,3.1809550304150433,71.0,23.753273
2020-11-28 03:00:00,0.31105999999999767,81.02598226277792,2.6158546086269263,66.0,28.287846
2020-11-28 04:00:00,1.3226999999999975,79.16435101632,1.7627058533391782,32.0,138.84537
2020-11-28 05:00:00,1.1210000000000377,80.86091861609103,3.163108923089663,12.0,690.7646
2020-11-28 06:00:00,-0.4632299999999532,91.89120505188421,1.9163214477482269,7.0,649.78595
2020-11-28 07:00:00,-1.3171799999999507,93.8857760461561,1.7950885161022505,7.0,568.56836
2020-11-28 08:00:00,-1.6024499999999762,96.91246376748524,1.7698243470321144,10.0,511.591
2020-11-28 09:00:00,-2.67892999999998,97.42688707874132,1.2528947201140974,7.0,390.88165
2020-11-28 10:00:00,-3.1527999999999565,91.77419309132132,0.8936562149348933,8.0,202.32594
2020-11-28 11:00:00,-3.4995499999999993,90.52887521616621,0.6664485818285234,30.0,175.48828
2020-11-28 12:00:00,-4.047460000000001,89.96081726473525,0.7301474117483083,18.0,127.830414
2020-11-28 13:00:00,-4.320719999999994,87.78908302229789,0.7337866447474337,21.0,108.3006
2020-11-28 14:00:00,-4.450749999999971,86.17026077126712,0.638190820304409,12.0,50.18268
2020-11-28 15:00:00,-4.849649999999997,84.19340339582422,0.6442914130090219,6.0,36.29521
2020-11-28 17:00:00,-5.32729999999998,78.19954532014518,0.725937924214385,19.0,26.84291
2020-11-28 18:00:00,-5.585549999999955,79.68147129890482,0.6961071386600926,5.0,28.895767
2020-11-28 19:00:00,-5.75894999999997,86.23728698925754,0.3826163029683975,7.0,25.287933
2020-11-28 20:00:00,-5.904099999999971,88.33248061009473,0.10413162401737532,5.0,32.26552
2020-11-28 21:00:00,-6.209099999999978,87.85488109689156,0.23808290963275733,4.0,49.710114
2020-11-28 22:00:00,-6.175699999999949,85.56850625467166,0.4699358692757054,3.0,72.977936
2020-11-28 23:00:00,-6.0783799999999815,82.89549060852931,0.38066677230794965,5.0,93.5927
2020-11-29 00:00:00,-6.043369999999982,80.17176017064718,0.5531475808484589,10.0,90.366165
2020-11-29 01:00:00,-6.417879999999968,76.76805724490436,0.9734155093849541,8.0,85.39223
2020-11-29 02:00:00,-6.4182500000000005,72.09561910705557,1.0961114729837744,5.0,30.735825
2020-11-29 03:00:00,-6.63516999999996,68.80886626316165,1.230460055984847,8.0,22.378754
2020-11-29 04:00:00,-6.610939999999971,66.1387023121471,1.1613812185207157,11.0,42.67389
2020-11-29 05:00:00,-6.214179999999999,65.36656143838992,0.7460117794349025,16.0,92.721664
2020-11-29 06:00:00,-5.78959999999995,64.9011682685934,0.5628046765579365,8.0,120.12129
2020-11-29 07:00:00,-5.648079999999993,61.412446098908596,0.4495856790711399,21.0,154.67253
2020-11-29 08:00:00,-5.530899999999974,61.70898744378541,0.6083120887762127,19.0,176.27632
2020-11-29 09:00:00,-5.635229999999979,63.727359224629964,0.5336706878846513,15.0,158.28783
2020-11-29 10:00:00,-5.953469999999982,64.69641692253194,0.7317660350956561,14.0,49.451813
2020-11-29 11:00:00,-6.540139999999951,66.08024532600034,1.30724078996592,18.0,28.67276
2020-11-29 12:00:00,-8.146149999999977,68.07930453355469,1.7146964859104874,21.0,23.533249
2020-11-29 13:00:00,-9.627229999999997,69.21980345726082,2.017060621741221,26.0,26.932358
2020-11-29 14:00:00,-11.076099999999997,70.20638860866846,2.2910515259390083,29.0,27.516876
2020-11-29 15:00:00,-11.84201999999999,70.50697641167909,2.3922706050732216,24.0,26.646492
2020-11-29 16:00:00,-12.027199999999993,69.98556776707434,2.378263576719483,31.0,27.61625
2020-11-29 17:00:00,-12.83526999999998,71.08279897083717,2.460054130219441,37.0,29.62846
2020-11-29 18:00:00,-13.945699999999988,71.78042460530271,2.5897749971778032,50.0,34.0381
2020-11-29 19:00:00,-12.815740000000005,66.93272886210619,2.4356788571093517,42.0,34.208725
2020-11-29 20:00:00,-13.344339999999988,66.85326727419886,2.491312165292416,47.0,33.720795
2020-11-29 21:00:00,-14.49685999999997,67.24227966245523,2.656591087688397,44.0,38.66147
2020-11-29 22:00:00,-14.445069999999987,64.42544606528075,2.6586452843557464,21.0,36.51445
2020-11-29 23:00:00,-15.027619999999956,63.9048465627,2.7244216045284775,17.0,50.11969
2020-11-30 00:00:00,-15.698399999999992,63.44705370295733,2.816113809063868,36.0,51.57646
2020-11-30 01:00:00,-16.828499999999963,62.88354458158426,2.9422181133272076,35.0,48.293076
2020-11-30 02:00:00,-17.26402999999999,61.098565920488504,3.0066075040617206,35.0,50.65193
2020-11-30 03:00:00,-17.75413999999998,59.55489451666807,3.0984741365914417,51.0,53.295364
2020-11-30 04:00:00,-16.610419999999976,56.7865683223281,2.8986680272748115,48.0,74.604965
2020-11-30 05:00:00,-14.646829999999966,56.15699445823763,2.5882823824891408,52.0,76.707146
2020-11-30 06:00:00,-12.529759999999953,55.86728159091083,2.2802655529340843,63.0,87.6392
2020-11-30 07:00:00,-8.98031999999995,46.13836693614169,1.5599062275489717,57.0,99.18269
2020-11-30 08:00:00,-7.985599999999977,44.500577274605014,1.4320363913998493,62.0,96.4232
2020-11-30 09:00:00,-8.09439999999995,46.05152425720807,1.5049179115582352,57.0,79.09381
2020-11-30 10:00:00,-9.129799999999989,48.729141998565,1.8042743766242326,46.0,43.441345
2020-11-30 11:00:00,-10.924959999999999,50.74302533181478,2.2037982372928635,54.0,39.694027
2020-11-30 12:00:00,-13.005769999999984,52.40801390587176,2.598691964802841,57.0,28.509434
2020-11-30 13:00:00,-14.652619999999956,52.993812335600595,2.8616079226697484,55.0,26.724657
2020-11-30 14:00:00,-16.30297999999999,54.00949150017998,3.147708567946633,59.0,28.182129
2020-11-30 15:00:00,-17.86776999999998,55.288696060205524,3.41798595836217,63.0,28.05553
2020-11-30 16:00:00,-18.62156999999999,54.31313967756849,3.6162522923679563,71.0,28.166513
2020-11-30 17:00:00,-18.782699999999977,52.00006318306874,3.766909054435034,64.0,28.730774
2020-11-30 18:00:00,-18.716129999999964,49.13456330619867,3.8748218186224626,64.0,28.56202
2020-11-30 19:00:00,-17.24070999999998,43.05285237884291,3.462420909321004,65.0,28.448914
2020-11-30 20:00:00,-16.99964,40.56941609467388,3.461700680248899,59.0,27.811348
2020-11-30 21:00:00,-16.561739999999986,37.37210856740638,3.4129380296963046,57.0,26.900494
2020-11-30 22:00:00,-15.422769999999957,34.7033330054481,3.262609136292256,53.0,24.89397
2020-12-01 00:00:00,-13.704139999999995,32.993925408481815,3.056809189987169,42.0,29.596764
2020-12-01 01:00:00,-13.313940000000002,33.674285658792435,3.0131123684372376,41.0,30.666553
2020-12-01 02:00:00,-12.581639999999993,34.34968859765421,2.9382856567215874,43.0,30.736511
2020-12-01 03:00:00,-11.975469999999973,35.34833804709313,2.894268797759939,46.0,31.750362
2020-12-01 04:00:00,-9.918649999999957,35.38922309666187,2.6034003131534673,48.0,35.81555
2020-12-01 05:00:00,-7.562539999999956,34.485521468380774,2.234923106016619,59.0,42.624153
2020-12-01 06:00:00,-5.945899999999995,35.16739760679214,1.9707215144993016,68.0,46.35579
2020-12-01 07:00:00,-3.4893599999999765,32.35462904995912,1.303569562517979,72.0,43.354027
2020-12-01 08:00:00,-4.3434199999999805,43.99661342583704,1.3829350189712897,74.0,44.764824
2020-12-01 09:00:00,-3.650299999999959,42.052236607801,1.397221608741726,86.0,44.4319
2020-12-01 10:00:00,-2.817799999999977,37.28606272341785,1.383071646526561,78.0,38.79287
2020-12-01 11:00:00,-3.412049999999965,36.17865478772843,1.6256273427638506,84.0,46.44686
2020-12-01 12:00:00,-4.859099999999955,37.70590322189705,1.9775598209576954,81.0,37.291607
2020-12-01 13:00:00,-6.259619999999984,38.63730270199528,2.2741583133192576,101.0,32.361847
2020-12-01 14:00:00,-7.043299999999988,38.00710165068203,2.4358684070063386,107.0,30.982372
2020-12-01 15:00:00,-7.828649999999982,37.85473954045811,2.58478262306551,126.0,29.259815
2020-12-01 16:00:00,-7.906129999999962,37.05611726181832,2.6204080014526383,123.0,28.845446
2020-12-01 17:00:00,-7.362339999999961,36.130319646752326,2.5416546038143655,98.0,27.459824
2020-12-01 18:00:00,-7.821799999999996,35.76489160364644,2.601990676627741,111.0,26.964912
2020-12-01 19:00:00,-10.045140000000004,38.15429859192397,3.0814514632485035,123.0,25.42819
2020-12-01 20:00:00,-10.255769999999984,39.04896395471535,3.1053227727794512,80.0,24.054253
2020-12-01 21:00:00,-10.462499999999977,40.55293497466255,3.142269019295213,74.0,23.720047
2020-12-01 22:00:00,-10.52695,41.39319393900529,3.167000486225627,69.0,25.662762
2020-12-01 23:00:00,-10.605539999999962,42.141151805268684,3.19621658257729,73.0,26.083302
2020-12-02 00:00:00,-10.641899999999964,42.86910441464809,3.229853170656982,67.0,23.618156
2020-12-02 01:00:00,-10.384799999999984,43.69100781492962,3.3358965009827086,69.0,23.33777
2020-12-02 02:00:00,-10.668549999999982,45.10674766506216,3.454094789872717,80.0,22.613585
2020-12-02 03:00:00,-10.08395999999999,45.23218817968551,3.3842664535923905,77.0,21.91481
2020-12-02 04:00:00,-7.973119999999994,44.5433419164342,3.054438808100256,96.0,22.142368
2020-12-02 05:00:00,-5.077859999999987,43.14536508366052,2.599802193400409,124.0,28.666508
2020-12-02 06:00:00,-1.5863399999999501,39.28400559063302,2.0205400323298766,116.0,37.825333
2020-12-02 07:00:00,0.6161000000000172,37.37944726626521,1.5797959756547426,137.0,43.753815
2020-12-02 13:00:00,-5.146519999999953,46.66355964562858,2.6538707906338113,136.0,24.024818
2020-12-02 14:00:00,-7.034899999999993,51.796872391509574,2.9927939385127234,144.0,22.72726
2020-12-02 15:00:00,-8.485699999999952,55.00572589889645,3.274018265270516,124.0,22.381933
2020-12-02 16:00:00,-8.704139999999995,54.67458486332526,3.276762966772026,119.0,21.679483
2020-12-02 17:00:00,-8.649099999999976,53.96146364143581,3.2222264531685183,141.0,21.338657
2020-12-02 18:00:00,-8.732899999999972,54.58233291932464,3.2298415827653546,153.0,21.331196
2020-12-02 19:00:00,-8.982759999999985,60.15893339889835,3.282407794371423,151.0,20.925652
2020-12-02 20:00:00,-8.36212999999998,56.53767707767031,3.1228910063184525,147.0,20.583284
2020-12-02 21:00:00,-8.185519999999997,56.959830809839936,3.1021204186094793,142.0,20.08033
2020-12-02 22:00:00,-7.705420000000004,57.71108698765909,3.033081811610694,150.0,23.415192
2020-12-02 23:00:00,-7.961699999999951,59.97777251671791,3.0882043150179617,139.0,24.934982
2020-12-03 00:00:00,-8.179049999999961,62.076095399886064,3.146293914213213,126.0,22.897902
2020-12-04 01:00:00,-5.812929999999994,59.122194875608216,2.026432794079303,46.0,19.920792
2020-12-04 02:00:00,-6.507059999999967,61.43394030492347,2.0925787545273415,147.0,21.825348
2020-12-04 03:00:00,-6.023319999999956,60.62977634581942,1.9933944195728148,116.0,24.441704
2020-12-04 04:00:00,-3.940470000000005,59.74041730865549,1.5855619543556725,103.0,28.854301
2020-12-04 05:00:00,-2.2376199999999926,59.05819227226182,0.8758656240308008,81.0,64.94356
2020-12-04 06:00:00,-1.849459999999965,63.08470439574213,0.3503085995825796,75.0,106.58225
2020-12-04 07:00:00,-1.530499999999961,62.147518975104674,0.4150701819555142,90.0,139.41827
2020-12-04 08:00:00,-1.448699999999974,69.49696715529694,0.3600185096180692,136.0,166.65726
2020-12-04 09:00:00,-1.8179399999999646,69.95125796731017,0.3587485478789609,95.0,143.51637
2020-12-04 10:00:00,-2.440399999999954,75.04589038763548,0.39320248488936305,29.0,103.05299
2020-12-04 11:00:00,-3.279579999999953,79.24810421251168,0.5860415467966377,45.0,88.724976
2020-12-04 12:00:00,-3.744299999999953,79.83618494427509,0.7423820533565247,37.0,89.84832
2020-12-04 13:00:00,-4.051729999999964,78.19438318020433,0.6537809386397693,46.0,91.479164
2020-12-04 14:00:00,-4.430979999999977,77.67570523244794,0.6904774716396879,60.0,86.636246
2020-12-04 15:00:00,-5.291749999999979,80.69383385377122,0.9037607622324023,44.0,83.01338
2020-12-04 16:00:00,-6.008339999999976,82.62175800856599,1.0910997349713236,25.0,75.55265
2020-12-04 17:00:00,-6.100869999999986,80.12068926456483,1.0833252203006154,21.0,62.99179
2020-12-04 18:00:00,-5.597939999999994,77.49484524895827,0.9839950929511121,21.0,54.962585
2020-12-04 19:00:00,-5.135229999999979,72.32643804665662,1.0191180701830873,30.0,39.530083
2020-12-04 20:00:00,-4.936069999999972,70.73899940933026,0.9037421810215616,47.0,31.385784
2020-12-04 21:00:00,-4.9973999999999705,69.4804615964272,0.9387069284459407,37.0,34.34527
2020-12-04 22:00:00,-5.151340000000005,68.07493920655577,1.013027782667358,57.0,29.326527
2020-12-04 23:00:00,-5.454019999999957,66.86533646126449,1.0331586308353864,25.0,50.744118
2020-12-05 00:00:00,-5.747199999999964,65.02157193485581,1.1035533959080095,25.0,54.331356
2020-12-05 01:00:00,-5.708399999999983,64.30515786852155,1.0886847625012444,31.0,57.19904
2020-12-05 02:00:00,-5.751199999999983,62.33603164355137,1.079392594587508,40.0,46.51242
2020-12-05 03:00:00,-5.753179999999986,60.80713566251224,1.0245330743507535,42.0,53.711617
2020-12-05 04:00:00,-5.78529999999995,61.193330409032534,0.8926726633130675,46.0,68.27137
2020-12-05 05:00:00,-5.451149999999984,66.244978474267,0.6004740725646777,23.0,90.71187
2020-12-05 06:00:00,-5.063499999999976,67.01917728811972,0.39222857154048163,16.0,127.897766
2020-12-05 07:00:00,-5.816929999999957,79.6546375843631,0.5409565535989863,69.0,161.20187
2020-12-05 08:00:00,-5.483799999999974,79.41510759870533,0.6634635300016423,70.0,160.0884
2020-12-05 09:00:00,-5.644229999999993,82.56801499729887,0.47057261841446174,62.0,138.00688
2020-12-05 10:00:00,-6.01479999999998,83.3612175951441,0.4175379090148941,62.0,87.8712
2020-12-05 11:00:00,-6.280460000000005,81.3034136995999,0.6954098244574076,60.0,59.078598
2020-12-05 12:00:00,-6.809399999999982,76.68977772327506,1.1656593816898522,70.0,34.292763
2020-12-05 23:00:00,-14.060279999999977,65.19391674301423,2.9391253879529766,58.0,27.48462
2020-12-06 00:00:00,-13.831819999999993,64.90409365289453,2.9062445039153073,64.0,28.132458
2020-12-06 01:00:00,-13.725199999999973,63.53416095691919,2.9018485357612893,55.0,28.730352
2020-12-06 02:00:00,-13.963779999999986,64.79023084651934,2.985417804165413,64.0,28.356676
2020-12-06 03:00:00,-14.10794999999996,63.975268704384256,3.0461817261059494,62.0,28.722946
2020-12-06 04:00:00,-12.511899999999969,62.1580201521462,2.81117923574294,77.0,30.309662
2020-12-06 05:00:00,-9.90591999999998,60.38827534287947,2.3651453414614805,78.0,40.511185
2020-12-06 06:00:00,-6.121369999999956,54.536179981028226,1.6576221361761052,85.0,66.62868
2020-12-06 07:00:00,-4.5991599999999835,52.697077144487686,0.9661062620054839,81.0,88.99686
2020-12-06 08:00:00,-4.279149999999959,55.59761461563806,0.8709671857431881,86.0,88.50093
2020-12-06 09:00:00,-4.37045999999998,59.751869521920526,0.9385877182472503,99.0,84.180695
2020-12-06 10:00:00,-5.206949999999949,64.61833099325632,1.2290933922265184,120.0,55.60855
2020-12-06 11:00:00,-6.243749999999977,65.91560765168643,1.6250989568307133,112.0,62.953228
2020-12-06 12:00:00,-7.798379999999952,66.47878852052638,2.0021078466589266,106.0,28.020798
2020-12-06 13:00:00,-8.922519999999963,65.87779375186848,2.233547077242271,108.0,25.936783
2020-12-06 14:00:00,-9.759739999999965,63.7723109243876,2.41253065654762,115.0,26.262333
2020-12-06 15:00:00,-10.400729999999953,61.15847155717662,2.5444679017269958,127.0,26.17693
2020-12-06 16:00:00,-11.497099999999989,60.58416474447426,2.761948509261305,129.0,24.8237
2020-12-06 17:00:00,-12.363869999999963,59.94190251762484,2.9499580021324796,141.0,24.441189
2020-12-06 18:00:00,-13.564030000000002,57.412820761266616,3.2049361279973274,128.0,21.145683
2020-12-06 20:00:00,-13.172579999999982,57.47569838493752,3.136449012599274,57.0,21.140944
2020-12-06 21:00:00,-12.628999999999962,56.09636647312592,3.052809966183994,53.0,20.803352
2020-12-06 22:00:00,-12.308569999999975,55.422564328185636,2.9849125183443435,34.0,22.719856
2020-12-06 23:00:00,-11.825259999999957,54.793158057931926,2.853313905409605,30.0,21.796982
2020-12-07 00:00:00,-11.42659999999995,53.72766190725617,2.7314131579801177,27.0,21.522207
2020-12-07 01:00:00,-11.14322999999996,52.45526757932886,2.583118922635242,22.0,24.553814
2020-12-07 02:00:00,-10.943150000000003,52.27260584825398,2.5002432328079465,25.0,25.234276
2020-12-07 03:00:00,-10.79123999999996,52.40604916950831,2.439279647038668,26.0,26.579885
2020-12-07 04:00:00,-9.242379999999969,47.729352220457606,2.1503090728823566,45.0,34.539505
2020-12-07 05:00:00,-7.658849999999973,46.12585630089903,1.8173648931568063,48.0,85.8627
2020-12-07 06:00:00,-6.29473999999999,48.628482906979166,1.3478270669057661,46.0,93.90555
2020-12-07 07:00:00,-5.312399999999968,51.161807367909184,0.46146577787258036,71.0,88.2657
2020-12-07 08:00:00,-5.213899999999967,52.55655380458905,0.21769655154933185,56.0,104.59304
2020-12-07 09:00:00,-5.328649999999982,54.83136429544749,0.21038778718037193,67.0,97.47684
2020-12-07 10:00:00,-5.506869999999992,53.82335754622326,0.6197204226932661,104.0,58.115448
2020-12-07 11:00:00,-6.78922,54.015425631918305,1.207410478089026,104.0,46.62854
2020-12-07 12:00:00,-8.159369999999967,51.38909694206291,1.6632586988136588,112.0,30.740551
2020-12-07 13:00:00,-8.585969999999975,49.14925626756397,1.7588366417815866,105.0,25.56743
2020-12-07 14:00:00,-9.286599999999964,51.74400889380679,1.9316106661786403,98.0,22.329197
2020-12-07 15:00:00,-8.818099999999959,51.0124692525936,1.8686836733902636,85.0,24.500578
2020-12-07 16:00:00,-8.808019999999999,51.02507059869287,1.8896741307149865,101.0,26.041645
2020-12-07 17:00:00,-8.19226999999995,49.75291518154852,1.8107703003460833,94.0,24.956543
2020-12-07 18:00:00,-6.985359999999957,47.72667935795281,1.6586774756665632,60.0,25.78287
2020-12-07 19:00:00,-6.985079999999982,52.19061001168574,1.668531048140378,57.0,31.895668
2020-12-07 20:00:00,-7.326939999999979,53.87290965461889,1.7043918664995892,49.0,31.682764
2020-12-07 21:00:00,-7.621999999999957,55.309855832575025,1.7249595183217004,46.0,31.431995
2020-12-07 22:00:00,-7.628879999999981,55.78030202209686,1.718246322219511,45.0,23.034868
2020-12-07 23:00:00,-7.823299999999961,57.20662976626426,1.7193489437282152,47.0,32.702904
2020-12-08 00:00:00,-7.711039999999969,57.273237866044504,1.7345791059021234,47.0,40.43705
2020-12-08 01:00:00,-7.461899999999957,56.90390329794059,1.731503852639231,56.0,27.830883
2020-12-08 02:00:00,-8.175329999999974,58.5508949080396,1.8806646808795593,48.0,26.936436
2020-12-08 03:00:00,-8.869599999999991,60.26213397809829,1.9821824206771739,49.0,29.54732
2020-12-08 04:00:00,-7.595299999999952,57.03017195689593,1.8024184582597516,49.0,49.873184
2020-12-08 06:00:00,-4.243499999999983,49.726527714117864,0.7644822324647877,69.0,84.41493
2020-12-08 07:00:00,-3.7423799999999687,50.63407001290919,0.0973874803773576,81.0,98.81673
2020-12-08 08:00:00,-3.41579999999999,51.789580349908704,0.1603908987851827,87.0,97.94002
2020-12-08 09:00:00,-3.441319999999962,53.44215451366463,0.10049870029998648,99.0,90.716446
2020-12-08 10:00:00,-3.7571800000000053,55.17955282894088,0.5544601956574792,101.0,58.12401
2020-12-08 11:00:00,-4.329499999999996,56.48034894354309,1.2894107438154878,98.0,52.49621
2020-12-08 12:00:00,-5.881929999999954,59.17005451373275,1.6900694088256993,61.0,36.87654
2020-12-08 13:00:00,-6.286099999999976,58.36183728907362,1.7900565262139536,71.0,40.48269
2020-12-08 14:00:00,-6.389499999999998,57.31381296480101,1.8481323516442212,78.0,40.20801
2020-12-08 15:00:00,-6.65722999999997,57.60716154882054,1.9190366476129215,75.0,37.229748
2020-12-08 16:00:00,-6.9786699999999655,57.92692456363273,1.9907707676425113,76.0,31.520008
2020-12-08 17:00:00,-7.65564999999998,59.38284533253779,2.1003287280177183,92.0,28.147636
2020-12-08 18:00:00,-8.309499999999957,60.785283059585886,2.2003748784176977,97.0,25.464775
2020-12-08 19:00:00,-6.793919999999957,55.48805223867363,1.925746471746642,95.0,25.338184
2020-12-08 20:00:00,-7.9214000000000055,57.900856488417475,2.0998908765257043,92.0,23.898293
2020-12-08 21:00:00,-9.194860000000006,60.94818440284464,2.3029504269417984,86.0,24.016582
2020-12-08 22:00:00,-10.46139999999997,63.56265282510457,2.5120365853266295,76.0,23.173134
2020-12-08 23:00:00,-10.749239999999986,64.5155578375397,2.568534230858933,72.0,25.239738
2020-12-09 00:00:00,-10.77679999999998,65.80144242567418,2.5833441825672705,71.0,23.58687
2020-12-09 01:00:00,-10.061599999999999,66.36610753272377,2.5316796140101006,75.0,24.74451
2020-12-09 02:00:00,-10.36869999999999,67.75682292118448,2.601490959969671,76.0,22.953316
2020-12-09 03:00:00,-10.070439999999962,66.64547239510227,2.5619448980991004,82.0,22.836145
2020-12-09 04:00:00,-6.94101999999998,58.76567824948475,2.0766160677980463,90.0,25.944431
2020-12-09 05:00:00,-3.4916000000000054,49.966656963989884,1.4117295579030749,102.0,56.447533
2020-12-09 06:00:00,-2.8302999999999656,47.73557722931756,1.0523037233610373,125.0,75.17087
2020-12-09 07:00:00,-1.7734699999999748,48.14456622802362,0.3922113360447931,124.0,86.398506
2020-12-09 08:00:00,-1.5984599999999887,49.30824162177486,0.2732807129893563,129.0,93.03993
2020-12-09 09:00:00,-1.7687399999999798,51.2183121417842,0.2312837681987997,138.0,82.38455
2020-12-09 10:00:00,-2.3479999999999563,53.40199715841707,0.707223962199339,152.0,58.951424
2020-12-09 11:00:00,-3.7865999999999644,56.67877281932111,1.4186812658045433,141.0,42.116642
2020-12-09 12:00:00,-6.071419999999989,59.808184049797084,1.9307195567643898,138.0,32.388004
2020-12-09 13:00:00,-7.675699999999949,60.89355425355357,2.1978862158475105,135.0,30.644955
2020-12-09 14:00:00,-8.65277999999995,60.95520332108375,2.3674661282989464,130.0,27.596228
2020-12-09 15:00:00,-8.983559999999954,59.556083988117415,2.424755718644339,164.0,27.856407
2020-12-09 16:00:00,-8.561469999999986,57.26393047554642,2.344238450439599,189.0,27.53869
2020-12-09 17:00:00,-7.998019999999997,55.1203041919085,2.229762227657846,192.0,26.919834
2020-12-09 19:00:00,-8.00082999999995,54.65860880107093,2.2097154948412703,152.0,25.161787
2020-12-09 20:00:00,-7.501800000000003,51.80881261256739,2.1074212989185046,167.0,25.58465
2020-12-09 21:00:00,-7.685979999999972,51.37273918635117,2.1257615166549377,159.0,24.773647
2020-12-09 22:00:00,-8.183099999999968,52.41771873930599,2.1969199144919345,101.0,21.872192
2020-12-09 23:00:00,-8.650919999999985,54.02787883616665,2.240189747770068,125.0,34.172558
2020-12-10 00:00:00,-9.22059999999999,55.696266522948235,2.3005973305724776,219.0,40.099155
2020-12-10 01:00:00,-9.759860000000003,57.06023489081552,2.371003484022631,222.0,39.735256
2020-12-10 02:00:00,-10.232299999999952,57.602750743789855,2.4353855619818936,202.0,29.804962
2020-12-10 03:00:00,-10.155599999999993,56.819960670826305,2.419521268171925,236.0,28.746315
2020-12-10 04:00:00,-7.485140000000001,50.845491534757286,2.0079191463467296,111.0,43.3896
2020-12-10 05:00:00,-4.26016999999996,44.39545221933401,1.238542641257529,99.0,58.18866
2020-12-10 06:00:00,-3.591769999999997,44.456896668648035,0.8891390623581104,268.0,73.40961
2020-12-10 07:00:00,-3.2128699999999526,47.39449899761415,0.44936827497838844,198.0,93.35641
2020-12-10 09:00:00,-3.154519999999991,49.96628147549949,0.5033861482397187,162.0,87.34764
2020-12-10 10:00:00,-3.4033000000000015,50.48911585001027,0.8869717358940659,164.0,55.08327
2020-12-10 11:00:00,-5.0385499999999865,55.24147936011422,1.4949751424926645,141.0,32.82206
2020-12-10 12:00:00,-6.892799999999966,58.401339022666974,1.9535200945277886,159.0,21.590313
2020-12-10 14:00:00,-9.119299999999953,59.6518863910062,2.332845364122967,200.0,24.799446
2020-12-10 15:00:00,-9.619179999999972,58.95334059657831,2.4158815978061363,184.0,25.02763
2020-12-10 16:00:00,-10.150899999999979,58.465635287490564,2.5178207511754622,136.0,24.916538
2020-12-10 17:00:00,-11.030859999999961,57.47023168328259,2.6704234600285024,147.0,23.978436
2020-12-10 18:00:00,-11.771249999999952,57.07760718062962,2.7964902538016987,160.0,23.40821
2020-12-10 19:00:00,-11.006569999999954,61.67761247900855,2.6745475901415605,168.0,23.102163
2020-12-10 20:00:00,-11.156039999999962,60.38184046816171,2.68532648195228,141.0,22.648497
2020-12-10 21:00:00,-11.497349999999983,59.94914652966644,2.7567523108938747,131.0,23.07034
2020-12-10 22:00:00,-11.18847999999997,58.16130252685468,2.6956063720555123,117.0,26.568012
2020-12-10 23:00:00,-10.654699999999991,55.73238750276078,2.589011681467976,133.0,24.818033
2020-12-11 00:00:00,-10.365329999999972,53.44140498958636,2.5173898579575096,136.0,25.28931
2020-12-11 01:00:00,-10.767679999999984,52.02163331749999,2.5122781987751504,134.0,27.312702
2020-12-11 02:00:00,-10.85129999999998,50.169304069022765,2.502082546488872,108.0,30.11987
2020-12-11 03:00:00,-10.702549999999974,48.27673986611331,2.488405958270644,110.0,36.277855
2020-12-11 04:00:00,-7.7520999999999844,41.56943221774473,2.067964359519005,123.0,59.836617
2020-12-11 05:00:00,-4.632539999999949,35.89409472150516,1.3460428544693888,126.0,80.33496
2020-12-11 06:00:00,-4.029149999999959,36.861952684783205,0.8410485361892811,133.0,99.03122
2020-12-11 07:00:00,-4.1071999999999775,41.408568153631514,0.5674439924994714,139.0,115.47691
2020-12-11 08:00:00,-3.9254499999999553,43.793236014597326,0.4946746990443875,140.0,115.281784
2020-12-11 09:00:00,-3.97909999999996,45.82330735722525,0.5523625721858739,147.0,100.62283
2020-12-11 10:00:00,-4.293199999999956,47.18242349965484,0.8519329340149506,152.0,65.47714
2020-12-11 11:00:00,-5.516999999999996,50.04321166973026,1.4547327589935997,154.0,61.599228
2020-12-11 12:00:00,-7.16029999999995,51.58101151922102,1.8175479238176093,141.0,55.236217
2020-12-13 22:00:00,-12.318179999999984,57.40487118874939,2.1361989110723396,78.0,29.292309
2020-12-13 23:00:00,-13.061219999999992,58.38403059840583,2.238247865230459,78.0,35.458443
2020-12-14 00:00:00,-13.18173999999999,58.24262068665699,2.251033389861077,58.0,39.294296
2020-12-14 01:00:00,-13.21429999999998,58.057887211663136,2.2620829422919475,44.0,40.324375
2020-12-14 02:00:00,-13.312839999999994,57.09311817406824,2.236030397569349,38.0,39.91884
2020-12-14 03:00:00,-13.195899999999995,56.45388816764441,2.2056540693564366,40.0,48.827072
2020-12-14 04:00:00,-10.341250000000002,49.62242846166753,1.7928897660857759,57.0,62.75139
2020-12-14 05:00:00,-8.51541999999995,47.07391251780159,1.1829320477945071,51.0,78.96227
2020-12-14 06:00:00,-7.572000000000003,46.98074650681182,0.7795097262264996,62.0,100.36075
2020-12-14 07:00:00,-6.986429999999984,48.40532746953383,0.19802944672936906,69.0,125.581795
2020-12-14 08:00:00,-6.7620000000000005,49.77441597232946,0.4290602809069332,74.0,157.92964
2020-12-14 09:00:00,-6.859719999999982,51.427444032605855,0.3602314851323027,80.0,146.13887
2020-12-14 10:00:00,-7.229600000000005,53.696176039549115,0.38166902657401425,86.0,76.83128
2020-12-14 11:00:00,-7.946749999999952,55.90280725352786,1.0293470493066668,86.0,66.62785
2020-12-14 12:00:00,-10.086899999999957,60.23729892461627,1.720345349327263,88.0,42.237488
2020-12-14 13:00:00,-11.149879999999996,60.985221258178576,1.9197288243798,86.0,27.78069
2020-12-14 14:00:00,-11.708469999999977,61.420988165836526,2.0324954388693652,87.0,24.395832
2020-12-14 15:00:00,-11.932619999999986,60.28674247023267,2.072978619557821,83.0,25.091076
2020-12-14 16:00:00,-12.074039999999968,57.56498506648789,2.0946123779980774,88.0,25.198915
2020-12-14 17:00:00,-12.386539999999968,55.64371916595433,2.1471637024607726,87.0,23.694912
2020-12-14 18:00:00,-13.378150000000005,55.04642251320761,2.27568226606349,82.0,23.28905
2020-12-14 19:00:00,-12.247230000000002,54.21853753479116,2.1274022460808433,77.0,23.166557
2020-12-14 20:00:00,-12.617699999999957,51.48232184006253,2.1731808872519243,68.0,23.367685
2020-12-14 21:00:00,-12.575400000000002,49.13918635941939,2.1675791980676187,63.0,23.694805
2020-12-14 22:00:00,-12.178629999999998,48.37366083928836,2.0710724585046103,50.0,23.037098
2020-12-14 23:00:00,-11.526769999999999,50.07522552127913,1.946602660985091,43.0,27.577168
2020-12-15 00:00:00,-11.519199999999955,51.37422038278184,1.9350897243665006,33.0,23.92257
2020-12-15 01:00:00,-10.874599999999987,51.281142231127795,1.8306176864476607,28.0,28.078083
2020-12-15 02:00:00,-11.382180000000005,53.17203646316364,1.9298135041290934,38.0,25.538353
2020-12-15 03:00:00,-12.197029999999984,55.60700477963348,2.0492165024736746,29.0,27.532848
2020-12-15 04:00:00,-8.854399999999998,47.922065631447865,1.5344024176672342,32.0,38.44049
2020-12-15 05:00:00,-7.7403999999999655,47.618157886717135,0.8257757279427747,43.0,62.890053
2020-12-15 06:00:00,-6.976169999999968,48.855312408846444,0.364317104457323,58.0,95.47229
2020-12-15 07:00:00,-6.655599999999993,50.2178998001421,0.40542839307750284,60.0,142.37709
2020-12-15 08:00:00,-6.497099999999989,58.109163911779106,0.6195841634682245,70.0,157.12999
2020-12-15 09:00:00,-6.668129999999962,66.77392736309497,0.5050255165340782,71.0,130.29352
2020-12-15 10:00:00,-6.748940000000005,57.9257022827361,0.2714937320552683,75.0,66.25101
2020-12-15 11:00:00,-7.419299999999964,60.160385593877486,0.7023640859125854,80.0,54.66159
2020-12-15 12:00:00,-7.9452,58.534316673420165,1.2942790300979654,78.0,37.11458
2020-12-15 13:00:00,-8.999429999999961,57.57595346361466,1.5122085383456345,78.0,27.762321
2020-12-15 14:00:00,-9.491999999999962,55.339520659146785,1.627435591059509,80.0,30.335392
2020-12-15 15:00:00,-10.432069999999953,55.278792688549615,1.7831561401841034,81.0,30.438473
2020-12-15 16:00:00,-10.810459999999978,54.31335997819436,1.855641745712529,85.0,28.611988
2020-12-15 17:00:00,-11.680899999999951,54.99219612499172,2.00554241872917,83.0,26.774925
2020-12-15 18:00:00,-12.540869999999984,55.81975114103528,2.1374813764558747,83.0,27.176394
2020-12-15 19:00:00,-11.54989999999998,57.95981595463786,2.0469615162378023,81.0,26.843185
2020-12-15 20:00:00,-11.568519999999978,55.022206187243135,2.05762075460126,84.0,24.605267
2020-12-15 21:00:00,-11.982429999999965,53.6317317596604,2.1239207087898575,88.0,24.855259
2020-12-15 22:00:00,-11.923399999999958,52.855735326201305,2.105102893070463,90.0,24.941914
2020-12-15 23:00:00,-11.898399999999981,52.940523598001725,2.0801360079176,76.0,25.835543
2020-12-16 00:00:00,-12.067970000000003,53.621376563683334,2.084807011725884,41.0,26.25026
2020-12-16 01:00:00,-11.910469999999975,53.480598728566065,2.0544462831830894,42.0,27.451153
2020-12-16 02:00:00,-11.961219999999969,53.44928743493117,2.0338714588109763,38.0,25.162407
2020-12-16 04:00:00,-9.615099999999984,47.26007637883376,1.6777802378460087,39.0,31.84335
2020-12-16 05:00:00,-7.962529999999958,45.761050616295485,1.0431408971193152,37.0,53.240986
2020-12-16 06:00:00,-6.990099999999984,47.00692615486668,0.4730248220155869,57.0,77.41693
2020-12-16 07:00:00,-6.519019999999955,47.23543594430664,0.36905955745047075,69.0,107.14493
2020-12-16 08:00:00,-6.583719999999971,64.46590491303373,0.4845017560707288,76.0,111.31488
2020-12-16 09:00:00,-6.380219999999952,60.022207972296876,0.5548263066414744,81.0,104.24429
2020-12-16 10:00:00,-6.477329999999995,50.99931395849049,0.28173351384705814,93.0,57.334885
2020-12-16 11:00:00,-7.205359999999985,53.59733800545898,0.7383699215875936,90.0,33.041782
2020-12-16 12:00:00,-7.808869999999956,54.268863229058574,1.375539012660452,96.0,26.08538
2020-12-16 14:00:00,-9.614299999999957,55.10645142295542,1.7744174325649653,96.0,22.689747
2020-12-16 15:00:00,-10.511269999999968,55.50946793588659,1.9434898604278976,102.0,23.575928
2020-12-16 16:00:00,-11.565560000000005,56.84038840736787,2.114083226521744,101.0,23.292767
2020-12-16 17:00:00,-12.568269999999984,57.452068697291026,2.2767860018254886,101.0,23.486511
2020-12-16 18:00:00,-12.81205,57.32110352049227,2.340142638318994,101.0,22.742933
2020-12-16 19:00:00,-11.673799999999972,57.81903950537004,2.2014674884172716,104.0,22.591038
2020-12-16 20:00:00,-11.847629999999981,56.75408026434566,2.221379823364146,109.0,22.482315
2020-12-16 21:00:00,-12.68832999999995,56.94725489094163,2.338217809317145,97.0,22.873955
2020-12-16 22:00:00,-13.639139999999998,57.105380048538464,2.472923454290725,95.0,25.536709
2020-12-16 23:00:00,-14.83126999999996,57.37278787456042,2.625834495563582,89.0,23.964437
2020-12-17 00:00:00,-16.11663999999996,57.764399040884065,2.8356145899893135,88.0,23.466045
2020-12-17 01:00:00,-17.27291999999997,58.55938477773364,3.0701356261889994,77.0,23.702782
2020-12-17 02:00:00,-18.407579999999967,60.323334689845666,3.2555661414168027,77.0,22.676666
2020-12-17 03:00:00,-18.323609999999974,62.89742203079891,3.253781747922506,62.0,22.931301
2020-12-17 04:00:00,-14.882419999999968,59.41193814868343,2.676110951281312,70.0,26.511753
2020-12-17 05:00:00,-9.499269999999967,51.38850248539335,1.759618870987658,79.0,28.93692
2020-12-17 06:00:00,-6.622230000000002,48.654311159472385,1.0744248902555928,79.0,76.35242
2020-12-17 07:00:00,-6.0697999999999865,53.964472427173526,0.2381838493256722,90.0,88.92749
2020-12-17 08:00:00,-5.505299999999977,50.46917975524942,0.3175468282421648,91.0,94.59517
2020-12-17 09:00:00,-5.34726999999998,50.509591166613326,0.33002955846449994,105.0,92.06105
2020-12-17 10:00:00,-5.5432199999999625,52.17469772877615,0.5499870972260764,104.0,45.681183
2020-12-17 11:00:00,-7.198459999999955,57.34851157543517,1.3963788801426924,99.0,23.640713
2020-12-17 12:00:00,-9.704999999999984,60.382993997021266,2.070764502759138,108.0,19.518599
2020-12-17 13:00:00,-11.426999999999964,60.68518279535622,2.3647854895606515,120.0,21.327988
2020-12-17 14:00:00,-12.982460000000003,61.40533495407639,2.652571080702725,125.0,22.072
2020-12-17 15:00:00,-14.755219999999952,63.22810240640298,2.981511485462414,123.0,21.76123
2020-12-17 16:00:00,-16.243139999999983,64.64890197903253,3.29264503223453,123.0,20.785221
2020-12-17 17:00:00,-16.90817999999996,65.25172662114333,3.5749573363765896,160.0,19.27695
2020-12-17 18:00:00,-17.12143999999995,67.39740997135662,3.8073979043511974,118.0,18.883362
2020-12-17 19:00:00,-16.565529999999967,68.46288583518061,3.800111983727095,127.0,19.036247
2020-12-17 20:00:00,-16.61651999999998,66.38733455393866,3.7506896350021446,135.0,19.419535
2020-12-17 21:00:00,-16.736239999999952,65.58237341579064,3.930899337731599,129.0,19.51566
2020-12-17 22:00:00,-16.515719999999988,64.19303150714227,4.110932275444396,125.0,19.121319
2020-12-17 23:00:00,-15.85696999999999,62.23842353083856,4.225473413513862,121.0,19.85199
2020-12-18 00:00:00,-15.063400000000001,59.90033363172854,4.223850742171041,119.0,19.051105
2020-12-18 01:00:00,-14.141939999999977,58.623283039170204,4.181283343792459,113.0,19.455725
2020-12-18 02:00:00,-13.752539999999954,57.20660703797046,4.206863588809052,123.0,19.257452
2020-12-18 03:00:00,-13.260400000000004,56.40772271466119,4.177701331020725,127.0,19.334692
2020-12-18 04:00:00,-11.196799999999996,57.47653563330925,3.668481015637002,147.0,19.51996
2020-12-18 05:00:00,-8.655370000000005,59.90911995242663,2.8993135016214926,153.0,22.567398
2020-12-18 06:00:00,-6.320619999999963,62.40419081038866,2.056510680080726,193.0,25.861563
2020-12-18 07:00:00,-3.7093999999999596,62.252065762107726,1.3149334403887865,216.0,41.718346
2020-12-18 08:00:00,-2.4303299999999695,54.76493377497698,1.0184012770997999,219.0,93.155624
2020-12-18 09:00:00,-1.6736199999999712,50.91385830981443,0.8551328581869486,221.0,65.0499
2020-12-18 10:00:00,-3.171729999999968,57.99264010461742,1.2547120191324455,216.0,27.030876
2020-12-18 11:00:00,-6.476499999999987,62.40416791208786,2.153617066422288,219.0,20.880268
2020-12-18 12:00:00,-9.35293999999999,60.20910659250109,2.9686309585849497,228.0,21.465082
2020-12-18 13:00:00,-10.98855999999995,57.687541093109004,3.487917560575773,230.0,20.24768
2020-12-18 14:00:00,-11.633899999999983,58.16134228093364,3.839570336038427,239.0,20.199936
2020-12-18 15:00:00,-11.639169999999979,57.73834425057162,4.079149631955072,252.0,20.45013
2020-12-18 16:00:00,-11.340059999999994,56.21222206211688,4.231580568146049,267.0,20.611423
2020-12-18 17:00:00,-11.131199999999978,54.48387835358321,4.394745418986728,284.0,19.878689
2020-12-18 18:00:00,-10.997799999999984,52.950669317688245,4.485845441571777,240.0,19.915585
2020-12-18 19:00:00,-11.496069999999975,55.088678053811705,4.658663932474062,206.0,20.453535
2020-12-18 20:00:00,-11.278099999999995,52.934974979987096,4.613369665270144,154.0,20.142277
2020-12-18 21:00:00,-11.408239999999978,52.502619952734754,4.699458922666832,80.0,20.22961
2020-12-18 22:00:00,-11.323599999999999,51.84209981381391,4.705552774687268,42.0,20.507599
2020-12-19 12:00:00,-5.3415299999999775,60.5497157461543,2.762283140968583,102.0,23.113865
2020-12-19 13:00:00,-6.4284999999999854,59.45452252629795,3.0954823644398943,137.0,21.700123
2020-12-19 14:00:00,-6.353739999999959,59.076561784573556,3.2437587853080645,123.0,21.973888
2020-12-19 15:00:00,-6.086649999999963,58.824821642823956,3.2406922759495895,79.0,21.51672
2020-12-19 16:00:00,-5.858469999999954,58.51048093354317,3.162263804294803,97.0,20.002697
2020-12-19 17:00:00,-5.771339999999952,58.133945839468296,3.267740224714763,67.0,19.665142
2020-12-19 18:00:00,-5.688359999999989,57.841297048005515,3.4305827044228927,32.0,19.486582
2020-12-19 19:00:00,-5.500219999999956,62.21259561202285,3.652805600520774,20.0,18.182032
2020-12-19 20:00:00,-5.071839999999952,61.42536867596929,3.290242327251344,13.0,17.497066
2020-12-19 21:00:00,-4.7743299999999635,61.595769634415035,2.7666423082616665,11.0,19.721405
2020-12-19 22:00:00,-5.230699999999956,60.7880089029404,2.57188177250668,40.0,25.443983
2020-12-19 23:00:00,-5.75509999999997,61.42217503754485,2.464008993619259,39.0,44.50362
2020-12-20 00:00:00,-5.263099999999952,55.56101273752371,2.164797511926962,24.0,35.547592
2020-12-20 01:00:00,-6.3908799999999815,53.74538591744657,2.1478565579022035,24.0,23.801132
2020-12-20 02:00:00,-6.768799999999999,52.631792723425804,2.0642246307264336,25.0,15.966609
2020-12-20 03:00:00,-5.3575799999999845,47.464755212207784,1.7974295709359553,27.0,14.474012
2020-12-20 04:00:00,-4.255959999999959,46.26008809916935,1.5571972289487572,23.0,15.225336
2020-12-20 05:00:00,-3.6456000000000017,49.47449412497718,0.8618788325994438,24.0,22.545506
2020-12-20 06:00:00,-3.3150999999999726,55.82724768287076,0.26080293029019536,66.0,57.581375
2020-12-20 07:00:00,-2.800799999999981,77.58189030460451,0.5879068638379319,59.0,113.57379
2020-12-20 08:00:00,-2.6911999999999807,77.52371220754445,0.7151694194364298,61.0,138.1222
2020-12-20 09:00:00,-3.0553999999999633,83.40023187743836,0.5671384885490491,74.0,118.04518
2020-12-20 10:00:00,-3.5679700000000025,88.77759393104782,0.25488857344075766,52.0,58.318638
2020-12-20 11:00:00,-4.240419999999972,91.6136240066817,0.3201380459728286,39.0,57.25469
2020-12-20 12:00:00,-4.749899999999968,93.74770382204493,0.5582503665976591,35.0,30.73626
2020-12-20 13:00:00,-5.110799999999983,94.88445277015107,0.6734248859567452,46.0,24.875486
2020-12-20 14:00:00,-5.406469999999956,95.3372604682148,0.5898528952782635,21.0,26.33004
2020-12-20 15:00:00,-5.741399999999999,95.27948832175005,0.5599945337542367,28.0,29.53914
2020-12-20 16:00:00,-6.1711199999999735,96.2391554705168,0.6647311528814431,27.0,24.686897
2020-12-20 17:00:00,-6.557559999999967,95.49896264258908,0.7787526124529696,21.0,27.687183
2020-12-20 18:00:00,-6.832429999999988,93.16352368708716,0.6637609971969718,27.0,33.933617
2020-12-20 19:00:00,-6.756399999999985,85.16171104901551,0.5538248106585218,24.0,46.235527
2020-12-20 20:00:00,-6.904099999999971,86.29438991105945,0.30430435404996636,10.0,53.929993
2020-12-20 21:00:00,-7.194919999999968,87.24588772214967,0.2968024010545124,8.0,55.528046
2020-12-20 22:00:00,-7.5926000000000045,87.60104960146738,0.432894324167195,6.0,49.78882
2020-12-20 23:00:00,-7.923000000000002,86.82804782441931,0.46530594142736886,3.0,73.67365
2020-12-21 00:00:00,-8.147559999999999,85.03606015075584,0.5711040753264466,3.0,85.39336
2020-12-21 01:00:00,-8.227800000000002,82.74161385149327,0.5746039670948863,5.0,58.726944
2020-12-21 02:00:00,-8.466219999999964,79.64632468825036,0.7127186811459169,7.0,52.137093
2020-12-21 03:00:00,-9.755650000000003,79.18948083030276,1.214720269625795,8.0,29.565958
2020-12-21 04:00:00,-11.917759999999987,85.22807037577408,1.6478738186430373,12.0,24.737324
2020-12-21 05:00:00,-10.13639999999998,86.36964350937663,1.2346925792947663,23.0,48.167545
2020-12-21 06:00:00,-7.373999999999967,77.36835651626158,0.4945600997899289,20.0,30.720627
2020-12-21 07:00:00,-7.293979999999976,74.16778271716977,0.5095714742436598,19.0,117.685684
2020-12-21 08:00:00,-6.642129999999952,65.84855001424141,0.34809699773622427,23.0,105.515
2020-12-21 09:00:00,-6.474099999999964,68.98176554102461,0.4166832992349739,27.0,119.38008
2020-12-21 10:00:00,-6.4015999999999735,55.30990913128085,0.6842720619849263,30.0,88.96713
2020-12-22 06:00:00,-3.8633499999999685,26.085200487518218,1.452694443982974,176.0,65.25747
2020-12-22 07:00:00,-3.043859999999995,25.92013262217155,0.6972685978787785,114.0,74.49504
2020-12-22 08:00:00,-2.8114699999999857,27.67198707018389,0.6516643910328384,101.0,81.16167
2020-12-22 09:00:00,-2.751929999999959,28.842348769780056,0.6833794911546338,91.0,76.282394
2020-12-22 10:00:00,-3.0523999999999774,30.34967506408384,1.0425210980987467,111.0,46.282215
2020-12-22 11:00:00,-5.288059999999973,38.20998120079231,1.677961927147546,113.0,41.238087
2020-12-22 12:00:00,-7.193519999999978,39.349227015632806,2.1229353094820023,139.0,32.482506
2020-12-22 13:00:00,-8.698579999999993,39.83051650283984,2.388046335860027,137.0,31.029701
2020-12-22 14:00:00,-9.793199999999956,39.38499144461525,2.596781417779931,145.0,27.617271
2020-12-22 15:00:00,-10.889399999999966,39.333434510505676,2.824104704577486,160.0,25.018818
2020-12-22 16:00:00,-11.644419999999968,39.00862948933259,2.9860270780828184,207.0,24.51516
2020-12-22 17:00:00,-12.368259999999964,39.58312687660687,3.1257724663760698,220.0,24.415693
2020-12-22 18:00:00,-12.368799999999965,38.57381565080635,3.123117242612789,186.0,24.016006
2020-12-22 23:00:00,-12.356939999999952,39.7264516220761,3.0928309676056362,76.0,22.446806
2020-12-23 00:00:00,-12.388299999999958,40.40543679301304,3.072331898149345,82.0,22.903408
2020-12-23 01:00:00,-12.436679999999967,41.047987585181865,3.0505230220667476,56.0,22.870998
2020-12-23 02:00:00,-12.37582999999995,41.29095696411191,3.0180509586608424,129.0,22.929947
2020-12-23 03:00:00,-12.410619999999994,41.75070726218593,3.032672022597356,146.0,23.321161
2020-12-23 05:00:00,-7.749599999999987,37.23065154534948,2.2248961898832404,215.0,23.984169
2020-12-23 06:00:00,-4.521829999999966,32.81018672477175,1.5764142214081933,234.0,26.630634
2020-12-23 07:00:00,-1.883299999999963,31.146360501394376,0.691733233872112,198.0,55.684597
2020-12-23 08:00:00,-1.3937399999999798,31.56206708472752,0.3607651723574353,190.0,70.135864
2020-12-23 13:00:00,-7.729529999999954,43.957577668223315,2.2401807988299787,259.0,22.37196
2020-12-23 14:00:00,-8.548039999999958,44.1285778789293,2.3805391973151817,305.0,23.192287
2020-12-23 15:00:00,-8.923699999999997,43.83933484709668,2.4439207034107215,285.0,23.16463
2020-12-23 16:00:00,-9.483339999999998,44.42050947998564,2.532775767621723,294.0,23.278044
2020-12-23 17:00:00,-10.281229999999994,46.04520443769544,2.6587556996904413,280.0,23.114948
2020-12-23 18:00:00,-11.479219999999998,49.29859063641444,2.8663054836990316,297.0,23.313396
2020-12-23 19:00:00,-9.639869999999974,47.246165760039275,2.671198023327874,273.0,23.409332
2020-12-23 20:00:00,-9.872599999999977,48.70666210770712,2.6576226674763967,262.0,23.560694
2020-12-23 21:00:00,-10.183449999999993,50.248910608446266,2.6812822318080376,268.0,23.620289
2020-12-23 22:00:00,-10.643839999999955,51.291484112492725,2.7411470410587246,253.0,24.694408
2020-12-23 23:00:00,-10.814859999999953,51.583546148785935,2.7355797895303344,248.0,23.63927
2020-12-24 00:00:00,-10.964999999999975,51.43696667443115,2.723597642263538,256.0,23.183876
2020-12-24 01:00:00,-10.438819999999964,49.53218834471937,2.6191848148674732,226.0,23.964296
2020-12-24 02:00:00,-9.207369999999969,45.710915758700274,2.3773155043433074,251.0,23.88636
2020-12-24 03:00:00,-8.989229999999964,46.35973878083156,2.2930699641075876,337.0,24.72864
2020-12-24 04:00:00,-8.55374999999998,48.0212663679497,2.205995687057148,181.0,24.473267
2020-12-24 05:00:00,-6.510049999999978,47.904355775776615,1.7778779910653317,310.0,25.780672
2020-12-24 06:00:00,-4.039619999999957,47.602605325860765,1.2638798537053315,287.0,66.420044
2020-12-24 07:00:00,-1.6221699999999828,47.858249998473646,0.582375472581151,281.0,82.316605
2020-12-24 08:00:00,-1.2942299999999705,47.008230086837294,0.41450752932579993,230.0,87.70686
2020-12-24 09:00:00,-1.3520299999999565,46.805615184337476,0.3848841675892586,167.0,77.34897
2020-12-24 10:00:00,-1.6943699999999922,47.31377049886279,0.5592098038620367,129.0,38.808426
2020-12-24 11:00:00,-3.3491599999999835,52.85878954878852,1.3271266255919978,111.0,27.135872
2020-12-24 12:00:00,-4.782299999999964,54.03985854621504,1.797155587677942,180.0,26.443302
2020-12-24 13:00:00,-6.545099999999991,55.63582817997167,2.1381703960358935,330.0,28.726511
2020-12-24 14:00:00,-8.173439999999971,56.65149411096328,2.46892532277399,286.0,25.423742
2020-12-24 15:00:00,-9.334749999999985,56.88814296643055,2.7213825814805603,156.0,24.498116
2020-12-24 16:00:00,-10.682199999999966,58.461072049988886,3.0316007343503273,97.0,23.796818
2020-12-24 17:00:00,-11.61081999999999,59.44962348367757,3.2551396268253026,80.0,21.567951
2020-12-24 18:00:00,-12.325229999999976,60.535013871619505,3.4052212357380394,128.0,21.99115
2020-12-24 19:00:00,-11.795079999999984,61.052907985343,3.3273034803164454,156.0,22.241444
2020-12-24 20:00:00,-10.448459999999955,58.54136174856566,3.033697538559322,210.0,21.795877
2020-12-24 21:00:00,-9.431619999999953,57.21778612970214,2.8768333459843376,140.0,22.440544
2020-12-24 22:00:00,-9.561069999999972,57.738417626644555,2.9401907514586054,167.0,20.102446
2020-12-24 23:00:00,-10.203469999999982,57.66267038735208,3.062856793933019,240.0,21.632303
2020-12-25 00:00:00,-10.06129999999996,55.55109368114564,3.012711443767395,222.0,20.108406
2020-12-25 01:00:00,-9.972080000000005,54.60402742678974,3.0338636722794843,139.0,19.988811
2020-12-25 02:00:00,-10.31723999999997,55.28746708818618,3.1233276340917713,247.0,19.662762
2020-12-25 03:00:00,-10.048249999999996,54.11842357752635,3.0585085868439115,266.0,19.653008
2020-12-25 05:00:00,-4.7697,47.706134425945,2.069878644298803,257.0,23.064455
2020-12-25 06:00:00,-1.9858999999999583,44.52584421260763,1.5060532011973422,190.0,28.24046
2020-12-25 07:00:00,0.683680000000038,40.00736441918197,0.43721862410969914,127.0,62.289032
2020-12-25 08:00:00,0.9527199999999993,41.46650066997918,0.32744839162132483,99.0,73.31944
2020-12-25 09:00:00,0.9487500000000182,43.6619711348408,0.3592804080657883,110.0,73.1992
2020-12-25 10:00:00,0.6394999999999982,47.46795986600545,0.6904883765872767,119.0,39.13336
2020-12-25 11:00:00,-1.5218999999999596,59.696581773270346,1.4437585152861037,165.0,21.355667
2020-12-25 12:00:00,-3.7124999999999773,61.41409673421904,2.0963544254828785,234.0,24.112843
2020-12-25 13:00:00,-5.243599999999958,60.677592872254635,2.45077793051978,251.0,24.584612
2020-12-25 14:00:00,-6.058869999999956,59.78963182539753,2.5759792970617,253.0,24.624813
2020-12-25 15:00:00,-7.532929999999965,62.14517624515719,2.8370981513061615,272.0,24.504263
2020-12-25 16:00:00,-8.335699999999974,63.44986820018469,2.957344361117538,276.0,23.831871
2020-12-25 17:00:00,-8.962619999999959,63.92870352062617,3.0789104161120506,277.0,22.81646
2020-12-25 18:00:00,-8.936069999999972,62.87014195739164,3.0191131429848537,277.0,20.211739
2020-12-25 19:00:00,-8.222719999999981,63.40027752267243,2.9155080431719753,253.0,19.442719
2020-12-25 20:00:00,-6.846599999999967,59.05996440763312,2.516361134898726,206.0,21.592747
2020-12-25 21:00:00,-6.606699999999989,58.94042285962503,2.405943279870955,171.0,25.00483
2020-12-25 22:00:00,-6.8018599999999765,60.67230060925386,2.413717233022321,142.0,24.505756
2020-12-25 23:00:00,-6.709270000000004,61.97175985379283,2.3571712588742675,68.0,25.697338
2020-12-26 00:00:00,-6.360699999999952,61.300706668462055,2.241480705214953,46.0,26.964172
2020-12-26 01:00:00,-6.128029999999967,60.12550164987764,2.0480576876398215,44.0,29.9368
2020-12-26 02:00:00,-6.136329999999987,60.96441354215751,1.999494263765956,45.0,44.027504
2020-12-26 03:00:00,-6.202249999999992,62.35973832189265,1.9519060133996537,79.0,51.1343
2020-12-26 04:00:00,-5.618749999999977,63.86176523153611,1.7587119760760248,76.0,54.11013
2020-12-26 05:00:00,-4.2060599999999795,65.29113789280191,1.3883913813979607,82.0,59.139053
2020-12-26 06:00:00,-2.658179999999959,69.32741988130539,0.922932307031466,85.0,66.84512
2020-12-26 07:00:00,-1.995999999999981,75.18926091866842,0.28369597751849285,85.0,82.30322
2020-12-26 08:00:00,-1.6809399999999641,74.81649512096197,0.3993332489211677,111.0,119.684555
2020-12-26 09:00:00,-1.695259999999962,76.02983626245287,0.3427439942504377,112.0,129.16946
2020-12-26 10:00:00,-2.1377599999999575,80.02729605853142,0.3269827159218819,111.0,77.466415
2020-12-26 11:00:00,-3.334699999999998,86.2595859888649,0.8685695312101923,124.0,64.37713
2020-12-26 12:00:00,-4.518299999999954,84.21262457971778,1.1547951972619137,134.0,56.13618
2020-12-26 13:00:00,-4.865199999999959,80.8864473503083,1.2855980633160906,149.0,55.505783
2020-12-26 14:00:00,-5.968699999999956,80.65679194757686,1.5063795661918522,133.0,58.111927
2020-12-26 15:00:00,-6.678349999999966,79.03847224078082,1.6496430874132773,209.0,54.596348
2020-12-26 16:00:00,-6.830969999999979,75.31962018501275,1.7070155849376267,199.0,40.619427
2020-12-26 17:00:00,-7.209270000000004,72.90809027893712,1.8149757011782588,134.0,31.13879
2020-12-26 18:00:00,-7.867219999999975,72.25428539481115,1.9484044608687232,122.0,23.77296
2020-12-26 19:00:00,-12.610140000000001,82.13113196951613,2.844772833659755,108.0,20.527353
2020-12-26 20:00:00,-13.34499999999997,82.98901608735818,3.273852754132507,90.0,20.34607
2020-12-26 21:00:00,-13.123719999999992,80.99489537984246,3.361196973340606,59.0,22.040089
2020-12-26 22:00:00,-12.88961999999998,79.42241262496121,3.1344563428025802,47.0,20.369751
2020-12-26 23:00:00,-12.989659999999958,78.25158014339628,2.8731068165276925,53.0,21.781044
2020-12-27 00:00:00,-12.766329999999982,76.05782046219488,2.6492004350152434,47.0,22.386744
2020-12-27 01:00:00,-12.163499999999999,71.8686620595988,2.486451992899917,39.0,22.80843
2020-12-27 02:00:00,-12.091129999999964,68.97579999397662,2.498944771758113,41.0,23.387543
2020-12-27 03:00:00,-12.001800000000003,66.65192401588426,2.5017256097967655,46.0,24.468573
2020-12-27 04:00:00,-8.790999999999997,58.15573743232908,2.0185416372480653,42.0,28.244919
2020-12-27 05:00:00,-5.2993999999999915,50.00845103793774,1.1211526049093774,57.0,60.51332
2020-12-27 06:00:00,-4.6209499999999935,50.39991302003183,0.18910706350361672,67.0,99.62756
2020-12-27 07:00:00,-5.025059999999996,74.02869666288619,0.4882831131555811,88.0,134.23857
2020-12-27 08:00:00,-4.574159999999949,65.69049714688978,0.29205906125069175,83.0,139.42267
2020-12-27 09:00:00,-4.801429999999982,69.28257299549409,0.41651546397350414,81.0,118.98865
2020-12-27 10:00:00,-5.267599999999959,78.53964125253898,0.19337813644789967,89.0,72.31282
2020-12-27 11:00:00,-5.901099999999985,70.65384728397221,0.7221188506988808,73.0,45.288452
2020-12-27 12:00:00,-7.596000000000004,70.96401420549562,1.5046683862656995,90.0,32.81444
2020-12-27 13:00:00,-7.970429999999965,65.80684927313003,1.6394716331926222,131.0,28.61053
2020-12-27 14:00:00,-8.266459999999995,61.59440513183589,1.6974581782689215,135.0,26.24474
2020-12-27 15:00:00,-9.453219999999988,59.29721766765339,1.9031408116854986,136.0,25.713737
2020-12-27 16:00:00,-11.035559999999975,57.56044838523369,2.1564471903943563,69.0,25.690022
2020-12-27 17:00:00,-11.57056,54.357576931985705,2.262778625639238,87.0,24.85758
2020-12-27 18:00:00,-11.39883999999995,49.57406641027927,2.264330018575433,138.0,24.35929
2020-12-27 19:00:00,-10.234049999999968,43.90172863135911,2.1955420530299454,129.0,24.848307
2020-12-27 21:00:00,-9.39645999999999,33.424804509372514,2.1417433980644485,139.0,26.399017
2020-12-27 22:00:00,-8.862649999999974,27.969234055994537,2.1225996836342764,178.0,29.752518
2020-12-27 23:00:00,-10.31699999999995,28.943949170761698,2.320969420335951,155.0,26.270592
2020-12-28 00:00:00,-11.085519999999974,30.034989751445316,2.441159869954977,143.0,26.464436
2020-12-28 01:00:00,-12.12982999999997,31.11682796002176,2.5498931269902685,155.0,25.053013
2020-12-28 02:00:00,-13.780699999999968,33.73463671315759,2.7740171924420816,194.0,23.753536
2020-12-28 03:00:00,-14.656039999999962,34.529629197943784,2.9547651704460374,203.0,23.026596
2020-12-28 04:00:00,-12.58359999999999,31.9574984583574,2.6756299303030255,216.0,21.82877
2020-12-28 05:00:00,-8.43811999999997,27.89091189766591,2.003375872493069,224.0,24.831541
2020-12-28 06:00:00,-4.920869999999979,24.30480067295136,1.2520018475155936,214.0,46.28444
2020-12-28 07:00:00,-3.444369999999992,35.60060143132563,0.4625785841329506,185.0,73.63194
2020-12-28 08:00:00,-2.6652599999999893,35.88484731381989,0.3325350064936853,208.0,80.906494
2020-12-28 09:00:00,-2.359229999999968,37.81266016196688,0.313431786865604,229.0,81.99513
2020-12-28 10:00:00,-2.6721000000000004,41.09221760712415,0.6816419340224686,199.0,54.123367
2020-12-28 11:00:00,-5.463660000000004,53.952124216977786,1.592139441862795,183.0,30.72409
2020-12-28 12:00:00,-8.009069999999952,57.82121383373214,2.2215943505362743,163.0,26.144306
2020-12-28 13:00:00,-10.146829999999966,60.69690651178028,2.607178200653125,218.0,26.18295
2020-12-28 14:00:00,-11.770729999999958,61.63831797508477,2.8817395394863348,199.0,25.939615
2020-12-28 15:00:00,-13.217870000000005,60.55898983562268,3.151664441489175,205.0,24.332912
2020-12-28 16:00:00,-14.271219999999971,58.10657026555644,3.357925676049248,210.0,22.717815
2020-12-28 17:00:00,-14.664829999999995,54.45934338826713,3.4019232017768903,157.0,22.171665
2020-12-28 18:00:00,-14.226969999999994,48.760264900715526,3.2606169962769593,110.0,22.464346
2020-12-28 19:00:00,-11.39041999999995,36.69428535709362,2.761520614151886,98.0,23.375477
2020-12-28 20:00:00,-9.244669999999985,29.93601188027735,2.3928313860305535,102.0,24.139519
2020-12-28 21:00:00,-8.87967999999995,27.734012245599924,2.32426662305465,100.0,25.090961
2020-12-28 22:00:00,-9.310639999999978,27.747102226398702,2.3633143887773227,82.0,24.520226
2020-12-28 23:00:00,-10.147069999999985,30.014092084568173,2.448236659263171,85.0,21.85772
2020-12-29 00:00:00,-10.080849999999998,31.202770042974485,2.4355830718818523,69.0,22.913498
2020-12-29 01:00:00,-9.388829999999984,31.48251724425831,2.404839667345518,57.0,25.50153
2020-12-29 02:00:00,-9.121399999999994,32.5189437554105,2.405544922780732,58.0,24.532011
2020-12-29 03:00:00,-9.341529999999977,34.410025594160274,2.444889644047743,55.0,24.877655
2020-12-29 04:00:00,-6.7047000000000025,31.50267849294894,2.0066090544011934,68.0,28.326065
2020-12-29 05:00:00,-4.0603399999999965,28.120976156588437,1.2681855566599185,84.0,33.947693
2020-12-29 06:00:00,-3.2847399999999993,28.40046787576295,0.6916912367025789,104.0,54.782303
2020-12-29 07:00:00,-2.818330000000003,52.80004544285361,0.11770459198224893,142.0,69.456924
2020-12-29 08:00:00,-2.716700000000003,59.57888566305375,0.3863731055976241,151.0,77.40863
2020-12-29 09:00:00,-2.9163299999999595,63.384136695713536,0.40459774597314635,149.0,81.12227
2020-12-29 10:00:00,-3.1384599999999523,61.71947418972874,0.12839010002708529,142.0,47.871628
2020-12-29 11:00:00,-3.9058599999999615,64.63498168817968,0.8849716036157798,142.0,19.418728
2020-12-29 12:00:00,-5.349459999999965,66.29823921283905,1.5330114923669949,141.0,18.100672
2020-12-29 13:00:00,-7.035739999999976,67.10328852900282,1.9098388978492427,143.0,21.357637
2020-12-29 14:00:00,-8.419399999999996,66.64527021301099,2.193517249345236,135.0,20.914837
2020-12-29 15:00:00,-9.499429999999961,65.63106105914767,2.4167830868835485,151.0,21.456886
2020-12-29 16:00:00,-10.870149999999967,65.7376128216784,2.6708687248846377,163.0,21.059032
2020-12-29 17:00:00,-12.24661999999995,66.5137127111522,2.9353309777160383,166.0,22.53008
2020-12-29 18:00:00,-13.406349999999975,68.54023792095504,3.1995166356100118,154.0,20.091318
2020-12-29 19:00:00,-12.365729999999985,69.46155742813534,2.880793428172166,168.0,18.011143
2020-12-29 20:00:00,-13.085999999999956,70.51905904558565,2.8804119741384304,167.0,17.796354
2020-12-29 21:00:00,-14.85687999999999,72.01307484493705,3.3177217396165837,155.0,18.231348
2020-12-29 22:00:00,-15.092629999999986,71.14268494294903,3.595880052714751,150.0,16.857994
2020-12-29 23:00:00,-14.737039999999979,69.16606761284179,3.6150365998324676,157.0,19.533825
2020-12-30 00:00:00,-14.563019999999995,66.5919082245036,3.6441231769846927,153.0,18.73153
2020-12-30 01:00:00,-14.3981,64.24600558820568,3.724073517638482,166.0,19.704315
2020-12-30 05:00:00,-6.769259999999974,44.27332877687923,1.6911635709087898,200.0,27.276394
2020-12-30 06:00:00,-4.162329999999997,47.92596261196193,0.8280108309094357,203.0,71.77043
2020-12-30 07:00:00,-3.522739999999999,44.91235827077544,0.46312776275034007,237.0,106.1068
2020-12-30 08:00:00,-3.3431999999999675,48.430373558621476,0.4770514053913382,286.0,147.7428
2020-12-30 09:00:00,-3.3632299999999873,51.084607780927996,0.4131349257874271,290.0,148.19467
2020-12-30 10:00:00,-3.552979999999991,48.7950132525325,0.15869968265264806,249.0,65.50902
2020-12-30 11:00:00,-5.5035499999999615,57.575399297124676,1.0258492884526562,233.0,55.7694
2020-12-30 12:00:00,-6.81269999999995,54.135507545286906,1.7137625110920154,229.0,30.585558
2020-12-30 13:00:00,-8.78222999999997,56.1923549193244,2.0541326916688614,226.0,28.70551
2020-12-30 22:00:00,-14.267549999999972,53.88373240000935,2.7998339084104615,136.0,26.98752
2020-12-30 23:00:00,-14.584699999999998,53.772609964227144,2.802238482570079,106.0,31.02525
2020-12-31 00:00:00,-15.170259999999985,54.24554493263127,2.882634666078101,102.0,30.083889
2020-12-31 01:00:00,-16.219949999999983,55.65375333434579,3.0647472690449047,102.0,30.497807
2020-12-31 02:00:00,-17.137669999999957,57.06630357875367,3.2443944461406433,107.0,28.072466
2020-12-31 03:00:00,-17.224219999999974,57.65392534327882,3.272910097501512,117.0,30.376097
2020-12-31 04:00:00,-14.515719999999988,56.5770052416081,2.8628499577258038,121.0,37.22737
2020-12-31 05:00:00,-9.273869999999988,51.64297025413502,2.001064483513129,131.0,53.70986
2020-12-31 06:00:00,-5.494599999999991,51.12034363005192,1.2896592182169957,140.0,79.09732
2020-12-31 07:00:00,-4.1614399999999705,55.02062027971506,0.3256832630009564,171.0,96.10054
2020-12-31 08:00:00,-3.914699999999982,58.250821476169946,0.19615174790384432,158.0,113.730286
2020-12-31 09:00:00,-3.7356999999999516,53.27787056174115,0.17083056049008216,169.0,104.79903
2020-12-31 10:00:00,-4.023899999999969,51.894270584392835,0.324321319635456,162.0,72.1637
2020-12-31 11:00:00,-5.764499999999998,57.30946939704368,1.171113030972343,173.0,41.547344
2020-12-31 12:00:00,-7.405299999999954,53.669223562280976,1.806070024259598,173.0,28.974604
2020-12-31 13:00:00,-8.87976999999995,51.382251875397984,2.07788286858749,171.0,31.116285
2020-12-31 14:00:00,-10.38718,50.70764058611892,2.3454162865270454,171.0,29.940645
2020-12-31 15:00:00,-10.860019999999963,48.79097232938433,2.410680947847447,165.0,31.315434
2020-12-31 16:00:00,-11.20089999999999,48.27410169463642,2.432677080019841,169.0,33.743782
2020-12-31 22:00:00,-9.604559999999992,38.93165252655763,2.12536576324931,185.0,24.405483
