datetime,temp_c,rh,wind,pm25,blh
2020-01-01 00:00:00,-7.428099999999972,76.21382582891546,3.557382468887983,17.0,21.24501
2020-01-01 01:00:00,-7.933969999999988,73.68787919002988,3.661014954890772,19.0,20.336502
2020-01-01 02:00:00,-8.039919999999995,71.02979527772305,3.7807496739242006,21.0,18.531557
2020-01-01 03:00:00,-8.335879999999975,68.45032443033632,3.8323613770696374,20.0,19.896873
2020-01-01 04:00:00,-7.636449999999968,66.96847489591656,3.6156409786083743,25.0,20.291458
2020-01-01 05:00:00,-6.403359999999964,64.13765349788419,3.0638784578250897,24.0,19.948395
2020-01-01 06:00:00,-2.974649999999997,53.09826118789939,2.2412871877021674,31.0,20.861801
2020-01-01 07:00:00,1.3500000000000227,39.4183154042206,1.648579988412549,27.0,21.227982
2020-01-01 08:00:00,2.5769000000000233,38.07295484016934,0.9490356805568975,18.0,47.768127
2020-01-01 09:00:00,2.875820000000033,38.99298926754076,0.8849867808008237,22.0,53.453995
2020-01-01 10:00:00,2.7895000000000323,38.920221037039624,1.3216026898871458,26.0,41.571335
2020-01-01 11:00:00,2.479120000000023,37.63011304125147,1.8535063183758538,27.0,32.458405
2020-01-01 12:00:00,-0.4622599999999579,41.662607004310225,2.3268681925821864,33.0,28.77948
2020-01-01 13:00:00,-3.6269999999999527,45.83515380761049,2.855292450089129,78.0,27.99765
2020-01-01 14:00:00,-6.459699999999998,49.70495239596642,3.3689890445200947,49.0,22.349655
2020-01-01 15:00:00,-8.308499999999981,52.47038863585466,3.7434184594922697,74.0,20.235931
2020-01-01 16:00:00,-9.152299999999968,51.7422815070548,3.9992950615182106,59.0,20.004059
2020-01-01 17:00:00,-9.437599999999975,49.70750684552205,4.253309426615444,36.0,19.759518
2020-01-01 18:00:00,-9.56863999999996,48.76981652106435,4.481594436946991,32.0,19.787342
2020-01-01 19:00:00,-10.348549999999989,55.08651296959745,5.094334750705326,30.0,19.335804
2020-01-01 20:00:00,-9.307349999999985,51.40046445842985,4.8880742937366275,20.0,18.899368
2020-01-01 21:00:00,-8.699869999999976,49.65973096364429,4.758098773819784,20.0,18.409975
2020-01-01 22:00:00,-8.799599999999998,47.434317748663815,4.747636942066129,19.0,17.82589
2020-01-01 23:00:00,-8.79343,46.21992270155036,4.687851415586465,18.0,17.591576
2020-01-02 00:00:00,-8.794069999999977,46.209573992360454,4.638891372653958,20.0,17.812376
2020-01-02 01:00:00,-8.952799999999968,45.422677831477706,4.627973807306024,24.0,17.975216
2020-01-02 02:00:00,-9.021149999999977,45.38556431564457,4.6226185581127766,21.0,17.940128
2020-01-02 03:00:00,-9.209659999999985,44.37420150819066,4.598676893705933,34.0,18.528528
2020-01-02 04:00:00,-8.440999999999974,45.95158319462588,4.31556561811858,25.0,18.883732
2020-01-02 05:00:00,-7.022220000000004,48.10371295840649,3.8428458729313393,23.0,18.96725
2020-01-02 06:00:00,-4.550759999999968,41.816865172803915,3.24644172514784,163.0,18.847904
2020-01-02 07:00:00,1.828450000000032,37.29384078255449,2.096346963369702,70.0,21.765213
2020-01-02 08:00:00,4.831140000000005,28.457934836443226,1.12099292436391,82.0,29.2398
2020-01-02 09:00:00,4.6839200000000005,29.977689962259305,0.9949546615708025,78.0,46.259575
2020-01-02 10:00:00,4.170000000000016,32.79224954668097,0.9999253547162203,92.0,28.311188
2020-01-02 11:00:00,3.6176700000000324,33.56123741149908,1.3862884156813848,125.0,25.859756
2020-01-02 12:00:00,3.176780000000008,32.54351226562541,1.5663451211024964,116.0,27.285172
2020-01-02 13:00:00,2.8431600000000117,32.16752963812854,1.582486716656342,121.0,21.234188
2020-01-02 14:00:00,2.541650000000004,31.576555978499293,1.5106211248719184,155.0,21.275513
2020-01-02 15:00:00,2.028530000000046,31.309849494658465,1.6330132152935841,167.0,23.541264
2020-01-02 16:00:00,1.7402000000000157,30.383142449091814,1.537730236967281,124.0,21.291939
2020-01-02 17:00:00,1.5523600000000215,29.914830268822385,1.2929129689872985,126.0,15.191586
2020-01-02 18:00:00,1.3271400000000426,31.008532478262236,1.1694216734019522,144.0,14.184037
2020-01-02 19:00:00,1.2978500000000395,27.784106115571596,1.656805276156004,82.0,13.9240675
2020-01-02 20:00:00,1.1084800000000428,28.2555113111544,1.7122765970584382,59.0,13.897598
2020-01-02 21:00:00,1.0328300000000468,28.296319808190646,1.4305406891573864,44.0,13.488111
2020-01-02 22:00:00,0.7675399999999968,29.070216051323044,1.3809985200245083,55.0,16.624916
2020-01-02 23:00:00,0.49447000000003527,28.98602324202202,1.3599741191798944,31.0,22.719265
2020-01-03 00:00:00,0.36678000000000566,28.142459649675768,1.387159903847318,27.0,28.963413
2020-01-03 01:00:00,0.10763000000002876,26.8924238727605,1.2652717978633274,23.0,20.713125
2020-01-03 02:00:00,-0.40622999999999365,25.70511515204424,1.390613238888353,33.0,11.943071
2020-01-03 03:00:00,-0.7391700000000014,25.96298115725003,1.6901393001803964,36.0,11.914748
2020-01-03 04:00:00,-0.6613999999999578,27.803552230737232,1.6277545514949912,10.0,15.346752
2020-01-03 05:00:00,-0.33987999999999374,32.48192926065697,1.038456285715449,9.0,18.253002
2020-01-03 06:00:00,0.09152000000000271,39.70689397847704,0.5329251566746123,9.0,54.905823
2020-01-03 07:00:00,-0.22732999999999493,46.90409069913016,0.7231848163506511,8.0,89.0133
2020-01-03 08:00:00,0.10560000000003811,50.93759365307126,0.8336572532297685,9.0,119.02779
2020-01-03 09:00:00,0.2673000000000343,55.122350422656346,0.8465112585611605,11.0,121.80609
2020-01-03 10:00:00,-0.0006999999999948159,59.57952439117314,0.5386854673855492,10.0,55.645927
2020-01-03 11:00:00,-0.3272999999999797,62.49905976520008,0.8619425592011073,14.0,27.264774
2020-01-03 12:00:00,-1.3610599999999522,63.91860695568945,1.8854979767534614,9.0,24.334124
2020-01-03 13:00:00,-6.442299999999989,71.51279088196651,2.730526417547959,13.0,20.304356
2020-01-03 14:00:00,-8.740149999999971,69.51476307167442,3.1045675206013956,10.0,21.81555
2020-01-03 15:00:00,-10.430199999999957,71.85439267853678,3.325511245100767,11.0,21.388466
2020-01-03 16:00:00,-11.061559999999986,73.22035142360343,3.4124901560529937,13.0,20.582767
2020-01-03 17:00:00,-11.384829999999965,73.28905542968295,3.5332063817783723,11.0,20.610382
2020-01-03 18:00:00,-11.635659999999973,73.41122887813039,3.602204516606621,9.0,17.335377
2020-01-03 19:00:00,-9.57791999999995,73.2059484739319,3.182638581400072,10.0,15.573256
2020-01-03 20:00:00,-10.101229999999987,74.12856589184655,3.183281925910636,10.0,15.379706
2020-01-03 21:00:00,-10.175399999999968,74.18642355712151,3.172016687240219,12.0,15.470199
2020-01-03 22:00:00,-10.335759999999993,74.37250224623718,3.188600624859296,10.0,16.155716
2020-01-03 23:00:00,-10.41134999999997,74.81734364423258,3.186168080224827,9.0,15.237961
2020-01-04 00:00:00,-10.388999999999953,75.84855122585569,3.178387652492581,12.0,16.035946
2020-01-04 01:00:00,-10.526039999999966,77.03384118281043,3.2347137987189902,9.0,15.807166
2020-01-04 02:00:00,-10.81717999999995,77.39754087404933,3.299341254314651,11.0,16.60083
2020-01-04 03:00:00,-11.552769999999953,78.94882349163414,3.4982275870495205,11.0,15.841322
2020-01-04 04:00:00,-10.824439999999981,78.32977292597243,3.257783628542689,31.0,16.130184
2020-01-04 05:00:00,-8.260779999999954,74.8953109869704,2.7226170377212715,32.0,16.779743
2020-01-04 06:00:00,-2.201759999999979,58.51375732972392,1.7887953443362032,21.0,17.250107
2020-01-04 07:00:00,0.371400000000051,51.27756515577683,0.8778014710052846,22.0,36.542313
2020-01-04 08:00:00,0.8071000000000481,55.44297200055715,0.6152322987541612,25.0,98.787476
2020-01-04 09:00:00,0.7049800000000346,60.00171273724669,0.6695830833784333,53.0,110.202255
2020-01-04 10:00:00,0.39587000000000216,61.73357427537778,1.331268856152568,77.0,55.74095
2020-01-04 11:00:00,-0.8822399999999675,61.87614736169492,1.9035074305191588,77.0,38.917343
2020-01-04 12:00:00,-2.5258499999999913,60.5551167502526,2.227783711913405,117.0,28.58603
2020-01-04 13:00:00,-6.081999999999994,64.82382906328287,2.8381457105336363,90.0,22.724854
2020-01-04 14:00:00,-9.356539999999995,72.28813576570413,3.5343807270758933,65.0,23.50827
2020-01-04 15:00:00,-10.322029999999984,75.15297044895964,3.8755701303708427,63.0,23.653374
2020-01-04 16:00:00,-10.576819999999998,73.91541288373686,4.048371824598333,41.0,24.765862
2020-01-04 17:00:00,-10.426799999999957,72.68159183230806,4.084894786349138,31.0,24.154621
2020-01-04 18:00:00,-10.011969999999963,71.9041085851434,4.019427363912897,25.0,22.927937
2020-01-04 19:00:00,-10.275239999999997,71.68501710830988,4.246841857450546,18.0,21.795044
2020-01-04 20:00:00,-9.87179999999995,70.5964994190687,4.078463001302633,19.0,20.930128
2020-01-04 21:00:00,-9.686099999999954,69.19493104526839,4.024232217081096,21.0,20.086462
2020-01-04 22:00:00,-9.751199999999983,67.8362179620948,3.9674284333338736,18.0,18.64259
2020-01-04 23:00:00,-9.579700000000003,67.0562671859712,3.8799468007384132,19.0,18.264015
2020-01-05 00:00:00,-9.564499999999953,66.41082488475512,3.83754259061747,19.0,17.44542
2020-01-05 01:00:00,-9.774659999999983,65.92229118719031,3.8415326364188034,14.0,17.015957
2020-01-05 02:00:00,-9.770939999999996,65.46892242924628,3.858855084995415,15.0,17.495255
2020-01-05 03:00:00,-10.042849999999987,65.25752250095579,3.930875608530156,27.0,18.74951
2020-01-05 04:00:00,-9.550999999999988,66.64379795281751,3.726748399298526,58.0,20.127956
2020-01-05 05:00:00,-8.231419999999957,66.88203259398999,3.322158355397182,41.0,21.235615
2020-01-05 06:00:00,-4.349429999999984,56.28605225025209,2.5924585873199004,36.0,22.022263
2020-01-05 07:00:00,1.6677999999999997,36.54008056410915,1.639135043457329,60.0,25.203888
2020-01-05 08:00:00,3.1601200000000063,32.41585532678227,0.9935498071329492,67.0,69.7498
2020-01-05 09:00:00,3.4272700000000214,34.30903610145491,1.0199504052740023,46.0,84.01309
2020-01-05 10:00:00,3.147670000000005,35.88845810260161,1.1378563462053983,51.0,60.90001
2020-01-05 11:00:00,2.6053700000000504,35.85771767278438,1.282577046408164,82.0,40.856094
2020-01-05 12:00:00,1.9727400000000443,34.23469039105201,2.0660656890238354,161.0,39.38066
2020-01-05 13:00:00,-3.7874499999999784,40.86193458792247,2.8582759318328828,145.0,28.869751
2020-01-05 14:00:00,-7.58239999999995,46.55527029426704,3.417473048734578,196.0,18.141397
2020-01-05 15:00:00,-10.625499999999988,57.437548617473055,3.8153738875537653,140.0,16.2179
2020-01-05 16:00:00,-11.785469999999975,63.712997704356496,3.981930292798034,116.0,15.950771
2020-01-05 17:00:00,-12.041999999999973,63.815365116581894,4.053400050635896,87.0,15.894407
2020-01-05 18:00:00,-12.138649999999984,62.80696727619433,4.065519131377509,59.0,15.9910965
2020-01-05 19:00:00,-12.382299999999987,62.707856573196175,4.092888764487885,80.0,15.623099
2020-01-05 20:00:00,-12.303229999999985,61.057310951598694,3.9950554374243947,72.0,15.6281805
2020-01-05 21:00:00,-12.336829999999964,60.139842498101075,3.9715575406991466,69.0,15.773458
2020-01-05 22:00:00,-12.483199999999954,59.50733740396437,3.9584280626416213,60.0,16.499668
2020-01-05 23:00:00,-12.663639999999987,59.23592887696234,4.005001315717438,38.0,15.737595
2020-01-06 00:00:00,-12.62867,59.763942818457615,4.008386369553991,37.0,15.312262
2020-01-06 01:00:00,-12.41859999999997,59.78164829065784,3.961436997697706,35.0,15.263903
2020-01-06 02:00:00,-12.048959999999965,59.416346955223275,3.8833625470593285,35.0,15.4994
2020-01-06 03:00:00,-11.536720000000003,59.60759344835203,3.8091108170268573,43.0,16.033121
2020-01-06 04:00:00,-9.573679999999968,61.49656748896998,3.449267609388244,39.0,17.315311
2020-01-06 05:00:00,-6.3035600000000045,58.29954824834515,2.8928616172874433,34.0,18.559502
2020-01-06 06:00:00,0.9330700000000434,37.35144347159926,1.9329883244996497,34.0,19.860617
2020-01-06 07:00:00,2.836080000000038,26.5349688887238,0.7003996798668604,39.0,27.903824
2020-01-06 08:00:00,3.2757799999999975,25.52433762322057,0.6544714959248882,95.0,62.94879
2020-01-06 09:00:00,3.2448400000000106,27.843104579746374,1.0136141414087618,105.0,103.11607
2020-01-06 10:00:00,2.656500000000051,30.896205605557093,1.5155147828082451,158.0,59.72682
2020-01-06 11:00:00,0.8727400000000216,37.409439811170095,2.037381802397131,134.0,65.963776
2020-01-06 12:00:00,-1.7355699999999956,48.699935293071974,2.2570105647573784,100.0,70.64577
2020-01-06 13:00:00,-0.7582199999999943,50.1054973015212,1.9359813784965108,111.0,40.201538
2020-01-06 14:00:00,-0.19387999999997874,51.98736343951066,1.2787174478385672,99.0,47.746407
2020-01-06 15:00:00,-1.1587999999999852,59.44067051244071,0.6043109021278398,122.0,29.068546
2020-01-06 16:00:00,-1.659029999999973,63.89110918608807,0.5383893233985504,84.0,18.589447
2020-01-06 17:00:00,-2.2818999999999505,65.85063599822313,1.3021038014453417,88.0,13.23735
2020-01-06 18:00:00,-2.7099699999999984,65.72715189324762,1.8044651071598061,73.0,13.691376
2020-01-06 19:00:00,-2.494299999999953,66.66676343340049,1.2656294079396624,63.0,17.633324
2020-01-06 20:00:00,-2.921359999999993,68.5927744142,1.792581556736075,43.0,21.969475
2020-01-06 21:00:00,-2.9989400000000046,69.15921379105605,1.7419304466401004,41.0,22.95601
2020-01-06 22:00:00,-3.1971999999999525,72.91265926646489,1.556205099344521,72.0,17.120018
2020-01-06 23:00:00,-3.502999999999986,77.42245746185866,1.3313405795824602,55.0,12.390184
2020-01-07 00:00:00,-3.8725299999999834,81.95755543878026,1.4270900649884115,49.0,16.695929
2020-01-07 01:00:00,-4.180979999999977,84.54786036343648,1.4022411399318253,63.0,19.494888
2020-01-07 02:00:00,-4.252419999999972,86.6188266814827,1.3084834479618697,59.0,18.922535
2020-01-07 03:00:00,-4.261049999999955,88.57261036246567,1.1226421555070987,41.0,15.616322
2020-01-07 04:00:00,-4.212319999999977,90.31026867169656,0.9694529596142908,40.0,15.139849
2020-01-07 05:00:00,-3.867649999999969,90.042816438669,0.8472042469109967,69.0,28.764973
2020-01-07 06:00:00,-3.707369999999969,90.54097504488566,1.087146984625156,41.0,57.645245
2020-01-07 07:00:00,-3.775729999999953,89.66198617161633,1.1491379108314395,74.0,104.39874
2020-01-07 08:00:00,-3.785829999999976,88.37509340616593,1.357106543847329,82.0,135.32492
2020-01-07 09:00:00,-3.8539199999999596,88.06717138889437,1.4221980768300035,69.0,137.56927
2020-01-07 10:00:00,-3.762239999999963,88.3876455350357,1.3203868849849805,59.0,119.56555
2020-01-07 11:00:00,-4.04219999999998,89.95447960474081,1.3628339526470128,43.0,90.01282
2020-01-07 12:00:00,-4.765969999999982,92.01476009897392,1.6253841997215928,58.0,67.84198
2020-01-07 13:00:00,-5.085239999999999,91.51614146637945,1.7157987254686753,44.0,68.99246
2020-01-07 14:00:00,-5.035499999999956,89.98437420215758,1.6840551954653542,39.0,66.92749
2020-01-07 15:00:00,-5.108979999999974,88.8699878623995,1.7628997385923568,49.0,66.35478
2020-01-07 16:00:00,-5.269499999999994,87.73533656815079,1.8415478797360394,51.0,64.08919
2020-01-07 17:00:00,-5.425199999999961,86.36933728230436,1.8864090973468348,49.0,62.31357
2020-01-07 18:00:00,-6.360539999999958,86.33696842343291,2.018172590054034,57.0,60.087036
2020-01-07 19:00:00,-7.907079999999951,88.87697097507626,2.2777783728871954,54.0,60.139282
2020-01-07 20:00:00,-8.329199999999958,88.5734262475186,2.291259959780736,58.0,61.2679
2020-01-07 21:00:00,-7.864969999999971,86.1883783442506,2.185962882887404,37.0,58.73015
2020-01-07 22:00:00,-6.3752999999999815,82.32626838888606,1.95822808954674,28.0,75.30722
2020-01-07 23:00:00,-6.3254799999999705,82.87998490307594,1.8303316095436395,24.0,56.79193
2020-01-08 00:00:00,-6.636599999999987,84.38613743431645,1.858052591188291,21.0,50.98349
2020-01-09 00:00:00,-6.825749999999971,76.61847840355294,1.0491103692666945,38.0,29.857925
2020-01-09 01:00:00,-6.9085999999999785,74.00457548942927,1.090903131751101,38.0,22.462234
2020-01-09 02:00:00,-6.87473,71.43922292036092,1.3053791864692808,37.0,18.525497
2020-01-09 03:00:00,-6.921849999999949,69.92369769721098,1.5254747169531546,35.0,20.203737
2020-01-09 04:00:00,-6.578769999999963,67.7474029875491,1.5339538587805768,39.0,20.845173
2020-01-09 05:00:00,-5.860500000000002,63.27845000941717,1.2288852081780879,32.0,19.421234
2020-01-09 06:00:00,-4.956029999999998,59.736523295857005,0.5588412792084884,37.0,26.646057
2020-01-09 07:00:00,-3.8356699999999933,48.43344626513919,0.5519011565680062,38.0,53.58589
2020-01-09 08:00:00,-3.3038999999999987,49.60629832016109,0.6050316270427138,78.0,68.897156
2020-01-09 09:00:00,-2.7252599999999916,49.62906138504016,0.729635902733387,124.0,68.85887
2020-01-09 10:00:00,-2.655460000000005,50.36694889000605,0.7368659515419925,115.0,43.18921
2020-01-09 11:00:00,-2.8916699999999764,51.28229201569423,0.919160739500788,86.0,44.649307
2020-01-09 12:00:00,-3.100999999999999,50.879996406828454,1.2103928786228448,157.0,34.44893
2020-01-09 13:00:00,-3.2277599999999893,48.21868075748602,1.59130446074568,212.0,30.909836
2020-01-09 14:00:00,-3.199929999999995,45.0272148685672,1.7675259907391048,154.0,29.247879
2020-01-09 15:00:00,-3.581099999999992,42.98133685519229,1.9694137110434875,135.0,25.73375
2020-01-09 16:00:00,-4.444529999999986,42.88680891635181,2.178541887074134,167.0,26.29486
2020-01-09 17:00:00,-6.518899999999974,44.902601947969856,2.498761507150969,168.0,27.343933
2020-01-09 18:00:00,-7.663799999999981,44.554445662564724,2.688639606352866,319.0,25.190186
2020-01-09 19:00:00,-4.332830000000001,34.54549011772102,2.2159249168900956,363.0,20.12445
2020-01-09 20:00:00,-4.600599999999986,34.20599258517024,2.2462384838008087,367.0,19.90862
2020-01-09 21:00:00,-7.278719999999964,38.121788999194564,2.6530808454065764,78.0,20.913822
2020-01-09 22:00:00,-8.563449999999989,40.43046112325606,2.9597127179103717,48.0,21.251762
2020-01-09 23:00:00,-8.83789999999999,41.05826311036801,3.0595823847089636,27.0,19.481674
2020-01-10 00:00:00,-9.592749999999967,43.30358366776411,3.2858321574961673,27.0,19.720516
2020-01-10 01:00:00,-10.127869999999973,45.91224077465456,3.551783560687284,15.0,20.214394
2020-01-10 02:00:00,-10.795999999999992,49.1763218655108,3.7337118709296457,39.0,19.098888
2020-01-10 03:00:00,-10.80401999999998,53.223049813037406,3.7793643286286347,27.0,19.045
2020-01-10 04:00:00,-9.483159999999998,55.71691980285503,3.5379410249385392,48.0,19.5124
2020-01-10 05:00:00,-5.596349999999973,49.57167681086226,2.898277906868381,72.0,19.775087
2020-01-10 06:00:00,2.02170000000001,30.649783424896054,1.7385972677018289,155.0,21.684977
2020-01-10 07:00:00,2.635400000000004,33.70745438139265,1.5969257405862483,304.0,20.059738
2020-01-10 08:00:00,3.5166300000000206,31.279047298790548,0.48995958265161554,118.0,25.168854
2020-01-10 09:00:00,3.7637000000000285,31.51216491078587,0.5319478167912083,64.0,39.869812
2020-01-10 10:00:00,3.8106300000000033,31.868782221092996,1.1085703101585658,103.0,43.243057
2020-01-10 11:00:00,3.593500000000006,31.417724238802638,1.6100997466530234,114.0,34.835907
2020-01-10 12:00:00,2.7638200000000097,31.29719897065562,2.0141558643642097,50.0,32.630966
2020-01-10 13:00:00,-1.2638999999999783,38.27971599559744,2.566001291448202,64.0,28.367813
2020-01-10 14:00:00,-4.095299999999952,46.952516648865135,3.032998968971261,57.0,23.68634
2020-01-10 15:00:00,-7.396519999999953,58.608585203403536,3.666821820072847,40.0,22.649551
2020-01-10 16:00:00,-9.327599999999961,68.60839310925928,3.986298931588033,33.0,22.85553
2020-01-10 17:00:00,-9.683779999999956,69.99562963365881,4.127398830900497,29.0,22.343369
2020-01-10 18:00:00,-9.755529999999965,69.82325560389762,4.180484927949599,28.0,22.795975
2020-01-10 19:00:00,-9.70353,67.24989012111993,4.616871142455997,26.0,23.976715
2020-01-10 20:00:00,-9.509919999999966,66.6465812698092,4.5566261622765865,21.0,23.216614
2020-01-10 21:00:00,-9.638599999999997,66.30715846245566,4.605825775056844,21.0,21.548338
2020-01-10 22:00:00,-9.659519999999986,66.5306750226456,4.582045060840412,39.0,20.986984
2020-01-10 23:00:00,-9.588599999999985,67.03313021203681,4.488807077040548,14.0,19.449238
2020-01-11 00:00:00,-9.585549999999955,66.83349162419687,4.388035336235922,17.0,18.337046
2020-01-11 01:00:00,-9.696139999999957,67.09031119418019,4.376894836950399,17.0,18.722736
2020-01-11 02:00:00,-9.750999999999976,67.70887881285415,4.4014878330857465,17.0,19.917618
2020-01-11 03:00:00,-9.751929999999959,68.07671893295777,4.4550149113285835,20.0,21.459873
2020-01-11 04:00:00,-8.707499999999982,68.15460210634369,4.192787327440675,37.0,23.282486
2020-01-11 05:00:00,-7.176799999999957,67.94302879335642,3.6778100744595204,31.0,23.081787
2020-01-11 06:00:00,-4.0902999999999565,61.35454386065763,3.014064826268727,22.0,23.1566
2020-01-11 07:00:00,-1.4997599999999807,59.09164568352186,2.6209831215614234,26.0,23.659332
2020-01-11 08:00:00,4.950919999999996,37.51455385421963,1.6512156143364956,20.0,38.28337
2020-01-11 09:00:00,5.81844000000001,34.147609944814626,1.2336320651544714,27.0,66.49028
2020-01-11 10:00:00,5.435200000000009,35.25191103176761,1.5020959065980612,88.0,71.18858
2020-01-11 11:00:00,4.849420000000009,36.26514608798813,1.5103616354924303,134.0,51.96057
2020-01-11 12:00:00,4.2369600000000105,36.74367168754096,1.5418400151964826,100.0,42.46878
2020-01-11 13:00:00,3.8538800000000037,36.6339352405291,1.577177630562756,101.0,40.64157
2020-01-11 14:00:00,3.514060000000029,36.85911736455234,1.5996059479155795,57.0,36.69757
2020-01-11 15:00:00,3.3810700000000224,36.98909185038835,1.1726218969820885,39.0,32.1333
2020-01-11 16:00:00,3.131370000000004,37.73375419397679,0.8693505766518106,31.0,23.554375
2020-01-11 17:00:00,2.677880000000016,39.216045977820485,1.1386874954109696,42.0,24.290472
2020-01-11 18:00:00,2.2221000000000117,40.39799012106942,0.8991934530235026,31.0,31.92043
2020-01-11 19:00:00,2.6868800000000306,35.16614019669164,1.221024952532912,35.0,30.094948
2020-01-11 20:00:00,2.445640000000026,35.25504284301733,1.4192346868368282,34.0,29.715338
2020-01-11 21:00:00,2.3600400000000263,35.45768471881421,0.987193547613892,34.0,27.908583
2020-01-11 22:00:00,2.2725000000000364,35.78462508598906,1.0303138372780816,74.0,27.153118
2020-01-11 23:00:00,2.2172199999999975,36.29796833257533,0.8260139028986014,89.0,23.024803
2020-01-12 00:00:00,1.9614799999999946,37.53536886285896,1.0222157356806114,82.0,21.289555
2020-01-12 01:00:00,1.2426399999999944,38.94411263352481,1.4211957146072456,34.0,18.508717
2020-01-12 02:00:00,0.7513000000000147,40.66370490873942,1.612350413592856,21.0,23.670364
2020-01-12 03:00:00,0.5784000000000447,41.39235237250816,1.3468919462544016,32.0,28.092407
2020-01-12 04:00:00,0.6344200000000342,41.468769950886646,1.2336958547225176,22.0,26.388535
2020-01-12 05:00:00,1.0954800000000091,40.77847787799745,0.589608978844725,32.0,19.003311
2020-01-12 06:00:00,1.5506500000000187,40.06923952272246,0.5943662472849066,27.0,62.647614
2020-01-12 07:00:00,2.6007299999999987,41.35316819214181,1.1115550698989716,111.0,99.52008
2020-01-12 08:00:00,2.782920000000047,42.94283499361617,1.1758472559118474,58.0,124.55945
2020-01-12 09:00:00,2.5922800000000166,44.903870605631155,1.2388769619344284,51.0,117.66106
2020-01-12 10:00:00,2.2626600000000394,46.71642167217577,1.2299889941141589,96.0,73.62436
2020-01-12 11:00:00,1.730130000000031,49.19899497156114,1.3327002961182233,115.0,62.206085
2020-01-12 12:00:00,1.1918600000000197,50.94744396790235,1.4537559015062689,124.0,35.525238
2020-01-12 13:00:00,0.9454600000000255,51.84813504740889,1.302450258381213,186.0,33.79584
2020-01-12 14:00:00,0.6235000000000355,53.82827319773682,1.2729380503561285,117.0,28.826555
2020-01-12 15:00:00,0.4796400000000176,54.9272511068396,1.0874869612068598,121.0,16.699783
2020-01-12 16:00:00,0.4399700000000166,55.42650635966518,0.5051095690192365,167.0,13.899833
2020-01-12 17:00:00,0.054220000000043456,58.11092809978606,0.2618749094690335,193.0,18.748531
2020-01-12 18:00:00,-0.22024999999996453,60.61525197636491,0.3415893052939733,134.0,27.939884
2020-01-12 19:00:00,0.13052000000004682,56.73778769939432,1.0086625386655215,157.0,34.94931
2020-01-12 20:00:00,-0.332650000000001,60.2465267127264,0.9210364495177876,117.0,34.054047
2020-01-12 21:00:00,-0.7453399999999988,64.07961909057386,0.8303667448242847,46.0,28.62896
2020-01-12 22:00:00,-1.285379999999975,68.95328083002732,0.9041512161616405,47.0,28.28501
2020-01-12 23:00:00,-1.9607999999999493,74.84996215374002,1.1910305400678785,53.0,32.333252
2020-01-13 00:00:00,-2.2156699999999887,78.17586666928139,1.1355697477568776,38.0,26.809826
2020-01-13 01:00:00,-2.493499999999983,80.11653877102843,0.8025515854104831,32.0,25.269382
2020-01-13 02:00:00,-2.399939999999958,81.01950007106001,0.4957264586712737,31.0,27.92532
2020-01-13 03:00:00,-2.429239999999993,82.87806815768536,0.3675277535464863,32.0,26.531141
2020-01-13 04:00:00,-2.2361799999999903,83.40883904527122,0.34463739513820507,37.0,26.129028
2020-01-13 05:00:00,-2.0346700000000055,85.20342432872408,0.5504126259305847,38.0,61.475677
2020-01-13 06:00:00,-1.8413999999999646,87.77165950380169,0.9700912348303345,50.0,110.95059
2020-01-13 07:00:00,-3.291999999999973,93.23747359009215,1.6300765126981556,60.0,153.06789
2020-01-13 08:00:00,-3.334699999999998,94.13072137762246,1.8849013283682226,42.0,187.76045
2020-01-13 09:00:00,-3.5213999999999714,94.8201333611481,1.6695300394803383,50.0,164.79926
2020-01-13 10:00:00,-3.778849999999977,95.71789101742962,1.5442738947784984,56.0,134.43712
2020-01-13 11:00:00,-3.8549600000000055,96.4988042937024,1.3438896379633007,63.0,102.24672
2020-01-13 12:00:00,-3.641459999999995,96.98452701888652,1.1700030790209786,75.0,81.29918
2020-01-13 13:00:00,-4.604469999999992,97.5524220861122,1.4116190315646073,74.0,64.21956
2020-01-13 14:00:00,-4.610500000000002,96.25661282031292,1.2557218039771867,96.0,46.29364
2020-01-13 15:00:00,-5.129429999999957,96.05120635277312,1.3892168651964816,102.0,49.893127
2020-01-13 16:00:00,-5.184179999999969,95.35513925710816,1.2847819218863457,96.0,33.554493
2020-01-13 17:00:00,-5.297579999999982,95.48295731587726,1.0778347686398781,85.0,24.909756
2020-01-13 18:00:00,-5.713169999999991,95.75224434629241,1.147746230804985,148.0,32.509975
2020-01-13 19:00:00,-5.747659999999996,95.67494079781041,0.69051894859763,94.0,46.228233
2020-01-13 20:00:00,-5.974279999999965,95.56832969982531,0.7534365325727841,69.0,44.875603
2020-01-13 21:00:00,-6.1311999999999784,95.41608000719332,0.7697715677722882,81.0,41.317192
2020-01-13 22:00:00,-6.244759999999985,94.271534053289,0.930064548446083,77.0,52.821945
2020-01-13 23:00:00,-6.730869999999982,94.44547722084218,1.038988589816299,67.0,57.978718
2020-01-14 00:00:00,-7.4970500000000015,95.34907539391402,1.0427606813544301,62.0,45.999554
2020-01-14 01:00:00,-7.091619999999978,93.11931040594695,1.131319591532049,101.0,34.711376
2020-01-14 02:00:00,-6.657999999999959,89.48384741384321,0.735669079814207,105.0,27.89981
2020-01-14 03:00:00,-6.418979999999976,87.27527620927796,0.5972507243660434,111.0,24.519245
2020-01-14 04:00:00,-5.910199999999975,83.34110704566363,0.624960358435395,120.0,35.090363
2020-01-14 05:00:00,-5.349459999999965,79.76741764553502,0.6759171544173601,158.0,50.172913
2020-01-14 06:00:00,-4.650919999999985,76.60469926555352,1.0452051034882102,110.0,94.04814
2020-01-14 07:00:00,-4.724069999999983,79.18704983014635,1.4075673096598755,238.0,129.53445
2020-01-14 08:00:00,-4.223429999999951,78.01896353806845,1.4316803280601227,188.0,145.88606
2020-01-14 09:00:00,-4.3048,77.79783284105913,1.5275623345787506,82.0,148.39038
2020-01-14 10:00:00,-4.232029999999952,77.30131179707638,1.5608989592451203,91.0,134.91777
2020-01-14 11:00:00,-4.781229999999994,78.94411233695514,1.6865806486526076,75.0,115.955
2020-01-14 12:00:00,-6.232029999999952,84.14857473435504,1.8742410123111928,80.0,86.07034
2020-01-14 13:00:00,-7.531129999999962,88.50360702210162,2.0326417442014346,88.0,68.71651
2020-01-14 14:00:00,-7.3947,88.33964515232583,1.9079259139823752,93.0,54.90277
2020-01-14 15:00:00,-6.726479999999981,86.95404511049523,1.7438626224624743,105.0,39.357346
2020-01-14 16:00:00,-6.245199999999954,83.7799233018405,1.6800442103944409,100.0,29.135483
2020-01-14 17:00:00,-5.615669999999966,79.69634579598096,1.3428914788353068,86.0,25.971527
2020-01-14 18:00:00,-5.604529999999954,78.11582598199442,1.2265134156398547,96.0,25.530258
2020-01-14 19:00:00,-5.051369999999963,78.08114702573482,0.7915324108856756,99.0,25.340958
2020-01-14 20:00:00,-5.252719999999954,77.37537924258262,1.2916632570983662,91.0,25.111237
2020-01-14 21:00:00,-5.300669999999968,75.3086307157314,1.3455679687628912,49.0,25.54979
2020-01-14 22:00:00,-5.509559999999965,75.42633246346374,1.4133154820948826,50.0,30.29274
2020-01-14 23:00:00,-5.746299999999962,74.51365977047062,1.5681852071483424,40.0,26.580124
2020-01-15 00:00:00,-5.607460000000003,71.10271087186076,1.5370408697319828,25.0,23.77008
2020-01-15 01:00:00,-4.957799999999963,68.91199018434865,1.5190351467928056,23.0,23.682648
2020-01-15 02:00:00,-4.839579999999955,66.35140028623144,1.6213243486338105,27.0,27.582474
2020-01-15 03:00:00,-4.817719999999952,64.25231471788722,1.6926597922558695,65.0,28.736115
2020-01-15 04:00:00,-4.364969999999971,60.96792782775803,1.668238861500012,35.0,26.583405
2020-01-15 05:00:00,-3.2841999999999985,58.79221876715731,0.662625160092789,61.0,28.386887
2020-01-15 06:00:00,-2.993539999999996,61.0898529704314,0.1741893603297846,102.0,46.017548
2020-01-15 07:00:00,-2.436800000000005,66.23081709273401,0.7910258246897145,58.0,89.06676
2020-01-15 08:00:00,-2.181919999999991,68.61598332958192,0.8944961514600651,53.0,125.76915
2020-01-15 09:00:00,-2.0832599999999957,70.54185522779255,1.03029162647482,43.0,133.4952
2020-01-15 10:00:00,-2.2927999999999997,73.26838673289865,0.9060814476445564,36.0,84.436066
2020-01-15 11:00:00,-2.837439999999958,79.1214625934971,0.409299914134898,32.0,74.439606
2020-01-15 12:00:00,-3.1675199999999677,85.79978405589519,0.5683617569317934,56.0,46.973495
2020-01-15 13:00:00,-5.773259999999993,96.90240364741074,1.83982037122387,94.0,50.07773
2020-01-15 14:00:00,-5.706519999999955,96.14236591240396,1.927070046039658,34.0,42.86444
2020-01-15 15:00:00,-6.270299999999963,96.73983233907558,1.9808907122134856,56.0,38.605515
2020-01-15 16:00:00,-6.421899999999994,96.93981643595653,1.9909893315510785,59.0,51.869278
2020-01-15 17:00:00,-5.240099999999984,95.90627785106447,1.7006635155747356,75.0,52.275513
2020-01-15 18:00:00,-5.379899999999964,95.943650984307,1.6828585928859086,68.0,40.046616
2020-01-15 19:00:00,-4.789829999999995,95.8825353713381,1.4216370354684873,66.0,40.917404
2020-01-15 20:00:00,-5.024630000000002,96.18857285498645,1.5034504738497496,51.0,39.413345
2020-01-15 21:00:00,-5.310679999999991,95.99901923886199,1.5859531917087375,39.0,37.379517
2020-01-15 22:00:00,-5.44766999999996,94.35849339832873,1.693013948390322,42.0,34.147736
2020-01-15 23:00:00,-6.212130000000002,94.1384333594235,1.792034801359031,50.0,42.552185
2020-01-16 00:00:00,-6.097719999999981,93.04998563656672,1.7581343979755928,34.0,43.64183
2020-01-16 01:00:00,-6.545869999999979,92.82440703472056,1.8111567720088864,23.0,39.69748
2020-01-16 02:00:00,-6.1404,91.12902530172117,1.7110388323041679,29.0,36.625473
2020-01-16 03:00:00,-5.743259999999964,89.94555976627274,1.443613114649711,38.0,37.232483
2020-01-16 04:00:00,-5.614629999999977,88.64250721101517,1.1102154023397446,54.0,46.77649
2020-01-16 05:00:00,-5.1616599999999835,86.87417209205111,0.43831240382143477,50.0,71.31343
2020-01-16 06:00:00,-4.837130000000002,86.33452879703127,0.42499879802860224,47.0,83.96855
2020-01-16 07:00:00,-4.925149999999974,87.72290607195858,1.1809211764631964,42.0,134.10979
2020-01-16 08:00:00,-5.032870000000003,88.0254862500608,1.4120009567928495,43.0,178.35551
2020-01-16 09:00:00,-5.262059999999963,89.0152143744414,1.6064247893033998,48.0,160.99579
2020-01-16 10:00:00,-5.427599999999984,90.84956402233925,1.5447383571837174,43.0,152.2884
2020-01-16 11:00:00,-5.610629999999958,93.7632127986148,1.3537684192690158,45.0,100.15723
2020-01-16 12:00:00,-5.664829999999995,95.1452069119857,1.2662310365777771,38.0,59.198044
2020-01-16 13:00:00,-6.095129999999983,94.9354717404337,1.3336458585765452,41.0,38.775833
2020-01-16 14:00:00,-6.331999999999994,92.96207712603551,1.53208397200317,37.0,26.805496
2020-01-16 15:00:00,-6.45886999999999,88.01667956105797,1.7013448610892796,56.0,24.36766
2020-01-16 16:00:00,-6.359719999999982,83.1638657554147,1.6750901297350396,105.0,20.629702
2020-01-16 17:00:00,-7.091399999999965,81.4925767778933,1.876289590359649,68.0,17.779419
2020-01-16 18:00:00,-9.231599999999958,82.17401759698937,2.2043016059801324,56.0,16.533253
2020-01-16 19:00:00,-7.9827999999999975,81.55639173670737,2.036836546190426,56.0,17.285473
2020-01-16 20:00:00,-8.31899999999996,78.7646171671292,2.135641730573857,50.0,21.377922
2020-01-16 21:00:00,-10.682439999999986,79.12541625174218,2.6153894293741513,44.0,21.450218
2020-01-16 22:00:00,-12.781529999999975,76.61918451934329,3.135081933097358,62.0,18.872307
2020-01-16 23:00:00,-14.593879999999956,73.31709102252611,3.625236671847086,53.0,18.17525
2020-01-17 00:00:00,-14.975799999999992,68.56961783245504,4.216550486999993,50.0,18.546616
2020-01-17 01:00:00,-15.016099999999994,63.96381194153365,4.533666837524272,46.0,19.124008
2020-01-17 02:00:00,-14.890879999999981,61.44923291085479,4.640984341323084,38.0,18.620886
2020-01-17 03:00:00,-14.58299999999997,59.35855459212256,4.668007865023808,31.0,18.319824
2020-01-17 04:00:00,-13.424229999999966,58.31073781758345,4.445209556350553,34.0,18.104794
2020-01-17 05:00:00,-11.90994999999998,57.228919160156295,4.0925746011280975,30.0,17.80717
2020-01-17 06:00:00,-10.65186,56.55412602758161,3.6269921141378,41.0,18.249363
2020-01-17 07:00:00,-2.6123699999999985,27.495559643246168,1.6644227540362033,44.0,18.093964
2020-01-17 08:00:00,-1.3618999999999915,27.12792248012828,0.7845504996936631,34.0,25.376495
2020-01-17 09:00:00,-1.1881999999999948,30.185772485562666,0.8287818947655748,33.0,53.351807
2020-01-17 10:00:00,-1.3155999999999608,31.59913705202934,0.7733944300354332,52.0,36.63118
2020-01-17 11:00:00,-1.5375399999999786,32.16967191779386,1.278731514479388,141.0,28.66838
2020-01-17 12:00:00,-2.1588499999999726,32.12167553835895,1.9447018183636076,116.0,22.603088
2020-01-17 13:00:00,-4.494419999999991,33.42450249149621,2.39929175229902,86.0,18.611738
2020-01-17 14:00:00,-6.944529999999986,34.57654720328335,2.7257533929961184,79.0,18.980762
2020-01-17 15:00:00,-8.787149999999997,35.260651032619116,2.992014342493625,56.0,19.272268
2020-01-17 16:00:00,-8.54831999999999,32.61447615922265,2.9144694317841218,58.0,19.532873
2020-01-17 17:00:00,-7.556799999999953,29.29560977684035,2.7261255963080515,64.0,19.905567
2020-01-17 18:00:00,-7.397040000000004,27.773105106883474,2.7058735725921843,52.0,20.102873
2020-01-17 19:00:00,-10.385899999999992,27.041423491321783,3.308226228023911,33.0,19.311125
2020-01-17 20:00:00,-8.818459999999959,23.599484230153095,3.0027136083367494,90.0,18.690704
2020-01-17 21:00:00,-7.551119999999969,21.336428889956125,2.8055965551978232,37.0,18.40545
2020-01-17 22:00:00,-6.918859999999995,20.37362053575903,2.750890747254806,38.0,20.991947
2020-01-17 23:00:00,-6.685829999999953,19.752955737846293,2.740885949731051,22.0,20.751245
2020-01-18 00:00:00,-6.7894000000000005,19.497665832409385,2.7747628228365544,24.0,20.243517
2020-01-18 01:00:00,-7.405949999999962,19.33649565586666,2.823255536656547,20.0,20.336102
2020-01-18 02:00:00,-7.65152999999998,19.145269201063666,2.8705066920334947,20.0,20.471678
2020-01-18 03:00:00,-7.9067699999999945,19.0297780970603,2.931003334901725,41.0,20.694008
2020-01-18 04:00:00,-5.72515999999996,16.28355534003462,2.646670395956557,40.0,20.395287
2020-01-18 05:00:00,-1.4883799999999496,12.142441482080628,2.133607948862068,49.0,19.660496
2020-01-18 06:00:00,-0.7724699999999984,13.46127352755794,1.878448903388274,76.0,21.543259
2020-01-18 07:00:00,0.7544200000000387,13.317621108508384,1.4590552956943714,279.0,28.907576
2020-01-18 08:00:00,0.9390500000000088,16.284139842219624,1.4559044702843522,220.0,42.05476
2020-01-18 09:00:00,1.0353000000000065,19.235158034818934,1.6570711682444104,63.0,45.80928
2020-01-18 10:00:00,0.7013000000000034,21.61287088044692,1.8281985684977877,80.0,35.187027
2020-01-18 11:00:00,-0.1449999999999818,23.873989610102683,2.1198608797699157,107.0,34.829987
2020-01-18 12:00:00,-0.25674999999995407,23.60084102959357,2.2255386796137984,158.0,24.316921
2020-01-18 13:00:00,-1.793299999999988,24.471942067028227,2.4583970188064095,150.0,22.926533
2020-01-18 14:00:00,-3.050329999999974,24.383381696605017,2.644095504364313,122.0,22.287046
2020-01-18 15:00:00,-3.325499999999977,23.0674384340036,2.700190385250853,234.0,21.284586
2020-01-18 16:00:00,-2.6938199999999597,20.89377882206256,2.628650534416957,219.0,21.678608
2020-01-18 17:00:00,-3.0232299999999555,20.14154575224735,2.664653328660449,143.0,20.483734
2020-01-18 18:00:00,-4.327729999999974,20.792620879037948,2.8192741695745958,194.0,20.848387
2020-01-18 19:00:00,-8.377899999999954,24.153084041121385,3.404754042509334,201.0,21.09985
2020-01-18 20:00:00,-8.252659999999992,23.15087627367094,3.4099149455819817,164.0,21.547716
2020-01-18 21:00:00,-8.428079999999966,22.279253284969833,3.5025572324864505,68.0,21.542114
2020-01-18 22:00:00,-8.388980000000004,21.248786346331897,3.555332569120767,125.0,21.273415
2020-01-18 23:00:00,-7.862899999999968,19.92675556772871,3.5018308502950397,89.0,20.47209
2020-01-19 00:00:00,-6.9211199999999735,17.920417159806703,3.371046929975821,39.0,19.840305
2020-01-19 01:00:00,-5.296299999999974,15.32744327085176,3.183930457011956,41.0,20.108408
2020-01-19 02:00:00,-4.507669999999962,13.860128986298031,3.093641975708812,78.0,20.050438
2020-01-19 03:00:00,-5.418859999999995,15.057523448495811,3.2634587960559487,67.0,20.43467
2020-01-19 04:00:00,-5.176949999999977,16.279619721151665,3.2846093800517093,37.0,20.142883
2020-01-19 05:00:00,-1.0387999999999806,12.743482942763176,2.6847221559574797,25.0,18.824825
2020-01-19 06:00:00,3.3329700000000457,9.426425324373216,1.6397695874947946,28.0,17.452494
2020-01-19 07:00:00,3.771569999999997,16.227899474810208,1.8166665884638942,16.0,20.482506
2020-01-19 08:00:00,4.511040000000037,15.41246324299137,1.0974185477317728,25.0,64.23705
2020-01-19 09:00:00,4.173500000000047,17.43894570138731,1.0110289712986469,55.0,75.11592
2020-01-19 10:00:00,3.730160000000012,19.34494907845462,0.727186843534463,80.0,18.223354
2020-01-19 11:00:00,3.2039400000000455,20.756507706141857,1.2041817831135777,97.0,23.983578
2020-01-19 12:00:00,2.373070000000041,22.3282944207418,1.6258171172675364,154.0,16.458193
2020-01-19 13:00:00,1.407039999999995,22.39199441707788,2.0376299340141433,115.0,15.610309
2020-01-19 14:00:00,0.6600999999999999,21.78868246217959,2.2529336913385136,84.0,16.109715
2020-01-19 15:00:00,-0.7096599999999853,22.476747719097567,2.352207247862654,56.0,18.894154
2020-01-19 16:00:00,-0.9500499999999761,22.02287789388062,2.3472278638386523,55.0,20.620575
2020-01-19 17:00:00,-0.10934999999994943,20.474550475095413,2.220492586554328,36.0,21.309902
2020-01-19 18:00:00,0.51302000000004,19.838691320676844,2.046794635624261,40.0,23.011173
2020-01-19 19:00:00,-0.3443999999999505,23.422121066183426,2.1168892357637064,46.0,24.365284
2020-01-19 20:00:00,-0.62045999999998,24.45726714783085,2.135307618587528,47.0,23.819334
2020-01-19 21:00:00,-0.27987999999999147,24.561859416924552,1.984693131051007,39.0,20.917564
2020-01-19 22:00:00,-0.5706199999999626,25.623790713658007,1.8347908406430729,27.0,14.482634
2020-01-19 23:00:00,-0.8768699999999967,26.748181711619125,1.411015052320717,23.0,12.005882
2020-01-20 00:00:00,-1.2455799999999613,28.621498385831405,1.0371533807028528,29.0,13.65123
2020-01-20 01:00:00,-1.9004599999999527,31.388168854902236,0.7965422857453472,29.0,14.560681
2020-01-20 02:00:00,-2.525729999999953,35.26147506596561,0.5924856368563337,33.0,13.988003
2020-01-20 03:00:00,-2.9192999999999643,39.3167540746969,0.5949676927286217,30.0,14.202774
2020-01-20 04:00:00,-3.135719999999992,43.42936678431195,0.7114626536523582,42.0,16.75447
2020-01-20 05:00:00,-2.8186999999999784,48.304741529906345,0.3026398935303331,41.0,33.189407
2020-01-20 06:00:00,-2.582299999999975,56.397774121820156,0.5491118989672543,28.0,72.3533
2020-01-20 07:00:00,-1.6127399999999739,55.81704208305054,1.278793676408409,24.0,126.291245
2020-01-20 08:00:00,-1.64609999999999,62.03798485282124,1.3843768174515245,30.0,179.11165
2020-01-20 09:00:00,-1.5660799999999995,66.37830015771202,1.3163684925040786,26.0,160.75946
2020-01-20 10:00:00,-1.6750199999999609,71.18229386207719,1.2993324875994943,60.0,119.68199
2020-01-20 11:00:00,-2.2742700000000013,77.17215759232144,0.8722322234006742,82.0,76.25925
2020-01-20 12:00:00,-2.8470800000000054,81.56212338933535,0.5648953837128685,144.0,29.627792
2020-01-20 13:00:00,-3.0593599999999697,79.73271469366615,1.1332940610493858,117.0,19.143902
2020-01-20 14:00:00,-3.104469999999992,75.94182686616973,1.2944685906378637,161.0,15.275463
2020-01-20 15:00:00,-3.089399999999955,74.40912298853493,1.1656484433727907,119.0,13.269515
2020-01-20 16:00:00,-3.1712399999999548,73.47880277265214,1.2827484690696513,93.0,14.662962
2020-01-20 17:00:00,-3.2076999999999884,71.24148116576497,1.4071360104124777,101.0,16.120865
2020-01-20 18:00:00,-3.3251699999999573,69.55166662902721,1.3323009062489501,82.0,17.108324
2020-01-20 19:00:00,-2.9865800000000036,66.17578582837059,1.6408261457583373,70.0,18.36995
2020-01-20 20:00:00,-3.7639199999999846,64.54974585557156,1.9585501927932465,61.0,19.003338
2020-01-20 21:00:00,-3.5942999999999756,62.348988915100605,1.825718458889196,38.0,18.158243
2020-01-20 22:00:00,-3.715499999999963,63.570943474415,1.6893453294188234,27.0,21.753231
2020-01-20 23:00:00,-3.9033599999999637,64.17579698358999,1.7715408746791557,27.0,16.95552
2020-01-21 00:00:00,-4.126229999999964,64.72653368867923,1.7285182355866924,22.0,17.78417
2020-01-21 01:00:00,-4.468179999999961,66.03725858942998,1.716439212119084,23.0,18.725264
2020-01-21 02:00:00,-4.61239999999998,66.23247120820264,1.7115080333759998,26.0,20.86148
2020-01-21 03:00:00,-4.515569999999968,65.68225236207161,1.4654273541900718,29.0,20.524323
2020-01-21 04:00:00,-3.9476399999999785,62.606544545232644,1.164920291892956,30.0,18.528486
2020-01-21 05:00:00,-3.2834499999999593,61.36814062931148,0.43431779186403885,26.0,22.934029
2020-01-21 06:00:00,-2.9096999999999866,60.93273043902401,0.6305939617714734,76.0,58.68184
2020-01-21 07:00:00,-1.5296399999999721,53.31737538186883,0.8308773415177713,73.0,97.21538
2020-01-21 08:00:00,-1.103430000000003,54.94105295441222,1.139626926793397,67.0,124.45958
2020-01-21 09:00:00,-1.3760699999999702,57.862388366860664,1.3539615869817614,62.0,141.48462
2020-01-21 10:00:00,-1.3122999999999934,59.91940295962274,1.3093927162036796,55.0,100.00127
2020-01-21 11:00:00,-1.721839999999986,63.15078846730743,1.0805529993988405,53.0,72.02312
2020-01-21 12:00:00,-2.256749999999954,66.34866163955968,1.254713306724911,75.0,40.205154
2020-01-21 13:00:00,-2.721749999999986,67.48552575138905,1.5436693734007811,106.0,32.649216
2020-01-21 14:00:00,-2.9428199999999833,67.37389336297113,1.4830908122459563,108.0,29.963623
2020-01-21 15:00:00,-3.1447499999999877,66.82605642263263,1.495483836228406,121.0,24.862549
2020-01-21 16:00:00,-3.3146699999999782,65.8955875397574,1.508897227019562,107.0,19.01837
2020-01-21 17:00:00,-3.568429999999978,65.36270537618789,1.6227923730244245,94.0,15.943751
2020-01-21 18:00:00,-3.7252599999999916,64.08197794123143,1.7525092096300123,87.0,17.16095
2020-01-21 19:00:00,-3.6596999999999866,65.75248279444266,1.6892444766316077,69.0,17.69017
2020-01-21 20:00:00,-4.196939999999984,65.73991288197344,1.9031025812349824,54.0,17.12204
2020-01-21 21:00:00,-5.013369999999952,65.45177182001825,2.043406447620309,45.0,16.733856
2020-01-21 22:00:00,-5.338539999999966,64.83401254334426,2.112121357431514,32.0,20.200562
2020-01-21 23:00:00,-5.8075999999999794,65.01140300991747,2.184111411606343,30.0,17.258877
2020-01-22 00:00:00,-6.966700000000003,66.51084645673839,2.337801120937983,27.0,18.21959
2020-01-22 01:00:00,-7.45071999999999,67.603773531491,2.4568601890424695,35.0,19.8788
2020-01-22 02:00:00,-7.807999999999993,67.40323248914031,2.510663435438219,35.0,18.658504
2020-01-22 03:00:00,-5.005039999999951,58.46686118984661,2.1288963263832366,45.0,20.741924
2020-01-22 04:00:00,-3.6305999999999585,52.89496646820396,1.8700646712496585,113.0,19.581207
2020-01-22 05:00:00,-2.727549999999951,50.59369453782508,1.1278283275152348,56.0,27.497784
2020-01-22 06:00:00,-2.7572700000000054,53.385934766628985,1.323003814870849,57.0,63.896927
2020-01-22 07:00:00,-2.874849999999981,64.78718578875223,1.3484927501590642,64.0,103.68547
2020-01-22 08:00:00,-3.0007699999999886,69.16808767678404,1.4387030688848133,75.0,137.02711
2020-01-22 09:00:00,-2.825839999999971,72.5638398724272,1.288951304411245,122.0,134.491
2020-01-22 10:00:00,-2.7488199999999665,77.16358821418437,1.0447560873581403,119.0,87.33734
2020-01-23 19:00:00,-8.960639999999955,52.66434925790756,5.176549387296833,35.0,50.334198
2020-01-23 20:00:00,-9.000099999999975,53.2953096062765,5.068745061301819,23.0,45.80435
2020-01-23 21:00:00,-9.110629999999958,53.29274536859081,5.066570277894076,36.0,41.2695
2020-01-23 22:00:00,-9.212999999999965,53.0493907344665,5.077182955856494,50.0,47.149094
2020-01-23 23:00:00,-9.264139999999998,52.429228832323076,5.121383540604101,23.0,41.672073
2020-01-24 00:00:00,-9.120199999999954,51.44426423677358,5.168850724156243,24.0,34.460876
2020-01-24 01:00:00,-8.728279999999984,50.451436131069805,5.224556584645605,24.0,32.127106
2020-01-24 02:00:00,-8.149329999999964,49.77752091167387,5.239317583326951,35.0,32.345963
2020-01-24 03:00:00,-7.279519999999991,49.22027544513025,5.142462347919122,34.0,33.6644
2020-01-24 04:00:00,-5.71857,50.11761135205706,4.755999115384898,16.0,37.808685
2020-01-24 05:00:00,-4.292729999999949,52.24057636216812,4.266217867030651,18.0,55.972336
2020-01-24 06:00:00,-3.2193999999999505,54.58412881371441,3.7470265062166295,14.0,78.59592
2020-01-24 07:00:00,-1.3181999999999903,55.016049177810075,3.5081486528280346,14.0,87.37717
2020-01-24 08:00:00,0.4883700000000317,54.978329796185264,3.104936539055871,150.0,81.12111
2020-01-24 09:00:00,0.8216800000000148,55.57969456247131,2.9701838689856292,27.0,72.317474
2020-01-24 10:00:00,1.2776000000000067,47.17357899348257,3.0294632034104656,32.0,111.1071
2020-01-24 11:00:00,-0.9867999999999597,57.66634046893701,3.693839138964966,44.0,289.495
2020-01-24 12:00:00,-1.0372699999999782,57.783984197309195,2.5270977466700355,30.0,275.10693
2020-01-24 13:00:00,2.3588000000000306,46.842967394804155,0.48866460467170425,31.0,217.86732
2020-01-24 14:00:00,1.890950000000032,48.45186475066945,1.382615960378835,41.0,36.56736
2020-01-24 15:00:00,-3.3637999999999693,63.03537219949629,2.693527269217249,37.0,66.15793
2020-01-24 16:00:00,-4.804359999999974,68.01433755700825,3.4118347987463227,26.0,99.025055
2020-01-24 17:00:00,-4.575379999999996,65.72183182996595,3.3376122984989403,36.0,91.43518
2020-01-24 18:00:00,-3.460299999999961,59.18023766098402,2.772147617416044,32.0,59.16452
2020-01-24 19:00:00,-0.5854999999999677,51.72328551185414,2.2209981199098436,33.0,38.526337
2020-01-24 20:00:00,-3.149939999999958,59.314577830820056,2.679084276080217,27.0,33.777603
2020-01-24 21:00:00,-4.73214999999999,64.29786762969857,2.9685847491797333,18.0,36.950195
2020-01-24 22:00:00,-4.494479999999953,65.21900868865437,2.880448890550438,27.0,42.973846
2020-01-24 23:00:00,-4.106669999999951,66.65263997278265,2.7307585387784488,23.0,46.3107
2020-01-25 00:00:00,-4.271519999999953,72.27990800848806,2.7026028519354246,29.0,59.308304
2020-01-25 01:00:00,-4.681679999999972,79.74845973900854,2.745724264490885,23.0,49.765354
2020-01-25 02:00:00,-4.203959999999995,81.14262503206079,2.6330842226070645,27.0,49.84458
2020-01-25 03:00:00,-3.793859999999995,81.86354206626639,2.5344767197745988,27.0,62.215225
2020-01-25 04:00:00,-1.9485199999999736,78.03313725727577,2.1920605339902113,36.0,90.70421
2020-01-25 05:00:00,1.419370000000015,71.31965682505778,1.5580439428129014,32.0,181.72589
2020-01-25 06:00:00,2.4484500000000367,70.61061320475358,0.9195697857948278,19.0,258.9439
2020-01-25 07:00:00,1.9349300000000085,80.1131457450417,1.2250950813843144,29.0,226.32512
2020-01-25 08:00:00,2.006280000000004,79.64447591307504,1.2682816155912857,27.0,226.89796
2020-01-25 09:00:00,2.174000000000035,78.63252434429852,1.2520697969800798,30.0,239.03972
2020-01-25 10:00:00,2.317830000000015,78.09318415356167,1.1637631225287564,36.0,193.63708
2020-01-25 11:00:00,2.209920000000011,78.30008512896923,0.9545101598765368,73.0,152.43726
2020-01-25 12:00:00,1.687400000000025,79.5178415809137,0.7919087169662105,96.0,91.89719
2020-01-25 13:00:00,1.1772000000000276,81.36163617631462,0.7590172163878499,89.0,80.98685
2020-01-25 14:00:00,0.6547199999999975,83.72230087881559,1.2912170919477521,63.0,105.28989
2020-01-25 15:00:00,-0.084699999999998,86.12447628978958,1.6017187734101004,53.0,69.80211
2020-01-25 16:00:00,-0.6921399999999949,87.8778420142046,1.7253703272867191,56.0,58.437073
2020-01-25 17:00:00,-0.7506999999999948,88.30952703855482,1.5934975537720373,130.0,40.68784
2020-01-25 18:00:00,-1.4278299999999717,91.8995469386168,1.623892286059849,43.0,38.268463
2020-01-25 19:00:00,-1.230139999999949,95.18962536525046,1.3322144989947171,28.0,59.343826
2020-01-25 20:00:00,-4.089599999999962,100.00315098784344,2.091947585374827,20.0,85.32924
2020-01-25 21:00:00,-4.865639999999985,98.62986559008269,2.2344286745591644,15.0,114.31189
2020-01-25 22:00:00,-4.920799999999986,97.91409618974401,2.0358338224992476,12.0,116.471985
2020-01-25 23:00:00,-5.464399999999955,97.63944203652957,2.1050660317767327,12.0,115.234344
2020-01-26 00:00:00,-5.763699999999972,96.95023258634876,1.9607162015192452,10.0,101.185104
2020-01-26 01:00:00,-5.558019999999999,94.66478736921795,1.4832842099617838,13.0,65.66049
2020-01-26 02:00:00,-5.26437999999996,93.65830562271829,1.1639601680070948,17.0,65.504974
2020-01-26 03:00:00,-5.481479999999976,93.34770053715013,1.2002094360159687,18.0,63.938705
2020-01-26 04:00:00,-5.124429999999961,90.02225005370147,1.0564073821541642,25.0,69.13074
2020-01-26 05:00:00,-4.831999999999994,86.96097743916917,1.2149570591491576,83.0,89.61055
2020-01-26 06:00:00,-4.653719999999964,86.74624558527928,1.4579022704720128,77.0,126.95108
2020-01-26 07:00:00,-3.7969699999999875,85.6154743197305,1.5749020289411064,84.0,165.00157
2020-01-26 08:00:00,-3.5441999999999894,84.93715802258437,1.4966976135467311,79.0,181.2729
2020-01-26 09:00:00,-3.15259999999995,83.21874114128917,1.3755919184129135,84.0,178.31117
2020-01-26 10:00:00,-2.8415999999999713,80.4802785716636,1.2839126828234313,75.0,127.12033
2020-01-26 11:00:00,-2.7812599999999748,79.38453593455701,1.0090808889705665,82.0,79.97002
2020-01-26 12:00:00,-3.1199699999999666,80.87453270748662,0.8741073589037751,92.0,44.215088
2020-01-26 13:00:00,-3.3066799999999716,78.46274591829943,1.2148351785959526,154.0,32.445496
2020-01-26 14:00:00,-6.143349999999998,80.13251700972559,2.068124224750868,130.0,34.85742
2020-01-26 15:00:00,-8.732899999999972,77.01783725511233,2.7755402524843213,83.0,36.28952
2020-01-26 16:00:00,-9.429969999999969,72.0692219423807,3.1866392965967294,74.0,42.905273
2020-01-26 17:00:00,-8.984659999999963,68.57769634425664,3.410123207840186,78.0,42.31282
2020-01-26 18:00:00,-8.613869999999963,65.79726807861786,3.3896868160079734,86.0,40.183456
2020-01-26 19:00:00,-7.9862999999999715,61.31002432251867,3.5308670326536236,66.0,37.561264
2020-01-26 20:00:00,-7.734749999999963,61.30866184105417,3.6216640795309814,37.0,42.05179
2020-01-26 21:00:00,-7.498139999999978,61.07419711255645,3.6392883534657092,32.0,83.44188
2020-01-26 22:00:00,-7.740579999999966,59.91134084721619,3.7049315252924577,19.0,66.805115
2020-01-26 23:00:00,-8.168549999999982,58.93567669720512,3.650479938986971,25.0,56.297165
2020-01-27 00:00:00,-8.841679999999997,57.280075397253064,3.4642805807346377,13.0,24.563019
2020-01-27 01:00:00,-7.136239999999987,49.422255872560164,2.927940123259918,17.0,21.325455
2020-01-27 02:00:00,-4.876379999999983,42.1133262643928,2.44796529333128,17.0,23.02301
2020-01-27 03:00:00,-4.678200000000004,41.57378881800301,2.4024349528951894,27.0,33.866837
2020-01-27 04:00:00,-4.267579999999953,40.982004983712294,2.3685079125218476,25.0,50.85077
2020-01-27 05:00:00,-1.9173999999999864,36.30756306751677,1.9168493267265696,24.0,57.36583
2020-01-27 06:00:00,0.2490500000000111,34.46808876228218,1.3595724398072544,18.0,65.331665
2020-01-27 07:00:00,1.7027199999999993,34.22360242646305,0.8394749577561806,25.0,95.1756
2020-01-27 08:00:00,1.921040000000005,38.119367374107625,1.0529117220742588,62.0,135.89885
2020-01-27 09:00:00,1.2483500000000163,42.86792256972362,1.4728689103486772,37.0,163.25194
2020-01-27 10:00:00,0.01287000000002081,48.33624866120976,1.9911769233857002,42.0,167.96785
2020-01-27 11:00:00,-2.534249999999986,59.05497680027158,2.4074267694816465,38.0,199.45595
2020-01-27 12:00:00,-4.29159999999996,69.02002084181179,2.5586156663945236,45.0,151.08337
2020-01-27 13:00:00,-5.315039999999954,77.26150583005256,2.496287172574475,66.0,105.625244
2020-01-27 14:00:00,-4.397299999999973,79.37781396566119,2.1338266171072515,56.0,64.56029
2020-01-27 15:00:00,-3.6052999999999997,85.3372641078676,1.690535018855713,46.0,57.856277
2020-01-27 16:00:00,-3.4010999999999854,93.61771825916684,1.2624843964996735,64.0,50.16687
2020-01-27 17:00:00,-3.450779999999952,96.11432250162424,1.0223175989000823,33.0,44.335236
2020-01-27 18:00:00,-3.4011600000000044,96.2474771444294,0.6819443166670524,32.0,48.71675
2020-01-27 19:00:00,-3.7124999999999773,98.14447096564716,1.0484979485951367,29.0,58.687363
2020-01-27 20:00:00,-4.6220500000000015,98.39713980831763,1.4475739382510036,18.0,69.4592
2020-01-27 21:00:00,-6.917639999999949,99.54608375964199,2.0072053529187657,28.0,87.15149
2020-01-27 22:00:00,-9.024699999999996,99.15606536706697,2.5497341931772515,22.0,89.08203
2020-01-27 23:00:00,-9.265879999999981,93.98691460687574,2.5719024950404203,27.0,113.223526
2020-01-28 00:00:00,-8.765719999999988,88.12506012285397,2.4264452085546457,26.0,103.9848
2020-01-28 01:00:00,-8.371739999999988,81.80222093067901,2.351344991873683,37.0,82.47301
2020-01-28 02:00:00,-8.395899999999983,76.36005897954598,2.441559568187784,39.0,56.599503
2020-01-28 03:00:00,-7.73187999999999,69.58631993043718,2.4165097782653726,26.0,49.65471
2020-01-28 04:00:00,-4.96035999999998,60.241170472383594,1.997362751951455,23.0,48.191925
2020-01-28 05:00:00,-2.7040799999999763,54.878719440762886,1.1339716836646785,21.0,54.672928
2020-01-28 06:00:00,-1.8534599999999841,53.86178981643355,0.46475271883821756,21.0,73.38408
2020-01-28 07:00:00,-1.2618799999999624,59.04779443583682,0.7045765697052779,18.0,130.30971
2020-01-28 08:00:00,-0.6402299999999741,57.401986468632124,0.6091622625516394,103.0,147.85725
2020-01-28 09:00:00,-0.15371999999996433,56.22417033067305,0.7844476391927021,114.0,136.27505
2020-01-28 10:00:00,-0.07949999999999591,55.42076505427413,0.9147565519498491,98.0,128.13425
2020-01-28 11:00:00,-0.41812999999996237,55.728235492513704,1.1664637783590892,99.0,105.478516
2020-01-28 12:00:00,-1.2659699999999816,56.83579291041945,1.8155361083735273,92.0,65.84383
2020-01-28 13:00:00,-2.305849999999964,56.16549232924176,2.089454924546172,111.0,45.723557
2020-01-28 14:00:00,-1.610879999999952,52.67504121200749,1.9193217439023011,75.0,35.924545
2020-01-28 15:00:00,-1.9437599999999975,52.14070797964677,1.9203234228364372,16.0,33.25107
2020-01-28 16:00:00,-2.2894299999999816,50.56247785305237,1.8684493871796954,17.0,32.036118
2020-01-28 17:00:00,-2.666999999999973,49.37494293152627,1.6413055355935713,25.0,25.812195
2020-01-28 18:00:00,-3.036229999999989,50.195635914442924,1.4436555758951404,49.0,19.760056
2020-01-28 19:00:00,-2.5664999999999623,45.42110069926156,1.1344209587498078,48.0,19.667236
2020-01-28 20:00:00,-3.099649999999997,50.07631921673957,0.865965519435185,104.0,20.109932
2020-01-28 21:00:00,-3.452729999999974,55.029915660273105,0.6159092339721665,55.0,21.47987
2020-01-28 22:00:00,-3.874059999999986,61.66222750707646,0.7131906192687475,53.0,26.106522
2020-01-28 23:00:00,-4.528939999999977,66.62564320571434,1.252075687550262,34.0,20.645384
2020-01-29 00:00:00,-4.636939999999981,66.13732220590745,1.4975238159256699,30.0,17.571648
2020-01-29 01:00:00,-4.830629999999985,63.945808071531616,1.6231688694121358,38.0,17.342976
2020-01-29 02:00:00,-5.294679999999971,60.96988459582743,1.9770027348529968,50.0,19.126608
2020-01-29 03:00:00,-5.737649999999974,57.594265739925184,2.0641722963307725,54.0,18.340242
2020-01-29 04:00:00,-4.51321999999999,52.05753036934026,1.907730954194582,46.0,19.440928
2020-01-29 05:00:00,-3.330099999999959,46.95091061894879,1.5045198848345807,66.0,17.297848
2020-01-29 06:00:00,-2.2205299999999966,43.19582844580054,1.1582605754167452,115.0,23.4057
2020-01-29 07:00:00,-1.2072999999999752,40.82641377162571,0.9915135050492869,100.0,42.52418
2020-01-29 08:00:00,-0.7585799999999949,41.035366684818094,1.4337353450402373,118.0,54.68445
2020-01-29 09:00:00,-1.1779999999999973,42.783760986041564,1.7838792885920096,119.0,65.024124
2020-01-29 10:00:00,-1.5906999999999698,44.02152189535075,1.9796243951822021,104.0,80.09366
2020-01-29 11:00:00,-1.8412199999999643,44.31159027743545,2.0520324685692932,105.0,45.61464
2020-01-29 12:00:00,-2.3640199999999822,43.4064242917565,2.165981719765012,137.0,24.79523
2020-01-29 13:00:00,-2.8477999999999497,42.118829216920524,2.2398288221296063,162.0,23.37704
2020-01-29 14:00:00,-3.077669999999955,39.589048470064995,2.2703872888675085,244.0,23.486385
2020-01-29 15:00:00,-3.198129999999992,36.71438443380302,2.2755824971059564,171.0,22.161549
2020-01-29 16:00:00,-4.190529999999967,34.82908346879463,2.383870450237802,145.0,21.149605
2020-01-29 17:00:00,-4.518349999999998,31.907524079830814,2.424264089519191,126.0,19.946419
2020-01-29 18:00:00,-4.708529999999996,29.135693099275883,2.457424979843749,99.0,19.704226
2020-01-29 19:00:00,-3.8239999999999554,26.56961632619969,2.3532694362935263,88.0,19.149689
2020-01-29 20:00:00,-2.3385399999999663,22.991410601198602,2.15354767963695,66.0,18.673132
2020-01-29 21:00:00,-2.6762999999999693,21.787333603979622,2.229188088406487,56.0,19.60672
2020-01-29 22:00:00,-3.5241499999999633,22.13171067420924,2.3219822822333307,86.0,20.12488
2020-01-29 23:00:00,-5.286000000000001,24.947859051800123,2.5376648707987073,62.0,21.265614
2020-01-30 00:00:00,-6.6422000000000025,26.61236224324686,2.755147149186612,48.0,21.429127
2020-01-30 01:00:00,-7.10006999999996,26.585404511173987,2.9315074045765686,40.0,20.654305
2020-01-30 02:00:00,-8.933599999999956,29.206491265872994,3.2102851650638593,54.0,19.59843
2020-01-30 03:00:00,-9.697119999999984,30.089585376177805,3.3540262947975794,48.0,19.110424
2020-01-30 04:00:00,-7.751440000000002,27.347620650923847,3.0206446291964846,62.0,19.493187
2020-01-30 05:00:00,-2.47663,19.664622501897487,2.283580745738265,62.0,20.83392
2020-01-30 06:00:00,0.4288999999999987,18.02518594007708,1.7494266610131588,181.0,25.694504
2020-01-30 07:00:00,1.1517600000000243,20.54181299312589,1.1173739672288208,113.0,34.07512
2020-01-30 08:00:00,1.6767000000000394,22.427430536626535,1.0031258923097102,69.0,42.40851
2020-01-30 09:00:00,2.1045200000000364,23.61322834573432,1.0341676051677118,144.0,43.016174
2020-01-30 10:00:00,2.26302000000004,23.82114457015705,1.2853951858956345,116.0,29.734894
2020-01-30 11:00:00,2.071830000000034,23.961781866050437,1.8044113475549888,118.0,24.93901
2020-01-30 12:00:00,-0.3131999999999948,25.90347428118176,2.4303696449230205,179.0,24.44852
2020-01-30 13:00:00,-4.454259999999977,29.741430907754296,3.008178204356613,322.0,24.861267
2020-01-30 14:00:00,-6.347699999999975,29.836939224920933,3.330778244189886,168.0,24.594372
2020-01-30 15:00:00,-8.198279999999954,31.452739625517346,3.6225744684929526,156.0,23.453468
2020-01-30 16:00:00,-10.477029999999957,37.72333090828667,3.9831845614311887,117.0,21.202377
2020-01-30 17:00:00,-12.092569999999967,46.558437725603056,4.364873982551105,95.0,19.674728
2020-01-30 18:00:00,-12.210969999999975,51.04475663130655,4.592174388940822,73.0,18.998398
2020-01-30 19:00:00,-11.85305999999997,51.91173341643642,4.681545162089309,24.0,18.709023
2020-01-30 20:00:00,-11.50912999999997,51.40805885809332,4.626601709509914,20.0,18.556152
2020-01-30 21:00:00,-11.365579999999966,51.410554371236046,4.645770175779427,27.0,18.569992
2020-01-30 22:00:00,-11.265329999999949,51.8103297931008,4.687018842406365,24.0,18.84469
2020-01-30 23:00:00,-11.083839999999952,52.50673890835696,4.684987336418229,44.0,18.65992
2020-01-31 00:00:00,-11.029029999999977,52.30750662015318,4.716882514784185,19.0,18.561378
2020-01-31 01:00:00,-11.02419999999995,51.693727437648135,4.706671595359986,22.0,18.893663
2020-01-31 02:00:00,-10.956999999999994,51.016772165564944,4.654667100346246,28.0,18.773258
2020-01-31 03:00:00,-10.826449999999966,50.24930395631709,4.53879549629009,36.0,18.852837
2020-01-31 04:00:00,-9.581500000000005,51.306290885325865,4.071333742907387,31.0,18.677725
2020-01-31 05:00:00,-6.360629999999958,42.95982932664124,3.3147221047287476,250.0,19.024555
2020-01-31 06:00:00,2.4177500000000123,20.76844963983427,2.1224360241222535,220.0,21.83871
2020-01-31 07:00:00,4.543630000000007,18.86007817315801,1.3641783892060553,69.0,61.00865
2020-01-31 08:00:00,4.561300000000017,22.056210438954515,1.525954235635027,135.0,91.98128
2020-01-31 09:00:00,4.37954000000002,25.555865091509343,1.6229185981842245,138.0,90.60487
2020-01-31 10:00:00,4.129700000000014,27.932836134103113,1.6999468890470786,155.0,75.72597
2020-01-31 11:00:00,3.415670000000034,29.826854009578756,1.9007071405630722,164.0,54.725174
2020-01-31 12:00:00,2.9746300000000474,29.91123293125505,2.060007761268052,174.0,28.620247
2020-01-31 13:00:00,2.345300000000009,29.40166107923379,2.2116162761712395,170.0,23.015633
2020-01-31 14:00:00,2.1385700000000156,27.627640558117132,2.090247101759526,139.0,22.596584
2020-01-31 15:00:00,1.8602000000000203,25.56434750001314,2.2210847028526315,62.0,22.023819
2020-01-31 16:00:00,1.386220000000037,23.458634193688052,2.354638748604993,46.0,21.873333
2020-01-31 17:00:00,-1.5185299999999984,24.70531213314273,2.6605028224178793,35.0,21.906109
2020-01-31 18:00:00,-5.0090699999999515,27.826740049375704,3.0690857069725412,27.0,21.732517
2020-01-31 19:00:00,-9.154269999999997,30.5925941388461,3.860711723085115,19.0,21.19754
2020-01-31 20:00:00,-8.981020000000001,28.65619349675795,3.8371141384983125,18.0,20.600748
2020-01-31 21:00:00,-8.937779999999975,27.0841602975827,3.840076352703804,25.0,19.76867
2020-01-31 22:00:00,-8.909999999999968,25.70304923445243,3.843745878515697,30.0,21.668522
2020-02-01 00:00:00,-8.665899999999965,22.675593985373613,3.790503903173704,17.0,19.489609
2020-02-01 01:00:00,-8.337349999999958,21.271591182518662,3.770621835570197,11.0,18.827305
2020-02-01 02:00:00,-8.468899999999962,20.766703094634483,3.7826903114758443,13.0,18.698498
2020-02-01 03:00:00,-8.781299999999987,21.700045188789755,3.875636095955155,20.0,19.139233
2020-02-01 04:00:00,-7.592629999999986,23.23213935663439,3.7005020585719275,23.0,19.632933
2020-02-01 05:00:00,-4.316399999999987,20.773054729680364,3.132070338008692,24.0,19.853188
2020-02-01 06:00:00,2.7274400000000014,11.406998872172812,2.2110762161011097,13.0,20.504879
2020-02-01 07:00:00,4.276900000000012,15.776890056765373,1.812982958256158,12.0,20.010956
2020-02-01 08:00:00,5.558500000000038,14.229784279383061,0.8012438956986975,15.0,33.10486
2020-02-01 09:00:00,6.0049000000000206,13.65561789610362,0.3911347723411011,15.0,73.32359
2020-02-01 10:00:00,5.968350000000044,14.075513300355759,0.8554827012750462,23.0,55.617676
2020-02-01 11:00:00,5.388329999999996,14.078835718272158,1.8800327809456185,77.0,40.721558
2020-02-01 12:00:00,1.8839399999999955,16.68858707021446,2.5549897947148423,73.0,33.686584
2020-02-01 13:00:00,-3.835239999999999,23.99115113637079,3.318623891791166,50.0,27.282784
2020-02-01 14:00:00,-7.02189999999996,30.300545027609807,3.877580006975675,53.0,23.92654
2020-02-01 15:00:00,-8.770849999999996,36.06546507310801,4.237669541089086,35.0,22.90052
2020-02-01 16:00:00,-9.45211999999998,40.02081281897324,4.512563277882513,26.0,22.029585
2020-02-01 17:00:00,-9.691399999999987,44.37720544458106,4.679487994919353,25.0,21.514973
2020-02-01 18:00:00,-9.70745999999997,47.3690100146153,4.7997973702665,25.0,21.08002
2020-02-01 19:00:00,-9.795259999999985,52.27502950186005,5.1148069260591456,17.0,21.139868
2020-02-01 20:00:00,-9.01016999999996,50.813576002439255,5.009062012514376,20.0,21.095322
2020-02-01 21:00:00,-8.671799999999962,50.51465807156565,4.981420076092161,12.0,21.068394
2020-02-01 22:00:00,-8.410859999999957,50.51655482590245,4.978822182496548,8.0,21.578451
2020-02-01 23:00:00,-8.231359999999995,50.76057717461767,4.991456479366279,13.0,21.257065
2020-02-02 00:00:00,-8.046729999999968,50.83509539117093,4.971663389377775,11.0,20.83361
2020-02-02 01:00:00,-7.779669999999953,50.95123190643908,4.942745914356746,12.0,20.381996
2020-02-02 02:00:00,-7.6787499999999795,51.12748227830188,4.914171323737467,20.0,20.27474
2020-02-02 03:00:00,-7.332920000000001,51.686860417613524,4.8461958421866616,20.0,20.467112
2020-02-02 04:00:00,-5.977329999999995,53.7062953692746,4.416748272477792,17.0,20.990086
2020-02-02 05:00:00,-4.492899999999963,54.616078174653794,3.7800889082068236,17.0,20.975185
2020-02-02 06:00:00,-0.7493999999999801,43.21092638299099,2.9391181972818585,12.0,21.364298
2020-02-02 07:00:00,2.972280000000012,35.634290658434445,2.3751060079501896,31.0,22.113586
2020-02-02 08:00:00,8.104880000000037,22.31316701364207,0.8766965385331118,31.0,28.381836
2020-02-02 09:00:00,8.461760000000027,21.384706808616837,0.3005803532962215,40.0,61.261414
2020-02-02 10:00:00,8.245140000000049,21.606034634105566,0.6264374372170048,32.0,55.43393
2020-02-02 11:00:00,7.5826000000000136,20.470575096159468,1.8452013388670951,48.0,43.627914
2020-02-02 12:00:00,0.36392000000000735,28.942078154593595,3.0285516543831785,51.0,30.881987
2020-02-02 13:00:00,-5.5890999999999735,41.63474713515695,4.210840276820537,47.0,25.258606
2020-02-02 14:00:00,-6.856149999999957,52.43273627425116,4.8770176228647575,39.0,22.850994
2020-02-02 15:00:00,-6.816139999999962,57.64804420255372,5.087348261024402,27.0,22.934515
2020-02-02 16:00:00,-6.444129999999973,57.77236511794171,5.165269626321868,36.0,22.730679
2020-02-02 17:00:00,-6.103520000000003,56.96847117670046,5.189433464941339,25.0,23.123714
2020-02-02 18:00:00,-5.872099999999989,56.29083981847675,5.175311925144687,18.0,23.107746
2020-02-02 19:00:00,-5.782259999999951,57.728242586919016,5.2933804433950575,17.0,22.783775
2020-02-02 20:00:00,-5.550569999999993,56.49224527470642,5.171662046450012,13.0,21.99575
2020-02-02 21:00:00,-5.3368299999999635,55.53158217698366,5.129570339107733,9.0,21.75122
2020-02-02 22:00:00,-5.234349999999949,55.12214038556759,5.085679442473156,14.0,21.23611
2020-02-02 23:00:00,-5.216039999999964,54.84871521286228,5.057550262552715,13.0,20.720139
2020-02-03 00:00:00,-5.244419999999991,54.70163134810146,5.052270013163142,15.0,21.038418
2020-02-03 01:00:00,-5.0563699999999585,55.08986798751672,5.050691047140235,13.0,21.214724
2020-02-03 02:00:00,-4.933629999999994,55.499182642507655,5.050156511131025,18.0,21.45914
2020-02-03 03:00:00,-4.5005199999999945,55.76303381254381,4.972466255529473,22.0,21.279816
2020-02-03 04:00:00,-3.1537799999999834,56.16117750835197,4.558982658418242,23.0,21.257776
2020-02-03 05:00:00,-1.486099999999965,57.742881038066145,3.73451299846175,20.0,21.29449
2020-02-03 06:00:00,0.7693000000000438,49.86889805839205,2.9570768276861474,33.0,20.88638
2020-02-03 07:00:00,3.3870500000000447,43.18570114813968,2.4710009767189085,22.0,27.42538
2020-02-03 08:00:00,8.092740000000049,25.628922025503222,1.9085611483921754,39.0,113.13518
2020-02-03 09:00:00,7.695340000000044,29.000407437924277,1.9692266629027937,27.0,146.36455
2020-02-03 10:00:00,7.505550000000028,31.775337050319102,1.861228389837121,27.0,142.13734
2020-02-03 11:00:00,4.443480000000022,39.88493407579463,2.383846116149197,38.0,140.63055
2020-02-03 12:00:00,0.7956000000000358,49.84147302004382,3.0266365470613894,40.0,119.02278
2020-02-03 13:00:00,-0.4610699999999497,51.744816507763375,3.1088732684820877,54.0,72.77902
2020-02-03 14:00:00,0.24557000000004336,47.21810312664963,2.773686646847477,60.0,34.01533
2020-02-03 15:00:00,1.4845200000000318,40.624815656290366,2.4342365875543095,63.0,21.964115
2020-02-03 16:00:00,1.6319200000000365,37.46277324476922,2.336224897428013,70.0,23.076347
2020-02-03 17:00:00,2.319060000000036,34.78930397125325,2.1872033118641645,64.0,30.525835
2020-02-03 18:00:00,2.827480000000037,35.46378306808038,2.0514465773086465,59.0,36.139416
2020-02-03 19:00:00,3.13497000000001,41.14421598108764,1.6034388264780575,44.0,31.057537
2020-02-03 20:00:00,2.0214500000000157,55.13207874727106,1.6511159250041407,32.0,24.127918
2020-02-03 21:00:00,-0.3033999999999537,72.18621525833115,1.9295369543567935,27.0,25.120098
2020-02-03 22:00:00,-2.5562999999999647,82.1830906855663,2.2443854452392973,31.0,28.241913
2020-02-03 23:00:00,-2.828899999999976,84.31375388099366,2.209910482521428,32.0,24.237259
2020-02-04 00:00:00,-2.875249999999994,85.55386685428304,2.123475317403386,33.0,21.683205
2020-02-04 01:00:00,-3.4095800000000054,86.15730788662097,2.082572290780765,24.0,21.972124
2020-02-04 02:00:00,-3.129159999999956,84.9412826513931,1.9759232000173552,15.0,21.935343
2020-02-04 03:00:00,-2.6596700000000055,84.0889049488636,1.8702305947946456,23.0,20.58548
2020-02-04 04:00:00,-0.48819999999994934,79.39013636307543,1.4667294916370401,32.0,22.318546
2020-02-04 05:00:00,0.39065000000005057,79.53791748517854,0.6903905668792195,31.0,30.867313
2020-02-04 06:00:00,1.0997600000000034,83.91705620038859,1.0608395246054008,26.0,62.353516
2020-02-04 07:00:00,0.9390000000000214,84.61412824979321,0.9506086633607974,32.0,161.12216
2020-02-04 08:00:00,0.9576700000000073,84.05729747385223,1.216526052072184,31.0,208.68402
2020-02-04 09:00:00,1.0117400000000316,84.26854321956725,1.311827701138911,32.0,219.89807
2020-02-04 10:00:00,1.2438999999999965,83.71589903815808,1.16506780039317,32.0,194.61041
2020-02-04 11:00:00,1.647100000000023,82.49930540870743,0.7442875858875853,37.0,85.074554
2020-02-04 12:00:00,1.3743500000000495,82.67054777933743,0.27305875366023225,36.0,40.371048
2020-02-04 13:00:00,1.2562200000000416,80.59197770879925,0.9205062052515702,32.0,22.25415
2020-02-04 14:00:00,1.143950000000018,77.0847088338662,1.354592961312918,49.0,17.936172
2020-02-04 15:00:00,0.9587600000000407,73.39750055785213,1.6659751770039082,113.0,18.828903
2020-02-04 16:00:00,-0.6870799999999804,71.54973960413733,2.067641882411066,69.0,21.958954
2020-02-04 17:00:00,-2.5428199999999492,68.88992896859422,2.428024676550012,55.0,21.732216
2020-02-04 18:00:00,-3.1598999999999933,64.00638855255202,2.626411111606858,37.0,23.11707
2020-02-04 19:00:00,-4.082899999999995,58.63567126507272,2.899903896652127,32.0,22.332815
2020-02-04 20:00:00,-5.4352799999999775,59.214461437236174,3.185100200936506,33.0,21.158745
2020-02-04 21:00:00,-6.1246699999999805,58.9068914723999,3.3648156572455328,33.0,20.505367
2020-02-04 22:00:00,-6.6330299999999625,57.173413448439014,3.490870372908392,24.0,20.42101
2020-02-04 23:00:00,-6.6682500000000005,54.44575538324609,3.516238864566806,21.0,19.294182
2020-02-05 00:00:00,-6.782719999999983,52.38068105309819,3.5746401381097783,15.0,19.531275
2020-02-05 01:00:00,-6.748019999999997,50.258829843769306,3.6721668317360883,21.0,19.797775
2020-02-05 02:00:00,-6.89767999999998,48.650259377051,3.781113027220949,27.0,20.056461
2020-02-05 03:00:00,-6.8648000000000025,48.37158350007035,3.8586906855389187,26.0,20.374954
2020-02-05 04:00:00,-5.338599999999985,48.711247622780306,3.5157061001575554,33.0,21.485506
2020-02-05 05:00:00,-1.3212599999999952,40.93315306418786,2.7230616885136745,62.0,20.633902
2020-02-05 06:00:00,5.430800000000033,26.217658013614777,1.6029268123792229,26.0,22.479736
2020-02-05 07:00:00,6.852080000000001,29.981167309045208,0.7991097914537091,27.0,70.82771
2020-02-05 08:00:00,7.311730000000011,31.369322184952484,0.8481022209055182,23.0,130.58398
2020-02-05 09:00:00,7.418630000000007,33.553496622823786,0.5035689302066974,18.0,98.74922
2020-02-05 10:00:00,7.42312000000004,34.56729886563028,0.12263727701837919,26.0,62.646484
2020-02-05 11:00:00,7.055750000000046,33.944132006084445,1.2919268827618442,54.0,33.105362
2020-02-05 12:00:00,3.0402500000000146,37.549531725618195,2.4625074038197554,44.0,24.19881
2020-02-05 13:00:00,-1.4237399999999525,42.854383979465624,3.2437799529225604,31.0,23.484589
2020-02-05 14:00:00,-5.260099999999966,52.00694068165567,4.084469878441319,32.0,21.771069
2020-02-05 15:00:00,-5.927699999999959,58.81009360721709,4.558119878894724,23.0,20.565731
2020-02-05 16:00:00,-5.7620000000000005,60.950528116018575,4.715437065763707,18.0,20.655739
2020-02-05 17:00:00,-5.103499999999997,60.94532791054079,4.682734821692392,23.0,20.9037
2020-02-05 18:00:00,-4.794299999999964,59.648773137671704,4.6803259075434855,19.0,20.510336
2020-02-05 19:00:00,-4.482399999999984,61.71137526026448,4.691302079941641,23.0,20.036583
2020-02-05 20:00:00,-4.082679999999982,61.67003988844954,4.543229413244987,20.0,19.604488
2020-02-05 21:00:00,-4.080240000000003,61.7156086882234,4.544319391949236,13.0,20.004566
2020-02-05 22:00:00,-3.9266700000000014,61.84216244792772,4.508120184473008,12.0,17.961666
2020-02-05 23:00:00,-3.7567999999999984,62.52517419440472,4.512905671534707,15.0,20.001474
2020-02-06 00:00:00,-3.8164999999999623,63.10932283334758,4.572674238502208,16.0,20.914822
2020-02-06 01:00:00,-4.184969999999964,63.02525864102778,4.6797596030691295,21.0,21.648663
2020-02-06 02:00:00,-4.0487999999999715,63.57118831264934,4.666765410726952,27.0,21.811022
2020-02-06 03:00:00,-3.4770999999999503,64.67838134309372,4.441917125861316,27.0,21.923336
2020-02-06 04:00:00,-2.451759999999979,65.21048525693715,3.838849147701026,30.0,20.17851
2020-02-06 05:00:00,1.289420000000007,47.9174849538442,2.270916687205264,28.0,49.755676
2020-02-06 06:00:00,0.41302000000001726,57.648155121626296,2.910651114269007,29.0,361.7135
2020-02-06 07:00:00,2.303860000000043,61.025916978134745,2.016280622395365,34.0,401.42212
2020-02-06 08:00:00,2.935800000000029,65.96675157775859,1.772950015560354,34.0,385.22705
2020-02-06 09:00:00,3.2182300000000055,70.65875328050595,1.6308669639973945,25.0,341.3474
2020-02-06 11:00:00,3.694569999999999,76.9212534982303,1.0913031242124116,32.0,98.84068
2020-02-06 12:00:00,3.0926000000000045,80.21666497885526,0.8516010062086253,33.0,57.939743
2020-02-06 13:00:00,2.4833300000000236,82.2766017159783,1.278630066974244,54.0,32.61064
2020-02-06 14:00:00,1.5076200000000313,81.40645868155119,1.969712393142118,133.0,30.578201
2020-02-06 15:00:00,-0.5866999999999507,81.15088622808918,2.2926926746349805,154.0,29.408035
2020-02-06 16:00:00,-2.0071199999999862,79.25055870897215,2.5921829426015823,69.0,26.908554
2020-02-06 17:00:00,-4.299929999999961,76.97920020530475,3.1639826213661624,44.0,26.907562
2020-02-06 18:00:00,-6.276999999999987,72.82478314879393,3.7561231425694404,41.0,26.68277
2020-02-06 19:00:00,-6.126039999999989,66.69882693170817,3.922374368736887,51.0,26.095581
2020-02-06 20:00:00,-6.387999999999977,64.21610531580212,4.2628844498222165,43.0,24.55835
2020-02-06 21:00:00,-6.368200000000002,63.2413896659715,4.466932764681488,35.0,24.618057
2020-02-06 22:00:00,-6.309699999999964,61.81331614297666,4.603396403383424,42.0,24.23146
2020-02-06 23:00:00,-5.9332299999999805,59.88702955128704,4.578553507161106,48.0,24.421722
2020-02-07 00:00:00,-5.767679999999984,57.76527673593501,4.576409213287963,30.0,25.738073
2020-02-08 00:00:00,-3.8678299999999695,50.45696910881924,4.898684743246303,9.0,30.835022
2020-02-08 01:00:00,-3.875699999999995,49.62739132969554,4.928938553869462,8.0,30.313843
2020-02-08 02:00:00,-3.8924299999999903,49.4891943172313,4.961115079534129,9.0,30.335007
2020-02-08 03:00:00,-3.4389999999999645,50.66167544337273,4.883314098561209,9.0,29.916336
2020-02-08 04:00:00,-1.8594699999999875,54.2956304793332,4.340206372632801,8.0,28.94603
2020-02-08 05:00:00,-0.17196999999998752,56.636858094113485,3.578398915368744,9.0,32.924072
2020-02-08 06:00:00,4.985929999999996,38.217038507303116,2.599763424086301,8.0,63.586807
2020-02-08 07:00:00,11.21908000000002,27.46863239223999,1.7105149109137054,8.0,85.773605
2020-02-08 08:00:00,12.466670000000022,24.296328270708507,0.5315631268094735,6.0,95.10477
2020-02-08 09:00:00,12.737150000000042,24.975737627798413,0.5801124414847938,6.0,101.425934
2020-02-08 10:00:00,12.929500000000019,24.6257358317073,0.5740297331674084,6.0,96.02783
2020-02-08 11:00:00,12.697660000000042,24.044744264869472,1.4127680075234936,10.0,69.28131
2020-02-08 12:00:00,7.04910000000001,30.432144430953812,2.7527838904182937,9.0,54.806458
2020-02-08 13:00:00,-0.22459999999995262,41.59587143360557,4.02525084395529,12.0,46.11679
2020-02-08 14:00:00,-2.1737399999999525,48.012937480963004,4.5407857360251205,11.0,37.66266
2020-02-08 15:00:00,-2.7165999999999713,52.56423219252102,4.703180669497412,10.0,29.36493
2020-02-08 16:00:00,-2.6428599999999847,53.199299274052,4.7927782550989875,11.0,28.262909
2020-02-08 17:00:00,-2.464499999999987,53.10876677397817,4.834601957623155,9.0,28.554413
2020-02-08 18:00:00,-2.4114699999999516,53.135982413678875,4.83421842917153,9.0,26.842087
2020-02-08 19:00:00,-2.4352199999999584,54.434180023346855,4.884402368128031,9.0,26.516922
2020-02-08 20:00:00,-2.156129999999962,52.16178166515118,4.740051837960657,7.0,26.854477
2020-02-08 21:00:00,-2.2279399999999896,51.88455275074056,4.7660859029977205,9.0,26.904877
2020-02-08 22:00:00,-2.3670399999999745,52.087290273860326,4.800544490268483,8.0,28.234253
2020-02-08 23:00:00,-2.4608199999999556,52.30155565880826,4.852421803837395,11.0,28.105957
2020-02-09 00:00:00,-2.4665299999999775,52.39733340983863,4.893318813335033,10.0,27.907257
2020-02-09 01:00:00,-2.323099999999954,52.76377712822669,4.964242410102187,7.0,28.429016
2020-02-09 02:00:00,-2.2303199999999492,53.00517632190909,5.053106967969233,8.0,29.636719
2020-02-09 03:00:00,-1.5485599999999522,54.29584382284584,5.052079387735005,8.0,30.995407
2020-02-09 04:00:00,0.4245999999999981,58.096079434514614,4.5936720496601415,7.0,33.319122
2020-02-09 05:00:00,2.2320000000000277,60.59808142846579,3.99337898655313,11.0,36.395844
2020-02-09 06:00:00,3.8555500000000507,59.52167188352953,3.4138191471906185,8.0,60.981262
2020-02-09 07:00:00,7.16070000000002,50.12059491965831,2.7685915777807666,13.0,103.144806
2020-02-09 08:00:00,12.26135000000005,35.208493629083364,2.0981181814621697,10.0,130.87834
2020-02-09 09:00:00,13.583300000000008,32.439341944850405,1.9209428997574758,7.0,142.10382
2020-02-09 10:00:00,12.844930000000033,33.21433929757327,2.1200984782290324,5.0,116.78967
2020-02-09 11:00:00,6.924040000000048,43.952723971769885,3.0885966228531383,9.0,115.90314
2020-02-09 12:00:00,2.1367700000000127,51.96138002380759,4.271573490800439,10.0,67.666534
2020-02-09 13:00:00,0.7676600000000349,56.98878449233137,4.873913482434103,12.0,53.837723
2020-02-09 14:00:00,1.2531700000000114,60.38311828910317,4.6530363873778,14.0,51.262573
2020-02-09 15:00:00,2.0662000000000376,55.44911034799777,4.072709862959448,11.0,32.844772
2020-02-09 16:00:00,8.955870000000004,30.102541305362017,1.875923733926966,15.0,350.41602
2020-02-09 17:00:00,7.987450000000024,46.958665274453686,1.2038337018439134,12.0,64.11333
2020-02-09 18:00:00,6.541100000000029,56.97768589174538,1.6432348811361395,8.0,69.977005
2020-02-09 19:00:00,3.1404700000000503,74.01353779006585,2.194202628033807,7.0,72.85162
2020-02-09 20:00:00,1.8318700000000376,81.23136027179729,2.316755851331056,7.0,70.059814
2020-02-09 21:00:00,1.0390300000000252,83.4352050031189,2.4280577978060345,9.0,76.27023
2020-02-09 22:00:00,0.7138300000000299,85.51102887943463,2.411537425407885,8.0,83.66118
2020-02-09 23:00:00,0.8053199999999947,86.19876886565802,2.301228189498323,15.0,76.61301
2020-02-10 00:00:00,0.7974500000000262,86.80753108112806,2.257446038155599,13.0,79.242966
2020-02-10 01:00:00,0.3209500000000389,87.55075656805836,2.3423184938658212,9.0,83.478
2020-02-10 02:00:00,0.07582999999999629,87.1035299218602,2.4832580490090232,9.0,79.63747
2020-02-10 03:00:00,0.13730000000003884,85.89978685504252,2.6318377225502965,9.0,75.20589
2020-02-10 04:00:00,1.006430000000023,83.6173485183367,2.6187020610196363,11.0,89.280106
2020-02-10 05:00:00,2.6173600000000192,80.41573596016542,2.3761980634198423,9.0,114.71472
2020-02-10 06:00:00,4.051140000000032,81.30667223680766,2.4415070912300187,9.0,188.50262
2020-02-10 07:00:00,6.432100000000048,70.54617161714118,1.858216161220519,9.0,262.08395
2020-02-10 08:00:00,8.260520000000042,65.10053947760355,1.3743815160278579,8.0,314.63098
2020-02-10 09:00:00,7.823630000000037,68.63663714296467,1.5809827758641222,8.0,308.66357
2020-02-10 10:00:00,5.593440000000044,76.54035262310411,2.1017056346176406,12.0,273.6338
2020-02-10 11:00:00,4.481700000000046,81.04604835260534,2.181789430812252,14.0,186.2428
2020-02-10 12:00:00,3.223100000000045,88.42007045490764,2.195532376672123,12.0,142.17465
2020-02-10 13:00:00,1.713770000000011,94.76304046884981,2.3808365308483674,10.0,124.38045
2020-02-10 14:00:00,1.0816300000000183,97.54848416968322,2.677326344443262,9.0,148.76602
2020-02-10 15:00:00,0.5723800000000097,98.74335163944718,2.53134145027355,9.0,139.99852
2020-02-10 16:00:00,0.025300000000015643,98.08737648762681,1.84415141490778,13.0,104.2836
2020-02-10 17:00:00,-0.2650199999999927,98.26001233441116,1.423228468456996,6.0,72.83537
2020-02-10 18:00:00,-0.795599999999979,98.22571520677097,1.466105028866203,5.0,86.57387
2020-02-10 19:00:00,-0.9421399999999949,98.47390176258762,1.560443239793271,3.0,87.43153
2020-02-10 20:00:00,-1.1002599999999916,98.15057653345396,1.2984930407827575,11.0,93.90228
2020-02-10 21:00:00,-1.3886499999999842,98.0185720161434,1.3043166445825836,9.0,93.6525
2020-02-10 22:00:00,-1.98303999999996,97.8413002618725,1.5132092307511915,7.0,87.32039
2020-02-10 23:00:00,-2.3366499999999633,97.73434646225381,1.3699895731407923,11.0,86.04828
2020-02-11 00:00:00,-2.7635999999999967,96.36697873435197,1.4533516390397794,10.0,73.78212
2020-02-11 01:00:00,-3.1884000000000015,95.37444160674256,1.2222982708849353,11.0,67.87105
2020-02-11 08:00:00,0.06283000000001948,82.3375374929197,1.8081781549809488,33.0,237.15211
2020-02-11 09:00:00,0.35410000000001673,81.70479044463693,1.8827362148584597,46.0,238.85622
2020-02-11 10:00:00,0.4635300000000484,82.68270917809494,1.7379467981410506,88.0,188.42761
2020-02-11 11:00:00,-0.03601999999995087,85.33068203507177,1.394047354116674,44.0,121.19998
2020-02-11 12:00:00,0.7767600000000243,75.82398816685975,0.7749621178884326,32.0,55.520096
2020-02-11 13:00:00,0.8196700000000305,74.18454188799456,0.6310909676832468,36.0,35.925613
2020-02-11 14:00:00,0.9955700000000434,71.97529989680288,0.7690799457204418,46.0,31.828583
2020-02-11 15:00:00,1.3960800000000404,67.94492680394038,1.24063932396255,53.0,26.091614
2020-02-11 16:00:00,1.6642400000000066,64.73318017476949,1.2872248136587736,63.0,24.32103
2020-02-11 17:00:00,1.8777699999999982,62.12985085247118,1.366624900142874,105.0,28.084457
2020-02-11 18:00:00,2.502340000000004,58.41401970923705,1.3253887005192533,126.0,29.444275
2020-02-11 19:00:00,2.233879999999999,60.413929865091845,1.3110516197021664,101.0,28.414246
2020-02-11 20:00:00,1.2829800000000091,62.61843324684536,1.5944689373007117,82.0,27.308212
2020-02-11 21:00:00,0.7847000000000435,62.80131007637396,1.7727826204028179,43.0,26.771103
2020-02-11 22:00:00,-1.4762299999999868,68.58561528275871,2.3688437016712856,74.0,33.089676
2020-02-11 23:00:00,-2.577759999999955,69.83396976126274,2.8570601400097075,67.0,36.50493
2020-02-12 00:00:00,-2.6423699999999712,68.54371904116638,3.407228975402529,65.0,33.16014
2020-02-12 01:00:00,-2.524569999999983,68.29771911798318,3.9674985469069974,61.0,37.229904
2020-02-12 02:00:00,-3.0642499999999586,73.2506763813571,4.484046111163152,60.0,36.526672
2020-02-12 03:00:00,-2.8009999999999877,72.41624033195333,4.521966523565106,69.0,34.166885
2020-02-12 04:00:00,-0.7956299999999601,70.65951933461639,4.028103191893487,17.0,34.25534
2020-02-12 05:00:00,1.9065800000000195,67.70350560074962,3.010242033729434,19.0,34.2464
2020-02-12 06:00:00,5.194900000000018,57.296614714933725,1.8058768114405646,18.0,38.507294
2020-02-12 07:00:00,7.170980000000043,46.00450462637238,1.8378903914075317,25.0,71.61165
2020-02-12 08:00:00,10.274680000000046,34.839123946991805,0.7716817361440207,143.0,108.79367
2020-02-12 09:00:00,9.90160000000003,40.24414919768853,1.2098644760490262,96.0,156.43973
2020-02-12 10:00:00,9.611540000000048,44.35122762942997,1.0924781413584967,96.0,98.06827
2020-02-12 11:00:00,8.593530000000044,50.285468133026725,1.2166659794318448,78.0,108.94211
2020-02-12 12:00:00,7.824600000000032,54.247704027005916,1.0726581725600344,78.0,61.027847
2020-02-12 13:00:00,7.087240000000008,54.80393118551548,1.6549078524888747,94.0,38.783173
2020-02-12 14:00:00,6.995870000000025,52.21285086887803,1.827112248008352,70.0,35.408783
2020-02-12 15:00:00,4.70123000000001,55.35048623859392,2.1876096577893964,125.0,31.655258
2020-02-12 16:00:00,4.970420000000047,52.577398865157264,2.141533834857955,96.0,26.69629
2020-02-12 17:00:00,5.221249999999998,51.181067910014946,2.085810675998241,120.0,26.225418
2020-02-12 18:00:00,7.275800000000004,45.97753054226763,1.7492134180784937,25.0,34.158665
2020-02-12 19:00:00,7.155900000000031,45.3825864212797,1.364440462184153,21.0,70.46675
2020-02-12 20:00:00,4.921660000000031,55.87012352345884,1.7051800902655885,14.0,79.706955
2020-02-12 21:00:00,2.3110000000000355,68.07879462322154,2.004360140452519,13.0,103.408646
2020-02-12 22:00:00,2.603020000000015,75.02439862064502,1.3435001061762406,11.0,66.69052
2020-02-12 23:00:00,1.5615000000000236,81.94368430657606,0.7519041905319428,8.0,45.43814
2020-02-13 00:00:00,0.7166000000000281,87.69692539913753,0.8629602988251965,10.0,28.193062
2020-02-13 01:00:00,0.21014000000002397,92.26229110926963,0.3660440668104189,8.0,27.678219
2020-02-13 02:00:00,-0.5550299999999879,98.22081513552507,0.4356952323711592,20.0,32.312904
2020-02-13 03:00:00,-0.706519999999955,98.74578408370898,0.8686240691604324,47.0,28.722183
2020-02-13 04:00:00,-1.2478399999999965,97.15459306867375,1.2642230384668776,47.0,83.15843
2020-02-13 05:00:00,-0.5461499999999546,96.96711969819532,1.3086373196643675,64.0,124.32922
2020-02-13 06:00:00,0.6234400000000164,91.24471872174323,1.9032691259747847,37.0,138.94742
2020-02-13 07:00:00,0.14044000000001233,97.29862341890765,2.1830417322657993,33.0,179.97723
2020-02-13 08:00:00,-0.03451999999998634,96.38796119634036,2.4599924231776833,26.0,243.36511
2020-02-13 09:00:00,-0.43496999999996433,97.14109395284387,2.14034433891582,18.0,214.75484
2020-02-13 10:00:00,-0.6947999999999865,96.43566694724873,1.8949627112995997,17.0,198.57288
2020-02-13 11:00:00,-1.1286999999999807,97.97763666821822,1.8531204182650869,33.0,138.45253
2020-02-13 12:00:00,-1.6946800000000053,97.86992095416053,1.6979927162405202,37.0,98.54091
2020-02-13 13:00:00,-2.100559999999973,96.8144468193966,1.2561486416618826,56.0,69.61249
2020-02-13 14:00:00,-2.50106999999997,96.36853424577956,1.105767776732218,35.0,56.56154
2020-02-13 15:00:00,-2.4815399999999954,96.07967817902119,0.9834494767404169,31.0,58.14975
2020-02-13 16:00:00,-1.9659800000000018,95.58889145756822,0.37242344630784396,43.0,41.54648
2020-02-13 17:00:00,-1.775669999999991,94.03503701381862,0.5539679806400366,44.0,25.42836
2020-02-13 18:00:00,-1.5450799999999845,92.57981583955018,0.84380250284845,32.0,37.563248
2020-02-13 19:00:00,-0.9345500000000015,91.47402499776153,1.0429482870914728,26.0,34.920715
2020-02-13 20:00:00,-0.8091999999999757,89.33816313108295,1.1000250245651595,17.0,24.95514
2020-02-13 21:00:00,-0.8411600000000021,89.50338919116203,1.080846105638441,19.0,23.846573
2020-02-13 22:00:00,-1.4476699999999596,90.79704358659627,1.2680922782320931,80.0,25.553436
2020-02-13 23:00:00,-1.8958999999999833,90.21703555687414,1.4020803442863239,71.0,29.16954
2020-02-14 00:00:00,-3.4059799999999996,90.67540072691541,1.8252384669986585,55.0,24.357986
2020-02-14 01:00:00,-4.237099999999998,88.80100848591313,2.3329682571208057,32.0,28.922623
2020-02-14 02:00:00,-4.470979999999997,85.04020318759478,2.4845291326541266,9.0,25.74263
2020-02-14 03:00:00,-4.6312299999999595,81.81638813085124,2.598545346453991,7.0,27.34021
2020-02-14 04:00:00,-3.545500000000004,78.13509384550693,2.318121977235351,10.0,38.82527
2020-02-14 05:00:00,0.09783000000004449,65.90910014243977,1.4536737988813753,7.0,79.558975
2020-02-14 06:00:00,2.6464500000000157,55.3601999260051,1.0565817359275345,7.0,145.16757
2020-02-14 07:00:00,4.049770000000024,55.07165416857349,1.0413237822258865,5.0,167.71106
2020-02-14 08:00:00,4.807950000000005,51.724376094608246,1.1098890992686612,5.0,209.20535
2020-02-14 09:00:00,4.906700000000001,52.35682720930082,1.4305588309235382,3.0,230.38188
2020-02-14 10:00:00,4.8134000000000015,54.40249128690993,1.5530659587778664,3.0,224.97575
2020-02-14 11:00:00,4.838950000000011,54.16885450681627,1.152408143236076,24.0,112.57445
2020-02-14 12:00:00,4.448050000000023,55.99699935780395,0.3772094167433695,51.0,52.3347
2020-02-14 13:00:00,3.928980000000024,57.73337403236214,0.8842798199260961,61.0,45.081314
2020-02-14 14:00:00,2.5297500000000355,57.916131046562334,1.9038228033542701,54.0,51.6147
2020-02-14 15:00:00,-0.7777499999999691,61.13098440866668,2.5083856996344482,40.0,46.93779
2020-02-14 16:00:00,-2.2067599999999743,59.52237102568289,2.892547587744293,33.0,37.61203
2020-02-14 17:00:00,-3.451939999999979,57.89057546443064,3.2512079141102035,24.0,31.583054
2020-02-14 18:00:00,-4.127479999999991,56.45994694295819,3.780750468659635,37.0,27.559479
2020-02-14 19:00:00,-4.82284999999996,59.196377520459635,4.524353026348361,18.0,22.488327
2020-02-14 20:00:00,-4.278539999999964,57.23963086895546,4.551208260168626,14.0,21.42703
2020-02-14 21:00:00,-4.2783000000000015,55.61188734562234,4.658048461325798,17.0,20.706661
2020-02-14 22:00:00,-4.2932799999999816,54.57711157404788,4.675629349675461,22.0,21.66159
2020-02-14 23:00:00,-4.264259999999979,53.59667324724139,4.672071866626722,11.0,21.900818
2020-02-15 00:00:00,-4.150519999999972,52.78705628157396,4.658375068055386,10.0,21.063156
2020-02-15 01:00:00,-3.9013400000000047,52.41391860191812,4.6119304147019955,20.0,21.030437
2020-02-15 02:00:00,-3.9393399999999588,51.84146852925488,4.590793231904075,48.0,21.18652
2020-02-15 03:00:00,-3.4467199999999707,51.85468782433868,4.330167693804217,69.0,21.09908
2020-02-15 04:00:00,-1.9391999999999712,53.32079809506011,3.544990335235057,26.0,21.124695
2020-02-15 05:00:00,2.830000000000041,38.364374626906695,2.0711838803298948,20.0,23.244797
2020-02-15 06:00:00,7.223780000000033,23.97482135407319,0.9485916002860931,17.0,85.078705
2020-02-15 07:00:00,7.188199999999995,28.78360941242311,0.7244570402089223,31.0,142.07819
2020-02-15 08:00:00,7.515950000000032,33.19808589550281,0.8491332490339161,29.0,165.95348
2020-02-15 09:00:00,6.774400000000014,40.17911221670219,1.3550960424084522,31.0,167.83392
2020-02-15 10:00:00,5.811360000000036,43.74228170025033,1.6543051030997153,50.0,154.29707
2020-02-15 11:00:00,5.893520000000024,43.34767654509044,1.1626743299608984,61.0,59.437088
2020-02-15 12:00:00,5.742800000000045,43.88957248618265,1.2242180862472862,68.0,27.44841
2020-02-15 13:00:00,4.59250000000003,47.753539377539816,1.7962805994833888,74.0,30.612202
2020-02-15 14:00:00,3.330380000000048,51.844501703997715,1.9277300589063717,166.0,37.77793
2020-02-15 15:00:00,2.580000000000041,55.656428187988766,1.9392155624961476,99.0,51.972263
2020-02-15 16:00:00,1.5344500000000494,59.23541057629888,2.0836393791569523,96.0,80.379
2020-02-15 17:00:00,-0.8476999999999748,68.98624655652571,2.5881710814110135,31.0,268.17822
2020-02-15 18:00:00,-1.3710699999999747,76.46079780119518,2.4088678304558986,10.0,273.06482
2020-02-15 19:00:00,-1.666969999999992,87.33580418694454,2.0199950716264037,11.0,41.58943
2020-02-15 20:00:00,-2.519959999999969,86.13625079714316,2.0170492906462503,8.0,30.188187
2020-02-15 21:00:00,-2.4084199999999782,89.57979084512621,1.8728632249312798,6.0,53.714836
2020-02-15 22:00:00,-2.51724999999999,89.86415533084052,1.8408699732619738,4.0,63.794235
2020-02-15 23:00:00,-2.768599999999992,96.08322784283368,1.8067532431456061,6.0,109.25795
2020-02-16 00:00:00,-3.170569999999998,97.57594330098267,1.9973088688471246,4.0,120.48044
2020-02-16 01:00:00,-3.7058999999999855,97.91108312050565,2.163342308182884,2.0,102.89397
2020-02-16 02:00:00,-4.238869999999963,97.43350170397628,2.0035272735444254,3.0,104.75838
2020-02-16 03:00:00,-4.444919999999968,96.91602246826236,2.2221271000696374,11.0,103.44673
2020-02-16 04:00:00,-3.668459999999982,96.28058084734441,2.506505060117115,5.0,166.07652
2020-02-16 05:00:00,-2.7358199999999897,94.03008923508402,2.7395428640747435,3.0,262.01135
2020-02-16 06:00:00,-2.4569999999999936,89.52869336044607,2.8237854956395245,3.0,326.6123
2020-02-16 07:00:00,-2.0989699999999516,84.74983667343352,2.617191052717803,2.0,430.55737
2020-02-16 08:00:00,-1.5971999999999866,80.2722962905334,2.6747866890791743,13.0,516.15063
2020-02-16 09:00:00,-1.6777699999999527,79.8687338803153,2.5013120614900495,7.0,459.48975
2020-02-16 10:00:00,-2.3774799999999914,80.11505843568712,2.2259849011536534,2.0,378.5327
2020-02-16 11:00:00,-1.4940199999999777,73.55899583145755,1.5819184635157812,0.0,276.58472
2020-02-16 12:00:00,-0.8936499999999796,68.91672145081095,0.828136008923427,10.0,101.95047
2020-02-16 13:00:00,-1.134619999999984,67.61797891029026,0.8090288932516536,51.0,56.14418
2020-02-16 14:00:00,-1.287399999999991,63.95374784229143,1.511271023282859,49.0,47.96698
2020-02-16 15:00:00,-3.2866599999999835,63.11621582723271,2.04699619964562,54.0,46.13344
2020-02-16 16:00:00,-5.063099999999963,60.03815767227737,2.4003214540219275,56.0,44.911575
2020-02-16 17:00:00,-6.04965999999996,55.14294243177439,2.6593344683539715,63.0,40.248383
2020-02-16 18:00:00,-6.4305799999999635,50.06229592398944,2.80932953262955,40.0,33.537354
2020-02-16 19:00:00,-8.943899999999985,53.69667915341876,4.054424845457006,33.0,29.733124
2020-02-16 20:00:00,-8.261759999999981,50.932568231825115,3.826343955177558,30.0,28.432587
2020-02-16 21:00:00,-7.597969999999975,49.18464419593261,3.413401415008718,21.0,29.489319
2020-02-16 22:00:00,-5.704259999999977,43.62898947226679,2.75253251307503,17.0,33.666428
2020-02-16 23:00:00,-2.8295699999999897,36.316304370595844,1.9944963128564062,18.0,38.6131
2020-02-17 00:00:00,-1.1323999999999614,34.140646109945834,1.4718257801718857,18.0,52.58705
2020-02-17 01:00:00,-1.438099999999963,36.00884901376112,1.077546748465889,24.0,44.217453
2020-02-17 02:00:00,-1.4792799999999602,37.848972007150934,0.6294349520118805,36.0,36.846455
2020-02-17 03:00:00,-1.6370000000000005,40.360332027254024,0.5394290457969594,41.0,31.182083
2020-02-17 04:00:00,-1.434699999999964,41.92503808116459,0.7069818687535308,27.0,48.051468
2020-02-17 05:00:00,-1.0177999999999656,44.021747647377126,0.8180757492705498,25.0,81.88982
2020-02-17 06:00:00,-0.7313299999999572,50.5782841193401,0.9926034412282057,32.0,133.10458
2020-02-17 07:00:00,-1.0655999999999608,61.70182958407986,1.336316110349738,33.0,172.42358
2020-02-17 08:00:00,-1.214179999999999,68.47233131557887,1.4932843538172391,25.0,210.71776
2020-02-17 09:00:00,-1.3774799999999914,72.70122400583621,1.6921194672183617,18.0,235.60251
2020-02-17 10:00:00,-1.644079999999974,74.83022347669645,1.6698965823233636,18.0,214.69812
2020-02-17 11:00:00,-1.619359999999972,75.57615904252776,1.4162804719654287,22.0,150.28737
2020-02-17 12:00:00,-1.8699699999999666,78.5853023559676,1.0449626389699804,60.0,81.38937
2020-02-17 13:00:00,-2.1321499999999673,81.76971051811807,0.3243248552117067,65.0,44.926987
2020-02-17 14:00:00,-2.1896699999999782,82.21350444391457,0.35192644448355737,58.0,35.277252
2020-02-17 15:00:00,-2.3254799999999705,82.33919282424722,0.40369526478262513,121.0,34.41272
2020-02-17 16:00:00,-2.5791999999999575,82.73426112351545,0.4339442817822299,64.0,32.20662
2020-02-17 17:00:00,-2.830799999999954,82.22734070110073,0.5834771196693054,77.0,31.437302
2020-02-17 18:00:00,-3.0040599999999813,81.56121645479662,0.49124117960191216,76.0,32.07405
2020-02-17 19:00:00,-2.181769999999972,76.81566358217651,0.16101617867883572,59.0,35.306915
2020-02-17 20:00:00,-2.470429999999965,79.52845212829365,0.4474080438414134,49.0,42.041702
2020-02-17 21:00:00,-2.8132399999999507,82.45768706270792,0.7657733656507872,48.0,47.703445
2020-02-17 22:00:00,-3.480199999999968,87.11306330467437,1.0979536071450968,54.0,40.977615
2020-02-17 23:00:00,-4.12991999999997,91.42337108362818,1.2412856110916342,39.0,54.536697
2020-02-18 00:00:00,-4.360629999999958,94.25196299071094,1.2061821332122253,41.0,60.37755
2020-02-18 01:00:00,-4.418829999999957,96.74883009368213,1.136694010639491,36.0,63.820923
2020-02-18 02:00:00,-4.438799999999958,95.772181413103,1.12539141386093,41.0,61.718536
2020-02-18 03:00:00,-4.487899999999968,96.03802753417368,1.1639716804555214,38.0,59.441795
2020-02-18 04:00:00,-4.475319999999954,95.9187708629724,1.3115036900592105,37.0,94.306305
2020-02-18 05:00:00,-4.689859999999953,95.14077995774281,1.5150198958462624,63.0,139.91365
2020-02-18 06:00:00,-4.2762500000000045,93.04578495452593,2.0127464427940347,56.0,199.97475
2020-02-18 07:00:00,-3.231359999999995,91.43972458056612,2.4751079261162916,44.0,248.67972
2020-02-18 08:00:00,-3.016999999999996,90.49308538929915,2.604335277811874,32.0,276.78864
2020-02-18 09:00:00,-3.151999999999987,88.32195960173932,2.6562768889907433,21.0,277.03333
2020-02-18 10:00:00,-3.4861799999999903,91.1840485248784,2.4643831699043965,20.0,291.52176
2020-02-18 11:00:00,-3.795749999999998,93.13947918186462,2.0584617316215525,16.0,268.02942
2020-02-18 12:00:00,-4.640019999999993,94.52358224917778,1.6911701199638676,23.0,213.60486
2020-02-18 13:00:00,-5.434100000000001,95.91741360848322,1.616920723626734,20.0,172.74841
2020-02-18 14:00:00,-5.534999999999968,96.29180513948542,1.538495891436958,22.0,164.1134
2020-02-18 15:00:00,-5.284339999999986,95.96730120780038,1.379047265260915,20.0,132.95322
2020-02-18 16:00:00,-4.3517799999999625,93.34994089807618,1.1648033569109721,21.0,105.68884
2020-02-18 17:00:00,-4.809849999999983,92.55432064178314,0.9708122977342861,19.0,51.25656
2020-02-18 18:00:00,-4.858799999999974,91.64410178369506,0.8742621576752038,15.0,19.214066
2020-02-18 19:00:00,-5.560900000000004,92.62707772922954,1.3892949712911056,18.0,15.74018
2020-02-18 20:00:00,-8.59045999999995,94.02921622984238,2.01757762452747,15.0,17.618713
2020-02-18 21:00:00,-10.551979999999958,92.4970600343051,2.530885307973811,15.0,18.600328
2020-02-18 22:00:00,-11.775849999999991,90.6670915457981,2.8770352688236347,16.0,18.064041
2020-02-18 23:00:00,-11.895899999999983,88.38227204124465,2.8954681475838706,11.0,15.192997
2020-02-19 00:00:00,-11.580479999999966,86.91164970297376,2.8343842224283007,22.0,15.622383
2020-02-19 01:00:00,-12.090219999999988,83.89781936928284,2.9824894534703796,17.0,17.33854
2020-02-19 02:00:00,-11.385400000000004,77.74947340779043,2.8690115238496774,25.0,19.554718
2020-02-19 03:00:00,-10.651039999999966,69.72401747789107,2.8166827482404324,41.0,20.142748
2020-02-19 04:00:00,-6.362799999999993,52.64906390429755,2.0686474334539025,26.0,18.335865
2020-02-19 05:00:00,-2.9325000000000045,42.75611876376946,0.610588562132677,16.0,51.70671
2020-02-19 06:00:00,-1.9183699999999817,41.93742998091668,0.5726024785432589,18.0,102.19232
2020-02-19 07:00:00,-1.4483699999999544,44.79178193746926,1.0884481288905037,15.0,131.94562
2020-02-19 08:00:00,-1.0809699999999793,44.75864344858572,1.3693153859113867,15.0,163.12431
2020-02-19 09:00:00,-0.7893699999999626,44.89299856852043,1.5549566538092596,38.0,160.77576
2020-02-19 10:00:00,-0.7986199999999712,45.765505254877844,1.6926252938029644,46.0,174.99866
2020-02-19 11:00:00,-0.48759999999998627,44.967348273991504,1.392086371034252,49.0,130.51543
2020-02-19 12:00:00,-0.4209399999999732,44.70104524667224,0.5270595343415136,58.0,47.960587
2020-02-19 13:00:00,-0.6068499999999517,44.14710238061615,1.1889765550159936,82.0,20.401093
2020-02-19 14:00:00,-0.6381999999999834,40.55964971883443,1.892015384572147,109.0,15.454484
2020-02-19 15:00:00,-0.21725999999995338,37.33599954913173,1.5615650498921478,97.0,14.994876
2020-02-19 16:00:00,0.14260000000001583,34.01788908265175,1.8122459397674975,69.0,17.545279
2020-02-19 17:00:00,-0.07720000000000482,30.55974567625707,2.0482425201092402,66.0,21.276287
2020-02-19 18:00:00,-2.4342399999999884,31.448878981461476,2.4856574692649205,50.0,22.856335
2020-02-19 19:00:00,-0.5603999999999587,24.69021840581826,2.3268108815844424,25.0,20.789757
2020-02-19 20:00:00,0.9036000000000399,20.11005829300284,2.2334333575355214,17.0,18.872944
2020-02-19 21:00:00,-1.6667799999999602,22.144135342058696,2.656726212187516,17.0,20.107761
2020-02-19 22:00:00,-2.415079999999989,21.344963830979456,2.8649438445526707,34.0,20.588608
2020-02-19 23:00:00,-2.455449999999985,20.151456837139943,2.9707610249497214,47.0,21.115194
2020-02-20 00:00:00,-2.6937599999999975,20.427998942944374,3.1067843071631738,11.0,20.94121
2020-02-20 01:00:00,-2.955539999999985,22.44289389042155,3.2359753230623722,32.0,20.847351
2020-02-20 02:00:00,-3.020179999999982,24.387048427497483,3.3176678898205165,14.0,20.740932
2020-02-20 03:00:00,-2.0410999999999717,25.055044828410804,3.23230790682863,23.0,20.743067
2020-02-20 04:00:00,2.359100000000012,20.195691540979116,2.608580969279468,121.0,20.077457
2020-02-20 05:00:00,7.192600000000027,14.939391439003787,1.486517784702838,112.0,18.567822
2020-02-20 06:00:00,8.013700000000028,15.565360074750478,0.643728598555958,51.0,27.586992
2020-02-20 07:00:00,8.33743000000004,18.15707076061974,0.5376032565835981,42.0,43.210026
2020-02-20 08:00:00,8.959500000000048,20.009101034739654,0.5913710303472608,61.0,50.928604
2020-02-20 09:00:00,9.511650000000031,21.10290786237011,0.4633427160514897,106.0,53.80873
2020-02-20 10:00:00,9.731960000000015,21.55112783266828,0.7784161346396926,62.0,36.50688
2020-02-20 11:00:00,9.689780000000042,21.437356475788526,1.621719917720375,68.0,29.070404
2020-02-20 12:00:00,7.859640000000013,22.44125159976257,2.3893680357098295,107.0,24.766586
2020-02-20 13:00:00,4.942600000000027,24.32370151505549,2.8324628771604585,164.0,25.018948
2020-02-20 14:00:00,4.579200000000014,22.784561519055778,2.9250791139605115,175.0,22.115414
2020-02-20 15:00:00,6.102869999999996,19.449751647171365,2.7404334400033057,104.0,19.433895
2020-02-20 16:00:00,8.740139999999997,15.800836258613991,2.477759530922197,74.0,18.909607
2020-02-20 17:00:00,8.075980000000015,15.983131670054608,2.5035977468209163,96.0,18.099403
2020-02-20 18:00:00,3.3088000000000193,21.14060473888209,2.99541634369508,79.0,19.161184
2020-02-20 19:00:00,-5.3448999999999955,45.292481576300936,4.578949639958806,86.0,20.786024
2020-02-20 20:00:00,-4.762549999999976,44.32529764238187,4.551575844427186,71.0,20.820019
2020-02-20 21:00:00,-4.470919999999978,44.066296917638724,4.569278197396098,68.0,20.117903
2020-02-20 22:00:00,-4.286699999999996,44.275975447531245,4.630789004054316,82.0,22.247442
2020-02-20 23:00:00,-4.07275999999996,44.816062162495854,4.731219593758962,63.0,21.282398
2020-02-21 00:00:00,-3.8379999999999654,45.75906815162325,4.819799031410443,68.0,21.140112
2020-02-21 01:00:00,-3.4844399999999496,46.59673435657637,4.796600486489552,63.0,20.611128
2020-02-21 02:00:00,-3.246469999999988,46.32284136324407,4.772100106927548,42.0,20.202085
2020-02-21 03:00:00,-2.54562999999996,46.90528326831031,4.550482165591676,48.0,20.321712
2020-02-21 04:00:00,-0.664799999999957,45.49763639785282,4.005140707254327,27.0,20.815077
2020-02-21 05:00:00,4.787800000000004,31.874473256535207,3.063451079252214,12.0,22.569519
2020-02-21 06:00:00,13.37124,16.24770231470397,1.744981941729913,4.0,28.265717
2020-02-21 07:00:00,14.160060000000044,19.154131111550114,1.8958851163876786,0.0,25.02211
2020-02-21 08:00:00,15.123770000000036,18.463930003250045,0.9609267404401776,9.0,49.975067
2020-02-21 09:00:00,14.474940000000004,23.865204571389466,1.63733215932388,98.0,93.627945
2020-02-21 10:00:00,12.973400000000026,31.772202009006904,1.8103433109673452,98.0,77.971466
2020-02-21 11:00:00,12.32134000000002,38.720091332870076,1.6749824660329427,21.0,58.05162
2020-02-21 12:00:00,11.321619999999996,42.67794909873751,1.6456043181777111,63.0,36.654343
2020-02-21 13:00:00,10.597740000000044,41.093491290561786,2.0968099661636246,69.0,22.034143
2020-02-21 14:00:00,6.4664600000000405,43.99891503590603,2.686648051886092,25.0,18.586128
2020-02-21 15:00:00,3.9490600000000313,45.67560827929655,2.937913836470073,16.0,19.736376
2020-02-21 16:00:00,3.4919700000000375,44.411109586855154,2.9682605992570887,13.0,21.715816
2020-02-21 17:00:00,2.672080000000051,43.659332234546376,3.0979951098172354,17.0,21.029129
2020-02-21 18:00:00,2.7354700000000207,40.6789810585999,3.08944203796951,18.0,20.681873
2020-02-21 19:00:00,1.1911300000000438,36.0770918256724,3.399032785310569,6.0,21.291496
2020-02-21 20:00:00,2.7921699999999987,30.74120606955464,3.1194205838423317,5.0,20.833546
2020-02-21 21:00:00,3.7012000000000285,26.90454916759878,2.934217696434901,2.0,20.416035
2020-02-21 22:00:00,2.223140000000001,27.447788646144534,3.077391725242136,3.0,20.988142
2020-02-21 23:00:00,0.20855000000000246,30.150931871841724,3.3910182376647433,0.0,23.570456
2020-02-22 01:00:00,-1.9051299999999856,38.35949520553529,3.8858837727756343,1.0,29.388943
2020-02-22 02:00:00,-1.721839999999986,43.22478612087327,3.9451717411820297,2.0,26.71523
2020-02-22 03:00:00,-1.0845999999999663,45.277176128344045,3.828509511107064,3.0,25.467121
2020-02-22 04:00:00,2.302400000000034,37.04927020549826,2.983583900442342,11.0,24.985458
2020-02-22 05:00:00,9.937900000000013,20.595228100065462,1.0610074667640776,10.0,23.16977
2020-02-22 06:00:00,8.361500000000035,30.572357329692604,2.237391539048025,21.0,58.23842
2020-02-22 07:00:00,4.198200000000043,49.700054443607506,3.466024514589741,20.0,275.6729
2020-02-22 08:00:00,2.9797000000000367,71.53599623867598,3.674854890604496,22.0,389.03323
2020-02-22 09:00:00,3.8419700000000034,75.81372789858564,2.5857171572370943,18.0,331.09164
2020-02-22 10:00:00,5.251500000000021,72.0893153421794,1.8863455897948318,26.0,233.53293
2020-02-22 11:00:00,5.078730000000007,73.2459708049372,1.528888203459975,30.0,184.4462
2020-02-22 12:00:00,4.801140000000032,76.62905937926448,1.2602515339496296,27.0,118.1418
2020-02-22 13:00:00,4.070640000000026,81.29345799446718,1.162844293342876,18.0,104.49768
2020-02-22 14:00:00,3.555870000000027,84.5996109321386,0.88262077767816,14.0,111.32216
2020-02-22 15:00:00,3.0508700000000317,87.61763771068438,0.7840144706778048,17.0,103.26082
2020-02-22 16:00:00,2.6053700000000504,90.42379800242351,0.8553660720204052,9.0,89.174255
2020-02-22 17:00:00,2.030900000000031,88.79912123850767,1.187574200280135,16.0,91.54167
2020-02-22 18:00:00,1.7028999999999996,90.40129369481025,0.9792587211510495,19.0,87.319626
2020-02-22 19:00:00,0.3778000000000361,90.80342869017701,0.8715912820758787,29.0,72.741425
2020-02-22 20:00:00,-0.11715999999995574,91.19254217034026,1.1862937183858488,21.0,63.790024
2020-02-22 21:00:00,-0.45446999999995796,89.97597374322832,1.4262483391193168,16.0,63.136322
2020-02-22 22:00:00,-0.6625699999999597,90.45369105915957,1.4466404974305234,6.0,61.01175
2020-02-22 23:00:00,-1.0128499999999576,90.8793770004949,1.5476303313122461,6.0,90.34625
2020-02-23 00:00:00,-1.3150999999999726,90.3918324525429,1.6182066856604997,4.0,73.627945
2020-02-23 01:00:00,-1.9464499999999703,88.16655286909284,1.6937025404797272,6.0,69.1646
2020-02-23 02:00:00,-2.1084999999999923,86.05029795784961,1.7646563392984997,16.0,61.822067
2020-02-23 03:00:00,-1.17901999999998,81.78586487382736,1.6361350775440755,25.0,66.10237
2020-02-23 04:00:00,0.7393700000000081,76.12829230851575,1.2623179337467556,28.0,85.683
2020-02-23 05:00:00,1.4425300000000334,75.98813447156316,0.974999123148689,12.0,102.35666
2020-02-23 06:00:00,1.9733800000000201,76.1055358930152,1.0045219849964468,15.0,128.92865
2020-02-23 07:00:00,2.440899999999999,76.30019015108856,1.2471139816039816,14.0,165.53586
2020-02-23 08:00:00,2.97616000000005,75.51874456703631,1.341575533465368,19.0,198.34503
2020-02-23 09:00:00,3.024560000000008,75.0769452974811,1.5780602093594374,44.0,198.08522
2020-02-23 10:00:00,3.3846700000000283,75.04861135463148,1.490168187990134,66.0,158.06877
2020-02-23 11:00:00,3.6231300000000033,75.60684467622113,1.2226384279374054,77.0,115.94954
2020-02-23 12:00:00,3.599450000000047,77.61556166158005,0.9682993873252128,66.0,56.776123
2020-02-23 13:00:00,3.0173000000000343,79.37482497227694,1.2218209146803851,58.0,35.44818
2020-02-23 14:00:00,2.9815300000000207,77.03573126743771,1.3867999321429643,50.0,37.71219
2020-02-23 15:00:00,2.8271400000000426,75.82693779819103,1.2575337950150831,119.0,38.503418
2020-02-23 16:00:00,2.7626000000000204,74.28189976345041,1.1958296893561018,215.0,33.83177
2020-02-23 17:00:00,2.7626600000000394,71.12613020920995,1.2462974092233683,176.0,33.130203
2020-02-23 18:00:00,2.7892700000000445,69.5387417174475,1.245880828059641,109.0,31.310364
2020-02-23 19:00:00,3.482870000000048,57.44646635364134,1.2897135004211875,113.0,32.229996
2020-02-23 20:00:00,3.4746300000000474,55.558607440753484,1.294230452825461,100.0,33.180298
2020-02-23 21:00:00,3.4633699999999976,53.84251416265285,1.298542598933452,99.0,31.545826
2020-02-23 22:00:00,3.4567200000000184,52.93693372837026,1.3435584826250677,73.0,26.019901
2020-02-23 23:00:00,3.366100000000017,52.18385048981857,1.5288450945484695,79.0,32.665756
2020-02-24 00:00:00,3.1813600000000406,50.91570599488809,1.7947527276146817,57.0,24.760529
2020-02-24 01:00:00,1.900570000000016,52.97424487316097,2.1428580747641135,69.0,23.52903
2020-02-24 02:00:00,1.6886200000000144,51.32087047727837,2.2144107082353988,96.0,22.553051
2020-02-24 03:00:00,2.690330000000017,47.62891171149522,2.0595185453296603,85.0,21.684649
2020-02-24 04:00:00,5.377769999999998,40.86619118033128,1.415515409629458,56.0,19.810146
2020-02-24 05:00:00,6.272199999999998,40.30722546984463,0.4943761590873517,97.0,16.847572
2020-02-24 06:00:00,6.844449999999995,42.93311510792915,1.1068297431366476,153.0,122.080475
2020-02-24 07:00:00,7.031900000000007,49.294793803570926,0.9760685601891249,153.0,207.3073
2020-02-24 08:00:00,6.649130000000014,56.300629305465144,1.3185830376207521,106.0,226.97104
2020-02-24 09:00:00,4.6870400000000245,71.43519222874833,1.8511645999635364,59.0,248.17871
2020-02-24 10:00:00,2.860299999999995,82.93101192426062,1.977637900297389,65.0,139.11781
2020-02-24 11:00:00,2.12954000000002,88.54656143505375,2.0710719034579967,62.0,123.08031
2020-02-24 12:00:00,1.1821199999999976,92.23271946925362,2.1342942491923202,63.0,113.72188
2020-02-24 13:00:00,0.6009500000000116,93.71415727393943,1.9887879874938443,116.0,112.32329
2020-02-24 14:00:00,1.8108200000000352,88.56363186078413,1.4203905166102886,46.0,83.34474
2020-02-24 15:00:00,3.3035500000000297,81.72499436391598,0.6246880514211708,31.0,40.691498
2020-02-24 16:00:00,1.0412800000000288,89.54234168342035,1.7586532263629975,40.0,43.724075
2020-02-24 17:00:00,0.33070000000003574,87.63966590042706,2.3528714075017785,42.0,53.7919
2020-02-24 18:00:00,-0.238679999999988,84.616731820358,2.5524032040301683,50.0,41.888947
2020-02-24 19:00:00,0.21200000000004593,81.43272219315931,2.309495571961883,15.0,34.295563
2020-02-24 20:00:00,-1.244100000000003,79.9297253668013,2.7210729947477583,12.0,23.57515
2020-02-24 21:00:00,-1.432299999999998,78.9743261225264,2.8229838204067095,16.0,21.674225
2020-02-24 22:00:00,-1.4713199999999915,77.69715822887913,2.878364052837663,5.0,40.236435
2020-02-24 23:00:00,-1.7079200000000014,77.02470777646963,2.98927463300406,4.0,29.245483
2020-02-25 00:00:00,-1.772799999999961,78.74689474283437,3.0278524454147315,4.0,25.237785
2020-02-25 01:00:00,-1.456579999999974,80.94884985983413,2.9949753428833135,3.0,24.715958
2020-02-25 02:00:00,-1.6001599999999598,81.38795630640203,3.0809368367646326,6.0,23.601181
2020-02-25 03:00:00,-0.6770999999999958,81.44155639518743,2.659498499673397,12.0,27.900177
2020-02-25 04:00:00,3.2132799999999975,69.27097407031738,1.6981638741602425,10.0,38.44969
2020-02-25 05:00:00,6.57247000000001,58.996046016174084,0.8485248287443884,7.0,102.03223
2020-02-25 06:00:00,6.6783700000000294,64.22336379679156,1.360525739773133,5.0,252.24928
2020-02-25 07:00:00,7.497520000000009,60.6819702563425,1.4031509854830484,4.0,345.08044
2020-02-25 08:00:00,7.858879999999999,60.4482457541818,1.5094089748494728,3.0,414.88916
2020-02-25 09:00:00,8.41342000000003,59.17592188029581,1.4589337121084014,1.0,397.10034
2020-02-25 10:00:00,8.756740000000036,60.19963220989858,1.3941528292439556,5.0,274.31958
2020-02-25 11:00:00,8.954520000000002,60.742687146542025,0.908503328107692,5.0,131.79999
2020-02-25 12:00:00,8.593800000000044,60.755799918024024,0.15560278112182047,19.0,47.394485
2020-02-25 13:00:00,8.072720000000004,60.21127886029765,1.147305022907465,32.0,31.051102
2020-02-25 14:00:00,4.085000000000036,64.86229007980751,2.3426261370213237,24.0,37.321716
2020-02-25 15:00:00,0.9744800000000282,68.17751897491415,3.037459962369185,27.0,34.59738
2020-02-25 16:00:00,-1.7408800000000042,74.66157840500044,3.6858043587944187,16.0,43.348618
2020-02-25 17:00:00,-2.408299999999997,77.264704719018,3.9844849903047987,20.0,42.274704
2020-02-25 18:00:00,-2.742399999999975,76.11160264223113,4.115841556790896,14.0,45.313477
2020-02-25 19:00:00,-0.29214999999999236,68.84742901599945,4.272113983316686,16.0,45.753204
2020-02-25 20:00:00,-0.4027999999999565,68.29175209455244,4.292476385308444,6.0,45.761917
2020-02-25 21:00:00,-0.6568999999999505,66.97326975619511,4.270700075080232,6.0,45.450058
2020-02-25 22:00:00,-0.9709799999999973,67.73804176599275,4.342686103608368,3.0,36.192734
2020-02-25 23:00:00,-1.411799999999971,67.86595422883813,4.524542062879177,6.0,36.516907
2020-02-26 00:00:00,-0.9926799999999503,64.81356919066192,4.610137790263536,4.0,41.72699
2020-02-26 01:00:00,-0.5895999999999617,62.87076550896338,4.7105951195161895,6.0,44.28192
2020-02-26 02:00:00,-0.1312599999999975,61.6364187174193,4.690721249707661,10.0,44.69052
2020-02-26 03:00:00,1.433300000000031,62.17803584962206,4.4185917084980995,6.0,51.366074
2020-02-26 04:00:00,3.5546000000000504,63.227682898598125,3.8921943710442344,2.0,62.165863
2020-02-26 05:00:00,5.77290000000005,64.58144458567939,3.1965311427051217,5.0,88.46036
2020-02-26 06:00:00,8.715300000000013,53.815825019958965,2.3499057692849155,4.0,126.83595
2020-02-26 07:00:00,10.82098000000002,47.29270937881524,2.278917333354455,1.0,186.35753
2020-02-26 08:00:00,12.79373000000004,41.78345986172975,2.079948913217786,1.0,239.54886
2020-02-26 09:00:00,12.520070000000032,45.394060172493035,2.1931765584604923,1.0,234.89665
2020-02-26 10:00:00,11.944479999999999,49.616631703455965,2.2704648982306357,4.0,253.75464
2020-02-26 11:00:00,13.10107000000005,44.89368111116,1.964638991605153,7.0,158.5758
2020-02-26 12:00:00,8.042050000000017,56.81789206051794,2.8158700196050077,8.0,85.62686
2020-02-26 13:00:00,4.835050000000024,64.73273491339098,3.5840744846685584,20.0,66.24614
2020-02-26 14:00:00,3.7456999999999994,66.0360640232101,3.7758296153377104,9.0,56.111404
2020-02-26 15:00:00,3.889280000000042,65.95754769913917,3.7563428698429,13.0,49.19258
2020-02-26 16:00:00,3.8671000000000504,66.22590219360103,3.7005058947447678,25.0,50.240234
2020-02-26 17:00:00,3.7313800000000015,68.90068133048747,3.4744808562070655,16.0,53.64099
2020-02-26 18:00:00,3.5098500000000286,70.65508554641482,3.2666440539806905,17.0,56.531433
2020-02-26 19:00:00,3.8588000000000306,66.14376017631672,2.9147916571455155,12.0,70.20963
2020-02-26 20:00:00,7.469480000000033,44.60930073594844,1.839537917112928,10.0,74.88563
2020-02-26 21:00:00,4.629850000000033,64.40639689934491,2.2720327961830153,13.0,162.22054
2020-02-26 22:00:00,4.133140000000026,80.4184382886148,1.9151353106885818,11.0,161.31247
2020-02-26 23:00:00,2.626550000000009,97.37458709650848,2.788788783275069,4.0,253.78955
2020-02-27 01:00:00,-0.2573600000000056,95.3308824762249,2.1008647921372043,2.0,195.56721
2020-02-27 02:00:00,-1.0487699999999904,95.50886336944922,1.8471581205005814,3.0,143.44885
2020-02-27 03:00:00,-1.2184499999999616,95.85268802940695,1.612342920021384,2.0,124.67728
2020-02-27 04:00:00,-0.962159999999983,94.24438554695276,1.514258205189836,9.0,132.46962
2020-02-27 05:00:00,-0.4092200000000048,91.4703799124745,1.5774829838832682,12.0,159.5752
2020-02-27 06:00:00,-0.40207999999995536,91.5632058602413,1.585743480647409,18.0,171.4162
2020-02-27 07:00:00,-0.12644000000000233,91.25299076806937,1.5624834286408606,16.0,191.61397
2020-02-27 08:00:00,-0.10406999999997879,92.17499985088574,1.391419061449544,16.0,163.61221
2020-02-27 09:00:00,0.14250000000004093,91.83018594824642,1.2773578933476815,16.0,157.06813
2020-02-27 10:00:00,0.2662300000000073,89.78604499438916,1.2350422519344106,43.0,131.49756
2020-02-27 11:00:00,0.17960000000005039,92.9744781372375,1.1884253183457942,38.0,135.31734
2020-02-27 12:00:00,-0.07412999999996828,95.1461022509967,0.9931895059067989,29.0,99.08342
2020-02-27 13:00:00,-0.60154,96.59500422290049,0.7473527825499409,24.0,55.10785
2020-02-27 14:00:00,-0.35015999999995984,95.22211619337003,0.6180575350125147,9.0,46.210266
2020-02-27 15:00:00,-0.6278699999999731,95.88700898959162,0.3995314086019747,5.0,40.36949
2020-02-27 16:00:00,-0.7022499999999923,95.89542612440967,0.2576676570311643,11.0,36.7433
2020-02-27 17:00:00,-0.5820699999999874,95.35538782930531,0.47124035038064316,6.0,27.029406
2020-02-27 18:00:00,-0.6471300000000042,94.99004761504582,0.5987556208410213,4.0,28.747128
2020-02-27 19:00:00,-2.26321999999999,94.43017204128505,1.1840794722008197,7.0,22.66939
2020-02-27 20:00:00,-3.9037199999999643,93.62220718468635,1.771672437253168,3.0,18.71124
2020-02-27 21:00:00,-4.462739999999997,90.33192071409336,2.102619073423396,0.0,18.894855
2020-02-27 22:00:00,-4.728739999999959,88.57696122283443,2.3169357015794456,4.0,15.60927
2020-02-27 23:00:00,-5.00351999999998,85.75213538721961,2.4469569652863794,10.0,17.01139
2020-02-28 00:00:00,-5.57705999999996,83.81557009851514,2.7663142219042682,11.0,15.623012
2020-02-28 01:00:00,-5.891819999999996,81.48446165362805,2.9034715338616017,8.0,15.059032
2020-02-28 02:00:00,-6.0750999999999635,76.69691005929523,2.897840619766967,5.0,15.179268
2020-02-28 03:00:00,-5.103459999999984,77.19647160144947,2.4699981538766904,12.0,17.24956
2020-02-28 04:00:00,0.9852800000000457,67.97090299615323,0.9349282209508484,10.0,15.266436
2020-02-28 05:00:00,2.584069999999997,50.13245535712983,0.4073472823117176,10.0,91.6228
2020-02-28 06:00:00,3.4767700000000445,63.215616396933434,0.8691134938373102,8.0,296.3531
2020-02-28 07:00:00,3.855040000000031,60.8650437979016,1.178552515349531,22.0,348.84775
2020-02-28 08:00:00,4.12115,61.1322236347578,1.3857501209247873,50.0,361.4629
2020-02-28 09:00:00,4.267600000000016,62.61419059474407,1.574092666734319,49.0,362.33398
2020-02-28 10:00:00,4.203200000000038,63.1492834807423,1.6890400990600667,20.0,294.76382
2020-02-28 11:00:00,4.847920000000045,57.56424538658989,1.3883842355775904,24.0,243.72388
2020-02-28 12:00:00,4.974050000000034,56.27251737248993,0.9683017452142508,23.0,74.28
2020-02-28 13:00:00,3.9531000000000063,58.370947533530426,0.47765495095604327,65.0,17.656284
2020-02-28 14:00:00,3.425260000000037,56.99660400154132,1.5018422418549202,68.0,12.710433
2020-02-28 15:00:00,0.6188600000000406,58.284664729431924,2.147029201309325,68.0,17.824501
2020-02-28 16:00:00,-0.39596999999997706,56.065470400951696,2.359245624652348,69.0,19.976204
2020-02-28 17:00:00,-0.6544999999999845,52.63990151012806,2.433429086804783,57.0,21.640545
2020-02-28 18:00:00,-0.7624999999999886,49.38197841832529,2.466021488795331,45.0,21.012085
2020-02-28 19:00:00,0.9313000000000216,43.351296076672924,2.2314388384602504,43.0,21.27018
2020-02-28 20:00:00,0.8249500000000012,41.033577659523324,2.2689252398026065,45.0,19.99697
2020-02-28 21:00:00,-0.000279999999975189,39.93324370134078,2.4742254005363997,27.0,19.957401
2020-02-28 22:00:00,-0.4941199999999526,38.085810977962375,2.60390225708827,39.0,18.460548
2020-02-28 23:00:00,-0.766459999999995,36.141785427943894,2.663768097390668,28.0,18.132294
2020-02-29 00:00:00,-2.2556999999999903,38.69136720922529,2.942300112334205,28.0,17.667707
2020-02-29 01:00:00,-3.7612699999999677,44.213848532710145,3.1982864380409,23.0,16.811502
2020-02-29 02:00:00,-5.144419999999968,50.64624423350691,3.405834350541576,26.0,15.433833
2020-02-29 03:00:00,-3.6200000000000045,59.39936177138333,3.016832375027709,49.0,15.2060795
2020-02-29 04:00:00,3.88900000000001,50.52289287698506,1.7434548709776372,48.0,17.130358
2020-02-29 05:00:00,7.664600000000007,22.694424638577733,0.3799537978750744,52.0,80.17975
2020-02-29 06:00:00,8.645100000000014,26.06750485219139,0.6609707744089495,79.0,188.79967
2020-02-29 07:00:00,9.88232000000005,32.46958230063095,1.0091392565643131,95.0,286.39532
2020-02-29 08:00:00,10.536900000000003,35.27360828514933,1.1917422305443672,83.0,370.37842
2020-02-29 09:00:00,10.779320000000041,36.91412559373062,1.2920461039564042,56.0,400.90826
2020-02-29 10:00:00,10.718000000000018,39.221870628701325,1.3327217401979756,54.0,204.57108
2020-02-29 11:00:00,10.45858000000004,45.99259913760266,1.0901793413477088,43.0,118.90509
2020-02-29 12:00:00,9.414270000000045,48.06581824960774,0.701915448991657,45.0,38.008804
2020-02-29 13:00:00,8.306600000000003,49.15254097017173,1.1808441940436187,72.0,16.800648
2020-02-29 14:00:00,4.096280000000036,54.02523499494803,2.4361290839139285,63.0,21.426434
2020-02-29 15:00:00,2.264150000000029,52.506333589513666,2.804603511314267,98.0,21.858791
2020-02-29 16:00:00,0.37954000000002,52.79912508343797,3.180393967878472,98.0,19.224373
2020-02-29 17:00:00,-1.9282999999999788,55.446375877021886,3.5072189683831447,86.0,16.865211
2020-02-29 18:00:00,-2.947499999999991,56.22434609062711,3.7413512315824775,70.0,16.264805
2020-02-29 19:00:00,-3.3406399999999508,57.93449270981033,4.14401663754185,60.0,16.090988
2020-02-29 20:00:00,-2.892979999999966,56.69790117973931,4.040624306585671,54.0,16.342789
2020-02-29 21:00:00,-2.760319999999979,56.587354894683905,4.004253176863705,39.0,16.355877
2020-02-29 22:00:00,-2.6944599999999923,57.04818366335656,3.965113424097073,49.0,16.766788
2020-03-01 00:00:00,-2.7438699999999585,58.68265755896619,3.9181529425201345,29.0,15.867264
2020-03-01 01:00:00,-2.746469999999988,60.00735721512631,3.919985893226503,29.0,16.179144
2020-03-01 02:00:00,-2.743629999999996,61.31962209687123,3.934153057650811,20.0,16.78235
2020-03-01 03:00:00,-0.8888000000000034,66.16474522176976,3.477181675535763,20.0,18.986694
2020-03-01 04:00:00,3.6280800000000113,67.07426741508343,2.4096134586915303,12.0,23.111862
2020-03-01 05:00:00,10.887960000000021,30.140069035957236,0.7222823455909446,10.0,91.972755
2020-03-01 06:00:00,11.87417000000005,30.029294655669624,0.5170723759282718,8.0,200.76808
2020-03-01 08:00:00,13.318700000000035,32.578248314977905,1.0651866087212614,7.0,356.32056
2020-03-01 09:00:00,13.529080000000022,33.574442664910144,1.2060454811786796,14.0,390.001
2020-03-01 10:00:00,13.405300000000011,36.43673169659363,1.1245044780708389,13.0,264.319
2020-03-01 11:00:00,12.815500000000043,44.16289047954172,0.7519746606736034,18.0,66.806244
2020-03-01 12:00:00,12.014400000000023,46.00946552915901,0.7722060332665238,22.0,17.081402
2020-03-01 13:00:00,6.9189400000000205,56.4460086181611,2.424540041278388,47.0,20.609865
2020-03-01 14:00:00,1.897100000000023,62.84014397506778,3.395087287874381,37.0,19.825176
2020-03-01 15:00:00,-0.48831999999998743,66.73809488587119,3.9474939809219656,14.0,16.451118
2020-03-01 16:00:00,-1.4118399999999838,66.64600304228337,4.148247613217954,9.0,16.549503
2020-03-01 17:00:00,-1.7104999999999677,64.8170790992771,4.220306977136209,10.0,17.745173
2020-03-01 18:00:00,-1.8315000000000055,63.143181123442915,4.260266043944402,8.0,18.524635
2020-03-01 19:00:00,-1.4658999999999764,62.61998835905901,4.284654253139637,5.0,19.558434
2020-03-01 20:00:00,-1.5793199999999956,62.33795389058317,4.247245005656808,1.0,20.107067
2020-03-01 21:00:00,-1.574739999999963,61.73952573985375,4.25653041571971,1.0,20.584549
2020-03-01 22:00:00,-1.591039999999964,61.31582947411488,4.259423558606441,2.0,19.687614
2020-03-02 00:00:00,-1.5536299999999983,60.067489612711,4.291415739082905,0.0,20.9985
2020-03-02 01:00:00,-1.4597499999999854,59.643954455708965,4.294813092907909,8.0,20.663363
2020-03-02 02:00:00,-1.3827999999999747,59.5406884405826,4.289265580336208,8.0,20.699558
2020-03-02 03:00:00,0.7826000000000022,64.51962714625803,3.7625202822141097,6.0,22.419449
2020-03-02 04:00:00,4.369349999999997,72.97908441592706,2.7672574054590675,3.0,25.567852
2020-03-02 05:00:00,12.522670000000005,44.40438462478312,1.303439821599003,4.0,92.16032
2020-03-02 06:00:00,13.92190000000005,24.485869590504326,1.0182201180593276,5.0,283.10443
2020-03-02 07:00:00,13.966499999999996,28.658849120221053,1.099744431889515,11.0,433.0044
2020-03-02 08:00:00,14.445280000000025,30.556469714792705,1.1903823353184506,11.0,560.9429
2020-03-02 09:00:00,14.532100000000014,32.90352283468026,1.2895634289780167,25.0,616.4093
2020-03-02 10:00:00,14.575739999999996,34.26196409947466,1.2513575388636675,27.0,425.97833
2020-03-02 11:00:00,14.117729999999995,39.26305063910161,1.0681995553951507,19.0,179.55005
2020-03-02 12:00:00,13.255820000000028,45.00721262923108,0.9766442243768275,23.0,38.869324
2020-03-02 13:00:00,12.050780000000032,46.06218479395625,1.6291323306643017,55.0,18.662987
2020-03-02 14:00:00,5.061239999999998,57.901102837730626,2.9624157100333375,35.0,21.669346
2020-03-02 15:00:00,0.8735300000000166,66.54273561332516,3.5805637583351,26.0,16.54964
2020-03-02 16:00:00,-0.40774999999996453,67.62664149772564,3.8822881308324275,13.0,15.346536
2020-03-02 17:00:00,-0.7890999999999622,65.56614656623623,3.980970514747494,11.0,15.319075
2020-03-02 18:00:00,-0.977299999999957,63.72657731992083,3.9840567062564576,9.0,15.267492
2020-03-02 19:00:00,-0.33749999999997726,62.56820630511244,3.790671231805526,7.0,15.505955
2020-03-02 20:00:00,-0.442799999999977,62.956900934168694,3.5852218846603354,15.0,16.13852
2020-03-02 21:00:00,-0.5692999999999984,63.614870546188705,3.3010160961543717,12.0,17.8866
2020-03-02 22:00:00,-0.8352999999999611,74.0754202641987,3.0986016333932844,16.0,31.32637
2020-03-02 23:00:00,-0.3284699999999816,73.84864089489994,2.868044410183906,12.0,20.854008
2020-03-03 00:00:00,-0.07803999999998723,71.1163316551115,2.7951693406129765,12.0,20.762032
2020-03-03 01:00:00,-0.9055500000000052,70.97701815810926,2.7365975030029066,17.0,18.546268
2020-03-03 02:00:00,-0.49209999999999354,70.14741641441854,2.53578299455438,20.0,27.441158
2020-03-03 03:00:00,1.2139000000000237,71.84255497404394,2.0955782728454437,18.0,44.094536
2020-03-03 04:00:00,4.979430000000036,61.329563397211096,1.2099623663255559,24.0,67.4898
2020-03-03 05:00:00,6.3299200000000155,58.306917145007695,0.6087457568526508,24.0,102.370346
2020-03-03 06:00:00,5.939099999999996,67.5019756256401,1.240718610186235,37.0,167.53677
2020-03-03 07:00:00,5.3174000000000206,81.9842020198093,1.5641403686667128,28.0,216.69026
2020-03-03 08:00:00,4.5762000000000285,88.4308323360792,1.8767793419777323,18.0,219.4302
2020-03-03 09:00:00,4.0022200000000225,91.81543467791664,2.1136669769205034,18.0,228.44197
2020-03-03 10:00:00,3.8033000000000357,94.11331879761875,1.9581778315103304,21.0,198.713
2020-03-03 11:00:00,3.279800000000023,95.30620482247411,1.8118138910420591,25.0,180.72919
2020-03-03 12:00:00,2.4711000000000354,96.04071720295015,1.654068771597614,27.0,150.5243
2020-03-03 13:00:00,1.419520000000034,96.34494203675472,1.7194539201371573,38.0,108.0901
2020-03-03 14:00:00,0.5792200000000207,95.10085746313314,1.7539426878990605,28.0,84.448074
2020-03-03 15:00:00,-0.0969599999999673,92.48079814252303,1.8943147163831384,30.0,61.45781
2020-03-03 16:00:00,-0.36429999999995744,90.11282933700693,1.9265297288086576,47.0,50.763947
2020-03-03 17:00:00,-0.3632599999999684,88.01894297007277,1.8921289865176343,25.0,49.511726
2020-03-03 18:00:00,-0.11856999999997697,85.62793172233013,1.768472335145269,24.0,48.36228
2020-03-03 19:00:00,0.7959200000000237,84.91383672753129,1.6060956448694341,18.0,46.90802
2020-03-03 20:00:00,-0.24325999999996384,85.33864416049914,1.8465659552154778,18.0,41.81301
2020-03-03 21:00:00,-0.10757999999998447,81.4805120496157,1.8175280704141656,14.0,42.765324
2020-03-03 22:00:00,0.5052699999999959,77.30907411863336,1.7119664697156893,10.0,61.88858
2020-03-03 23:00:00,1.731650000000002,71.79509253513112,1.5165558525774885,7.0,39.60913
2020-03-04 00:00:00,2.729000000000042,66.11990230446906,1.3162604448626305,8.0,31.591978
2020-03-04 01:00:00,2.859830000000045,62.392248629182916,1.4552369102397074,15.0,25.330679
2020-03-04 02:00:00,2.496600000000001,59.45745908006198,1.6346384635589395,11.0,23.229443
2020-03-04 03:00:00,3.784019999999998,55.498363218220405,1.205049556970672,25.0,22.83942
2020-03-04 04:00:00,4.73126000000002,58.634291683416876,0.6549467766380486,34.0,85.63332
2020-03-04 05:00:00,5.917259999999999,60.98129256474662,0.8085638668473651,45.0,200.63219
2020-03-04 06:00:00,6.017480000000035,68.2532553832225,1.2531420431310092,40.0,301.6529
2020-03-04 07:00:00,6.227700000000027,68.93671173715673,1.360461155707418,57.0,482.19797
2020-03-04 08:00:00,6.413780000000031,69.86983100633961,1.548196824706814,41.0,620.4154
2020-03-04 09:00:00,6.453200000000038,70.8202266748548,1.6985734417814555,30.0,678.9651
2020-03-04 10:00:00,6.760220000000004,69.25771783220706,1.6788604011232626,25.0,535.0471
2020-03-04 11:00:00,6.922540000000026,67.02214724460454,1.5423305735494361,37.0,391.56842
2020-03-04 12:00:00,7.289100000000019,67.7320829661143,1.0953506949635285,39.0,185.2256
2020-03-04 13:00:00,6.199550000000045,70.88036179315588,0.36649899909320965,56.0,46.125683
2020-03-04 14:00:00,5.393100000000004,72.07261234954548,1.2103692043185947,67.0,11.758413
2020-03-04 15:00:00,3.7088300000000345,70.95430665522484,1.9234974246271503,49.0,18.313702
2020-03-04 16:00:00,1.2300000000000182,70.91202680118332,2.3468541396835905,33.0,21.065002
2020-03-04 17:00:00,-0.1500599999999963,68.73505839455038,2.60361288061017,68.0,19.959213
2020-03-04 18:00:00,-0.2156699999999887,64.75675449742653,2.6251000480434836,64.0,18.809284
2020-03-04 19:00:00,-2.266269999999963,69.54682567140753,3.021519605010943,57.0,16.386667
2020-03-04 20:00:00,-2.837259999999958,71.2334936039683,3.0851248279448926,50.0,15.330617
2020-03-04 21:00:00,-3.561739999999986,72.89443005946175,3.1805337702819925,53.0,15.057325
2020-03-04 22:00:00,-3.365639999999985,71.1340541697095,3.071057376356674,44.0,15.495212
2020-03-04 23:00:00,-2.715919999999983,67.77363477665058,2.893717270533309,39.0,15.507216
2020-03-05 00:00:00,-1.244730000000004,61.65674931420147,2.5316187117533775,37.0,16.166855
2020-03-05 01:00:00,2.647730000000024,48.92442654724278,1.85366017941817,43.0,16.996452
2020-03-05 02:00:00,3.6540200000000027,46.60987606265557,1.5763802342843627,39.0,17.523045
2020-03-05 03:00:00,4.4594000000000165,46.05499005220906,1.1675275312918845,43.0,15.956977
2020-03-05 04:00:00,5.874170000000049,47.39920747702488,0.13932242691518296,50.0,88.03454
2020-03-05 05:00:00,7.0236000000000445,48.1010310573432,0.4159936414195007,48.0,149.16344
2020-03-05 06:00:00,8.096600000000024,49.407981640619084,0.9904458571752348,63.0,301.35892
2020-03-05 07:00:00,7.442440000000033,60.582412532879886,1.5528200361732925,37.0,472.57227
2020-03-05 08:00:00,6.606040000000007,71.34822000427128,1.9768108586346678,24.0,602.3866
2020-03-05 09:00:00,6.395600000000002,76.31133523240244,2.176132025927669,21.0,698.1794
2020-03-05 10:00:00,5.98965000000004,78.20157217316807,2.1461013409137237,33.0,550.0394
2020-03-05 11:00:00,5.464750000000038,80.94394652315088,1.954131485074331,32.0,328.9411
2020-03-05 12:00:00,5.848350000000039,86.36014834443311,1.3634612006957734,36.0,154.73335
2020-03-05 13:00:00,4.8960500000000025,89.92657951754997,1.3478841909867627,44.0,84.55661
2020-03-05 14:00:00,4.65222,93.50584717392344,1.147003550788412,58.0,67.30463
2020-03-05 15:00:00,4.348540000000014,97.44332247004408,0.9906807517309882,30.0,65.575195
2020-03-05 16:00:00,3.811239999999998,98.40328106966984,1.1372850439632416,20.0,102.128006
2020-03-05 17:00:00,2.490440000000035,98.73602193019592,1.4240253960643356,12.0,248.46759
2020-03-05 18:00:00,1.339870000000019,98.58185853718231,1.9240179816648275,10.0,294.1916
2020-03-05 19:00:00,0.9455500000000256,99.79661451477197,2.2064687512729657,8.0,295.81213
2020-03-05 20:00:00,0.3524400000000014,99.61957418769632,1.6795064859888453,5.0,211.8547
2020-03-05 21:00:00,0.2634500000000344,99.39149134471872,1.1795533906595506,4.0,70.60446
2020-03-05 22:00:00,0.3220800000000281,99.02794231132738,0.7831637592310784,5.0,28.65982
2020-03-05 23:00:00,0.4679200000000492,96.50551444290082,0.6629927447862569,9.0,47.577927
2020-03-06 05:00:00,0.7690000000000055,91.04344132310484,1.7690573236679132,10.0,235.58719
2020-03-06 06:00:00,1.01006000000001,88.86861848634601,1.8436412745075383,9.0,326.7771
2020-03-06 07:00:00,0.9825700000000097,88.5398523981016,1.6612207641843488,18.0,277.87097
2020-03-06 08:00:00,1.1963700000000017,86.25112357810544,1.75198940887171,18.0,269.6242
2020-03-06 09:00:00,0.958150000000046,88.2757969138153,1.4096724833687992,13.0,216.9963
2020-03-06 10:00:00,0.7986000000000217,90.7013604550166,1.0473942983046551,21.0,200.57425
2020-03-06 11:00:00,0.48275000000001,92.24358150544828,0.6982555985057692,28.0,159.92921
2020-03-06 12:00:00,0.13035999999999603,92.59179406382962,0.18391547529129815,33.0,80.95465
2020-03-06 13:00:00,-0.15976999999998043,94.833403240633,0.48059278346290635,45.0,34.865555
2020-03-06 14:00:00,-0.3796799999999507,92.97486895769437,0.7883291290406789,29.0,59.328476
2020-03-06 15:00:00,-0.2805500000000052,90.87972564392405,0.519191520434619,11.0,36.86673
2020-03-06 16:00:00,-0.78449999999998,95.09208296762058,0.5036215739608491,11.0,27.411743
2020-03-06 17:00:00,-0.808969999999988,97.54593701731902,0.4005977742469552,6.0,37.561035
2020-03-06 18:00:00,-1.211999999999989,98.91474896564345,0.6611114205200724,14.0,44.129395
2020-03-06 19:00:00,-2.528099999999995,98.62006113619296,1.3671197502735633,14.0,61.759552
2020-03-06 20:00:00,-3.3559999999999945,98.0471667980766,1.5856598446648638,8.0,73.92056
2020-03-06 21:00:00,-3.507499999999993,97.71406690921083,1.5812301679625749,4.0,80.43242
2020-03-06 22:00:00,-4.021860000000004,97.43268118919288,1.6864377905214603,3.0,101.47557
2020-03-06 23:00:00,-4.001139999999964,96.85272661957187,1.7232162878387596,2.0,125.5724
2020-03-07 00:00:00,-4.190039999999954,94.91482744674,1.814009003153624,1.0,164.72
2020-03-07 02:00:00,-4.575019999999995,95.12610921646008,1.8139375443762285,12.0,163.71332
2020-03-07 03:00:00,-4.375219999999956,94.4831978363053,1.9162065460270394,19.0,170.5029
2020-03-07 04:00:00,-4.019139999999993,90.8673284822664,2.429137533060994,12.0,219.18239
2020-03-07 05:00:00,-3.7845499999999674,89.25053573908318,2.5110449997296747,15.0,264.18195
2020-03-07 06:00:00,-3.643599999999992,86.54600981087931,2.2939079508525926,16.0,284.73566
2020-03-07 07:00:00,-3.723699999999951,83.1981749261391,2.34185341159266,13.0,287.55145
2020-03-07 08:00:00,-3.4399999999999977,81.03413702777983,2.348239320758327,12.0,299.8177
2020-03-07 09:00:00,-3.3062499999999773,80.35247589652202,2.1370288405559643,15.0,320.94556
2020-03-07 10:00:00,-3.291629999999998,78.66825296538838,1.7644795867564012,21.0,336.19092
2020-03-07 11:00:00,-3.420569999999998,79.2453169620696,1.5667015571064007,20.0,267.0606
2020-03-07 12:00:00,-4.32529999999997,85.3094814588196,1.1821773858234008,17.0,158.51346
2020-03-07 13:00:00,-4.610879999999952,81.43580195533036,0.72012674962052,13.0,69.27115
2020-03-07 14:00:00,-5.4117200000000025,84.04413067904821,0.34902276733286114,34.0,28.3806
2020-03-07 15:00:00,-5.998499999999979,84.19164146007776,1.05805278253571,45.0,17.765732
2020-03-07 16:00:00,-7.464879999999994,82.62527929762786,1.5957780490158353,47.0,17.232471
2020-03-07 17:00:00,-8.558569999999975,80.85012754344102,1.8513345315890315,48.0,19.429459
2020-03-07 18:00:00,-9.288369999999986,77.97399299908376,2.070783718043377,54.0,18.102238
2020-03-07 19:00:00,-10.438879999999983,74.20125463150319,2.5627857647331598,69.0,16.230682
2020-03-07 20:00:00,-10.496159999999975,70.66247353560188,2.7762949423458094,56.5,18.33332
2020-03-07 21:00:00,-10.711829999999964,64.0598341332819,3.195372898470628,17.0,17.950573
2020-03-07 22:00:00,-11.524149999999963,60.59367613691221,3.5118717608326646,22.0,19.56651
2020-03-07 23:00:00,-12.189179999999965,60.33345265290527,3.605011687855079,22.0,16.915728
2020-03-08 00:00:00,-12.171879999999987,58.41084140369469,3.585930347207009,22.0,16.873873
2020-03-09 00:00:00,-1.1936999999999784,34.07776210286012,1.4031615312785113,38.0,17.587635
2020-03-09 01:00:00,-0.9544399999999769,33.918219684127095,1.2688273048801177,37.0,15.5929575
2020-03-09 02:00:00,-0.9564299999999548,34.32053452269729,1.0260720349169683,39.0,17.154675
2020-03-09 03:00:00,-0.7652999999999679,37.96383367809947,0.7588703517739472,40.0,19.75315
2020-03-09 04:00:00,0.1008000000000493,39.75450172961793,0.5772275509514583,48.0,67.218
2020-03-09 05:00:00,0.5003300000000195,45.022411560909234,1.0667654022665949,45.0,160.70349
2020-03-09 06:00:00,0.8976700000000051,56.297169024494984,1.4243998310974941,36.0,212.42995
2020-03-09 07:00:00,2.2909200000000283,64.23214858437605,1.8198718060092922,40.0,263.44128
2020-03-09 08:00:00,2.580500000000029,63.094586562674344,1.984001979866764,44.0,307.07745
2020-03-09 09:00:00,2.545560000000023,59.11027314186358,2.2083402790818267,34.0,318.28027
2020-03-09 10:00:00,1.943080000000009,65.24379918233195,2.1245415886805348,27.0,306.68927
2020-03-09 11:00:00,2.7107799999999997,59.973879394205355,1.7149245064237228,38.0,224.77063
2020-03-09 12:00:00,2.9123200000000224,61.013691543384944,1.2596667587026837,25.0,79.388245
2020-03-09 13:00:00,2.2216700000000174,62.59105803115409,1.4316016648925871,49.0,38.32082
2020-03-09 14:00:00,1.6130600000000186,61.963728264217835,1.5773576073825808,36.0,35.589912
2020-03-09 15:00:00,1.3287000000000262,60.85928353823287,1.2418601958880113,32.0,25.172415
2020-03-09 16:00:00,0.9327300000000491,60.61164607869502,1.2808051661802795,37.0,15.261464
2020-03-09 17:00:00,0.7225600000000441,58.39733070892099,1.6137134014939334,42.0,15.825154
2020-03-09 18:00:00,0.6820299999999975,55.35291006345535,1.7277297187211909,51.0,16.910381
2020-03-09 19:00:00,0.9025500000000193,50.97004491237711,1.7275211672750734,63.0,17.012592
2020-03-09 20:00:00,0.8992000000000075,48.88977324454028,1.7420672119412324,64.0,18.176418
2020-03-09 21:00:00,0.9486300000000369,46.134573358316416,1.7066757471134348,61.0,18.869946
2020-03-09 22:00:00,0.973350000000039,43.60103071712106,1.7222608853429524,50.0,15.425898
2020-03-09 23:00:00,0.9845200000000318,41.25069584601454,1.7265482035782458,44.0,17.198866
2020-03-10 00:00:00,0.9452800000000252,39.09134550089108,1.8317910981618375,44.0,18.826626
2020-03-10 01:00:00,1.2531700000000114,36.88531254281618,1.9890617489243856,39.0,20.334358
2020-03-10 02:00:00,0.6475500000000238,36.03803788902866,2.0763322053268047,32.0,20.581875
2020-03-10 03:00:00,1.9098000000000184,38.59678308097752,1.4881834648537804,37.0,19.585012
2020-03-10 04:00:00,3.259420000000034,35.726806051791364,0.42935140099675523,30.0,117.11024
2020-03-10 05:00:00,4.020140000000026,36.971995027376735,0.8429713018418242,35.0,234.12714
2020-03-10 06:00:00,4.596670000000017,39.788983642233866,1.1237347522207186,52.0,319.5055
2020-03-10 07:00:00,4.008330000000001,53.37234139037941,1.4062888021947875,54.0,455.68378
2020-03-10 08:00:00,5.473230000000001,43.64842144700717,1.474646530768083,30.0,513.6974
2020-03-10 09:00:00,4.596640000000036,53.600004853094866,1.538858839277109,19.0,522.30206
2020-03-10 10:00:00,5.285000000000025,49.92469674040093,1.4721076570751375,22.0,449.2036
2020-03-10 11:00:00,5.933900000000051,47.49312322996848,1.2845631205230097,24.0,294.4206
2020-03-10 12:00:00,5.287869999999998,54.480622422038,1.2144756944298467,26.0,76.91533
2020-03-10 13:00:00,2.6224000000000274,58.722718769528164,2.02893911819956,41.0,27.301409
2020-03-10 14:00:00,-0.8842499999999518,62.23268267676277,2.549223628404046,66.0,25.984507
2020-03-10 15:00:00,-3.0963199999999915,63.21205457677484,2.8145740431830464,58.0,23.510517
2020-03-10 16:00:00,-5.356049999999982,66.69592200381355,3.0175571643133727,51.0,21.754845
2020-03-10 17:00:00,-7.209599999999966,71.36686065136819,3.16554427035899,41.0,20.036165
2020-03-10 18:00:00,-8.04728,72.89549064584095,3.2548807425501085,39.0,17.185827
2020-03-10 19:00:00,-7.088840000000005,66.35463599747736,3.1412046675128127,33.0,15.458745
2020-03-10 20:00:00,-8.11251999999996,69.91666596005703,3.215281473042652,28.0,15.296465
2020-03-10 21:00:00,-8.51306999999997,70.5572714780932,3.2668119632847152,28.0,15.526142
2020-03-10 22:00:00,-8.778969999999958,70.25514506072295,3.2781638211672792,22.0,15.775557
2020-03-10 23:00:00,-9.031529999999975,69.45614865433429,3.2921955647800507,27.0,15.185645
2020-03-11 00:00:00,-9.226599999999962,69.1207889536264,3.3214198718678025,29.0,15.477014
2020-03-11 01:00:00,-9.31699999999995,69.19022073360684,3.3584713690332224,32.0,16.372156
2020-03-11 02:00:00,-8.948399999999992,69.2661905339718,3.271755633432304,26.0,16.87784
2020-03-11 03:00:00,-4.168679999999995,66.19797830246986,2.459366274633773,33.0,19.9339
2020-03-11 04:00:00,3.77337,41.764983738982814,0.6238226967696374,55.0,59.51756
2020-03-11 05:00:00,4.833950000000016,33.35004375430853,0.7604318851517538,42.0,242.72476
2020-03-11 06:00:00,5.279470000000003,37.49842400911584,1.2401127485154897,63.0,374.49078
2020-03-11 07:00:00,4.903160000000014,54.569264062704335,1.5615314195298569,48.0,541.2611
2020-03-11 08:00:00,6.3763700000000085,41.6089520988554,1.662434764898271,43.0,632.9514
2020-03-11 09:00:00,5.31564000000003,54.85331021698075,1.799071442617288,41.0,649.78485
2020-03-11 10:00:00,6.342300000000023,46.43924131019868,1.7708716502401438,37.0,585.15173
2020-03-11 11:00:00,6.889670000000024,45.6334250754408,1.5897822265030517,37.0,443.5391
2020-03-11 12:00:00,6.741170000000011,51.17201831563379,1.106884323627048,39.0,109.196526
2020-03-11 13:00:00,5.751120000000014,52.47204613731088,0.8183191566667233,75.0,27.873413
2020-03-11 14:00:00,4.879940000000033,52.95491387153362,1.2165075154600977,95.0,14.056062
2020-03-11 15:00:00,3.3082800000000248,53.420005936512126,2.1296062827606987,71.0,18.364819
2020-03-11 16:00:00,-0.8728999999999587,59.0186097678872,2.6190865173023212,60.0,20.416058
2020-03-11 17:00:00,-3.665840000000003,62.92337560262181,3.0068563104588826,56.0,19.78391
2020-03-11 18:00:00,-6.5908000000000015,69.16084621329097,3.295910263120526,49.0,16.681404
2020-03-11 19:00:00,-7.145849999999996,70.58496010551198,3.346676706746333,47.0,15.108116
2020-03-11 20:00:00,-7.4961999999999875,71.00036608473273,3.3342772031028796,43.0,14.721218
2020-03-11 21:00:00,-7.759680000000003,70.55999604246848,3.3646051810152615,36.0,14.754949
2020-03-11 22:00:00,-7.865269999999953,69.68764638118364,3.375710525407858,36.0,15.231317
2020-03-11 23:00:00,-7.961399999999969,68.67665517854843,3.373824817403509,33.0,15.020882
2020-03-12 00:00:00,-8.024540000000002,67.42941966585911,3.3776445439960354,31.0,14.987117
2020-03-12 01:00:00,-8.096099999999979,66.32602738550813,3.3867966293697935,34.0,15.455941
2020-03-12 02:00:00,-7.601799999999969,65.94917073090437,3.2569867590030364,34.0,15.365692
2020-03-12 03:00:00,-2.4421799999999507,61.98678373113462,2.3872921496186743,36.0,15.928189
2020-03-12 04:00:00,4.616600000000005,37.21195777799698,0.26279862631950063,38.0,89.807
2020-03-12 05:00:00,5.684660000000008,39.42849293934887,0.7949386195206,47.0,229.82666
2020-03-12 06:00:00,6.157530000000008,45.562597029670556,1.203100315698741,41.0,349.12244
2020-03-12 07:00:00,6.742580000000032,48.90246468142042,1.5286484366869626,58.0,470.42575
2020-03-12 08:00:00,7.564140000000009,49.2062538501559,1.7479214320392356,54.0,559.8001
2020-03-12 09:00:00,6.3134000000000015,57.378268011295056,2.0130980301672023,40.0,635.4672
2020-03-12 10:00:00,6.745020000000011,55.19914372791468,2.1458272097667743,27.0,580.61487
2020-03-12 11:00:00,6.697780000000023,54.98550961937197,1.9881789268354018,24.0,439.37158
2020-03-12 12:00:00,7.334440000000029,56.80632064432854,1.4198342679998008,18.0,190.17331
2020-03-12 13:00:00,6.88268000000005,57.76808634240596,1.1970235959816828,40.0,78.453
2020-03-12 14:00:00,6.185800000000029,58.96903789866826,0.9123248980462292,48.0,57.65599
2020-03-12 15:00:00,5.816980000000001,59.96204213881222,0.6645480797031431,28.0,43.66109
2020-03-12 16:00:00,5.442470000000014,60.7942808281675,0.41379044153749056,22.0,37.40779
2020-03-12 17:00:00,5.114160000000027,61.63491214845137,0.23814964076211578,18.0,41.222992
2020-03-12 18:00:00,4.711270000000013,62.870509948961775,0.43789425994949716,24.0,50.27816
2020-03-12 19:00:00,4.13130000000001,63.67321053812139,1.2521007069406642,29.0,69.99759
2020-03-12 20:00:00,3.3072800000000484,69.29277936075985,1.2149873527407735,29.0,75.5918
2020-03-12 21:00:00,2.7332000000000107,72.78656909729277,0.7823768461312077,25.0,74.78496
2020-03-12 22:00:00,2.432520000000011,75.642102028405,0.3343502395372816,24.0,70.93162
2020-03-12 23:00:00,1.9235500000000343,77.79093987028827,0.8562443839118522,23.0,54.946594
2020-03-13 00:00:00,1.198660000000018,78.94985519312802,1.5665480359125288,20.0,69.64833
2020-03-13 01:00:00,-2.533359999999959,82.63225096907776,2.3510784917583076,16.0,80.122955
2020-03-13 02:00:00,-3.2463699999999562,80.63837543799069,2.65039264770417,19.0,68.46823
2020-03-13 03:00:00,-0.24307999999996355,75.24002712259843,2.1638415773524318,22.0,90.007675
2020-03-13 04:00:00,3.703360000000032,66.46048833953873,1.5515009592224491,24.0,192.11212
2020-03-13 05:00:00,5.316200000000038,65.64611374874978,1.3184891427245808,20.0,283.21323
2020-03-13 06:00:00,6.380460000000028,63.85689874738845,1.261876635874379,11.0,437.31024
2020-03-13 07:00:00,7.7757799999999975,63.180449922907535,1.3240611552508026,13.0,609.25903
2020-03-13 08:00:00,8.555440000000033,60.45058561067055,1.3091102396719134,17.0,762.78345
2020-03-13 09:00:00,9.634900000000016,55.60432139400224,1.3202019207433089,24.0,794.0935
2020-03-13 10:00:00,9.12838000000005,57.44204228468328,1.7689475342668526,23.0,628.45874
2020-03-13 11:00:00,8.090840000000014,62.220299883093276,1.8168735614320408,24.0,448.126
2020-03-13 12:00:00,8.709130000000016,63.58251223321759,1.2248030920657413,31.0,148.00247
2020-03-13 13:00:00,7.6634200000000305,67.03751488830835,0.916957768143668,44.0,36.50743
2020-03-13 14:00:00,6.783100000000047,68.38218143751061,1.2629701516513614,57.0,17.016624
2020-03-13 15:00:00,5.362729999999999,66.92095713074426,2.000487875364219,39.0,19.413116
2020-03-13 16:00:00,1.915300000000002,71.05258178799144,2.5014646613334537,38.0,23.305897
2020-03-13 17:00:00,-0.7973999999999819,74.77759931169761,3.0334149774438526,34.0,22.712906
2020-03-13 18:00:00,-3.0982999999999947,77.82521229884598,3.45582588096128,33.0,18.755325
2020-03-13 19:00:00,-3.753119999999967,75.25363266791726,3.6755572849497096,23.0,17.753277
2020-03-13 20:00:00,-4.024099999999976,72.80331511200208,3.760943116398614,20.0,17.77927
2020-03-13 21:00:00,-4.131799999999998,69.66619780595371,3.8827172774579304,15.0,18.36919
2020-03-13 22:00:00,-4.147619999999961,66.42930357761266,3.969796622900742,10.0,17.074028
2020-03-13 23:00:00,-3.939429999999959,63.68247004350582,3.990977302156828,8.0,18.537178
2020-03-14 00:00:00,-3.9909999999999854,62.147989012485816,4.0211998958723525,8.0,18.87511
2020-03-14 01:00:00,-3.7613299999999867,61.24801869646565,4.010012396721039,7.0,19.635765
2020-03-14 02:00:00,-3.293549999999982,62.592355275894626,3.87120507598941,4.0,21.336731
2020-03-14 03:00:00,-0.46267999999997755,70.64118575977639,3.105516159050293,7.0,24.093529
2020-03-14 04:00:00,8.559169999999995,51.9962178962927,1.7307867673771327,14.0,33.83771
2020-03-14 05:00:00,11.287000000000035,25.400141783346513,0.45259562552467575,13.0,221.3503
2020-03-14 06:00:00,12.129420000000039,29.67147572923373,1.2189036240808546,7.0,418.61975
2020-03-14 07:00:00,12.486300000000028,31.86026824803866,1.4216389891955252,15.0,536.01306
2020-03-14 08:00:00,12.398680000000013,34.22625471792351,1.6247728092239733,19.0,712.0353
2020-03-14 09:00:00,12.153340000000014,36.51714146119018,1.8532731120459958,24.0,790.5066
2020-03-14 10:00:00,12.449760000000026,36.81970899524415,1.6706698194123757,21.0,707.8181
2020-03-14 11:00:00,12.800560000000019,37.63171243450374,1.445412099964231,17.0,397.89465
2020-03-14 12:00:00,12.073750000000018,44.47520671587456,1.0319401374232586,35.0,113.73888
2020-03-14 13:00:00,11.197400000000016,45.87143939282284,1.0099335915046284,91.0,29.457352
2020-03-14 14:00:00,9.158530000000042,49.86434033259588,2.0300046239365517,60.0,31.0056
2020-03-14 15:00:00,4.675130000000024,60.21362442628252,2.6314061365758534,48.0,32.80622
2020-03-14 16:00:00,3.202660000000037,64.66266812110484,2.7182466830693346,33.0,35.105495
2020-03-14 17:00:00,4.188960000000009,59.020448804963756,2.41989390527662,26.0,32.4942
2020-03-14 18:00:00,7.4074300000000335,51.56971164440553,1.899449576746532,30.0,24.35812
2020-03-14 19:00:00,1.9230000000000018,58.46399691124113,2.75518495261026,33.0,18.57412
2020-03-14 20:00:00,0.9343499999999949,62.12903902324126,2.857287739722884,19.0,16.074488
2020-03-14 21:00:00,-1.4334499999999935,68.29364182893329,3.1964825058303066,18.0,17.056183
2020-03-14 22:00:00,-2.4066499999999564,68.44636646464318,3.4521467842997455,20.0,22.63602
2020-03-14 23:00:00,-2.88552999999996,67.27997639988509,3.6433257258054232,17.0,19.961454
2020-03-15 00:00:00,-3.138279999999952,65.28901168118237,3.8048728234730618,14.0,18.01856
2020-03-15 01:00:00,-3.28231999999997,63.10446471345621,3.9186376329354746,9.0,19.472176
2020-03-15 02:00:00,-2.7336199999999735,64.14394134505174,3.8538382872997774,9.0,22.30753
2020-03-15 03:00:00,0.1302400000000148,71.5156931966062,3.1414450694418012,8.0,28.027431
2020-03-15 04:00:00,7.135340000000042,56.136832486319705,2.036940980643465,11.0,54.915924
2020-03-15 05:00:00,12.212800000000016,28.86367318272967,1.0065516098188756,8.0,239.65048
2020-03-15 06:00:00,13.497220000000027,29.98984855708235,1.2338382540704986,11.0,512.8972
2020-03-15 07:00:00,14.570100000000025,30.416857233091726,1.2496227101296975,7.0,736.26697
2020-03-15 08:00:00,15.167200000000037,30.3224907772925,0.9142370275237052,6.0,892.21094
2020-03-15 09:00:00,15.627280000000042,30.263152359032063,0.7489138343678171,7.0,931.3013
2020-03-15 10:00:00,15.805750000000046,30.622572846248374,0.7541520698228664,6.0,746.1922
2020-03-15 11:00:00,15.749099999999999,33.017481028693766,0.6863179349382935,14.0,615.4382
2020-03-15 12:00:00,15.409700000000043,35.058176995195865,0.7628754994440664,19.0,116.87685
2020-03-15 13:00:00,14.15360000000004,37.06542851330638,1.8542637872240213,19.0,50.949677
2020-03-15 14:00:00,3.4712499999999977,57.5846501374385,3.4962599933585548,21.0,28.781403
2020-03-15 15:00:00,-0.08220000000000027,64.35842024013351,3.9122300816589326,17.0,25.004635
2020-03-15 16:00:00,-0.8116200000000049,60.77200254153715,4.07027100491915,19.0,24.158216
2020-03-15 17:00:00,-1.009680000000003,56.38870472500723,4.10805985390605,15.0,22.676876
2020-03-15 18:00:00,-1.135499999999979,53.14524991504655,4.118070134847655,12.0,21.515057
2020-03-15 19:00:00,-0.7720699999999852,49.413866478987245,4.0950434588087825,7.0,20.849876
2020-03-15 20:00:00,-1.0203300000000013,48.969857777060184,4.055271418758409,6.0,20.732857
2020-03-15 21:00:00,-1.2376999999999612,48.38452610615941,4.124926554544913,3.0,21.084888
2020-03-15 22:00:00,-1.287499999999966,48.00467931935938,4.166617792169787,1.0,21.598948
2020-03-15 23:00:00,-1.3860199999999736,47.78474479302225,4.196934618694489,1.0,20.413914
2020-03-16 00:00:00,-1.4139199999999619,47.6234760752262,4.170493492085449,2.0,18.74147
2020-03-16 01:00:00,-1.539799999999957,47.41989374265892,4.126244423737216,4.0,17.529068
2020-03-16 02:00:00,-1.0213999999999714,51.9929541838156,3.951275582798543,3.0,18.651268
2020-03-16 03:00:00,2.2918300000000045,63.59367279991403,3.210491950337244,3.0,23.48253
2020-03-16 04:00:00,12.228480000000047,52.53409771760194,1.7559394043755863,13.0,36.426636
2020-03-16 05:00:00,15.379700000000014,17.563839604267415,0.7532936517415739,12.0,207.93391
2020-03-16 06:00:00,16.109640000000013,19.929285304373746,0.9588666191397327,10.0,324.3017
2020-03-16 07:00:00,16.930750000000046,22.413467585500914,1.18901059793904,11.0,463.9662
2020-03-16 08:00:00,17.447600000000023,23.344230060355237,1.167539120342085,8.0,562.0427
2020-03-16 09:00:00,17.711569999999995,24.66862046351253,1.1540227387153326,9.0,614.55615
2020-03-16 10:00:00,17.726830000000007,25.776779599436527,1.1258875245017266,7.0,517.7401
2020-03-16 11:00:00,17.309169999999995,29.782565742118507,1.002260351445976,17.0,252.04402
2020-03-16 12:00:00,16.47756000000004,37.4223591151122,0.981750609462945,35.0,58.776413
2020-03-16 13:00:00,15.557240000000036,38.02423271339476,1.3315619606689917,56.0,21.729626
2020-03-16 14:00:00,10.445950000000039,44.69864177250199,2.5613001552326886,47.0,23.150738
2020-03-16 15:00:00,5.803800000000024,51.957639963784565,3.2360807161640572,24.0,19.461702
2020-03-16 16:00:00,2.812340000000006,58.64083241694704,3.640460827309724,17.0,16.446026
2020-03-16 17:00:00,2.1857500000000414,57.48767191160572,3.764014684532136,17.0,17.098944
2020-03-16 18:00:00,1.516080000000045,55.72865050172587,3.8713868961203146,10.0,18.085693
2020-03-16 19:00:00,1.6181300000000078,53.36113158588197,3.97094917584646,8.0,18.689392
2020-03-16 20:00:00,1.2372400000000425,52.70577686920671,3.9507896302553047,5.0,19.366488
2020-03-16 21:00:00,1.0004500000000007,51.7434967945735,3.9973986553258123,4.0,20.12463
2020-03-16 22:00:00,0.908299999999997,50.9703502973027,4.030527288563643,4.0,17.523811
2020-03-16 23:00:00,0.8160000000000309,50.40799755867217,4.073089517011052,5.0,22.738941
2020-03-17 00:00:00,0.8111800000000358,50.068315364305796,4.083304181986537,5.0,24.900818
2020-03-17 01:00:00,0.8646800000000212,50.01170446562407,4.11790917816151,6.0,25.045956
2020-03-17 02:00:00,1.5962200000000166,54.36994101668289,4.008926400464625,8.0,25.64998
2020-03-17 03:00:00,4.879660000000001,62.18874496108106,3.305771082558628,15.0,30.827034
2020-03-17 04:00:00,10.929900000000032,54.66802702490631,2.2963657521967624,16.0,52.36746
2020-03-17 05:00:00,17.147700000000043,24.568354864974644,0.9333491595704337,14.0,210.77245
2020-03-17 06:00:00,18.111400000000003,21.06551543060759,0.44044671435242344,16.0,508.52228
2020-03-17 07:00:00,18.47708,26.285466189803756,0.8001859387726803,12.0,699.9175
2020-03-17 08:00:00,18.67697000000004,27.93457895416741,1.185998455225849,14.0,845.69867
2020-03-17 09:00:00,18.678800000000024,29.32301792496274,1.4787759722632938,14.0,888.5249
2020-03-17 10:00:00,18.46365000000003,30.964472599521095,1.788245766453286,15.0,919.1372
2020-03-17 11:00:00,17.98520000000002,34.63599500249989,1.7500467499678514,19.0,422.0222
2020-03-17 12:00:00,17.09823,42.42415893915441,1.4661993165751348,40.0,144.0758
2020-03-17 13:00:00,16.255460000000028,43.06601868436141,1.598664915513568,48.0,69.96908
2020-03-17 14:00:00,11.563070000000039,51.77621172291926,2.4154892674996367,39.0,36.875984
2020-03-17 15:00:00,6.7379999999999995,62.45751340017584,2.9740989817574603,19.0,27.856344
2020-03-17 16:00:00,3.5861000000000445,72.28274688619695,3.1446985668345513,16.0,25.11482
2020-03-17 17:00:00,2.5464699999999993,74.53468879777823,3.1860300516807043,19.0,23.428005
2020-03-17 18:00:00,1.8334600000000023,75.77537424015996,3.221424151740687,13.0,18.831179
2020-03-17 19:00:00,1.873700000000042,69.91271867724456,3.222394327646452,44.0,16.593378
2020-03-17 20:00:00,1.4430000000000405,71.44835256680246,3.2247540217565267,19.0,16.763638
2020-03-17 21:00:00,0.970799999999997,72.73379654624574,3.281518037388065,19.0,17.313707
2020-03-17 22:00:00,0.6764800000000264,73.58146721281558,3.260729241863648,13.0,14.34724
2020-03-17 23:00:00,0.6718400000000315,73.92029681648366,3.217272437432987,14.0,14.454299
2020-03-18 00:00:00,0.4864000000000033,75.19100746583146,3.183687620425,15.0,14.943597
2020-03-18 01:00:00,0.057640000000048985,76.93040647898837,3.1482855788723016,19.0,15.496271
2020-03-18 02:00:00,0.8330300000000079,78.88212077339251,2.9222970023005486,18.0,15.270055
2020-03-18 03:00:00,7.1662000000000035,73.90691388463924,1.805610849001388,15.0,18.504374
2020-03-18 04:00:00,11.831500000000005,45.56059793149117,0.12472611561959238,17.0,232.18343
2020-03-18 05:00:00,12.563350000000014,46.86688623853824,0.981969780338993,18.0,439.3773
2020-03-18 06:00:00,12.753100000000018,51.26407036030952,1.5248695926907487,11.0,616.6689
2020-03-18 07:00:00,13.426780000000008,55.43404296678512,1.3872891723507297,11.0,776.9001
2020-03-18 08:00:00,13.057150000000036,59.269826852023236,1.60553211072138,17.0,765.75684
2020-03-18 09:00:00,12.49532000000005,64.04083210792946,1.7786672998757465,15.0,790.04517
2020-03-18 10:00:00,12.319360000000017,65.38310511581167,1.8141316849129172,17.0,626.1067
2020-03-18 11:00:00,13.386700000000019,63.86644390571478,1.534174392561002,19.0,578.516
2020-03-18 12:00:00,12.560660000000041,74.68363166231549,1.1379881614628247,24.0,243.83844
2020-03-18 13:00:00,11.842740000000049,78.1940177321082,0.7287987451412932,55.0,27.30392
2020-03-18 14:00:00,10.923940000000016,81.78716887593474,1.342162989428238,50.0,28.786282
2020-03-18 15:00:00,9.96804000000003,76.58335201411535,1.8390990642004155,40.0,22.891533
2020-03-18 16:00:00,8.490499999999997,74.26450979565053,2.064966674961291,32.0,19.844463
2020-03-18 17:00:00,7.3790200000000254,70.57974181935401,2.2400064889465643,22.0,17.731838
2020-03-18 18:00:00,6.039500000000032,69.1656305717058,2.460032179146917,22.0,17.062115
2020-03-18 19:00:00,0.2289700000000039,90.19889702271246,3.257075915375902,19.0,16.274715
2020-03-18 20:00:00,0.057520000000010896,89.3735601006823,3.2956018844301704,17.0,16.228811
2020-03-18 21:00:00,-0.11739999999997508,88.1339272806962,3.399394457003514,16.0,16.448753
2020-03-18 22:00:00,0.002980000000036398,86.53960977913148,3.410573396325156,15.0,16.118334
2020-03-18 23:00:00,-0.029200000000003,84.75658079288823,3.3953248335211974,11.0,16.505035
2020-03-19 00:00:00,-0.2437999999999647,83.37944640505789,3.362956566285424,7.0,16.279465
2020-03-19 01:00:00,-0.3714999999999691,82.3247660773264,3.3186997465050223,7.0,15.447663
2020-03-19 02:00:00,0.36220000000002983,82.83899267387281,3.083176209754797,8.0,16.408356
2020-03-19 03:00:00,6.1743000000000166,79.28853237072745,1.9221432186352854,20.0,19.458698
2020-03-19 04:00:00,11.579859999999996,45.78534660306182,0.44007460968655077,16.0,180.50023
2020-03-19 05:00:00,12.328200000000038,49.79054017804246,1.1550634278627863,9.0,353.65982
2020-03-19 06:00:00,12.584600000000023,55.40220112324288,1.452733088761559,16.0,571.18024
2020-03-19 07:00:00,12.900959999999998,59.62592261220557,1.6208314984628858,18.0,730.46265
2020-03-19 08:00:00,12.524320000000046,62.652861781499645,1.7939084625099047,22.0,824.86426
2020-03-19 09:00:00,10.630400000000009,70.60370220701716,2.3546484613409366,25.0,837.87964
2020-03-19 10:00:00,9.706540000000018,75.82323905890333,2.4604881428273537,19.0,466.5298
2020-03-19 11:00:00,10.30618000000004,74.96440913376621,2.1042104327523066,20.0,531.86255
2020-03-19 12:00:00,11.369230000000016,82.13740636977504,1.385128095425647,21.0,354.03073
2020-03-19 13:00:00,10.411770000000047,86.9517496725325,0.15231522611505663,29.0,77.27219
2020-03-19 14:00:00,9.635520000000042,87.08232808416183,1.2822663138763726,27.0,73.705185
2020-03-19 15:00:00,8.434600000000046,85.85515033910372,1.7215802260200481,24.0,68.41994
2020-03-19 16:00:00,9.016200000000026,82.61582620037424,1.3706804064821712,19.0,49.369934
2020-03-19 17:00:00,9.057100000000048,76.66585206981725,1.3841722341147407,19.0,30.543793
2020-03-19 18:00:00,9.163049999999998,73.39666276230511,1.0345716540751262,16.0,21.028553
2020-03-19 19:00:00,8.681600000000003,87.10776754579936,0.7304780949629852,22.0,20.754501
2020-03-19 20:00:00,8.387020000000007,85.88091213650534,1.2479159519716387,17.0,15.615638
2020-03-19 21:00:00,8.36044000000004,80.90197053069056,1.4858677298736553,11.0,18.645628
2020-03-19 22:00:00,8.414120000000025,76.33838336936661,1.6583008443451512,20.0,16.266167
2020-03-19 23:00:00,6.734640000000013,75.72501759648493,2.019075861726372,21.0,18.854515
2020-03-20 00:00:00,4.32412000000005,77.64024563700825,2.460674074102414,22.0,20.850416
2020-03-20 01:00:00,2.1141000000000076,77.79476090485859,2.886800616444804,24.0,19.420311
2020-03-20 02:00:00,1.323570000000018,84.48413196835116,2.8450636152058757,14.0,19.91422
2020-03-20 03:00:00,6.459530000000029,85.91956205647244,1.8749661170446494,12.0,23.401993
2020-03-20 04:00:00,11.634119999999996,56.23602568812329,0.30368750625266494,29.0,181.57733
2020-03-20 05:00:00,12.894200000000012,54.76773625229976,0.6231302045086116,28.0,327.06378
2020-03-20 06:00:00,13.817319999999995,53.83100868823305,0.8328036158899735,30.0,480.11584
2020-03-20 07:00:00,14.695030000000031,53.55682060524966,0.9755733761832138,33.0,667.4951
2020-03-20 08:00:00,15.34686000000005,52.42243465992756,1.1002704758660435,26.0,788.6721
2020-03-20 09:00:00,15.79006000000004,51.871502371980775,1.2748100161314744,26.0,845.45654
2020-03-20 10:00:00,15.892020000000002,52.279476834785896,1.2303534742419124,17.0,788.29346
2020-03-20 11:00:00,15.777980000000014,53.27743333661925,1.142764067218877,15.0,637.4519
2020-03-20 12:00:00,15.422140000000013,55.24929773971729,1.0012779344874154,18.0,261.0277
2020-03-20 13:00:00,14.654700000000048,57.38273910115305,0.23522197356901672,47.0,31.237055
2020-03-20 14:00:00,13.840570000000014,57.94837739909473,1.46676643380466,51.0,24.652073
2020-03-20 15:00:00,9.347900000000038,63.73631120518528,2.529201411030207,44.0,26.466423
2020-03-20 16:00:00,4.541650000000004,72.69967012036537,3.179461432332414,39.0,20.45375
2020-03-20 17:00:00,1.2060800000000427,80.98723970199599,3.5416109144583663,35.0,19.57839
2020-03-20 18:00:00,0.5864500000000135,78.84608094786225,3.724269028450571,23.0,19.308887
2020-03-20 19:00:00,0.5077800000000252,76.23930452082668,3.838105059006333,11.0,18.615124
2020-03-20 20:00:00,0.33267000000000735,72.66310132847113,3.835908726287417,10.0,18.515373
2020-03-20 21:00:00,0.12112000000001899,69.21399539505677,3.88136860773607,8.0,18.73936
2020-03-20 22:00:00,-0.057399999999972806,66.07679164427468,3.91497530889447,8.0,17.262161
2020-03-20 23:00:00,-0.14193999999997686,63.38769776371741,3.9311010166520806,5.0,19.113245
2020-03-21 00:00:00,-0.20699999999999363,61.52047570137802,3.896897654488726,2.0,18.545189
2020-03-21 02:00:00,0.744070000000022,64.01910107032978,3.560973468605336,0.0,19.078583
2020-03-21 03:00:00,6.067859999999996,66.70713014283163,2.447334894599239,7.0,22.233456
2020-03-21 04:00:00,13.732630000000029,35.56920232550592,1.5253196440731802,32.0,123.954956
2020-03-21 05:00:00,8.361000000000047,62.29524494597231,3.2316949239405215,14.0,397.54895
2020-03-21 06:00:00,8.836450000000013,67.90382406982597,2.587395061442193,14.0,627.1203
2020-03-21 07:00:00,9.954920000000016,69.11900877241007,2.45131821541942,15.0,664.67847
2020-03-21 08:00:00,10.46884,72.01810507852421,2.261808764895609,12.0,707.8192
2020-03-21 09:00:00,9.023800000000051,77.50688268025641,2.7637817490887984,10.0,500.23746
2020-03-21 10:00:00,7.771400000000028,89.24612986683563,2.541690953423492,13.0,572.6234
2020-03-21 11:00:00,7.794399999999996,91.83310317481889,2.0719299967475373,15.0,320.2067
2020-03-21 12:00:00,9.804220000000043,92.57887806893706,0.8945324626633407,12.0,122.77232
2020-03-21 13:00:00,9.500400000000013,93.38136470048285,0.983929106234573,14.0,70.19617
2020-03-21 14:00:00,8.605200000000025,94.80806089133007,0.9135033743366794,20.0,40.16948
2020-03-21 15:00:00,8.572350000000029,89.87054220333185,1.1996340180436134,11.0,50.635193
2020-03-21 16:00:00,7.798900000000003,91.55453138329433,1.4132978818551267,15.0,67.28032
2020-03-21 17:00:00,7.229700000000037,94.51465320777217,1.4701225382341783,1.0,78.45819
2020-03-21 18:00:00,6.415670000000034,95.84772417540266,1.6603778697307432,1.0,84.42055
2020-03-21 19:00:00,6.423060000000021,99.56560713649439,1.4951958211306235,10.0,83.14957
2020-03-21 20:00:00,6.216120000000046,99.49046052549986,1.4765872775129476,10.0,83.99495
2020-03-21 21:00:00,5.982900000000029,97.5003474191867,1.5182693850948292,6.0,79.35228
2020-03-21 22:00:00,4.985040000000026,97.14348151293771,1.6708079177358037,2.0,78.84993
2020-03-21 23:00:00,4.435940000000016,95.11688161890305,1.771162866689097,0.0,74.129196
2020-03-22 00:00:00,3.8194500000000176,93.4603622266414,1.936632580441693,1.0,77.58754
2020-03-22 02:00:00,4.350180000000023,89.28160808235651,1.811402024321907,1.0,96.95012
2020-03-22 03:00:00,6.351560000000006,86.3706466384805,1.4068283597001237,4.0,171.32928
2020-03-22 04:00:00,6.604880000000037,85.95849688020199,1.494125444843076,2.0,291.1688
2020-03-22 07:00:00,7.971860000000049,77.4242739663617,1.9302806476119538,5.0,642.395
2020-03-22 08:00:00,8.332760000000007,77.39638250171768,1.9634933326646613,8.0,646.5991
2020-03-22 09:00:00,9.027919999999995,74.32900244350454,1.816848320121969,12.0,696.6687
2020-03-22 10:00:00,9.317930000000047,71.40455447950421,1.7425715635570789,8.0,646.667
2020-03-22 11:00:00,8.971460000000036,72.52566374447241,1.8316832289734044,19.0,621.2717
2020-03-22 12:00:00,8.528620000000046,75.95057499258148,1.8334592093499493,6.0,377.86688
2020-03-22 13:00:00,8.70168000000001,78.6196569497412,1.5517531035890118,23.0,91.83469
2020-03-22 14:00:00,7.2076000000000136,83.39222293363504,1.6562434814746914,15.0,59.419937
2020-03-22 15:00:00,4.962460000000021,88.66446572813156,2.059721486397755,14.0,59.50241
2020-03-22 16:00:00,4.443480000000022,88.63776176407212,2.0406880085204597,12.0,62.643875
2020-03-22 17:00:00,6.104849999999999,81.2668742047953,1.735033413534258,12.0,46.84433
2020-03-22 18:00:00,6.77720000000005,78.01618296859642,1.2519637698543733,9.0,33.50447
2020-03-22 19:00:00,6.843960000000038,80.04145268802945,1.4003797768840265,6.0,36.381485
2020-03-22 20:00:00,6.267880000000048,81.94958588825081,1.4054722939207784,6.0,38.118942
2020-03-22 21:00:00,5.863060000000019,83.11517939239539,1.200109902797148,4.0,31.030193
2020-03-22 22:00:00,5.824980000000039,81.92900894045,1.1237342091896947,2.0,41.59379
2020-03-22 23:00:00,6.095730000000003,78.62021259261044,1.1897142550132658,4.0,58.73045
2020-03-23 00:00:00,5.773860000000013,77.99047828510267,1.4969013476935613,4.0,97.08977
2020-03-23 01:00:00,4.315670000000011,79.52976118717451,1.6795509185562916,3.0,90.60018
2020-03-23 02:00:00,5.172270000000026,76.73724648860842,1.4381665161750117,2.0,88.74455
2020-03-23 03:00:00,6.143760000000043,78.55313065610692,0.8234696021526381,5.0,116.91195
2020-03-23 04:00:00,6.850729999999999,79.44251880804327,0.5849337774806841,4.0,239.86928
2020-03-23 11:00:00,6.252470000000017,83.12192684059772,2.5335146725472306,8.0,527.74976
2020-03-23 12:00:00,5.378200000000049,83.16791016983464,2.104775878781722,15.0,385.5899
2020-03-23 13:00:00,6.303600000000017,79.18451713495158,1.2646583911805511,24.0,262.3343
2020-03-23 14:00:00,5.570730000000026,79.59221850729963,0.9270056800538765,40.0,166.97946
2020-03-23 15:00:00,5.1185500000000275,78.93139837364596,1.064613390323741,57.0,119.623215
2020-03-23 16:00:00,5.0864500000000135,76.3539995735655,1.1165889918861014,22.0,96.45874
2020-03-23 17:00:00,5.153040000000033,73.75785615368054,1.010117985440879,23.0,65.493645
2020-03-23 18:00:00,4.9539400000000455,72.81744292021223,0.9465546248375799,21.0,45.787033
2020-03-23 19:00:00,4.93347,68.82686309017406,1.154611617439019,14.0,35.284546
2020-03-23 20:00:00,4.9726,67.38322808099355,0.8351372601166455,22.0,31.379623
2020-03-23 21:00:00,5.047050000000013,66.4585060311116,0.6919729013848276,13.0,34.342087
2020-03-23 22:00:00,4.92312000000004,66.81101688945951,0.45183083381571926,9.0,18.57529
2020-03-23 23:00:00,4.748800000000017,67.66499227473625,0.6234299460240261,7.0,15.971386
2020-03-24 00:00:00,4.476500000000044,69.37545112753654,0.716793894921214,10.0,20.660711
2020-03-24 01:00:00,4.212900000000047,71.49802134758745,0.8089584518138343,9.0,20.460579
2020-03-24 02:00:00,4.20070000000004,73.35135460411433,0.8539732685132971,10.0,40.96695
2020-03-24 03:00:00,4.704679999999996,77.36339840214977,0.38263693085125433,7.0,96.45708
2020-03-24 04:00:00,5.432700000000011,74.8472149701689,0.22927084438425835,9.0,261.64
2020-03-24 05:00:00,6.112500000000011,73.68076918518473,0.5389499592780582,18.0,413.30804
2020-03-24 06:00:00,6.839500000000044,70.2387898721216,0.6525968036991558,25.0,538.69604
2020-03-24 07:00:00,6.896720000000016,66.61987256277239,1.1503582672940504,21.0,632.7965
2020-03-24 08:00:00,6.816220000000044,69.35428293958144,1.488629446366115,21.0,755.23926
2020-03-24 09:00:00,6.813559999999995,68.81923607433193,1.9067751508188504,15.0,889.1116
2020-03-24 10:00:00,6.466880000000003,67.87136119627891,2.241531265194285,17.0,804.2871
2020-03-24 11:00:00,5.774260000000027,66.97046166658404,2.1772958007781904,17.0,669.1135
2020-03-24 12:00:00,5.359400000000051,62.891196750369794,1.7405759120556163,16.0,507.84155
2020-03-24 13:00:00,5.338530000000048,58.75928272645849,1.3694682344286846,24.0,238.42119
2020-03-24 14:00:00,5.2986700000000155,53.917084111540234,0.9878847778259221,39.0,111.61368
2020-03-24 15:00:00,4.566800000000001,54.40054462018827,0.4709803818693054,76.0,94.52077
2020-03-24 16:00:00,3.869040000000041,55.103459491907515,0.49937887925592017,61.0,42.191833
2020-03-24 17:00:00,2.9418600000000197,56.581177303456435,0.42588294790638237,43.0,25.335648
2020-03-24 18:00:00,2.215720000000033,58.54497278457984,0.8458726220062363,18.0,21.254257
2020-03-24 19:00:00,1.71383000000003,58.76641578078481,1.2905146653092363,19.0,24.62204
2020-03-24 20:00:00,-1.876929999999959,74.25815223695322,1.9358689615014157,8.0,27.098175
2020-03-24 21:00:00,-3.377049999999997,83.96124311789079,2.0791584508763568,7.0,26.83078
2020-03-24 22:00:00,-3.8633799999999496,86.03430492182643,2.0441687261425585,9.0,27.680832
2020-03-24 23:00:00,-5.502970000000005,89.91839623901713,2.2415556118283186,13.0,22.012955
2020-03-25 00:00:00,-5.744179999999972,89.14492172616825,2.20393381870017,12.0,21.321533
2020-03-25 01:00:00,-6.244899999999973,88.62550015454258,2.219523111870178,11.0,16.97844
2020-03-25 02:00:00,-4.11776999999995,82.98724717457024,1.582974942779726,8.0,17.698578
2020-03-25 03:00:00,-0.27445000000000164,66.39133120188184,0.12717995268084864,7.0,52.72763
2020-03-25 04:00:00,1.3339799999999968,65.03445048051684,1.1740197731587307,17.0,280.80975
2020-03-25 05:00:00,2.3458500000000413,65.47159326075621,1.7752165854061572,16.0,499.45972
2020-03-25 06:00:00,3.4114600000000337,64.41577070187503,1.8180045840513748,13.0,707.14795
2020-03-25 07:00:00,4.085100000000011,64.85934979374099,2.292754545381219,15.0,807.3279
2020-03-25 08:00:00,4.503720000000044,63.83108599931764,2.1919885160399977,10.0,871.42236
2020-03-25 09:00:00,4.508870000000002,62.408387725888026,2.5662057468960207,12.0,901.16846
2020-03-25 10:00:00,4.2503300000000195,61.928708107884276,2.556905172550852,10.0,799.5105
2020-03-25 11:00:00,3.568870000000004,62.76716813432107,2.3759310624949244,17.0,592.8374
2020-03-25 12:00:00,2.4974000000000274,67.40532058490268,1.9151774946270672,15.0,451.6437
2020-03-25 13:00:00,1.2930500000000507,74.12624562269029,1.4070934563974644,19.0,193.98369
2020-03-25 14:00:00,1.3306500000000483,60.503990876212896,1.0672679947894168,47.0,128.2281
2020-03-25 15:00:00,1.2515999999999963,55.0369566939906,0.7730012575130328,43.0,116.86911
2020-03-25 16:00:00,0.8463399999999979,54.916580746174695,0.457763906466104,51.0,41.168842
2020-03-25 17:00:00,0.6485200000000191,54.3159483145684,0.32545112616189426,60.0,37.117508
2020-03-25 18:00:00,0.5645000000000095,53.84148682012443,0.36055544044278887,76.0,24.542053
2020-03-25 19:00:00,0.7619300000000067,53.20539947673521,0.18081886280354892,82.0,16.694641
2020-03-25 20:00:00,0.7209400000000414,53.37079246833961,0.35421296700988136,61.0,24.557724
2020-03-25 21:00:00,0.8022000000000276,53.815724822187924,0.5582689252268602,48.0,20.743546
2020-03-25 22:00:00,0.8103300000000218,54.54276912957419,0.6155308124298562,33.0,59.70998
2020-03-25 23:00:00,0.6529800000000137,55.78310621989605,0.7091683438522428,10.0,67.1434
2020-03-26 00:00:00,0.6700000000000159,56.95971590291862,0.6558506951766246,8.0,58.62355
2020-03-26 01:00:00,0.6736700000000155,58.03999612822291,0.5295416140266421,8.0,38.36554
2020-03-26 02:00:00,0.9060300000000439,59.82065096256549,0.4939980624696919,10.0,45.323593
2020-03-26 03:00:00,1.6641500000000065,60.00002181322585,0.8036446291312163,14.0,142.69125
2020-03-26 04:00:00,2.6154000000000224,61.90499731496468,1.2296797294178268,14.0,279.50653
2020-03-26 05:00:00,2.9361800000000358,72.37701890816628,1.5189253653805466,30.0,381.1075
2020-03-26 06:00:00,4.082060000000013,68.86639691853271,1.8535496388947665,23.0,455.54944
2020-03-26 07:00:00,5.255359999999996,65.72645638676481,2.087294367330203,26.0,498.07434
2020-03-26 08:00:00,5.272670000000005,68.13809341070976,1.9887612571028757,29.0,519.3502
2020-03-26 09:00:00,5.160120000000006,70.38940188694109,1.9668507282098253,32.0,487.4901
2020-03-26 10:00:00,4.899130000000014,71.59661129640531,1.8643881912066194,24.0,525.7261
2020-03-26 11:00:00,4.9582000000000335,68.39616056916086,1.7086876015959969,26.0,409.302
2020-03-26 12:00:00,5.722340000000031,62.27508268927384,1.2932549236178927,28.0,241.34978
2020-03-26 13:00:00,5.625940000000014,62.938972822614005,1.2846890890913087,44.0,97.116806
2020-03-26 14:00:00,5.4007799999999975,61.69542071295087,1.2778175168402695,72.0,58.775497
2020-03-26 15:00:00,5.553740000000005,59.418452926885216,0.867790721562198,62.0,42.03348
2020-03-26 16:00:00,5.009500000000003,60.15678699046564,0.35072844407258785,60.0,32.07448
2020-03-26 17:00:00,4.823270000000036,59.93951553062953,0.54690171762188,54.0,24.82167
2020-03-26 18:00:00,4.461000000000013,60.51113246964282,1.3385591042395382,53.0,26.672775
2020-03-26 19:00:00,4.646200000000022,60.16377189743168,1.6689345913465299,49.0,26.300629
2020-03-26 20:00:00,1.9385599999999954,67.2113779374594,2.027189993482415,45.0,30.130661
2020-03-26 21:00:00,0.10018000000002303,72.64924953102776,2.376396244826164,40.0,38.323563
2020-03-26 22:00:00,-1.2708199999999579,79.13222712750989,2.6200134759798095,39.0,40.81398
2020-03-26 23:00:00,-2.416969999999992,84.27623482989092,2.8756791887162985,33.0,28.346909
2020-03-27 00:00:00,-3.1122199999999793,87.61806503473782,3.0693362076964825,31.0,23.230392
2020-03-27 01:00:00,-3.0885399999999663,87.6591345617465,3.142800765786439,25.0,17.776749
2020-03-27 02:00:00,-1.7198199999999702,84.97596894084913,2.7314009782447664,26.0,18.453487
2020-03-27 03:00:00,5.857780000000048,73.16820220166338,1.2707904209806233,35.0,27.650555
2020-03-27 04:00:00,7.51162000000005,63.775907932565396,0.6850160922758466,37.0,246.28421
2020-03-27 05:00:00,9.410900000000026,52.573109514784,0.9744999767963932,45.0,432.7606
2020-03-27 06:00:00,9.998130000000003,52.891793475416165,1.3191201819299359,41.0,576.22644
2020-03-27 07:00:00,9.598230000000001,58.9567386498292,1.7728550914794248,31.0,720.62915
2020-03-27 08:00:00,9.702780000000018,60.78910666951221,1.954984352590096,25.0,830.8811
2020-03-27 09:00:00,10.161500000000046,58.38137818242253,1.9194494002542302,14.0,869.78564
2020-03-27 10:00:00,10.186000000000035,56.93137598077553,1.9476373135984246,18.0,803.0088
2020-03-27 11:00:00,10.111900000000048,54.623678959623874,1.9235270989374953,18.0,667.47
2020-03-27 12:00:00,11.803250000000048,50.27292457322461,1.3959558379946884,17.0,274.35666
2020-03-27 13:00:00,10.768730000000005,53.31945202860527,1.4598997579441986,26.0,78.96066
2020-03-27 14:00:00,9.217070000000035,55.5841609723449,1.7343150714917401,85.0,51.6678
2020-03-27 15:00:00,9.003780000000006,53.67135990179832,1.872676960511943,42.0,53.615067
2020-03-27 16:00:00,9.147800000000018,51.752810601446285,1.7799591936309662,38.0,47.345284
2020-03-27 17:00:00,8.906030000000044,51.10078048515492,1.4931730159657757,22.0,36.71912
2020-03-27 18:00:00,8.571799999999996,51.00061979173752,1.2789657352730983,21.0,28.830503
2020-03-27 19:00:00,8.008399999999995,52.12245472352873,1.478367807028607,22.0,24.776268
2020-03-27 20:00:00,7.871730000000014,51.753253050416156,1.444530064977524,25.0,25.307594
2020-03-27 21:00:00,7.625450000000001,51.95032690047238,1.4185377597670132,22.0,25.394913
2020-03-27 22:00:00,7.481700000000046,52.468793028505395,1.33804824398902,19.0,25.234127
2020-03-27 23:00:00,7.244349999999997,53.754574635338926,1.2871227784986363,13.0,24.132372
2020-03-28 00:00:00,7.014980000000037,56.119030535236924,1.2353927449352629,19.0,26.982725
2020-03-28 01:00:00,6.858600000000024,60.07596810029019,1.288800559602629,19.0,40.16494
2020-03-28 02:00:00,6.71470000000005,64.44277699658042,1.381566558046565,24.0,61.726616
2020-03-28 03:00:00,6.811730000000011,71.54941597019244,1.1230103868331949,17.0,171.6524
2020-03-28 04:00:00,6.003840000000025,77.76683543670305,1.404819577708045,18.0,225.0596
2020-03-28 05:00:00,5.312900000000013,82.8030898892944,1.6919713776859973,14.0,336.5266
2020-03-28 06:00:00,5.113120000000038,85.21206597078996,1.8293728201818296,22.0,363.75342
2020-03-28 07:00:00,5.556970000000035,85.88854380830229,1.952899597612957,15.0,356.02954
2020-03-28 08:00:00,5.816370000000006,84.84518299952086,1.8093330108440129,16.0,322.41998
2020-03-28 09:00:00,6.3063000000000216,82.38407394934686,1.5500829732112407,11.0,339.26978
2020-03-28 10:00:00,7.261320000000012,79.36135862122315,1.2397654337602293,15.0,259.1123
2020-03-28 11:00:00,7.474970000000042,82.53001368231547,0.990540299768422,19.0,202.92436
2020-03-28 12:00:00,7.27188000000001,84.4704066527331,0.5743263650094281,23.0,153.90749
2020-03-28 13:00:00,7.331380000000024,82.85305480395529,0.5808914906574406,34.0,94.320435
2020-03-28 14:00:00,7.209130000000016,80.89470256571879,0.7329679257836583,28.0,71.59749
2020-03-28 15:00:00,6.329250000000002,80.8350909221488,1.3864114937386969,21.0,81.29065
2020-03-28 16:00:00,3.809560000000033,83.1974695634955,1.889934695466483,14.0,85.190414
2020-03-28 17:00:00,2.7444000000000415,82.90343960386485,1.9829641839699192,17.0,73.54469
2020-03-28 18:00:00,1.6603000000000065,83.58882328848385,2.0853128704411743,27.0,52.091446
2020-03-28 19:00:00,5.962060000000008,68.51270531643844,1.19572460161454,20.0,80.27989
2020-03-28 20:00:00,6.057520000000011,67.56173062495354,0.6680292295531962,16.0,105.59233
2020-03-28 21:00:00,5.733420000000024,68.49019630031509,1.0005203672890222,14.0,113.88394
2020-03-28 22:00:00,4.599700000000041,71.04141749275347,1.6143063234555826,13.0,98.04729
2020-03-28 23:00:00,2.0654499999999985,76.01250462776329,2.0422279282346767,16.0,59.552673
2020-03-29 00:00:00,-0.19232999999996991,80.62706399907808,2.454451881336965,14.0,78.148575
2020-03-29 01:00:00,-2.280429999999967,88.53714776724729,2.7488763693301133,15.0,23.682526
2020-03-29 02:00:00,-1.494419999999991,92.15953154188095,2.4442996756636766,11.0,30.583847
2020-03-29 03:00:00,5.632530000000031,78.61219578624177,1.0635239146076114,6.0,226.5759
2020-03-29 04:00:00,7.161130000000014,60.05546244670611,0.3236786409955975,5.0,348.25763
2020-03-29 05:00:00,7.508800000000008,62.94639948917825,1.2403850427191534,17.0,556.68884
2020-03-29 06:00:00,7.380880000000047,68.45701196495484,1.5894823867943417,34.0,758.135
2020-03-29 07:00:00,7.77030000000002,70.84986491198522,1.7849365507065766,24.0,909.3469
2020-03-29 08:00:00,8.555630000000008,67.04085701413804,1.7111572139699072,14.0,1106.3418
2020-03-29 09:00:00,8.45272,68.62101415524886,1.9421465739915753,17.0,1098.96
2020-03-29 10:00:00,8.92156,63.64265638293297,1.774251642712772,16.0,757.7029
2020-03-29 11:00:00,9.199730000000045,58.96094262830073,1.6793898589810081,11.0,606.1406
2020-03-29 12:00:00,10.404870000000017,52.95253160192812,1.2673206284810052,10.0,423.99164
2020-03-29 13:00:00,9.81295,55.22255488686233,1.117635510124052,11.0,113.36694
2020-03-29 14:00:00,8.800900000000013,56.622636260379096,0.5827585267259109,22.0,46.465828
2020-03-29 15:00:00,8.211820000000046,57.03521713289856,0.5062316130467224,44.0,48.63124
2020-03-29 16:00:00,7.572960000000023,57.72755373334869,0.9773667191297709,33.0,49.752254
2020-03-29 17:00:00,6.915920000000028,58.12963151418929,1.7582450581607567,27.0,36.57394
2020-03-29 18:00:00,4.231320000000039,62.30019238874284,2.1770095547536394,24.0,26.772953
2020-03-29 19:00:00,1.9288000000000238,65.63179468175043,2.527824794531657,17.0,21.135164
2020-03-29 20:00:00,1.2401399999999967,66.60229477659281,2.5789902724023195,16.0,17.563393
2020-03-29 21:00:00,-0.045939999999973224,69.81045685817969,2.734947742233715,17.0,16.617474
2020-03-29 22:00:00,-1.0577799999999797,72.36764661647555,2.822112778492887,18.0,17.35346
2020-03-29 23:00:00,-1.8378699999999526,73.54886351798417,2.9166484782803255,11.0,14.832867
2020-03-30 00:00:00,-2.443579999999997,73.86186302417737,2.977381454006394,13.0,17.364395
2020-03-30 01:00:00,-3.038849999999968,73.75087396841077,3.056150733459399,12.0,17.360308
2020-03-30 02:00:00,-0.6766700000000014,72.62170040548874,2.621396907624418,12.0,17.041916
2020-03-30 03:00:00,7.323400000000049,61.00072546700942,1.2103145171710838,13.0,26.346691
2020-03-30 04:00:00,9.439700000000016,43.16476608587711,0.28435838709430605,36.0,191.81865
2020-03-30 05:00:00,10.728880000000004,43.251495718125696,0.9739087938712693,32.0,358.5539
2020-03-30 06:00:00,11.33474000000001,44.654153156366945,1.3266413127316308,48.0,559.57056
2020-03-30 07:00:00,11.055050000000051,53.26383687093309,1.7268694152294644,31.0,749.21924
2020-03-30 08:00:00,11.489980000000003,53.529337757104344,1.7486943989093098,20.0,885.72485
2020-03-30 09:00:00,12.24010000000004,50.46872047254883,1.686429432891697,14.0,926.71655
2020-03-30 10:00:00,13.350600000000043,45.5004041035812,1.55747879169024,12.0,796.3098
2020-03-30 11:00:00,13.837550000000022,43.4933391856329,1.4288981681047805,9.0,644.0234
2020-03-30 12:00:00,13.373739999999998,46.97336371982989,1.0903727152148077,9.0,230.04657
2020-03-30 13:00:00,12.564050000000009,48.66853867983032,0.6417207064410567,14.0,47.68103
2020-03-30 14:00:00,11.525660000000016,49.76012506421568,0.6014490876337605,107.0,13.841848
2020-03-30 15:00:00,10.643150000000048,50.15889854301332,1.7698756599714829,63.0,22.02153
2020-03-30 16:00:00,5.507040000000018,59.08721220817982,2.5930735265773572,40.0,25.335358
2020-03-30 17:00:00,2.0372600000000034,65.39630365703587,3.0921623340797106,30.0,24.921362
2020-03-30 18:00:00,-0.427949999999953,70.42183936661529,3.333570555618319,27.0,19.99466
2020-03-30 19:00:00,-1.250599999999963,72.19133395472812,3.499560879643661,27.0,17.241062
2020-03-30 20:00:00,-1.524499999999989,70.31026765021562,3.5922544049256953,16.0,16.464325
2020-03-30 21:00:00,-1.4991999999999734,67.85144072270396,3.6670542968894826,14.0,16.515224
2020-03-30 22:00:00,-1.3340199999999527,65.44160167184087,3.7054354431009693,11.0,17.12067
2020-03-30 23:00:00,-1.3404299999999694,63.88203023105801,3.7035981284926436,13.0,16.159218
2020-03-31 00:00:00,-1.299099999999953,62.72055887624035,3.6383254962384783,7.0,16.319546
2020-03-31 01:00:00,-1.1903999999999542,61.90053957708645,3.613592287198191,4.0,16.112667
2020-03-31 02:00:00,0.6163300000000049,68.73522580005094,3.169529139702459,15.0,17.477673
2020-03-31 03:00:00,7.63094000000001,67.47053737396713,1.8681283491418714,17.0,19.984829
2020-03-31 04:00:00,12.800560000000019,32.51783017559873,0.27279369664318603,16.0,58.168777
2020-03-31 05:00:00,14.182900000000018,35.09421960785033,0.8794853580605378,32.0,319.74445
2020-03-31 06:00:00,15.446860000000015,35.80106194588753,1.0428910013620223,30.0,495.94775
2020-03-31 07:00:00,16.756680000000017,37.25269525271119,1.292768445462676,43.0,650.89325
2020-03-31 08:00:00,17.44150000000002,37.48782881125705,1.3524150683702572,26.0,770.51
2020-03-31 09:00:00,17.587670000000003,38.28436543010718,1.5197037264424496,12.0,786.17114
2020-03-31 10:00:00,16.967300000000023,40.18648659164172,1.8005295824282033,10.0,720.611
2020-03-31 11:00:00,17.158200000000022,41.59015447879625,1.6416802992887807,8.0,478.44806
2020-03-31 12:00:00,16.60880000000003,47.05194100578442,1.3643427575434444,23.0,221.16716
2020-03-31 13:00:00,15.92532,49.00595928095812,1.5657761928547214,51.0,61.76358
2020-03-31 14:00:00,15.307029999999997,49.530795221271774,1.682617386408241,54.0,26.20534
2020-03-31 15:00:00,14.900900000000036,48.943201515294035,1.3166232106628237,47.0,18.365868
2020-03-31 16:00:00,14.342219999999998,49.391392961572315,1.0010097960411608,50.0,19.351313
2020-03-31 17:00:00,13.910400000000038,49.96863215395886,0.8959137727085947,35.0,17.142803
2020-03-31 18:00:00,13.430080000000032,50.74548526561004,0.9990661212428597,23.0,20.144375
2020-03-31 19:00:00,12.171780000000012,48.12428689167066,2.084863122674112,21.0,21.299793
2020-03-31 20:00:00,13.165500000000009,44.90585929002018,1.8286306366006355,21.0,22.526154
2020-03-31 21:00:00,13.209860000000049,44.01759316907248,1.5678070743679482,17.0,23.258266
2020-03-31 22:00:00,13.23580000000004,44.03643126950732,1.0726651047280413,15.0,32.078335
2020-04-01 00:00:00,11.796170000000018,52.61638979609023,1.2598418284617994,11.0,65.78348
2020-04-01 01:00:00,10.384200000000021,62.52542756430584,1.5484287867360162,17.0,122.147224
2020-04-01 02:00:00,9.685879999999997,69.89004911691272,1.03791943228074,19.0,142.93138
2020-04-01 03:00:00,9.567740000000015,77.73660605365924,0.48838566416891027,17.0,145.98051
2020-04-01 04:00:00,9.970100000000002,80.04888413031851,0.883349413987378,14.0,148.21768
2020-04-01 05:00:00,10.51266000000004,78.3573130696699,0.8861165579231732,11.0,194.96098
2020-04-01 06:00:00,10.765860000000032,78.67171303357924,0.8627540728404605,11.0,245.05608
2020-04-01 07:00:00,9.304160000000024,86.81851978422772,1.2001997547629957,8.0,206.02255
2020-04-01 08:00:00,9.516200000000026,85.8413054930743,1.2833228549984863,5.0,233.36476
2020-04-01 09:00:00,9.599900000000048,87.56742799883779,1.4045918045907595,2.0,226.69193
2020-04-01 10:00:00,9.794060000000002,87.23461418498083,1.6166598855145535,3.0,186.53105
2020-04-01 11:00:00,9.859250000000031,87.04782232218865,1.692327093774467,8.0,172.88202
2020-04-01 12:00:00,8.947530000000029,86.76790800978237,1.8796775111933244,17.0,141.9958
2020-04-01 13:00:00,7.667259999999999,86.12337742812355,2.0842539411650516,19.0,80.472626
2020-04-01 14:00:00,5.904930000000036,88.86338897311964,2.2964904056496684,11.0,28.283308
2020-04-01 15:00:00,4.9076200000000085,90.72416277039405,2.400495748080012,9.0,20.716263
2020-04-01 16:00:00,4.715540000000033,88.3900323558065,2.3013772959917804,5.0,17.199066
2020-04-01 17:00:00,4.9178,84.97047581485133,2.076117336386797,15.0,21.318665
2020-04-01 18:00:00,5.281120000000044,83.16559615815135,1.9466482092060187,19.0,20.585133
2020-04-01 19:00:00,7.337400000000002,73.35722089565331,1.7360737048004617,20.0,25.20441
2020-04-01 20:00:00,8.800620000000038,70.2401002870918,1.06889837045693,16.0,32.810757
2020-04-01 21:00:00,8.74526000000003,73.63979855061262,0.6657219259784017,11.0,31.533833
2020-04-01 22:00:00,8.204700000000003,79.54513523124692,0.4362745515226099,6.0,84.648895
2020-04-01 23:00:00,8.014520000000005,81.88682901862181,0.5703297275355045,1.0,58.27928
2020-04-02 00:00:00,7.821860000000015,82.68235033426156,0.7412725916676637,1.0,72.8698
2020-04-02 01:00:00,7.411770000000047,83.77073750264611,0.5702656997299088,0.0,81.21391
2020-04-02 02:00:00,7.409140000000036,82.56192683488482,0.24425003404688428,6.0,78.19113
2020-04-02 03:00:00,7.447000000000003,84.55622245831347,0.9487707397037248,7.0,141.58961
2020-04-02 04:00:00,7.442769999999996,89.88017898209462,1.167171551054962,5.0,207.06245
2020-04-02 05:00:00,6.891560000000027,93.9705871715523,1.337696809164342,2.0,195.6896
2020-04-02 06:00:00,5.972860000000026,92.98387800788045,1.6647990869852842,0.0,293.1328
2020-04-02 07:00:00,5.514640000000043,92.19424932359162,1.817050412401882,0.0,321.0175
2020-04-02 11:00:00,8.125900000000001,85.47081626674418,1.4488724615637671,2.0,308.86493
2020-04-02 12:00:00,8.602260000000001,87.17287490369623,1.0617771898440955,2.0,223.53899
2020-04-02 13:00:00,8.284400000000005,89.01402412807897,0.7001071657987079,11.0,87.04083
2020-04-02 14:00:00,8.088220000000035,87.7754561086806,0.17616728841514534,15.0,46.727356
2020-04-02 15:00:00,8.10677000000004,86.65771517829303,0.4066505962983122,23.0,47.23001
2020-04-02 16:00:00,7.928740000000005,87.07431276539168,0.862845144698703,56.0,30.16156
2020-04-02 17:00:00,7.484030000000018,87.84365611528067,1.110344980818643,20.0,17.497238
2020-04-02 18:00:00,7.410150000000044,86.13130447953873,1.2495341949654217,6.0,13.768273
2020-04-02 19:00:00,6.7732200000000375,85.60199535758427,1.3441446264547867,5.0,15.388193
2020-04-02 20:00:00,5.45010000000002,86.8546240664094,1.7030427785267197,2.0,19.35392
2020-04-02 21:00:00,2.5999400000000037,90.02475021274115,2.288267791012942,1.0,18.9725
2020-04-02 22:00:00,0.2691300000000183,91.63022318567333,2.7630696288620746,1.0,27.160028
2020-04-03 01:00:00,-0.5138000000000034,87.8012462531188,3.2353532961606546,0.0,18.372324
2020-04-03 03:00:00,5.745050000000049,91.90190988611843,1.504740186970061,2.0,33.759476
2020-04-03 04:00:00,9.157129999999995,72.15831659886005,0.8038276863045132,6.0,75.21965
2020-04-03 05:00:00,10.633780000000002,71.3357707805972,0.8704070124032894,5.0,365.17032
2020-04-03 06:00:00,11.86587000000003,66.49082144347233,0.9190856069575076,2.0,505.02655
2020-04-03 07:00:00,12.869130000000041,60.28469318623282,1.4752028601395528,1.0,691.2666
2020-04-03 08:00:00,13.697000000000003,58.23632634361463,1.5318872257677378,9.0,633.45044
2020-04-03 09:00:00,13.685200000000009,57.681150273673985,1.4096782557937253,8.0,666.17163
2020-04-03 10:00:00,14.39993000000004,56.327249442463874,1.429745085365609,5.0,901.1262
2020-04-03 11:00:00,12.848780000000033,60.638276018859194,1.9172512005551725,2.0,750.9888
2020-04-03 12:00:00,13.208030000000008,61.254701869018255,1.6502311990028493,3.0,323.2844
2020-04-03 13:00:00,13.150100000000009,60.73608276628491,1.0085404533828874,5.0,97.28958
2020-04-03 14:00:00,12.09155000000004,61.05827451888826,1.7106329760363275,6.0,28.976776
2020-04-03 15:00:00,6.814260000000047,68.0164722903258,2.5859670603358738,18.0,25.313175
2020-04-03 16:00:00,2.478020000000015,75.31818477640188,3.1719251845788303,10.0,19.683952
2020-04-03 17:00:00,0.13052000000004682,78.94382091532334,3.473457145802039,5.0,17.879963
2020-04-03 18:00:00,-0.3568499999999517,75.65496655362811,3.6359807073333785,1.0,18.692812
2020-04-03 19:00:00,0.0022200000000225373,80.33170658401939,3.7392719414352316,0.0,19.034405
2020-04-03 20:00:00,0.041400000000010095,77.49134364660837,3.747999940361496,0.0,19.441475
2020-04-04 06:00:00,16.706260000000043,31.31437800802083,0.6620320572980605,0.0,720.1387
2020-04-04 07:00:00,17.545280000000048,31.587616543174654,0.7324271412391494,4.0,901.0935
2020-04-04 08:00:00,18.086940000000027,30.756631292868608,0.875440203441817,4.0,1056.5903
2020-04-04 09:00:00,18.298640000000034,30.687742556226087,0.9619847465317485,4.0,1110.3525
2020-04-04 10:00:00,18.400599999999997,31.070941158234913,0.8890492999030984,4.0,1320.6494
2020-04-04 11:00:00,18.321619999999996,32.01066833189121,0.7264046423445583,5.0,612.0664
2020-04-04 12:00:00,17.904700000000048,37.116072917110486,0.8688382940711942,8.0,243.1907
2020-04-04 13:00:00,17.180139999999994,38.12782607959711,1.4625395729733568,10.0,84.08491
2020-04-04 14:00:00,11.208200000000033,49.29720640488338,2.461677662886695,33.0,31.547237
2020-04-04 15:00:00,5.799040000000048,61.92360947794548,3.263124745364317,13.0,21.258148
2020-04-04 16:00:00,2.431730000000016,71.80618173399672,3.613511261039767,12.0,18.672813
2020-04-04 17:00:00,1.6730000000000018,72.97052939811941,3.7354148733121737,10.0,18.269573
2020-04-04 18:00:00,1.5238300000000322,71.55358686216677,3.760154812555516,7.0,19.069357
2020-04-04 19:00:00,1.8850300000000288,68.99924634213642,3.808197064833273,3.0,19.056648
2020-04-04 20:00:00,1.766020000000026,68.2750712091969,3.7443609862676235,2.0,19.337898
2020-04-04 21:00:00,1.623199999999997,67.36456172856306,3.7440242026143418,0.0,20.236565
2020-04-05 00:00:00,1.5743000000000507,64.0872805431503,3.695790057853077,0.0,20.019737
2020-04-05 01:00:00,1.725500000000011,64.30627272899369,3.542027204584969,6.0,20.898912
2020-04-05 02:00:00,4.400750000000016,69.32434450713845,2.9207419989371872,6.0,22.980183
2020-04-05 03:00:00,12.380269999999996,56.464841195663375,1.5038558773979673,5.0,31.651934
2020-04-05 04:00:00,13.20270000000005,40.652135913370735,1.7179828130290855,8.0,358.8226
2020-04-05 05:00:00,11.445150000000012,54.960254994358834,2.1023531757927305,5.0,549.84845
2020-04-05 06:00:00,11.847000000000037,58.841797412151045,2.0642470680709226,10.0,724.23425
2020-04-05 07:00:00,12.370200000000011,64.55394254887355,2.009505290096296,9.0,825.375
2020-04-05 08:00:00,14.043200000000013,60.29647460501119,1.6943460858275325,7.0,924.5608
2020-04-05 09:00:00,14.412200000000041,59.71777406727269,1.6528839672728208,6.0,879.3866
2020-04-05 10:00:00,14.127700000000004,61.291482676622465,1.7327943292229733,6.0,675.6543
2020-04-05 11:00:00,14.725430000000017,65.31652170975512,1.301552961782643,6.0,424.53754
2020-04-05 12:00:00,13.983540000000005,75.45879981388298,0.8832523572636815,5.0,259.1029
2020-04-05 13:00:00,13.272500000000036,77.27209022787177,1.373662309314091,6.0,66.297585
2020-04-05 14:00:00,11.592980000000011,75.72141265037129,1.7220358715835191,20.0,29.700932
2020-04-05 15:00:00,12.100729999999999,72.58641283284133,1.3223882946761514,44.0,40.80277
2020-04-05 16:00:00,11.346640000000036,76.75266864751119,1.216555473491814,30.0,55.33393
2020-04-05 17:00:00,10.47195000000005,79.61669745478352,1.4497454316813103,6.0,74.27431
2020-04-05 18:00:00,9.68392,82.21694978926264,1.3703950428613183,8.0,56.876167
2020-04-05 19:00:00,10.223230000000001,79.04625516266125,0.6862257425689681,5.0,37.24221
2020-04-05 20:00:00,9.778279999999995,81.39760621275158,0.4080797695615468,3.0,21.047886
2020-04-05 21:00:00,9.403040000000033,84.87064431282597,0.05469075694445141,3.0,21.053719
2020-04-05 22:00:00,9.16360000000003,87.87261198798488,0.20698780930346972,4.0,37.571297
2020-04-05 23:00:00,8.998199999999997,90.27986588598068,0.13544843947089114,3.0,28.591293
2020-04-06 00:00:00,8.635280000000023,93.7866323885232,0.9015769116044358,5.0,34.985065
2020-04-06 01:00:00,7.327330000000018,95.63620567809109,1.3315475439021547,6.0,41.284386
2020-04-06 02:00:00,7.919399999999996,95.45999901202318,0.9507075090542356,5.0,63.35579
2020-04-06 03:00:00,8.725240000000042,95.0501628136417,0.6890097379390204,3.0,144.7911
2020-04-06 04:00:00,9.579859999999996,93.45992244774705,1.1056291207650106,1.0,257.0096
2020-04-06 05:00:00,9.940030000000036,90.12972541488905,1.1570210338749303,1.0,230.73271
2020-04-06 06:00:00,10.479270000000042,80.29164665330657,1.2933839656747073,15.0,366.74615
2020-04-06 07:00:00,13.023160000000018,69.5289347193254,1.0637325497496135,10.0,529.1386
2020-04-06 08:00:00,13.818930000000023,64.81059079738213,1.2179312366095567,12.0,663.60364
2020-04-06 09:00:00,14.041500000000042,64.91712901794523,1.4689039429520667,21.0,667.0762
2020-04-06 10:00:00,14.333520000000021,63.85101970802324,1.5333310941004499,24.0,707.4487
2020-04-06 11:00:00,14.222740000000044,62.905253313633615,1.5072885963907576,20.0,597.8682
2020-04-06 12:00:00,14.88644000000005,63.4261030441723,1.159636400768427,24.0,351.93884
2020-04-06 13:00:00,14.322440000000029,67.1053643809274,0.9630071449235339,19.0,131.2166
2020-04-06 14:00:00,13.348569999999995,70.00578875942787,0.30858057486876905,25.0,27.37898
2020-04-06 15:00:00,12.767449999999997,69.86988146530014,1.5395959339964778,36.0,25.022095
2020-04-06 16:00:00,10.704300000000046,70.79644891980774,1.999105118965179,24.0,22.381584
2020-04-06 17:00:00,9.872580000000028,70.21865717358436,2.075918974867001,18.0,24.648012
2020-04-06 18:00:00,8.973540000000014,69.6756994272825,2.1567017499265266,11.0,24.433998
2020-04-06 19:00:00,7.248130000000003,66.30269007852455,2.4745463891886708,13.0,22.683968
2020-04-06 20:00:00,7.653770000000009,62.629814109125604,2.3977313102374516,9.0,19.820354
2020-04-06 21:00:00,7.65554000000003,60.31661454558446,2.399995566708167,6.0,16.935173
2020-04-06 22:00:00,7.228049999999996,59.204827652388424,2.4692013044464844,3.0,24.060654
2020-04-06 23:00:00,5.104939999999999,63.090045961792455,2.8188179078847675,3.0,19.053436
2020-04-07 00:00:00,2.834040000000016,68.56672497241897,3.2126640068137444,2.0,15.819662
2020-04-08 00:00:00,4.586940000000027,97.84381269822525,1.6259689256752017,1.0,114.371765
2020-04-08 01:00:00,3.7875000000000227,97.35284017769698,1.390386800774209,4.0,130.52866
2020-04-08 02:00:00,2.7212800000000357,98.20841642151078,2.0124573976665494,8.0,196.22728
2020-04-08 03:00:00,2.918420000000026,96.6455727119204,2.181806735431379,8.0,208.20235
2020-04-08 04:00:00,3.3604400000000396,94.21936848338679,2.29380160921256,9.0,212.49243
2020-04-08 05:00:00,3.8949800000000323,91.5056659300816,2.401823877449704,10.0,248.74121
2020-04-08 06:00:00,4.506979999999999,88.71906679733848,2.6733602248728343,8.0,271.97266
2020-04-08 07:00:00,4.903500000000008,88.42862153314931,2.4287500893867686,10.0,294.66016
2020-04-08 08:00:00,5.13662000000005,86.99679510754434,2.511588097189992,8.0,327.9148
2020-04-08 09:00:00,5.022730000000024,87.26772814875405,2.6901445924550154,24.0,319.23315
2020-04-08 10:00:00,4.718470000000025,88.38059415772967,2.41867001787794,14.0,298.4854
2020-04-08 11:00:00,4.328700000000026,89.79983308356617,2.0715908764221114,13.0,281.82733
2020-04-08 12:00:00,3.7085500000000025,91.77174031742713,1.726487665821827,26.0,219.63821
2020-04-08 13:00:00,3.6355800000000045,91.43492982034458,1.4591772954202138,24.0,149.68175
2020-04-08 14:00:00,3.8174700000000144,91.17778592446287,1.1040368168281798,13.0,98.618774
2020-04-08 15:00:00,2.328330000000051,93.25616295581129,1.6886686998510556,12.0,102.55769
2020-04-08 16:00:00,0.7304300000000126,97.05568741111747,2.258435381707976,7.0,150.01828
2020-04-08 17:00:00,0.6265500000000088,98.36422747009743,2.3183177026172057,3.0,240.16052
2020-04-08 18:00:00,0.8144800000000032,98.82542771938145,2.7430711944732624,2.0,258.22498
2020-04-08 19:00:00,1.025480000000016,99.04278030443533,3.31550021107053,0.0,286.32812
2020-04-09 02:00:00,-0.6255199999999945,94.46971035484322,2.2349302579521986,0.0,298.38605
2020-04-09 03:00:00,-0.6081999999999539,95.36335286678661,2.5550927893823365,3.0,431.28906
2020-04-09 04:00:00,-0.7077400000000011,93.73677435172276,2.874521699020385,3.0,457.11206
2020-04-09 05:00:00,-0.9733599999999569,93.02481476212184,2.405939298934709,2.0,491.03156
2020-04-09 06:00:00,-0.6932999999999652,89.48539457939053,2.5801389059939255,4.0,473.68726
2020-04-09 07:00:00,-1.012900000000002,88.82674044774838,2.8492480522670185,5.0,421.74875
2020-04-09 08:00:00,-0.8813999999999851,89.15880016892169,2.8590354188212848,9.0,433.03696
2020-04-09 09:00:00,-0.7229399999999941,88.06102547510399,2.84431648288438,7.0,433.81592
2020-04-09 10:00:00,-0.6932699999999841,84.27480563099927,2.718378600276468,7.0,394.30933
2020-04-09 11:00:00,-0.9268999999999892,85.12249366284732,2.1989051339111496,7.0,310.46826
2020-04-09 12:00:00,-1.4778199999999515,90.33682212945529,1.3648726579204524,14.0,181.3693
2020-04-09 19:00:00,-6.276099999999985,77.97376280402588,2.442861616613696,2.0,41.645905
2020-04-09 20:00:00,-7.449069999999949,76.062406621242,2.818940760734679,0.0,40.22148
2020-04-10 01:00:00,-5.62473,58.940803306123556,2.1965274348471016,4.0,16.921406
2020-04-10 02:00:00,-3.491669999999999,53.970314155088715,1.715968755032782,3.0,16.846178
2020-04-10 04:00:00,0.4097500000000309,48.46172866346869,0.5796355116892767,0.0,112.02205
2020-04-10 05:00:00,0.9467000000000212,54.38620214071513,1.051618832069342,4.0,157.76654
2020-04-10 06:00:00,2.0452000000000226,68.28039493112985,1.2153407256249746,9.0,181.38374
2020-04-10 07:00:00,2.873739999999998,63.73051231502371,1.5000824133807895,7.0,227.10393
2020-04-10 08:00:00,4.309780000000046,58.53873377814848,1.44536930368733,4.0,270.76257
2020-04-10 09:00:00,4.093800000000044,68.11519032635294,1.5421192785608184,4.0,303.22552
2020-04-10 10:00:00,4.341670000000022,64.42947435159888,1.604365295762003,17.0,279.91644
2020-04-10 11:00:00,4.51785000000001,62.197562395072374,1.625423015015816,18.0,232.10152
2020-04-10 12:00:00,5.4263500000000136,56.42044602913424,1.2568072035756612,13.0,164.66447
2020-04-10 13:00:00,5.4993500000000495,56.933082796856546,0.4429263284457938,12.0,67.71498
2020-04-10 14:00:00,5.055700000000002,56.283252401913316,1.2380028087253743,25.0,38.33716
2020-04-10 15:00:00,0.8829000000000065,62.38038550807905,2.337729572967055,25.0,42.19513
2020-04-10 16:00:00,0.08836999999999762,58.44046087099871,2.570369036350697,26.0,36.574966
2020-04-10 17:00:00,0.43258000000002994,52.39206371534343,2.5632902737654297,47.0,34.76091
2020-04-10 18:00:00,3.7804800000000114,41.05081860212867,2.144358436492086,27.0,30.592896
2020-04-10 19:00:00,3.5741200000000504,37.191176796806374,2.245763084963701,12.0,29.038513
2020-04-10 20:00:00,1.2638000000000034,41.04136352022425,2.602164069852264,13.0,29.955353
2020-04-10 21:00:00,0.8798500000000331,41.1430429015842,2.7337547359195717,7.0,24.019531
2020-04-10 22:00:00,0.5918200000000411,42.30200333405813,2.903805652695207,11.0,27.828415
2020-04-10 23:00:00,0.9311500000000024,42.43454841892827,2.9562782916786525,12.0,20.777863
2020-04-11 00:00:00,2.493130000000008,37.26304884528787,2.689065557502656,10.0,16.792435
2020-04-11 01:00:00,7.252650000000017,25.77251562846638,2.0346994570443724,6.0,16.463547
2020-04-11 02:00:00,9.629480000000001,21.160380406456063,1.3948529923704505,3.0,15.804091
2020-04-11 03:00:00,9.147670000000005,27.37490585297628,0.7973458671054754,4.0,16.602814
2020-04-11 04:00:00,9.375940000000014,32.062505022280185,0.7283307815211867,8.0,29.595459
2020-04-11 05:00:00,9.39993000000004,37.013387146949434,1.037390689198215,6.0,184.00601
2020-04-11 06:00:00,10.72592000000003,35.96250508762358,0.9689485038171805,4.0,220.63594
2020-04-11 07:00:00,13.410120000000006,36.594368768980274,1.0843044923432326,1.0,285.86322
2020-04-11 08:00:00,14.904750000000035,35.66864330452199,0.9961777927564475,15.0,331.05176
2020-04-11 09:00:00,15.318570000000022,37.48072869607973,1.1593048842499338,15.0,337.07678
2020-04-11 10:00:00,15.11605000000003,40.807454910871634,1.3271937087891317,24.0,355.74203
2020-04-11 11:00:00,15.630179999999996,43.66325395965244,1.2783432354374822,30.0,256.4115
2020-04-11 12:00:00,14.817650000000015,53.24744943871402,1.17558464371912,33.0,114.02585
2020-04-11 13:00:00,13.342030000000022,59.37073356589822,1.7721486434834894,34.0,64.27042
2020-04-11 14:00:00,9.27108000000004,70.25530123054435,2.2597615827889985,64.0,59.844315
2020-04-11 15:00:00,8.178120000000035,71.14584364285211,2.1429349891773435,57.0,42.93341
2020-04-11 16:00:00,7.382600000000025,69.8192432729033,2.282297422588077,43.0,44.40309
2020-04-11 17:00:00,6.150300000000016,73.54119707572931,2.5781358252784763,24.0,41.982635
2020-04-11 18:00:00,5.4633400000000165,76.29025321334025,2.761965026325656,18.0,43.98584
2020-04-11 19:00:00,4.800930000000051,81.86616380852608,2.959602735074406,7.0,50.975418
2020-04-11 20:00:00,4.897820000000024,81.17465773976585,2.942025094120628,9.0,50.247528
2020-04-11 21:00:00,4.9103000000000065,80.53912872634086,3.198038623110435,5.0,48.30278
2020-04-11 22:00:00,4.266999999999996,82.24242672660165,3.2601229005634584,1.0,48.83026
2020-04-11 23:00:00,3.7398300000000404,83.39709079409987,3.3826016088122137,0.0,39.82216
2020-04-12 06:00:00,18.712580000000003,50.12146959737915,1.40580715940354,11.0,432.82007
2020-04-12 07:00:00,18.38748000000004,54.287773329655415,2.4573945669342927,12.0,653.1969
2020-04-12 08:00:00,15.475150000000042,62.93453555937882,4.717061370056023,6.0,721.8994
2020-04-12 09:00:00,14.387900000000002,66.66366260772585,4.6375788917905485,3.0,613.26166
2020-04-12 10:00:00,12.613920000000007,72.49243393408958,3.5290533887073234,6.0,456.1477
2020-04-12 11:00:00,15.725850000000037,65.86972493682266,1.3010036924703365,8.0,333.85608
2020-04-12 12:00:00,15.370630000000006,68.57318239219083,1.1059654564619277,27.0,154.68967
2020-04-12 13:00:00,14.521630000000016,73.83461003426318,1.274622244349012,18.0,95.43671
2020-04-12 14:00:00,13.222740000000044,77.94926423443981,1.4278169974068595,17.0,65.49419
2020-04-12 15:00:00,12.805020000000013,76.37435720989976,1.6663068340970142,10.0,73.16872
2020-04-12 16:00:00,12.095760000000041,75.78598989218585,1.79592808194852,13.0,78.716675
2020-04-12 17:00:00,12.758360000000039,73.2073538274295,1.5883327920084636,19.0,68.66832
2020-04-12 18:00:00,12.748130000000003,73.42515982220745,1.454444984463431,10.0,52.393024
2020-04-12 19:00:00,12.818700000000035,73.56587959955314,1.2493756927996549,17.0,43.449936
2020-04-12 20:00:00,12.460900000000038,75.55908352920558,1.2943574123100015,38.0,42.217865
2020-04-12 21:00:00,11.45780000000002,79.79342392773454,1.2972093432347802,29.0,56.16432
2020-04-12 22:00:00,11.505100000000027,80.95717488283469,1.1745710986014521,11.0,48.316544
2020-04-12 23:00:00,11.303920000000005,81.21885231038455,1.2739669582914974,7.0,62.87088
2020-04-13 00:00:00,10.967980000000011,82.15593949353757,1.2890557883215368,5.0,63.014603
2020-04-13 01:00:00,10.811059999999998,83.2396551903614,0.9044323376700728,10.0,50.020874
2020-04-13 02:00:00,11.091420000000028,83.08120151498755,0.3065049329256789,11.0,82.56766
2020-04-13 03:00:00,11.467340000000036,87.40655045567098,1.2384384829257131,10.0,140.2198
2020-04-13 04:00:00,9.986630000000048,91.76674943914615,2.197113723975937,10.0,196.33916
2020-04-13 05:00:00,8.391260000000045,95.3381952227581,2.741446673942007,4.0,227.41669
2020-04-13 07:00:00,8.910500000000013,93.87469136635761,2.4906303970213344,1.0,237.25235
2020-04-13 08:00:00,8.699550000000045,94.07881400417017,2.5133960818339873,3.0,321.01245
2020-04-13 09:00:00,8.910850000000039,94.3235950672392,2.332143531990469,3.0,269.89557
2020-04-13 10:00:00,9.678300000000036,93.45872699951748,2.0097671974157856,2.0,233.1863
2020-04-13 11:00:00,11.117400000000032,89.4715548323051,1.6771828209846895,4.0,203.93633
2020-04-13 12:00:00,11.124930000000006,91.23479765230556,1.3111746903323485,4.0,186.48596
2020-04-13 13:00:00,10.651400000000024,93.65658972433965,1.0288677926511205,6.0,57.896526
2020-04-13 14:00:00,10.093530000000044,94.91620289798729,1.327122625828944,10.0,71.79202
2020-04-13 15:00:00,8.569540000000018,97.34480112506594,1.7055209064098822,18.0,103.174286
2020-04-13 16:00:00,7.961180000000013,97.68695814755465,1.8158760464275778,23.0,116.9491
2020-04-13 17:00:00,7.747460000000046,98.20611341881725,1.803650743064283,14.0,126.55376
2020-04-13 18:00:00,7.872830000000022,97.98980904855154,1.6418876271898561,18.0,106.589005
2020-04-13 19:00:00,8.80030000000005,94.07260050722996,0.9031073593779689,6.0,75.57204
2020-04-13 20:00:00,9.00036,94.16298376895121,0.6529887381004439,8.0,59.935776
2020-04-13 21:00:00,8.48275000000001,96.73268528122007,1.0166405814034907,15.0,62.808334
2020-04-13 22:00:00,8.447780000000023,96.45045489959404,1.1074904413496958,11.0,84.009445
2020-04-13 23:00:00,8.494230000000016,95.3630246699,1.1159422361567186,9.0,57.556793
2020-04-14 00:00:00,7.179860000000019,96.04598134287308,1.5064119101012743,14.0,34.771317
2020-04-14 01:00:00,9.217000000000041,86.31460682387856,1.2287630387460915,13.0,50.807556
2020-04-14 02:00:00,9.959069999999997,84.40622009876107,0.3405467709136382,9.0,67.910355
2020-04-14 03:00:00,10.603400000000022,88.7786958882216,1.1691097555875454,8.0,171.1621
2020-04-14 04:00:00,10.568700000000035,84.58934821311615,1.8439228342244616,8.0,306.09454
2020-04-14 05:00:00,10.085100000000011,83.85773622108567,2.0200843611627968,7.0,409.52002
2020-04-14 06:00:00,10.477930000000015,81.63003561977571,2.0632749537006667,8.0,501.89423
2020-04-14 07:00:00,10.572500000000048,80.27269779205291,2.0964538308714644,11.0,511.81323
2020-04-14 08:00:00,10.059960000000046,83.54131555769261,2.081538002533187,14.0,310.72113
2020-04-14 09:00:00,10.299980000000005,84.77237070196699,1.8618711795684066,11.0,338.40594
2020-04-14 10:00:00,9.773900000000026,87.27049832510505,1.9128873908562547,9.0,311.70483
2020-04-14 11:00:00,11.609100000000012,88.19498332052206,1.577895135994563,9.0,241.79124
2020-04-14 12:00:00,10.872950000000003,92.79967681701976,1.5538971219420648,9.0,167.75894
2020-04-14 13:00:00,9.587370000000021,96.2064190935701,1.4011636870857782,7.0,150.56535
2020-04-14 14:00:00,9.969500000000039,96.89285897866795,1.0021581824054586,6.0,116.499084
2020-04-14 15:00:00,9.510520000000042,97.84616995157906,1.1352227451592516,8.0,123.87935
2020-04-14 16:00:00,8.666100000000029,97.17804796953054,1.552033813992353,5.0,157.9719
2020-04-14 17:00:00,8.474570000000028,99.4739338106382,1.3692216932796892,5.0,138.37372
2020-04-14 18:00:00,8.044900000000041,99.55041086440758,1.2718968960993562,4.0,114.49048
2020-04-14 19:00:00,7.170400000000029,97.86940308608646,1.5188174091314208,0.0,120.09662
2020-04-14 22:00:00,5.10784000000001,99.83775361326484,1.9649436121193689,1.0,176.31271
2020-04-15 04:00:00,5.658100000000047,93.26360928679274,2.5942188786576392,0.0,260.60944
2020-04-15 05:00:00,5.941250000000025,94.57297724235609,2.6457489123390374,4.0,248.85327
2020-04-15 06:00:00,6.30197000000004,93.82688269507676,2.5026938536611407,2.0,280.90295
2020-04-15 07:00:00,6.890219999999999,88.17780622585595,2.2838387667713294,0.0,374.87598
2020-04-15 08:00:00,7.29287000000005,86.23979344854958,2.1674606674175796,2.0,435.21582
2020-04-15 09:00:00,7.541350000000023,85.2498468477105,2.141217300083413,5.0,387.1574
2020-04-15 10:00:00,7.219320000000039,86.00636279246359,1.9496436190375594,7.0,403.88647
2020-04-15 11:00:00,7.01696000000004,86.77861361617309,1.7684693524718487,7.0,386.87427
2020-04-15 12:00:00,6.80233000000004,88.75081839501875,1.5697576116270722,7.0,272.5879
2020-04-15 13:00:00,6.490200000000016,91.984413673215,1.4137887572320909,10.0,165.85011
2020-04-15 14:00:00,5.729970000000037,94.78709919574818,1.3205024211253815,21.0,91.55153
2020-04-15 15:00:00,5.3328200000000265,94.34840500808879,1.149009562863643,19.0,75.6405
2020-04-15 16:00:00,5.415800000000047,93.5268667927417,1.0924109682633958,12.0,57.15886
2020-04-15 17:00:00,5.183440000000019,93.13611634801082,1.0619745533747453,13.0,41.827286
2020-04-15 18:00:00,5.111050000000034,92.93209743256855,1.0188199917353653,20.0,61.13275
2020-04-15 19:00:00,4.801140000000032,91.58422143407542,1.0600914036672229,15.0,50.228104
2020-04-15 20:00:00,4.934900000000027,90.28120759747726,1.0125414302033173,16.0,28.140495
2020-04-15 21:00:00,4.895200000000045,89.47963712321098,0.9122402011583627,11.0,32.67926
2020-04-15 22:00:00,5.053500000000042,88.01906430623272,0.7647790957134177,7.0,43.168396
2020-04-15 23:00:00,5.091880000000003,86.69799683322027,0.6211159833483949,11.0,30.823685
2020-04-16 00:00:00,4.961500000000001,85.87044057724923,0.5713846537772344,7.0,55.20842
2020-04-16 01:00:00,5.005269999999996,85.80135881149442,0.415833677119233,6.0,36.27089
2020-04-16 02:00:00,5.411800000000028,85.91002567604563,0.5397533540539795,9.0,94.640625
2020-04-16 03:00:00,6.743430000000046,81.48032001463532,0.994201982781759,8.0,247.18909
2020-04-16 04:00:00,7.56880000000001,77.13230401895981,1.6932934044882182,6.0,390.1819
2020-04-16 05:00:00,6.598929999999996,79.41188184733696,1.682497017359177,6.0,567.8347
2020-04-16 06:00:00,10.103970000000004,66.889027740433,2.120664425307781,4.0,828.3633
2020-04-16 07:00:00,11.839530000000025,62.98424309854268,2.5918920786256097,3.0,947.3557
2020-04-16 08:00:00,12.353200000000015,62.924740040261604,2.645424500443761,2.0,910.71094
2020-04-16 09:00:00,12.322230000000047,63.247810112011656,3.0074761674095987,3.0,879.2302
2020-04-16 10:00:00,12.069479999999999,64.13593843786624,2.7482208651606608,3.0,577.8982
2020-04-16 11:00:00,11.840900000000033,64.79212462780404,2.3740595257387485,4.0,531.53394
2020-04-16 12:00:00,11.299400000000048,65.63689679920185,2.179998082080546,4.0,298.97803
2020-04-16 13:00:00,10.33200000000005,69.73222031748845,1.231360551867654,9.0,135.45392
2020-04-16 14:00:00,9.247920000000022,73.43195032001246,0.9631173227941038,15.0,48.889755
2020-04-16 15:00:00,8.823020000000042,70.65326216496469,0.4919317476088961,22.0,37.196854
2020-04-16 16:00:00,8.62148000000002,69.35050777376503,0.6070540489744649,13.0,34.94016
2020-04-16 17:00:00,8.347440000000006,68.79319892834783,0.6837743094084728,21.0,32.757187
2020-04-16 18:00:00,8.007400000000018,68.42355556218047,0.8221535759745119,54.0,29.583878
2020-04-16 19:00:00,8.205160000000035,70.59688331426818,1.1846127611036834,45.0,25.007645
2020-04-16 20:00:00,8.276270000000011,67.00287410570664,1.0726310745298406,20.0,21.356369
2020-04-16 21:00:00,8.250500000000045,64.6996709546632,1.0387626457560495,22.0,18.809326
2020-04-16 22:00:00,7.920000000000016,65.44226359123076,0.7684895184713972,6.0,17.541275
2020-04-16 23:00:00,7.566000000000031,66.39859895883436,1.266501603358772,4.0,16.94156
2020-04-17 00:00:00,7.425130000000024,65.99703464543718,1.4504099279689586,3.0,15.750162
2020-04-17 01:00:00,7.533530000000042,66.40923167216884,1.3212030968827957,1.0,24.562113
2020-04-17 02:00:00,8.235740000000021,66.82053287920216,0.7097659456996931,2.0,26.0439
2020-04-17 03:00:00,9.373559999999998,75.40158140836807,0.6010624624877561,15.0,151.60117
2020-04-17 04:00:00,10.494400000000041,77.20150756030108,0.9328612546840269,12.0,366.8046
2020-04-17 05:00:00,11.876520000000028,74.11543239637508,1.2163389566075702,9.0,499.46826
2020-04-17 06:00:00,12.923879999999997,69.17904461353393,1.338415171901125,6.0,579.1438
2020-04-17 07:00:00,14.197100000000034,67.36758561593436,1.5991827622390138,10.0,709.08496
2020-04-17 08:00:00,14.684780000000046,65.38693567438261,1.6795916430470026,6.0,819.22266
2020-04-17 09:00:00,15.03436000000005,62.08400676674545,1.6020155733158181,2.0,754.8235
2020-04-17 10:00:00,15.182299999999998,59.381271191662044,1.6511905538782434,0.0,698.17017
2020-04-17 11:00:00,14.835440000000006,60.23410440041678,1.6251053417665606,1.0,643.47974
2020-04-17 12:00:00,14.396800000000042,61.566386865669294,1.0667923301596813,3.0,497.7727
2020-04-17 13:00:00,13.558070000000043,77.23584543886065,0.6806867690009095,9.0,199.62122
2020-04-17 14:00:00,13.055440000000033,63.36663104921458,0.21709783377101902,8.0,51.91057
2020-04-17 15:00:00,11.237270000000024,68.22950469051793,1.4214883437095551,5.0,30.689423
2020-04-17 16:00:00,6.26943,78.47321131665424,2.5108098109353727,8.0,23.923737
2020-04-17 17:00:00,3.9206800000000044,83.99396329882136,2.899071592932262,5.0,19.602509
2020-04-17 18:00:00,2.696740000000034,85.99890818649331,3.2194969027744165,1.0,20.247217
2020-04-18 03:00:00,12.197530000000029,64.12423742682518,1.157882157956953,0.0,156.63106
2020-04-18 04:00:00,14.740440000000035,41.29569240245597,0.7354026616925802,0.0,490.6902
2020-04-18 05:00:00,15.600760000000037,42.03838148243324,1.3055356876926538,2.0,727.8843
2020-04-18 06:00:00,16.340000000000032,42.40010150060253,1.3650007937975026,3.0,887.926
2020-04-18 07:00:00,17.078400000000045,42.44924307899562,1.2314723161160004,3.0,1019.0681
2020-04-18 08:00:00,17.554220000000043,42.099587136131014,1.345120919501285,4.0,1168.0349
2020-04-18 09:00:00,17.788800000000037,41.660341764972095,1.4370384500440159,2.0,1143.3726
2020-04-18 10:00:00,17.69344000000001,41.8588019104898,1.5892362617823597,0.0,1076.8013
2020-04-18 11:00:00,17.451530000000048,41.96726157369319,1.4519354057405718,0.0,729.15796
2020-04-18 12:00:00,16.928030000000035,44.816812387861866,1.0859130527867504,0.0,355.0663
2020-04-18 13:00:00,16.17434000000003,50.68672224453611,0.65625236377089,3.0,60.21039
2020-04-18 14:00:00,15.058250000000044,47.04132245527908,1.2269671255195225,23.0,19.591393
2020-04-18 15:00:00,9.367330000000038,64.73403750735582,2.45529948922043,19.0,22.405273
2020-04-18 16:00:00,6.4455200000000445,72.42347381852309,3.0199359028653903,14.0,17.528362
2020-04-18 17:00:00,4.851680000000044,77.14616550614336,3.2207952880797937,9.0,16.637257
2020-04-18 18:00:00,4.127200000000016,78.00915253140435,3.2935841606944036,7.0,17.044691
2020-04-18 19:00:00,3.8867400000000316,79.02913644916691,3.4322577058671686,6.0,17.079361
2020-04-18 20:00:00,3.5687200000000416,79.29674607608753,3.365828354404477,8.0,17.277351
2020-04-18 21:00:00,3.228049999999996,79.4357779631999,3.3979156437454336,6.0,17.073502
2020-04-18 22:00:00,2.965940000000046,79.22597682946417,3.4329133026362886,6.0,15.420826
2020-04-18 23:00:00,2.7474600000000464,78.742619520554,3.4673460121814927,4.0,17.197517
2020-04-19 00:00:00,2.5354200000000446,77.6789752824092,3.5032904552192394,2.0,17.106892
2020-04-19 01:00:00,3.0147300000000428,76.72970558619896,3.407968036706819,1.0,18.298523
2020-04-19 02:00:00,6.7106600000000185,79.46697613213718,2.555219234467206,0.0,22.89288
2020-04-19 03:00:00,13.218650000000025,62.33293548778463,0.9891033139819367,0.0,61.735733
2020-04-19 04:00:00,15.643240000000048,39.391712513051836,0.6631189752861361,0.0,407.3518
2020-04-19 05:00:00,16.44933000000003,43.66287272661244,1.1364977459828756,4.0,625.7825
2020-04-19 06:00:00,17.24430000000001,45.88539040609202,1.374003163788499,2.0,848.9475
2020-04-19 08:00:00,18.358180000000004,47.775448786886265,1.4178314759514856,0.0,1180.3125
2020-04-19 09:00:00,18.56143000000003,47.26574656922063,1.0662866854289292,0.0,1182.1206
2020-04-19 10:00:00,18.485040000000026,47.825865703183844,1.1343808228532957,1.0,727.1904
2020-04-19 11:00:00,18.218260000000043,49.038706204194085,1.2116263418773465,1.0,627.3142
2020-04-19 12:00:00,17.75833,51.1893192408261,0.8486338383135881,4.0,585.9068
2020-04-19 13:00:00,16.05435,72.55450429971286,0.8098717557866221,12.0,116.56802
2020-04-19 14:00:00,12.335100000000011,70.33423257049266,2.343799910898934,25.0,33.401688
2020-04-19 15:00:00,9.157770000000028,79.78087303620465,3.072250342045062,13.0,21.73384
2020-04-19 16:00:00,7.418360000000007,86.5650932325339,3.237250892698114,10.0,18.540783
2020-04-19 17:00:00,6.778279999999995,86.36192950164293,3.3197381552227387,5.0,17.989746
2020-04-19 18:00:00,6.442900000000009,84.8386310168782,3.3767657450185626,4.0,17.794619
2020-04-19 19:00:00,6.594870000000014,80.38641612889478,3.4245727611058583,6.0,17.333372
2020-04-19 20:00:00,6.083900000000028,80.66819419997064,3.3977770314310103,5.0,16.886654
2020-04-19 21:00:00,5.65115000000003,80.45598509241985,3.4456076461135363,2.0,16.605236
2020-04-19 22:00:00,5.383500000000026,79.61779041417869,3.492779923453014,0.0,17.82307
2020-04-19 23:00:00,5.185750000000041,78.51961823342987,3.5026732753345495,0.0,17.010925
2020-04-20 00:00:00,4.986019999999996,77.05221993130915,3.5342705279046993,1.0,16.122566
2020-04-20 01:00:00,5.4214000000000055,76.28344658631315,3.410350456274094,1.0,17.42305
2020-04-20 02:00:00,8.735680000000002,79.21376568983081,2.5981715283937676,1.0,19.03769
2020-04-20 03:00:00,14.255700000000047,65.02418237737282,0.9585456071533967,4.0,41.74585
2020-04-20 04:00:00,16.744230000000016,41.64183819492895,0.4131503683363442,6.0,304.70227
2020-04-20 05:00:00,17.89065000000005,41.16725501906569,0.9213358231420898,8.0,555.76697
2020-04-20 06:00:00,18.81982000000005,40.58303031164206,1.001518116807194,8.0,742.3904
2020-04-20 07:00:00,19.64870000000002,42.85187230044035,1.1745260788353056,7.0,903.9585
2020-04-20 08:00:00,20.172270000000026,42.5622593996721,1.021847913963235,6.0,1015.3054
2020-04-20 09:00:00,20.569240000000036,42.393364218781045,1.0444521151875992,4.0,1081.9265
2020-04-20 10:00:00,20.65450000000004,42.42710175072003,1.0969003929198435,3.0,913.8286
2020-04-20 11:00:00,20.50845000000004,42.553722414389256,1.4058375734281432,3.0,649.86646
2020-04-20 12:00:00,19.783320000000003,49.08812564520553,1.6839222531484646,4.0,417.2619
2020-04-20 13:00:00,18.25027,58.22136562470546,1.751546126538141,18.0,138.33752
2020-04-20 14:00:00,14.945100000000025,65.5770777374092,2.2189105524671877,15.0,42.508347
2020-04-20 15:00:00,11.78958,68.73760195670685,2.9880957681042455,8.0,31.713577
2020-04-20 16:00:00,9.543270000000007,72.19929906173533,3.2443713379204064,13.0,22.505943
2020-04-20 17:00:00,8.181900000000041,73.15732431484727,3.3319121893396653,7.0,19.376898
2020-04-20 18:00:00,7.376820000000009,71.9774878746336,3.404929376655682,4.0,17.587677
2020-04-21 12:00:00,20.18960000000004,44.74890811473886,0.7758437310032433,4.0,409.9325
2020-04-21 13:00:00,18.57253000000003,56.482353297411514,1.51819227245625,3.0,75.98042
2020-04-21 14:00:00,15.359030000000018,63.51639254054709,2.2157320460684433,4.0,25.716335
2020-04-21 15:00:00,12.250400000000013,72.48269871673344,2.874714507956953,5.0,23.64531
2020-04-21 16:00:00,10.79200000000003,77.46129702476401,3.144665190993472,5.0,23.599152
2020-04-21 17:00:00,9.714470000000006,79.01165112623404,3.210244268042527,4.0,22.858313
2020-04-21 18:00:00,8.842000000000041,78.02524718922577,3.368480042118994,1.0,21.362476
2020-04-21 21:00:00,7.870450000000005,65.6512185861196,3.580951307211146,1.0,20.137083
2020-04-21 22:00:00,7.584699999999998,64.3247047603236,3.6248623449100323,0.0,20.676407
2020-04-22 00:00:00,7.184960000000046,62.37149408044571,3.7051195938344312,1.0,16.190895
2020-04-22 01:00:00,7.711020000000019,66.88017279999804,3.5864004339937954,0.0,17.350723
2020-04-22 04:00:00,19.04495000000003,36.01963371125806,0.3396965784804814,1.0,346.0025
2020-04-22 05:00:00,20.094840000000033,34.75913162186404,0.444324246490407,3.0,661.7666
2020-04-22 06:00:00,20.930750000000046,33.76088900753952,0.7440756864477931,2.0,824.48145
2020-04-22 07:00:00,21.158929999999998,39.09638914591912,0.2965501487731456,1.0,981.54785
2020-04-22 08:00:00,21.596640000000036,37.54249533012736,0.31095497026859575,2.0,1063.815
2020-04-22 09:00:00,21.920770000000005,36.32549153343327,0.41868239323316914,2.0,1123.227
2020-04-22 10:00:00,21.920680000000004,35.98353756548477,0.3994152651357037,3.0,1159.0537
2020-04-22 11:00:00,21.803980000000024,35.71524824608805,0.2116277794295352,3.0,538.87
2020-04-22 12:00:00,21.211450000000013,37.30538267550667,0.6181437882741332,3.0,107.58746
2020-04-22 13:00:00,19.43264000000005,56.218131175888146,0.9529554057330651,9.0,38.351913
2020-04-22 14:00:00,15.840720000000033,58.61888225625817,2.01147432154921,26.0,23.21634
2020-04-22 15:00:00,13.16885000000002,61.064978673856096,3.0292834520875154,8.0,22.7182
2020-04-22 16:00:00,10.691670000000045,69.40712412364302,3.364067962309689,9.0,20.915554
2020-04-22 17:00:00,9.659700000000043,70.87851450787645,3.5595097193010976,5.0,19.661808
2020-04-22 18:00:00,9.18670000000003,69.34354304587043,3.66416060504853,3.0,19.654991
2020-04-22 19:00:00,9.323720000000037,63.1752174111146,3.6783589255279656,5.0,19.683891
2020-04-22 20:00:00,8.959699999999998,61.14341985288647,3.6570064147217822,5.0,20.091347
2020-04-22 21:00:00,8.591880000000003,59.507731173288136,3.7188592163937133,4.0,20.508213
2020-04-22 22:00:00,8.353660000000048,58.301245455363926,3.760796292734413,0.0,20.098598
2020-04-22 23:00:00,8.052099999999996,57.88933635632412,3.8346796901170745,0.0,22.165155
2020-04-23 00:00:00,7.791770000000042,57.71454327508678,3.885418673542234,1.0,20.82561
2020-04-23 01:00:00,8.261320000000012,63.07217941990601,3.768646571101378,2.0,20.997828
2020-04-23 02:00:00,11.61202000000003,71.32715455931549,2.95776291501394,2.0,23.740059
2020-04-23 03:00:00,16.787930000000017,66.44888045389268,1.4870733971435555,2.0,43.13057
2020-04-23 04:00:00,19.900230000000022,34.54386119589589,0.3111434483145305,3.0,219.93965
2020-04-23 05:00:00,21.034700000000043,34.289620878199166,0.48745806671171216,2.0,434.77826
2020-04-23 06:00:00,21.927120000000002,33.04511482844996,0.6274575584992936,6.0,661.8408
2020-04-23 07:00:00,22.761930000000007,36.03262166757082,0.8948138445464036,10.0,822.0427
2020-04-23 08:00:00,23.098900000000015,35.166730060035746,0.7016882697235668,9.0,943.2886
2020-04-23 09:00:00,23.48150000000004,34.01132733787528,0.5059314530271942,8.0,968.9802
2020-04-23 10:00:00,23.620870000000025,32.533612108921716,0.31018373911631814,7.0,864.8804
2020-04-23 11:00:00,23.509600000000034,31.989514490617363,0.29104027392542736,5.0,504.24463
2020-04-23 12:00:00,22.90142000000003,42.18525195457026,0.45477996922458064,5.0,316.3554
2020-04-23 13:00:00,21.112099999999998,55.16199498894269,1.1711983558248564,16.0,144.30632
2020-04-23 14:00:00,17.08737000000002,54.39094937591184,2.2205493245707686,14.0,28.745056
2020-04-23 15:00:00,13.691460000000006,54.02107500885425,3.203476734353046,18.0,24.21297
2020-04-23 16:00:00,11.375760000000014,57.61617305775997,3.6086436933303094,11.0,18.945904
2020-04-23 17:00:00,10.252650000000017,57.99352390270077,3.8361194199111166,6.0,18.153969
2020-04-23 18:00:00,9.59310000000005,56.1021541852836,3.927578653081646,3.0,18.523584
2020-04-23 19:00:00,9.659330000000011,54.21051875576906,3.926037525130235,3.0,18.896603
2020-04-23 20:00:00,9.388700000000028,50.84458873161364,3.844939019721061,2.0,18.568306
2020-04-24 00:00:00,8.282200000000046,39.79400409685086,4.049011015209568,0.0,17.603184
2020-04-24 04:00:00,21.637350000000026,32.94518665004919,0.6438160310338586,0.0,153.83643
2020-04-24 05:00:00,23.092550000000017,28.545320127834128,0.40274330318463264,5.0,378.83417
2020-04-24 06:00:00,23.880060000000014,30.153736112060123,0.6381136449391246,5.0,586.4426
2020-04-24 07:00:00,24.683220000000006,30.63576016193772,1.2687480528533392,3.0,771.2351
2020-04-24 08:00:00,25.000020000000006,31.501899391390914,1.5182708443677795,4.0,890.1323
2020-04-24 09:00:00,25.03630000000004,32.577980269953265,1.9566968440949046,4.0,900.00684
2020-04-24 10:00:00,24.750670000000014,34.26153706824684,2.1342680207484275,3.0,733.3345
2020-04-25 10:00:00,17.37936000000002,81.61072732331277,1.934056050068172,10.0,441.41382
2020-04-25 11:00:00,16.8005,85.7593870880647,1.7039474936972234,13.0,364.7284
2020-04-25 12:00:00,16.127800000000036,88.70608603487382,1.5560575579621114,11.0,288.94904
2020-04-25 13:00:00,15.420000000000016,89.93711087452543,1.3535067969633767,10.0,110.095566
2020-04-25 14:00:00,14.487570000000005,92.72915486823783,1.1782968832642724,6.0,52.212585
2020-04-25 15:00:00,13.242580000000032,94.07577777552154,1.1755366650280081,4.0,43.25842
2020-04-25 16:00:00,12.982140000000015,91.89025876865483,1.1457183025427824,5.0,34.967773
2020-04-25 17:00:00,13.148220000000038,89.76513868166579,0.9339535117227865,7.0,23.904495
2020-04-25 18:00:00,13.034880000000044,88.91033570405561,0.8365162992301629,6.0,31.778503
2020-04-25 19:00:00,13.092600000000004,85.35836894918349,1.0948761737785029,9.0,50.907562
2020-04-25 20:00:00,13.3519,83.18126327317162,1.00916205133206,7.0,61.644684
2020-04-25 21:00:00,13.291650000000004,83.25398047410654,0.3684096896916834,9.0,39.53746
2020-04-25 22:00:00,13.175200000000018,83.81535554107218,0.8663883495120912,15.0,42.1024
2020-04-25 23:00:00,12.983540000000005,80.52784167031534,1.2851857880722588,17.0,28.824402
2020-04-26 00:00:00,13.63757000000004,75.82100565955838,1.274392323646198,18.0,26.563477
2020-04-26 01:00:00,13.47204000000005,73.63845662743442,1.4075471435112574,14.0,34.74225
2020-04-26 02:00:00,14.843960000000038,73.42108852152968,0.4933359664974826,13.0,92.17609
2020-04-26 03:00:00,15.33907000000005,79.69032633906983,0.8464336806765136,13.0,209.1466
2020-04-26 04:00:00,16.419100000000014,76.17455117403473,0.912449672687832,24.0,339.70575
2020-04-26 05:00:00,17.514700000000005,73.14767312603026,1.0366005040501844,23.0,426.551
2020-04-26 06:00:00,18.07778000000002,73.23374098682527,1.3109394691727076,20.0,419.27954
2020-04-26 07:00:00,19.287740000000042,72.66088238237262,1.9200397746520252,14.0,478.156
2020-04-26 08:00:00,19.676000000000045,72.33750318160111,1.5145777034069563,15.0,530.99243
2020-04-26 09:00:00,20.23630000000003,70.63362682387938,1.3254633040799948,14.0,542.0122
2020-04-26 10:00:00,20.319240000000036,70.31930106005302,0.8338446900038435,17.0,403.55194
2020-04-26 11:00:00,20.23950000000002,71.6282260936071,0.9140534457710466,17.0,279.92798
2020-04-26 12:00:00,19.636250000000018,74.15641551268644,1.0001815935050795,18.0,138.60721
2020-04-26 13:00:00,18.77755000000002,76.54342491403246,0.4268778420461176,21.0,84.92816
2020-04-26 14:00:00,18.156920000000014,76.62749958403008,0.8135502132911581,23.0,47.16147
2020-04-26 15:00:00,16.435080000000028,76.40090921552859,1.4505350751800696,23.0,28.273697
2020-04-26 16:00:00,16.141020000000026,73.42809697333573,1.5802391576936963,23.0,25.76548
2020-04-26 17:00:00,13.147850000000005,78.5975731862309,2.270771718098658,5.0,24.046154
2020-04-26 18:00:00,11.290830000000028,80.53432570462442,2.819638435132909,17.0,20.152348
2020-04-26 19:00:00,9.951470000000029,82.11149110898,3.5077487960142824,8.0,17.097404
2020-04-26 20:00:00,9.784750000000031,82.52194793404792,3.609619607937232,5.0,17.56474
2020-04-26 21:00:00,9.673969999999997,80.98226886121053,3.72514344280787,1.0,18.874489
2020-04-27 01:00:00,10.453760000000045,74.7423051936912,3.667675981103514,0.0,16.033388
2020-04-27 02:00:00,13.506370000000004,76.72333190722138,3.0101065939467184,1.0,18.013403
2020-04-27 03:00:00,18.336450000000013,77.90133625235087,1.7635546059462,1.0,49.308807
2020-04-27 04:00:00,22.09966000000003,45.96431689003865,1.2408477625225187,0.0,283.97076
2020-04-27 05:00:00,23.780970000000025,42.64836686649348,0.967019869578573,2.0,403.43506
2020-04-27 06:00:00,24.993430000000046,41.5786524539682,0.8308530731408554,9.0,562.26685
2020-04-27 07:00:00,26.236170000000016,39.9140737716117,1.0972073571381573,15.0,732.7749
2020-04-27 08:00:00,26.82412000000005,38.7084834688191,1.0953752048950827,17.0,887.71655
2020-04-27 09:00:00,27.122950000000003,38.168425314856485,1.2324273023213377,21.0,914.8342
2020-04-27 10:00:00,27.183370000000025,37.51446964896291,1.0051259539621784,19.0,552.1417
2020-04-27 11:00:00,26.953100000000006,37.619071607528035,0.7423305254186753,16.0,377.82806
2020-04-27 12:00:00,26.27657000000005,45.06413396831989,0.4273137943914228,20.0,180.5165
2020-04-27 13:00:00,26.109830000000045,38.80712393814589,0.4455293546950138,17.0,178.06767
2020-04-27 14:00:00,25.026880000000006,36.76769474305338,0.7708025815443029,22.0,33.76174
2020-04-27 15:00:00,17.90220000000005,56.08877344806916,2.616627945979345,15.0,28.242828
2020-04-27 16:00:00,14.97520000000003,59.64190659969894,3.621450482751737,15.0,20.002995
2020-04-27 17:00:00,13.03000000000003,62.651779955514016,4.011558920755628,11.0,18.678463
2020-04-27 18:00:00,12.320950000000039,60.76564726127255,4.173758047427397,14.0,19.715958
2020-04-27 19:00:00,12.279260000000022,58.33984593126786,4.280404688241587,11.0,20.45872
2020-04-27 20:00:00,12.006520000000023,55.6840522872673,4.257180702454023,10.0,21.177135
2020-04-27 21:00:00,11.653470000000027,53.80484034249667,4.32985813905668,7.0,21.79186
2020-04-27 22:00:00,11.275000000000034,52.66789352119431,4.374216676899232,7.0,20.372242
2020-04-27 23:00:00,10.972860000000026,52.05493780016473,4.395970874184024,7.0,21.85552
2020-04-28 00:00:00,10.77194000000003,51.64603052799376,4.423699406491129,9.0,23.345123
2020-04-28 01:00:00,11.581320000000005,59.7630108965289,4.229471926904988,6.0,24.497257
2020-04-28 02:00:00,15.150660000000016,68.56628341126374,3.4348674625250095,4.0,25.966877
2020-04-28 03:00:00,20.310050000000047,74.35946693883032,2.0188524332698443,13.0,31.911505
2020-04-28 04:00:00,24.654020000000003,39.34271748364595,0.3324667264559612,39.0,474.37726
2020-04-28 05:00:00,26.105160000000012,32.782538779078315,1.5046744944952646,34.0,963.02563
2020-04-28 06:00:00,26.29647,34.26737810083975,2.8514619521141675,47.0,1151.345
2020-04-28 07:00:00,25.536339999999996,38.397682864982144,1.4894869981739418,29.0,1215.6963
2020-04-28 08:00:00,25.579740000000015,39.087358655131965,1.2256286553765943,27.0,1139.3362
2020-04-28 09:00:00,25.39602000000002,40.39149370544463,2.0758418166006605,33.0,873.35864
2020-04-28 10:00:00,24.776640000000043,42.62583659872143,2.176984294821874,24.0,743.48975
2020-04-28 11:00:00,24.282160000000033,43.841196641277975,1.387297916408933,24.0,564.5366
2020-04-28 12:00:00,23.64790000000005,47.91132733229355,1.3357153476514418,21.0,344.16174
2020-04-28 13:00:00,20.799770000000024,57.98244693312354,2.9609976083699525,21.0,174.01537
2020-04-28 14:00:00,19.052970000000016,61.98670017262217,2.372260870952141,22.0,297.60593
2020-04-28 15:00:00,17.35748000000001,71.90191229900663,1.9104578272194992,14.0,320.83908
2020-04-28 16:00:00,15.128870000000006,81.93120995181671,1.7691006576626436,13.0,248.36926
2020-04-28 17:00:00,14.134299999999996,86.16496493559778,1.6254657557836214,10.0,176.7398
2020-04-28 18:00:00,14.208100000000002,89.69961749434444,1.2273909719089104,7.0,160.5277
2020-04-28 19:00:00,13.010400000000004,93.69193359420927,1.2406872663765072,4.0,115.77779
2020-04-28 20:00:00,12.548429999999996,95.13506509089666,1.0990207217701844,2.0,87.2298
2020-04-28 23:00:00,11.228780000000029,96.49197891433747,1.6353009699355778,3.0,117.49263
2020-04-29 00:00:00,11.104700000000037,94.62049491397278,1.762923509260715,1.0,107.94577
2020-04-29 02:00:00,12.231600000000014,91.01345930308413,1.7370094560244753,2.0,154.62921
2020-04-29 03:00:00,14.161040000000014,83.89723345115401,1.8366075986701051,3.0,222.32716
2020-04-29 04:00:00,15.17864000000003,75.43329475012708,2.0021128126635745,14.0,409.4366
2020-04-29 05:00:00,16.768760000000043,67.63896081917207,2.2772871603786227,8.0,704.7195
2020-04-29 06:00:00,18.074600000000032,63.42427511578167,2.319526413240966,6.0,976.0437
2020-04-29 07:00:00,19.84480000000002,58.968269860800376,2.6809886006805344,9.0,882.95044
2020-04-29 08:00:00,20.18282000000005,58.41856833501601,2.7705685187864324,7.0,919.72754
2020-04-29 09:00:00,20.41366000000005,57.56819877809903,2.6558373582925783,6.0,847.98413
2020-04-29 10:00:00,20.51138000000003,56.70883340026844,2.2089416757474627,6.0,881.01196
2020-04-29 11:00:00,19.755600000000015,57.59553436899546,1.6871642445867145,6.0,883.67944
2020-04-29 12:00:00,18.79006000000004,63.177691180977696,0.9669755391355577,4.0,492.85254
2020-04-29 13:00:00,17.842600000000004,73.04200555374318,1.0784943506429376,6.0,182.51637
2020-04-29 14:00:00,15.847740000000044,78.65006247634334,2.2781442564250494,15.0,44.131554
2020-04-29 15:00:00,14.355200000000025,83.27525920971989,2.259928242318469,7.0,18.682281
2020-04-29 16:00:00,13.412800000000004,84.73188785306243,1.6786891011080074,7.0,53.37416
2020-04-29 17:00:00,14.522420000000011,74.93348361193571,1.2905327883143582,7.0,81.35597
2020-04-29 18:00:00,11.697600000000023,87.33611176867606,2.0328503587044384,6.0,126.43501
2020-04-29 19:00:00,10.888450000000034,92.3887148384336,2.2759038971325802,4.0,176.27875
2020-04-29 20:00:00,10.566000000000031,93.20401268845261,2.2716594844691276,2.0,227.76682
2020-04-29 23:00:00,10.926050000000032,92.45618750129003,2.594938579935186,2.0,227.35707
2020-04-30 00:00:00,10.820100000000025,94.278510067963,2.1668783115498336,3.0,229.609
2020-04-30 01:00:00,10.883450000000039,96.54743178815758,1.9817123981542368,1.0,262.02075
2020-04-30 11:00:00,13.326560000000029,78.74740901950088,0.7364442686544267,0.0,285.8039
2020-04-30 12:00:00,13.161339999999996,79.66875694296658,0.6869370087675143,1.0,169.03424
2020-04-30 13:00:00,12.800780000000032,82.76040063275477,1.0695076963173886,2.0,137.86555
2020-04-30 14:00:00,11.834920000000011,87.0395924794505,1.6268193191837899,1.0,132.2605
2020-04-30 15:00:00,10.297330000000045,89.14732850790662,2.263034762085444,0.0,52.53691
2020-04-30 16:00:00,9.514550000000042,86.41270170155062,2.553565891874921,2.0,31.831251
2020-05-01 04:00:00,15.951000000000022,53.83054394503768,1.0875787269079058,0.0,393.8453
2020-05-01 05:00:00,17.131200000000035,53.989042252810165,1.5923644936764392,0.0,621.6787
2020-05-01 06:00:00,18.109550000000013,53.84941608180561,1.7075561551566079,1.0,843.3159
2020-05-01 07:00:00,19.08083000000005,54.37753513289613,2.192821011056582,3.0,1025.0896
2020-05-01 08:00:00,19.631680000000017,53.02581142500153,2.1163031263236936,1.0,1024.4094
2020-05-01 11:00:00,19.89312000000001,51.31303074984014,2.6034587547443517,0.0,772.7136
2020-05-01 12:00:00,19.13067000000001,55.043563901556944,2.3133191928835934,4.0,527.6669
2020-05-01 13:00:00,17.89477000000005,60.45614757315179,1.7942669455858178,10.0,257.48166
2020-05-01 14:00:00,15.964500000000044,68.28848502503683,1.6604016602951353,22.0,170.1267
2020-05-01 15:00:00,13.741660000000024,72.32095954697554,1.8222601093868462,9.0,58.24373
2020-05-01 16:00:00,12.922799999999995,70.2968562418895,1.8841423562781767,5.0,29.726427
2020-05-01 17:00:00,12.805319999999995,66.87065101443828,1.7943424669269363,2.0,31.226566
2020-05-01 18:00:00,13.350729999999999,61.88633865018857,1.6285092937972754,2.0,22.307106
2020-05-01 19:00:00,13.067830000000015,62.306131619894025,1.674377685523959,4.0,17.024445
2020-05-01 20:00:00,12.754800000000046,61.947772824834054,1.74796891921126,5.0,18.488075
2020-05-01 21:00:00,12.782700000000034,60.79029155973596,1.7490588219057792,3.0,20.64028
2020-05-01 22:00:00,13.165120000000002,58.36369494111483,1.6941219331219528,1.0,23.985592
2020-05-01 23:00:00,12.772550000000024,58.92353536916982,1.7822705766558995,2.0,26.00299
2020-05-02 00:00:00,12.182800000000043,60.151912234625904,1.9112920120766703,6.0,23.392166
2020-05-02 01:00:00,11.238850000000014,68.01247510942693,2.087274944042958,7.0,30.951385
2020-05-02 02:00:00,11.141200000000026,81.7715135826889,2.198620279666669,5.0,38.201553
2020-05-02 03:00:00,13.295740000000023,86.07357603825163,1.2790697408964562,6.0,93.65445
2020-05-02 04:00:00,14.367940000000033,74.25978608771807,0.3327733605722579,7.0,219.11324
2020-05-02 05:00:00,15.213250000000016,76.96466687975652,0.5263262658551724,8.0,329.2868
2020-05-02 06:00:00,15.94840000000005,72.56555744596413,1.2388281443151639,7.0,473.75977
2020-05-02 07:00:00,16.929130000000043,72.41020647361965,1.6594409792255664,7.0,622.51685
2020-05-02 08:00:00,17.281200000000013,73.60883744999214,1.7084140292959347,6.0,683.2124
2020-05-02 09:00:00,17.78200000000004,72.8363582856756,1.802941252477609,4.0,726.34863
2020-05-02 10:00:00,18.01266000000004,70.49747707202607,1.7250658808225268,2.0,556.0344
2020-05-02 11:00:00,17.673730000000035,72.46075099530661,1.302150476548145,4.0,552.5447
2020-05-02 12:00:00,17.408900000000017,74.11571697759709,1.0274490225501922,6.0,309.27502
2020-05-02 13:00:00,16.791650000000004,76.11610730316227,0.7479111593690323,14.0,107.80133
2020-05-02 14:00:00,15.105070000000012,85.96386969275824,1.1634757190476528,20.0,67.28485
2020-05-02 15:00:00,12.802030000000002,85.9161527864638,1.900712181883901,6.0,26.842123
2020-05-02 16:00:00,12.137350000000026,81.64674246549487,1.8971712146641493,2.0,28.6366
2020-05-02 17:00:00,11.184000000000026,80.09162878727999,2.133087508944936,1.0,30.732899
2020-05-02 18:00:00,9.763400000000047,79.99588597470739,2.4915528473404973,6.0,21.468002
2020-05-02 19:00:00,8.352000000000032,84.49258705734978,3.1358148646889092,4.0,21.67367
2020-05-02 20:00:00,8.32510000000002,83.23033798136056,3.2933839384131365,0.0,20.15424
2020-05-02 21:00:00,8.15640000000002,83.1247887594681,3.440944991519414,0.0,17.335535
2020-05-03 03:00:00,15.977170000000001,65.90376513328586,1.9111216911000122,0.0,247.62509
2020-05-03 04:00:00,16.361469999999997,69.50689290619665,2.0597817067135074,2.0,423.198
2020-05-03 05:00:00,17.201300000000003,65.47756850340083,1.7788497798647531,1.0,621.3091
2020-05-03 06:00:00,17.906920000000014,65.06194064724733,1.8522147489700382,2.0,882.2124
2020-05-03 07:00:00,18.907700000000034,61.535909517898006,3.3449993626103205,2.0,664.95264
2020-05-03 08:00:00,17.92950000000002,67.06036023591071,2.7475359517169893,1.0,582.66846
2020-05-03 09:00:00,17.425440000000037,71.27411131712041,2.1614107395232076,16.0,468.10352
2020-05-03 10:00:00,16.558370000000025,75.50120338068095,2.6483258900188247,10.0,498.8943
2020-05-03 11:00:00,15.246180000000038,82.54703507957485,2.5024088819114914,8.0,344.761
2020-05-03 12:00:00,14.75305000000003,87.32556968167799,2.0649684447576906,8.0,291.2202
2020-05-03 13:00:00,14.345970000000023,88.06786772474987,1.5555851067372528,10.0,186.62993
2020-05-03 14:00:00,13.449520000000007,89.75055236039846,1.3321370763768068,7.0,122.38724
2020-05-03 15:00:00,12.198200000000043,89.96729638649457,1.68783152372832,4.0,57.41841
2020-05-03 16:00:00,11.508080000000007,88.5442073012407,1.8808624169433605,0.0,40.549057
2020-05-03 23:00:00,7.54830000000004,86.50479166075974,3.1736877844152436,0.0,22.171165
2020-05-04 00:00:00,7.19598000000002,86.9137035758131,3.2392171339334443,0.0,17.954113
2020-05-04 01:00:00,8.319540000000018,88.57131604653547,3.045176569489139,0.0,21.417542
2020-05-04 07:00:00,20.30782000000005,47.98906527900547,2.0769874098207,1.0,1046.3572
2020-05-04 08:00:00,20.824430000000007,47.04050392169633,2.166746336822271,5.0,1127.865
2020-05-04 09:00:00,21.062460000000044,46.932359162558875,2.1165077050451306,4.0,1086.1606
2020-05-04 10:00:00,21.12417000000005,46.60598753018136,1.743388975128075,2.0,1145.365
2020-05-04 11:00:00,20.91097000000002,46.45687109964809,1.2146049257971088,2.0,970.9758
2020-05-04 12:00:00,20.580700000000036,48.175870778325624,1.20719482418381,4.0,607.96216
2020-05-04 13:00:00,19.31405000000001,66.50436647157908,1.0282239889146187,5.0,268.57065
2020-05-04 14:00:00,17.714,58.463907832441166,1.3625457978037214,31.0,41.410187
2020-05-04 15:00:00,14.911830000000009,64.78122230110482,2.0034731738759897,18.0,20.367786
2020-05-04 16:00:00,13.432029999999997,67.7065696869595,2.2455558322579043,4.0,20.034214
2020-05-04 17:00:00,11.253080000000011,74.08898721429033,2.756775758405014,4.0,23.457027
2020-05-04 18:00:00,9.616800000000012,80.69037083188066,3.0952392981327694,2.0,21.581333
2020-05-04 19:00:00,9.812700000000007,77.88790518981749,2.9213913860868845,0.0,19.799671
2020-05-04 20:00:00,9.097000000000037,80.70672254192286,2.8025824058406137,1.0,18.16143
2020-05-04 21:00:00,8.73687000000001,81.32119446433184,2.6508511400807646,4.0,18.117004
2020-05-04 22:00:00,8.297240000000045,82.73873918854764,2.624252876028654,3.0,25.134045
2020-05-04 23:00:00,7.6311300000000415,84.46416625918586,2.728789588371627,4.0,21.597454
2020-05-05 00:00:00,7.201000000000022,85.8500476353734,2.7635618681927463,4.0,20.034058
2020-05-05 01:00:00,8.614340000000027,86.60078180509177,2.37118110817796,5.0,22.260464
2020-05-05 02:00:00,12.987500000000011,84.28944904634879,1.237221634737964,8.0,102.05414
2020-05-05 03:00:00,16.139499999999998,63.499262485297756,1.0912058307924386,8.0,309.27264
2020-05-05 04:00:00,16.438620000000014,63.3135957502823,1.512026422468751,12.0,401.19336
2020-05-05 05:00:00,16.78060000000005,63.92587614237142,1.8799300217161727,8.0,511.44043
2020-05-05 06:00:00,16.598900000000015,65.2566601607045,1.5001421984324352,7.0,504.4895
2020-05-05 07:00:00,17.55337000000003,61.47126269047064,1.3023092476315299,7.0,606.7201
2020-05-05 08:00:00,17.71395000000001,58.64009892083549,1.5365080754800409,6.0,682.16693
2020-05-05 09:00:00,18.028700000000015,55.799829524791626,1.3954650104958248,6.0,692.08575
2020-05-05 10:00:00,18.070250000000044,52.92987665828182,1.1184051401164619,6.0,814.03796
2020-05-05 11:00:00,17.75228000000004,52.826717894598126,0.926566905721457,5.0,483.6844
2020-05-05 12:00:00,17.23177000000004,55.77007082602635,1.0944385663117153,4.0,267.9608
2020-05-05 13:00:00,16.239700000000028,67.5831890529172,1.1835360477441486,8.0,331.86017
2020-05-05 14:00:00,14.554100000000005,71.55820551684151,1.550329277838209,22.0,231.33182
2020-05-05 15:00:00,12.637500000000045,75.74056927619485,1.8445230684677272,23.0,166.50713
2020-05-05 16:00:00,11.246120000000019,80.46622473294205,2.032915858589184,13.0,68.42787
2020-05-05 17:00:00,10.300800000000038,83.29959093565593,2.0675582734569296,9.0,33.372677
2020-05-05 18:00:00,9.50875000000002,83.59073982461241,2.096201813861442,8.0,23.832273
2020-05-05 19:00:00,7.809600000000046,88.45654077281722,2.9605036594288605,6.0,22.919155
2020-05-05 20:00:00,7.015900000000045,92.46942953681359,2.9974023006555037,5.0,24.35884
2020-05-05 21:00:00,6.297140000000013,93.18350431918802,3.1055356781839816,6.0,20.078375
2020-05-05 22:00:00,6.442530000000033,87.99874134887878,3.0922091268317224,5.0,21.536125
2020-05-05 23:00:00,6.532860000000028,82.24926773761017,3.0361699115338494,3.0,21.836546
2020-05-06 00:00:00,6.435699999999997,77.57405531169736,2.977348697494184,38.0,17.858448
2020-05-06 01:00:00,6.96392000000003,77.44755732500283,2.6576657287077943,16.0,19.301422
2020-05-06 02:00:00,10.115930000000048,84.61989550115311,1.4574201654920877,13.0,25.086992
2020-05-06 03:00:00,14.260460000000023,47.444773724554274,1.191809341802144,34.0,304.4121
2020-05-06 04:00:00,14.962500000000034,49.34088927706471,1.509849864496279,26.0,449.3484
2020-05-06 05:00:00,15.966760000000022,50.94916411235236,1.4052997287387805,19.0,618.32837
2020-05-06 06:00:00,16.757300000000043,51.56073438256284,1.3325361227942,8.0,772.2295
2020-05-06 07:00:00,17.58880000000005,51.570535072053616,1.6825412645448077,5.0,880.68506
2020-05-06 08:00:00,18.126900000000035,50.72313533741368,1.4820033394554122,3.0,1003.32495
2020-05-06 09:00:00,18.44915000000003,50.023422903088644,1.5296422948636619,5.0,1031.8474
2020-05-06 10:00:00,18.67193000000003,48.99872173608773,2.0141949017153853,4.0,918.84033
2020-05-06 11:00:00,18.275480000000016,49.23263464542318,2.342175696934203,1.0,873.6582
2020-05-06 12:00:00,17.41067000000004,52.54731646850587,2.255182777378836,3.0,440.511
2020-05-06 13:00:00,16.126180000000033,55.89380665431827,1.8893906769833284,5.0,275.8612
2020-05-06 14:00:00,14.345240000000047,59.364196410115646,2.0031378662919295,14.0,166.98044
2020-05-06 15:00:00,12.300400000000025,64.75854410938861,2.1835885175084293,10.0,159.20604
2020-05-06 16:00:00,10.91482000000002,67.26515830487199,2.050598706895218,6.0,104.77673
2020-05-06 17:00:00,10.946439999999996,63.01812441296411,1.788757639797885,5.0,76.7108
2020-05-06 18:00:00,10.632560000000012,60.73702266877735,1.793960592832142,4.0,53.428604
2020-05-06 19:00:00,8.894300000000044,67.25390203803163,2.2563135195579367,2.0,30.582077
2020-05-06 20:00:00,7.784330000000011,70.43573109608754,2.480498206172026,3.0,23.363876
2020-05-06 21:00:00,6.5400600000000395,74.14694935245767,2.9468563442753726,2.0,19.873306
2020-05-06 22:00:00,6.3827,74.6577242747785,3.1472510843497408,1.0,22.537075
2020-05-06 23:00:00,6.226700000000051,73.35733998938166,3.296896097326337,1.0,18.806648
2020-05-07 00:00:00,6.088900000000024,70.33557701216333,3.3801716112495592,1.0,18.11614
2020-05-08 00:00:00,7.562130000000025,67.17801376935007,3.6853808762555422,1.0,17.011889
2020-05-08 01:00:00,9.024130000000014,71.96829774579805,3.451459624686846,2.0,17.320343
2020-05-08 02:00:00,12.900450000000035,80.42195051638426,2.4438963178991635,2.0,19.541004
2020-05-08 03:00:00,18.240560000000016,63.04870461226169,0.22803596783279634,7.0,287.5288
2020-05-08 04:00:00,20.83737000000002,43.705323441373736,0.9431810961074358,6.0,505.46655
2020-05-08 05:00:00,21.588600000000042,44.18477771050166,1.438158671078379,3.0,770.72046
2020-05-08 06:00:00,22.01568000000003,44.87193831965101,1.7124768552337621,13.0,960.2268
2020-05-08 07:00:00,23.00286,44.85706452024146,1.4870451647324423,11.0,1078.1912
2020-05-08 08:00:00,23.48240000000004,43.17334003483978,1.2952417686212503,7.0,1153.0498
2020-05-08 09:00:00,24.15542000000005,40.88290798734814,1.633678608098734,4.0,951.7761
2020-05-08 10:00:00,23.50332000000003,40.32013232101548,0.19073474371706123,4.0,771.86304
2020-05-08 11:00:00,22.502700000000004,50.69954183074984,1.7302864129589008,6.0,495.16235
2020-05-08 12:00:00,20.860000000000014,64.44177353239307,2.2586466036907256,6.0,299.9378
2020-05-08 13:00:00,19.04824000000002,70.23139442885764,2.3485216836973684,5.0,266.41138
2020-05-08 14:00:00,17.438750000000027,75.47628797692293,2.670009143513887,3.0,173.56442
2020-05-08 15:00:00,15.533780000000036,80.51236277868347,2.731462509462096,4.0,25.308334
2020-05-08 16:00:00,14.039240000000007,84.5547012869237,2.7500178693284245,4.0,33.471725
2020-05-08 20:00:00,11.1481,77.81291032251022,3.308068003732035,1.0,19.06202
2020-05-08 21:00:00,11.248070000000041,75.51376706414601,3.2308989477402417,3.0,24.276703
2020-05-08 22:00:00,11.1481,75.68246402712936,3.092494100875428,2.0,39.369324
2020-05-08 23:00:00,10.745720000000006,77.21690240930393,2.9272166276681695,4.0,47.3067
2020-05-09 00:00:00,10.245630000000006,81.1089711241961,2.905644065443408,5.0,22.61905
2020-05-09 01:00:00,10.875670000000014,86.38064512042499,2.552341383881549,4.0,22.243973
2020-05-09 02:00:00,13.497400000000027,90.43439722822382,1.3391499147710553,2.0,35.14862
2020-05-09 03:00:00,16.52603000000005,69.4697839687546,0.6261175015377051,1.0,315.97284
2020-05-09 04:00:00,16.869600000000048,72.27925954080156,1.1436748575336388,0.0,569.6826
2020-05-09 05:00:00,17.44055000000003,72.34471257177601,1.5952483923832383,1.0,632.1138
2020-05-09 06:00:00,17.876670000000047,71.86798390283315,1.93993140182996,7.0,719.0386
2020-05-09 07:00:00,18.112480000000005,73.34003506690176,1.387021017569147,5.0,911.0742
2020-05-09 08:00:00,17.99078000000003,75.53091411116282,0.9603450249698555,3.0,620.0847
2020-05-09 09:00:00,17.407160000000033,75.87951278779803,0.541359532931689,5.0,492.82324
2020-05-09 10:00:00,18.078400000000045,73.97146726312896,0.7153369728276073,7.0,540.15894
2020-05-09 11:00:00,17.760520000000042,77.20338558830588,1.4174264614233256,5.0,406.89136
2020-05-09 12:00:00,17.570899999999995,77.64899265351073,1.3176171331192328,2.0,415.4026
2020-05-09 13:00:00,16.597680000000025,79.03142382800705,0.4089678580256991,2.0,163.46112
2020-05-09 14:00:00,14.838130000000035,89.74227609896336,1.0948422708127594,2.0,93.632324
2020-05-09 15:00:00,13.956080000000043,93.97498195302933,0.5054052662138367,2.0,39.87738
2020-05-09 16:00:00,11.933280000000025,96.02160478970013,1.9173679896632312,5.0,81.54076
2020-05-09 17:00:00,11.538540000000012,92.32072760649363,2.3092570463163256,5.0,59.89743
2020-05-09 18:00:00,11.012200000000007,89.53387754474885,2.192321999572964,2.0,47.52144
2020-05-09 19:00:00,11.487500000000011,82.96165334462594,1.9065198601340196,4.0,42.82013
2020-05-09 20:00:00,12.518430000000023,75.8776860726427,1.5850779512166644,4.0,34.838104
2020-05-09 21:00:00,14.375200000000007,68.42044222338617,1.213416908747399,3.0,23.129517
2020-05-09 22:00:00,12.083280000000002,81.44907243224638,1.5537209109264927,4.0,57.156883
2020-05-09 23:00:00,11.528700000000015,83.58554364156478,1.6083870362472616,3.0,41.885162
2020-05-10 00:00:00,11.487450000000024,83.51841773599509,1.4528918652246214,3.0,37.108902
2020-05-10 01:00:00,13.011130000000037,81.46820912175527,0.680937167379444,3.0,42.91925
2020-05-10 02:00:00,12.8399,91.86271184303413,0.5089433001569625,3.0,166.20985
2020-05-10 03:00:00,14.291960000000017,86.54285409826993,1.3226055857156995,2.0,291.63116
2020-05-10 04:00:00,15.027800000000013,85.91175058260865,1.6945181222751329,5.0,491.54712
2020-05-10 05:00:00,15.751180000000033,88.38885700492817,1.8327271182516487,6.0,557.4934
2020-05-10 06:00:00,16.836659999999995,86.69508925469847,2.0441697867703925,9.0,731.89404
2020-05-10 07:00:00,17.772730000000024,75.91645650682601,1.878915420385506,6.0,709.1738
2020-05-10 08:00:00,18.074550000000045,74.56131000859477,1.8121526163839987,4.0,605.6294
2020-05-10 09:00:00,18.292140000000018,73.42014668582188,1.524988834430863,10.0,473.08105
2020-05-10 10:00:00,17.829000000000008,74.05660989623694,1.3043059589716863,8.0,428.50073
2020-05-10 11:00:00,17.33904000000001,75.25066373851041,1.2114157314007288,8.0,515.7938
2020-05-10 12:00:00,16.953700000000026,75.89530639562793,0.46646712217991837,6.0,282.49115
2020-05-10 13:00:00,16.82217000000003,74.5312658708174,0.35593170831863896,3.0,109.827286
2020-05-10 14:00:00,16.012699999999995,75.05489312756028,0.3489904518299973,3.0,56.70842
2020-05-10 15:00:00,15.346150000000023,76.93440304727325,0.8947250191644434,2.0,61.321884
2020-05-10 16:00:00,12.54812000000004,83.9064233263555,1.661417189311959,0.0,50.94969
2020-05-10 17:00:00,11.177819999999997,84.71362737135405,2.023176562932887,1.0,31.300552
2020-05-10 18:00:00,9.446370000000002,86.40408449063281,2.583914788077045,2.0,22.012894
2020-05-10 19:00:00,8.456080000000043,82.53110036253742,3.1482010782462173,1.0,18.80809
2020-05-10 20:00:00,8.441130000000044,80.53447165330996,3.1140865928785693,2.0,17.883347
2020-05-10 21:00:00,8.317800000000034,78.62382416166058,3.2369255266047388,3.0,17.500599
2020-05-10 22:00:00,8.210230000000024,77.23095142362409,3.3019299390938577,1.0,20.32319
2020-05-10 23:00:00,8.05734000000001,76.1956155490484,3.379810726723683,0.0,18.8589
2020-05-11 00:00:00,7.988300000000038,75.07288538235281,3.4920955822392776,2.0,17.244434
2020-05-11 01:00:00,9.374080000000049,78.31317417224392,3.221019528480934,2.0,22.382706
2020-05-11 02:00:00,13.351220000000012,84.49333563768555,1.947423521598449,2.0,53.275604
2020-05-11 03:00:00,18.330960000000005,50.306042154416495,0.8211142577641019,3.0,387.22998
2020-05-11 04:00:00,19.606650000000002,49.18489625413747,1.5882675126567003,2.0,641.468
2020-05-11 05:00:00,20.63223000000005,48.50146595504253,2.0780013499012178,2.0,855.6106
2020-05-11 06:00:00,21.451000000000022,47.57121912064509,2.2232950518947265,4.0,994.42993
2020-05-11 07:00:00,21.904930000000036,47.90631832802761,2.481743628838668,6.0,1055.9675
2020-05-11 08:00:00,22.024,47.62865925473868,2.027979449168224,9.0,1043.2688
2020-05-11 09:00:00,22.195520000000045,46.844927865857194,1.0635804803680449,7.0,1103.4307
2020-05-11 10:00:00,22.37817000000001,47.44940752398062,1.0836461956044976,5.0,1087.2878
2020-05-11 11:00:00,22.40414000000004,46.52639797710947,1.0647511549059057,6.0,960.9939
2020-05-11 12:00:00,21.962060000000008,49.59116230002146,1.2347818069402707,5.0,638.8367
2020-05-11 13:00:00,20.5419,68.24938470501091,1.1943065172856255,4.0,432.04468
2020-05-11 14:00:00,18.31826000000001,67.61420111364924,1.4871876625279086,10.0,119.220505
2020-05-11 15:00:00,14.912620000000004,74.8136151892423,2.3634106910880317,12.0,47.648376
2020-05-11 16:00:00,12.95876000000004,80.39082597431896,2.8638678061264105,10.0,29.13861
2020-05-11 17:00:00,11.480680000000007,85.0752286398086,3.1438598934105397,8.0,23.775402
2020-05-11 18:00:00,11.095940000000041,85.49714840776355,3.270277770016463,4.0,21.239765
2020-05-11 19:00:00,10.80940000000004,85.88650791532682,3.434765863017346,2.0,20.901398
2020-05-11 20:00:00,10.683620000000019,83.65193377591494,3.4427394621921876,2.0,20.266783
2020-05-11 21:00:00,10.410600000000045,81.47385376101501,3.521686861031666,1.0,19.306376
2020-05-11 22:00:00,10.175070000000005,79.12467219482515,3.557770552417576,1.0,19.395693
2020-05-11 23:00:00,9.96768000000003,76.69710312819899,3.564132062553812,2.0,19.260302
2020-05-12 00:00:00,9.851620000000025,74.61285967700356,3.538370837629323,1.0,18.65883
2020-05-12 03:00:00,19.965720000000033,54.73835122716488,0.3782741765555694,1.0,375.06415
2020-05-12 04:00:00,21.388360000000034,46.07380215720341,0.808581201385093,6.0,563.19385
2020-05-12 05:00:00,22.234640000000013,46.411399997776094,1.3271011444993126,6.0,764.0393
2020-05-12 06:00:00,22.964170000000024,45.72762365121858,1.4703279308060362,6.0,889.1929
2020-05-12 07:00:00,23.068100000000015,46.611366818413316,0.9879515388984086,6.0,957.8994
2020-05-12 08:00:00,23.521720000000016,45.182871732121946,1.2009952260853116,6.0,871.208
2020-05-13 00:00:00,11.032800000000009,76.18012387465032,3.5398645078156425,4.0,17.775372
2020-05-13 01:00:00,12.375820000000033,78.20413647576822,3.1773529375323375,3.0,18.792576
2020-05-13 02:00:00,15.78027000000003,83.88628927864407,1.9990979190472227,4.0,27.562958
2020-05-13 03:00:00,20.315330000000017,56.718041799793625,0.4822438438544517,4.0,470.85724
2020-05-13 04:00:00,21.75720000000001,46.96121164259529,1.4798514274093224,3.0,618.5005
2020-05-13 05:00:00,22.277060000000006,45.77931662852808,1.9326132062641868,5.0,730.6587
2020-05-13 06:00:00,22.810140000000047,44.95176081573017,1.9524006143027077,6.0,869.9812
2020-05-13 07:00:00,22.78884000000005,52.16335018928626,1.7505846321941707,5.0,835.1443
2020-05-13 08:00:00,23.528530000000046,50.17301092275187,1.9831756150085045,6.0,793.39526
2020-05-13 09:00:00,22.773500000000013,50.62258707691416,1.4626345754179682,6.0,844.36035
2020-05-13 10:00:00,21.70700000000005,53.5250731534925,1.2618344350592632,11.0,502.9204
2020-05-13 11:00:00,21.472440000000006,55.464464436933056,1.7969632845110588,6.0,574.0322
2020-05-13 12:00:00,21.10680000000002,60.218689888091134,1.3747017889656579,3.0,274.8616
2020-05-13 13:00:00,19.97994,67.55502369940945,1.3246752465764418,8.0,190.2295
2020-05-13 14:00:00,18.141560000000027,72.33574000594825,2.138327427965028,17.0,32.034363
2020-05-13 15:00:00,16.27615000000003,78.3040437186953,2.423744686913135,11.0,17.516266
2020-05-13 16:00:00,15.163960000000031,80.83687366463974,2.646688990202956,9.0,30.09761
2020-05-13 17:00:00,14.236260000000016,82.91815418230469,2.7218942392271335,5.0,27.325378
2020-05-13 18:00:00,13.595300000000009,83.6483260182068,2.7361720591013547,3.0,54.078384
2020-05-13 19:00:00,14.401100000000042,79.78894284401386,2.241705393839097,10.0,58.556946
2020-05-13 20:00:00,13.498440000000016,81.98374312519218,1.912127683456001,6.0,20.989304
2020-05-13 21:00:00,16.644300000000044,68.03454543740604,0.4017971044802389,6.0,68.93619
2020-05-13 22:00:00,16.01370000000003,73.07328417505718,0.4203668986258891,4.0,73.072464
2020-05-13 23:00:00,15.572660000000042,75.73595257479695,0.4749294748884269,3.0,100.8288
2020-05-14 00:00:00,14.784199999999998,79.58852355334169,1.0444863982872261,4.0,44.22361
2020-05-14 01:00:00,14.14390000000003,81.51451923367553,0.8788432653174306,3.0,72.77179
2020-05-14 02:00:00,14.69213000000002,87.78105269522268,1.116731863337743,1.0,145.63269
2020-05-14 03:00:00,15.562340000000006,87.0390532477028,1.5139098105840056,3.0,190.41208
2020-05-14 04:00:00,16.099199999999996,86.25049050098572,1.7653618788163696,4.0,222.9735
2020-05-14 05:00:00,16.85050000000001,88.18182756930723,2.191226071188321,4.0,240.57306
2020-05-14 06:00:00,17.73397,93.1984272463971,2.4826476826842363,5.0,310.04102
2020-05-14 07:00:00,17.07000000000005,85.1218021929083,1.675934488908967,5.0,309.82913
2020-05-14 08:00:00,17.26016000000004,84.90599437400576,2.3919284256793407,5.0,342.95532
2020-05-14 09:00:00,16.58190000000002,88.21169999945961,2.5703552380245083,5.0,423.06226
2020-05-14 10:00:00,16.06536,92.22201454973515,3.9975759265977224,3.0,455.78296
2020-05-14 11:00:00,14.438559999999995,98.58678106478018,3.783579584774516,4.0,600.9043
2020-05-14 12:00:00,13.286339999999996,92.95184273510004,4.833936150625067,6.0,854.10986
2020-05-14 13:00:00,12.091600000000028,93.0135743310485,4.237716207023562,4.0,760.69214
2020-05-14 14:00:00,11.303830000000005,95.23995019160624,3.159280657638409,5.0,603.3911
2020-05-14 15:00:00,11.026030000000048,94.92877975385707,2.5951447331293434,3.0,516.4691
2020-05-15 07:00:00,15.824550000000045,63.55485748620172,2.3130296499105625,0.0,608.3264
2020-05-15 08:00:00,16.323080000000004,61.07035244113432,2.265623951536532,6.0,591.60767
2020-05-15 09:00:00,16.768820000000005,59.26884326161769,2.3569247324860862,7.0,571.6426
2020-05-15 10:00:00,16.95574000000005,58.579396134006195,2.4900920728462235,4.0,529.38544
2020-05-15 11:00:00,16.988699999999994,58.19511736467791,2.2835479944975297,2.0,535.64294
2020-05-15 12:00:00,16.91512,59.30649377990448,1.8403498304688053,0.0,480.76904
2020-05-15 13:00:00,16.264250000000004,64.30185502568483,1.2394327251348216,0.0,235.67015
2020-05-15 14:00:00,15.09847000000002,73.85504949758287,0.9833226897118048,6.0,107.85591
2020-05-15 15:00:00,15.374300000000005,61.50378785917159,0.7336109300128798,11.0,32.008224
2020-05-15 16:00:00,15.04373000000004,61.28010720942439,0.47032527610605507,6.0,23.9906
2020-05-15 17:00:00,14.720900000000029,61.44830653142718,0.41672877552327353,3.0,15.687917
2020-05-15 18:00:00,14.130179999999996,62.42393131563902,1.1870181180807688,3.0,14.386977
2020-05-15 19:00:00,10.878660000000025,70.43331005725398,1.801396187472998,3.0,20.932524
2020-05-15 20:00:00,9.69613000000004,71.64739968369493,2.0684209044306336,3.0,21.833958
2020-05-15 21:00:00,8.78988000000004,72.22940451704076,2.297414420956015,2.0,22.488905
2020-05-16 00:00:00,6.45553000000001,73.28133940930266,2.7807414914840596,1.0,17.800686
2020-05-16 01:00:00,7.628870000000006,80.04272696189788,2.4559973592315547,0.0,17.207203
2020-05-16 03:00:00,15.639859999999999,54.386143302531806,0.6416940881479449,10.0,231.51944
2020-05-16 04:00:00,16.52328,56.93279269341988,1.3432346982616488,7.0,395.8152
2020-05-16 05:00:00,16.965300000000013,60.02069047095444,1.684088243019577,6.0,528.98413
2020-05-16 06:00:00,17.528470000000027,61.49284518329966,1.9163352864774212,8.0,546.2556
2020-05-16 07:00:00,17.492760000000033,61.372247522523374,1.7623227546215872,9.0,671.2075
2020-05-16 08:00:00,17.211630000000014,62.80635034804051,1.5213017836129195,15.0,710.8296
2020-05-16 09:00:00,17.045800000000042,65.04378618532576,1.137672445562477,15.0,397.9984
2020-05-16 10:00:00,16.938620000000014,67.76931618959684,0.9938862350486799,26.0,333.54706
2020-05-16 11:00:00,16.426000000000045,72.60592590541803,1.0635553693507924,18.0,257.57562
2020-05-16 12:00:00,15.890039999999999,79.52038984947725,1.4367374327240312,13.0,120.03902
2020-05-16 13:00:00,15.194540000000018,85.0713642164192,1.5165389040010424,17.0,164.66718
2020-05-16 14:00:00,14.25436000000002,90.31582271862099,1.3067400455446985,37.0,125.26538
2020-05-16 15:00:00,13.16342000000003,90.2036674873997,1.259839167675307,30.0,73.53256
2020-05-16 16:00:00,12.751149999999996,87.11821231026303,1.2665825119066514,12.0,56.76671
2020-05-16 17:00:00,12.998300000000029,82.95801161197153,1.1903759613768958,15.0,84.95433
2020-05-16 18:00:00,13.813469999999995,77.97596522382736,0.9628696535502048,7.0,56.135803
2020-05-16 19:00:00,14.601830000000007,66.26848471277366,0.9012190818750917,1.0,63.68692
2020-05-16 21:00:00,13.221150000000023,73.88660290692991,0.1737059975825711,1.0,28.825516
2020-05-16 22:00:00,12.832300000000032,77.4258749593928,0.44589864201156254,2.0,35.79001
2020-05-16 23:00:00,12.239599999999996,82.09893020966882,0.7652200402795865,1.0,45.850845
2020-05-17 03:00:00,12.848000000000013,87.6490199310798,1.2625460752950843,0.0,284.99023
2020-05-17 04:00:00,13.407460000000015,86.48199186762884,1.5156643082129786,0.0,384.9734
2020-05-17 05:00:00,14.211360000000013,81.46487783410244,1.87388705724002,0.0,502.62378
2020-05-17 06:00:00,14.882530000000031,82.41837699204409,1.9474917198513104,0.0,612.2815
2020-05-17 07:00:00,16.90807000000001,82.2886882832801,2.2561687129603967,0.0,779.30176
2020-05-17 08:00:00,17.29824000000002,80.52748505418698,2.0279595717233145,18.0,694.90356
2020-05-17 09:00:00,17.359830000000045,79.52993861118354,1.641225990583189,12.0,708.9448
2020-05-17 10:00:00,17.627830000000017,72.70093126549742,1.6311772904332442,8.0,589.4309
2020-05-17 11:00:00,17.47433000000001,71.2007794628534,1.770098349560344,10.0,590.99365
2020-05-17 12:00:00,16.608480000000043,76.85532314408508,1.3718848909065156,7.0,508.02368
2020-05-17 13:00:00,15.901880000000006,79.64042403444044,0.38819360004153314,9.0,233.3404
2020-05-17 14:00:00,15.081200000000024,81.24304412347504,0.2459966943672882,8.0,61.9485
2020-05-17 15:00:00,14.173460000000034,83.27145134464406,0.9003335460371622,9.0,17.222183
2020-05-17 16:00:00,11.97204000000005,85.33750573684519,1.5188189197584876,15.0,13.775168
2020-05-17 17:00:00,11.325770000000034,83.63922759469627,1.6719596335385403,7.0,35.296944
2020-05-17 18:00:00,10.914150000000006,82.41205233655305,1.720752965071942,3.0,22.037994
2020-05-17 19:00:00,8.683130000000006,82.46582350414945,2.2886501468383083,2.0,24.388805
2020-05-17 20:00:00,9.883970000000033,75.34020642040652,1.9200736247315466,2.0,21.348007
2020-05-17 21:00:00,7.948200000000043,81.62135613474366,2.4029336529071847,3.0,20.319773
2020-05-17 22:00:00,7.497250000000008,79.48589455313531,2.547907098063337,4.0,21.122864
2020-05-17 23:00:00,6.6329000000000065,84.28381329271502,2.9471321100133636,1.0,26.489372
2020-05-18 01:00:00,7.558860000000038,87.46577961307102,2.856011491937926,0.0,17.821106
2020-05-18 02:00:00,11.400959999999998,90.03986583833719,1.7119730965504665,1.0,40.047745
2020-05-18 03:00:00,15.550260000000037,69.26239898653694,0.3991056575918744,5.0,264.8371
2020-05-18 04:00:00,16.894560000000013,68.44582740731508,1.1624924794444487,5.0,509.67944
2020-05-18 05:00:00,18.021630000000016,66.48796367182464,1.6692996539455907,2.0,760.05664
2020-05-18 06:00:00,19.002470000000017,63.03733924153409,1.7163782862653616,2.0,810.5166
2020-05-18 07:00:00,18.987760000000037,66.88807491799994,1.658708458809354,12.0,923.4524
2020-05-18 08:00:00,20.031900000000007,59.98572638052833,1.9421444055315171,9.0,1086.5752
2020-05-18 09:00:00,20.554400000000044,57.420483950916534,2.432742781711507,9.0,1060.6926
2020-05-18 10:00:00,20.527800000000013,57.32756351915682,2.4503775283454754,7.0,988.1001
2020-05-18 11:00:00,20.21655000000004,56.388055577038216,1.4604173470656607,4.0,935.57446
2020-05-18 12:00:00,18.921040000000005,60.235715009072386,0.157690040433794,5.0,509.8523
2020-05-18 13:00:00,18.725120000000004,62.09718574723535,0.591040896723623,15.0,321.1352
2020-05-18 14:00:00,17.70953000000003,60.79260573638597,0.532098172336816,13.0,76.46231
2020-05-18 15:00:00,13.394370000000038,82.70625709491179,2.4597612260047357,13.0,129.57838
2020-05-18 16:00:00,12.209069999999997,87.56486123698704,2.506492688258406,9.0,273.65503
2020-05-18 17:00:00,11.38348000000002,89.7199278298106,2.1839801791114155,6.0,181.93025
2020-05-18 18:00:00,10.73440000000005,91.29441991186314,1.949975241452491,3.0,93.35683
2020-05-18 19:00:00,10.581450000000018,91.24983315869775,1.4233704912138467,0.0,128.89821
2020-05-18 23:00:00,10.256740000000036,93.89793800254344,0.8170367786821836,0.0,63.521667
2020-05-19 02:00:00,10.735740000000021,95.45103338269347,1.2439127613408807,0.0,210.46875
2020-05-19 03:00:00,10.943570000000022,93.93640657983252,1.5489823822698932,0.0,275.2765
2020-05-19 04:00:00,11.279300000000035,98.26209602036464,1.6988406997661873,1.0,329.8108
2020-05-19 05:00:00,11.867819999999995,97.73782632624487,2.0579883924411284,2.0,252.7409
2020-05-19 06:00:00,11.555440000000033,95.29923049244019,2.020225354037901,1.0,531.73535
2020-05-19 07:00:00,12.839560000000006,94.50045729145371,2.430087401706984,5.0,473.2019
2020-05-19 08:00:00,11.99430000000001,92.75676992938044,1.8773728287544058,5.0,582.28784
2020-05-19 09:00:00,12.589930000000038,78.85376151281605,2.030141040565523,5.0,660.093
2020-05-19 10:00:00,12.61282,81.10366501966321,1.7986364325942006,3.0,482.38574
2020-05-19 11:00:00,12.721699999999998,79.81699618467835,2.090590391465496,3.0,399.80566
2020-05-19 12:00:00,11.959860000000049,83.76035094265042,1.6864607264677254,4.0,370.95776
2020-05-19 13:00:00,11.545299999999997,86.17539435720434,0.9887591830556399,12.0,214.37732
2020-05-19 14:00:00,11.30856,85.70561661516848,0.724393878597031,11.0,137.81082
2020-05-19 15:00:00,10.03770000000003,91.95523803433298,1.371661128854937,8.0,111.23691
2020-05-19 16:00:00,8.573480000000018,91.20570720615255,1.6485706670199645,6.0,81.60573
2020-05-19 17:00:00,9.28134,85.25222669339128,1.3772535290397698,4.0,42.78717
2020-05-19 18:00:00,10.97708,77.46092188834494,1.002570469285783,3.0,23.217438
2020-05-19 19:00:00,11.117330000000038,75.22749541573467,1.0500205548711747,1.0,19.015533
2020-05-19 20:00:00,10.50410000000005,74.19979168858835,1.3699800739558805,0.0,21.654236
2020-05-20 05:00:00,16.12020000000001,69.64938695176713,1.6332792262220555,3.0,689.41284
2020-05-20 06:00:00,17.15432000000004,67.10086037373786,1.6619816715499633,2.0,831.45605
2020-05-20 11:00:00,18.654570000000035,58.79710787449836,1.4619002934606176,0.0,518.8533
2020-05-20 13:00:00,17.65762000000001,67.16392647887702,0.744731781582217,0.0,241.02911
2020-05-20 14:00:00,17.29060000000004,58.251361338810625,0.44421321658633656,6.0,67.966995
2020-05-20 15:00:00,16.612330000000043,59.77367919405414,0.8616938777219446,6.0,44.21411
2020-05-20 16:00:00,12.610860000000002,74.90765172156223,1.8956444189983022,4.0,43.998047
2020-05-20 17:00:00,12.410900000000026,69.91136869870779,1.8098110855222815,2.0,22.35781
2020-05-20 18:00:00,13.411249999999995,62.82641181284267,1.595432493594968,3.0,17.06224
2020-05-20 19:00:00,7.8829600000000255,78.92656795627794,2.846470580018096,3.0,17.072052
2020-05-20 20:00:00,7.27720000000005,78.00088832142913,2.993882245817625,1.0,17.227934
2020-05-20 23:00:00,6.46902,70.71263223143262,3.4068118603293795,0.0,18.275267
2020-05-21 00:00:00,6.454160000000002,68.78963073509584,3.48300628383554,1.0,17.442757
2020-05-21 02:00:00,12.701600000000042,84.05919651372099,1.70477161158397,0.0,32.452835
2020-05-21 03:00:00,17.126149999999996,50.11625705225773,0.7766778989056529,2.0,370.2273
2020-05-21 04:00:00,18.041350000000023,52.579136525898626,1.4201111141020886,5.0,633.6809
2020-05-21 05:00:00,18.896000000000015,52.88585929371743,1.620865099693346,3.0,859.37646
2020-05-21 06:00:00,19.588400000000036,52.46441731146569,1.897886401638312,1.0,1034.1824
2020-05-21 07:00:00,20.157250000000033,53.14432203697959,1.2399868730270747,3.0,998.5051
2020-05-21 08:00:00,20.660300000000007,51.448071204966176,0.8183195942297148,4.0,982.23
2020-05-21 09:00:00,21.211880000000008,48.69866738915191,1.1762447267901035,2.0,894.23193
2020-05-21 10:00:00,20.829740000000015,47.87828280476916,1.3107337057731367,5.0,829.8096
2020-05-21 11:00:00,20.16512,48.54861811354464,0.5357944061060517,6.0,425.563
2020-05-21 12:00:00,19.69670000000002,47.44737698328451,0.1612816938732391,4.0,335.52582
2020-05-21 13:00:00,18.4726,60.187732442266594,1.0526363263832446,2.0,221.24232
2020-05-21 14:00:00,16.20114000000001,71.02591703342364,1.5094593218837697,17.0,97.4485
2020-05-21 15:00:00,14.25585000000001,73.75276598553418,1.6896562018702244,1.0,91.57399
2020-05-21 16:00:00,13.01660000000004,73.79874972172888,2.0100796285363587,3.0,55.890488
2020-05-21 17:00:00,11.285760000000039,79.07606494242417,2.616976322508328,2.0,43.812363
2020-05-21 21:00:00,8.583520000000021,83.62791486744239,2.9106684694535674,1.0,18.411346
2020-05-21 22:00:00,8.213530000000048,81.2804511049288,3.095213403577752,1.0,19.500809
2020-05-22 04:00:00,19.034500000000037,51.06760271251236,1.338466293388793,0.0,669.7864
2020-05-22 05:00:00,19.937100000000044,51.6069028322288,1.4190406458663574,2.0,846.49414
2020-05-22 06:00:00,20.824550000000045,50.09359742340429,1.406338395925121,5.0,899.7715
2020-05-22 07:00:00,21.28158000000002,51.686448707978904,1.3235289776824541,4.0,1047.2285
2020-05-22 08:00:00,21.66927000000004,48.851170891432645,0.8141337309924586,2.0,1094.0198
2020-05-22 09:00:00,22.262050000000045,46.607907551056435,0.8964348423014641,18.0,1130.919
2020-05-22 10:00:00,22.60537000000005,43.61475518568589,0.9869044850132049,4.0,1070.5881
2020-05-22 11:00:00,22.64163000000002,41.23389741127311,0.8675190899453942,4.0,1036.7163
2020-05-22 12:00:00,22.116480000000024,44.32211622280397,1.1347032491362006,4.0,595.8252
2020-05-22 13:00:00,20.860929999999996,57.68537509064656,1.2624695421915888,6.0,353.11066
2020-05-22 14:00:00,18.460900000000038,68.2812837143211,1.7290340890993763,16.0,67.22603
2020-05-22 15:00:00,15.775840000000017,71.04883999771654,2.3614131331159167,10.0,28.035645
2020-05-22 16:00:00,13.69756000000001,75.10736348755937,2.823778719518903,10.0,22.658127
2020-05-22 17:00:00,12.090419999999995,79.07448495899126,3.0898039681790794,8.0,18.978043
2020-05-22 18:00:00,11.374300000000005,79.89345637337614,3.268749076335444,5.0,18.403637
2020-05-22 19:00:00,11.347680000000025,81.71248012212924,3.385526065340753,6.0,17.60093
2020-05-22 20:00:00,11.090480000000014,81.51101112281948,3.3443243449955715,7.0,17.618233
2020-05-22 21:00:00,10.749480000000005,81.67381472948048,3.420205529880488,4.0,17.524296
2020-05-22 22:00:00,10.345120000000009,81.82522143472504,3.512703959412565,4.0,18.552916
2020-05-22 23:00:00,9.930080000000032,81.46742198350046,3.584232625391365,8.0,20.50664
2020-05-23 00:00:00,9.903470000000027,79.78440422415882,3.58140929449014,5.0,22.956772
2020-05-23 01:00:00,11.781150000000025,80.0742054824013,3.1397509110745756,0.0,26.239395
2020-05-23 02:00:00,15.960840000000019,81.6344513894865,1.9690744262308122,0.0,47.13272
2020-05-23 03:00:00,20.402120000000025,50.38529349113922,0.8695102133976418,2.0,373.67682
2020-05-23 04:00:00,21.66183000000001,47.28946245597536,1.3774922573779924,2.0,562.01855
2020-05-23 05:00:00,22.760520000000042,47.07379543664522,1.853472446277144,2.0,734.41895
2020-05-23 06:00:00,23.788170000000036,46.143634202482986,2.164441234718328,0.0,879.48193
2020-05-23 08:00:00,25.13345000000004,44.72762140982086,2.275993320366158,3.0,811.1941
2020-05-23 09:00:00,25.1173,44.4650576572197,1.9683192970363446,37.0,957.42554
2020-05-23 10:00:00,24.961630000000014,45.59313076814402,1.5825988318598516,17.0,895.9878
2020-05-23 11:00:00,24.93557000000004,46.13373186578891,1.3971045722058644,11.0,843.18823
2020-05-23 12:00:00,24.566520000000025,50.559092611114195,1.425892271762369,8.0,593.4309
2020-05-23 13:00:00,23.276820000000043,65.51770641924018,1.3493678243535303,21.0,209.18567
2020-05-23 14:00:00,21.264920000000018,65.20837347284292,1.5783246629654275,25.0,49.088806
2020-05-23 15:00:00,17.87563,68.5985250902752,2.348372349097783,14.0,34.81307
2020-05-23 16:00:00,15.308620000000019,73.60473786992921,2.8959786987938467,9.0,29.347141
2020-05-23 17:00:00,13.868070000000046,76.46522547422671,3.1969455036072874,8.0,25.380333
2020-05-23 18:00:00,12.79260000000005,80.46828620151524,3.414851746126275,7.0,22.23268
2020-05-23 19:00:00,12.577330000000018,79.09335332297344,3.6946740198397086,6.0,20.350658
2020-05-23 20:00:00,12.155940000000044,80.23067844302983,3.709445429448853,4.0,19.316072
2020-05-23 21:00:00,11.772730000000024,80.5791680482586,3.8139944968143316,4.0,19.080423
2020-05-23 22:00:00,11.449200000000019,80.42109145734518,3.904902952132765,4.0,20.370693
2020-05-23 23:00:00,11.155730000000005,79.92668512432246,3.9216454766246613,4.0,20.909195
2020-05-24 00:00:00,11.053770000000043,78.91003525278121,3.8757468174489236,3.0,18.365341
2020-05-24 01:00:00,12.891700000000014,78.37165401167827,3.397259621014714,1.0,19.71939
2020-05-24 02:00:00,17.012350000000026,82.3327479755672,2.235889275296496,1.0,26.176437
2020-05-24 03:00:00,21.843470000000025,58.41858622782499,0.9336272042493899,0.0,345.80872
2020-05-24 04:00:00,23.782219999999995,44.29923863751532,1.8077789018355834,12.0,584.6067
2020-05-24 05:00:00,24.625120000000038,45.78113904496867,2.3755651819844896,7.0,764.9768
2020-05-24 06:00:00,25.57397000000003,46.889457773341995,2.7814900293921316,6.0,892.8037
2020-05-24 07:00:00,26.045980000000043,46.65792185017838,2.483244003248962,8.0,792.5957
2020-05-24 08:00:00,26.53048000000001,45.117206043912894,2.227474949549739,5.0,1018.9143
2020-05-24 09:00:00,26.45876000000004,45.19146959528634,2.191624184773439,2.0,1019.5769
2020-05-24 10:00:00,26.4769,44.15322131110186,2.100128015007459,12.0,789.9995
2020-05-24 11:00:00,26.157740000000047,47.01473976821045,1.982384278588041,8.0,671.33057
2020-05-24 12:00:00,25.423000000000002,52.26329808427345,1.7216911721961579,8.0,652.29004
2020-05-24 13:00:00,24.099500000000035,59.73288321038482,1.8546089571188946,24.0,310.1819
2020-05-24 14:00:00,21.50845000000004,59.596992378081346,2.7549445979401073,13.0,69.43906
2020-05-24 15:00:00,18.789330000000007,65.12957807687997,2.982315032280721,18.0,30.395935
2020-05-24 16:00:00,17.643200000000036,64.86058293064278,3.1169709602691023,16.0,31.402567
2020-05-24 17:00:00,16.669200000000046,65.36683678048357,3.19595755577445,14.0,36.734276
2020-05-24 18:00:00,15.251149999999996,69.94610292095304,3.2730527071074547,10.0,26.065403
2020-05-24 19:00:00,14.675200000000018,71.83393517356711,3.4475627391515236,6.0,24.12367
2020-05-24 20:00:00,13.648920000000032,75.79053456773516,3.5318299858481703,3.0,21.06195
2020-05-24 21:00:00,12.920740000000023,78.43110434755899,3.6673742785548016,3.0,18.350422
2020-05-24 22:00:00,12.536900000000003,79.40171406625552,3.763652433849585,5.0,18.059633
2020-05-24 23:00:00,12.187460000000044,79.43098175263181,3.811172709926773,4.0,18.38693
2020-05-25 00:00:00,12.033600000000035,77.5559160311486,3.8314221391374943,2.0,18.725586
2020-05-25 01:00:00,13.783260000000041,76.94812110104392,3.4185267084586934,0.0,21.890366
2020-05-25 02:00:00,17.83032000000003,81.94939385473141,2.25143372730213,4.0,27.556915
2020-05-25 03:00:00,22.926540000000045,61.62323064027783,0.719435525440179,6.0,237.66302
2020-05-25 04:00:00,25.02940000000001,43.11666821060592,1.4774299760053486,28.0,475.83545
2020-05-25 05:00:00,25.905850000000044,43.88210881065457,1.9414424931400365,18.0,670.2134
2020-05-25 06:00:00,26.86035000000004,43.88368048261134,2.2861552666977807,26.0,854.89746
2020-05-25 07:00:00,27.72550000000001,42.290092490965634,2.506946655524864,8.0,1004.5049
2020-05-25 08:00:00,27.680930000000046,42.94288470292318,2.266539771039802,42.0,1093.8113
2020-05-25 09:00:00,28.00228000000004,43.08636274536244,2.438275081280474,11.0,888.8977
2020-05-25 10:00:00,27.673460000000034,43.29045316339897,2.032084667054562,9.0,751.5906
2020-05-25 11:00:00,27.724820000000022,46.46727294072474,1.4598354421456317,13.0,667.85986
2020-05-25 12:00:00,26.914060000000006,50.137331108235564,1.9424112402979603,17.0,444.9375
2020-05-25 13:00:00,25.30245000000002,57.76258324294612,1.8731828487237234,20.0,269.56238
2020-05-25 14:00:00,22.762050000000045,57.314139402683416,2.5549156927634873,15.0,69.80522
2020-05-25 15:00:00,20.030079999999998,59.991536176570015,3.208170466801172,12.0,33.94557
2020-05-25 16:00:00,18.245450000000005,62.6192998994593,3.4267097054274847,12.0,22.57016
2020-05-25 17:00:00,16.442700000000002,67.10738404033498,3.6786158440183088,11.0,21.841568
2020-05-25 18:00:00,15.361469999999997,68.51759949548908,3.8029111204977664,8.0,19.913235
2020-05-25 19:00:00,14.926780000000008,65.13828116050989,3.9457435082998393,6.0,18.395367
2020-05-25 20:00:00,14.501700000000028,62.52741061645372,3.9019661403655457,5.0,17.811504
2020-05-25 21:00:00,14.083300000000008,60.04405621988648,3.9352807684868685,3.0,18.022963
2020-05-25 22:00:00,13.764760000000024,57.47709862584488,3.9766671615138036,1.0,19.069925
2020-05-25 23:00:00,13.452400000000011,55.78554230538034,4.018807290675023,2.0,18.466469
2020-05-26 00:00:00,13.305380000000014,55.00647108290608,4.0501520488037315,1.0,18.174793
2020-05-26 02:00:00,18.748700000000042,75.4023963499838,2.6673340509984413,4.0,19.054245
2020-05-26 03:00:00,23.67130000000003,70.04692832635497,0.5543792692082289,17.0,140.32959
2020-05-26 04:00:00,27.423969999999997,32.22374082882699,0.8608862498179086,17.0,461.45898
2020-05-26 05:00:00,28.026400000000024,34.44328020686137,1.2314577823185713,11.0,666.81226
2020-05-26 06:00:00,28.75604000000004,34.52523292315189,1.2158543901978454,12.0,852.876
2020-05-26 07:00:00,29.66247000000004,32.68078724418433,1.1667904871285752,9.0,1141.6743
2020-05-26 08:00:00,30.147670000000005,30.52491780364076,0.4228079612328899,7.0,1200.7002
2020-05-26 09:00:00,30.53060000000005,31.138301276134463,1.515800718491372,5.0,1043.5295
2020-05-26 10:00:00,30.383020000000045,32.63396336778368,0.9965747548930048,6.0,713.2246
2020-05-26 11:00:00,29.957330000000013,39.45273967678117,0.8020598992124855,14.0,422.08163
2020-05-26 12:00:00,29.01400000000001,51.1592439351626,1.0502415811210943,15.0,292.16687
2020-05-26 13:00:00,26.825400000000002,65.42856716109728,2.034670135522332,14.0,46.48529
2020-05-26 14:00:00,23.081080000000043,77.42622148865016,3.0271838399339885,12.0,30.87027
2020-05-26 15:00:00,20.093620000000044,82.45560378138939,3.439137076155483,9.0,20.683777
2020-05-26 16:00:00,18.786200000000008,81.13471542440504,3.4947315262523113,6.0,19.971962
2020-05-26 17:00:00,17.938930000000028,77.86970842910407,3.6217643956383014,5.0,22.633533
2020-05-26 18:00:00,17.153160000000014,75.58280632938157,3.7540600447647523,3.0,19.408485
2020-05-26 19:00:00,17.11083000000002,69.60948252984609,3.6416071982863514,2.0,19.72525
2020-05-26 20:00:00,16.60256000000004,69.14921820760321,3.5926543206944594,1.0,19.548512
2020-05-26 21:00:00,16.15667000000002,68.74620552032412,3.6071416775644685,1.0,20.264193
2020-05-26 22:00:00,15.770750000000021,68.64497487893011,3.6254738460291023,0.0,20.13894
2020-05-26 23:00:00,15.54104000000001,68.55467480252901,3.628033109099963,3.0,20.629967
2020-05-27 00:00:00,15.09005000000002,70.1946109322446,3.6272249785326114,3.0,20.008205
2020-05-27 01:00:00,16.592129999999997,75.27788393752289,3.2486171902992895,3.0,22.182186
2020-05-27 02:00:00,20.123199999999997,79.4014106630504,2.1669151008484224,6.0,31.130386
2020-05-27 03:00:00,24.54208,63.83743672501692,1.0423180275506314,8.0,272.39285
2020-05-27 04:00:00,26.73670000000004,42.018996386743055,0.2561247463959843,8.0,630.27734
2020-05-27 05:00:00,27.597530000000006,38.868019545745256,0.4367136509235507,10.0,899.2263
2020-05-27 06:00:00,28.255640000000028,37.02157653035802,0.23812587478772754,8.0,1078.8647
2020-05-27 07:00:00,28.90554000000003,28.7771509246068,0.294584562987369,7.0,1154.2373
2020-05-27 08:00:00,29.213040000000035,26.492605542557243,0.649584832104788,7.0,1227.9177
2020-05-27 09:00:00,29.277430000000038,25.75812061960778,1.0576881187685616,6.0,1164.739
2020-05-27 10:00:00,29.04928000000001,28.167079226899137,1.3107260739252728,4.0,1710.498
2020-05-27 11:00:00,28.44467000000003,34.60860371506033,1.4841130679770884,3.0,943.13477
2020-05-27 12:00:00,27.149,44.93588039639018,1.8337076688560416,5.0,630.5957
2020-05-27 13:00:00,24.884180000000015,54.00870788136646,2.47165017959223,7.0,474.9116
2020-05-27 14:00:00,22.011870000000044,56.29267589418465,3.2297551040987638,6.0,52.96422
2020-05-27 15:00:00,19.709400000000016,55.15599311328247,3.6062847018305577,6.0,27.600174
2020-05-27 16:00:00,18.35745000000003,53.508106493256655,3.8042432163673205,5.0,24.324112
2020-05-27 17:00:00,17.562160000000006,50.33719474312472,3.830367345269303,3.0,24.298315
2020-05-27 18:00:00,16.994100000000003,46.97351359493704,3.771966146586916,2.0,22.909195
2020-05-27 19:00:00,15.529800000000023,49.87738278966437,3.549183722321268,43.0,20.698689
2020-05-27 20:00:00,14.62032000000005,52.27509860337445,3.5723489129356603,2.0,21.354454
2020-05-27 21:00:00,14.016320000000007,53.11244526717422,3.61621401982572,2.0,21.51183
2020-05-27 22:00:00,13.658100000000047,52.84585658896062,3.6220293016451235,1.0,18.711662
2020-05-28 00:00:00,13.223400000000026,52.81821819630836,3.628590829301741,3.0,22.194416
2020-05-28 01:00:00,14.543800000000033,61.87005062317319,3.2378020235130704,3.0,23.529175
2020-05-28 14:00:00,22.553980000000024,55.11192167061235,1.4607001250597318,13.0,173.15419
2020-05-28 15:00:00,19.87510000000003,55.78830933052455,1.855309022560134,21.0,72.76271
2020-05-28 16:00:00,17.623559999999998,61.25172615755816,2.206441626722495,13.0,54.007233
2020-05-28 17:00:00,16.277980000000014,65.1439578178341,2.355457549651604,12.0,38.68367
2020-05-28 18:00:00,14.932950000000005,70.17156710043928,2.5377170486673766,7.0,31.263954
2020-05-28 19:00:00,14.41927000000004,73.00138740062407,2.552283923205665,4.0,27.461182
2020-05-28 20:00:00,13.234030000000018,77.81143215048856,2.740321259020573,2.0,22.141537
2020-05-28 21:00:00,12.252769999999998,82.83248403025001,2.9180134784665213,3.0,19.571308
2020-05-28 22:00:00,11.939840000000004,84.99739288538518,2.993339889274452,4.0,20.610771
2020-05-28 23:00:00,11.610500000000002,86.07642068337269,3.064879129409499,5.0,17.597069
2020-05-29 00:00:00,11.537200000000041,85.51884062845838,3.0812993282093424,7.0,17.635769
2020-05-29 01:00:00,13.47120000000001,84.01320511371505,2.6699631365418766,8.0,20.36399
2020-05-29 02:00:00,17.892330000000015,84.44103033989012,1.2899907495195486,9.0,43.50331
2020-05-29 03:00:00,22.0086,50.9670964560088,0.7159937565351732,11.0,362.8145
2020-05-29 04:00:00,22.814900000000023,49.26332865205888,1.4360447956852798,16.0,557.1555
2020-05-29 05:00:00,23.446300000000008,48.3415085645711,1.1457562117889872,12.0,786.92017
2020-05-29 06:00:00,24.055139999999994,46.043869137573694,0.9495022828458245,17.0,956.0012
2020-05-29 07:00:00,24.34805,46.71490048131631,1.2618872522545257,15.0,1000.0845
2020-05-29 08:00:00,25.184349999999995,44.49362216281005,1.3489829508108693,13.0,1012.47
2020-05-29 09:00:00,25.43374,41.92760344465608,1.245230627382687,9.0,1089.5042
2020-05-29 10:00:00,25.354030000000023,39.1780494203077,0.7507650786692905,9.0,1335.79
2020-05-29 11:00:00,25.01583000000005,41.06231100251647,1.0889247874326737,16.0,1159.1052
2020-05-29 12:00:00,23.787650000000042,54.67571028616166,1.6687853032331574,6.0,397.0144
2020-05-29 13:00:00,21.658749999999998,68.5308457756852,2.102883321446143,8.0,206.32573
2020-05-29 14:00:00,19.589170000000024,80.18636536056381,2.3835192805498333,22.0,128.32951
2020-05-29 15:00:00,17.782500000000027,85.28281757513135,2.7243032731727537,38.0,77.027954
2020-05-29 16:00:00,16.371849999999995,87.81352335019943,2.902718547891281,12.0,28.275406
2020-05-29 17:00:00,15.58474000000001,88.26418157345059,2.962893407746884,13.0,31.513184
2020-05-29 18:00:00,15.049950000000024,86.96291647985383,3.013481522690879,10.0,28.581482
2020-05-29 19:00:00,16.003440000000012,75.34581466348875,2.848774837490015,7.0,27.461594
2020-05-29 20:00:00,14.981960000000015,79.63535723801053,2.8722875863134902,5.0,22.4487
2020-05-29 21:00:00,14.387350000000026,81.60634978100242,2.9804239549513047,3.0,20.739044
2020-05-29 22:00:00,13.76968000000005,83.88178262682564,3.1322273693708818,4.0,19.054077
2020-05-29 23:00:00,13.445950000000039,84.95362284517026,3.1774283205822296,4.0,23.427826
2020-05-30 00:00:00,13.667200000000037,84.16893567636566,3.1103231488866157,4.0,22.042267
2020-05-30 01:00:00,15.06826000000001,85.56628015573358,2.760444769185019,4.0,23.83223
2020-05-30 20:00:00,13.034270000000049,58.73083329874631,3.5801169034555875,5.0,23.301746
2020-05-30 21:00:00,12.413960000000031,58.769623352337895,3.644928541937453,3.0,22.770538
2020-05-30 22:00:00,11.964260000000024,58.71016693235755,3.685365002238901,1.0,20.688484
2020-05-30 23:00:00,11.587150000000008,59.18312308800029,3.700407792428868,1.0,21.760077
2020-05-31 00:00:00,11.435720000000003,60.55326992799422,3.6761326555451803,1.0,21.500618
2020-05-31 01:00:00,13.106600000000014,69.4890970610492,3.2242157215880245,1.0,22.269165
2020-05-31 02:00:00,17.292230000000018,79.02789297497546,1.9747057346764203,0.0,35.671295
2020-05-31 03:00:00,22.079200000000014,44.948880576664806,0.8903326240109742,1.0,428.5254
2020-05-31 04:00:00,23.456230000000005,42.487124659270066,1.7357527223407863,6.0,737.98267
2020-05-31 05:00:00,24.44317000000001,43.3229911074851,2.3828804105905634,4.0,1078.7048
2020-05-31 06:00:00,25.39626000000004,41.71752111418546,2.846393515760554,1.0,1309.252
2020-05-31 08:00:00,25.986050000000034,40.12413231889803,1.9022648999889473,39.0,1034.7234
2020-05-31 09:00:00,26.528999999999996,39.52261247463129,1.4285482073322178,21.0,1094.0513
2020-05-31 10:00:00,26.31313,41.63416926850712,2.08438761986293,4.0,815.24927
2020-05-31 11:00:00,25.339500000000044,47.64228132960919,1.9626463227426434,18.0,625.9009
2020-05-31 12:00:00,24.841880000000003,53.54792118341597,2.0684344120736133,5.0,460.3662
2020-05-31 13:00:00,23.198900000000037,62.97743222848068,2.3169204057219526,5.0,95.43303
2020-05-31 14:00:00,20.315120000000036,74.8651595173787,2.9437795870651793,18.0,25.206116
2020-05-31 15:00:00,18.12050000000005,77.17225312600783,3.30660758232231,13.0,27.019226
2020-05-31 16:00:00,16.71066000000002,75.25231228039331,3.42242727197754,7.0,20.985107
2020-05-31 17:00:00,15.368550000000027,77.9977675965734,3.6458918992594294,8.0,25.918488
2020-05-31 18:00:00,14.807060000000035,76.29767546841734,3.673499885194595,5.0,24.343628
2020-05-31 19:00:00,14.12545,78.22426131664777,3.8418061444352993,2.0,24.82051
2020-05-31 20:00:00,13.989370000000008,75.95622966712389,3.7150118317892256,3.0,23.683704
2020-05-31 21:00:00,13.752340000000004,72.99582584105383,3.6734505158839323,2.0,20.861198
2020-05-31 22:00:00,13.431330000000003,70.62152182552468,3.7221687675233515,1.0,19.153992
2020-06-01 00:00:00,13.342800000000011,65.14182551717653,3.7054255475430864,4.0,20.325184
2020-06-01 01:00:00,14.897420000000011,70.49628073472174,3.269229149758534,1.0,22.97221
2020-06-01 03:00:00,23.590000000000032,46.740862366773875,0.3578001995636341,4.0,401.08508
2020-06-01 04:00:00,25.01320000000004,39.660736939239634,1.0974756314888319,11.0,670.6919
2020-06-01 05:00:00,25.78164000000004,39.82534697685389,1.427104013068651,8.0,901.1831
2020-06-01 06:00:00,26.558040000000005,38.32775860443577,1.5402429439666367,7.0,1054.7246
2020-06-01 07:00:00,26.99246000000005,38.721115635034394,0.3523893245408215,8.0,1234.5188
2020-06-01 08:00:00,27.68688000000003,36.392765253826006,0.4729220177269061,11.0,1245.0398
2020-06-01 09:00:00,27.554470000000038,35.512917752981295,0.32436857236301436,8.0,981.3982
2020-06-01 10:00:00,27.231840000000034,38.10929664169889,2.100303748661607,13.0,840.14307
2020-06-01 11:00:00,26.65652,45.18992042569896,1.759317608449651,7.0,309.43463
2020-06-01 12:00:00,25.228850000000023,55.30665219514204,1.9105642375589873,9.0,245.29877
2020-06-01 13:00:00,23.855680000000007,67.14131234620946,1.510990715560124,6.0,91.22496
2020-06-01 14:00:00,22.07137,71.26221308202577,1.805193406841331,4.0,57.148575
2020-06-01 15:00:00,19.47598000000005,69.12577042405651,2.9615162422250956,18.0,36.014587
2020-06-01 16:00:00,17.59530000000001,73.8095109933632,3.026489136588133,11.0,32.03911
2020-06-01 17:00:00,16.71523000000002,74.48381119046118,3.100766175697177,7.0,26.729202
2020-06-01 18:00:00,16.13100000000003,73.58411006369774,3.2239864212877984,3.0,19.499084
2020-06-01 19:00:00,15.846150000000023,71.69622391808252,3.2530881431650904,1.0,19.465149
2020-06-01 20:00:00,15.63960000000003,69.72365504249377,3.241719510307384,7.0,18.39531
2020-06-01 21:00:00,15.646200000000022,67.81637207449998,3.2910262321074577,4.0,18.231155
2020-06-01 22:00:00,15.077170000000024,70.11371681834139,3.355154928314607,3.0,31.594421
2020-06-01 23:00:00,14.796350000000018,71.1690672540664,3.3955461335644226,3.0,35.110245
2020-06-02 00:00:00,14.910850000000039,71.17154322533497,3.377680930853382,0.0,42.600555
2020-06-02 01:00:00,16.07003000000003,76.99834229553832,2.959104758351308,13.0,50.02092
2020-06-02 02:00:00,19.517100000000028,76.39094340886881,1.937540466329898,7.0,104.80977
2020-06-02 03:00:00,22.89312000000001,59.089486439490535,1.0518151992945042,17.0,360.06024
2020-06-02 04:00:00,24.37417000000005,46.92785567883018,0.7255472472498535,6.0,685.92017
2020-06-02 05:00:00,24.774,47.10906014895042,1.0319086401530806,4.0,835.33496
2020-06-02 06:00:00,25.449430000000007,44.27088822153796,0.43648100000353557,10.0,959.33374
2020-06-02 07:00:00,26.10342000000003,41.45993587295372,0.4894950388682656,8.0,1099.7253
2020-06-02 08:00:00,26.297480000000007,40.780047039929464,1.1530566131027653,10.0,1333.1975
2020-06-02 09:00:00,25.852869999999996,42.61324106443467,1.2618048190499354,6.0,918.12476
2020-06-02 10:00:00,25.646050000000002,42.740360798490194,0.34180299165481215,2.0,1156.9736
2020-06-02 11:00:00,25.036550000000034,44.79140072627642,0.2906284655160672,2.0,756.76074
2020-06-02 12:00:00,24.10345000000001,48.923930952669544,1.003708476232417,13.0,416.591
2020-06-02 13:00:00,23.120840000000044,61.485770993742335,1.3910077428082321,10.0,263.62134
2020-06-02 14:00:00,21.145170000000007,68.18433675771166,2.383139106745599,8.0,84.25891
2020-06-02 15:00:00,19.078820000000007,75.4751609776459,2.907899407680171,9.0,39.05191
2020-06-02 16:00:00,17.955960000000005,76.72854366592453,3.047025381666113,10.0,31.169052
2020-06-02 17:00:00,17.391750000000002,75.13185134937353,3.137315550491096,10.0,29.944763
2020-06-02 18:00:00,16.767570000000035,74.23540518423557,3.2247148327688575,8.0,26.067028
2020-06-02 19:00:00,17.020260000000007,68.79364761036268,3.2372117158717897,6.0,25.991684
2020-06-02 20:00:00,16.922630000000026,64.62453761524276,3.3627308917132352,7.0,30.672043
2020-06-02 21:00:00,17.22103000000004,59.410230527559776,3.321427173409022,5.0,31.047455
2020-06-02 22:00:00,16.75582000000003,56.47388723606402,3.408683606263658,1.0,45.09819
2020-06-02 23:00:00,16.47753,53.134049485003224,3.430642996875905,1.0,35.824257
2020-06-03 00:00:00,15.872340000000008,52.94857617038617,3.4342748093956814,1.0,33.302692
2020-06-03 01:00:00,16.573200000000043,60.96352044446481,3.180648242838257,1.0,34.50479
2020-06-03 02:00:00,19.198500000000024,66.69289918439134,2.424704242860387,11.0,53.37996
2020-06-03 03:00:00,23.303500000000042,55.3040971907911,1.2303922741125493,11.0,305.84073
2020-06-03 04:00:00,25.338130000000035,37.00773867239769,1.018963523966381,8.0,600.1958
2020-06-03 05:00:00,25.946470000000033,34.34654506879578,1.333620047635416,7.0,897.5032
2020-06-03 06:00:00,26.75410000000005,32.44952203376377,1.6122593507301144,21.0,1055.8
2020-06-03 07:00:00,26.891930000000002,33.51051496921506,2.7375835096803347,9.0,1118.3164
2020-06-03 08:00:00,27.270039999999995,32.50453401145864,2.404262806552437,8.0,1170.0305
2020-06-03 09:00:00,27.573480000000018,32.40277721021346,2.039049007893771,7.0,1209.5508
2020-06-03 12:00:00,25.52230000000003,47.179638338810676,2.0430712051817896,7.0,358.01196
2020-06-03 13:00:00,23.54815000000002,55.60890355896459,2.490444160486215,7.0,146.2953
2020-06-03 14:00:00,21.560820000000035,60.74524522650298,2.8464461500476173,10.0,36.72722
2020-06-03 15:00:00,20.14028000000002,59.899856268258176,3.385612737838233,20.0,24.95845
2020-06-03 16:00:00,18.911280000000033,60.282743752059204,3.447088899497229,10.0,20.241776
2020-06-03 17:00:00,17.45610000000005,65.36873896922623,3.3787808026881296,11.0,22.802505
2020-06-03 18:00:00,16.42610000000002,69.33479901005502,3.495143925071574,9.0,23.443893
2020-06-03 19:00:00,16.03340000000003,73.70627515822828,3.6158896374063296,7.0,23.84201
2020-06-03 20:00:00,15.380359999999996,74.89330296546761,3.6083954102413807,4.0,24.290329
2020-06-03 21:00:00,14.968560000000025,74.96179147427755,3.675324840374743,3.0,27.316635
2020-06-03 22:00:00,14.82528000000002,73.8196537212797,3.6475393117719355,2.0,26.008148
2020-06-03 23:00:00,14.488670000000013,73.34560856989773,3.628879387307159,2.0,31.317825
2020-06-04 00:00:00,14.46407000000005,72.25764890786155,3.5690884649079067,1.0,30.985468
2020-06-04 01:00:00,16.22598000000005,74.69829780038883,3.1171538288060074,4.0,30.778625
2020-06-04 02:00:00,19.95526000000001,80.7646291817719,1.8861640060222002,55.0,68.218414
2020-06-04 03:00:00,24.645230000000026,50.404199131668456,0.5815364342779634,181.0,435.6621
2020-06-04 04:00:00,26.090450000000033,39.82434923982704,0.17565432591012417,48.0,753.2849
2020-06-04 05:00:00,26.884150000000034,38.17050327976317,0.6184330013218244,63.0,879.5857
2020-06-04 06:00:00,27.763149999999996,35.35700768563337,0.8115621233738314,9.0,1058.6016
2020-06-04 07:00:00,28.115700000000004,31.65515785370544,0.8756427872444654,63.0,1143.1548
2020-06-04 08:00:00,28.729550000000017,28.80401400949705,0.2202933699230293,31.0,1317.8545
2020-06-04 09:00:00,29.3716,25.571330138421953,0.05641115459564246,37.0,1472.9834
2020-06-04 10:00:00,29.305570000000046,24.891265459657166,0.7834759209941156,49.0,1923.0222
2020-06-04 11:00:00,28.74246000000005,27.178768720400065,1.3192936562516246,16.0,994.37256
2020-06-04 12:00:00,28.064660000000003,34.756878996247124,1.0191376939069234,12.0,687.28784
2020-06-04 13:00:00,26.05215000000004,59.964757277096645,1.3431920820895473,18.0,558.79346
2020-06-04 14:00:00,23.86584000000005,49.2837699757375,2.3757153186282696,13.0,181.95456
2020-06-04 15:00:00,20.95236,50.42129539918143,2.851448390024769,10.0,510.95227
2020-06-04 16:00:00,19.563350000000014,48.153306392912704,3.128115883074219,12.0,425.858
2020-06-04 17:00:00,18.201070000000016,49.85011565212611,3.47071994254725,12.0,47.80255
2020-06-04 18:00:00,17.63787000000002,54.25062449501876,3.6753689815968427,23.0,44.37204
2020-06-04 19:00:00,18.805800000000033,49.77371947050079,3.9588947660182074,4.0,43.008804
2020-06-04 20:00:00,19.202230000000043,44.90836529136143,4.153453396822735,5.0,49.508743
2020-06-04 21:00:00,19.055200000000013,45.857800784158734,4.077203474019295,7.0,55.537125
2020-06-04 22:00:00,18.83218000000005,45.62579604822243,3.7482851542277906,6.0,81.49904
2020-06-04 23:00:00,18.694450000000018,46.88520500911361,3.399066630326864,6.0,73.16696
2020-06-05 00:00:00,17.421260000000018,53.07606097838519,3.2316277461716734,4.0,51.83795
2020-06-05 01:00:00,17.443660000000023,68.73179475543387,2.7950321205198403,2.0,46.021835
2020-06-05 02:00:00,19.678500000000042,80.25587175644452,1.8392118585653108,9.0,160.78467
2020-06-05 03:00:00,23.461940000000027,55.60365323628129,0.6728661197240058,11.0,828.6188
2020-06-05 04:00:00,24.476650000000006,43.173923356292406,2.602298399443978,14.0,726.55835
2020-06-05 05:00:00,23.4581,50.240370133645435,2.839404725619541,8.0,840.583
2020-06-05 06:00:00,23.05680000000001,54.39697988005541,3.1555027542484635,17.0,693.22314
2020-06-05 07:00:00,20.85134000000005,68.48308676790937,1.829550924616172,13.0,876.5029
2020-06-05 08:00:00,21.21700000000004,70.12611832426957,2.397683236877651,11.0,904.0383
2020-06-05 09:00:00,21.40554000000003,70.00677198393589,1.0565911028755224,11.0,722.6157
2020-06-05 10:00:00,21.371579999999994,66.64638268877493,0.47049898969166515,12.0,546.3303
2020-06-05 11:00:00,21.601770000000045,61.626588120759706,1.1787495931511451,10.0,849.0679
2020-06-05 12:00:00,20.343230000000005,72.51474956261485,2.429340944886518,13.0,526.9802
2020-06-05 13:00:00,18.920860000000005,78.3961333715319,1.2033868892319264,15.0,405.46826
2020-06-05 14:00:00,18.590750000000014,78.50865092409727,1.1998459650300992,16.0,341.8169
2020-06-05 15:00:00,18.557950000000005,75.31948839145149,0.3445726027305525,11.0,89.104294
2020-06-05 16:00:00,18.12307000000004,77.02978607525709,0.13544240349606848,16.0,75.99049
2020-06-05 17:00:00,16.96777000000003,79.08049797234612,1.1273434170342214,30.0,87.28566
2020-06-05 18:00:00,17.86850000000004,72.57393827296696,1.0308446801054107,17.0,76.88414
2020-06-05 19:00:00,17.83193,70.2295337075692,0.8457040107139767,10.0,32.723633
2020-06-05 20:00:00,17.68682000000001,69.62120797000306,0.740431095228652,9.0,31.064056
2020-06-05 21:00:00,17.184230000000014,71.48914302850757,0.6679428957531606,6.0,30.074738
2020-06-05 22:00:00,16.782500000000027,73.13224999071186,0.6996127437947666,8.0,34.81079
2020-06-05 23:00:00,16.34790000000004,75.36301250348087,0.03442026980059805,6.0,38.618378
2020-06-06 00:00:00,15.788800000000037,77.09221281659428,0.32008154547181644,5.0,124.9978
2020-06-07 02:00:00,16.478850000000023,64.33274516411997,0.42621475289433425,25.0,254.76106
2020-06-07 03:00:00,18.323080000000004,51.54649817380366,1.5343868085825847,27.0,493.0808
2020-06-07 04:00:00,19.009240000000034,48.343239935386585,2.1397916951908407,34.0,645.8447
2020-06-07 05:00:00,19.89425,44.39493753817294,2.31870726143648,15.0,701.09717
2020-06-07 06:00:00,20.775170000000003,42.1067279783914,2.479663233791899,7.0,823.1074
2020-06-07 07:00:00,21.354240000000004,41.32951879868127,1.9878788970815224,17.0,836.3457
2020-06-07 08:00:00,21.378870000000006,39.65354116617161,1.2757315456084677,15.0,813.17065
2020-06-07 09:00:00,21.848780000000033,38.65634016189171,1.286316656400858,11.0,926.79834
2020-06-07 10:00:00,22.19350000000003,37.87287978293545,1.462089605302664,9.0,904.3406
2020-06-07 11:00:00,22.049650000000042,38.19025323542915,0.9395430411520703,8.0,913.05273
2020-06-07 12:00:00,21.846429999999998,40.12463973740762,0.5958786314504406,9.0,759.3408
2020-06-07 13:00:00,21.389830000000018,49.891105052997986,0.5801614156303374,7.0,434.01
2020-06-07 14:00:00,20.870400000000018,42.82703954149064,0.8284693117221558,28.0,169.74405
2020-06-07 15:00:00,19.81585000000001,44.65833500463142,1.0684807037703126,21.0,27.102875
2020-06-07 16:00:00,18.85110000000003,47.570789460288815,1.352290752547639,10.0,33.41368
2020-06-07 17:00:00,17.162260000000003,53.01631428632878,1.6073802079550097,12.0,36.89862
2020-06-07 18:00:00,14.510700000000043,62.79412068857568,1.977732716822551,6.0,28.454346
2020-06-07 19:00:00,12.786650000000009,70.74474794383833,2.2644126627067624,6.0,36.34189
2020-06-07 20:00:00,11.462500000000034,77.28529031281542,2.5404104967895953,6.0,30.412933
2020-06-07 21:00:00,11.316300000000012,79.60681447091324,2.6996774543957103,6.0,33.644882
2020-06-07 22:00:00,11.283350000000041,81.3843287989024,2.7352423442175784,4.0,33.475403
2020-06-07 23:00:00,11.354399999999998,82.52722948720874,2.7335089376125548,1.0,23.03482
2020-06-08 00:00:00,11.455960000000005,84.44904741897523,2.7170771239922673,1.0,23.627808
2020-06-08 01:00:00,12.77633000000003,86.47398406545902,2.217109062796298,6.0,30.146027
2020-06-08 02:00:00,15.911220000000014,83.35560244312117,0.9091868254635715,18.0,61.56421
2020-06-08 03:00:00,18.46395000000001,55.204244043792094,0.5213748597671495,16.0,434.68384
2020-06-08 04:00:00,19.22457000000003,55.05223810434915,1.350962405604993,12.0,512.5066
2020-06-08 05:00:00,19.347380000000044,56.784768000608096,1.3345528367524804,16.0,515.2881
2020-06-08 06:00:00,19.19040000000001,57.59700635896199,1.3852684772058916,16.0,569.59644
2020-06-08 07:00:00,17.52030000000002,74.87623414696101,2.2638928730535928,6.0,526.3772
2020-06-08 08:00:00,17.084100000000035,77.33912264435489,1.7883020008284534,14.0,507.9231
2020-06-08 09:00:00,16.926320000000032,77.21417545344589,1.4178235731051483,44.0,555.03906
2020-06-08 10:00:00,17.474080000000015,70.37749271586297,1.6022181646098417,30.0,268.07928
2020-06-08 11:00:00,16.86044000000004,71.17435192899858,1.2054322955308314,28.0,447.885
2020-06-08 12:00:00,16.56850000000003,71.25965193704207,0.9955547460940374,22.0,280.36108
2020-06-08 13:00:00,16.92846000000003,69.00059869326049,1.2515374866620497,25.0,211.929
2020-06-08 14:00:00,16.17190000000005,74.33304742025899,1.4293344066096814,41.0,129.0989
2020-06-08 15:00:00,14.586100000000044,79.59975698392796,1.7619839782710909,21.0,63.545715
2020-06-08 16:00:00,13.823750000000018,80.3495843873242,1.9605416230134416,18.0,43.726425
2020-06-08 17:00:00,12.889550000000042,81.38322461070128,2.1289057896697896,17.0,61.257492
2020-06-08 18:00:00,12.986140000000034,78.90194736345978,1.871601478313753,11.0,38.943527
2020-06-08 19:00:00,13.41918000000004,73.43323744603697,1.821099118431319,9.0,38.186893
2020-06-08 20:00:00,15.64163000000002,62.27532245025487,1.3145682468617843,7.0,52.545364
2020-06-08 21:00:00,13.696000000000026,73.02977605654036,1.5402522332234956,16.0,41.4693
2020-06-08 22:00:00,14.981100000000026,67.32813439790013,1.2187481433999015,5.0,99.51319
2020-06-08 23:00:00,13.305870000000027,76.6654806247202,1.3547977040535204,4.0,171.57153
2020-06-09 00:00:00,13.331080000000043,78.82620379537991,1.093862893279281,2.0,207.97804
2020-06-09 01:00:00,13.78152,79.27703906216387,0.17693958830542275,7.0,280.29407
2020-06-09 02:00:00,14.069600000000037,83.4926705672104,0.3891865879927584,7.0,204.21997
2020-06-09 03:00:00,14.610929999999996,83.43459839899613,0.7167704236114458,11.0,297.04236
2020-06-09 04:00:00,15.167020000000036,84.56490488043335,1.3266369504234274,6.0,391.5476
2020-06-09 05:00:00,15.503800000000012,84.69863833180963,1.4993784149292824,3.0,446.81055
2020-06-09 06:00:00,16.62136000000004,80.02218700995176,1.874353930823773,3.0,705.9263
2020-06-09 07:00:00,18.441030000000012,70.8353911307752,1.0393765115536882,2.0,953.4148
2020-06-09 08:00:00,18.536400000000015,65.83157584873362,1.0820922513832856,1.0,1084.4001
2020-06-09 09:00:00,18.94192000000004,60.840615984177504,0.9845177905993551,0.0,671.8045
2020-06-09 10:00:00,18.920370000000048,61.54149005937438,0.61799764165863,0.0,496.90942
2020-06-09 11:00:00,19.069800000000043,60.00098526328965,0.3930110102497395,4.0,540.69653
2020-06-09 12:00:00,19.02126000000004,58.7966374801997,0.7030778695780955,9.0,263.4917
2020-06-09 13:00:00,18.45287000000002,61.97909178061304,1.0000007267429223,10.0,289.71094
2020-06-09 14:00:00,17.23750000000001,68.57875355415963,1.31692059296395,9.0,204.18594
2020-06-09 15:00:00,15.254700000000014,75.94018748343645,1.9422702809057883,10.0,54.22809
2020-06-09 16:00:00,13.230740000000026,81.17110704997988,2.3065789773984005,6.0,26.539368
2020-06-09 17:00:00,12.094140000000039,82.21890861094731,2.390197503527991,3.0,40.008053
2020-06-09 18:00:00,11.085350000000005,83.90682104385525,2.5586518590989535,1.0,32.94806
2020-06-09 19:00:00,15.147550000000024,62.06527600059478,1.3205062733626933,2.0,41.545868
2020-06-09 20:00:00,13.606700000000046,67.63914709179262,1.5776393530527222,2.0,39.52333
2020-06-09 21:00:00,11.14407,77.45741362161819,2.2035470734213916,1.0,35.05545
2020-06-09 22:00:00,10.074550000000045,81.77076475911576,2.821910802814482,1.0,50.426697
2020-06-09 23:00:00,9.553060000000016,84.15674163944401,3.0194266334660256,1.0,37.919083
2020-06-10 00:00:00,9.068380000000047,85.97864944255817,3.1206816156643855,1.0,20.519226
2020-06-10 01:00:00,11.070899999999995,87.15084017983834,2.540276861682437,0.0,20.448563
2020-06-10 02:00:00,14.913630000000012,80.75909958624958,1.2176274080581106,4.0,202.84563
2020-06-10 03:00:00,17.744560000000035,56.63757812478472,0.5800132839998586,9.0,419.8584
2020-06-10 04:00:00,18.128530000000012,58.795174693714884,1.2756822680153168,8.0,554.99585
2020-06-10 05:00:00,18.330470000000048,59.85756858265315,1.2553289050877638,5.0,911.4966
2020-06-10 06:00:00,19.123379999999997,58.114300212980524,1.540634985783882,6.0,884.39355
2020-06-10 07:00:00,17.77570000000003,71.44901119672221,1.578323281989878,3.0,767.04614
2020-06-10 08:00:00,18.090900000000033,69.0674277774711,1.3295918372408022,7.0,718.4346
2020-06-10 09:00:00,17.690030000000036,71.42411135618593,1.1603957227266362,5.0,441.45947
2020-06-10 10:00:00,15.92697000000004,79.33207097946465,1.4600423887827512,2.0,612.96124
2020-06-10 11:00:00,15.838430000000017,79.26298082753623,0.7519583206804721,0.0,264.35413
2020-06-10 15:00:00,13.733120000000042,83.12483846635268,1.4598813690882602,6.0,50.218445
2020-06-10 16:00:00,12.421170000000018,85.4694900491307,1.744887529858701,4.0,22.926788
2020-06-11 00:00:00,8.705039999999997,85.074740215104,3.054087156067151,0.0,26.271362
2020-06-11 02:00:00,14.256920000000036,76.13685942877537,1.144675024523003,0.0,143.07468
2020-06-11 03:00:00,16.69604000000004,47.90643626230695,0.320269064321569,0.0,366.12524
2020-06-11 04:00:00,17.48275000000001,47.67426686901814,0.48080656636299635,0.0,634.5874
2020-06-11 05:00:00,18.37563,48.5613109410767,0.3743839458825425,2.0,884.5764
2020-06-11 06:00:00,19.214930000000038,48.7984816262546,0.3583632204331156,3.0,1003.09863
2020-06-11 07:00:00,19.926900000000046,50.21622402231928,0.5366729245401964,3.0,939.8779
2020-06-11 08:00:00,19.83175,48.93754446234856,0.6016729495564255,1.0,1158.269
2020-06-11 10:00:00,19.884000000000015,45.50076432685445,1.035351981783287,4.0,604.39795
2020-06-11 11:00:00,18.466150000000027,56.846221546696555,2.2681950077544224,10.0,425.97144
2020-06-11 12:00:00,17.287770000000023,62.6636054886954,1.155561896502793,5.0,381.1918
2020-06-11 14:00:00,16.294700000000034,64.08839070139504,2.0042467847427847,0.0,82.70528
2020-06-11 15:00:00,14.126920000000041,69.52825892685371,2.5646897629000045,1.0,28.896454
2020-06-11 16:00:00,12.4683,74.01845192798969,2.7494112336794116,1.0,23.183718
2020-06-11 17:00:00,11.99386000000004,73.0958362833097,2.8163744396519976,1.0,24.109055
2020-06-11 18:00:00,11.142500000000041,72.75806304488383,2.990433851682888,1.0,22.67181
2020-06-12 05:00:00,20.858030000000042,37.675360525695275,1.0716939331835063,0.0,1004.00635
2020-06-12 07:00:00,22.1019,34.604113651018054,1.7589943087228055,1.0,1357.5771
2020-06-12 08:00:00,22.30734000000001,34.80996393113889,1.3177071766896504,3.0,1325.8508
2020-06-12 09:00:00,22.60558000000003,33.82456763490465,0.7522307469426186,3.0,1416.5171
2020-06-12 10:00:00,22.823500000000024,32.10829933869104,0.6025508668469975,0.0,1355.2837
2020-06-12 15:00:00,16.02197000000001,59.106009864709414,2.5205921293281004,5.0,25.323532
2020-06-12 16:00:00,14.043660000000045,62.791095188205475,2.7388362315027375,4.0,22.386795
2020-06-12 17:00:00,13.160850000000039,62.44427127397682,2.924798490690179,3.0,21.986343
2020-06-12 18:00:00,12.433860000000038,62.96757147444838,3.109875245001744,2.0,21.655533
2020-06-12 19:00:00,11.193080000000009,63.78932991219222,3.4658999177866896,0.0,19.960135
2020-06-12 20:00:00,10.783299999999997,62.133283979475465,3.4775638141347267,0.0,19.037727
2020-06-12 23:00:00,10.140440000000012,55.058992234576316,3.5785976582467907,1.0,21.247236
2020-06-13 00:00:00,10.07665000000003,55.05456523606714,3.5726065387225976,1.0,23.458424
2020-06-13 04:00:00,22.234830000000045,33.40974896065348,0.8550521168677673,0.0,763.0945
2020-06-13 05:00:00,23.099760000000003,34.725240555654,1.5453497862979404,4.0,935.8755
2020-06-13 06:00:00,23.830039999999997,34.66327263765442,1.8481807241356079,4.0,1092.4524
2020-06-13 07:00:00,24.318230000000028,34.997107444663676,1.6879246472254261,2.0,1200.55
2020-06-13 08:00:00,24.711150000000032,34.19130319640731,1.4849522801148805,3.0,1218.3042
2020-06-13 09:00:00,25.207670000000007,32.56227361544965,1.1451442224556159,1.0,1204.4465
2020-06-13 10:00:00,25.2081,30.408390251582446,0.35257817765603416,0.0,1183.4297
2020-06-13 11:00:00,24.841850000000022,31.132838754354776,1.1566476480815624,3.0,899.6743
2020-06-13 12:00:00,23.801140000000032,40.01795566350732,1.7869408382446104,4.0,605.6018
2020-06-13 13:00:00,22.43932000000001,50.402963070372515,2.054737533673598,2.0,475.02097
2020-06-13 14:00:00,19.890900000000045,58.2746522601103,2.459701738470841,21.0,135.43227
2020-06-13 15:00:00,16.847740000000044,66.75568228349984,2.9653013458429145,7.0,27.447144
2020-06-13 16:00:00,15.441300000000012,68.18627924278616,3.1870193449805018,7.0,21.363144
2020-06-13 17:00:00,14.224150000000009,68.11027978020844,3.413505847641704,5.0,19.828627
2020-06-13 18:00:00,13.354030000000023,67.12319398297622,3.5338167305050017,3.0,19.639917
2020-06-13 19:00:00,13.107200000000034,60.676358267049764,3.6425084077724788,1.0,18.946499
2020-06-13 22:00:00,12.109980000000007,54.3518887376114,3.7026714168889145,0.0,19.645475
2020-06-13 23:00:00,11.899000000000001,53.447213705127794,3.7470112737710846,2.0,21.733377
2020-06-14 00:00:00,11.85766000000001,54.69622887553404,3.730322738488436,1.0,21.088577
2020-06-14 02:00:00,17.485860000000002,76.88015567342116,1.926564789433484,4.0,35.97455
2020-06-14 03:00:00,22.541770000000042,40.13267552414382,0.33720299481453603,2.0,492.11523
2020-06-14 06:00:00,25.4563,33.759721830992724,1.7181663278302635,2.0,1154.1941
2020-06-14 07:00:00,25.98580000000004,32.60075258935273,1.4682944114632597,2.0,1263.7942
2020-06-14 08:00:00,26.269300000000044,31.09143225946787,1.0335541942463278,2.0,1191.6775
2020-06-14 09:00:00,26.690240000000017,29.11400625423264,0.633553126000376,0.0,1256.7654
2020-06-14 11:00:00,26.382780000000025,28.03077121009828,0.7695541832564423,2.0,303.648
2020-06-14 12:00:00,25.174040000000048,39.13468416818587,1.9668182954757183,4.0,238.79617
2020-06-14 13:00:00,23.356300000000033,51.567423327134776,2.1473582801629005,9.0,246.69472
2020-06-14 14:00:00,20.89688000000001,62.62577782283627,2.43726459683618,13.0,63.276382
2020-06-14 15:00:00,18.260460000000023,69.31835348673556,2.9155789121815627,11.0,68.197205
2020-06-14 16:00:00,16.725060000000042,70.94398506227263,3.1900773013983845,6.0,51.253113
2020-06-14 17:00:00,15.898160000000018,69.32020718747907,3.3586174780075106,2.0,48.71103
2020-06-14 18:00:00,15.351500000000044,66.57763624763338,3.4203216663428466,0.0,47.79622
2020-06-14 22:00:00,15.65267,57.34562977574028,3.3622000913073027,0.0,45.895462
2020-06-15 01:00:00,15.046500000000037,74.83707907457114,3.1674040570084574,0.0,43.486633
2020-06-15 02:00:00,18.87805000000003,78.07299236539227,2.0046495529063413,0.0,134.74533
2020-06-15 03:00:00,23.36727000000002,49.22145674482086,1.0152421992043472,0.0,406.4611
2020-06-15 04:00:00,24.586880000000008,40.308507387585074,0.6558069359256589,2.0,717.23926
2020-06-15 05:00:00,25.484770000000026,38.97003788579447,1.4561640887573246,4.0,958.97754
2020-06-15 12:00:00,25.125879999999995,47.28598619825067,0.8934667797408088,1.0,496.7854
2020-06-15 13:00:00,23.697230000000047,54.34080838447145,1.962870745124197,1.0,282.08618
2020-06-15 14:00:00,21.65673000000004,69.78060191553656,1.646439540592761,3.0,158.96098
2020-06-15 15:00:00,20.08065000000005,66.15331673397846,1.7108314415111612,4.0,49.636444
2020-06-15 16:00:00,18.232020000000034,67.98866328086272,2.23415289378361,3.0,29.142197
2020-06-15 17:00:00,16.842700000000036,70.1869806670965,2.825965400134306,2.0,26.942596
2020-06-15 18:00:00,15.66885000000002,73.17913925564648,3.1982731515344676,0.0,26.676514
2020-06-15 20:00:00,14.694420000000036,74.74643238186735,3.4804663852586404,0.0,24.212326
2020-06-16 00:00:00,13.708730000000003,66.05775408155176,3.6940040128281173,0.0,40.742157
2020-06-16 01:00:00,15.566550000000007,69.7553645826601,3.245584526720799,1.0,54.685745
2020-06-16 02:00:00,19.21807000000001,73.7361157872719,2.2834517328711064,0.0,279.6902
2020-06-16 03:00:00,23.60677000000004,55.24073886297945,1.3208257894652498,0.0,475.4131
2020-06-16 04:00:00,25.400660000000016,40.138822699934664,1.0807734985723187,1.0,619.5747
2020-06-16 05:00:00,26.070150000000012,39.84254268418326,1.348220022955327,0.0,1055.4854
2020-06-16 06:00:00,26.810400000000016,37.78403448327142,1.4749758548410103,8.0,1327.4153
2020-06-16 07:00:00,26.85360000000003,33.74146787038071,1.0188482876699652,30.0,1517.148
2020-06-16 08:00:00,27.442300000000046,32.52456670615921,0.6818526864043599,9.0,1393.6582
2020-06-16 09:00:00,27.80060000000003,31.644056826452278,1.3282832238873457,4.0,1115.5029
2020-06-16 10:00:00,26.46980000000002,33.089979556999815,0.7386194030025413,18.0,458.4624
2020-06-16 11:00:00,26.055260000000033,41.34098076809455,2.1298357932084278,3.0,597.676
2020-06-16 12:00:00,24.923429999999996,52.52698773280892,1.67801463485975,6.0,518.8469
2020-06-16 13:00:00,23.345330000000047,62.763021153794206,2.1059288998177026,6.0,296.0183
2020-06-16 14:00:00,21.130330000000015,66.4079925633704,2.8051011946285795,5.0,150.34276
2020-06-16 15:00:00,19.779570000000035,65.19251032658408,2.642571580036723,18.0,37.55493
2020-06-16 16:00:00,17.759420000000034,73.09078515157454,2.605311966878445,14.0,32.649216
2020-06-16 17:00:00,16.75567000000001,72.77111063496622,2.669029206761068,13.0,36.30504
2020-06-16 18:00:00,15.641099999999994,72.38045311416424,2.5078355672896486,17.0,26.524124
2020-06-16 19:00:00,14.581800000000044,76.01856306010163,2.3830499815442394,12.0,56.198975
2020-06-16 20:00:00,13.856070000000045,75.5826709564766,2.382544908124061,7.0,74.515
2020-06-16 21:00:00,13.569479999999999,74.77644146573601,2.1028677121839126,3.0,84.91261
2020-06-17 00:00:00,14.090300000000013,65.52449618937152,1.3466701957843352,2.0,126.46332
2020-06-17 01:00:00,13.064200000000028,72.68387354212872,1.333458636144542,3.0,221.94759
2020-06-17 02:00:00,14.893880000000024,61.294268633180316,1.8742208248571004,3.0,376.25974
2020-06-17 03:00:00,15.726530000000025,57.66437680854226,2.348292896211889,8.0,544.5403
2020-06-17 04:00:00,16.33715000000001,55.881858449030354,2.3324875333811006,8.0,700.9656
2020-06-17 05:00:00,16.949550000000045,55.25770482770789,2.590542393370302,9.0,734.7329
2020-06-17 06:00:00,17.585380000000043,53.721050665094026,2.612173524842492,7.0,808.9949
2020-06-17 07:00:00,18.131370000000004,54.29628064862793,2.4044045831419156,12.0,925.0161
2020-06-17 08:00:00,19.147970000000043,54.18231659807274,1.918532054849835,13.0,808.54224
2020-06-17 09:00:00,19.514670000000024,54.02164294810182,2.1513286814948804,9.0,890.17065
2020-06-17 10:00:00,19.51592000000005,51.79390106959312,2.0347382820419733,6.0,862.34204
2020-06-17 11:00:00,19.63870000000003,52.0152534836394,2.090412547452703,7.0,730.8379
2020-06-17 12:00:00,18.923900000000003,52.78034505481039,1.8936781040760704,11.0,839.26904
2020-06-17 13:00:00,18.394980000000032,54.16094573410989,1.568528614456014,9.0,537.3899
2020-06-17 14:00:00,17.276800000000037,69.8019752955335,1.048564037816883,15.0,361.17194
2020-06-17 15:00:00,17.509400000000028,54.57846740586886,0.7983322123266557,9.0,147.91234
2020-06-17 16:00:00,17.229300000000023,51.93321417282394,0.11590827583151479,8.0,100.13916
2020-06-17 17:00:00,15.545130000000029,61.00813832862521,1.0820449449954426,6.0,142.89923
2020-06-17 18:00:00,13.469930000000033,68.1538351657775,1.6683689948667868,7.0,114.21153
2020-06-17 21:00:00,13.998130000000003,54.571218977805465,0.7606506852156892,4.0,50.977432
2020-06-17 22:00:00,13.64450000000005,54.84595838991326,0.8652430764880583,3.0,48.189896
2020-06-17 23:00:00,12.398860000000013,58.66066571590898,1.2829424045277247,2.0,87.08217
2020-06-18 00:00:00,10.726950000000045,65.02469150349393,1.6565231592966516,4.0,81.76477
2020-06-18 01:00:00,12.671170000000018,65.21230890992794,1.3383909867032207,2.0,122.68239
2020-06-18 02:00:00,15.121730000000014,59.221803556586366,1.2660245205736103,3.0,291.88318
2020-06-18 03:00:00,16.261130000000037,53.60926158667194,1.7182450530665556,0.0,462.26733
2020-06-18 04:00:00,17.018370000000004,50.09639789536321,1.5509508556880904,4.0,614.084
2020-06-18 05:00:00,18.014830000000018,47.502142666914565,1.5929387867588043,6.0,598.8552
2020-06-18 06:00:00,18.92306000000002,46.738683077830515,1.5409262630292113,5.0,787.3987
2020-06-18 07:00:00,19.80355000000003,46.334347487597334,1.675012334485991,4.0,777.2837
2020-06-18 08:00:00,20.368340000000046,45.90497440499678,1.824498492241223,7.0,1319.2126
2020-06-18 13:00:00,19.837120000000027,53.1288674416,1.4448099428906773,7.0,285.85516
2020-06-18 14:00:00,18.47723000000002,65.03479289294212,1.5376563909234642,21.0,123.10129
2020-06-18 15:00:00,16.065330000000017,71.7766680522781,2.293896921545127,20.0,83.198364
2020-06-18 16:00:00,14.298730000000035,78.802813305411,2.533514155713445,16.0,31.094376
2020-06-18 17:00:00,13.480430000000013,81.14256800294702,2.561612535935555,12.0,41.0222
2020-06-18 18:00:00,12.91604000000001,82.2028883933278,2.6101647193809345,8.0,22.659958
2020-06-18 19:00:00,12.091240000000028,78.42317850482836,2.7671690431094373,9.0,22.839691
2020-06-18 20:00:00,11.595760000000041,79.16418840766677,2.7400743884556293,9.0,19.589981
2020-06-18 21:00:00,10.68783000000002,80.77491321697607,2.8973390445543195,5.0,19.367416
2020-06-18 22:00:00,10.505269999999996,79.3937766636222,2.9355210480890417,6.0,27.609634
2020-06-18 23:00:00,10.373400000000004,79.17709588984286,3.0189177100661326,9.0,27.534134
2020-06-19 00:00:00,10.694180000000017,79.47723220942054,2.9902744521628875,8.0,24.50142
2020-06-19 01:00:00,12.72302000000002,82.77044444902774,2.426432998007678,4.0,31.534515
2020-06-19 02:00:00,16.62510000000003,77.09022663276004,1.255331297784315,7.0,158.27493
2020-06-19 03:00:00,19.794100000000014,47.560277650637346,0.4987543468472512,7.0,510.3479
2020-06-19 04:00:00,20.83510000000001,43.083377277370346,1.3285053343994557,4.0,798.5908
2020-06-19 05:00:00,21.76520000000005,40.227287642684324,1.4797496797275544,4.0,975.76636
2020-06-19 06:00:00,22.546040000000005,38.84936292710646,1.2259613402981353,5.0,1059.0925
2020-06-19 07:00:00,23.00338000000005,41.25611073475442,0.7582240031215878,5.0,1231.6138
2020-06-19 08:00:00,23.777340000000038,39.35307120152966,0.7365272836183329,8.0,1274.1252
2020-06-19 09:00:00,23.883260000000007,38.79857769028802,0.5922375364351811,5.0,1181.3933
2020-06-19 11:00:00,23.71813000000003,39.40417336006572,1.282426556598642,11.0,466.53735
2020-06-19 12:00:00,23.198140000000024,44.1429367709583,1.650920344382808,7.0,586.12256
2020-06-19 13:00:00,21.997770000000003,51.6046711649828,1.938841856315891,6.0,262.73022
2020-06-19 14:00:00,20.070150000000012,62.33631976430586,1.9075959217664127,15.0,69.58899
2020-06-19 15:00:00,17.19503000000003,69.95652396406449,2.687148106810718,7.0,24.535172
2020-06-19 16:00:00,15.290549999999996,74.25440368230633,2.932941683092467,10.0,22.229538
2020-06-19 17:00:00,14.212460000000021,74.14565387118778,3.0575187785661107,14.0,25.455948
2020-06-19 18:00:00,13.705700000000036,73.09046621947556,3.080833775632852,7.0,21.06903
2020-06-19 19:00:00,13.354150000000004,78.39384318125957,3.1941894237994934,5.0,22.317886
2020-06-19 20:00:00,12.768370000000004,77.91350967337867,3.27797814501405,4.0,23.713043
2020-06-19 21:00:00,12.201870000000042,78.03136716854324,3.374234280042719,0.0,21.98909
2020-06-19 23:00:00,11.874099999999999,75.28862551554909,3.418226881249554,1.0,55.391052
2020-06-20 00:00:00,11.789500000000032,74.74555649718656,3.396413966735864,0.0,72.487976
2020-06-20 02:00:00,17.323750000000018,73.32569118334361,1.9451706801919904,6.0,258.84387
2020-06-20 03:00:00,20.89760000000001,54.72861447988844,0.4181581228275294,8.0,806.79346
2020-06-20 04:00:00,21.384900000000016,46.664376873941464,1.586300983115326,5.0,1067.7004
2020-06-20 05:00:00,22.22305,45.47335643103383,2.512296167603312,6.0,1455.4551
2020-06-20 06:00:00,22.44637,44.29007832057454,3.2245425612783047,5.0,1639.8142
2020-06-20 07:00:00,21.789330000000007,48.8009739581596,3.149273804343503,3.0,1666.2126
2020-06-20 08:00:00,22.61593000000005,47.043236705403096,2.8447717921076006,2.0,2052.554
2020-06-20 09:00:00,23.034500000000037,43.542138651092706,3.0514549206259267,3.0,1626.6086
2020-06-20 10:00:00,22.84817000000004,41.57525640575094,2.870917638381204,3.0,1355.3369
2020-06-20 11:00:00,22.679700000000025,41.07029341973729,2.6867779624605426,2.0,1132.4707
2020-06-20 12:00:00,22.165729999999996,41.123307518679795,2.20306025809904,2.0,1094.8335
2020-06-20 13:00:00,21.62814000000003,46.0533336775658,1.4479708410439425,2.0,699.9663
2020-06-20 14:00:00,21.174040000000048,47.225569537516115,0.8595217663488499,4.0,390.86517
2020-06-20 15:00:00,21.293100000000038,39.45593756154203,0.4140359298276528,23.0,50.378693
2020-06-20 16:00:00,20.672330000000045,39.486772234695415,0.5687163901319016,19.0,55.87883
2020-06-20 17:00:00,19.486230000000035,41.8723524572704,1.3021320511947512,21.0,49.73477
2020-06-20 18:00:00,14.709920000000011,57.33677558803973,2.0942232326661694,8.0,40.067505
2020-06-21 00:00:00,9.629200000000026,79.52363845895235,3.5702581291504476,4.0,22.606878
2020-06-21 01:00:00,11.960900000000038,76.82761118977417,3.0431948968649385,2.0,28.938583
2020-06-21 03:00:00,21.411249999999995,40.35443587779714,0.816729259935286,0.0,382.7837
2020-06-21 04:00:00,22.62008000000003,39.367120253949494,1.4845507536125702,12.0,633.4475
2020-06-21 05:00:00,23.80856,37.87523977901576,1.768093247126326,12.0,831.01514
2020-06-21 06:00:00,24.95034000000004,35.98104603985169,1.8608724190487,13.0,965.08936
2020-06-21 07:00:00,25.86110000000002,35.5035943982942,1.9090077526674616,11.0,1076.8779
2020-06-21 08:00:00,26.619700000000023,33.59663030879395,1.729220438375285,8.0,1114.9265
2020-06-21 09:00:00,27.188559999999995,31.65578849867769,1.1838111054191247,11.0,1083.0798
2020-06-21 10:00:00,27.51666,30.179915348148548,0.7712330088845362,7.0,966.1455
2020-06-21 11:00:00,27.515440000000012,30.45252026910382,0.7289389012600851,4.0,837.8015
2020-06-21 12:00:00,27.27180000000004,34.09289519183291,1.1375937661316717,5.0,694.7781
2020-06-21 13:00:00,25.830100000000016,54.994532986552876,1.294269726255884,6.0,402.56396
2020-06-21 14:00:00,24.106840000000034,50.84161006237142,1.5845727673003533,11.0,138.44739
2020-06-21 15:00:00,21.016999999999996,47.85269084993883,2.127925427939976,17.0,74.23625
2020-06-21 16:00:00,18.095240000000047,52.733234062342035,2.6425032324320683,14.0,50.546112
2020-06-21 17:00:00,16.074600000000032,58.32621606765542,2.8873225525360033,16.0,32.231903
2020-06-21 18:00:00,14.680470000000014,63.77668282248411,2.9935736182622104,10.0,22.457903
2020-06-21 19:00:00,14.197100000000034,69.88814803923067,3.1724676042736806,8.0,19.651089
2020-06-21 20:00:00,13.474820000000022,72.65488497690068,3.3319052925066415,6.0,17.46962
2020-06-21 21:00:00,12.876550000000009,75.05234555143036,3.487081370154968,6.0,17.236961
2020-06-21 22:00:00,12.828550000000007,74.35083157625485,3.5635066992155173,4.0,18.64826
2020-06-22 01:00:00,15.001860000000022,71.88674810453472,3.067369185947104,1.0,17.965729
2020-06-22 02:00:00,19.184720000000027,80.46770996102028,1.6636758563029497,6.0,25.503494
2020-06-22 03:00:00,24.64422000000002,40.62947845105872,0.673234028957613,8.0,347.87585
2020-06-22 04:00:00,25.539150000000006,41.231203876697,1.4888613327202571,8.0,609.37354
2020-06-22 05:00:00,26.34280000000001,40.45764700812891,1.631520270182326,6.0,752.95825
2020-06-22 06:00:00,26.960800000000006,38.946800413035106,1.5832436925454432,7.0,1042.1812
2020-06-22 07:00:00,27.84292000000005,38.77913123960792,1.4918454149932128,9.0,1011.8574
2020-06-22 08:00:00,28.458830000000034,36.96979561716036,1.5132286462459992,14.0,1025.5034
2020-06-22 09:00:00,28.685940000000016,35.80174379259094,1.6545553892168172,728.0,1069.9922
2020-06-22 10:00:00,29.23293000000001,32.917628055124595,1.3070378782882242,16.0,1012.27783
2020-06-22 11:00:00,29.418020000000013,32.214122008345235,1.7417070899557654,15.0,938.2075
2020-06-22 12:00:00,28.049650000000042,43.72126719604917,1.5268252010089596,3.0,826.4768
2020-06-22 13:00:00,26.28814,48.848903936670155,2.685186478602097,7.0,694.1274
2020-06-22 14:00:00,23.785120000000006,56.077464981989856,2.9677000487408116,25.0,136.85529
2020-06-22 15:00:00,20.721100000000035,66.06671803358685,3.257325673636557,12.0,26.538742
2020-06-22 16:00:00,19.786460000000034,65.40825375436384,3.2412485471912706,9.0,16.94682
2020-06-22 17:00:00,19.187280000000044,63.130407461402044,3.346944549402155,14.0,20.613464
2020-06-22 18:00:00,18.60250000000002,63.48217516927915,3.328597694692788,11.0,25.332916
2020-06-22 19:00:00,17.673000000000002,69.59147117801228,3.505427649893262,13.0,26.52861
2020-06-22 20:00:00,17.67523,68.03349906111299,3.4504278388003566,8.0,27.197067
2020-06-22 21:00:00,17.66897,65.08123030627088,3.4892253636116783,5.0,23.85614
2020-06-22 22:00:00,16.785180000000025,66.39319085595213,3.6679545094719073,3.0,22.196411
2020-06-22 23:00:00,15.713600000000042,70.54106305849396,3.9467571773635606,4.0,39.506332
2020-06-23 00:00:00,16.560820000000035,67.39646558051186,3.9534533144482578,4.0,72.589424
2020-06-23 01:00:00,18.62510000000003,65.98712201520958,3.7462984085471853,25.0,81.68289
2020-06-23 02:00:00,20.414330000000007,70.10202046748456,3.0113412453984765,9.0,160.87457
2020-06-23 03:00:00,23.13354000000004,68.80008541201887,1.8928908282166226,6.0,321.32684
2020-06-23 04:00:00,25.38387,52.2118760078626,0.5054601368847171,6.0,778.42017
2020-06-23 05:00:00,25.095420000000047,47.88069846316615,1.2012829463618888,22.0,687.40186
2020-06-23 06:00:00,25.530079999999998,47.176732747178136,1.1688889079393516,22.0,676.41455
2020-06-23 07:00:00,24.887170000000026,49.06150555181952,0.840297683648547,5.0,941.8701
2020-06-23 08:00:00,26.073480000000018,45.07964049485293,1.1686715506110694,0.0,869.8579
2020-06-23 10:00:00,26.117150000000038,43.02612854209838,2.675687786156113,1.0,429.85498
2020-06-23 11:00:00,24.988120000000038,49.526378234137034,2.280219201289896,5.0,494.4817
2020-06-23 12:00:00,24.12826000000001,52.35967687409027,2.5583013478333303,7.0,351.29834
2020-06-23 13:00:00,23.515860000000032,57.42590381286854,2.3021489387679748,7.0,792.95734
2020-06-23 14:00:00,22.15106000000003,57.70253257085923,2.72524454351645,6.0,95.66438
2020-06-23 15:00:00,20.286400000000015,56.107314373196424,3.201067497737436,7.0,50.74655
2020-06-23 16:00:00,19.165999999999997,51.7377579207023,3.4234650521367866,4.0,49.564804
2020-06-23 17:00:00,18.512,46.29028372987506,3.6210646187319497,2.0,56.66649
2020-06-23 18:00:00,17.822780000000023,43.80421800841445,3.5900064638533813,1.0,46.12372
2020-06-23 19:00:00,16.774130000000014,49.23339410429571,3.3334128178255904,1.0,32.260803
2020-06-23 20:00:00,15.721699999999998,50.983112692241285,3.2374628390727733,1.0,26.884766
2020-06-23 21:00:00,14.585000000000036,53.86109999141362,3.247529242564761,0.0,23.169205
2020-06-23 22:00:00,13.93136000000004,55.400647211512386,3.2826744431136565,0.0,24.063004
2020-06-23 23:00:00,13.782399999999996,56.28197120257467,3.2595049587350466,1.0,26.275345
2020-06-24 00:00:00,14.086420000000032,58.331555350309706,3.129434320147375,2.0,30.09732
2020-06-24 01:00:00,15.376370000000009,67.80867666853943,2.8628535435611484,1.0,50.238968
2020-06-24 02:00:00,18.286370000000034,69.34249222716413,2.133914246317505,1.0,117.25926
2020-06-24 03:00:00,21.173180000000002,64.37610524942096,1.2903734782980352,2.0,302.347
2020-06-24 04:00:00,23.206230000000005,43.1680885891211,0.295581535467531,3.0,929.5676
2020-06-24 05:00:00,23.847200000000043,40.77162632786539,0.8970272243768922,3.0,1351.9263
2020-06-24 06:00:00,24.577230000000043,40.36195794570084,0.8556490374628198,1.0,1824.9631
2020-06-24 07:00:00,25.79287000000005,37.02984795013903,1.847130853334182,1.0,1941.7361
2020-06-24 08:00:00,26.07095000000004,33.687495618269004,1.3509428424233387,1.0,2344.2952
2020-06-24 09:00:00,26.568020000000047,31.767694450114554,1.7826475918868965,0.0,2073.2092
2020-06-24 10:00:00,25.697900000000004,29.482245637325207,2.188784495887286,2.0,1590.0391
2020-06-24 11:00:00,25.101920000000007,33.49683536291819,1.7124894612067438,2.0,782.00854
2020-06-24 12:00:00,24.295740000000023,45.11312364963059,1.440171862810884,5.0,769.55786
2020-06-24 13:00:00,22.933130000000006,54.635848131805695,1.5171900661886895,5.0,578.26025
2020-06-24 14:00:00,21.412959999999998,60.419208525045704,1.5019740105685393,4.0,183.17592
2020-06-24 15:00:00,18.699430000000007,58.03618588778024,2.3906273328993373,3.0,27.984146
2020-06-24 16:00:00,16.812220000000025,61.812850873639924,2.775041945861253,2.0,24.006907
2020-06-24 17:00:00,15.867700000000013,65.74137424417985,2.8132890305149587,6.0,21.010101
2020-06-24 18:00:00,15.068500000000029,68.27187599362209,2.9201906752063356,6.0,19.927597
2020-06-24 19:00:00,13.774470000000008,67.64551914096886,3.207265515193638,2.0,19.970387
2020-06-24 20:00:00,13.10020000000003,69.80685610138573,3.2450662717713605,1.0,19.443495
2020-06-24 21:00:00,12.53893000000005,71.10571845251422,3.387146393735491,3.0,18.905373
2020-06-25 02:00:00,18.049860000000024,77.87488312412523,1.6457022893887687,2.0,107.14758
2020-06-25 03:00:00,22.855500000000006,38.46244659354661,0.6149296329749412,3.0,509.50708
2020-06-25 04:00:00,24.04406,35.75462817103227,1.4249421887086484,1.0,799.01196
2020-06-25 13:00:00,25.844449999999995,54.984605506517106,1.168566867125487,4.0,393.99692
2020-06-25 14:00:00,24.600240000000042,44.883440988783995,1.4571440655223193,14.0,33.39711
2020-06-25 15:00:00,21.302850000000035,44.172647427450464,2.2180418872332837,8.0,18.412037
2020-06-25 16:00:00,18.311000000000035,49.65142086535815,2.843193270824875,12.0,19.16716
2020-06-25 17:00:00,16.56660000000005,54.1895386741408,3.1455568204829394,8.0,20.217148
2020-06-25 18:00:00,15.503260000000012,58.28378910394286,3.2998173511592426,5.0,23.938446
2020-06-25 19:00:00,17.53164000000004,46.7971064290398,2.6445272313277157,1.0,23.98056
2020-06-26 00:00:00,13.749140000000011,61.93453387552253,3.337981429212417,1.0,17.366207
2020-06-26 01:00:00,15.28564,68.74686810549802,3.1308000271087013,1.0,22.778051
2020-06-26 03:00:00,24.354100000000017,43.212531780579894,0.91918068040613,5.0,642.19946
2020-06-26 04:00:00,25.783320000000003,32.94601468413429,0.33451459590697985,4.0,866.87524
2020-06-26 05:00:00,26.78298000000001,31.72402655392858,1.0365399265249975,2.0,1425.219
2020-06-26 06:00:00,27.24517000000003,30.453483711421903,0.46438794166420094,2.0,1538.7537
2020-06-26 07:00:00,27.924680000000023,31.62940403465026,1.2304401218790282,7.0,1892.9797
2020-06-26 08:00:00,28.11450000000002,31.642154337746952,2.3747309081891532,5.0,1676.4841
2020-06-26 10:00:00,26.668540000000007,32.71844637177933,2.2510360543836203,2.0,999.31445
2020-06-26 11:00:00,25.14960000000002,41.027480123077346,2.429056214694096,10.0,801.99585
2020-06-26 12:00:00,24.00400000000002,57.16802995684743,0.9431790575423099,6.0,643.3887
2020-06-26 13:00:00,24.13656000000003,53.80441459107521,1.3396931292018688,3.0,331.38037
2020-06-26 14:00:00,22.164000000000044,56.28024918906971,2.3204279362380316,2.0,138.79364
2020-06-26 15:00:00,19.51083,63.30763195456036,2.770096783226257,3.0,85.7767
2020-06-26 16:00:00,17.911400000000015,68.77867075019216,2.857806480164232,6.0,43.08017
2020-06-26 17:00:00,17.06674000000004,72.38294420026682,2.9321518718667927,12.0,33.782715
2020-06-26 18:00:00,16.388149999999996,73.88717844771561,2.988769888639745,7.0,42.259247
2020-06-26 19:00:00,17.141470000000027,64.30629752199475,2.9842397244991576,3.0,41.859146
2020-06-26 20:00:00,16.09704000000005,66.38796056463686,2.9746082258918243,4.0,33.26033
2020-06-26 21:00:00,15.236720000000048,70.96692874552208,2.9895405272157634,5.0,35.805832
2020-06-26 22:00:00,16.117850000000033,63.559433857786686,2.8272634933946232,4.0,248.90126
2020-06-26 23:00:00,15.71810000000005,70.7052739842038,2.2143471863973097,5.0,247.59831
2020-06-27 00:00:00,15.448880000000031,75.46146438730668,1.538460335153029,6.0,85.10893
2020-06-27 01:00:00,15.514920000000018,80.80046421886541,1.232615050200074,12.0,178.98409
2020-06-27 02:00:00,16.820340000000044,80.88275226894642,0.7669792213726393,7.0,272.5795
2020-06-27 03:00:00,17.114530000000002,79.70947961208789,1.6695065244076317,4.0,310.27075
2020-06-27 04:00:00,17.25442000000004,79.15871310853926,1.9122763846041528,6.0,485.938
2020-06-27 05:00:00,17.75015000000002,76.45666070184664,2.035726223495316,4.0,751.59595
2020-06-27 06:00:00,17.80343000000005,77.22620971507844,2.3219599357855016,9.0,897.5813
2020-06-27 07:00:00,16.07736,91.65871969405043,3.6127223716354684,26.0,612.9497
2020-06-27 08:00:00,15.323140000000024,85.68257173779192,3.984306830960688,17.0,653.0403
2020-06-27 09:00:00,14.468530000000044,92.08584937304289,3.6117715601383322,9.0,724.9995
2020-06-27 10:00:00,13.971580000000017,90.81583577069489,2.9543608574922886,9.0,414.7588
2020-06-27 11:00:00,13.095640000000003,92.72894261220247,2.592067127547499,18.0,262.5027
2020-06-27 12:00:00,12.64670000000001,89.50269073808396,1.27052727545791,17.0,308.76868
2020-06-27 13:00:00,12.750820000000033,86.33585661475392,0.8360247261426378,22.0,288.18115
2020-06-27 14:00:00,12.88235000000003,84.75575342872315,1.337365368711075,6.0,185.83276
2020-06-27 15:00:00,12.455830000000049,88.74561698370192,1.642083953416069,4.0,118.41441
2020-06-27 16:00:00,12.082300000000032,88.04118887221277,1.79087078443897,4.0,121.404816
2020-06-27 17:00:00,11.37008000000003,88.27102901504404,1.3650678101473568,5.0,135.44928
2020-06-27 18:00:00,11.220760000000041,85.94002782073476,1.5221035060858525,6.0,138.25668
2020-06-27 19:00:00,11.087150000000008,85.95668073538354,1.2175072353650063,5.0,147.4383
2020-06-27 20:00:00,10.19088000000005,87.59023365152764,1.4798460207448512,2.0,95.04866
2020-06-27 21:00:00,9.775540000000035,86.89078321117387,1.6360173547163184,0.0,171.04547
2020-06-27 22:00:00,9.694000000000017,86.86415414011866,1.6207340510837374,1.0,143.69794
2020-06-27 23:00:00,9.142719999999997,85.45100935051968,1.5926660647486348,1.0,98.896515
2020-06-28 00:00:00,8.974730000000022,82.0160698539526,1.4962791300218876,0.0,120.30922
2020-06-28 01:00:00,10.103420000000028,83.29335393224007,1.1471345360019032,1.0,150.80179
2020-06-28 02:00:00,12.302880000000016,69.88230540708112,0.8024015557454133,2.0,251.89246
2020-06-28 05:00:00,14.252830000000017,59.06286463185676,2.0713773679742573,2.0,735.4783
2020-06-28 06:00:00,14.679070000000024,57.699693193266114,2.1460338153206906,6.0,700.8518
2020-06-28 07:00:00,15.81170000000003,55.26556441665258,1.9530837756205013,4.0,744.3845
2020-06-28 08:00:00,16.28326000000004,52.691046115177116,1.6372015818576855,1.0,839.39307
2020-06-28 09:00:00,16.741480000000024,49.09960239442783,2.217540325489329,4.0,798.3379
2020-06-28 10:00:00,15.840779999999995,50.006898110987905,2.261581514064704,6.0,581.011
2020-06-28 11:00:00,14.414300000000026,57.992082760792464,1.3081226306227558,6.0,517.29004
2020-06-28 12:00:00,13.127440000000036,73.52343467294858,1.3142795791524764,7.0,331.81122
2020-06-28 13:00:00,12.105500000000006,75.1819650358912,0.7449223503369129,9.0,224.06174
2020-06-28 14:00:00,11.450220000000002,82.1301262823904,1.7515090350523144,5.0,179.5645
2020-06-28 17:00:00,8.841520000000003,81.44788962817577,2.956257117186401,2.0,49.79297
2020-06-28 18:00:00,8.55068,79.78834344983657,3.0698846089202196,1.0,36.26509
2020-06-29 08:00:00,21.78230000000002,37.13521581524173,1.0208960067735842,3.0,860.604
2020-06-29 09:00:00,22.47222000000005,36.44864294137026,0.7589728386951924,1.0,832.5996
2020-06-29 12:00:00,22.961360000000013,38.32176571852661,0.8161694034638795,2.0,326.55786
2020-06-29 13:00:00,22.3279,43.92471898286444,0.5002631473333123,2.0,130.49551
2020-06-29 14:00:00,21.69753000000003,41.92166766071085,0.7862523575725402,2.0,78.24745
2020-06-29 15:00:00,21.020700000000033,36.21447661918625,0.6349158605366876,6.0,34.645905
2020-06-29 16:00:00,20.246500000000026,35.03468040244916,1.1313766472090034,6.0,26.673813
2020-06-29 17:00:00,15.570100000000025,47.59436208996421,2.0856862727634757,3.0,25.918167
2020-06-29 18:00:00,12.503930000000025,56.98420865965235,2.790554379770824,1.0,22.170446
2020-06-30 00:00:00,10.692650000000015,58.953329536799245,3.589018349329587,0.0,16.62638
2020-06-30 04:00:00,22.221150000000023,39.82728782386682,0.5669341119218361,3.0,220.10208
2020-06-30 05:00:00,23.53152,39.445662663121546,0.9424516865732799,6.0,366.19922
2020-06-30 06:00:00,24.662320000000022,37.88691794187583,1.3057397790376,7.0,423.604
2020-06-30 07:00:00,25.08734000000004,40.031821211227324,1.4861199922314552,6.0,405.31104
2020-06-30 08:00:00,25.45022,39.69523234205647,1.520752311105099,7.0,414.12598
2020-06-30 09:00:00,25.927099999999996,38.41913237068018,1.840350958884726,6.0,649.49316
2020-06-30 10:00:00,25.875800000000027,40.11192840872558,2.2636487660719062,2.0,534.6863
2020-06-30 11:00:00,25.56710000000004,43.948697523734424,2.7781313139955475,4.0,462.719
2020-06-30 12:00:00,24.6841,52.40758492429755,2.4005541604183396,7.0,296.04382
2020-06-30 13:00:00,23.336450000000013,61.229364049777566,2.158050461850716,10.0,90.869385
2020-06-30 14:00:00,20.546350000000018,70.2108426427433,2.870938288415152,6.0,67.94487
2020-06-30 15:00:00,18.29427000000004,74.28628776634005,3.2909380963420385,8.0,45.455597
2020-06-30 16:00:00,17.837760000000003,68.09808239645304,3.234048456922246,7.0,36.680267
2020-06-30 17:00:00,16.78200000000004,67.43743329969378,3.210258193659912,5.0,31.982574
2020-06-30 18:00:00,15.211970000000008,71.78152225362115,3.307883441454202,3.0,31.431976
2020-06-30 20:00:00,13.975240000000042,73.3261332394767,3.4208040236497874,1.0,24.486954
2020-06-30 21:00:00,13.957060000000013,71.71081723695822,3.379917356135131,2.0,28.180084
2020-07-01 04:00:00,20.858400000000017,56.55227530767047,0.6152501016002754,5.0,682.94617
2020-07-01 05:00:00,21.135700000000043,56.66654531414357,0.94372205974168,7.0,862.40625
2020-07-01 06:00:00,21.81030000000004,55.23808296169638,1.0718035272785074,28.0,636.4319
2020-07-01 07:00:00,22.99078000000003,45.666700499843365,0.7445983595845737,46.0,782.1045
2020-07-01 08:00:00,23.62673000000001,45.841475715429134,1.1386544622812036,349.0,906.21313
2020-07-01 09:00:00,24.65900000000005,43.23742681999187,1.0301292955320034,100.0,947.67456
2020-07-01 10:00:00,24.76263,43.44160363862724,0.9182523881331469,38.0,1024.4487
2020-07-01 13:00:00,23.495900000000006,57.572074884654654,1.2899293060709864,553.0,214.26614
2020-07-01 14:00:00,21.704499999999996,64.62703220677557,1.9178634732958262,2.0,82.63397
2020-07-01 15:00:00,19.32397000000003,68.89833886402945,2.5302149289354943,3.0,46.32538
2020-07-01 16:00:00,17.22230000000002,73.39585339507671,2.8940419276514593,0.0,21.830032
2020-07-01 19:00:00,15.069000000000017,73.13706847585594,3.318085283990485,2.0,21.413193
2020-07-01 20:00:00,14.392420000000016,75.24875059965048,3.434928651969517,4.0,27.245483
2020-07-01 21:00:00,14.08175,75.48052763072972,3.495887641344335,3.0,29.759613
2020-07-01 22:00:00,13.820460000000026,74.77815697834117,3.539082264165371,1.0,34.59572
2020-07-01 23:00:00,13.380200000000002,74.46934750519618,3.5965078342519794,0.0,32.07286
2020-07-02 00:00:00,13.306420000000003,73.15002247307358,3.6290738246082093,3.0,23.64479
2020-07-02 01:00:00,14.901820000000043,75.42199653613739,3.2508486618166725,3.0,23.377182
2020-07-02 02:00:00,18.70920000000001,80.17409358172785,2.1554626714212404,2.0,62.989716
2020-07-02 03:00:00,23.421960000000013,53.557209821753936,0.8016242947190181,4.0,235.20872
2020-07-02 04:00:00,25.152500000000032,40.597600086926114,0.9045225184913233,3.0,703.781
2020-07-02 05:00:00,25.97195000000005,37.33838096365317,0.7916802787254344,2.0,1021.3074
2020-07-02 06:00:00,26.614430000000027,35.45748817381604,0.5339420554789486,5.0,1259.002
2020-07-02 07:00:00,27.22076000000004,37.498817230645585,0.35504448749167333,5.0,1391.344
2020-07-02 08:00:00,27.18655000000001,38.365195600447144,1.4441045710256863,10.0,1637.9109
2020-07-02 09:00:00,27.23660000000001,38.053550416581544,2.186681095050213,11.0,1466.7803
2020-07-02 10:00:00,25.78018000000003,42.5669186159355,2.370001731101617,9.0,705.8557
2020-07-02 11:00:00,24.81704000000002,46.3718568885304,2.195505270606001,7.0,726.2617
2020-07-02 12:00:00,23.34725000000003,56.961435116473446,2.493569095520495,13.0,839.5034
2020-07-02 13:00:00,21.57370000000003,63.40708181210794,2.7335877437732288,18.0,497.74487
2020-07-02 14:00:00,20.371730000000014,68.37539196210551,1.9445492764301449,18.0,316.16595
2020-07-02 15:00:00,18.818750000000023,67.50844907287322,2.3611352687725624,20.0,291.63605
2020-07-02 17:00:00,16.33492000000001,70.75363588249267,2.4393911429788893,22.0,140.25539
2020-07-02 18:00:00,15.303060000000016,78.4340057940253,1.4975288762181733,7.0,110.14087
2020-07-02 19:00:00,14.727660000000014,74.04055935205601,1.5879023755820665,6.0,143.8315
2020-07-02 20:00:00,14.436149999999998,76.913942279008,1.3534855353326911,5.0,251.32973
2020-07-02 21:00:00,13.819060000000036,79.30939673135282,1.2578970795981503,5.0,179.62506
2020-07-02 22:00:00,13.77914000000004,78.22021278988451,1.0276073401548904,6.0,73.028305
2020-07-02 23:00:00,12.957730000000026,81.11534657949176,1.0535588695695461,8.0,96.810455
2020-07-03 00:00:00,12.21356000000003,84.8536169596838,1.1028788358044879,8.0,70.35121
2020-07-03 01:00:00,11.907070000000033,88.5437447794006,1.0914253826621385,6.0,115.18071
2020-07-03 02:00:00,14.082120000000032,79.83532564766568,1.5453240134304294,15.0,278.84766
2020-07-03 03:00:00,15.292169999999999,74.51234263254884,1.8154103588680455,7.0,455.5547
2020-07-03 04:00:00,16.76486,66.60482903315362,1.9667185000548661,5.0,595.8689
2020-07-03 05:00:00,17.761070000000018,62.28886203838306,2.218008873630314,4.0,780.68994
2020-07-03 06:00:00,18.756740000000036,59.6661994937545,2.1820642212754926,3.0,846.52026
2020-07-03 07:00:00,19.79104000000001,59.29565996406526,2.255897965210338,2.0,941.9812
2020-07-03 08:00:00,20.409400000000005,58.6659582113079,1.8170852509472175,1.0,1052.4097
2020-07-03 09:00:00,20.912560000000042,56.98954436425489,1.7933879871673577,0.0,1055.928
2020-07-03 14:00:00,19.535360000000026,70.07936537998417,0.985144080923596,2.0,174.02846
2020-07-03 15:00:00,18.60073,64.7158717905894,0.9897390346443047,9.0,65.28526
2020-07-03 16:00:00,15.582480000000032,74.89674299554156,1.8972077930289555,7.0,32.11978
2020-07-03 17:00:00,14.555870000000027,76.07803837179463,2.004114181242558,4.0,29.907776
2020-07-03 18:00:00,16.232700000000023,65.70059088043685,1.5487636332206969,2.0,32.31859
2020-07-03 19:00:00,18.096670000000017,57.62349746903976,0.7719184210912396,0.0,18.120087
2020-07-03 21:00:00,17.23956000000004,60.262793116305325,0.6014691482284025,1.0,20.644104
2020-07-03 22:00:00,16.778530000000046,61.71025261284246,0.7860758445932677,1.0,39.220936
2020-07-03 23:00:00,16.153160000000014,63.49986463016086,0.8212003012165653,1.0,24.018414
2020-07-04 00:00:00,15.584000000000003,65.17271764505725,0.9659875962367659,0.0,32.014748
2020-07-04 08:00:00,20.036220000000014,55.683415061869255,2.8611068172534573,0.0,997.6079
2020-07-04 13:00:00,19.990470000000016,53.389846237860894,1.7098935622421885,0.0,406.41577
2020-07-04 14:00:00,18.722920000000045,60.2763510279437,2.077326824176089,3.0,168.95218
2020-07-04 15:00:00,16.575770000000034,68.48599429902477,2.415218250419618,23.0,25.745667
2020-07-04 16:00:00,14.306330000000003,78.81095722630879,2.6848926613015704,3.0,23.411057
2020-07-04 17:00:00,13.367400000000032,81.30581917133688,2.6833313774118768,3.0,21.242188
2020-07-04 18:00:00,12.631100000000004,81.05049558801142,2.791012426749353,2.0,19.032242
2020-07-04 19:00:00,11.932280000000048,83.37185168041468,2.8979070218671357,2.0,18.822174
2020-07-04 20:00:00,11.608730000000037,82.32855349167146,2.8200691235466264,1.0,16.883667
2020-07-05 00:00:00,10.59250000000003,79.29955270810954,2.7857917679775452,0.0,24.524292
2020-07-05 01:00:00,11.999750000000006,82.22454406914149,2.272429561533243,1.0,26.709076
2020-07-05 02:00:00,16.50887,75.62342997020362,0.3866675837744388,2.0,124.223694
2020-07-05 03:00:00,19.262380000000007,50.792919199309495,0.7570698280056838,5.0,496.65698
2020-07-05 04:00:00,20.13058000000001,48.077205513119125,1.443209316273129,5.0,603.636
2020-07-05 05:00:00,20.71640000000002,46.50375257092464,1.8802752938069853,2.0,689.30396
2020-07-05 07:00:00,22.147880000000043,48.5120423468304,1.3459507701328577,1.0,877.3906
2020-07-05 08:00:00,21.6207,49.75473318790111,0.9864933919719899,3.0,925.4429
2020-07-05 09:00:00,21.411280000000033,50.552231512133076,0.6239479758476102,3.0,639.19727
2020-07-05 10:00:00,21.17560000000003,48.91571219136466,0.33937253328222783,4.0,505.9873
2020-07-05 11:00:00,20.718650000000025,51.43464248110955,0.31662214474390526,2.0,530.6201
2020-07-05 12:00:00,20.23440000000005,53.160069293512876,0.9340559984720802,4.0,438.74243
2020-07-05 13:00:00,19.112300000000005,57.544316999455425,1.1340228884318568,3.0,170.7219
2020-07-05 14:00:00,18.055000000000007,72.20728274114207,0.9308630535040532,1.0,149.65675
2020-07-05 15:00:00,17.172570000000007,68.93526033105148,0.7288325808526773,2.0,97.13103
2020-07-05 16:00:00,16.213279999999997,74.98386109513908,0.7319910451680606,7.0,59.966843
2020-07-05 17:00:00,15.67330000000004,77.83125134156292,0.32312065448193006,14.0,51.833725
2020-07-05 18:00:00,14.788800000000037,82.17484457600483,0.8054239542717101,8.0,112.97928
2020-07-05 19:00:00,12.390700000000038,90.88719129078439,1.6523612511593524,3.0,114.20564
2020-07-05 20:00:00,11.691500000000019,91.38855778817693,2.091094129724774,1.0,75.38548
2020-07-07 00:00:00,10.730250000000012,75.88884821710482,3.3691235098682792,2.0,30.006409
2020-07-07 01:00:00,12.439600000000041,78.25064737897677,2.9278345248365856,0.0,37.13234
2020-07-07 04:00:00,22.252300000000048,44.09285735160043,1.565355135043623,0.0,617.9231
2020-07-07 05:00:00,23.278040000000033,42.55763153172818,1.8276546556138278,1.0,801.60913
2020-07-07 06:00:00,24.32528000000002,40.335465156617445,1.7442357124425751,0.0,957.1565
2020-07-07 07:00:00,25.193600000000004,39.81112678220763,1.6975499965540624,0.0,1079.1584
2020-07-07 08:00:00,25.660120000000006,38.16225337439831,1.4476620183755773,1.0,1095.2693
2020-07-07 09:00:00,26.063930000000028,36.61230494305769,1.3044754000888528,2.0,1063.6138
2020-07-07 10:00:00,26.542500000000018,35.11633914838406,0.9420501187674902,2.0,1056.6709
2020-07-07 11:00:00,26.738800000000026,33.85865363999305,0.8022710774709332,1.0,937.865
2020-07-07 13:00:00,25.45700000000005,46.172117003832945,1.014693730328362,3.0,292.75833
2020-07-07 15:00:00,19.86990000000003,60.69001344878747,2.505481085525608,11.0,27.676468
2020-07-07 16:00:00,17.459159999999997,67.11878441099378,2.9695004008624766,7.0,40.31534
2020-07-07 17:00:00,16.059720000000027,70.91820736162504,3.037593832667236,8.0,17.290771
2020-07-07 18:00:00,15.069540000000018,73.04076183759749,3.092255053071351,7.0,15.647111
2020-07-07 19:00:00,14.650050000000022,71.84723034656848,3.1733348259479377,6.0,15.515096
2020-07-07 20:00:00,13.998860000000036,72.89738016911873,3.1413873963262318,7.0,15.282829
2020-07-07 21:00:00,13.608699999999999,72.49642756409624,3.1602764773928382,15.0,15.672813
2020-07-07 22:00:00,13.268460000000005,72.00732066956098,3.180364032689901,5.0,16.816547
2020-07-07 23:00:00,13.008080000000007,71.1162632445299,3.2029582082012062,3.0,15.44569
2020-07-08 00:00:00,12.802500000000009,70.73291037069401,3.236587082413035,3.0,15.046082
2020-07-08 01:00:00,14.286580000000015,74.19215708308796,2.785415566162357,4.0,15.850103
2020-07-08 02:00:00,18.737570000000005,79.51110894365496,1.3746972647045077,14.0,20.417389
2020-07-08 03:00:00,23.16980000000001,45.963898715266495,0.60246117067499,11.0,361.27945
2020-07-08 04:00:00,24.220420000000047,46.426335375178944,1.2175094467600724,12.0,577.16284
2020-07-08 05:00:00,25.358180000000004,44.54201363819741,1.4003576941402347,10.0,863.5779
2020-07-08 06:00:00,26.532430000000033,41.4491854801361,1.700050552839927,12.0,995.4785
2020-07-08 07:00:00,27.682029999999997,40.61966157152264,1.7021634102243892,9.0,1133.2168
2020-07-08 08:00:00,28.02352000000002,39.2861433005479,1.7491489841064216,7.0,1041.5342
2020-07-08 09:00:00,28.349760000000003,37.139285778755834,1.2914391792107758,6.0,1109.9746
2020-07-08 10:00:00,28.377650000000017,38.24336717808855,1.0459328341641525,6.0,1187.3115
2020-07-08 11:00:00,27.634299999999996,43.148125751663045,2.2496017750327533,5.0,420.8457
2020-07-08 12:00:00,26.43276000000003,51.726265995438716,2.3588586593062715,5.0,289.53076
2020-07-08 13:00:00,24.483820000000037,60.06413477040682,2.8892893883961897,10.0,142.3546
2020-07-08 14:00:00,22.774440000000027,66.49876166871022,2.9888072772201815,25.0,45.278168
2020-07-08 15:00:00,21.47845000000001,70.44330660409648,3.1247632677510886,11.0,29.743256
2020-07-08 16:00:00,20.47230000000002,72.07128816977557,3.0003094499635976,21.0,31.136292
2020-07-08 17:00:00,18.954980000000035,76.37651716680038,2.9164970724611186,12.0,21.695847
2020-07-08 18:00:00,18.726950000000045,73.989431284555,2.6386685857871113,9.0,20.944153
2020-07-08 19:00:00,18.11083000000002,72.61932946816587,2.912688012754686,6.0,23.466995
2020-07-08 20:00:00,17.61205000000001,73.54915846788407,2.8442077649601463,3.0,22.586197
2020-07-08 21:00:00,17.203880000000026,74.38072188497212,2.988542623478387,2.0,23.387054
2020-07-08 22:00:00,16.922750000000008,75.32856237160901,3.030802396300533,6.0,35.49208
2020-07-08 23:00:00,16.58148,76.07209742087579,3.128514152934477,7.0,32.965652
2020-07-09 00:00:00,16.58077000000003,75.54868319565729,3.109625940952328,7.0,28.065735
2020-07-09 01:00:00,17.54012,77.48306196506158,2.8019783227984205,10.0,25.538696
2020-07-09 02:00:00,19.430229999999995,77.10786135459432,2.375109733513317,12.0,35.331665
2020-07-09 03:00:00,22.30260000000004,73.1055241606096,1.1802727734858356,10.0,478.136
2020-07-09 04:00:00,25.190940000000012,46.656272387801906,0.1067056970811929,12.0,726.44385
2020-07-09 05:00:00,25.928600000000017,44.63910169975114,0.7585095470868247,12.0,1020.2405
2020-07-09 06:00:00,26.51016000000004,43.22659424540369,1.2778157741277432,5.0,1170.2766
2020-07-09 07:00:00,27.612180000000023,33.671514468043775,1.1684431912251587,3.0,1327.7795
2020-07-09 08:00:00,28.063199999999995,32.13157359204828,0.548362636113035,1.0,1568.6965
2020-07-09 09:00:00,27.95974000000001,31.055440510380198,0.5590357423789564,0.0,1624.1272
2020-07-09 10:00:00,27.813199999999995,32.41732246753713,1.286830201600078,1.0,1118.7971
2020-07-09 11:00:00,27.376599999999996,37.53046019659551,1.412968083643787,2.0,640.3323
2020-07-09 12:00:00,26.60958000000005,42.015663674043076,1.993039110758658,8.0,798.1924
2020-07-09 13:00:00,24.07403000000005,49.28869709375346,2.3988359296038735,7.0,556.46606
2020-07-09 14:00:00,22.49350000000004,56.14229424532839,1.9997047344398748,8.0,172.42458
2020-07-09 15:00:00,20.425070000000005,62.71027575664034,2.0513639519982587,9.0,24.21579
2020-07-09 16:00:00,18.95028000000002,64.78706784521408,2.415023110107216,8.0,23.252548
2020-07-09 17:00:00,17.921170000000018,66.10835425013885,2.5500619848962596,8.0,24.607193
2020-07-09 18:00:00,17.085470000000043,67.75537664157414,2.745766197477657,7.0,22.322418
2020-07-09 19:00:00,16.44766000000004,67.00451067404684,2.9030683678267515,4.0,19.730286
2020-07-09 20:00:00,15.657740000000047,69.9073262714143,3.022578338580948,3.0,19.244186
2020-07-09 21:00:00,15.163780000000031,71.35597934911371,3.1072376617740876,5.0,19.849121
2020-07-09 22:00:00,14.822780000000023,71.97642866557955,3.1724600043606768,1.0,18.791256
2020-07-10 01:00:00,15.83157,75.06683826822795,2.9256774568228274,2.0,29.309448
2020-07-10 02:00:00,19.153160000000014,81.02477935280982,1.557069673334848,2.0,85.723404
2020-07-10 03:00:00,23.51310000000001,44.60269724550086,0.7251715076701661,3.0,703.53735
2020-07-10 04:00:00,24.273900000000026,42.092548521079756,1.1989741346174347,16.0,743.42773
2020-07-10 05:00:00,24.968230000000005,41.72727067615334,1.1647732231420898,7.0,765.15063
2020-07-10 06:00:00,25.49478000000005,41.183917773760065,1.7657123506589458,4.0,692.1929
2020-07-10 07:00:00,22.41097000000002,56.30964867199846,1.8504071908783328,3.0,813.96436
2020-07-10 08:00:00,23.237099999999998,51.538784406654955,1.5671125920086366,4.0,865.96924
2020-07-10 09:00:00,23.64984000000004,48.30299090443587,1.447258452265956,5.0,751.3247
2020-07-10 10:00:00,23.190200000000004,49.711465295243315,1.2337574787009693,3.0,701.3086
2020-07-10 13:00:00,22.31460000000004,64.1243071545114,0.93688583338455,4.0,389.98502
2020-07-10 14:00:00,21.50985000000003,65.12825556950347,1.0754771073735878,10.0,331.1916
2020-07-10 15:00:00,22.18655000000001,51.53732188915107,0.649792054760675,10.0,157.28345
2020-07-10 16:00:00,21.376340000000027,54.449082055382135,0.948095017180372,6.0,72.64772
2020-07-10 17:00:00,20.52242000000001,56.859466507903,1.2826894951320849,6.0,38.597366
2020-07-10 18:00:00,19.87650000000002,58.7445276033902,1.3650659358564319,4.0,31.93518
2020-07-10 19:00:00,18.702660000000037,61.102978691081574,1.5082315841370415,2.0,46.93123
2020-07-10 20:00:00,16.227930000000015,69.52492530458176,2.183579760945466,0.0,56.387604
2020-07-10 21:00:00,15.74780000000004,69.91732428522661,2.1523736352616334,1.0,52.01921
2020-07-10 22:00:00,15.624080000000049,68.3050713491615,2.2083834869402277,2.0,68.9211
2020-07-11 08:00:00,25.520260000000007,39.72484495346415,0.9093359827382176,1.0,1112.2515
2020-07-11 13:00:00,24.001700000000028,58.310079633308185,1.4360533300809477,0.0,615.0957
2020-07-11 14:00:00,22.204949999999997,60.13296631949412,1.8734120295084316,10.0,321.68976
2020-07-11 15:00:00,19.95422000000002,59.20483522296626,2.510075280349026,6.0,33.476807
2020-07-11 16:00:00,18.805570000000046,59.19505533753846,2.7110962704134245,4.0,24.503494
2020-07-11 17:00:00,17.045530000000042,65.00852072195272,2.978798902534288,4.0,21.214838
2020-07-11 18:00:00,15.808620000000019,70.40234987592508,3.1015755265549716,1.0,20.39918
2020-07-12 02:00:00,18.601950000000045,76.61267197221889,1.6181450569192786,3.0,131.8337
2020-07-12 03:00:00,23.47090000000003,41.605189041973865,0.21100510841153444,0.0,458.08057
2020-07-12 04:00:00,24.463459999999998,35.82797541510241,0.908950956183828,1.0,734.2173
2020-07-12 05:00:00,25.036069999999995,35.88864341396359,0.9446297494313686,3.0,1061.5085
2020-07-12 06:00:00,25.73520000000002,35.677490034617875,0.992471431199064,3.0,1140.1289
2020-07-12 07:00:00,25.88497000000001,36.74435583858534,1.4915391415998986,2.0,1392.7522
2020-07-12 08:00:00,25.938440000000014,36.848660570773944,1.3318340163351867,1.0,1565.6401
2020-07-12 09:00:00,26.12533000000002,37.00585756204025,1.4252434099459097,0.0,1575.9233
2020-07-12 12:00:00,25.297020000000032,40.268066179495996,0.7634840239052681,0.0,1063.6814
2020-07-12 13:00:00,24.41586000000001,50.60538501987011,1.1716926866299144,3.0,543.647
2020-07-12 14:00:00,22.272940000000006,60.96311515718732,1.6655276191948885,4.0,205.87434
2020-07-12 15:00:00,19.30068,63.93896989996702,2.4700718185479085,8.0,60.838837
2020-07-12 16:00:00,17.47222000000005,70.02084663646376,2.6534424254117157,8.0,36.72583
2020-07-12 17:00:00,16.44290000000001,72.62132026947194,2.630524849252586,7.0,50.604874
2020-07-12 18:00:00,15.415639999999996,75.04387399067588,2.684200121234318,6.0,59.620316
2020-07-12 19:00:00,17.23275000000001,67.1068613850566,1.9869111874505394,6.0,41.705544
2020-07-12 20:00:00,15.880460000000028,71.0086122887829,2.2105310858248726,3.0,38.127113
2020-07-12 21:00:00,14.521360000000016,75.77477434640437,2.4445072946428814,3.0,29.790264
2020-07-12 22:00:00,13.250020000000006,80.2161106309056,2.6421199367017034,3.0,26.775402
2020-07-12 23:00:00,12.263419999999996,83.96152611311216,2.7566531827035674,2.0,19.014156
2020-07-13 00:00:00,11.73696000000001,86.28963597041356,2.840704276282971,1.0,18.25401
2020-07-13 01:00:00,13.207270000000051,86.6886557300926,2.4568824889998355,0.0,19.968872
2020-07-13 02:00:00,18.112630000000024,82.85087260726101,0.9531058681152808,6.0,38.486954
2020-07-13 03:00:00,21.902980000000014,50.903325226619465,1.1008992305898346,30.0,384.32864
2020-07-13 04:00:00,22.99752000000001,47.29800307967965,1.6751285557519697,7.0,640.69775
2020-07-13 05:00:00,23.989000000000033,44.22961229377076,1.7276373982551467,6.0,862.5796
2020-07-13 06:00:00,24.89065000000005,41.40954889930136,1.7278096170150417,5.0,953.6323
2020-07-13 07:00:00,25.782500000000027,40.825022067433615,2.0348174770435308,6.0,988.55176
2020-07-13 08:00:00,26.299220000000048,39.376185332878144,1.2412246477255005,4.0,1062.0222
2020-07-13 09:00:00,26.55460000000005,38.11632593041662,0.8675363835360682,3.0,1078.2502
2020-07-13 10:00:00,26.790670000000034,38.03612928755452,0.9545577071626884,1.0,972.21265
2020-07-13 11:00:00,27.009060000000034,38.07177504748371,0.518637180104706,3.0,859.8008
2020-07-13 12:00:00,26.533800000000042,40.01952895312299,0.7715058902705615,4.0,706.9529
2020-07-13 13:00:00,25.470000000000027,60.25362018625995,0.9534456483268695,5.0,175.37994
2020-07-13 14:00:00,23.55074000000002,59.8978818152099,1.6368113921241183,23.0,27.614288
2020-07-13 15:00:00,20.712000000000046,63.36946969706338,2.675572398901522,8.0,17.860962
2020-07-13 16:00:00,18.78066000000001,72.00097166782308,2.8344380026093603,6.0,16.886662
2020-07-13 17:00:00,17.862270000000024,74.83556910924173,2.923079849869061,3.0,16.586699
2020-07-13 18:00:00,17.11868000000004,77.10303222622713,2.917318956216897,4.0,17.274628
2020-07-13 19:00:00,16.687040000000025,74.68706587499625,3.0351297429404434,4.0,16.230951
2020-07-13 20:00:00,15.843200000000024,78.86514505319187,3.015072041374848,4.0,16.43985
2020-07-13 21:00:00,15.31835000000001,80.91505962000565,3.0202647870638004,5.0,16.00252
2020-07-13 22:00:00,15.059380000000033,81.9963619812375,3.032889890986394,4.0,24.80539
2020-07-13 23:00:00,14.988820000000032,82.14722387965276,3.051733568078349,3.0,24.763931
2020-07-14 00:00:00,14.846500000000049,82.49895625565833,3.0556217070682083,4.0,16.511986
2020-07-14 01:00:00,15.980130000000031,81.93699160631262,2.659165827464156,3.0,21.856663
2020-07-14 02:00:00,19.39727000000005,82.45946878543836,1.353466187227192,6.0,34.725983
2020-07-14 03:00:00,23.408040000000028,53.38127799759027,0.3463403433022125,11.0,422.64795
2020-07-14 04:00:00,24.70010000000002,47.843360972020406,1.4272629032774655,8.0,639.8806
2020-07-14 05:00:00,25.480830000000026,44.03147737644306,1.7616697858242314,8.0,833.70044
2020-07-14 06:00:00,26.165279999999996,41.60641416641186,0.8377904138522158,9.0,781.3164
2020-07-14 07:00:00,26.41174000000001,42.9688753354478,0.2595509542764983,7.0,904.022
2020-07-14 08:00:00,26.712199999999996,40.45185496583616,0.2635526609816234,8.0,948.7937
2020-07-14 09:00:00,26.770650000000046,41.705235172920204,1.1977683728692177,6.0,1278.978
2020-07-14 10:00:00,26.766440000000046,44.24721311696647,1.435372947636663,4.0,714.22217
2020-07-14 11:00:00,26.714800000000025,44.92581441186768,1.702874300230927,3.0,701.69556
2020-07-14 12:00:00,26.445400000000006,47.57358809395049,1.5593306302311258,5.0,758.64526
2020-07-14 13:00:00,25.169100000000014,58.2966350898408,1.5594618535122347,7.0,446.2019
2020-07-14 14:00:00,22.953520000000026,66.44713032138435,2.074739139694118,5.0,206.9175
2020-07-14 15:00:00,20.586970000000008,74.20874830446115,2.467010616286677,26.0,126.35063
2020-07-14 16:00:00,19.729060000000004,72.9690648415199,2.33587294244629,11.0,198.21489
2020-07-14 17:00:00,18.548580000000015,73.33586203903668,2.273423244811273,22.0,156.77838
2020-07-14 18:00:00,18.326260000000048,70.92378316908567,2.0936685160935107,14.0,83.537415
2020-07-14 19:00:00,18.563620000000014,60.61349790738104,1.9919059177670642,8.0,51.9894
2020-07-14 23:00:00,14.066500000000019,76.56457301903212,2.637636435907713,5.0,21.36723
2020-07-15 00:00:00,13.401900000000012,78.9827086202087,2.723880224656492,6.0,16.2597
2020-07-15 01:00:00,14.498620000000017,81.03018429486487,2.3840568979274113,4.0,19.398716
2020-07-15 02:00:00,19.58630000000005,74.22224239206388,1.0754010312246447,3.0,89.17085
2020-07-15 03:00:00,23.130550000000028,45.594502449412666,0.8053175824790739,3.0,439.07935
2020-07-15 04:00:00,24.31990000000002,41.4734157636752,1.4495269258482715,6.0,638.719
2020-07-15 05:00:00,25.333600000000047,38.231075525123536,1.5884142402144295,5.0,864.7788
2020-07-15 06:00:00,26.161280000000033,36.435439467422235,1.6975022267381434,2.0,1073.9014
2020-07-15 07:00:00,26.519200000000012,37.14404507829233,1.3570203486568944,4.0,1249.4019
2020-07-15 08:00:00,27.230430000000013,35.155263425121994,0.7648952558084436,4.0,1416.2649
2020-07-15 09:00:00,27.56994000000003,33.433998470438034,0.7795746910546666,3.0,1430.1855
2020-07-15 10:00:00,27.930000000000007,31.914643571237416,0.5588639249517279,2.0,1319.6035
2020-07-15 11:00:00,27.744529999999997,31.641745629269966,0.8629645892795018,1.0,1189.4365
2020-07-15 12:00:00,27.197000000000003,34.40714380659613,1.3658069878452554,1.0,903.6162
2020-07-15 13:00:00,25.780050000000017,50.03996566699946,1.4930588046626985,2.0,544.2776
2020-07-15 14:00:00,23.333150000000046,56.20433869002661,2.168215893956742,8.0,238.19373
2020-07-15 15:00:00,20.34823,63.842029528860806,2.7238928615543574,14.0,33.24507
2020-07-15 16:00:00,19.221100000000035,62.56650578199097,2.7035165093781752,8.0,36.36081
2020-07-15 17:00:00,18.406900000000007,60.65333194883716,2.739433564689958,6.0,39.499176
2020-07-15 18:00:00,17.149560000000008,63.42684270252022,2.905491135210872,6.0,34.06781
2020-07-15 19:00:00,18.24752000000001,60.96969271009394,2.441790179616377,5.0,29.295746
2020-07-15 20:00:00,16.534940000000006,65.59950864473248,2.724653160133996,5.0,25.504116
2020-07-15 21:00:00,14.986660000000029,69.93479786736903,3.0783095057754966,6.0,19.527218
2020-07-15 22:00:00,14.115700000000004,72.42886885707586,3.2572478934793927,6.0,24.75755
2020-07-15 23:00:00,14.145800000000008,71.19437099647794,3.3127688956440147,6.0,20.671429
2020-07-16 00:00:00,14.345030000000008,68.45576177191288,3.2884529658505754,3.0,17.265953
2020-07-16 01:00:00,15.723839999999996,70.2374065528007,2.932376163351213,1.0,21.26886
2020-07-16 02:00:00,19.172420000000045,77.03274267513208,1.8166173158257675,6.0,50.971634
2020-07-16 03:00:00,24.480000000000018,45.593991308517936,0.12294279141682167,14.0,385.7798
2020-07-16 04:00:00,25.922200000000032,40.42998358982605,1.1105577424539719,9.0,676.0698
2020-07-16 05:00:00,26.900900000000036,38.1278146508251,1.4205991485519647,6.0,935.23755
2020-07-16 06:00:00,27.700950000000034,35.707635010870646,1.4269149865340127,6.0,416.9798
2020-07-16 07:00:00,27.54684000000003,40.14907579098239,1.0273435824506127,4.0,1281.7932
2020-07-16 08:00:00,28.18484000000001,37.517647792283626,0.09519251126020813,3.0,1389.2668
2020-07-16 09:00:00,28.39407,37.17126813881606,0.49392395655053023,0.0,1406.2742
2020-07-16 10:00:00,28.184050000000013,38.78032928849486,0.8825801197240412,2.0,231.70811
2020-07-16 11:00:00,27.839200000000005,40.78064868958166,1.4252010896981098,4.0,962.74194
2020-07-16 12:00:00,26.839800000000025,46.59202892645238,1.7616710993991391,4.0,531.5786
2020-07-16 13:00:00,25.70920000000001,55.21587690576239,1.318912117930175,10.0,293.63965
2020-07-16 14:00:00,24.07122000000004,65.8119266939658,1.4796652257357032,11.0,49.493393
2020-07-16 15:00:00,21.630700000000047,63.76050787347898,2.4099536064217086,8.0,26.62082
2020-07-16 16:00:00,19.930960000000027,65.39138710040535,2.941272820878869,4.0,21.645508
2020-07-16 17:00:00,18.297420000000045,70.70614090930404,3.0864368600206014,1.0,23.953125
2020-07-16 18:00:00,17.387170000000026,73.96889111187909,3.2083424878884292,1.0,20.154678
2020-07-16 20:00:00,16.613980000000026,74.08403608840634,3.2966777216715095,0.0,17.480606
2020-07-16 21:00:00,16.502340000000004,72.61104554504043,3.367944761079632,0.0,17.560356
2020-07-17 02:00:00,20.54200000000003,79.34015165817426,1.8414342510029669,0.0,39.141357
2020-07-17 03:00:00,25.71374000000003,43.624321616041996,0.33011945361064976,3.0,453.29907
2020-07-17 04:00:00,26.923940000000016,39.88449250808685,0.534840468393027,2.0,733.3428
2020-07-17 05:00:00,28.131740000000036,36.18296668867985,0.719537677465509,0.0,960.676
2020-07-17 06:00:00,28.996100000000013,33.53239760749449,0.8754981322454085,1.0,1100.1604
2020-07-17 07:00:00,29.633700000000033,34.07431789715064,1.6171104152675408,1.0,1339.6924
2020-07-17 08:00:00,29.668360000000007,33.471614126757224,2.2613215272852316,0.0,1179.6316
2020-07-17 09:00:00,29.666530000000023,32.24434364458519,0.5350919918122335,2.0,1060.8572
2020-07-17 10:00:00,29.469719999999995,30.450692402761963,0.35701226090613486,4.0,1117.9402
2020-07-17 11:00:00,28.978170000000034,35.92928427236906,2.351359705623325,4.0,551.697
2020-07-17 12:00:00,27.45727000000005,45.61196443606206,2.5390238364353377,6.0,660.67456
2020-07-17 13:00:00,26.32000000000005,51.460297168165745,2.270389428470477,5.0,309.30432
2020-07-17 14:00:00,23.995100000000036,60.01787800295279,2.596780995185423,8.0,198.87569
2020-07-17 15:00:00,22.141840000000002,68.41242620523383,2.63596549913853,5.0,33.74478
2020-07-17 16:00:00,20.238200000000006,75.98921358759446,2.946975567331684,0.0,21.469193
2020-07-17 17:00:00,19.584699999999998,75.48600725269033,2.901515264217455,2.0,19.514847
2020-07-17 18:00:00,19.6943,69.33459969857543,2.8081972738181205,2.0,18.149887
2020-07-17 19:00:00,18.776970000000006,61.3985314164758,2.9284815061999905,2.0,16.920853
2020-07-17 20:00:00,18.192700000000002,61.757015850972536,2.968617657556014,2.0,18.035278
2020-07-17 21:00:00,17.611500000000035,62.55898734911568,3.0928015420398256,2.0,17.878632
2020-07-17 22:00:00,16.948180000000036,63.67239945798457,3.22196874745963,0.0,33.49785
2020-07-18 01:00:00,17.634060000000034,67.23848687490184,3.0717241894832163,0.0,39.23004
2020-07-18 02:00:00,20.29012,74.54040648196153,2.219878254571294,0.0,93.8802
2020-07-18 03:00:00,25.252340000000004,57.39734280358343,0.8742107976081918,1.0,363.85815
2020-07-18 04:00:00,27.39706000000001,37.74281867290125,0.6043729230736867,2.0,623.9512
2020-07-18 05:00:00,28.02117000000004,35.079239068280195,0.4364188732461659,0.0,920.073
2020-07-18 06:00:00,28.920299999999997,32.92283667273287,0.760196332079097,0.0,1156.1714
2020-07-18 07:00:00,29.366420000000005,29.778769883144232,0.5635109032631159,1.0,1434.4812
2020-07-18 12:00:00,28.740380000000016,39.711558031772874,1.01954712837407,5.0,704.0598
2020-07-18 13:00:00,28.949180000000013,30.19693961194081,0.4445525337178161,6.0,426.02057
2020-07-18 14:00:00,27.30862000000002,36.74532581771399,1.0340075156643702,18.0,338.1074
2020-07-18 15:00:00,27.255640000000028,29.997645204385048,0.8133685684638996,6.0,108.034805
2020-07-18 16:00:00,21.653099999999995,49.01356913026248,2.462032643482718,7.0,169.84341
2020-07-18 17:00:00,19.572400000000016,54.22648645290642,2.941757321083613,25.0,61.985336
2020-07-18 18:00:00,18.548900000000003,57.30926502595583,3.0873709836715943,2.0,16.687115
2020-07-18 19:00:00,18.881370000000004,55.52286780098806,3.0626635777179603,2.0,17.458084
2020-07-18 20:00:00,18.66592000000003,56.0370127002111,3.0849513528522485,1.0,20.573349
2020-07-18 23:00:00,17.503000000000043,59.39645692898989,3.197000409291583,0.0,30.86171
2020-07-19 00:00:00,16.953580000000045,60.96883434624153,3.3076962279768987,3.0,30.25528
2020-07-19 01:00:00,17.938379999999995,66.50970154822245,3.091129346565933,1.0,40.198105
2020-07-19 03:00:00,26.194600000000037,47.290919102205066,1.1634292889867697,0.0,583.6465
2020-07-19 04:00:00,27.517300000000034,34.13793249193124,0.9763891907534515,1.0,1110.4226
2020-07-19 08:00:00,28.550620000000038,30.16013801696392,1.5505595132247967,0.0,2539.3882
2020-07-19 09:00:00,29.253870000000006,27.296283924411703,1.1652621465637218,2.0,2116.7056
2020-07-19 10:00:00,29.142629999999997,27.579052106842674,1.2917590469594646,2.0,2123.1975
2020-07-19 11:00:00,29.153160000000014,26.965995405489846,0.4369842118877204,0.0,1937.4285
2020-07-19 12:00:00,28.641800000000046,30.620251683277363,1.390350796054494,2.0,1140.3359
2020-07-19 13:00:00,26.816430000000025,39.30336366562113,2.1350014806744024,8.0,743.7256
2020-07-19 14:00:00,24.586080000000038,42.210683337183575,2.416197980041257,6.0,602.1205
2020-07-19 15:00:00,21.761070000000018,47.08481272686639,2.6918380411065916,5.0,36.952652
2020-07-19 16:00:00,19.86984000000001,51.88674431389932,2.9396717733154962,7.0,22.959732
2020-07-19 17:00:00,18.66420000000005,54.54641532487246,3.1436061541701656,7.0,21.577972
2020-07-19 18:00:00,18.068480000000022,55.23359909431735,3.3109307019040033,4.0,24.299118
2020-07-19 21:00:00,17.168570000000045,60.59073420189526,3.5384654209888375,1.0,25.7417
2020-07-19 22:00:00,16.98422000000005,61.110534070639346,3.586883098671335,1.0,28.221695
2020-07-19 23:00:00,16.95254,60.78282033250338,3.5904453646613996,0.0,31.651733
2020-07-20 03:00:00,25.095360000000028,49.432047751411766,2.139007409398173,2.0,740.9379
2020-07-20 04:00:00,27.336150000000032,36.6902235297304,1.2588852683611849,2.0,965.5525
2020-07-20 05:00:00,28.63787000000002,29.42791811547411,1.3725605673360541,2.0,649.06104
2020-07-20 06:00:00,28.666600000000017,29.569167694377928,0.5514598415731167,8.0,1619.5632
2020-07-20 07:00:00,29.43667000000005,26.985147114830465,1.58628511722997,5.0,2225.8303
2020-07-20 08:00:00,29.69613000000004,26.89057867731695,1.5253459036451864,0.0,1639.3169
2020-07-20 09:00:00,30.037530000000004,26.100226071664736,1.6379483383928353,4.0,1544.7141
2020-07-20 10:00:00,29.699640000000045,26.111522584868435,2.2337719455443477,2.0,2204.203
2020-07-20 11:00:00,28.598540000000014,29.26330452300461,2.6547222438809372,2.0,1006.8247
2020-07-20 12:00:00,27.603300000000047,34.49829479196441,2.932290187839745,7.0,813.1138
2020-07-20 13:00:00,26.08148,46.57774517560531,1.9731199739097087,7.0,513.94604
2020-07-20 14:00:00,24.44204000000002,53.35526057664841,1.6416128438699438,14.0,176.60051
2020-07-20 15:00:00,22.069420000000036,56.17774486846899,2.130986265470566,10.0,63.4169
2020-07-20 16:00:00,20.311500000000024,56.85007121409051,2.650774044492891,6.0,50.111877
2020-07-20 17:00:00,19.53997000000004,54.73189447871795,2.912058253619781,3.0,35.912018
2020-07-20 18:00:00,18.266050000000007,59.328795251949785,2.9091936695261222,1.0,28.328522
2020-07-20 19:00:00,17.60208,64.94362969712877,3.14366667522511,0.0,35.351746
2020-07-21 01:00:00,18.24580000000003,62.868670702623334,3.2163729617828607,1.0,70.03453
2020-07-21 02:00:00,20.451930000000004,64.68696554544631,2.570529521407215,1.0,203.31963
2020-07-21 06:00:00,27.348100000000045,34.143311203335614,1.454881965610881,0.0,1745.0652
2020-07-21 07:00:00,27.373500000000035,35.08563816865012,1.6763837716970211,0.0,2084.6885
2020-07-21 10:00:00,28.23245000000003,30.055444817086432,2.400280282719438,0.0,1848.251
2020-07-21 11:00:00,27.122220000000027,32.2703392423495,3.062180977903904,0.0,1641.2471
2020-07-21 12:00:00,25.415340000000015,39.82770752688085,3.324695834425474,3.0,1009.7627
2020-07-21 13:00:00,24.881280000000004,43.17265774668102,2.8023545181761658,5.0,1784.0391
2020-07-21 14:00:00,23.189570000000003,53.8761521886536,1.851507445780667,7.0,613.7534
2020-07-21 15:00:00,21.100060000000042,55.71659546245394,2.5883913821834756,5.0,156.72984
2020-07-21 16:00:00,19.606300000000033,58.81602481167364,2.664104860317304,3.0,118.63017
2020-07-21 17:00:00,18.75332000000003,61.732763454953954,2.686779324176199,4.0,52.503387
2020-07-21 18:00:00,17.656900000000007,65.23862966601376,2.8789547850772683,3.0,42.411255
2020-07-21 19:00:00,17.303200000000004,63.74003652810823,3.1035258867487627,2.0,38.884155
2020-07-21 20:00:00,17.306480000000022,62.96484106499436,3.079043665172819,1.0,38.903137
2020-07-22 02:00:00,20.49212,61.16612839796627,2.514129360254805,0.0,90.9501
2020-07-22 03:00:00,24.414500000000032,45.192238709383645,1.8069490221957056,1.0,562.2978
2020-07-22 04:00:00,26.41097000000002,33.040197986507316,0.8133120234021726,0.0,1258.127
2020-07-22 05:00:00,27.56826000000001,29.39760917794402,1.1926845060436817,0.0,2532.518
2020-07-22 06:00:00,28.052880000000016,27.93304294781146,2.3082770670393535,2.0,1885.4121
2020-07-22 07:00:00,27.039240000000007,29.249953335705968,2.922997454703218,3.0,1989.0933
2020-07-22 08:00:00,27.580300000000022,30.27854816581088,3.3571314279695117,5.0,2548.5464
2020-07-22 09:00:00,28.073000000000036,29.0705906548232,2.8384492476389602,3.0,2886.3062
2020-07-22 10:00:00,28.10146000000003,27.563654332035053,3.8413794116545685,3.0,1992.3191
2020-07-22 11:00:00,26.282740000000047,29.841738138939874,3.9059185146158657,3.0,1275.2002
2020-07-22 12:00:00,25.571200000000033,35.55101788578526,2.344057431046409,5.0,1859.9385
2020-07-22 13:00:00,24.737360000000024,49.96007141304558,1.5558769410363051,5.0,1889.6985
2020-07-22 14:00:00,24.10064,45.50744729177933,1.3865516263520579,6.0,658.06885
2020-07-22 15:00:00,20.827500000000043,49.62227043893561,2.2744365685955104,4.0,34.561264
2020-07-22 16:00:00,18.475240000000042,53.25495662311641,2.7596651302728876,3.0,22.79602
2020-07-22 17:00:00,16.822900000000004,58.038809263413185,2.9694678815018913,4.0,21.597488
2020-07-22 18:00:00,15.874570000000006,61.22849987036893,3.0830508004438504,5.0,23.375927
2020-07-22 19:00:00,15.543570000000045,57.24730555681726,3.289189568712629,3.0,24.679108
2020-07-22 20:00:00,15.144920000000013,58.313929621845006,3.3354609492687515,0.0,24.395615
2020-07-22 21:00:00,14.794100000000014,58.896353309489115,3.420571006231957,0.0,23.526176
2020-07-22 23:00:00,14.481160000000045,58.71749878210897,3.4887013295892424,0.0,22.53915
2020-07-23 00:00:00,14.47714000000002,58.247213067135384,3.5454213565469552,3.0,23.839096
2020-07-23 01:00:00,15.757530000000031,61.97728651897264,3.2180621764850845,3.0,26.01733
2020-07-23 02:00:00,19.446439999999996,69.25858823549048,2.19426383489142,3.0,41.58644
2020-07-23 03:00:00,25.385770000000036,40.74848850013878,0.7387756782865719,5.0,477.54272
2020-07-23 04:00:00,27.26135000000005,30.06993905841981,1.2340668275790403,6.0,790.39844
2020-07-23 05:00:00,28.300620000000038,26.90775657813541,1.363835881662559,3.0,1010.2363
2020-07-23 06:00:00,29.10137000000003,25.54004981303126,1.286572104748818,3.0,1462.7444
2020-07-23 07:00:00,29.889730000000043,24.85002256452635,1.259158567087963,2.0,1828.2029
2020-07-23 08:00:00,30.263599999999997,25.400751464440276,1.344527695304541,1.0,1920.2151
2020-07-23 09:00:00,30.423000000000002,26.08873203213511,0.9698241295950571,2.0,1817.0461
2020-07-23 10:00:00,30.249000000000024,26.592183294372674,0.4860687233301631,3.0,2182.0398
2020-07-23 11:00:00,29.509550000000047,26.924411589207253,1.4840171828034674,5.0,1155.8518
2020-07-23 12:00:00,27.978300000000047,36.00863036302086,2.8711629388575113,3.0,527.6221
2020-07-23 13:00:00,26.810080000000028,43.36278662323447,2.4372820565449946,9.0,321.61438
2020-07-23 14:00:00,24.94344000000001,52.27762298740739,2.1210857098774607,9.0,84.28252
2020-07-23 15:00:00,21.779260000000022,61.68559422589806,2.755919080241112,12.0,34.738113
2020-07-23 16:00:00,20.23956000000004,67.06965079803727,2.995827226602779,10.0,25.120636
2020-07-23 17:00:00,19.020960000000002,71.88259233422981,3.1175081345341837,8.0,19.912811
2020-07-23 18:00:00,18.248220000000003,74.21613590497653,3.2175822142354837,8.0,17.61938
2020-07-23 19:00:00,18.098540000000014,75.21787046474023,3.2941751152727137,5.0,17.946945
2020-07-23 20:00:00,17.777600000000007,74.45565749548841,3.304028353199349,2.0,19.058197
2020-07-23 21:00:00,17.44637,73.93259221966001,3.3050822147973697,0.0,19.054459
2020-07-23 22:00:00,17.319240000000036,72.43313457764017,3.289796893950358,6.0,25.798447
2020-07-23 23:00:00,16.948050000000023,72.16799047610895,3.3325463353651066,10.0,28.261734
2020-07-24 00:00:00,16.675130000000024,72.14869977205252,3.1635372288828085,8.0,33.53085
2020-07-24 01:00:00,17.83596,72.02036119009406,2.2437707129502003,5.0,81.41025
2020-07-24 02:00:00,20.58065000000005,68.97597412792956,1.902578817463258,4.0,403.7582
2020-07-24 03:00:00,22.80460000000005,50.761175101065525,2.7729059106726015,5.0,467.71875
2020-07-24 04:00:00,23.160300000000007,52.462327302660334,2.5394891472645633,6.0,475.11963
2020-07-24 05:00:00,23.696000000000026,52.17451646444503,2.8927063752411515,5.0,624.0532
2020-07-24 06:00:00,23.345000000000027,55.793063468030994,2.480507867855569,9.0,806.2468
2020-07-24 07:00:00,25.394000000000005,54.55521886013573,2.1623675006500593,12.0,888.6111
2020-07-24 08:00:00,24.989620000000002,56.61674116761886,2.062998342922827,12.0,750.0405
2020-07-24 09:00:00,23.962980000000016,64.31762271293182,1.4508927759089272,9.0,682.81445
2020-07-24 10:00:00,22.99526000000003,69.69035950271689,0.37011875955968426,9.0,542.0962
2020-07-24 11:00:00,22.269900000000007,70.96315767208122,0.23521956311993036,9.0,538.3513
2020-07-24 12:00:00,21.36468000000002,77.88313439836888,1.6171620406849556,7.0,230.06538
2020-07-24 13:00:00,20.711820000000046,81.61142567097775,1.2590804669516609,7.0,260.00272
2020-07-24 14:00:00,20.03370000000001,84.9782825657134,1.2852711428771957,5.0,153.20776
2020-07-24 15:00:00,18.637140000000045,85.71755741390558,1.8372689969000455,3.0,83.47276
2020-07-24 16:00:00,17.806600000000003,85.74364435580488,2.0713645335354083,2.0,53.711823
2020-07-24 17:00:00,17.069600000000037,85.92585307882824,2.283385251006742,2.0,40.264755
2020-07-24 18:00:00,16.62020000000001,85.84438591988715,2.5215977355939705,1.0,31.482864
2020-07-24 19:00:00,16.462500000000034,81.45221213370914,2.781201633862168,1.0,25.283829
2020-07-24 20:00:00,16.21517,81.46869596871672,2.746931882824078,1.0,21.958008
2020-07-24 21:00:00,15.489599999999996,83.48268206768323,2.832601744217524,1.0,18.50354
2020-07-24 22:00:00,15.084000000000003,84.91755951953172,2.962177336737335,1.0,32.92592
2020-07-24 23:00:00,14.719750000000033,85.99099686708868,2.9765682990465887,1.0,26.02156
2020-07-25 00:00:00,15.043660000000045,82.98227035389169,2.971150512879579,2.0,20.960129
2020-07-25 01:00:00,16.09683000000001,83.52472890558535,2.6414772638069888,3.0,31.369339
2020-07-25 02:00:00,19.49606,85.73847406279425,1.3053098397023482,3.0,98.12439
2020-07-25 03:00:00,23.406270000000006,53.941154289655174,0.8199633293625087,3.0,421.0481
2020-07-25 04:00:00,24.791960000000017,48.687716028193286,1.1694258005121145,3.0,557.635
2020-07-25 05:00:00,26.136500000000012,44.81551028425264,2.089038486432032,2.0,825.6853
2020-07-25 06:00:00,26.831600000000037,43.54261688061376,1.563222927394305,7.0,943.10767
2020-07-25 07:00:00,27.462900000000047,43.88389938674992,1.409851434509365,8.0,953.5869
2020-07-25 08:00:00,28.196300000000008,42.257424685766914,1.7193639021312832,5.0,1116.0149
2020-07-25 09:00:00,28.349760000000003,41.92878434686562,0.5259733034773987,3.0,1307.3645
2020-07-25 10:00:00,28.8193,39.99881678725251,1.1978119454305205,2.0,846.92163
2020-07-25 11:00:00,28.381950000000018,40.08717541228258,0.026538999650413068,0.0,686.3474
2020-07-25 13:00:00,26.59730000000002,52.01200107728946,1.4686475537549495,3.0,313.58655
2020-07-25 14:00:00,26.2808,50.22714433514161,0.7214134008227571,8.0,84.93111
2020-07-25 15:00:00,22.406949999999995,63.74155616807405,1.8171282355432012,8.0,45.005783
2020-07-25 16:00:00,20.221150000000023,68.65947632063511,2.575650403428533,4.0,32.006058
2020-07-25 17:00:00,18.56576000000001,74.22340984710819,2.808756037111981,7.0,20.378376
2020-07-25 18:00:00,17.75875000000002,77.01138842768977,3.00383123353455,5.0,18.126053
2020-07-25 19:00:00,17.405970000000025,71.69749133590143,3.0688487317888122,3.0,18.785538
2020-07-25 20:00:00,16.849300000000028,74.07845143943959,3.168426014644637,2.0,18.32457
2020-07-25 21:00:00,16.597280000000012,74.29585868334885,3.1439817155967904,5.0,16.461708
2020-07-25 22:00:00,16.64450000000005,71.06545832111281,3.0898225725658173,4.0,27.588852
2020-07-25 23:00:00,16.3904,69.76693591415504,3.0835431996601654,2.0,29.628006
2020-07-26 00:00:00,16.21523000000002,69.06379881472712,3.0842181092308962,2.0,17.480742
2020-07-26 01:00:00,17.010770000000036,72.4385237899135,2.780671399570543,4.0,25.007736
2020-07-26 02:00:00,20.392970000000048,78.12462708921952,1.7385434926085446,3.0,88.95418
2020-07-26 03:00:00,25.184720000000027,46.65504077330042,0.14255366716771511,4.0,201.55193
2020-07-26 04:00:00,26.356650000000002,40.74948805364108,0.9732737652511848,10.0,525.12646
2020-07-26 05:00:00,26.527250000000038,42.829991318563145,1.0323028836449817,14.0,853.0654
2020-07-26 06:00:00,27.420950000000005,41.71446588941449,1.003268746637876,9.0,1032.541
2020-07-26 07:00:00,28.26600000000002,41.46861920539318,2.0237366391260005,8.0,1074.4658
2020-07-26 08:00:00,28.47085000000004,39.56060801794525,0.6414634167715451,6.0,1085.9778
2020-07-26 09:00:00,27.81143000000003,39.162940575694684,0.15807490970981544,5.0,1016.9802
2020-07-26 10:00:00,28.47860000000003,38.60890866970413,0.6863581185491057,5.0,788.48315
2020-07-26 11:00:00,28.102930000000015,39.76317024867374,0.3809897244451437,3.0,526.2759
2020-07-26 12:00:00,27.365229999999997,49.351181780966826,1.4124790956895263,1.0,396.50024
2020-07-26 13:00:00,26.071740000000034,68.2116415039931,1.103979109165254,5.0,211.92378
2020-07-26 14:00:00,27.07800000000003,41.26787709299488,0.1993463793219049,8.0,89.76511
2020-07-26 15:00:00,22.28707000000003,63.31454847958206,2.4040068006770565,13.0,39.033188
2020-07-26 16:00:00,20.31606000000005,70.99232503978281,2.1355871294277087,10.0,19.981995
2020-07-26 17:00:00,24.04287000000005,49.699119380694036,0.9420239178821695,5.0,22.586334
2020-07-26 18:00:00,19.408800000000042,71.32333940958543,1.948321374058746,1.0,32.486404
2020-07-26 19:00:00,17.931730000000016,78.18884307799792,2.615730641685839,2.0,26.131363
2020-07-26 20:00:00,17.948820000000012,74.53187155746508,2.231302635789756,2.0,22.645432
2020-07-26 21:00:00,19.464500000000044,65.2536839911328,1.495705086539663,9.0,31.893112
2020-07-26 22:00:00,20.141930000000002,61.673602140552624,1.3305155556728376,6.0,32.191406
2020-07-26 23:00:00,21.473870000000034,55.89272191398654,0.6907937525689571,4.0,49.65358
2020-07-27 00:00:00,20.955219999999997,59.41626533942734,0.3719870510579148,3.0,187.24014
2020-07-27 05:00:00,21.59790000000004,62.25304806110933,1.2622597114892402,0.0,732.8816
2020-07-27 06:00:00,22.850060000000042,55.07380305858383,0.9433051258124897,0.0,1421.8728
2020-07-27 11:00:00,25.013500000000022,40.23801366256536,2.7554551323195215,3.0,834.95166
2020-07-27 12:00:00,24.122400000000027,43.08544302828954,1.6497880581469586,4.0,634.9829
2020-07-27 13:00:00,23.189480000000003,58.71093013287077,0.8240451962103346,3.0,470.82104
2020-07-27 14:00:00,21.930499999999995,60.24130895189712,1.3469555402797224,4.0,211.63057
2020-07-27 15:00:00,19.93575000000004,61.46017723431839,1.7726368602906748,1.0,53.701508
2020-07-27 16:00:00,18.7294,62.60277393098945,1.9806352964703549,0.0,38.260757
2020-07-27 17:00:00,17.22335000000004,65.79029142665335,2.3403257986549524,1.0,24.961838
2020-07-27 22:00:00,14.093260000000043,72.13122355093596,3.4232258486238822,2.0,18.342823
2020-07-27 23:00:00,14.167169999999999,71.27752764500502,3.413778754209516,0.0,21.845856
2020-07-28 01:00:00,15.466940000000022,71.49002538793452,3.119083779827379,0.0,26.943527
2020-07-28 02:00:00,18.778400000000033,78.19514991773012,1.905377323733481,8.0,89.69061
2020-07-28 03:00:00,24.14068000000003,44.634866402965166,0.3013883281222358,6.0,442.13672
2020-07-28 04:00:00,25.297540000000026,36.74974538198789,1.1295632758150602,4.0,831.3069
2020-07-28 05:00:00,25.58724000000001,35.606032609326334,1.2312646048097258,3.0,1122.4856
2020-07-28 06:00:00,26.57217000000003,34.43113647991691,1.6921231789586861,2.0,1107.4734
2020-07-28 07:00:00,26.407370000000014,39.58188655028536,0.6589242642579397,2.0,1114.7627
2020-07-28 08:00:00,26.552819999999997,39.38987421569495,2.0882775107499123,2.0,772.59106
2020-07-28 09:00:00,26.595600000000047,38.059660385251036,2.6163367273752147,0.0,1228.187
2020-07-28 10:00:00,25.791160000000048,39.337929874365464,1.9677283855224563,1.0,1160.6621
2020-07-28 11:00:00,25.775170000000003,40.47848135169168,1.4475273078264612,1.0,959.4414
2020-07-28 12:00:00,25.800070000000005,41.13056722464621,1.03581361196176,2.0,617.6199
2020-07-28 13:00:00,24.409050000000036,48.627775949270884,1.440175512774057,2.0,417.68005
2020-07-28 15:00:00,20.405730000000005,60.3247094835728,2.2839168467536046,1.0,123.798996
2020-07-28 21:00:00,15.944479999999999,72.57481541449283,3.248964077612731,0.0,24.247833
2020-07-29 02:00:00,19.614220000000046,68.85776549181948,2.3189931636483245,2.0,101.52107
2020-07-29 03:00:00,23.210260000000005,57.11530663861218,0.8597072981913277,7.0,321.85815
2020-07-29 04:00:00,24.60546000000005,43.61058436914598,2.177835704815285,4.0,961.7988
2020-07-29 05:00:00,24.710300000000018,43.78362434533098,3.063317579278874,1.0,1099.8726
2020-07-29 06:00:00,24.771450000000016,43.76334719361798,2.9634089932385925,2.0,1214.7134
2020-07-29 07:00:00,24.931480000000022,45.43573455880024,2.995698252224032,8.0,1230.5981
2020-07-29 08:00:00,23.703120000000013,50.053109455372784,2.251478989583056,6.0,989.43115
2020-07-29 09:00:00,23.61904000000004,53.00703182860087,2.1835825779313454,3.0,927.3489
2020-07-29 10:00:00,24.300040000000024,48.354181286672365,3.961832006439603,3.0,740.8762
2020-07-29 11:00:00,22.160300000000007,52.48943923235869,2.8054733338765208,3.0,687.0764
2020-07-29 12:00:00,22.12252000000001,53.398925600483274,1.6126400634115474,6.0,548.5215
2020-07-29 13:00:00,21.720330000000047,60.016896449145726,1.2985290789904784,5.0,341.8081
2020-07-29 14:00:00,20.572080000000028,63.35353810992645,1.3805032667542756,1.0,118.91484
2020-07-29 15:00:00,18.484920000000045,68.92424647875464,2.0192061085478175,0.0,45.671844
2020-07-29 16:00:00,16.40798000000001,74.52937445234268,2.4967095941000306,1.0,26.043732
2020-07-29 17:00:00,15.566200000000038,77.79776544765066,2.5116128142835845,2.0,22.93988
2020-07-29 18:00:00,14.885460000000023,79.41619258963162,2.591511114566161,0.0,25.369354
2020-07-29 19:00:00,14.343530000000044,84.69531876589866,2.619491140576677,1.0,21.130753
2020-07-29 20:00:00,13.99517000000003,83.56778182424935,2.6065212652077303,1.0,21.030193
2020-07-30 03:00:00,22.362570000000005,46.09781031087365,1.2138702037655797,2.0,427.53345
2020-07-30 04:00:00,23.751800000000003,42.63870050191473,2.1744699187540855,2.0,755.2649
2020-07-30 05:00:00,24.993070000000046,38.65452700287244,2.5458866176859485,0.0,990.2942
2020-07-30 07:00:00,26.192470000000014,38.81662190591975,2.5012277160884913,1.0,1253.8184
2020-07-30 08:00:00,27.011600000000044,37.04947702250443,2.1789171112282104,2.0,1298.4543
2020-07-30 09:00:00,27.608060000000023,35.60256659007783,1.9804838167218157,0.0,1256.9675
2020-07-30 11:00:00,27.881070000000022,35.05784568451799,1.993444484520572,1.0,1101.0645
2020-07-30 12:00:00,27.473299999999995,37.82815119469713,1.9745318981502427,3.0,970.6343
2020-07-30 13:00:00,26.209159999999997,47.75294752495425,1.7420537409469576,2.0,532.5408
2020-07-30 14:00:00,24.21237000000002,51.614323536933995,1.7063208867647968,16.0,170.58519
2020-07-30 15:00:00,22.280400000000043,51.16772838311924,1.83349394138095,8.0,123.76021
2020-07-30 16:00:00,20.42843000000005,54.73684748909249,2.0436415052802492,5.0,188.88591
2020-07-30 17:00:00,19.569450000000018,56.54489264833154,2.0008597956999186,6.0,149.59586
2020-07-30 18:00:00,20.131650000000036,53.08873355921727,1.76251795321707,4.0,87.50488
2020-07-30 19:00:00,22.762900000000002,44.42731308222176,1.3683054495145262,3.0,38.946625
2020-07-30 20:00:00,23.15676000000002,42.73180274422682,0.8852597232098451,3.0,30.971298
2020-07-30 21:00:00,22.95834000000002,42.85888391793413,0.6609945122505826,3.0,19.907028
2020-07-30 22:00:00,22.559900000000027,43.39931615382549,0.9900657887998819,3.0,33.157486
2020-07-30 23:00:00,22.177200000000028,44.00547424779713,1.472435641001161,4.0,23.580612
2020-07-31 00:00:00,21.978940000000023,45.7946812295814,1.3509177551962406,3.0,19.050812
2020-07-31 01:00:00,19.534880000000044,56.77588199181819,1.5968588011968654,1.0,27.71045
2020-07-31 02:00:00,21.173180000000002,59.59299955571638,1.0917234839126069,0.0,49.375
2020-08-02 19:00:00,14.818750000000023,84.4614666972977,1.617127291374388,4.0,26.802246
2020-08-02 20:00:00,15.064720000000023,81.29755345218449,1.5612724428392515,5.0,31.184525
2020-08-02 21:00:00,14.017600000000016,82.31820415928375,1.9253600795849006,1.0,31.288696
2020-08-02 23:00:00,14.47347000000002,76.84707069241328,1.875335967170446,1.0,21.737091
2020-08-03 00:00:00,14.058770000000038,77.81771664102072,2.0128457816782537,1.0,15.667561
2020-08-03 02:00:00,16.958500000000015,87.1843202604816,1.3078910015686394,1.0,125.50888
2020-08-03 03:00:00,20.400480000000016,67.1013881249162,0.6372708211005852,6.0,353.70972
2020-08-03 04:00:00,21.569240000000036,63.57104056187949,1.3982885672238883,3.0,590.63745
2020-08-03 05:00:00,22.659019999999998,60.651132161786116,1.7074491687958842,3.0,826.2107
2020-08-03 06:00:00,23.527030000000025,58.21988409158753,1.3247334603356788,4.0,1041.7817
2020-08-03 07:00:00,23.868280000000027,56.192788174497416,1.8536836698170238,1.0,953.59595
2020-08-03 09:00:00,23.91592000000003,56.879238906014166,1.0112022046904245,3.0,832.64746
2020-08-03 10:00:00,24.103300000000047,52.18011311805049,1.4924164940611249,3.0,581.3413
2020-08-03 11:00:00,23.78024000000005,50.9745505803146,0.9307022975609472,1.0,805.3596
2020-08-03 12:00:00,23.66640000000001,51.73040515637886,0.7421283365817251,0.0,802.81006
2020-08-03 13:00:00,23.06698,59.22054298140605,1.2699583337035318,8.0,405.24634
2020-08-03 14:00:00,21.694150000000036,60.78478035570398,1.1722458627326686,5.0,142.54059
2020-08-03 15:00:00,21.11465000000004,56.77321368780274,1.2145362658768573,0.0,65.7708
2020-08-03 16:00:00,20.688469999999995,56.65463907787399,1.3098775592948737,0.0,43.043137
2020-08-03 17:00:00,19.510580000000004,60.06341459237403,1.5058300105604094,0.0,44.34192
2020-08-04 04:00:00,23.961630000000014,46.05963187482836,1.2445980635753184,1.0,623.88086
2020-08-04 05:00:00,24.64047000000005,44.75745400462305,1.2668931245605692,2.0,814.8425
2020-08-04 19:00:00,16.561800000000005,79.27658990895657,3.2000682357279437,2.0,19.341217
2020-08-04 20:00:00,16.23132000000004,78.03355646831493,3.1639332102183135,1.0,17.764694
2020-08-04 21:00:00,15.855500000000006,76.50420860296526,3.2444041454823855,3.0,17.824902
2020-08-04 22:00:00,15.545830000000024,75.07998860046159,3.325085611296584,4.0,24.43393
2020-08-04 23:00:00,15.34310000000005,73.87411923062591,3.402085575105347,5.0,22.185501
2020-08-06 00:00:00,15.96804000000003,70.2715830866318,3.5120533981593454,3.0,21.025978
2020-08-06 01:00:00,16.881680000000017,70.56623663865811,3.3015825993029355,2.0,23.14132
2020-08-06 02:00:00,19.90432000000004,76.1916006169004,2.355922560157615,0.0,28.129211
2020-08-06 03:00:00,24.907100000000014,60.07541539906604,0.7590823926602208,17.0,363.74255
2020-08-06 04:00:00,27.527860000000032,38.24882494959296,0.9208038658312964,1.0,701.4563
2020-08-06 05:00:00,28.446500000000015,37.20308465784023,1.4131329421412728,3.0,890.1406
2020-08-06 06:00:00,29.157200000000046,35.54968543470937,1.581738165628866,6.0,1112.8301
2020-08-06 07:00:00,29.74114000000003,34.0270927855238,0.9819005017330931,6.0,1407.0515
2020-08-06 08:00:00,30.391750000000002,31.90093298727981,0.8500800587189021,3.0,1441.105
2020-08-06 09:00:00,30.82128,31.100320249164554,0.4961251053560441,4.0,1359.8958
2020-08-06 10:00:00,31.043100000000038,30.460941792790024,0.3717508828376671,3.0,1411.8384
2020-08-06 12:00:00,30.071799999999996,39.44746414469468,1.167825048969173,0.0,806.8428
2020-08-06 13:00:00,27.964440000000025,55.14451003484672,1.606307227954914,9.0,406.68787
2020-08-06 14:00:00,24.825649999999996,56.46007142501093,2.620629694641336,19.0,31.090729
2020-08-06 15:00:00,21.957060000000013,65.7191868319098,3.0812797207005898,6.0,21.522964
2020-08-06 16:00:00,20.557060000000035,70.83010983725032,3.219302380975947,5.0,21.211151
2020-08-06 17:00:00,19.7432,72.53587679942439,3.296055055593969,7.0,19.119137
2020-08-06 18:00:00,19.13223000000005,72.64597485029289,3.342452741102242,7.0,17.039528
2020-08-06 19:00:00,18.703400000000045,67.74447165837746,3.34178737115283,4.0,16.177197
2020-08-06 20:00:00,18.395470000000046,65.4496866521756,3.232723966432645,1.0,15.888502
2020-08-06 21:00:00,18.016200000000026,64.75225082854156,3.2895731878689567,1.0,16.225609
2020-08-06 22:00:00,17.29880000000003,66.23051644325058,3.402140957567466,2.0,15.809491
2020-08-06 23:00:00,16.964560000000006,66.21737241883118,3.440528516386254,2.0,15.574326
2020-08-07 00:00:00,16.77860000000004,65.47367145144749,3.45998718005925,1.0,15.794338
2020-08-07 01:00:00,17.423429999999996,67.88652127075,3.2580922063263222,4.0,16.059296
2020-08-07 02:00:00,20.171040000000005,75.23487410697675,2.313904642039119,4.0,17.328644
2020-08-07 03:00:00,25.948500000000024,52.252993981243414,0.41687109011420426,12.0,336.13306
2020-08-07 04:00:00,28.139760000000024,38.492880357783015,1.0514372363672793,18.0,576.5344
2020-08-07 05:00:00,28.965970000000027,38.62032553768129,1.4352255043943143,5.0,821.8303
2020-08-07 06:00:00,29.92208000000005,36.53648978185979,1.4913884314354495,4.0,1107.3411
2020-08-07 07:00:00,30.367240000000038,37.567775229719715,1.7666306472597648,6.0,1218.2664
2020-08-07 08:00:00,30.78842000000003,36.28178764232553,1.4694359201171274,2.0,1427.8196
2020-08-07 09:00:00,31.259060000000034,34.78570616170626,1.364854949253982,1.0,936.58374
2020-08-07 10:00:00,31.02914000000004,33.59791186981583,0.6071650900840665,5.0,938.02026
2020-08-07 11:00:00,31.247460000000046,33.861655322588796,0.7883203594646151,3.0,700.8635
2020-08-07 12:00:00,30.616420000000005,43.82783173661083,0.8451671822529278,7.0,525.62573
2020-08-07 13:00:00,28.77487000000002,58.01994630773358,1.11109763218787,9.0,182.00946
2020-08-07 14:00:00,25.97670000000005,50.945657872013015,2.6104754153259866,11.0,41.781204
2020-08-07 15:00:00,22.34426000000002,63.86283393885597,3.1163457132395402,7.0,27.302322
2020-08-07 16:00:00,21.20840000000004,67.1411584845106,3.0314656218624285,6.0,32.751022
2020-08-07 17:00:00,20.964650000000006,64.40040246218844,2.907875848459535,5.0,31.900833
2020-08-07 18:00:00,19.947080000000028,67.05700034790665,2.9892061879075857,2.0,22.747162
2020-08-07 20:00:00,18.93643000000003,66.90321868066003,2.605971470522899,1.0,21.870422
2020-08-07 21:00:00,18.403700000000015,66.06666103262303,2.6560529159636115,2.0,29.000854
2020-08-07 22:00:00,17.892570000000035,65.56689640982727,2.6364171466971444,1.0,26.160889
2020-08-07 23:00:00,17.46926000000002,65.5689850869234,2.675826712469178,1.0,22.155598
2020-08-08 00:00:00,16.726530000000025,67.3306552787963,2.94782844811304,1.0,16.488705
2020-08-08 01:00:00,16.890300000000025,74.8193434850102,2.929403446929774,2.0,24.685486
2020-08-08 02:00:00,20.04934000000003,81.39152988905339,2.123478756040568,6.0,53.172302
2020-08-08 03:00:00,25.3134,56.87772394407406,0.710126830325463,6.0,352.8728
2020-08-08 04:00:00,26.929040000000043,45.44604885356168,0.4074326034805665,9.0,567.5786
2020-08-08 05:00:00,28.041470000000004,41.54368647942612,1.1042320711104086,7.0,671.40845
2020-08-08 06:00:00,28.16790000000003,42.55508022051568,0.694496322871272,7.0,1046.9563
2020-08-08 07:00:00,28.051480000000026,40.846727559286094,1.9428799298456016,10.0,980.26
2020-08-08 08:00:00,28.63748000000004,37.798403147356716,1.6081465061345057,6.0,1039.7722
2020-08-08 09:00:00,29.034400000000005,35.229660107944554,2.195713129221365,2.0,851.78906
2020-08-08 10:00:00,29.074600000000032,35.692126348419976,1.6640163155134835,3.0,843.8657
2020-08-08 11:00:00,28.62963000000002,36.872905699280224,1.2404343654756986,2.0,416.77734
2020-08-08 12:00:00,28.465450000000033,45.09938143637079,0.9496831866710947,0.0,378.8225
2020-08-08 13:00:00,27.214650000000006,59.95497697955209,1.0189232689906391,1.0,228.04341
2020-08-08 14:00:00,24.895780000000002,54.430313983643195,1.4442038615646875,1.0,96.942764
2020-08-08 15:00:00,22.36273,62.86835375475304,2.5008058539639997,10.0,53.033142
2020-08-08 16:00:00,20.494439999999997,68.9135103505879,2.563153096829577,7.0,51.917343
2020-08-08 17:00:00,19.63670000000002,73.44941893587864,2.601812119573775,10.0,27.972229
2020-08-08 18:00:00,19.33755000000002,76.9584257547952,2.1581919753374335,5.0,33.55638
2020-08-08 19:00:00,24.43300000000005,43.41965892918333,0.39189857737674044,2.0,99.82573
2020-08-08 20:00:00,21.63918000000001,54.263692752677386,1.4253732892669064,4.0,120.04413
2020-08-08 21:00:00,20.059960000000046,59.568804416337514,1.6583142939903823,2.0,90.20079
2020-08-08 22:00:00,20.661460000000034,52.90636602578272,1.3375077957120738,8.0,95.00342
2020-08-08 23:00:00,21.43356,48.78497675975925,1.134837820919731,5.0,67.156235
2020-08-09 00:00:00,18.341499999999996,60.92567551577929,1.760141386015951,1.0,36.970688
2020-08-09 01:00:00,18.532860000000028,63.178375105440935,1.6213456121686154,2.0,65.90607
2020-08-09 02:00:00,19.24734000000001,71.12037786931982,1.2443843752412305,5.0,179.23907
2020-08-09 03:00:00,20.337270000000046,72.47834852864487,1.038887938136574,5.0,336.5974
2020-08-09 04:00:00,21.216200000000015,70.19315061759987,0.8989534325472756,8.0,468.93774
2020-08-09 05:00:00,22.036950000000047,67.09737764919586,1.391320422940298,11.0,628.063
2020-08-09 06:00:00,23.824600000000032,59.82961582017814,1.6755652217057264,6.0,868.51733
2020-08-09 07:00:00,25.08077000000003,56.35182468839327,2.2438850030548023,4.0,924.6653
2020-08-09 08:00:00,25.44920000000002,53.23040876498424,0.8301477156073517,5.0,1065.2173
2020-08-09 09:00:00,25.907100000000014,51.33942372885687,0.6553142165011168,4.0,1155.7478
2020-08-09 10:00:00,26.600180000000023,46.76049857607952,1.462544185457218,4.0,945.95557
2020-08-09 11:00:00,25.621640000000014,47.52148463488225,1.7720975247819744,6.0,642.58374
2020-08-09 12:00:00,24.6832,51.714478460988616,1.8729703111129754,3.0,321.1372
2020-08-09 13:00:00,23.703640000000007,60.26824055198986,1.6119159242345118,1.0,304.49286
2020-08-09 14:00:00,22.179930000000013,65.49247746253825,1.46024321078055,3.0,121.679184
2020-08-09 15:00:00,19.383080000000007,70.67189444936561,2.2340614730774733,2.0,45.729675
2020-08-09 16:00:00,18.019980000000032,74.00730387194704,2.4461578176303833,1.0,33.463028
2020-08-09 19:00:00,15.620870000000025,77.60318068251125,2.984557794196946,0.0,20.674042
2020-08-09 20:00:00,15.23010000000005,77.54803433744814,3.0504375869368188,1.0,21.459412
2020-08-09 22:00:00,14.937980000000039,76.40802885397822,3.206842190261105,0.0,22.84555
2020-08-09 23:00:00,14.657680000000028,76.46115931459336,3.2863295828169905,1.0,25.620773
2020-08-10 00:00:00,14.821439999999996,74.34652099011635,3.309319716598947,0.0,31.415894
2020-08-10 01:00:00,15.570700000000045,74.97290222269298,3.1869999374868074,1.0,43.85028
2020-08-10 02:00:00,18.59182000000004,76.19865668208425,2.2641665234755695,1.0,103.0305
2020-08-10 03:00:00,23.328450000000032,59.267794843691846,0.8356296638581151,2.0,399.44604
2020-08-10 04:00:00,25.25717000000003,39.640465212965495,0.39156157422236887,2.0,713.1294
2020-08-10 05:00:00,25.987330000000043,37.83416250556401,0.8147641362218655,3.0,1011.1067
2020-08-10 06:00:00,26.73824000000002,35.55665447299199,1.2838148553546853,3.0,1152.1646
2020-08-10 07:00:00,27.164180000000044,37.99442761824667,1.0212372163892043,5.0,1416.6252
2020-08-10 08:00:00,27.843350000000044,37.24466489210813,1.5802167221297525,4.0,1404.0579
2020-08-10 09:00:00,27.68190000000004,37.1622641429897,0.837976567162805,2.0,1355.2634
2020-08-10 10:00:00,27.88467000000003,36.520929000361264,0.48699616361051634,3.0,943.7361
2020-08-10 11:00:00,27.99218000000002,36.769719503369224,2.2564323371944592,6.0,595.5283
2020-08-10 12:00:00,26.303860000000043,41.61399617257431,1.55385940136383,6.0,403.2798
2020-08-10 13:00:00,25.082640000000026,48.06724506399655,2.1672759169559717,6.0,305.10132
2020-08-10 14:00:00,22.759000000000015,57.33046801745855,2.063825359783695,2.0,53.330383
2020-08-10 15:00:00,20.262050000000045,63.79603739441494,2.625786667032242,0.0,51.016464
2020-08-10 16:00:00,18.475340000000017,69.35579249690106,2.8921169938091427,0.0,51.436935
2020-08-10 17:00:00,17.741000000000042,72.25400316193969,2.8904860740932965,1.0,37.371918
2020-08-10 18:00:00,16.97610000000003,73.95384941952257,2.9516653301749707,2.0,27.851547
2020-08-10 19:00:00,16.51600000000002,76.17499083001312,2.9675768713733808,4.0,27.082886
2020-08-10 20:00:00,16.64187000000004,72.87220123562123,2.912173071942292,3.0,27.777344
2020-08-10 23:00:00,15.645600000000002,69.83105450684842,3.1733076767873825,2.0,26.709457
2020-08-11 00:00:00,15.738580000000013,66.64903503662268,3.24066122062079,3.0,21.38124
2020-08-11 01:00:00,15.815330000000017,70.5223421350386,3.190089164127697,2.0,27.57013
2020-08-11 02:00:00,18.38960000000003,78.41023428209552,2.2041551461116966,5.0,62.05861
2020-08-11 03:00:00,23.465300000000013,66.11734280916677,0.44671018151984493,8.0,300.6919
2020-08-11 04:00:00,26.14974000000001,38.622301446752914,1.1911295567492406,5.0,744.8811
2020-08-11 05:00:00,26.67162000000002,36.66530932713666,1.7432521476501166,5.0,940.44116
2020-08-11 06:00:00,27.098600000000033,35.883497301421194,2.2279426938875515,5.0,1378.5889
2020-08-11 07:00:00,27.242200000000025,39.40577121469055,2.764977553578069,2.0,1147.3718
2020-08-11 08:00:00,26.85170000000005,36.342157185634534,2.585831644526914,0.0,1236.1794
2020-08-11 09:00:00,26.944600000000037,36.66083224834558,1.1087701406156054,1.0,1186.4001
2020-08-11 10:00:00,26.978970000000004,35.57424289493384,1.0272246547412975,1.0,1339.094
2020-08-11 11:00:00,26.655730000000005,35.620131886568146,2.7867244650042102,2.0,933.13477
2020-08-11 12:00:00,25.13345000000004,41.31551918527187,2.6076144908900556,5.0,606.34546
2020-08-11 13:00:00,23.79217,47.94461685728046,2.227787795935665,5.0,487.42773
2020-08-11 14:00:00,21.513540000000035,56.78042003457538,1.8071923782707917,5.0,241.36069
2020-08-11 15:00:00,20.12270000000001,61.58442319657039,1.608234360321176,2.0,149.82559
2020-08-11 16:00:00,18.848700000000008,66.14238629687907,1.9821361297758764,2.0,124.33981
2020-08-11 17:00:00,17.820730000000026,70.59111873576967,1.9099750863899214,11.0,65.13835
2020-08-11 18:00:00,17.39680000000004,70.71519234448887,2.0311292109432393,7.0,29.850311
2020-08-11 19:00:00,15.663080000000036,73.52705672376811,2.5990015291423143,8.0,23.146011
2020-08-11 20:00:00,15.518330000000049,73.76724981688345,2.3316550640827414,7.0,24.113937
2020-08-11 21:00:00,16.740800000000036,65.62961374977588,1.8150133242886346,4.0,21.343422
2020-08-11 22:00:00,19.938260000000014,49.78143943045185,1.2231536665992677,6.0,27.841125
2020-08-11 23:00:00,19.916620000000023,48.785207000423355,1.0497753207442295,7.0,24.507446
2020-08-12 00:00:00,19.669520000000034,48.60564150719071,0.9671590022321045,8.0,24.103561
2020-08-12 01:00:00,19.3553,47.93376145712774,0.9635314739615233,7.0,41.626205
2020-08-12 02:00:00,20.081500000000005,46.89729863342475,0.17272862762534516,7.0,180.18077
2020-08-12 03:00:00,21.17144000000002,45.730996569484184,0.9403476263695373,4.0,417.87695
2020-08-12 04:00:00,22.380200000000002,41.97073910184001,1.9178508022628888,5.0,640.8286
2020-08-12 05:00:00,23.12832000000003,40.52513507243099,2.184497661173289,10.0,807.3467
2020-08-12 06:00:00,23.980520000000013,39.19480101268913,2.3780116198238583,14.0,944.88745
2020-08-12 07:00:00,24.742639999999994,45.1015180148661,2.156964847819002,9.0,1019.3369
2020-08-12 08:00:00,25.025540000000035,42.93332892942571,1.9062865639186974,9.0,1170.3926
2020-08-12 09:00:00,25.889499999999998,41.720215145741136,1.7841023511408876,8.0,1296.6416
2020-08-12 10:00:00,25.594449999999995,39.288032387981694,1.3043288270926507,7.0,1081.6672
2020-08-12 11:00:00,25.511680000000013,38.88483059155476,1.4691567521976714,8.0,757.74927
2020-08-12 12:00:00,25.062430000000006,43.54249330299677,1.2118454592664634,8.0,566.4907
2020-08-12 13:00:00,23.54693000000003,52.46998816635389,1.4578292893163767,13.0,390.75586
2020-08-12 14:00:00,21.747400000000027,57.57427683315947,1.4374063183835137,16.0,96.005905
2020-08-12 15:00:00,19.713459999999998,61.009317228239354,1.8444393783463886,6.0,44.99237
2020-08-12 16:00:00,18.07534000000004,64.57556998230275,2.1321867040417284,5.0,33.670013
2020-08-12 17:00:00,16.73013000000003,70.30722709104306,2.4166447024581026,9.0,21.663177
2020-08-12 18:00:00,15.939780000000042,73.87949035429617,2.4292257588981925,9.0,23.085495
2020-08-12 19:00:00,15.660030000000006,74.98079119808405,2.4041265400310565,6.0,19.945816
2020-08-12 20:00:00,15.478480000000047,73.42381965187221,2.320369659574521,6.0,18.6716
2020-08-12 21:00:00,16.1644,68.48004913738917,1.9822209347726818,5.0,22.424301
2020-08-12 22:00:00,19.021140000000003,54.68735655672419,1.3527127235988827,2.0,36.744392
2020-08-12 23:00:00,20.09298000000001,50.705238284178755,1.0656511794005579,1.0,46.351166
2020-08-13 00:00:00,18.410120000000006,57.19543218354079,1.4374740998473814,2.0,57.09178
2020-08-13 01:00:00,17.95840000000004,60.163304527927096,1.4618926518568778,4.0,61.3667
2020-08-13 02:00:00,20.30680000000001,52.55629048721746,0.20617114405588405,4.0,141.99179
2020-08-13 03:00:00,20.91482000000002,55.250512464976715,0.9431524094348546,7.0,295.73657
2020-08-13 04:00:00,21.699850000000026,49.748713722064444,1.6642949802206368,1.0,484.43677
2020-08-13 05:00:00,21.964840000000038,45.69393918628029,2.4028179911654983,13.0,542.7783
2020-08-13 06:00:00,21.771140000000003,44.091819582640596,3.409758410080305,13.0,791.2522
2020-08-13 07:00:00,22.166960000000017,44.4844064367572,3.0370522692529165,10.0,1177.5339
2020-08-13 08:00:00,21.738850000000014,44.02110709561449,3.4774594929049236,19.0,977.9221
2020-08-13 09:00:00,19.384600000000034,55.26983767013303,2.503611280667877,10.0,771.3225
2020-08-13 10:00:00,19.347860000000026,56.70010749591114,1.1694788571814065,15.0,677.5991
2020-08-13 11:00:00,19.816250000000025,55.3910905792578,1.0612385357375893,10.0,551.51465
2020-08-13 12:00:00,19.47090000000003,54.74684461234277,1.3754931441959461,7.0,488.60205
2020-08-13 13:00:00,18.355600000000038,68.14743139086698,0.7799758294844181,6.0,307.8413
2020-08-13 14:00:00,18.44924000000003,61.24219893931537,0.7365899639965533,8.0,219.04272
2020-08-13 15:00:00,16.574580000000026,71.66855582341448,1.645568603026568,9.0,82.035614
2020-08-13 16:00:00,15.335350000000005,73.31321734113901,1.9209797073008181,7.0,37.479523
2020-08-13 17:00:00,13.554740000000038,76.80800640383573,2.406665730307626,10.0,28.691177
2020-08-13 18:00:00,12.195280000000025,81.14889959069262,2.7573422345043084,6.0,24.806747
2020-08-13 19:00:00,11.639430000000004,85.98422217869339,2.9158677295740665,0.0,22.972733
2020-08-13 20:00:00,12.051870000000008,84.98055215279071,2.930943525394647,2.0,24.513718
2020-08-13 21:00:00,12.16885000000002,84.00223899406782,3.0112573078084437,3.0,26.598953
2020-08-13 22:00:00,12.356100000000026,83.24335452606297,3.0952568773604683,3.0,28.495178
2020-08-13 23:00:00,12.308860000000038,82.39445002432453,3.2436689610873692,3.0,33.82837
2020-08-14 00:00:00,12.840970000000027,73.7211197155391,3.4162779879133844,2.0,40.2872
2020-08-14 01:00:00,13.685630000000003,69.63533661044237,3.3606034074047417,3.0,51.66771
2020-08-14 02:00:00,16.34340000000003,68.77396034505111,2.5751642423956955,4.0,66.61012
2020-08-14 03:00:00,20.355680000000007,58.56292543250245,0.9580647837842217,5.0,325.2788
2020-08-14 04:00:00,22.89028000000002,39.4979695122192,0.8380322221127108,6.0,666.2307
2020-08-14 05:00:00,23.892179999999996,38.28175744545034,1.496495558523086,4.0,907.8052
2020-08-14 06:00:00,24.717100000000016,35.9706697732992,1.5670856745278998,4.0,1230.0583
2020-08-14 07:00:00,25.07824000000005,35.707208469240435,1.5054779522736055,3.0,1288.5015
2020-08-14 08:00:00,25.545920000000024,34.732285655654366,1.1317807838418323,2.0,1263.3823
2020-08-14 09:00:00,25.839500000000044,34.0112387926734,0.6686472879217524,2.0,1251.166
2020-08-14 10:00:00,26.114130000000046,32.9552841006941,0.4642748250835031,2.0,1219.4905
2020-08-14 11:00:00,26.024800000000027,32.161935366761696,0.5848680472871368,2.0,1247.4902
2020-08-14 12:00:00,25.681500000000028,34.42697629736658,0.9329333840544687,2.0,869.9192
2020-08-14 13:00:00,24.223100000000045,51.83537415369626,1.1296313830728983,3.0,429.81567
2020-08-14 14:00:00,21.550400000000025,50.322178795311785,1.7655781986454464,17.0,79.34955
2020-08-14 15:00:00,17.908470000000023,59.09462382185827,2.628656896909199,11.0,30.455185
2020-08-14 16:00:00,15.787680000000023,66.93447620757,2.945593182859025,7.0,28.406448
2020-08-14 17:00:00,14.672020000000032,72.4706168838801,3.1317597644558126,8.0,20.882515
2020-08-14 18:00:00,14.09802000000002,74.8113756129325,3.2516394955236327,5.0,17.546062
2020-08-14 19:00:00,14.203120000000013,70.64723013235135,3.2374775291382054,2.0,16.948124
2020-08-14 20:00:00,13.729150000000004,72.52423973268766,3.2159120721739267,4.0,16.861645
2020-08-14 21:00:00,13.499300000000005,71.85258196992797,3.211847219230037,3.0,17.426315
2020-08-14 22:00:00,13.39214000000004,70.40520851828536,3.2638585744689896,5.0,20.400732
2020-08-14 23:00:00,13.181050000000027,70.09357546716699,3.2924677404205047,3.0,21.526875
2020-08-15 00:00:00,12.90157000000005,69.89417385349672,3.353104320212852,0.0,22.97831
2020-08-15 04:00:00,24.806820000000016,37.19775550691103,1.1911780090362758,3.0,645.31177
2020-08-15 05:00:00,25.715900000000033,33.6735824414699,1.5158778037479073,2.0,881.2422
2020-08-15 06:00:00,26.5505,30.6914816765977,1.6914215163540456,1.0,1094.9282
2020-08-15 07:00:00,27.141320000000007,31.40679891404521,1.1907765490385886,1.0,1182.5281
2020-08-15 08:00:00,27.80892,29.95553193751396,0.6211217579727234,1.0,1422.9026
2020-08-15 09:00:00,28.05890000000005,28.977928032902526,0.5950537751291621,3.0,1420.8113
2020-08-15 10:00:00,28.29110000000003,29.830752611624284,1.1647221513547212,8.0,1287.3267
2020-08-15 11:00:00,28.317470000000014,29.53316245079329,0.7458954516328733,358.0,1140.5398
2020-08-15 12:00:00,27.844629999999995,33.01727769040577,0.659913521949773,7.0,462.50073
2020-08-15 13:00:00,25.678500000000042,45.85470430788443,1.9125186459930719,22.0,207.89459
2020-08-15 14:00:00,22.42733000000004,53.39306287694033,2.730586710762223,25.0,71.00816
2020-08-15 15:00:00,19.97810000000004,64.56918035695844,2.901985657724466,10.0,29.310928
2020-08-15 16:00:00,18.60378000000003,72.01605784360399,2.985129811217933,9.0,17.242785
2020-08-15 17:00:00,17.524200000000008,76.83289018142449,3.012085479266274,11.0,15.629279
2020-08-15 18:00:00,16.972800000000007,78.02210508904098,2.9928961842808866,7.0,15.418224
2020-08-15 19:00:00,16.739300000000014,68.3841874254176,3.0994341921163664,3.0,15.928525
2020-08-15 20:00:00,16.102750000000015,69.57969298576727,3.18367845188382,3.0,16.803535
2020-08-15 21:00:00,15.622500000000002,71.00070723644541,3.309985315556152,3.0,17.47462
2020-08-16 00:00:00,15.141560000000027,71.39042044848429,3.4817255135423775,1.0,18.699604
2020-08-16 01:00:00,15.65870000000001,71.64073090866877,3.3906061167618526,1.0,19.990215
2020-08-16 02:00:00,18.653470000000027,75.5802164348273,2.464253967273074,0.0,24.92398
2020-08-16 03:00:00,24.22442000000001,60.629580931436905,0.4376168095339465,2.0,286.9538
2020-08-16 04:00:00,26.973900000000015,39.25786364978117,1.1568875872395987,4.0,638.82056
2020-08-16 05:00:00,27.769300000000044,36.87325794466927,1.4125958957691964,4.0,841.6194
2020-08-16 06:00:00,28.70013,34.7131041168053,1.7354572617104231,1.0,1035.9993
2020-08-16 07:00:00,29.04830000000004,35.79298333536603,1.9273493298988384,2.0,1180.4114
2020-08-16 08:00:00,29.267240000000015,34.52623224444192,1.8278399109718142,7.0,1078.3984
2020-08-16 09:00:00,28.78585000000004,35.27526028930489,2.4178498579495624,6.0,1025.5264
2020-08-16 10:00:00,28.34548000000001,40.81694821424723,2.4219166277515685,6.0,1172.0042
2020-08-16 11:00:00,28.161,43.780006274317586,2.213336195758417,8.0,780.3948
2020-08-16 12:00:00,26.741540000000043,45.521222115037226,2.4780955142963035,12.0,504.57202
2020-08-16 13:00:00,24.94036,51.64273152998549,1.9536780244324625,8.0,364.77203
2020-08-16 14:00:00,23.067530000000033,52.1151306116614,1.643931945718665,10.0,165.98512
2020-08-16 15:00:00,23.85537000000005,43.328092738878546,0.1684580353152348,6.0,27.14029
2020-08-16 16:00:00,21.307180000000017,56.37568404064331,1.2477742187575602,5.0,38.4382
2020-08-16 17:00:00,20.48547000000002,58.06006945157247,1.4740861695291256,10.0,45.165344
2020-08-16 18:00:00,20.455700000000036,58.85031503731202,1.4212839314284185,7.0,39.161545
2020-08-16 19:00:00,18.407460000000015,66.93674999922104,2.1054187285800348,2.0,37.40976
2020-08-16 20:00:00,16.622950000000003,74.32037055643441,2.6160037393359783,2.0,24.650589
2020-08-16 21:00:00,16.25698,77.49917804233537,2.6620375082575003,3.0,21.899887
2020-08-16 22:00:00,16.385100000000023,76.31711932273572,2.742405838858518,5.0,55.458694
2020-08-16 23:00:00,16.489220000000046,75.7682900057641,2.7270951546431688,4.0,48.680954
2020-08-17 00:00:00,16.251860000000022,75.50655925457346,2.8115362871767413,1.0,43.839752
2020-08-17 01:00:00,16.181880000000035,76.63657068007747,2.8510697130794034,0.0,31.129059
2020-08-17 03:00:00,24.37002000000001,57.18409536071412,0.22134046223251838,5.0,393.11328
2020-08-17 04:00:00,26.13775000000004,45.188991142490586,1.4062647803829333,8.0,611.3096
2020-08-17 05:00:00,27.012,42.55018483010299,1.9622775639441072,14.0,834.10645
2020-08-17 06:00:00,27.599180000000047,41.215145275789354,1.2734919067276766,12.0,906.7119
2020-08-17 07:00:00,28.128000000000043,40.34859210332953,1.5156377093206725,7.0,1041.1096
2020-08-17 08:00:00,28.741780000000006,38.76746439966816,1.011276664141228,5.0,1223.0815
2020-08-17 09:00:00,29.479030000000023,36.37399924067476,2.416722396631248,8.0,1189.7449
2020-08-17 10:00:00,28.979100000000017,34.014860293408475,1.7463719760378809,103.0,901.4343
2020-08-17 11:00:00,28.365560000000016,34.78402341764662,1.0440575055116932,11.0,677.0708
2020-08-17 12:00:00,27.020320000000027,46.90706752993209,1.7748994823058601,6.0,452.77075
2020-08-17 13:00:00,25.193200000000047,63.47990440224681,1.439531907645541,6.0,267.16623
2020-08-17 14:00:00,26.120600000000024,47.60774041815632,0.4730321738223941,22.0,73.67062
2020-08-17 15:00:00,24.816200000000038,49.77048800134001,0.7541940060913239,36.0,42.95172
2020-08-17 16:00:00,23.73843000000005,52.952845932788605,0.7595830787128943,30.0,42.500717
2020-08-17 17:00:00,20.787959999999998,64.88328652727255,1.5569114584956372,17.0,28.077042
2020-08-17 18:00:00,18.04480000000001,76.38832176297542,2.3099521626906236,10.0,25.337065
2020-08-17 19:00:00,19.07650000000001,62.69824022767329,1.7854587704264342,13.0,26.060623
2020-08-17 20:00:00,18.55886000000004,65.35941020202226,1.937241623315998,11.0,43.159092
2020-08-17 21:00:00,16.607140000000015,74.69648256838542,2.519590310091998,8.0,161.17809
2020-08-17 22:00:00,16.526200000000017,76.36464647793555,1.8747998148593363,6.0,242.88678
2020-08-17 23:00:00,16.264370000000042,80.81445322036268,1.457450888299761,4.0,195.82108
2020-08-18 00:00:00,15.378600000000006,87.90773159128267,1.3647564117937283,2.0,278.0039
2020-08-18 01:00:00,14.274320000000046,93.2283663277072,1.6061455952284525,0.0,359.94186
2020-08-18 02:00:00,15.087640000000022,91.31731813965324,2.0499087559739464,1.0,339.2438
2020-08-18 03:00:00,14.932700000000011,90.52869499849558,2.1388531047195647,4.0,245.60481
2020-08-18 04:00:00,14.718230000000005,88.75247628151321,2.1659674437293472,1.0,218.81276
2020-08-18 05:00:00,14.444800000000043,87.74844153063736,1.8364359994401003,2.0,259.31836
2020-08-18 06:00:00,14.677549999999997,85.94669922250408,1.5858370459615165,3.0,302.21655
2020-08-18 09:00:00,16.58065000000005,81.20450939193549,2.2430315694553076,0.0,386.1267
2020-08-18 10:00:00,17.42130000000003,72.91704935875221,2.6093699955544554,0.0,339.3755
2020-08-18 11:00:00,18.39047000000005,63.46035435627231,2.565284014616914,1.0,340.62036
2020-08-18 12:00:00,18.897760000000005,59.55707398102374,2.4297160327321152,3.0,314.27612
2020-08-18 13:00:00,18.50448,63.071762338532665,1.8498380370314529,4.0,187.51903
2020-08-18 14:00:00,17.18792000000002,65.98029401420432,2.286461331326502,4.0,101.74045
2020-08-18 15:00:00,16.104820000000018,70.53561369512852,2.259681012589124,4.0,88.19493
2020-08-18 16:00:00,14.974330000000009,74.67936963039388,2.2867432597802186,1.0,60.63971
2020-08-18 17:00:00,14.268460000000005,75.53630292627592,2.317310802654152,0.0,36.460922
2020-08-18 18:00:00,13.74490000000003,75.86522395688208,2.310669237479244,0.0,32.059708
2020-08-18 19:00:00,13.265600000000006,79.82911315223524,2.437760437066947,0.0,28.932924
2020-08-18 21:00:00,13.724700000000041,74.62910730887165,1.9791225319678885,0.0,30.604279
2020-08-18 22:00:00,15.02660000000003,65.78635207400738,1.6324363978336327,2.0,33.058533
2020-08-18 23:00:00,17.18440000000004,55.81771050796703,1.2237122881120341,3.0,20.139023
2020-08-19 00:00:00,17.479520000000036,54.05539587957925,0.9335943843261533,3.0,29.25148
2020-08-19 01:00:00,17.597380000000044,54.81062456703981,1.2381892186284715,0.0,29.558838
2020-08-19 02:00:00,18.41073,53.37502547319488,0.17665141391371392,0.0,45.668427
2020-08-19 03:00:00,18.837500000000034,54.90817158669316,0.9768280275822607,5.0,366.34766
2020-08-19 04:00:00,20.015300000000025,48.93907504128909,1.6381149978739649,7.0,530.88696
2020-08-19 05:00:00,20.891170000000045,44.794222915318386,1.7541354841201577,6.0,678.053
2020-08-19 06:00:00,21.698020000000042,43.16853170360398,1.856734410315266,4.0,807.0344
2020-08-19 07:00:00,21.713250000000016,44.80599481319946,1.9638262689334354,4.0,839.1294
2020-08-19 08:00:00,22.284140000000036,44.21133135300025,1.4122012848362067,2.0,872.7024
2020-08-19 09:00:00,22.78716000000003,43.956343662625315,1.232444324601556,5.0,941.79834
2020-08-19 10:00:00,23.12936000000002,44.29795557854022,0.9071110131777973,5.0,909.5454
2020-08-19 11:00:00,23.496669999999995,43.66153825604614,0.879938272167847,4.0,714.437
2020-08-19 12:00:00,22.57990000000001,43.47591727008915,0.4394904346874912,4.0,515.239
2020-08-19 13:00:00,21.257000000000005,65.35941211636006,0.884726695567478,5.0,283.4077
2020-08-19 14:00:00,19.263450000000034,64.58330195126817,1.4083705541489675,19.0,45.874847
2020-08-19 15:00:00,16.715100000000007,70.8204923660384,2.420347417344646,10.0,26.406906
2020-08-19 16:00:00,14.979600000000005,77.93133015911218,2.6292358862469705,8.0,31.95224
2020-08-19 17:00:00,14.21243000000004,77.95070185650162,2.719647331286454,8.0,18.575073
2020-08-19 18:00:00,13.738240000000019,77.89024901290063,2.784435030372914,5.0,17.22087
2020-08-19 19:00:00,13.618920000000003,75.58605859937661,2.8202716131241448,2.0,17.748825
2020-08-19 20:00:00,12.849150000000009,77.88765903357853,2.858275297926581,3.0,15.664434
2020-08-19 21:00:00,12.576260000000048,78.48572582188204,2.8677106849904077,3.0,15.737836
2020-08-19 22:00:00,12.090360000000032,79.36514855608004,2.9645865902167623,2.0,18.657196
2020-08-19 23:00:00,11.75018,79.81311799060686,2.9805174959208744,2.0,17.416075
2020-08-20 00:00:00,11.528250000000014,79.53828960409733,2.986503094646796,4.0,16.86238
2020-08-20 01:00:00,11.970540000000028,79.49552454857965,2.767755934283536,4.0,18.176834
2020-08-20 02:00:00,15.277919999999995,80.44420882766762,1.6723912737089017,4.0,25.175858
2020-08-20 03:00:00,20.114250000000027,53.236718947471054,1.0739750776791723,3.0,367.60156
2020-08-20 04:00:00,21.12692000000004,50.37382656163223,1.3774785989843217,2.0,607.2302
2020-08-20 05:00:00,22.327080000000024,48.49805491373021,2.001635746742793,4.0,763.76807
2020-08-20 06:00:00,23.267539999999997,47.48228147594763,1.8254040177952715,3.0,1049.1252
2020-08-20 07:00:00,23.753000000000043,47.27824447099187,1.700481573218726,3.0,1047.1243
2020-08-20 08:00:00,24.294759999999997,45.2816981131576,1.7568799677020617,2.0,1458.4187
2020-08-20 11:00:00,23.965970000000027,42.292772927643135,1.758828423049038,2.0,589.99585
2020-08-20 12:00:00,22.782250000000033,46.34896955845027,2.230990354795789,6.0,437.62085
2020-08-20 13:00:00,21.03994,53.60186035315204,2.0247311123135754,7.0,348.58765
2020-08-20 14:00:00,19.066100000000006,61.65482936831862,2.077066639435715,32.0,136.43643
2020-08-20 15:00:00,17.307860000000005,71.11622431198157,2.2372900887971685,6.0,54.646545
2020-08-20 16:00:00,16.216700000000003,77.55310125645099,2.3973562240745703,5.0,38.32808
2020-08-20 17:00:00,15.300260000000037,80.03285656219823,2.528541531468107,4.0,34.898453
2020-08-20 18:00:00,14.627340000000004,81.689141852711,2.5524742261356916,2.0,31.165436
2020-08-20 19:00:00,13.628930000000025,86.7172177615113,2.980602895128234,1.0,25.368195
2020-08-20 20:00:00,13.305139999999994,85.70827410621628,2.9396530169046318,0.0,19.961685
2020-08-20 21:00:00,13.369619999999998,83.49363211971954,2.84779163395559,0.0,16.718653
2020-08-20 22:00:00,13.198140000000024,79.84188679761749,2.81536092756458,3.0,19.71762
2020-08-20 23:00:00,12.973569999999995,77.25938881215608,2.7639330406386504,4.0,16.968018
2020-08-21 00:00:00,12.92855000000003,75.59808189407093,2.6519536880990966,6.0,17.36604
2020-08-21 01:00:00,12.963279999999997,76.38696646383167,2.3991388204481683,4.0,25.701761
2020-08-21 02:00:00,15.991900000000044,71.7687104224719,1.4795061267610123,2.0,97.41522
2020-08-21 03:00:00,19.247580000000028,61.63873735448942,0.2788593161292982,2.0,430.74316
2020-08-21 04:00:00,21.04928000000001,48.13773719933678,0.668521071925725,1.0,701.3479
2020-08-21 07:00:00,22.621700000000033,40.55792684328663,1.8157892530636175,0.0,1105.8174
2020-08-21 08:00:00,22.936500000000024,37.96844213502819,1.8740532733142379,0.0,1035.7964
2020-08-21 11:00:00,23.204859999999996,36.968941065996844,0.5783492326679253,1.0,642.73926
2020-08-21 12:00:00,22.969750000000033,38.56998815429543,0.6891650012558542,1.0,465.44922
2020-08-21 13:00:00,21.586700000000008,50.933010183344486,1.5880958158515814,6.0,298.7199
2020-08-21 14:00:00,19.019000000000005,57.39413984763756,2.208885635805125,10.0,78.91496
2020-08-21 15:00:00,16.829520000000002,65.57833806355379,2.546020603600965,8.0,46.88333
2020-08-21 16:00:00,15.202600000000018,72.29643387668892,2.772111201812259,4.0,26.240036
2020-08-21 17:00:00,14.298429999999996,75.55507465611556,2.7677262502646913,2.0,19.754013
2020-08-21 18:00:00,13.398830000000032,77.60868623318397,2.840505584641113,1.0,18.519684
2020-08-21 19:00:00,13.037560000000042,74.8670746763845,3.0032813860103866,5.0,17.314941
2020-08-21 20:00:00,12.581050000000005,75.54894206540472,3.033463068688197,4.0,17.258457
2020-08-21 21:00:00,12.406640000000039,74.96495509189114,3.090818643329694,0.0,16.938457
2020-08-21 22:00:00,12.135700000000043,74.36520113220094,3.179399031465508,0.0,18.16507
2020-08-21 23:00:00,11.907399999999996,73.6789810876627,3.2364805188380297,1.0,16.154968
2020-08-22 00:00:00,11.758020000000045,72.69980512980202,3.2517752378934155,4.0,15.727294
2020-08-22 01:00:00,12.035500000000013,72.2599557794755,3.1092806204299093,4.0,16.00563
2020-08-22 02:00:00,14.848540000000014,76.96615409562341,2.069008121101128,3.0,18.042175
2020-08-22 03:00:00,20.700900000000047,52.76908746627151,1.2000477269198242,4.0,275.49835
2020-08-22 04:00:00,22.34286000000003,45.11738544869565,1.9370366914415689,14.0,519.1948
2020-08-22 05:00:00,23.446200000000033,43.22715690980523,2.295693446279307,9.0,757.22925
2020-08-22 06:00:00,24.47030000000001,40.787240475106756,2.373610768287408,7.0,949.3423
2020-08-22 07:00:00,25.782200000000046,40.73949111320593,2.3969008895148125,4.0,1130.459
2020-08-22 08:00:00,26.41085000000004,38.902626091567704,2.4647578945664015,4.0,1170.9365
2020-08-22 09:00:00,26.732700000000023,37.44082280450637,1.9361556435256568,5.0,1170.9246
2020-08-22 10:00:00,26.92130000000003,36.49690127104603,1.8961754228248704,6.0,1054.9563
2020-08-22 11:00:00,26.836850000000027,36.36926250677142,1.6150967917001258,10.0,830.489
2020-08-22 12:00:00,26.329949999999997,41.12740172886727,1.4247479908590424,12.0,563.96045
2020-08-22 13:00:00,25.373860000000036,49.913142651729316,0.899690337517663,12.0,232.30469
2020-08-22 14:00:00,22.660500000000013,50.08132807893255,1.632641329169138,26.0,43.605164
2020-08-22 15:00:00,19.517570000000035,56.03254419433783,2.343711092954797,12.0,26.407028
2020-08-22 16:00:00,18.960170000000005,54.0468314528327,2.298651168811608,7.0,27.053207
2020-08-22 17:00:00,19.131400000000042,49.97449449732359,2.11498273273553,7.0,28.595337
2020-08-22 18:00:00,18.544340000000034,49.9248765909135,2.1066342817810715,8.0,29.086502
2020-08-22 19:00:00,21.980680000000007,39.43176607452054,1.5910119834920478,5.0,22.540176
2020-08-22 20:00:00,22.226680000000044,37.37620639394249,1.458792496111122,2.0,20.781235
2020-08-22 21:00:00,21.828700000000026,37.365757732277814,1.566131555369818,5.0,22.047531
2020-08-22 22:00:00,20.00030000000004,41.21927595230819,1.741065322016179,4.0,24.995636
2020-08-22 23:00:00,18.723870000000034,43.76294935983704,1.891229564468194,2.0,21.617695
2020-08-23 00:00:00,17.775599999999997,45.35019633513073,2.0227322984657006,2.0,24.006649
2020-08-23 01:00:00,17.301500000000033,46.8213709994011,2.0848554189370128,1.0,21.94316
2020-08-23 02:00:00,21.90640000000002,34.707746832837465,1.2137148185262292,1.0,17.14656
2020-08-23 03:00:00,21.855000000000018,58.91718353960367,0.5291123807338914,1.0,244.80379
2020-08-23 04:00:00,24.66476,35.06851874169025,1.539635771616862,3.0,518.81006
2020-08-23 05:00:00,25.445520000000045,34.722674703607936,2.111326806308028,4.0,743.22
2020-08-23 06:00:00,26.269100000000037,33.99648613659288,2.1660280030070203,4.0,919.8093
2020-08-23 07:00:00,27.403560000000027,32.8725646311272,2.355265749090291,4.0,1060.8655
2020-08-23 08:00:00,27.757470000000012,32.24468954186727,1.7222763871145266,4.0,1017.1194
2020-08-23 09:00:00,28.313800000000015,31.635443108721297,1.4444158323813299,13.0,1024.2634
2020-08-23 10:00:00,28.59970000000004,31.272673826614927,1.2073052382791012,15.0,808.70776
2020-08-23 11:00:00,28.75356000000005,31.31398219413003,1.212863155249448,4.0,720.01636
2020-08-23 12:00:00,27.90664000000004,43.68649336795208,1.021654505063057,8.0,488.94775
2020-08-23 13:00:00,27.16778000000005,42.56036987221176,1.009447628001137,12.0,224.25482
2020-08-23 14:00:00,23.326750000000004,48.19692154942588,2.0116029656355177,40.0,27.580322
2020-08-23 15:00:00,20.473400000000026,54.54817245068146,2.60327143864012,12.0,19.434006
2020-08-23 16:00:00,18.95574000000005,57.868489840005395,2.700865186645272,18.0,17.416904
2020-08-23 17:00:00,18.599820000000022,56.64779177819961,2.585113280302772,16.0,16.650875
2020-08-23 18:00:00,17.562520000000006,58.37077159205664,2.8301959046345635,12.0,17.848118
2020-08-23 19:00:00,15.980070000000012,73.81575920526686,3.5832901758771136,8.0,19.25721
2020-08-23 20:00:00,16.46917000000002,70.98455026200389,3.5334681754752117,10.0,19.59293
2020-08-23 21:00:00,16.88670000000002,67.26219145760335,3.5821658458300734,5.0,18.658459
2020-08-23 22:00:00,17.318570000000022,63.359132624012375,3.592280101771,3.0,26.532135
2020-08-23 23:00:00,17.628930000000025,59.85772326681644,3.566272571170954,2.0,26.828918
2020-08-24 00:00:00,17.74246000000005,56.94349690903962,3.582259584324982,1.0,23.468842
2020-08-24 01:00:00,17.912740000000042,58.179938075900445,3.555000508672241,2.0,21.538212
2020-08-24 02:00:00,20.12234000000001,62.941695935930674,2.9177548376821845,3.0,24.106415
2020-08-24 03:00:00,24.78066000000001,69.89458798710484,1.2616216676259078,16.0,56.232986
2020-08-24 04:00:00,29.563199999999995,31.53499039198491,0.5752235622579585,19.0,817.2434
2020-08-24 05:00:00,30.533470000000023,32.67331095617507,1.7749597980374323,8.0,1120.2126
2020-08-24 06:00:00,31.087060000000008,32.63519257664332,2.440374619293657,35.0,1212.6797
2020-08-24 07:00:00,30.18795,36.148060341907566,3.7499161353157593,10.0,1098.1216
2020-08-24 08:00:00,30.362330000000043,36.03189731633546,3.285037875282226,14.0,1100.6409
2020-08-24 09:00:00,29.84292000000005,38.672484152548414,0.5708707171630635,10.0,699.1289
2020-08-24 10:00:00,30.7543,34.40602410724418,2.3593626170295448,11.0,444.44922
2020-08-24 11:00:00,30.70532000000003,35.62564435746142,2.7770411169863585,19.0,530.25635
2020-08-24 12:00:00,29.011930000000007,45.5738240562972,1.7506281920204556,16.0,310.4109
2020-08-24 13:00:00,27.165670000000034,53.354285860986145,2.3921784561291783,24.0,123.69493
2020-08-24 14:00:00,23.99362000000002,63.060996523326466,2.7963800703852204,23.0,29.475204
2020-08-24 15:00:00,21.912500000000023,66.18195212723168,3.1247442038904323,12.0,20.226486
2020-08-24 16:00:00,21.86940000000004,60.72649526305549,3.182842150496093,7.0,87.44005
2020-08-24 17:00:00,19.99430000000001,67.14344460011218,3.2836439576470857,8.0,92.98131
2020-08-24 18:00:00,18.631200000000035,68.90169562248862,3.404656218050598,16.0,38.236893
2020-08-24 19:00:00,19.85226,58.91511979482425,3.1539569929208646,11.0,30.858948
2020-08-24 20:00:00,18.93234000000001,60.565126857073686,3.072691370197889,17.0,42.54303
2020-08-24 21:00:00,18.89327000000003,58.76179254522518,2.457389108971465,14.0,32.354416
2020-08-24 22:00:00,23.640950000000032,40.72217675814451,0.9227135691614433,13.0,36.696167
2020-08-24 23:00:00,23.134180000000015,41.512329226570714,0.5368221462954285,16.0,15.262579
2020-08-25 00:00:00,22.168100000000038,43.96412266064678,1.0560362892525283,20.0,19.679916
2020-08-25 01:00:00,21.165980000000047,46.39592668549986,1.0654255645725514,27.0,38.992294
2020-08-25 02:00:00,20.782740000000047,53.65832984758712,0.9627983645728222,27.0,114.33482
2020-08-25 03:00:00,22.1139,50.519055117214926,1.9268506933166825,26.0,587.46655
2020-08-25 04:00:00,22.53230000000002,49.82481458221469,2.1404804792550047,28.0,795.60596
2020-08-25 05:00:00,23.205100000000016,48.688198105110935,2.3112370559094875,30.0,971.4138
2020-08-25 06:00:00,23.391750000000002,48.35251225230016,2.72967331207992,30.0,915.4409
2020-08-25 07:00:00,23.438000000000045,46.53058632002918,2.6525844497602655,33.0,974.2803
2020-08-25 08:00:00,23.617330000000038,46.65634543558696,2.9430463180167314,34.0,817.25684
2020-08-25 09:00:00,23.29788000000002,48.332735367637056,2.274049304833035,33.0,665.50635
2020-08-25 10:00:00,23.46260000000001,48.83532573107749,2.1781944531562143,50.0,694.60156
2020-08-25 11:00:00,22.94717000000003,50.31587815063214,2.18367537151016,55.0,685.2732
2020-08-25 12:00:00,21.88076000000001,54.43097968737158,0.7923370222490395,54.0,527.0996
2020-08-25 13:00:00,20.821680000000015,65.03726463228128,0.8259143058767932,47.0,229.81245
2020-08-25 14:00:00,19.267539999999997,77.00471837753865,1.2573826069549474,43.0,113.42871
2020-08-25 15:00:00,18.129800000000046,84.81459227822059,1.0208341193825268,43.0,110.65152
2020-08-25 16:00:00,17.080200000000048,88.04699941720469,1.6993908320181688,39.0,71.35799
2020-08-25 17:00:00,16.553980000000024,88.64699971987045,2.033347580352616,40.0,62.89592
2020-08-25 18:00:00,16.311800000000005,87.27614407017008,2.0415944443534175,38.0,54.40796
2020-08-25 19:00:00,15.966940000000022,84.11602792143019,1.5748049569645124,44.0,60.401657
2020-08-25 20:00:00,15.720360000000028,81.85850904906444,1.5834368760233801,44.0,61.168564
2020-08-25 21:00:00,15.801300000000026,78.51079873169536,1.5531637220623264,40.0,39.02292
2020-08-25 22:00:00,15.320700000000045,79.07385661522544,1.7070546820636678,35.0,31.286316
2020-08-25 23:00:00,17.699520000000007,68.2246048123859,1.302696039267952,33.0,13.03104
2020-08-26 00:00:00,18.111469999999997,66.27157829509385,1.2846845709577284,32.0,15.69429
2020-08-26 01:00:00,16.868460000000027,69.0524768291394,1.4441448373001406,38.0,36.540443
2020-08-26 02:00:00,18.931500000000028,66.03463065650021,0.6068931265632986,39.0,115.602005
2020-08-26 03:00:00,20.04495000000003,64.88645026069688,0.9287701783641643,34.0,311.49902
2020-08-26 04:00:00,21.30477000000002,60.67077975636364,1.8267235977285707,22.0,563.2842
2020-08-26 05:00:00,21.938500000000033,59.096207815547146,2.0665047734208453,13.0,637.38916
2020-08-26 06:00:00,22.67697000000004,54.64038044829726,2.177609025412692,12.0,765.9075
2020-08-26 07:00:00,22.714260000000024,55.1853966964293,2.356599501865232,12.0,918.0679
2020-08-26 08:00:00,23.449670000000026,52.264495935796354,2.7225307310504707,9.0,975.00366
2020-08-26 09:00:00,23.018200000000036,52.025904230340025,2.9377165245988524,16.0,845.94824
2020-08-26 10:00:00,22.154780000000017,54.984089376696645,2.5824831106506854,7.0,715.6682
2020-08-26 11:00:00,21.49117000000001,54.31857214599385,2.476412720394482,6.0,551.67773
2020-08-26 12:00:00,20.149500000000046,64.53063071397024,2.563879184533486,4.0,270.68
2020-08-26 13:00:00,18.75875000000002,76.81260855562758,2.833251847497735,5.0,197.03374
2020-08-26 14:00:00,17.476650000000006,81.28947938184396,3.7125658596208986,5.0,194.67117
2020-08-26 15:00:00,15.822500000000048,83.0040903908707,3.999704837627003,4.0,325.01886
2020-08-26 16:00:00,14.368920000000003,81.97821837746547,4.4225137340060465,7.0,497.76105
2020-08-26 17:00:00,13.014300000000048,85.90563008920469,3.6539085099267594,7.0,432.65063
2020-08-26 18:00:00,12.545620000000042,86.69790502528599,1.5525582518872842,5.0,205.42686
2020-08-26 19:00:00,13.099880000000041,91.78099576696633,1.0847176415118327,4.0,139.00385
2020-08-26 20:00:00,13.170530000000042,91.73422905589055,0.952489156430231,10.0,93.31227
2020-08-26 21:00:00,13.199180000000013,91.63730586307786,1.3989374848897271,11.0,134.65195
2020-08-26 22:00:00,12.862540000000024,91.57053414133541,1.7055949852069967,12.0,158.0891
2020-08-26 23:00:00,12.466940000000022,93.32768222211938,1.4076399708509253,11.0,153.66179
2020-08-27 00:00:00,12.23684000000003,93.7911503113794,0.8871122574372102,16.0,131.04486
2020-08-27 01:00:00,12.35107000000005,92.38700448571771,0.828551495970565,18.0,164.34433
2020-08-27 02:00:00,12.864530000000002,90.5857673522988,0.7099099981295816,7.0,202.23906
2020-08-27 03:00:00,13.238100000000031,88.44974561792013,1.18020913344869,8.0,245.4095
2020-08-27 04:00:00,13.94335000000001,84.35726370950866,1.6324630620337948,5.0,311.95996
2020-08-27 05:00:00,14.698020000000042,80.68710264847539,1.8443902431128252,1.0,340.31104
2020-08-27 06:00:00,15.240049999999997,76.96510800510369,1.687645707236753,2.0,526.7766
2020-08-27 07:00:00,15.362270000000024,80.92416958735198,1.632679016043232,2.0,532.53784
2020-08-27 11:00:00,15.358270000000005,81.52959145560405,1.0134225828277263,0.0,490.88464
2020-08-27 12:00:00,15.99642,78.67980879159418,1.1244265115192467,2.0,359.2517
2020-08-27 13:00:00,15.215360000000032,80.00332251457819,1.0719254394508348,7.0,290.0857
2020-08-27 14:00:00,14.722440000000006,81.46303405895924,0.08944711298568891,5.0,179.88957
2020-08-27 15:00:00,15.02090000000004,79.56761968368676,0.2846848745836849,8.0,113.96661
2020-08-27 16:00:00,14.273580000000038,83.76754089098687,0.5544992136288632,6.0,111.68172
2020-08-27 17:00:00,13.874630000000025,85.24084911156834,0.5184634007207307,5.0,52.326614
2020-08-27 18:00:00,12.411980000000028,86.45025906276796,1.3929354480693843,4.0,49.341354
2020-08-27 19:00:00,11.354820000000018,83.04372693624475,1.6102424947390643,2.0,41.287476
2020-08-27 21:00:00,11.17953,75.26034173298477,1.7165704033115914,1.0,27.97786
2020-08-27 22:00:00,10.234830000000045,76.4180243600373,1.8951850349877533,1.0,44.453613
2020-08-28 03:00:00,16.408900000000017,58.98709906808213,0.5484342851624915,0.0,340.54004
2020-08-28 04:00:00,18.052900000000022,51.92516891053539,1.2061551046807997,0.0,612.52124
2020-08-28 05:00:00,19.31576000000001,49.90779756977729,1.3485170608745036,1.0,809.50903
2020-08-28 06:00:00,20.44625000000002,47.64951600148397,1.457078377811887,0.0,1060.6812
2020-08-28 07:00:00,21.26565000000005,46.78112130735652,1.9924135612144984,1.0,1205.4507
2020-08-28 08:00:00,21.79495000000003,45.29969118232615,1.8651226248315442,2.0,1069.7229
2020-08-28 09:00:00,22.14413000000002,44.02782232774387,1.6877508423647378,0.0,941.90845
2020-08-28 12:00:00,21.86324000000002,44.97239451266711,0.8772071652869311,2.0,650.1035
2020-08-28 13:00:00,20.37924000000004,59.97793259334733,1.1985814048138907,7.0,357.8794
2020-08-28 14:00:00,17.713600000000042,63.96901271157048,1.85868793389819,26.0,68.36423
2020-08-28 15:00:00,15.462550000000022,70.28870695106333,2.3199901203883737,3.0,32.248337
2020-08-28 16:00:00,13.748100000000022,74.63764039864552,2.596024175854258,6.0,36.340164
2020-08-28 17:00:00,12.632040000000018,76.78219705615444,2.705828592861028,7.0,32.662315
2020-08-28 18:00:00,11.777800000000013,78.88745954192953,2.7960723413437694,6.0,28.520876
2020-08-28 19:00:00,12.937400000000025,69.61288110485245,2.4197592438134508,3.0,24.400646
2020-08-28 20:00:00,12.272180000000048,71.09391459182523,2.4486266013443045,1.0,21.2975
2020-08-28 21:00:00,11.176400000000001,74.44094854473845,2.6383706133179343,1.0,18.574928
2020-08-28 22:00:00,9.957300000000032,79.01592212093767,2.9530464533274263,2.0,23.627136
2020-08-28 23:00:00,9.341200000000015,82.84181576334124,3.183038928552299,2.0,18.045845
2020-08-29 00:00:00,9.25472000000002,84.4047313166852,3.3091081864036735,1.0,18.132042
2020-08-29 03:00:00,17.786980000000028,73.43256810033675,0.4437487298647037,3.0,162.53905
2020-08-29 04:00:00,21.294820000000016,45.12086316016797,1.3238319733069601,16.0,497.13525
2020-08-29 05:00:00,22.40933000000001,43.107215337123435,1.8362644708756146,5.0,726.23413
2020-08-29 06:00:00,23.455300000000022,41.06988716136902,2.010764182384719,12.0,966.9592
2020-08-29 07:00:00,24.392719999999997,40.06117837453347,2.48276298163431,5.0,1084.5962
2020-08-29 11:00:00,25.009060000000034,36.49298181705728,0.9417383872682891,3.0,978.417
2020-08-29 12:00:00,24.53848000000005,35.199222220385366,0.38339468779612296,2.0,740.32935
2020-08-29 13:00:00,24.35134000000005,33.36377667100328,0.05419221866613369,8.0,309.8508
2020-08-29 14:00:00,23.237570000000005,36.202255522669795,0.8173250362340306,19.0,60.617905
2020-08-29 15:00:00,21.408800000000042,42.21730495067501,1.3877051207338906,14.0,25.355942
2020-08-29 16:00:00,21.11993000000001,42.38059785616401,1.3771907108318884,11.0,23.03003
2020-08-29 17:00:00,20.240319999999997,44.740608041099804,1.4824251985355463,6.0,19.9719
2020-08-29 18:00:00,19.17147,47.686077210093096,1.5834988921546607,1.0,21.45052
2020-08-29 19:00:00,18.6669,47.31963885585112,1.636224407423459,2.0,22.144745
2020-08-29 20:00:00,16.407920000000047,54.465091730792444,1.9135446331936095,2.0,22.02161
2020-08-29 21:00:00,15.58358000000004,57.27518121112506,2.035124455837989,1.0,20.51033
2020-08-29 23:00:00,15.893760000000043,55.74837777431094,1.9527931881125635,0.0,23.365355
2020-08-30 00:00:00,15.935500000000047,55.220471511329045,1.9288921253853268,1.0,25.315853
2020-08-30 02:00:00,19.749780000000044,45.63042509538031,1.1236210961408712,0.0,18.061249
2020-08-30 03:00:00,19.10244,68.90970767136041,0.5837417361825721,4.0,288.3341
2020-08-30 04:00:00,21.967550000000017,45.932459080332336,1.282900985564923,5.0,525.4221
2020-08-30 05:00:00,22.789120000000025,44.66243892264708,1.388389646296738,7.0,750.30444
2020-08-30 06:00:00,23.765600000000006,43.41928495913006,1.8137404211045554,5.0,894.407
2020-08-30 07:00:00,24.514200000000017,42.47205855658308,1.6282500727313878,2.0,948.6028
2020-08-30 08:00:00,24.895039999999995,40.57578219564847,1.522533914868499,1.0,973.8401
2020-08-30 09:00:00,25.16700000000003,40.14803311023758,1.0358186668393037,3.0,1037.1265
2020-08-30 10:00:00,24.95013,39.6473676961372,1.2319050432847733,4.0,1008.32983
2020-08-30 11:00:00,24.5625,40.27725970085565,1.4462201460894293,6.0,604.6575
2020-08-30 12:00:00,23.895230000000026,47.74144508759713,1.4151560311267164,5.0,375.1223
2020-08-30 13:00:00,22.06850000000003,59.05588370004738,1.7413308811530588,17.0,95.50726
2020-08-30 14:00:00,18.844400000000007,66.59970022499895,2.621801442554021,19.0,24.31746
2020-08-30 15:00:00,16.74350000000004,75.1829656347552,2.8509097299721367,6.0,23.247284
2020-08-30 16:00:00,15.437280000000044,78.91783663351912,2.983818575818281,5.0,19.083313
2020-08-30 17:00:00,14.97305,77.0398956538759,2.919291854863129,10.0,16.886776
2020-08-30 18:00:00,14.413630000000012,75.7400827748348,2.9554902134189023,6.0,16.39532
2020-08-30 19:00:00,13.79287000000005,74.87398521466662,3.0567850546281203,5.0,16.329346
2020-08-30 20:00:00,13.402600000000007,74.37179967029637,3.028335831729458,3.0,16.487007
2020-08-30 21:00:00,13.021500000000003,73.75554395690432,3.151770757720253,1.0,16.533176
2020-08-30 22:00:00,12.64790000000005,73.11880470203404,3.2563019037443763,0.0,17.423
2020-08-31 00:00:00,12.314900000000023,68.60364166494578,3.352430876941194,0.0,14.970874
2020-08-31 01:00:00,12.494070000000022,66.98319997265537,3.2987951971617533,4.0,15.833
2020-08-31 02:00:00,14.88366000000002,70.34143613948218,2.574434643037646,3.0,16.262085
2020-08-31 03:00:00,20.740080000000034,62.58043808049791,0.5757606771258038,0.0,154.40169
2020-08-31 04:00:00,23.916070000000047,40.432394404769646,0.9887098732274604,8.0,464.99
2020-08-31 05:00:00,24.969960000000015,40.49036030108791,1.600365917381692,9.0,692.7068
2020-08-31 06:00:00,25.97213000000005,39.459174645330364,1.9353939086652368,9.0,922.49316
2020-08-31 07:00:00,26.65145000000001,40.67502879542203,2.118678489469854,9.0,1088.3503
2020-08-31 08:00:00,26.89846,39.80071785912565,1.806181488428408,7.0,1237.5759
2020-08-31 09:00:00,27.19894000000005,38.69654306948291,2.0711868327150498,5.0,1160.8252
2020-08-31 10:00:00,26.870630000000006,37.84571231929084,1.7446415448364774,4.0,1203.1282
2020-08-31 11:00:00,25.60300000000001,44.58898484214611,1.4848620672778332,8.0,691.2366
2020-08-31 12:00:00,24.23580000000004,50.95355034068375,2.152842954611646,10.0,307.53012
2020-08-31 13:00:00,22.768200000000036,54.41601486550624,2.1935521054618805,9.0,170.32903
2020-08-31 14:00:00,21.318140000000028,60.47827771000053,1.559136233127577,9.0,98.4532
2020-08-31 15:00:00,20.264370000000042,59.381154169229355,1.5686005995107357,7.0,31.610687
2020-08-31 16:00:00,20.877700000000004,53.43354455800275,0.582121937344204,6.0,27.390015
2020-08-31 17:00:00,20.517970000000048,55.307714321467515,0.41165100493436135,6.0,67.52742
2020-08-31 18:00:00,18.736540000000048,62.316136163061365,1.2162956228795994,3.0,49.98082
2020-08-31 19:00:00,15.998860000000036,70.29579855532258,1.8142963310944356,2.0,25.869797
2020-08-31 20:00:00,19.07003000000003,55.83321709373111,1.3108217372818598,4.0,29.68602
2020-08-31 21:00:00,16.926050000000032,62.76232915193173,1.6454756337010221,2.0,31.429153
2020-09-01 00:00:00,16.687160000000006,58.8503789531121,1.8228745854541284,3.0,19.254154
2020-09-01 01:00:00,16.629850000000033,59.68576637888287,1.8055245698211604,2.0,22.117435
2020-09-01 02:00:00,19.888300000000015,53.159225870223324,0.8617027392018833,3.0,22.09658
2020-09-01 03:00:00,20.098839999999996,64.73597781912908,0.4603718907793086,4.0,220.99113
2020-09-01 04:00:00,21.150750000000016,60.74367942440215,1.101838365893904,13.0,468.36572
2020-09-01 05:00:00,22.066900000000032,56.15541617083474,1.4540214943807928,8.0,680.1111
2020-09-01 06:00:00,22.960320000000024,53.04261633944011,1.8614505539946338,2.0,763.52637
2020-09-01 07:00:00,23.52932000000004,52.05270010432624,1.4753888395549641,0.0,906.511
2020-09-01 08:00:00,24.04260000000005,51.45293104932439,1.362239576195206,5.0,711.6365
2020-09-01 09:00:00,23.57247000000001,51.7354444596627,0.793290760435998,7.0,578.30054
2020-09-01 10:00:00,23.830100000000016,49.65857818027311,1.650025630035654,6.0,520.79443
2020-09-01 11:00:00,23.094629999999995,49.69725960027142,0.8929443719371734,17.0,434.01978
2020-09-01 12:00:00,22.914500000000032,49.560878401689145,1.2631963558240658,14.0,423.9226
2020-09-01 13:00:00,21.334400000000016,57.44404819415922,1.5963751179799222,12.0,114.71391
2020-09-01 14:00:00,19.184200000000033,69.62221342152948,1.9046414268778782,9.0,41.409058
2020-09-01 15:00:00,17.875500000000045,72.24827986593961,2.02519805151309,6.0,31.012955
2020-09-01 16:00:00,17.05056000000002,73.50028006069891,2.0826209756215874,8.0,29.193192
2020-09-01 17:00:00,16.10226,75.27106254956777,2.2585632237142663,13.0,22.80774
2020-09-01 18:00:00,15.231600000000014,76.76587999713561,2.422769595704868,7.0,33.013885
2020-09-01 19:00:00,16.181420000000003,69.16365762867575,1.998883778904065,6.0,27.796661
2020-09-01 20:00:00,15.96517,67.9018356160111,2.018073847481833,4.0,21.945465
2020-09-01 22:00:00,14.636560000000031,70.10031743927034,2.3382503918214614,3.0,27.12812
2020-09-01 23:00:00,14.468440000000044,69.04956715865355,2.356763950502201,1.0,23.172844
2020-09-02 00:00:00,14.507300000000043,67.64708782922088,2.3207721163950983,0.0,19.53862
2020-09-02 01:00:00,14.778200000000027,66.39393071552058,2.286114960901691,0.0,17.426975
2020-09-02 02:00:00,17.855000000000018,60.93254384240365,1.6471992783527454,0.0,17.624329
2020-09-02 03:00:00,20.363300000000038,70.41505374718342,0.4729879633124589,6.0,189.61177
2020-09-02 04:00:00,23.161500000000046,50.03721656732371,1.28485693821862,15.0,414.10547
2020-09-02 05:00:00,24.095730000000003,48.63655108620354,1.6959896008786846,14.0,526.0342
2020-09-02 06:00:00,25.05496000000005,46.532628092374864,1.9837117932778987,11.0,802.6836
2020-09-02 07:00:00,25.511500000000012,47.780005611061476,1.7798795542432668,17.0,741.01685
2020-09-02 08:00:00,26.572080000000028,44.08258316000879,1.9102634207586136,10.0,912.115
2020-09-02 09:00:00,26.5342,41.69082910764326,1.6438375738216047,8.0,967.09937
2020-09-02 10:00:00,27.018400000000042,39.83366341540004,1.4433957271478375,10.0,975.41943
2020-09-02 11:00:00,26.35940000000005,39.57432816207568,0.47664437290954315,15.0,837.2046
2020-09-02 12:00:00,25.647000000000048,52.57742290162957,0.9805228787774699,9.0,372.6156
2020-09-02 13:00:00,23.992200000000025,61.01663353115531,1.2502787488842244,8.0,190.02834
2020-09-02 14:00:00,21.052580000000034,61.42067658852056,2.318415345677802,13.0,90.50708
2020-09-02 15:00:00,19.128750000000025,65.47797320303802,2.6907295541502085,15.0,49.810974
2020-09-02 16:00:00,18.13384000000002,71.24210273374095,2.604717346419855,11.0,25.418015
2020-09-02 17:00:00,16.749480000000005,77.75522118395207,2.4915318679420357,21.0,29.98262
2020-09-02 18:00:00,16.35208,75.82088898292044,2.4363787985487355,4.0,20.340103
2020-09-02 19:00:00,21.21926000000002,50.35299038457596,1.0334884449553268,4.0,20.882355
2020-09-02 20:00:00,21.10372000000001,49.60157673794701,0.45635722766854475,5.0,26.44635
2020-09-02 21:00:00,20.666600000000017,49.80751345750207,0.3247137091739811,6.0,44.923225
2020-09-02 22:00:00,19.979640000000018,50.87620042535372,0.5110256609417893,4.0,43.40329
2020-09-02 23:00:00,19.335440000000006,51.96363350590363,0.04722272203326301,3.0,40.718475
2020-09-03 00:00:00,19.064099999999996,52.21839931206882,0.13886210803541943,6.0,45.20569
2020-09-03 01:00:00,18.65560000000005,53.2584720033376,0.24374215837914662,4.0,38.591553
2020-09-03 02:00:00,18.34686000000005,58.75128952178073,0.5100739719788816,5.0,119.645676
2020-09-03 03:00:00,19.14736000000005,60.14149816405906,1.0397254818769195,6.0,284.46606
2020-09-03 04:00:00,19.43398000000002,60.31651077769423,1.197154933996225,3.0,400.48853
2020-09-03 05:00:00,19.577230000000043,63.89357048822511,0.42236229644065826,3.0,428.37158
2020-09-03 06:00:00,19.273979999999995,69.4661870320163,0.7965934209444944,4.0,409.42212
2020-09-03 07:00:00,20.162620000000004,68.61303386725018,0.8053380210743095,4.0,517.8667
2020-09-03 08:00:00,21.328270000000032,59.09600506476887,0.6562201730549468,3.0,593.375
2020-09-03 09:00:00,21.822780000000023,54.58544318548768,0.35804751138116436,0.0,627.2129
2020-09-03 10:00:00,21.999900000000025,49.18264851647796,0.30906496240508663,0.0,607.74316
2020-09-03 11:00:00,21.805870000000027,46.121864595940664,0.626395917913072,12.0,626.5757
2020-09-03 12:00:00,20.94530000000003,55.50042703150284,1.7122413697734076,9.0,367.9541
2020-09-03 13:00:00,19.412620000000004,63.632182294476,1.878833251678961,6.0,247.20139
2020-09-03 14:00:00,17.04916000000003,69.57460919690742,2.5198887187526107,1.0,200.59288
2020-09-03 16:00:00,14.789150000000006,76.57384805254654,2.8954601310060886,0.0,29.248337
2020-09-03 17:00:00,14.419579999999996,76.29650987877024,2.9770846351565114,2.0,31.816727
2020-09-03 18:00:00,14.056849999999997,74.28038653062313,3.065275484902388,1.0,32.713577
2020-09-03 19:00:00,13.608180000000004,74.37245948580204,3.4142120521857486,1.0,30.033127
2020-09-03 20:00:00,14.0077,68.05874085785344,3.355634068597273,0.0,29.97557
2020-09-04 00:00:00,14.167930000000013,55.05391938505096,3.68418081618757,0.0,48.593445
2020-09-05 00:00:00,11.723720000000014,73.33429677129585,3.2488099426868433,3.0,18.090155
2020-09-05 01:00:00,11.65360000000004,72.35093864470863,3.2552475878540683,3.0,18.016928
2020-09-05 02:00:00,13.88232000000005,73.70287642719778,2.5337293853530722,3.0,22.902008
2020-09-05 03:00:00,19.066200000000038,66.73534300680154,0.7267920775829357,13.0,389.48337
2020-09-05 04:00:00,22.01266000000004,42.67678659587523,0.5524940438055432,11.0,671.3274
2020-09-05 05:00:00,22.78896000000003,40.49259986478218,0.8757154812926949,12.0,787.6997
2020-09-05 06:00:00,23.637400000000014,38.43509735676681,0.9836411289921594,11.0,1027.8965
2020-09-05 07:00:00,23.983120000000042,39.50907857983719,1.1643158813109922,10.0,1334.3928
2020-09-05 08:00:00,24.07388000000003,39.00753367378812,1.7395379109025513,7.0,1182.2429
2020-09-05 09:00:00,23.67968000000002,38.007940860166144,0.6768406025240503,4.0,1077.5156
2020-09-05 10:00:00,23.947100000000034,36.87047083825114,0.6689623856140852,4.0,905.21655
2020-09-05 11:00:00,23.536339999999996,37.31773529820895,0.4510504259871814,4.0,552.3528
2020-09-05 12:00:00,23.098960000000034,46.442720406140715,0.46131574995320085,5.0,477.95532
2020-09-05 13:00:00,22.22750000000002,44.37046624288683,0.9241465029402842,18.0,137.53244
2020-09-05 14:00:00,20.981740000000002,42.27301534696517,1.2052157544741315,13.0,33.764954
2020-09-05 15:00:00,18.81686000000002,50.59132037724796,1.5965301856628018,14.0,38.180573
2020-09-05 16:00:00,17.64590000000004,54.329461703150095,1.7618879657581077,10.0,24.853546
2020-09-05 17:00:00,16.365319999999997,57.81017870755463,1.9299067512453383,7.0,25.97789
2020-09-05 18:00:00,18.29394000000002,48.50031448274458,1.5162623440637968,3.0,24.129547
2020-09-05 19:00:00,19.160120000000006,43.9255715015746,1.4445071690148756,0.0,23.437057
2020-09-05 20:00:00,19.09402,42.966486394421196,1.4057526144080303,0.0,22.014252
2020-09-05 21:00:00,18.82650000000001,42.50027302231113,1.4048438027640124,1.0,21.145676
2020-09-05 22:00:00,16.799599999999998,47.21085695782966,1.7113368505892257,2.0,28.074646
2020-09-05 23:00:00,15.186500000000024,51.08662880414964,1.9521736701727255,1.0,24.710388
2020-09-06 00:00:00,15.449670000000026,49.00337150402249,1.8782580795205885,3.0,22.189316
2020-09-06 01:00:00,14.923800000000028,50.664559613286514,1.8856609683840335,5.0,20.832016
2020-09-06 02:00:00,15.012960000000021,58.939022578640966,1.8309004240228093,5.0,26.414566
2020-09-06 03:00:00,19.495100000000036,40.56478688770628,0.2726856120991214,1.0,389.61792
2020-09-06 04:00:00,20.689400000000035,39.589109256929675,1.3830095497166532,3.0,689.6035
2020-09-06 05:00:00,21.319119999999998,39.58718627744459,2.3926377216266252,5.0,914.7285
2020-09-06 06:00:00,21.563750000000027,39.62600149657353,3.069261117977376,5.0,1079.0122
2020-09-06 07:00:00,21.3433,45.18774973737957,3.609136702111829,3.0,1084.8247
2020-09-06 08:00:00,21.354000000000042,44.09542040196032,3.6639740109057666,2.0,1385.2217
2020-09-06 09:00:00,20.37548000000004,44.458148427225346,3.2483969456187123,2.0,1103.2859
2020-09-06 10:00:00,20.105800000000045,42.54510264158962,3.5715678032591915,2.0,914.39746
2020-09-06 11:00:00,19.110860000000002,41.37122064674332,3.937827660207056,3.0,873.9375
2020-09-06 12:00:00,17.45052000000004,44.16643004089693,3.5408270115088594,6.0,673.01245
2020-09-06 13:00:00,15.784880000000044,51.90044998907287,2.3411496931497844,8.0,365.15918
2020-09-06 14:00:00,15.038960000000031,58.36238104528907,1.2093178915786247,7.0,297.65527
2020-09-06 15:00:00,13.370750000000044,74.01991453499029,1.4054949187654646,10.0,309.4535
2020-09-06 16:00:00,12.827400000000011,76.59221982705081,0.6996747683206008,5.0,205.12152
2020-09-06 17:00:00,12.344719999999995,81.15295712815343,0.9757296177521083,2.0,131.98256
2020-09-06 18:00:00,11.739280000000008,84.55894491671609,1.2436005672155719,4.0,101.04094
2020-09-06 19:00:00,11.380520000000047,75.13140659484576,1.1305492063189155,2.0,115.004456
2020-09-06 21:00:00,10.703640000000007,75.81284884718403,0.927252204783327,0.0,111.98935
2020-09-06 22:00:00,10.334249999999997,76.69072520496002,0.9939827062789687,1.0,112.66092
2020-09-06 23:00:00,10.00833,76.60846604792687,0.9268145792611163,2.0,100.351776
2020-09-07 00:00:00,9.639370000000042,77.52442442777267,1.0387615820346814,1.0,95.62352
2020-09-07 02:00:00,9.645230000000026,73.09054180448071,0.9865998231209299,8.0,133.1025
2020-09-07 03:00:00,10.765530000000012,55.35147356140952,1.469435618249478,5.0,205.84387
2020-09-07 04:00:00,11.539270000000045,48.726747002488416,1.592931963872966,3.0,362.56567
2020-09-07 05:00:00,12.197350000000029,45.93951895654112,1.409616022413682,3.0,464.85522
2020-09-07 06:00:00,13.564000000000021,42.94776409167719,1.3608790862020073,2.0,600.0266
2020-09-07 07:00:00,14.983730000000037,42.92460620145296,1.4647907804556424,3.0,645.80493
2020-09-07 08:00:00,16.07955000000004,41.385652970357484,1.3713861353396748,9.0,779.427
2020-09-07 09:00:00,17.08970000000005,40.01353115472771,1.286614841642315,12.0,847.2859
2020-09-07 10:00:00,17.44906000000003,39.13197131431274,1.625677132744691,12.0,842.56836
2020-09-07 11:00:00,17.438500000000033,39.044138991290296,1.518814828411272,8.0,712.23926
2020-09-07 12:00:00,16.99404000000004,39.42264526093247,1.4412631161111007,9.0,505.08838
2020-09-07 13:00:00,15.804900000000032,52.765250234429885,0.8875764151378928,10.0,201.39534
2020-09-07 14:00:00,15.660850000000039,41.02098385849054,0.7606879041825934,18.0,29.711786
2020-09-07 15:00:00,15.433070000000043,41.06589198866336,0.9485212346347277,15.0,15.6622505
2020-09-07 16:00:00,15.245900000000006,40.065513562048174,0.8574300166945416,11.0,19.65921
2020-09-07 17:00:00,14.738240000000019,39.66551007928335,1.153528332334516,12.0,28.465912
2020-09-07 18:00:00,13.245630000000006,42.379234939247446,1.4859612301967302,10.0,28.486603
2020-09-07 19:00:00,12.169950000000028,46.571822261127885,1.498759931414054,9.0,27.007797
2020-09-07 20:00:00,9.743370000000027,54.139547262102134,1.885171145133038,8.0,27.898384
2020-09-07 21:00:00,9.443840000000023,54.55199596669235,1.9228002295936337,10.0,25.203913
2020-09-07 22:00:00,10.845120000000009,48.71554976538284,1.644835449547273,8.0,28.9053
2020-09-07 23:00:00,10.705219999999997,48.581232903904194,1.6519408822167214,11.0,24.675425
2020-09-08 00:00:00,11.410060000000044,45.781795008872294,1.556173279681784,12.0,18.775883
2020-09-08 01:00:00,12.217800000000011,43.23014773393514,1.4339326389290576,10.0,17.274124
2020-09-08 02:00:00,12.62820000000005,44.22693609894279,1.0618040019650061,6.0,19.230026
2020-09-08 03:00:00,13.453580000000045,52.965561093973065,1.086712431410946,8.0,177.13203
2020-09-08 04:00:00,15.391999999999996,42.1702975059293,1.7124868549854095,8.0,423.2334
2020-09-08 05:00:00,16.588220000000035,40.13778443966874,1.9478561969423334,21.0,599.7893
2020-09-08 06:00:00,17.792470000000037,38.38010191624623,2.0701512959996933,10.0,749.05176
2020-09-08 07:00:00,19.110040000000026,37.296185590548966,2.205649223775032,7.0,841.48315
2020-09-08 08:00:00,19.827840000000037,35.18120274870586,2.0077552052423346,9.0,913.1787
2020-09-08 09:00:00,20.226650000000006,33.97000544914874,1.861331238666361,7.0,911.1548
2020-09-08 10:00:00,20.32266000000004,33.554458515547005,1.671991156202822,10.0,853.0835
2020-09-08 11:00:00,20.035420000000045,33.69772556531417,1.460424330993176,9.0,728.1133
2020-09-08 12:00:00,19.499600000000044,35.57619274019819,1.0682478704413867,7.0,533.1211
2020-09-08 13:00:00,18.401400000000024,41.18694221362976,0.8438206105391897,15.0,106.23544
2020-09-08 14:00:00,15.339870000000019,50.12453103710753,1.6238210317367436,34.0,37.752777
2020-09-08 15:00:00,14.386870000000044,50.61005018290625,1.748638501705673,15.0,32.841797
2020-09-08 16:00:00,16.92147,38.05355472091307,1.2985557784795,17.0,29.759247
2020-09-08 17:00:00,16.605770000000007,37.389027835764715,1.0124181820693756,11.0,23.395233
2020-09-08 18:00:00,16.11495000000002,37.79608390771103,0.9379664100270307,6.0,16.497972
2020-09-08 19:00:00,15.537930000000017,40.04841220801581,0.8171379046669524,6.0,14.609769
2020-09-08 20:00:00,15.141380000000026,40.62598914045531,1.1575251045813741,8.0,14.193068
2020-09-08 21:00:00,14.864100000000008,40.932392248851095,1.2295748971301106,7.0,14.61339
2020-09-08 22:00:00,14.721900000000005,40.93901358610911,1.282297742633281,7.0,15.884442
2020-09-08 23:00:00,14.522520000000043,41.28655543776157,1.3234825929565148,10.0,14.914279
2020-09-09 00:00:00,14.280850000000044,41.7439395689172,1.4112433792886763,6.0,17.7956
2020-09-09 01:00:00,14.111230000000035,42.59228870274667,1.5151997064328226,5.0,18.337982
2020-09-09 02:00:00,14.86202000000003,42.48379812247168,0.9949089449782076,6.0,19.113403
2020-09-09 03:00:00,14.755269999999996,66.65741058054627,0.5573123185954191,7.0,209.24301
2020-09-09 04:00:00,17.6456,41.29929592014524,1.406124938873929,11.0,440.39307
2020-09-09 05:00:00,18.71926000000002,38.61481381483703,1.652643781589994,21.0,613.91016
2020-09-09 06:00:00,19.638000000000034,36.87526538683682,1.8861795781718853,13.0,761.2385
2020-09-09 07:00:00,20.69897000000003,36.6979683646784,1.9830325820445867,9.0,847.5337
2020-09-09 08:00:00,20.967550000000017,35.85367599715413,1.5627651385846795,7.0,945.6299
2020-09-09 09:00:00,21.242639999999994,35.15038350845164,1.2355338531657072,8.0,870.42944
2020-09-09 10:00:00,21.48010000000005,34.835597713659034,1.0979650492754036,6.0,812.80005
2020-09-09 11:00:00,21.208950000000016,34.34849578243814,0.8795878223997874,7.0,690.97876
2020-09-09 12:00:00,20.54970000000003,36.09068641070969,0.8606847890711073,8.0,351.2788
2020-09-09 13:00:00,18.50780000000003,51.00965177507464,1.376964667819447,19.0,120.41675
2020-09-09 14:00:00,15.518700000000024,57.97119401213595,2.1920889415201272,15.0,27.090973
2020-09-09 15:00:00,13.645650000000046,66.94854780840411,2.403694292023838,10.0,25.63063
2020-09-09 16:00:00,12.298969999999997,72.41946044369276,2.529118583421975,10.0,24.218826
2020-09-09 17:00:00,11.13915000000003,76.66882957942704,2.653797381959309,8.0,21.422485
2020-09-09 18:00:00,10.592340000000036,78.12309579015027,2.570274943048953,9.0,17.696243
2020-09-09 19:00:00,9.98818,78.12695193351823,2.7594678643927995,7.0,16.995222
2020-09-09 22:00:00,8.931420000000003,82.25030217256909,2.78272454204265,6.0,17.3748
2020-09-09 23:00:00,8.767179999999996,83.12113566430429,2.791384585670097,6.0,16.831886
2020-09-10 01:00:00,8.951070000000016,83.02277147152316,2.6224816960346717,6.0,18.339201
2020-09-10 02:00:00,11.88644000000005,78.8591334932771,1.8146328151986566,5.0,18.531723
2020-09-10 04:00:00,19.110770000000002,49.825018830637546,1.1820262931482632,21.0,477.9585
2020-09-10 07:00:00,21.157280000000014,44.520481737946064,1.7969941496301254,16.0,936.6052
2020-09-10 08:00:00,21.497770000000003,43.27336322405291,1.6099223741664697,7.0,831.87915
2020-09-10 09:00:00,21.65515000000005,41.976306025871736,1.1961138302188803,6.0,868.9275
2020-09-10 10:00:00,21.225150000000042,41.72409593836995,0.7347397595589091,5.0,800.7197
2020-09-10 11:00:00,21.129970000000014,41.662807206291895,0.3098872414109255,6.0,691.9133
2020-09-10 12:00:00,20.679400000000044,56.66659102914582,0.6113054770360273,7.0,515.27466
2020-09-10 13:00:00,20.916440000000023,41.114790643339845,0.1879717241544941,14.0,212.1226
2020-09-10 14:00:00,20.025400000000047,43.380320427129305,0.3115125895798637,18.0,80.95215
2020-09-10 15:00:00,18.726770000000045,47.17785143331901,1.121631286564202,24.0,125.58423
2020-09-10 16:00:00,14.68282000000005,60.776507157767156,1.9848166926245354,15.0,83.1022
2020-09-10 17:00:00,12.800260000000037,67.18697686345959,2.258790570471893,15.0,51.567078
2020-09-10 18:00:00,12.416440000000023,68.2297215592146,2.216187393812301,16.0,34.011032
2020-09-10 19:00:00,11.162130000000047,71.58369284781568,2.4322130661707453,7.0,26.90765
2020-09-10 20:00:00,9.710350000000005,77.80671873897829,2.791109809434224,5.0,22.383286
2020-09-10 21:00:00,9.087300000000027,81.60711565674794,3.0807410362186514,5.0,20.071766
2020-09-10 22:00:00,8.95043000000004,83.80096804434848,3.243960729812247,4.0,21.355865
2020-09-10 23:00:00,9.239300000000014,82.537235510258,3.30447733909529,2.0,20.069908
2020-09-11 00:00:00,9.116720000000043,81.02813492071424,3.4334155762970577,5.0,18.36089
2020-09-11 01:00:00,9.157770000000028,78.72775918533365,3.479975216493926,5.0,20.088974
2020-09-11 02:00:00,11.476460000000031,74.0925389891426,2.7992828336845816,6.0,24.300873
2020-09-11 03:00:00,18.178030000000035,54.635288012350685,0.8780731751906359,10.0,158.14711
2020-09-11 04:00:00,20.480520000000013,39.927362522366636,0.9388244363811935,27.0,594.8535
2020-09-11 05:00:00,21.658650000000023,38.93882913525267,1.5524761107451284,15.0,832.792
2020-09-11 06:00:00,22.418240000000026,38.49037266054725,1.7181910730439063,16.0,936.2102
2020-09-11 07:00:00,23.276760000000024,38.659248785642234,1.6163868701061441,23.0,1106.8577
2020-09-11 08:00:00,23.85020000000003,37.25886915679886,1.7575485331977294,10.0,1163.6343
2020-09-11 09:00:00,24.23818,35.25148113921284,1.7641995103543504,7.0,1227.167
2020-09-11 10:00:00,23.864599999999996,34.10859237667902,1.1954783575245231,8.0,1140.9597
2020-09-11 11:00:00,23.57430000000005,33.829837481573264,1.0462979308115117,7.0,641.855
2020-09-11 12:00:00,22.227840000000015,58.305457023326,0.9276256343451297,21.0,345.92838
2020-09-11 13:00:00,21.92538000000002,35.93993518873829,1.010275497995909,27.0,154.27312
2020-09-11 14:00:00,16.843600000000038,57.72532311305612,2.227345956951842,13.0,40.19423
2020-09-11 15:00:00,14.653530000000046,62.4052334568147,2.62170149472292,9.0,27.517456
2020-09-11 16:00:00,13.35793000000001,63.24063092319484,2.793551801565043,7.0,24.900116
2020-09-11 17:00:00,12.605000000000018,65.70308762192255,2.8273422165103415,11.0,18.113144
2020-09-11 18:00:00,12.006500000000017,67.79153863489672,2.9249909125334494,10.0,16.7397
2020-09-11 19:00:00,11.516750000000002,69.62085003697888,3.170381212275825,10.0,17.563614
2020-09-11 20:00:00,11.134800000000041,68.79362599853273,3.236546092932869,9.0,17.477585
2020-09-11 21:00:00,10.955600000000004,66.71414376970122,3.365236963944253,7.0,17.699509
2020-09-11 22:00:00,10.759820000000047,64.7804157822076,3.4556260329966926,9.0,17.350784
2020-09-11 23:00:00,10.682900000000018,62.460054380205406,3.53478944695137,5.0,17.365784
2020-09-12 00:00:00,10.637,60.38623737019757,3.558309938998964,5.0,16.437294
2020-09-12 01:00:00,10.777950000000033,60.040032557691504,3.567300877321729,10.0,17.293655
2020-09-12 02:00:00,12.683070000000043,63.23461835751089,2.9171284345536606,9.0,18.440475
2020-09-12 03:00:00,18.83083000000005,55.16644295493405,1.1020047463911202,18.0,242.61137
2020-09-12 04:00:00,21.756920000000036,38.38061907985939,3.038727453387648,11.0,989.67505
2020-09-12 05:00:00,21.214170000000024,40.92841433487437,3.893795206839529,11.0,929.6194
2020-09-12 06:00:00,21.44583,41.31761513560873,3.7463591697193928,8.0,1196.5122
2020-09-12 07:00:00,22.02603000000005,38.53541387265531,4.192256949184738,7.0,1421.1682
2020-09-12 08:00:00,21.455039999999997,39.63107344547268,3.854423659620526,7.0,1350.0859
2020-09-12 09:00:00,20.608300000000042,42.88469580197279,4.1002957702166265,5.0,950.25244
2020-09-12 10:00:00,19.790670000000034,46.80046746683239,3.97207629242648,7.0,1075.7366
2020-09-12 11:00:00,18.365620000000035,51.85819605024213,3.8238030009188613,5.0,679.6262
2020-09-12 12:00:00,16.973000000000013,56.78685451182161,3.11406549097254,7.0,643.40405
2020-09-12 13:00:00,15.418000000000006,62.75027778511801,1.9677939073704367,21.0,398.8418
2020-09-12 14:00:00,14.064080000000047,75.68469379625553,1.0823191718282736,15.0,138.77808
2020-09-12 15:00:00,12.743200000000002,81.67386332290003,1.3062422680392562,8.0,64.32364
2020-09-12 16:00:00,11.356960000000015,84.29464793460863,1.9357917741985016,8.0,60.227158
2020-09-12 17:00:00,11.064420000000041,85.20391447801565,2.0107900273349504,5.0,63.835648
2020-09-12 18:00:00,10.33376000000004,86.31167971779581,2.238329312391912,1.0,46.007477
2020-09-12 19:00:00,13.583600000000047,66.75381060485589,1.370389782628147,1.0,52.59755
2020-09-12 20:00:00,13.827600000000018,65.02943122499424,1.3749002462003561,0.0,67.567795
2020-09-12 21:00:00,12.733940000000018,68.13361707058367,1.5461515378521933,3.0,49.960007
2020-09-12 22:00:00,11.5933,71.01311063217683,1.7333530608691023,5.0,60.700867
2020-09-12 23:00:00,10.52206000000001,72.85455951160054,1.9485066293007296,2.0,58.29156
2020-09-13 01:00:00,8.435200000000009,76.18171376421789,2.3975764440535885,0.0,49.14995
2020-09-13 02:00:00,9.870630000000006,78.84152166994369,2.0708221795457695,3.0,63.000626
2020-09-13 03:00:00,14.917380000000037,65.38523209324913,1.3431341904104221,3.0,260.8695
2020-09-13 04:00:00,17.67840000000001,45.08848106440969,1.9030644954471565,1.0,506.82983
2020-09-13 05:00:00,19.03152,40.31713107446071,2.0623533531586795,2.0,748.58813
2020-09-13 06:00:00,20.26278000000002,37.578119438532156,2.121347190083524,6.0,939.8816
2020-09-13 07:00:00,21.014370000000042,38.04821915323028,2.194847718292674,4.0,1072.8989
2020-09-13 08:00:00,21.886680000000013,36.03947581408438,2.1202198413918847,3.0,1142.5918
2020-09-13 09:00:00,22.316370000000006,34.95322089133066,1.909344567295031,5.0,1091.76
2020-09-13 10:00:00,22.40450000000004,34.08434850568656,1.7366173087613617,5.0,1025.0547
2020-09-13 11:00:00,22.223960000000034,33.9958160018249,1.4512787171453523,8.0,842.8262
2020-09-13 12:00:00,21.3947,41.20320718396545,0.9837699910964679,9.0,500.04736
2020-09-13 13:00:00,21.1678,32.03812920151917,0.2902442271765998,33.0,60.15074
2020-09-13 14:00:00,19.32128,37.80648176040783,1.3299836980694983,18.0,19.083755
2020-09-13 15:00:00,17.72714000000002,41.99187142724693,1.5852953420738043,11.0,21.90831
2020-09-13 16:00:00,19.109800000000007,36.1986677013715,1.3697041013841702,11.0,20.759338
2020-09-13 17:00:00,18.523580000000038,36.76528860713903,1.255013267859894,26.0,16.1073
2020-09-13 18:00:00,17.98965000000004,37.40317254770364,1.2045051377956841,5.0,16.100697
2020-09-13 19:00:00,15.15542000000005,44.20969323592384,1.7833457238512276,4.0,19.226221
2020-09-13 20:00:00,13.790729999999996,48.280615117352795,1.991500869484089,6.0,19.663754
2020-09-13 21:00:00,13.75723000000005,47.92293580118674,2.00317480197948,5.0,21.520437
2020-09-13 22:00:00,14.097830000000044,46.248553162781754,1.945985994951902,5.0,22.9123
2020-09-13 23:00:00,14.951000000000022,43.06140896495137,1.813625998579111,3.0,20.701014
2020-09-14 00:00:00,15.729100000000017,40.26698577844262,1.7148930386779393,3.0,20.061289
2020-09-14 01:00:00,15.643640000000005,40.161230160683786,1.7199551894948846,6.0,21.87954
2020-09-14 02:00:00,17.15945000000005,36.70727349812137,1.2660547338433736,5.0,23.383497
2020-09-14 03:00:00,18.296960000000013,37.3737547317247,0.37054314312258163,7.0,189.92683
2020-09-14 04:00:00,19.69915000000003,39.2075102940738,1.364235618218118,12.0,432.21143
2020-09-14 05:00:00,20.843600000000038,38.530294597084264,1.9322966569153945,15.0,666.2754
2020-09-14 06:00:00,21.86110000000002,36.904574131178464,2.3452274954366206,10.0,890.28955
2020-09-14 07:00:00,22.640950000000032,34.982148757691334,2.1828405571649823,6.0,1048.9678
2020-09-14 08:00:00,23.23055000000005,33.36395415631922,2.0793583276498184,3.0,813.78345
2020-09-14 09:00:00,23.069119999999998,32.691944021582174,2.0198347941035624,3.0,995.2041
2020-09-14 10:00:00,23.06970000000001,32.36631545247568,1.46972391785007,20.0,854.97437
2020-09-14 11:00:00,22.821560000000034,32.72068824742972,1.1288443382715598,8.0,730.6094
2020-09-14 12:00:00,21.62760000000003,46.18679690178867,1.3211255110698314,15.0,351.90033
2020-09-14 13:00:00,18.93190000000004,49.01705016093912,1.9134584890248156,23.0,113.107605
2020-09-14 14:00:00,16.074550000000045,52.26296875202674,2.7294007566037277,8.0,47.414597
2020-09-14 15:00:00,14.155100000000004,60.0110378222872,2.612206763952596,7.0,112.91939
2020-09-14 16:00:00,12.738980000000026,67.73941838169245,2.5280581661662955,6.0,71.74521
2020-09-14 17:00:00,12.56973000000005,67.10176555552025,2.298794083974242,4.0,32.85782
2020-09-14 18:00:00,13.60080000000005,61.0806009725945,1.8477947978283635,2.0,31.943008
2020-09-14 19:00:00,12.660120000000006,61.44407017272276,2.0268241895381927,7.0,34.082596
2020-09-14 20:00:00,11.249140000000011,67.66862801969884,2.2968338381649946,6.0,34.877335
2020-09-14 21:00:00,9.987760000000037,74.95369355657,2.477470483113048,2.0,26.581161
2020-09-14 22:00:00,9.324800000000039,80.4330188067285,2.640489868541688,4.0,59.46869
2020-09-14 23:00:00,8.983730000000037,84.98574764494089,2.8404381128972043,7.0,36.36328
2020-09-15 00:00:00,8.467250000000035,87.23059408796541,3.0255094078901847,5.0,30.191742
2020-09-15 01:00:00,8.929900000000032,87.86493235273471,2.9868673202327005,12.0,31.36261
2020-09-15 02:00:00,10.569569999999999,88.13590520389587,2.612606217951678,7.0,49.29332
2020-09-15 03:00:00,15.653220000000033,80.51567400874993,1.1700761129077415,3.0,254.1898
2020-09-15 04:00:00,19.28720000000004,45.55209262991846,0.9633664639246959,5.0,563.9807
2020-09-15 05:00:00,20.294240000000002,41.24755355264869,1.082861580205039,4.0,902.6404
2020-09-15 06:00:00,21.279440000000022,39.316475698379136,1.2335742817869184,0.0,1203.6047
2020-09-15 07:00:00,22.360000000000014,34.55459497019493,2.0823687848087915,0.0,1452.3098
2020-09-15 08:00:00,22.713099999999997,33.82629900800966,2.2117724047168372,1.0,1481.8354
2020-09-15 09:00:00,22.940500000000043,33.08919150720656,2.392683629207324,5.0,1418.3547
2020-09-15 10:00:00,22.864700000000028,32.53104352339077,2.7823179995646528,6.0,1274.863
2020-09-15 11:00:00,22.220180000000028,33.65325413949868,2.45016571742974,14.0,934.07764
2020-09-15 12:00:00,21.097000000000037,45.40335359262812,1.3652837274808962,11.0,419.90503
2020-09-15 13:00:00,20.78585000000004,36.03861415136769,0.5548871561113121,27.0,34.879242
2020-09-15 14:00:00,19.78546,37.3197947347075,1.2887526928290043,15.0,27.967438
2020-09-15 15:00:00,16.829030000000046,45.05418122056035,1.8592723400282385,120.0,23.735973
2020-09-15 16:00:00,16.694540000000018,43.62289485135841,1.8858687200305593,41.0,21.256454
2020-09-15 17:00:00,17.93270000000001,38.58703188192607,1.7095635535587066,9.0,21.520447
2020-09-15 18:00:00,17.95324000000005,37.51249712241206,1.7098832105685464,8.0,22.744583
2020-09-15 19:00:00,12.70034000000004,52.24905568218419,2.56921050849758,6.0,21.672974
2020-09-15 20:00:00,12.64214000000004,51.045489938483385,2.477930444893377,2.0,20.077606
2020-09-15 21:00:00,12.24648000000002,51.03886554945543,2.4887728795094275,2.0,18.295044
2020-09-15 22:00:00,12.512960000000021,48.9193560087751,2.3411215332584616,2.0,19.666336
2020-09-15 23:00:00,13.126430000000028,45.760378812215784,2.1315515466090282,1.0,18.318699
2020-09-16 00:00:00,12.618200000000002,46.30066426774688,2.163437705761007,2.0,19.48944
2020-09-16 02:00:00,12.958280000000002,48.693493085955886,2.045198970374709,3.0,24.112366
2020-09-16 03:00:00,18.71932000000004,33.95674216072383,0.9024398398391671,6.0,169.36154
2020-09-16 04:00:00,20.29672000000005,34.46771015976745,1.4121624026680786,6.0,447.4026
2020-09-16 05:00:00,21.56850000000003,34.73962869040212,2.1240461518288303,5.0,826.90015
2020-09-16 06:00:00,22.615499999999997,33.9099909126135,2.657581712642454,4.0,1169.166
2020-09-16 07:00:00,23.55886000000004,32.39383435186383,3.5949823838954162,2.0,1390.8923
2020-09-16 08:00:00,23.989599999999996,31.469669176981917,3.893410028839451,2.0,1494.1758
2020-09-16 09:00:00,23.897199999999998,30.769320485538678,3.8538819666964814,4.0,1416.989
2020-09-16 10:00:00,23.688000000000045,30.946983187405795,2.862876739161351,19.0,1024.418
2020-09-16 11:00:00,23.34838000000002,31.312332944259893,2.6124954007564125,5.0,797.2529
2020-09-16 12:00:00,21.855070000000012,42.897189835066385,1.6018599167729992,6.0,358.38416
2020-09-16 13:00:00,19.650900000000036,43.19917515257355,1.6973177614309292,30.0,84.89433
2020-09-16 14:00:00,17.093770000000006,45.23342356357117,1.9418875840665633,17.0,77.69949
2020-09-16 15:00:00,16.432920000000024,43.763651672743904,1.7924782337305778,7.0,76.39053
2020-09-16 16:00:00,18.149069999999995,36.03336439800044,1.4041425384962463,6.0,63.63202
2020-09-16 20:00:00,17.096370000000036,32.95233955462801,0.5165217315915102,5.0,33.705917
2020-09-16 21:00:00,16.951000000000022,32.50956411877774,0.3422796691671096,5.0,34.660187
2020-09-16 22:00:00,16.68673000000001,32.45023162868493,0.32678770123334544,5.0,43.711304
2020-09-16 23:00:00,16.392100000000028,32.834178706262165,0.6048524554382848,8.0,39.557526
2020-09-17 00:00:00,15.896360000000016,33.93787693085265,0.7009588853721753,5.0,54.30709
2020-09-17 01:00:00,15.192679999999996,35.24789996394609,0.3666309824847105,6.0,52.00655
2020-09-17 04:00:00,17.125400000000013,38.50776099597651,1.844753753026141,22.0,634.1492
2020-09-17 05:00:00,18.03146000000004,37.65712942543207,2.130786254439898,12.0,1172.4634
2020-09-17 06:00:00,18.5505,37.80965528797691,2.8067972475609757,12.0,1326.5391
2020-09-17 07:00:00,19.523220000000038,34.77221621175229,4.429166804333681,14.0,1311.3623
2020-09-17 08:00:00,19.340970000000027,35.84253449512774,4.452774492202586,13.0,1083.7883
2020-09-17 11:00:00,17.441370000000006,40.48037037383142,3.601057731486284,4.0,787.9292
2020-09-17 12:00:00,15.535900000000026,46.22700200486252,3.483310330959701,11.0,494.1831
2020-09-17 13:00:00,13.734520000000032,52.48119534097932,3.04290703360686,14.0,453.10645
2020-09-17 16:00:00,10.038400000000024,78.68011035574804,2.2795197950970665,5.0,318.4654
2020-09-17 17:00:00,9.337730000000022,86.30088408229713,2.289462787746779,3.0,259.0998
2020-09-17 18:00:00,8.577260000000024,95.10232628624468,2.1386681220587347,1.0,329.49835
2020-09-18 04:00:00,10.92697000000004,63.81793318038207,2.1849192959837946,1.0,368.57495
2020-09-18 05:00:00,12.273220000000038,53.117181380866,2.332512574731774,0.0,564.6338
2020-09-18 06:00:00,13.300740000000019,47.29871717311437,2.555052023718658,2.0,670.5476
2020-09-18 07:00:00,13.866660000000024,46.286864345300025,2.798844745197461,2.0,767.7483
2020-09-18 08:00:00,14.289450000000045,44.38338801057493,2.697896466135585,1.0,789.0117
2020-09-18 11:00:00,14.091000000000008,40.51952950694724,2.1706227397233073,0.0,713.4048
2020-09-18 12:00:00,13.350180000000023,40.50837096152546,1.4087871875921785,0.0,497.79785
2020-09-18 13:00:00,12.39330000000001,54.43894604101211,0.6638129979318612,6.0,140.9858
2020-09-18 14:00:00,11.68240000000003,50.92997748915736,0.8878657707530457,8.0,139.25824
2020-09-18 15:00:00,12.153470000000027,44.27373852845621,0.42109039056766817,4.0,102.82205
2020-09-18 16:00:00,11.633700000000033,49.832879825889904,0.6064077163556048,3.0,96.535736
2020-09-18 17:00:00,11.19240000000002,56.12091267593224,0.6402408856763347,2.0,63.47336
2020-09-18 20:00:00,7.107200000000034,88.82133649266387,1.5088808110227072,1.0,65.93054
2020-09-18 21:00:00,7.103780000000029,91.24326553822594,1.6635336541207657,1.0,34.63954
2020-09-18 22:00:00,7.201780000000042,92.8911194009222,1.5803064639813054,0.0,71.90042
2020-09-18 23:00:00,7.358360000000005,91.81729660235263,1.4375837708322914,0.0,106.399506
2020-09-19 02:00:00,9.274350000000027,77.57391414355045,0.9018710520698677,4.0,121.70416
2020-09-19 03:00:00,9.867729999999995,82.00391849872048,1.0413408047880557,5.0,228.97423
2020-09-19 04:00:00,11.034199999999998,70.30488800118678,1.7697565986033248,6.0,476.9301
2020-09-19 05:00:00,11.27618000000001,67.27057436595084,2.0865089784219095,3.0,719.90405
2020-09-19 06:00:00,12.035300000000007,61.688671190412364,2.3664927105231848,3.0,869.53516
2020-09-19 07:00:00,14.468650000000025,51.34682925846367,2.2079971888126146,5.0,899.63403
2020-09-19 08:00:00,14.869169999999997,50.09877835052356,1.9098753001452005,4.0,1004.43286
2020-09-19 09:00:00,15.13760000000002,48.97919025207898,2.103359560055477,7.0,720.7517
2020-09-19 10:00:00,14.934000000000026,48.95805914035735,2.227526016807914,7.0,801.9297
2020-09-19 11:00:00,14.50436000000002,50.01737709123589,1.965464221199628,4.0,623.3784
2020-09-19 12:00:00,13.80453,52.97751840528524,1.5646907034802533,5.0,387.05676
2020-09-19 13:00:00,12.374660000000006,64.36773921585012,0.9966519368725477,17.0,153.62431
2020-09-19 14:00:00,12.109280000000012,57.60049902233805,0.6497769998248657,14.0,123.215256
2020-09-19 15:00:00,11.770399999999995,57.538933145288524,0.8659889737064383,9.0,94.71698
2020-09-19 16:00:00,10.4452,61.26004283052654,1.3766925763153153,13.0,39.296432
2020-09-19 17:00:00,8.181849999999997,67.88380096394211,1.814768527520557,9.0,26.98993
2020-09-19 18:00:00,6.654930000000036,71.41715150826433,2.2292057009153754,5.0,23.970215
2020-09-19 19:00:00,6.534940000000006,70.14135495370623,2.273144756503459,4.0,25.119156
2020-09-19 20:00:00,5.453150000000051,72.50490292719051,2.5855086320424308,2.0,23.375454
2020-09-19 21:00:00,4.531700000000001,73.84820130955407,2.9812834866185116,3.0,18.737213
2020-09-19 22:00:00,4.1370000000000005,72.47188107943276,3.270268296475722,3.0,17.797531
2020-09-19 23:00:00,4.177180000000021,67.98115623193658,3.4494823119505664,1.0,15.631239
2020-09-20 00:00:00,4.498379999999997,61.40568657332402,3.5590955234024917,2.0,18.786018
2020-09-20 01:00:00,4.410550000000001,57.25035695420903,3.7338292125125654,0.0,20.550087
2020-09-20 04:00:00,15.623400000000004,33.21600346461036,1.3529067095797884,8.0,120.521515
2020-09-20 05:00:00,17.773650000000032,30.11272373812304,0.9524964949165439,14.0,410.84177
2020-09-20 06:00:00,19.493280000000027,28.63869116884981,0.6857065495855825,7.0,639.4155
2020-09-20 07:00:00,20.892899999999997,25.857064573278922,0.7062102854111475,1.0,827.76
2020-09-20 08:00:00,21.646299999999997,25.91057088820631,0.9202541987886682,1.0,934.7053
2020-09-20 09:00:00,22.094750000000033,26.145413578231086,1.3832348895158189,1.0,942.62305
2020-09-20 10:00:00,22.044200000000046,26.948378531406796,1.686622931289267,1.0,855.949
2020-09-20 11:00:00,21.50010000000003,29.80640422779012,1.416784024228566,2.0,450.96198
2020-09-20 12:00:00,19.986800000000017,46.91358468957904,0.9451201088051167,3.0,132.55402
2020-09-20 13:00:00,19.726650000000006,29.814823683488957,0.9128371512612475,40.0,20.706562
2020-09-20 14:00:00,13.579740000000015,46.71184646391772,2.454485928718877,16.0,21.727575
2020-09-20 15:00:00,10.8904,50.98011373856783,3.235569056977309,17.0,18.224606
2020-09-20 16:00:00,9.166770000000042,55.1037574593899,3.6086099657467376,9.0,17.269993
2020-09-20 17:00:00,8.445920000000001,56.71031734972616,3.810251517687877,8.0,18.550491
2020-09-20 18:00:00,8.33456000000001,54.99789848431332,3.8643200900308776,6.0,18.884712
2020-09-20 19:00:00,8.247550000000047,54.59558388191906,3.9636949222896343,3.0,18.24694
2020-09-20 20:00:00,8.27800000000002,50.684367205037624,3.8728043183161285,2.0,17.288763
2020-09-20 21:00:00,8.169759999999997,47.42895203831755,3.8649507221556334,2.0,16.860428
2020-09-21 04:00:00,18.14790000000005,33.279901612815664,0.3849179922522834,1.0,64.35794
2020-09-21 05:00:00,19.818480000000022,30.980001400089176,1.105188600628418,2.0,354.0537
2020-09-21 06:00:00,20.846460000000036,29.699896444802324,1.6337795871192233,5.0,602.3154
2020-09-21 07:00:00,21.35310000000004,29.581090949437876,2.1245826135262376,3.0,797.281
2020-09-21 08:00:00,21.638500000000022,29.666954810356632,2.0423811850735913,2.0,947.8496
2020-09-21 09:00:00,21.8288,29.73029199785118,2.0739380973017636,3.0,963.89233
2020-09-21 10:00:00,21.66476,30.2242975729657,2.0845115217613897,4.0,726.2124
2020-09-21 11:00:00,21.143460000000005,31.754558040109742,1.7765163088484046,5.0,496.17407
2020-09-21 12:00:00,19.684500000000014,44.83991161764824,1.4636384275003065,14.0,132.28535
2020-09-21 13:00:00,17.713600000000042,43.82757388957274,1.4134921053465892,30.0,55.046844
2020-09-21 14:00:00,16.506740000000036,41.181959881939676,1.5296843819997803,15.0,34.751076
2020-09-21 15:00:00,16.905500000000018,36.48586877778096,1.4168605580283509,11.0,21.418211
2020-09-21 16:00:00,16.637,35.6873770228626,1.4380941637641291,8.0,13.6015625
2020-09-21 17:00:00,14.59820000000002,40.706942273538964,1.6857167172969307,6.0,17.562977
2020-09-21 18:00:00,11.54946000000001,50.92048967730945,2.148258082739951,6.0,37.246605
2020-09-21 19:00:00,10.419399999999996,54.007530572510696,2.4247222855038575,5.0,76.53131
2020-09-21 20:00:00,9.627740000000017,58.3231408780805,2.345790291011251,4.0,72.142
2020-09-21 21:00:00,10.286519999999996,55.683611311190596,1.8639001350072515,3.0,33.447422
2020-09-21 22:00:00,13.717370000000017,42.014625357662865,0.9509259507329978,2.0,23.594225
2020-09-21 23:00:00,13.261680000000013,43.18070078679509,1.0920412607431689,2.0,21.942528
2020-09-22 00:00:00,12.823140000000024,44.21283575569671,0.7518009587107148,1.0,99.90324
2020-09-22 01:00:00,11.817100000000039,46.44493930269866,0.46373974086065495,3.0,102.73957
2020-09-22 02:00:00,11.350500000000011,49.9304311638233,0.4260175912849371,5.0,97.35547
2020-09-22 03:00:00,11.416700000000048,69.3385591405232,0.7255990501522911,4.0,185.91496
2020-09-22 04:00:00,13.64160000000004,52.45968456904579,1.2606459221740738,4.0,326.344
2020-09-22 05:00:00,15.033780000000036,49.69653465890847,1.7530220586461314,17.0,469.81104
2020-09-22 06:00:00,16.145350000000008,47.56404714844653,2.20161731353879,16.0,647.53076
2020-09-22 07:00:00,16.91613000000001,49.46914597309445,2.5412248036745844,8.0,799.1377
2020-09-22 08:00:00,17.293800000000033,48.69854371713714,2.5638087897586845,6.0,811.96094
2020-09-23 06:00:00,14.954000000000008,51.431551081016764,1.87885109524882,10.0,634.81665
2020-09-23 07:00:00,15.950620000000015,50.741493733241946,2.1802136516954675,19.0,655.4126
2020-09-23 08:00:00,16.22762,49.85404158391708,1.6907039029815307,16.0,643.74634
2020-09-23 09:00:00,16.52120000000002,48.45750867183318,1.2428042865018005,10.0,553.2097
2020-09-23 10:00:00,16.776900000000012,47.87758785598671,1.5284711954832386,7.0,644.3877
2020-09-23 11:00:00,16.47213000000005,48.16164165824064,1.4654757515861327,10.0,551.0669
2020-09-23 12:00:00,15.859300000000019,50.22956152519454,1.4788784291544632,11.0,214.30742
2020-09-23 13:00:00,14.207480000000032,61.55292620461707,0.8716417347142605,28.0,48.590637
2020-09-23 14:00:00,13.315600000000018,57.343999775676124,1.2215425848911245,22.0,27.013107
2020-09-23 15:00:00,14.33578,50.57772622192173,0.6324113609689811,23.0,18.930264
2020-09-23 16:00:00,13.892600000000016,50.62891498202982,0.2263382803183103,8.0,25.757217
2020-09-23 17:00:00,13.433130000000006,51.08956022945265,0.5510606033035862,6.0,39.85565
2020-09-23 18:00:00,13.05898000000002,51.46667593855277,0.9284790444743017,1.0,47.35054
2020-09-23 19:00:00,12.506979999999999,53.65121298486315,0.9458777943575769,1.0,48.462936
2020-09-23 20:00:00,12.025260000000003,54.67914987577209,0.9731106262625001,0.0,44.14308
2020-09-23 22:00:00,11.534080000000017,54.89310437204655,0.24814690847614365,2.0,41.286575
2020-09-23 23:00:00,10.76302000000004,58.029005251054095,0.26284895977822414,0.0,37.88881
2020-09-24 00:00:00,10.478880000000004,58.9161325271691,0.5733919033255329,1.0,26.25238
2020-09-24 01:00:00,10.286040000000014,59.01211739483769,1.1954626978013367,5.0,35.944214
2020-09-24 02:00:00,10.227530000000002,60.45769240230339,0.9641786414505408,4.0,49.488647
2020-09-24 03:00:00,10.35232000000002,70.51978298651778,1.1374268922902817,6.0,176.44391
2020-09-24 04:00:00,12.990620000000035,52.99229326469443,1.6651078372294177,3.0,376.77466
2020-09-24 05:00:00,14.26320000000004,45.82162132235373,1.9819491275287213,3.0,623.8933
2020-09-24 06:00:00,15.430260000000033,41.95926669769008,2.1896558331613662,1.0,788.39575
2020-09-24 07:00:00,16.39572000000004,40.34407251637164,2.710455493925593,2.0,882.3884
2020-09-24 08:00:00,16.830100000000016,38.93465346713911,2.552795064870122,3.0,936.12744
2020-09-24 09:00:00,17.086659999999995,37.99421667693421,2.236382433693124,5.0,857.76636
2020-09-24 10:00:00,17.151970000000006,37.3604854616215,1.9510556476406027,4.0,721.96094
2020-09-24 11:00:00,16.701900000000023,37.133472328929855,1.781475500286151,9.0,555.729
2020-09-24 12:00:00,15.737660000000005,40.66325750072665,1.2528171191279558,9.0,242.77603
2020-09-24 13:00:00,14.604460000000017,45.39623605059722,0.7178283306904278,17.0,47.553024
2020-09-24 14:00:00,13.439600000000041,45.580593205293845,1.192725747823384,13.0,40.08339
2020-09-24 15:00:00,11.7697,50.88748404498758,1.6005138988953203,11.0,35.721405
2020-09-24 16:00:00,11.423730000000035,51.330454661723174,1.648567391286474,8.0,34.14743
2020-09-24 17:00:00,11.319060000000036,50.99234110541053,1.6360257870933759,7.0,33.4104
2020-09-24 18:00:00,10.71407000000005,52.181526939786636,1.6851260114581579,4.0,27.343058
2020-09-24 19:00:00,12.478780000000029,47.17643360188763,0.966447472345916,2.0,24.351002
2020-09-24 20:00:00,11.394740000000013,49.338531811177816,1.382103667654671,3.0,26.271782
2020-09-24 21:00:00,10.518580000000043,50.869400130590904,1.5628638975077134,4.0,25.300537
2020-09-24 22:00:00,10.278470000000027,50.658026498090884,1.576683651440527,5.0,20.78352
2020-09-24 23:00:00,9.738950000000045,51.55943845501265,1.6250632485274965,3.0,15.607739
2020-09-25 00:00:00,7.791860000000042,57.97224688338585,1.9083604733293185,4.0,16.528088
2020-09-25 01:00:00,6.8887600000000475,61.286454768421194,2.061585345352748,5.0,23.287285
2020-09-25 02:00:00,7.687370000000044,61.977238592650515,1.8480309691636934,3.0,27.58464
2020-09-25 03:00:00,11.406240000000025,56.577487013842536,0.48617102828283393,15.0,186.07852
2020-09-25 04:00:00,13.818320000000028,42.98413738492147,1.474605971538381,14.0,435.81958
2020-09-25 05:00:00,14.83680000000004,41.70955468547384,1.9894890235907292,16.0,641.32764
2020-09-25 06:00:00,15.656200000000013,41.645782010795614,2.285625380560789,12.0,825.46387
2020-09-25 07:00:00,16.25875000000002,43.166382030094105,2.52243867917674,15.0,954.84204
2020-09-25 08:00:00,16.64974000000001,42.975953345438356,2.3845941300798814,10.0,993.23096
2020-09-25 09:00:00,16.63375000000002,43.322515261325606,2.083598556599723,10.0,863.80396
2020-09-25 10:00:00,16.532039999999995,43.306923425021346,1.8294215453545226,14.0,730.3225
2020-09-25 11:00:00,16.06033000000002,43.60179020320381,1.6346005336993654,9.0,518.12427
2020-09-25 12:00:00,15.288080000000036,45.427391642109264,1.418756515133961,10.0,320.79077
2020-09-25 13:00:00,14.089930000000038,49.541057979413054,1.7121409614939058,18.0,147.96246
2020-09-25 14:00:00,12.23177000000004,56.48078105301313,2.0358641872434053,9.0,117.548874
2020-09-25 15:00:00,10.84390000000002,62.227983453382286,1.927600397566166,17.0,125.704285
2020-09-25 16:00:00,10.520039999999995,59.99400244217996,1.545555340773487,9.0,111.410614
2020-09-25 17:00:00,11.90542000000005,49.028449482283776,0.9810541399049748,7.0,94.275024
2020-09-25 18:00:00,11.29812000000004,49.3814521895748,0.4906946092448052,10.0,39.337906
2020-09-25 19:00:00,10.567319999999995,50.90201750327394,0.05892005490381654,5.0,26.148422
2020-09-25 20:00:00,10.229579999999999,51.32864808510744,0.19327898280056946,2.0,13.969182
2020-09-25 21:00:00,9.867580000000032,52.54787294067655,0.49440714564747135,6.0,15.432063
2020-09-25 22:00:00,9.500879999999995,55.075218623073646,0.7516035274576173,5.0,38.09619
2020-09-25 23:00:00,9.26943,57.26055795023576,0.6649886156100707,1.0,43.32483
2020-09-26 00:00:00,9.078300000000013,59.319176787292115,0.5662792099621914,0.0,32.791977
2020-09-26 01:00:00,8.948500000000024,61.19037506911645,0.629174985058101,3.0,75.14064
2020-09-26 02:00:00,8.809200000000033,63.00511360269369,0.6660075185554807,6.0,129.05185
2020-09-26 03:00:00,9.313440000000014,63.673954360240245,1.0433764461823036,6.0,224.61584
2020-09-26 04:00:00,10.704060000000027,53.36659604593826,1.6957279219031427,10.0,305.177
2020-09-26 05:00:00,11.472340000000031,49.509517854323896,2.085283424479527,13.0,401.01465
2020-09-26 06:00:00,11.917630000000031,47.235448282782855,2.0388225613236313,17.0,531.303
2020-09-26 07:00:00,12.790729999999996,45.38087551339461,2.3910793592252033,6.0,546.3904
2020-09-26 08:00:00,12.923360000000002,43.48285165036595,1.9936311561539592,5.0,572.6675
2020-09-26 09:00:00,13.150320000000022,42.154558990898266,1.7076944278683848,3.0,588.82056
2020-09-26 10:00:00,13.489900000000034,41.23008828071071,1.4553776068957371,1.0,695.2512
2020-09-26 11:00:00,13.275170000000003,41.26678049178847,1.4189408125434866,2.0,487.5747
2020-09-26 12:00:00,12.718650000000025,42.43199968923002,1.279594898643612,6.0,339.01904
2020-09-26 13:00:00,11.282530000000008,55.80915306861223,1.1402861659691492,16.0,178.45305
2020-09-26 14:00:00,11.039180000000044,46.76333722564529,0.9073602522361364,16.0,226.73512
2020-09-26 15:00:00,10.28884000000005,47.105737068633374,0.87326849484477,29.0,191.21428
2020-09-26 16:00:00,9.713099999999997,47.91029839262683,1.049533694808311,27.0,158.93855
2020-09-26 17:00:00,9.043020000000013,49.06951647809123,1.117093112934542,24.0,129.62086
2020-09-26 18:00:00,9.232259999999997,47.362298629389215,0.9162062049221625,5.0,113.04793
2020-09-26 19:00:00,9.403830000000028,46.61256752534105,0.8660314989211215,3.0,104.61388
2020-09-26 20:00:00,9.328270000000032,47.22177893213661,0.6931610081227885,10.0,85.9765
2020-09-26 21:00:00,9.372370000000046,47.53827949892544,0.3032975797136156,9.0,65.35217
2020-09-26 22:00:00,8.997770000000003,48.41904350726169,0.5763576297249802,5.0,64.758865
2020-09-26 23:00:00,7.755760000000009,53.66435260363979,1.18025988942843,4.0,126.99588
2020-09-27 00:00:00,7.133600000000001,56.84615477871761,1.2098513318688457,8.0,107.18608
2020-09-27 01:00:00,5.797570000000007,67.8628839655488,1.4490080650284154,9.0,98.45064
2020-09-27 02:00:00,5.71917000000002,76.07782208605322,1.3934282618174445,8.0,119.962006
2020-09-27 03:00:00,7.5855999999999995,63.315126584136145,1.647167488007555,5.0,170.82323
2020-09-27 04:00:00,8.047600000000045,62.38775586606869,1.6791063304555818,6.0,276.42334
2020-09-27 05:00:00,9.087820000000022,58.383129062844276,1.7558726146706343,4.0,384.7058
2020-09-27 06:00:00,9.567470000000014,56.43109649626479,1.6157930288737632,3.0,454.9348
2020-09-27 07:00:00,10.506460000000004,54.725439314542896,1.7966534954215574,4.0,503.86914
2020-09-27 08:00:00,10.894560000000013,53.21112643314948,1.535667406074772,4.0,576.4297
2020-09-27 09:00:00,11.566340000000025,50.08119945559932,1.5567933120712718,4.0,588.1809
2020-09-27 10:00:00,11.629999999999995,48.46581605392418,1.3453836029946673,5.0,528.34644
2020-09-27 11:00:00,11.60256000000004,47.42858976148525,1.160427555839892,4.0,402.65656
2020-09-27 12:00:00,11.156820000000039,49.16188024984168,0.7302176879039075,3.0,240.59749
2020-09-27 13:00:00,10.854200000000048,48.652901435199375,0.597808013558095,41.0,70.753235
2020-09-27 14:00:00,10.640340000000037,47.15740089838553,0.3398386785201923,25.0,29.105333
2020-09-27 15:00:00,10.241970000000038,47.231242302352655,0.3419127574868433,30.0,69.06279
2020-09-27 16:00:00,9.575950000000034,48.24688014424317,0.2644589870286128,31.0,62.51512
2020-09-27 17:00:00,9.130880000000047,49.02824852408531,0.610376479373406,25.0,48.865173
2020-09-27 18:00:00,8.566000000000031,50.82533701469969,1.0595282292750414,6.0,41.734818
2020-09-27 19:00:00,8.272360000000049,53.69358508061358,1.2174724255261637,6.0,26.73352
2020-09-27 20:00:00,6.143580000000043,62.62554571186396,1.568807958758269,19.0,26.574562
2020-09-27 21:00:00,6.591360000000009,61.7698978585149,1.4712724831347386,3.0,26.744305
2020-09-27 22:00:00,5.898650000000032,65.19568597506687,1.5815303295515046,2.0,19.899757
2020-09-27 23:00:00,5.093380000000025,68.50412221831527,1.7426200784101862,2.0,15.999952
2020-09-28 00:00:00,4.707330000000013,70.39466479609474,1.8236517577671172,4.0,15.655892
2020-09-28 01:00:00,5.237700000000018,69.17295211690687,1.725518183856709,5.0,16.645405
2020-09-28 02:00:00,6.946560000000034,65.14600298623964,1.3448034861025735,16.0,18.82138
2020-09-28 03:00:00,8.123070000000041,71.25546309538002,0.3222359183125916,7.0,42.94615
2020-09-28 04:00:00,10.375400000000013,56.23425723133114,0.8581968714084963,7.0,271.57227
2020-09-28 05:00:00,11.68383,52.84550167550041,1.518506837538824,5.0,504.4038
2020-09-28 06:00:00,12.74935000000005,49.47126574943634,1.8198449342989913,3.0,612.10425
2020-09-28 07:00:00,13.223960000000034,47.50642855141852,2.1236871159714914,0.0,665.22656
2020-09-28 08:00:00,13.724500000000035,45.62782272937493,1.9941448378575566,2.0,744.9717
2020-09-28 09:00:00,13.82955000000004,44.60995254879332,1.7838097054650623,4.0,708.2971
2020-09-28 10:00:00,13.743250000000046,43.396155537498586,1.5975617487821183,2.0,677.57935
2020-09-28 11:00:00,13.360500000000002,43.29744390498576,1.4455040542700703,6.0,525.7573
2020-09-28 12:00:00,12.897970000000043,44.70972235843143,1.1714978307922321,5.0,278.52026
2020-09-28 13:00:00,11.458150000000046,56.56765833655504,0.9889307607129119,23.0,57.8824
2020-09-28 14:00:00,11.780660000000012,44.66188240380482,0.38210619627737263,32.0,48.834976
2020-09-28 15:00:00,11.194970000000012,45.44571586132994,0.38820982540426563,9.0,68.21022
2020-09-28 16:00:00,10.442600000000027,47.42280408714272,1.0514026186495447,7.0,56.019897
2020-09-28 17:00:00,7.424950000000024,58.427748771254244,1.6837930442710725,9.0,30.401012
2020-09-28 18:00:00,5.416740000000004,66.88906990856346,2.031752430771862,10.0,24.590305
2020-09-28 19:00:00,6.8212500000000205,64.54600255205169,1.7103401818163142,6.0,21.616146
2020-09-28 20:00:00,5.020350000000008,73.1978975601703,2.009544914736255,10.0,19.000837
2020-09-28 21:00:00,3.4938300000000027,81.42582548327417,2.4508571795859178,5.0,17.208347
2020-09-28 22:00:00,3.2163600000000088,83.88625690267307,2.5723349271916383,1.0,16.894207
2020-09-28 23:00:00,3.1645000000000323,85.21982213834144,2.725768974308752,11.0,16.548843
2020-09-29 00:00:00,3.4423000000000457,84.56377355884574,2.655814951857422,8.0,18.498444
2020-09-29 01:00:00,3.4823499999999967,83.60437582038438,2.5454079791728104,7.0,18.73563
2020-09-29 02:00:00,4.333520000000021,83.04939111861037,2.1331760020267225,17.0,19.46093
2020-09-29 03:00:00,8.665670000000034,73.55240514887475,0.9605138111941856,23.0,30.964111
2020-09-29 04:00:00,11.443320000000028,53.147078189785496,0.3773582775616654,15.0,222.27428
2020-09-29 05:00:00,12.904870000000017,50.21227835380112,1.182753957841117,19.0,375.57837
2020-09-29 06:00:00,13.781150000000025,47.90420308267297,1.4553298071829557,10.0,495.614
2020-09-29 07:00:00,14.197080000000028,45.11233163048311,1.6337927475035658,9.0,657.71216
2020-09-29 08:00:00,14.80940000000004,42.953826481056474,1.5273634072944333,7.0,791.51636
2020-09-29 09:00:00,15.104100000000017,41.27272266381949,1.4593499292314402,10.0,806.59766
2020-09-29 10:00:00,15.081020000000024,39.70932262204961,1.4701215439465674,8.0,795.41113
2020-09-29 11:00:00,14.573360000000037,38.888526055105,1.4301562303340287,7.0,460.78412
2020-09-29 12:00:00,13.647550000000024,41.64435003516546,1.23426480503162,10.0,210.61452
2020-09-29 13:00:00,11.966730000000041,48.228087148873065,0.9783698814364291,20.0,99.53357
2020-09-29 14:00:00,11.644370000000038,40.6774475674507,0.7549187231347694,21.0,82.19919
2020-09-29 15:00:00,10.024320000000046,45.090819665871734,1.3780675257192199,21.0,82.66775
2020-09-29 16:00:00,8.27197000000001,51.587773692328355,1.6398289532469568,15.0,67.227936
2020-09-29 17:00:00,8.295299999999997,51.77294571485226,1.5634172518763667,11.0,31.01419
2020-09-29 18:00:00,8.758800000000008,50.23836127305304,1.4572048896136363,14.0,22.267548
2020-09-29 19:00:00,9.59250000000003,48.47026371982446,1.0077538505438806,13.0,16.03836
2020-09-29 20:00:00,9.21750000000003,49.62141795761341,1.3329959730470495,14.0,16.260303
2020-09-29 21:00:00,7.937600000000032,54.599574150772916,1.5527448385020475,9.0,15.905602
2020-09-29 22:00:00,8.097800000000007,54.50313650958623,1.5327809469792744,8.0,18.727863
2020-09-29 23:00:00,7.731160000000045,56.76672887471489,1.6159060443159732,6.0,14.461227
2020-09-30 00:00:00,7.3044700000000375,58.37820272989693,1.6943267304487033,13.0,15.759673
2020-09-30 01:00:00,7.130899999999997,59.3675191469974,1.7126496719758386,10.0,19.107601
2020-09-30 02:00:00,7.903040000000033,57.72011767306297,1.539761913796925,21.0,23.995573
2020-09-30 03:00:00,9.513970000000029,59.633344783029095,0.8248948221498053,20.0,40.037766
2020-09-30 04:00:00,11.752949999999998,46.66016382421354,1.169305990025887,21.0,208.46016
2020-09-30 05:00:00,12.885250000000042,42.794224122715285,1.9553070662045131,13.0,339.10834
2020-09-30 06:00:00,13.31176000000005,39.81656740563614,2.3908869755175712,11.0,483.9912
2020-09-30 07:00:00,13.727400000000046,39.379204154051386,2.380470644071548,8.0,557.8313
2020-09-30 08:00:00,13.860250000000008,37.347292699859395,2.6950039973572006,8.0,581.2019
2020-09-30 09:00:00,13.61587000000003,35.440203002409504,2.841319634642016,9.0,523.0725
2020-09-30 10:00:00,12.851220000000012,34.720290658837314,2.5955904938083973,6.0,457.86218
2020-09-30 11:00:00,12.074850000000026,35.14780713547042,2.5069889804022356,10.0,443.49237
2020-09-30 12:00:00,11.064800000000048,36.48761381124916,2.235067605865818,12.0,289.48666
2020-09-30 13:00:00,9.693200000000047,39.833282314133946,1.7809364872713487,26.0,186.56944
2020-09-30 14:00:00,8.582480000000032,45.38158932394778,1.4184176443557444,25.0,148.61378
2020-09-30 15:00:00,7.777300000000025,53.587262797238736,1.220658941376456,20.0,107.67456
2020-09-30 16:00:00,7.390500000000031,55.38196156722184,1.0913698683300967,15.0,107.97957
2020-09-30 17:00:00,7.007840000000044,55.812715982482196,1.0313790226847783,38.0,94.17059
2020-09-30 18:00:00,6.713530000000048,56.740117731183126,1.0367566663427212,48.0,128.80687
2020-09-30 19:00:00,6.541350000000023,58.292221001259975,1.3130099867576601,35.0,109.81291
2020-09-30 21:00:00,6.305229999999995,59.152856900257426,1.0643689558446547,19.0,79.474976
2020-09-30 22:00:00,6.574980000000039,55.08978318719604,0.5982273327342713,12.0,53.824493
2020-10-01 00:00:00,6.726830000000007,52.262092296055265,0.8008952987617365,8.0,37.38481
2020-10-01 01:00:00,5.67697000000004,60.35954904006315,1.2593830868026819,12.0,31.069687
2020-10-01 02:00:00,5.645840000000021,64.4975204322786,1.3120316509743095,12.0,18.494415
2020-10-01 04:00:00,10.825040000000001,47.43283875625024,0.9270930997476586,15.0,282.0613
2020-10-01 05:00:00,12.089930000000038,45.5577071870138,1.4848054216907745,20.0,424.8667
2020-10-01 06:00:00,13.092200000000048,44.0680349508275,1.6145408852173928,7.0,526.51465
2020-10-01 07:00:00,14.057950000000005,40.91213962984506,1.9970964385905003,16.0,569.79004
2020-10-01 08:00:00,14.172000000000025,39.53757842591159,1.860165085823398,7.0,619.1843
2020-10-01 09:00:00,14.562900000000013,37.868985702036305,1.7250969423756248,7.0,643.87354
2020-10-01 10:00:00,14.619100000000003,36.600883952248516,1.6311024351296548,6.0,615.70483
2020-10-01 11:00:00,14.310140000000047,35.89076298832232,1.3911890662958684,8.0,389.5144
2020-10-01 12:00:00,13.52722,40.98955315696097,1.165056002141704,11.0,133.57979
2020-10-01 13:00:00,12.810240000000022,38.76971303214853,0.7494289526205886,53.0,36.918304
2020-10-01 14:00:00,12.653040000000033,34.01542536084471,0.23371897003433673,22.0,25.64772
2020-10-01 15:00:00,12.24368000000004,33.089509204956215,0.41187304416003917,12.0,35.098934
2020-10-01 16:00:00,11.703670000000045,33.29593378043178,0.7784227732046651,13.0,32.46364
2020-10-01 17:00:00,10.902500000000032,35.31511993273327,1.4153805594214053,13.0,25.072088
2020-10-01 18:00:00,7.444060000000036,46.60818070509501,1.9232813961674424,9.0,21.65199
2020-10-01 19:00:00,4.9066400000000385,59.6936509933963,2.490397287672529,9.0,18.630562
2020-10-01 20:00:00,4.238980000000026,62.09245317027126,2.600955800015365,7.0,17.073872
2020-10-01 21:00:00,3.2899400000000014,65.52646828555281,2.7620407870151737,5.0,15.681901
2020-10-01 22:00:00,2.6459600000000023,67.40636406467848,2.873391579478036,7.0,17.435835
2020-10-01 23:00:00,2.2039400000000455,68.45981102301238,2.9456896945256146,7.0,15.624673
2020-10-02 00:00:00,2.026730000000043,68.1691613105356,2.9408339884860157,7.0,15.233715
2020-10-02 01:00:00,2.161800000000028,67.47773498416603,2.8520989720583496,6.0,15.638338
2020-10-02 02:00:00,3.5095000000000027,67.769851068786,2.457283024191465,13.0,15.7676325
2020-10-02 03:00:00,8.79006000000004,58.31314891833555,1.1387158048446417,19.0,17.145817
2020-10-02 04:00:00,11.409780000000012,44.86517371631588,0.9150430120028142,22.0,188.83752
2020-10-02 05:00:00,12.662869999999998,43.972231824787954,1.4975417350587135,17.0,315.23322
2020-10-02 06:00:00,13.594899999999996,43.02875860595942,1.8252958647910345,18.0,474.33643
2020-10-02 07:00:00,14.38680000000005,41.34499517171214,2.0302301102970617,13.0,562.47217
2020-10-02 08:00:00,14.54427000000004,42.6744984973174,1.994343039273259,10.0,654.77124
2020-10-02 09:00:00,14.368740000000003,44.3050713813621,1.7398190807576086,11.0,538.5928
2020-10-02 10:00:00,13.879970000000014,47.72945566748273,0.8923620267926852,10.0,439.50122
2020-10-02 11:00:00,13.281200000000013,52.628420126757916,0.29873284398353156,9.0,270.35864
2020-10-02 12:00:00,12.628260000000012,59.22417564353339,0.8698238092916097,22.0,89.07306
2020-10-02 13:00:00,10.733120000000042,71.21525237264714,1.23458910240966,21.0,35.235825
2020-10-02 14:00:00,9.311730000000011,73.29876033782894,1.7150665282576676,27.0,26.317322
2020-10-02 15:00:00,8.10310000000004,76.7372119738365,2.0143220509700477,15.0,19.535545
2020-10-02 16:00:00,6.656030000000044,80.6024125253286,2.4779001437250074,15.0,16.805698
2020-10-02 17:00:00,5.707240000000013,84.05552878793598,2.6854402835962308,16.0,17.650513
2020-10-02 18:00:00,4.698400000000049,85.88070238236601,2.906073451372657,11.0,16.910799
2020-10-02 19:00:00,3.9236000000000217,84.20802494680896,3.2132584032033664,9.0,16.362537
2020-10-02 20:00:00,4.032950000000028,82.81428730477823,3.1755563349619633,6.0,16.019676
2020-10-02 21:00:00,3.95437000000004,81.81769402759375,3.1954857996371606,4.0,15.587931
2020-10-02 22:00:00,3.946770000000015,80.85866498236076,3.157361019109374,5.0,18.379044
2020-10-02 23:00:00,3.8008400000000506,80.06405490856713,3.1749355726889505,4.0,17.595184
2020-10-03 00:00:00,3.7927999999999997,79.09424616648283,3.1599588063446906,3.0,14.478822
2020-10-03 01:00:00,3.7976300000000265,78.71758204798539,3.147135105951508,3.0,15.813151
2020-10-03 02:00:00,4.65972000000005,76.82732757948821,2.8447889424828903,4.0,16.495079
2020-10-03 03:00:00,7.713700000000017,79.0701882690641,1.8341946951776937,5.0,18.147354
2020-10-03 04:00:00,11.521569999999997,58.325555971391246,0.4785737754960848,25.0,182.98071
2020-10-03 05:00:00,12.860100000000045,54.03133383434661,1.3428571934893614,12.0,409.32202
2020-10-03 06:00:00,13.18136000000004,51.58329756643773,1.7621952795336704,12.0,618.1636
2020-10-03 07:00:00,14.195500000000038,44.36728015678088,1.5532815834505536,8.0,740.00146
2020-10-03 08:00:00,14.188559999999995,47.531441047478665,1.4904686075883637,7.0,571.6306
2020-10-03 09:00:00,13.859000000000037,48.816988187426624,1.3320992794547815,6.0,594.376
2020-10-03 10:00:00,13.483000000000004,50.50542749540236,1.210326842512814,18.0,458.271
2020-10-03 11:00:00,12.644560000000013,54.7480303191894,0.8177745288943342,10.0,201.39027
2020-10-03 12:00:00,11.546780000000012,64.07725309723776,0.3872563588701004,8.0,102.94763
2020-10-03 13:00:00,10.859120000000019,68.66918294547447,0.13007980490861024,8.0,60.243454
2020-10-03 14:00:00,8.317000000000007,82.40910868303298,1.6296690381690049,19.0,46.451584
2020-10-03 15:00:00,7.553580000000011,83.51199197597275,1.785953884877903,17.0,34.389282
2020-10-03 16:00:00,7.015039999999999,84.00962204829173,1.8158621361485106,17.0,30.90686
2020-10-03 17:00:00,6.5908000000000015,84.21754901750693,1.9644824494318702,5.0,27.977814
2020-10-03 18:00:00,5.535820000000001,86.27204513737803,2.4002153778630473,3.0,20.491684
2020-10-03 19:00:00,4.0242000000000075,84.16701891521807,2.9947843567013885,1.0,16.43827
2020-10-03 20:00:00,3.8303999999999974,83.49628784077112,3.0641582114516366,1.0,16.073975
2020-10-03 21:00:00,3.5030800000000113,83.15674830416485,3.1747403572762356,2.0,15.689398
2020-10-03 22:00:00,3.3558000000000447,82.77027274110874,3.2238338910580895,2.0,16.33995
2020-10-03 23:00:00,3.005520000000047,82.88421446008564,3.3178075915763774,0.0,16.963074
2020-10-05 00:00:00,3.616360000000043,75.59891489928056,3.212088375028284,6.0,17.979038
2020-10-05 01:00:00,3.293800000000033,74.81956490438306,3.2632378952539307,4.0,18.46819
2020-10-05 02:00:00,3.89443,72.8242834096785,3.1107544554986886,6.0,16.142685
2020-10-05 03:00:00,7.433620000000019,71.17262892749224,2.0525199878953733,9.0,21.384933
2020-10-05 04:00:00,11.538139999999999,49.60780651610633,0.025701332217150808,13.0,176.69125
2020-10-05 05:00:00,12.927819999999997,46.5997512853828,0.8907249776981948,7.0,377.06128
2020-10-05 06:00:00,14.19580000000002,43.7375364088428,1.371372848346616,5.0,553.26294
2020-10-05 07:00:00,15.059900000000027,43.976396926748045,1.8519931941955512,5.0,738.573
2020-10-05 08:00:00,15.432800000000043,43.0509576162628,1.9339166730503778,11.0,818.2351
2020-10-05 09:00:00,15.542380000000037,42.581214897153316,1.9290942677181564,9.0,816.9861
2020-10-05 10:00:00,15.286860000000047,42.71081498880613,1.796369351935776,8.0,632.2051
2020-10-05 11:00:00,14.636680000000013,43.90093398724306,1.3693278468787848,8.0,295.9961
2020-10-05 12:00:00,13.312160000000006,59.53797657609306,0.9367920671817369,11.0,84.71478
2020-10-05 13:00:00,12.598870000000034,48.87209412966899,0.1792930722385947,39.0,25.692719
2020-10-05 14:00:00,12.161220000000014,48.33125179727165,0.565097109945638,12.0,17.043165
2020-10-05 15:00:00,11.48818,48.81933550096159,0.7499119099741386,14.0,15.252019
2020-10-05 16:00:00,10.943700000000035,49.57830053329328,0.8612277625996665,13.0,14.808347
2020-10-05 17:00:00,10.401900000000012,50.90021910358721,0.875253153219537,9.0,15.630639
2020-10-05 18:00:00,9.86193000000003,52.28981408102519,0.9871852089767097,9.0,18.845184
2020-10-05 19:00:00,9.903160000000014,50.194331381302746,0.9956547772976112,6.0,26.452915
2020-10-05 20:00:00,8.728480000000047,53.963003003606836,1.390522525952979,2.0,41.715256
2020-10-05 21:00:00,5.678800000000024,63.75263244880353,1.8501205707151516,6.0,53.372543
2020-10-05 22:00:00,3.494000000000028,72.32569710292503,2.224511636601265,15.0,178.52428
2020-10-05 23:00:00,2.495200000000011,76.12295258764135,2.4118555683698824,10.0,282.70782
2020-10-06 00:00:00,2.0146400000000426,78.1353950933498,2.2412859490209143,9.0,244.46272
2020-10-06 01:00:00,1.243250000000046,83.77746401927176,2.21637736700547,8.0,268.86432
2020-10-06 02:00:00,1.688379999999995,89.22725915667012,2.131271179267664,8.0,310.19226
2020-10-06 03:00:00,2.3718000000000075,92.46337733182881,2.849798826543242,7.0,304.70544
2020-10-06 04:00:00,1.8655600000000163,96.31164964540162,3.076427750321852,8.0,305.56345
2020-10-06 05:00:00,1.2519800000000032,92.04660618869403,3.4784151860949923,7.0,245.49864
2020-10-06 06:00:00,1.5578200000000493,92.22660575208586,2.9793799663249145,8.0,269.05737
2020-10-06 07:00:00,1.4952000000000112,92.5078024420217,1.729772103103403,9.0,245.3221
2020-10-06 08:00:00,2.939230000000009,83.17172030346046,1.2433102527885393,6.0,405.09717
2020-10-06 09:00:00,4.182900000000018,77.90965913410612,1.2876554050615399,6.0,498.53003
2020-10-06 10:00:00,4.897550000000024,74.35339019395305,1.4386479231664748,11.0,437.57104
2020-10-06 11:00:00,4.699330000000032,74.51704971889977,1.4599170993059332,13.0,372.1995
2020-10-06 12:00:00,4.014920000000018,76.93624213635731,1.4896817028132052,10.0,181.01508
2020-10-06 13:00:00,2.8077600000000302,81.1756698945238,1.6784818913363875,13.0,118.933426
2020-10-06 14:00:00,1.7040000000000077,82.38950326660957,2.031364897769795,11.0,94.021484
2020-10-06 15:00:00,0.5762300000000096,81.90874342384879,2.0816892515027696,23.0,49.898163
2020-10-06 16:00:00,-0.5496599999999603,79.11127469963446,2.273601533273122,12.0,30.17865
2020-10-06 17:00:00,-1.461369999999988,77.52636331598418,2.5300752712517327,14.0,17.98633
2020-10-06 18:00:00,-2.060299999999984,77.5111112454557,2.7486451873498723,14.0,16.222717
2020-10-06 19:00:00,-2.5974499999999807,81.80226273027175,3.064068557656914,14.0,15.536577
2020-10-06 20:00:00,-2.3794299999999566,80.20823260691154,3.067573997988411,9.0,15.618297
2020-10-06 21:00:00,-2.161929999999984,78.23792670059761,3.0558814647159647,7.0,15.76074
2020-10-06 22:00:00,-1.623079999999959,75.79948930798321,2.904561657604111,6.0,20.469862
2020-10-06 23:00:00,-1.7409999999999854,74.56354801173201,2.93830171828856,7.0,18.080181
2020-10-07 00:00:00,-1.3001799999999548,72.74700680068146,2.8184683825405172,7.0,17.926468
2020-10-07 01:00:00,-1.1703599999999597,72.50092122425447,2.7846406003791135,6.0,18.488647
2020-10-07 02:00:00,-0.1342199999999707,73.74069306623018,2.3784107261854692,5.0,19.038895
2020-10-07 03:00:00,4.407070000000033,68.46806153975677,0.853365107347582,4.0,25.960403
2020-10-07 04:00:00,6.760700000000043,50.121934621552896,0.7777892771112881,7.0,161.32872
2020-10-07 05:00:00,8.10635000000002,48.23741749426843,1.2816200801696258,21.0,298.3045
2020-10-07 06:00:00,9.540670000000034,45.90035117428287,1.5271543681329534,24.0,421.35498
2020-10-07 07:00:00,10.800800000000038,43.190784160812356,1.5186927679942905,28.0,512.8032
2020-10-07 08:00:00,11.506619999999998,42.30307889056333,1.4126839814395433,23.0,570.8364
2020-10-07 09:00:00,11.895170000000007,41.79925159403933,1.3693061616967963,34.0,576.5659
2020-10-07 10:00:00,11.86456000000004,41.56184713872021,1.3324085206174725,38.0,502.14722
2020-10-07 11:00:00,11.321439999999996,42.497826947889514,1.0912482173439415,35.0,234.4862
2020-10-07 13:00:00,9.627470000000017,44.24484733309814,0.3366521152541065,100.0,19.355347
2020-10-07 14:00:00,9.19010000000003,42.80920415645915,0.6881432373866749,87.0,14.104871
2020-10-07 15:00:00,8.683440000000019,42.1360863892064,0.8430223621822398,61.0,13.238578
2020-10-07 16:00:00,8.152000000000044,42.06243268937134,1.2150530648576185,44.0,14.156138
2020-10-07 17:00:00,7.170740000000023,43.54646725091156,1.520384992908039,30.0,16.670803
2020-10-07 18:00:00,6.879400000000032,43.295403548010086,1.549166552551921,24.0,18.204979
2020-10-07 19:00:00,4.225950000000012,52.090219549626234,1.9103839204171909,11.0,20.148886
2020-10-07 20:00:00,2.911950000000047,55.97064257153445,2.1838099423766826,7.0,21.546972
2020-10-07 21:00:00,2.585300000000018,56.40342987913363,2.246888836455688,9.0,22.353043
2020-10-07 22:00:00,3.043900000000008,54.165128288005874,2.1008734433831524,6.0,21.392746
2020-10-07 23:00:00,3.2753000000000156,52.84659900145235,2.0087716667447224,3.0,22.724781
2020-10-08 00:00:00,3.1005499999999984,52.852055239248436,2.003377135822442,3.0,23.137959
2020-10-08 01:00:00,3.212100000000021,52.46322126420442,2.0311066373405016,5.0,22.613815
2020-10-08 02:00:00,3.136470000000031,53.953380085933915,2.049862765733038,5.0,19.74405
2020-10-08 03:00:00,6.353400000000022,48.433679359280156,1.2215562194426164,11.0,13.903838
2020-10-08 04:00:00,8.447350000000029,42.20639826643619,0.29870271485712185,16.0,118.52997
2020-10-08 05:00:00,10.093740000000025,37.588727044612526,0.9518970029521621,27.0,278.71582
2020-10-08 06:00:00,11.435820000000035,35.07212574885023,1.3763194575256792,27.0,415.47583
2020-10-08 07:00:00,12.63076000000001,35.88083836196736,1.7830050762018832,19.0,497.54492
2020-10-08 08:00:00,13.136000000000024,35.07751368442764,1.9681651072544901,20.0,594.7566
2020-10-08 09:00:00,13.100600000000043,35.09034074172096,2.3169579203734125,16.0,605.4236
2020-10-08 10:00:00,12.630820000000028,35.57658545356399,2.097950677977056,10.0,508.82788
2020-10-08 11:00:00,11.755580000000009,37.57859880524431,1.598175996458228,9.0,267.13843
2020-10-08 12:00:00,10.449430000000007,44.17874760888868,1.3943900786851038,26.0,97.448456
2020-10-08 13:00:00,8.71180000000004,50.05229093565621,1.3898883492202423,58.0,73.194916
2020-10-08 14:00:00,8.931480000000022,43.153563658168984,1.030145756461531,82.0,66.13182
2020-10-08 15:00:00,8.719700000000046,41.6401074111431,0.8417187761694817,50.0,61.325394
2020-10-08 16:00:00,8.118430000000046,42.90104378028305,0.896502613096076,33.0,59.05536
2020-10-08 17:00:00,7.743620000000021,43.332084738922894,0.8293212736096626,43.0,58.79328
2020-10-08 18:00:00,7.5271000000000186,42.78294053380144,0.6467302569326376,28.0,61.87172
2020-10-08 19:00:00,6.712880000000041,48.367442489484056,0.8525741731916958,25.0,59.66255
2020-10-08 20:00:00,6.280500000000018,49.657099583574265,0.9612527555122755,7.0,69.96413
2020-10-08 21:00:00,5.532740000000047,53.0284058830042,1.2065015698718216,8.0,79.49603
2020-10-08 22:00:00,4.478229999999996,58.732846043574575,1.2772618958404185,5.0,75.95433
2020-10-08 23:00:00,4.23660000000001,59.110785075282955,1.1732913345544675,6.0,70.9738
2020-10-09 00:00:00,4.186460000000011,59.16952298508846,1.0593922584507836,5.0,80.98697
2020-10-09 01:00:00,3.9726200000000063,61.25130414839733,0.8700339645067551,3.0,78.4574
2020-10-09 02:00:00,3.908100000000047,63.06264232962646,0.654630633145715,1.0,45.975418
2020-10-09 03:00:00,4.392719999999997,66.91775413483066,0.6753948718107438,4.0,96.04701
2020-10-09 04:00:00,6.035060000000044,53.75159490730401,1.1022571860799184,4.0,225.16544
2020-10-09 05:00:00,7.085320000000024,52.53168104523485,1.3132035079564517,4.0,391.69702
2020-10-09 06:00:00,8.212370000000021,51.324573795513174,1.6677772533557478,12.0,509.1372
2020-10-09 07:00:00,9.228480000000047,50.11706148671305,1.861401867513589,10.0,617.52026
2020-10-09 08:00:00,9.350729999999999,50.208508871606405,1.4829415658795884,8.0,639.1096
2020-10-09 09:00:00,9.468230000000005,50.72342013384693,1.2305047910908808,9.0,591.9921
2020-10-09 10:00:00,9.417570000000012,51.93399807367243,0.9601405260057158,8.0,648.27
2020-10-09 11:00:00,9.24597,53.65488306588774,0.7770263509287111,6.0,323.80878
2020-10-09 12:00:00,8.705650000000048,57.142953123329754,0.9287368990603305,18.0,120.158295
2020-10-09 13:00:00,7.396749999999997,70.98549726930607,1.0589945890225672,42.0,50.63185
2020-10-09 14:00:00,7.307100000000048,65.37922017578927,0.9436066621018793,32.0,24.783691
2020-10-09 15:00:00,7.449700000000007,62.19332650887877,0.623429756574809,17.0,38.835648
2020-10-09 16:00:00,6.963530000000048,62.87572801689816,0.469357547463085,12.0,33.98987
2020-10-09 17:00:00,6.560140000000047,63.28968381038884,0.36852388481885423,12.0,24.57872
2020-10-09 18:00:00,6.286650000000009,63.66542348842832,0.3037976956433049,19.0,16.99057
2020-10-09 19:00:00,5.687900000000013,66.00446165325502,0.6502078558177488,16.0,11.929316
2020-10-09 20:00:00,5.111320000000035,66.27284270294757,1.353885998588608,12.0,12.692384
2020-10-09 21:00:00,3.805870000000027,68.62979821527888,1.5651540416661869,10.0,14.837409
2020-10-09 22:00:00,2.4974600000000464,70.9690212482763,1.7996579991616686,9.0,24.680557
2020-10-09 23:00:00,2.006430000000023,70.90151553188207,1.8651583538352179,9.0,20.860214
2020-10-10 00:00:00,1.9381999999999948,69.82261845955833,1.8378412869158502,12.0,19.076141
2020-10-10 01:00:00,2.081200000000024,68.61384410331083,1.7862715557776725,11.0,21.74414
2020-10-10 02:00:00,3.3946200000000317,64.6623593187519,1.5014205708723958,27.0,16.646576
2020-10-10 03:00:00,5.49648000000002,62.425858966166196,0.4909054442142295,9.0,108.7728
2020-10-10 04:00:00,6.508600000000001,62.61338704855505,0.663699323881128,11.0,212.67107
2020-10-10 05:00:00,7.8426000000000045,59.115348110349764,1.1636640158407925,8.0,374.75092
2020-10-10 06:00:00,8.846030000000042,56.16866647821661,1.5361267107191428,11.0,507.42163
2020-10-10 07:00:00,9.356899999999996,58.724520213481675,1.7791636863773637,11.0,623.21094
2020-10-10 08:00:00,9.70553000000001,55.95557324688407,1.579051685601665,10.0,675.5503
2020-10-10 09:00:00,9.896780000000035,54.11646013503129,1.4970563434485622,8.0,672.2346
2020-10-10 10:00:00,9.98046000000005,51.90753773402533,1.4098772066652223,11.0,615.7842
2020-10-10 11:00:00,9.446200000000033,51.42699276213975,1.1704249777670501,12.0,412.9876
2020-10-10 12:00:00,8.692350000000033,54.18305091890437,1.150053046715798,19.0,143.74207
2020-10-10 13:00:00,7.088250000000016,62.19599563044786,1.1511755349749664,98.0,51.201233
2020-10-10 14:00:00,7.399770000000046,53.96132843410356,1.0476892437784344,33.0,42.30928
2020-10-10 15:00:00,7.161280000000033,52.829545835982536,0.9806555692167755,26.0,33.594345
2020-10-10 16:00:00,6.812800000000038,53.038178711051955,0.8673274684106344,22.0,19.243591
2020-10-10 17:00:00,6.544300000000021,53.43806072495935,0.720630605577268,19.0,15.402934
2020-10-10 18:00:00,6.319240000000036,53.60804200980057,0.8189489692184831,19.0,12.560267
2020-10-10 19:00:00,5.747640000000047,54.11377670084915,1.1320643809332724,18.0,12.848698
2020-10-10 20:00:00,5.627830000000017,54.466854851651725,1.2765547261104446,12.0,13.233545
2020-10-10 21:00:00,5.458520000000021,54.969327653281596,1.2845706331395863,16.0,15.927736
2020-10-10 22:00:00,5.2862499999999955,55.50815095319161,1.3558181181677056,11.0,15.188327
2020-10-10 23:00:00,3.696130000000039,60.150634277649814,1.5664463654831273,12.0,22.829376
2020-10-11 00:00:00,3.2181600000000117,61.06923509485928,1.6385845674572004,15.0,19.758345
2020-10-11 01:00:00,1.8032800000000293,64.71215276618067,1.8577700993884092,14.0,20.342026
2020-10-11 02:00:00,1.955129999999997,64.99027945088595,1.8306865843046007,12.0,19.76242
2020-10-11 03:00:00,5.500760000000014,54.6588713010989,0.7071431783590857,11.0,29.40506
2020-10-11 04:00:00,6.689480000000003,51.320950410462615,0.8175386525054011,22.0,214.42505
2020-10-11 05:00:00,7.988950000000045,44.74656755723928,1.3196097727455485,30.0,363.22803
2020-10-11 06:00:00,9.123739999999998,40.397234875133485,1.5369176983589088,23.0,480.9277
2020-10-11 07:00:00,9.864770000000021,38.688501422258035,1.641959730229538,22.0,558.56055
2020-10-11 08:00:00,10.447170000000028,36.479377564893056,1.5017054364787956,24.0,592.26953
2020-10-11 09:00:00,10.782600000000002,34.77677649074003,1.541304054095103,25.0,586.3396
2020-10-11 10:00:00,10.609340000000032,33.56152863731874,1.350751990244002,23.0,525.2258
2020-10-11 11:00:00,9.866540000000043,34.51516355313886,0.9515078155140814,15.0,281.09717
2020-10-11 12:00:00,9.00436000000002,39.94110152172571,0.5506973598154692,16.0,63.963593
2020-10-11 13:00:00,8.471030000000042,35.32962473962676,0.6080408172956018,128.0,23.59528
2020-10-11 14:00:00,8.143640000000005,34.87279860470032,0.8670270540976504,61.0,22.502981
2020-10-11 15:00:00,7.9244600000000105,34.51526930646981,0.6260883915112134,37.0,22.10263
2020-10-11 16:00:00,7.5197,34.590980174290124,0.6781854094469436,41.0,17.43423
2020-10-11 17:00:00,7.1872000000000185,35.30334150968233,1.2292168821684044,27.0,14.853763
2020-10-11 18:00:00,4.725200000000029,43.389906789076285,1.704315893065558,25.0,16.836971
2020-10-11 19:00:00,3.2269000000000005,49.57105222073529,1.8521072208396172,24.0,20.039274
2020-10-11 20:00:00,1.6992400000000316,56.307446895553845,2.1914282594479344,23.0,20.683064
2020-10-11 21:00:00,-0.007729999999980919,64.52194307416819,2.6198412904413684,24.0,23.965681
2020-10-11 22:00:00,-0.6796999999999684,70.59115633037221,2.93400551172555,23.0,19.021767
2020-10-11 23:00:00,-0.7629799999999705,75.60621678733729,3.0863419059262536,19.0,16.614754
2020-10-12 00:00:00,-0.7186599999999999,79.68850350511347,3.2331671542988625,21.0,15.39879
2020-10-12 01:00:00,-0.6390700000000038,83.86185332564935,3.352217881150547,23.0,16.587404
2020-10-12 02:00:00,0.12838000000004968,84.57956094399213,3.185378023700677,30.0,17.072418
2020-10-12 03:00:00,3.3099600000000464,79.73645060776335,2.252839699158049,22.0,20.266037
2020-10-12 04:00:00,7.632870000000025,57.22958265941411,0.6083545116070562,20.0,191.7603
2020-10-12 05:00:00,9.440940000000012,42.88237332517904,0.726259081255973,25.0,343.23505
2020-10-12 06:00:00,10.85653000000002,38.27037256369828,0.9819947935511643,31.0,516.47314
2020-10-12 07:00:00,11.590660000000014,35.07050377430407,1.2602721550675984,27.0,651.8738
2020-10-12 08:00:00,12.146569999999997,33.370128508256535,1.101471629218556,24.0,735.9236
2020-10-12 09:00:00,12.394800000000032,32.48142627068802,0.9915196852142717,18.0,733.71216
2020-10-12 10:00:00,12.345240000000047,32.15158779184292,0.8862335653136866,23.0,615.5674
2020-10-12 11:00:00,11.816000000000031,34.119026765246346,0.4687900786749773,24.0,236.58017
2020-10-12 12:00:00,11.326560000000029,32.83726851838206,0.28850010967822376,26.0,29.257366
2020-10-12 13:00:00,8.93392,41.09583921884231,1.3783582186371466,64.0,15.716044
2020-10-12 14:00:00,5.489340000000027,51.77700945602139,2.1956674588952287,47.0,19.066742
2020-10-12 15:00:00,3.308680000000038,58.98724050641863,2.7030041442969126,43.0,19.374462
2020-10-12 16:00:00,1.7551000000000272,65.9813994293584,2.999793498718986,37.0,18.082985
2020-10-12 17:00:00,0.9838500000000181,70.30153574947445,3.174347554837624,36.0,16.515293
2020-10-12 18:00:00,0.7977999999999952,71.86949370403296,3.2644685691246775,25.0,15.886374
2020-10-12 19:00:00,0.8667800000000057,72.94888373546058,3.387200598928917,26.0,16.16121
2020-10-12 20:00:00,0.8066000000000031,74.25408847664318,3.3357687210235536,22.0,16.152275
2020-10-12 21:00:00,0.7701000000000136,74.713948502821,3.388887442706008,21.0,16.384518
2020-10-12 22:00:00,0.7435500000000275,74.44668406328445,3.4152560915105257,20.0,16.930428
2020-10-12 23:00:00,0.6942700000000173,73.4742408044907,3.4277296656830907,14.0,18.316116
2020-10-13 00:00:00,0.6967400000000339,71.13592126419185,3.43866624722492,17.0,16.23096
2020-10-13 01:00:00,0.6716000000000122,68.46497263852957,3.4417903282735414,16.0,16.178589
2020-10-13 02:00:00,1.2925000000000182,65.56053225392188,3.268159123835958,16.0,16.09064
2020-10-13 03:00:00,4.447960000000023,65.78090125726061,2.3912280315580077,19.0,18.63984
2020-10-13 04:00:00,9.423900000000003,51.590365496986564,0.5584231235353494,23.0,102.49199
2020-10-13 05:00:00,11.366600000000005,35.699865856528255,0.5252345973072723,39.0,260.65494
2020-10-13 06:00:00,12.5625,34.80022451580494,0.8361738560137237,33.0,395.3863
2020-10-13 07:00:00,14.003440000000012,34.47908342411158,1.0797284692890337,26.0,520.73474
2020-10-13 08:00:00,14.629170000000045,33.65956603862756,1.105478410763767,17.0,607.8845
2020-10-13 09:00:00,14.918000000000006,33.34465236007475,1.1733555468056776,12.0,621.2089
2020-10-13 10:00:00,14.722300000000018,33.53134574885101,1.155918640830612,13.0,445.247
2020-10-13 11:00:00,13.997520000000009,37.93132336056087,0.9514059133741077,11.0,180.97089
2020-10-13 12:00:00,12.200739999999996,48.111049156668564,1.1854807938905985,26.0,40.29193
2020-10-13 13:00:00,9.656900000000007,47.157986920168774,1.618693120033532,39.0,22.42302
2020-10-13 14:00:00,7.533299999999997,49.91576147056565,2.069520922997361,22.0,18.941671
2020-10-13 15:00:00,5.2882000000000176,55.50442584801514,2.511244129772653,22.0,20.074436
2020-10-13 16:00:00,3.3135599999999954,61.45067429889425,2.9369147654081638,20.0,19.900055
2020-10-13 17:00:00,2.3022700000000214,64.80370595374336,3.171458451243359,23.0,18.581882
2020-10-13 18:00:00,1.7723600000000488,67.10989775228434,3.2890468087605047,19.0,16.103909
2020-10-13 19:00:00,1.868280000000027,67.50994701545777,3.4072188755637907,14.0,14.77279
2020-10-13 20:00:00,1.6801399999999944,69.15595857942233,3.399652201834717,17.0,15.057513
2020-10-13 21:00:00,1.5535000000000423,69.60154636680294,3.422846206294189,14.0,15.119003
2020-10-13 22:00:00,1.532000000000039,67.98251839286291,3.432161448216458,14.0,14.429707
2020-10-13 23:00:00,1.4324600000000487,65.87747428818311,3.4371259748613334,12.0,14.473453
2020-10-14 00:00:00,1.373199999999997,63.34554381721748,3.456310575829605,9.0,14.722189
2020-10-14 01:00:00,1.2456999999999994,61.8095341995109,3.4615794995059987,16.0,15.302767
2020-10-14 02:00:00,1.7607700000000364,60.70978363092992,3.3311776108338442,11.0,15.928573
2020-10-14 03:00:00,4.970000000000027,63.19427229465342,2.510681877446577,11.0,17.532898
2020-10-14 04:00:00,10.563130000000001,47.289455267402964,0.9564823667783184,43.0,73.42232
2020-10-14 05:00:00,12.723780000000033,32.233009909839865,0.29333245460582025,28.0,239.31757
2020-10-14 06:00:00,13.870750000000044,32.343702082035065,0.9271473146632088,23.0,363.32892
2020-10-14 07:00:00,14.925070000000005,33.26120910566638,1.4078246310339793,22.0,498.42584
2020-10-14 08:00:00,15.37280000000004,33.11439058590998,1.4780377287827948,23.0,589.74585
2020-10-14 09:00:00,15.50033000000002,33.39660940299657,1.6137032487055416,18.0,609.0464
2020-10-14 10:00:00,15.206700000000012,34.24636115408995,1.466495820528613,20.0,531.99976
2020-10-14 11:00:00,14.474270000000047,38.8079911181115,1.0867623003897726,17.0,196.95662
2020-10-14 12:00:00,12.634800000000041,51.06099676053767,1.2912842845836312,35.0,33.412327
2020-10-14 13:00:00,10.68923000000001,47.324994132128495,1.5171960938074749,32.0,16.422215
2020-10-14 14:00:00,9.447870000000023,47.721231712122865,1.7636218489008815,25.0,14.644718
2020-10-14 15:00:00,7.593740000000025,52.12781791483662,2.0903170010948116,26.0,18.244633
2020-10-14 16:00:00,5.496000000000038,58.46187635301479,2.478656649408056,27.0,20.365458
2020-10-14 17:00:00,3.471339999999998,65.40318334647148,2.9649142883575332,24.0,21.213959
2020-10-14 18:00:00,2.584860000000049,67.7306511908052,3.2213622962134725,23.0,17.599741
2020-10-14 19:00:00,2.6543000000000347,68.89172601721191,3.292355801567242,16.0,15.324026
2020-10-14 20:00:00,2.2993400000000292,70.31913470267523,3.282236025518339,19.0,15.218467
2020-10-14 21:00:00,2.160150000000044,70.81519192012176,3.3434909135619395,17.0,15.663248
2020-10-14 22:00:00,2.0751999999999953,71.12234875638222,3.3535278553275445,16.0,15.686797
2020-10-14 23:00:00,2.244349999999997,70.55911580114719,3.3341431334500395,13.0,15.95808
2020-10-15 00:00:00,2.384800000000041,69.9561945731497,3.3134969508221,14.0,15.568581
2020-10-15 01:00:00,2.439050000000009,69.58156411378569,3.315544182323211,15.0,15.875089
2020-10-15 02:00:00,3.0307999999999993,68.78504458414976,3.156267105839179,19.0,15.673375
2020-10-15 03:00:00,5.8205200000000445,69.25976273099305,2.4005094801625937,12.0,15.81795
2020-10-15 04:00:00,11.020170000000007,57.69113160581729,0.7036704573615165,30.0,28.77356
2020-10-15 05:00:00,13.225430000000017,39.061657003453774,0.4758998333377033,45.0,231.13014
2020-10-15 06:00:00,14.440030000000036,38.13834277797246,1.0040143807530348,34.0,360.65796
2020-10-15 07:00:00,15.606300000000033,38.1608529453741,1.5759386531138229,23.0,497.28638
2020-10-15 08:00:00,16.045800000000042,37.65870737765777,1.6099496433390208,17.0,584.6206
2020-10-15 09:00:00,16.12393000000003,37.53229023105677,1.6140063702291172,14.0,585.0935
2020-10-15 10:00:00,15.932460000000049,37.68599565748131,1.3654801829488188,18.0,515.01514
2020-10-15 11:00:00,15.188750000000027,41.75106393035811,1.0997219312567774,18.0,190.535
2020-10-15 12:00:00,13.3279,52.79717458678322,1.3644574887503702,42.0,47.7153
2020-10-15 13:00:00,10.44380000000001,54.21502623503866,1.8848407020657343,46.0,28.638126
2020-10-15 14:00:00,8.817200000000014,55.746239041223376,2.108396185297441,28.0,22.76736
2020-10-15 15:00:00,7.557730000000049,58.11925057156032,2.2754509777326746,25.0,21.581087
2020-10-15 16:00:00,6.236720000000048,61.72724111404233,2.507570299479687,27.0,22.661346
2020-10-15 17:00:00,4.71550000000002,66.32095138815515,2.873543267694934,25.0,18.443565
2020-10-15 18:00:00,3.8433200000000056,68.9978239842647,3.1307702087593663,23.0,15.668741
2020-10-15 19:00:00,3.203270000000032,72.09810168089172,3.375386828188326,17.0,15.1103525
2020-10-15 20:00:00,3.156949999999995,72.11479394806112,3.368119464717694,21.0,15.156921
2020-10-15 21:00:00,3.078200000000038,72.040050723683,3.394066111516833,20.0,15.320386
2020-10-15 22:00:00,3.0884000000000356,71.47083846080233,3.3912756359055605,17.0,15.483081
2020-10-15 23:00:00,3.0389600000000314,70.9272135705662,3.4131814292510736,16.0,14.655165
2020-10-16 00:00:00,2.990700000000004,70.36831414775695,3.421650315480756,20.0,15.170238
2020-10-16 01:00:00,3.001730000000009,69.45582889437591,3.4366935602244544,16.0,15.522987
2020-10-16 02:00:00,3.4009300000000167,68.31853889365709,3.329756109586603,18.0,15.913449
2020-10-16 03:00:00,6.369650000000036,67.41313439240696,2.5714649950957407,22.0,16.222025
2020-10-16 04:00:00,11.831230000000005,58.023897185852235,0.9293181021788021,26.0,28.668747
2020-10-16 05:00:00,14.343770000000006,38.72669589665096,0.43647821228430234,38.0,201.56969
2020-10-16 06:00:00,15.522850000000005,38.70839040653968,0.885439689441929,25.0,358.43738
2020-10-16 07:00:00,16.67532,37.42665991251626,1.264768021234839,28.0,501.7388
2020-10-16 08:00:00,17.192830000000015,37.19893914787106,1.2627887045380524,25.0,625.9553
2020-10-16 09:00:00,17.385100000000023,37.323257243632874,1.3595064379697839,21.0,607.15674
2020-10-16 10:00:00,17.2115,38.0344183789554,1.262707188201773,22.0,465.2661
2020-10-16 11:00:00,16.480980000000045,42.71915429197066,1.1293685098007027,23.0,168.17848
2020-10-16 12:00:00,14.662800000000004,50.04714677319892,1.1717396892070309,46.0,24.387037
2020-10-16 13:00:00,12.44613000000004,49.350207767753695,1.5743253511394077,43.0,14.997769
2020-10-16 14:00:00,9.927099999999996,54.13079528503153,2.1414157789235793,44.0,16.85019
2020-10-16 15:00:00,8.248800000000017,57.255336243252316,2.467763195859773,40.0,20.272062
2020-10-16 16:00:00,6.187800000000038,62.54630840215375,2.8983483050272754,42.0,20.513218
2020-10-16 17:00:00,4.786339999999996,65.23574191424953,3.2925618205136087,38.0,17.473303
2020-10-16 18:00:00,4.064360000000022,65.06414017204226,3.485435560525309,32.0,15.954765
2020-10-16 19:00:00,3.9385599999999954,65.04249322814168,3.6643601069359426,28.0,15.9736
2020-10-16 20:00:00,4.119000000000028,61.46790497781447,3.6140300950273105,25.0,16.368507
2020-10-16 21:00:00,4.124750000000006,58.63805373158048,3.621496043551782,26.0,16.264053
2020-10-16 22:00:00,4.131200000000035,55.90955639947121,3.6186098623790826,26.0,15.523504
2020-10-16 23:00:00,4.0163800000000265,53.70568247351728,3.6307820315651917,20.0,15.279724
2020-10-17 00:00:00,3.908929999999998,51.56090129886504,3.646702372589137,22.0,15.217969
2020-10-17 01:00:00,3.8329700000000457,49.999404913868034,3.6401285672159256,23.0,15.622269
2020-10-17 02:00:00,4.225580000000036,50.007612991605576,3.525909660524735,28.0,15.956767
2020-10-17 03:00:00,7.03370000000001,53.85361086406102,2.8162568722478047,26.0,16.343338
2020-10-17 04:00:00,12.005269999999996,58.152850152749814,1.3235506042758924,39.0,22.950043
2020-10-17 05:00:00,15.068840000000023,31.98525085446514,0.43411580492791324,41.0,206.72145
2020-10-17 06:00:00,16.166650000000004,34.4441597182451,0.9770525209296632,30.0,334.31702
2020-10-17 07:00:00,16.96774000000005,35.22429475856937,1.4799811533123364,21.0,431.5434
2020-10-17 08:00:00,17.472860000000026,36.02605851240541,1.6488109026092987,16.0,547.93774
2020-10-17 09:00:00,17.55102000000005,36.674601704506514,1.6106664930145222,20.0,547.9336
2020-10-17 10:00:00,17.276700000000005,37.75845899025755,1.39640596750179,21.0,464.26196
2020-10-17 11:00:00,16.444970000000012,42.99041392189562,1.1836582957697885,24.0,168.02437
2020-10-17 12:00:00,14.288350000000037,48.401904004846884,2.098440995643218,44.0,50.761017
2020-10-17 13:00:00,10.819900000000018,56.024390244263444,2.950641010396943,57.0,24.310684
2020-10-17 14:00:00,8.203000000000031,63.223581242752054,3.1726662588538908,47.0,17.981298
2020-10-17 15:00:00,6.790300000000002,65.80121678057877,3.340517584001562,43.0,17.223131
2020-10-17 16:00:00,6.3677600000000325,64.6673386706317,3.4082890342075047,29.0,18.467472
2020-10-17 17:00:00,5.920370000000048,64.8483391957826,3.503405247040754,25.0,18.12218
2020-10-17 18:00:00,5.53866000000005,65.43121299151066,3.575710794600559,19.0,18.304707
2020-10-17 19:00:00,5.6214200000000005,63.98130602877104,3.5761755504136388,18.0,19.066868
2020-10-17 20:00:00,5.398700000000019,64.00299969812528,3.53016405853582,13.0,19.38076
2020-10-17 21:00:00,5.059230000000014,64.86431655395744,3.530117525224224,10.0,18.969625
2020-10-17 22:00:00,4.797400000000039,65.40967644479264,3.564673551036645,8.0,17.558537
2020-10-17 23:00:00,4.571200000000033,65.69140944310095,3.5985513300643426,10.0,20.287601
2020-10-18 00:00:00,4.354150000000004,65.61982565390942,3.635139264035041,9.0,20.82246
2020-10-18 01:00:00,4.224500000000035,65.38415188407218,3.6622934864696077,10.0,20.766394
2020-10-18 02:00:00,4.55776000000003,64.29947442398826,3.575159301383811,18.0,20.52618
2020-10-18 03:00:00,7.518330000000049,61.7271169544492,2.853221970389055,8.0,23.898216
2020-10-18 04:00:00,12.248379999999997,61.31394001913806,1.467775543702508,15.0,38.324463
2020-10-18 05:00:00,15.505820000000028,34.98199510747758,0.2802470908913898,19.0,236.41406
2020-10-18 06:00:00,16.514550000000042,34.517264159015184,0.8140083734910366,22.0,393.7712
2020-10-18 07:00:00,17.212800000000016,34.51486237081574,1.063083270904575,23.0,578.54443
2020-10-18 08:00:00,17.54012,34.3663019865836,1.1379052111734715,22.0,670.06177
2020-10-18 09:00:00,17.53823,34.78867830065462,1.1227150842812843,26.0,647.8701
2020-10-18 10:00:00,17.20876000000004,35.79529084493693,0.8587354187108132,19.0,440.1626
2020-10-18 11:00:00,16.57534000000004,37.070023980340615,0.4997814672601041,26.0,146.48158
2020-10-18 12:00:00,15.880179999999996,37.51343016459609,0.2146696486928986,95.0,14.771241
2020-10-18 13:00:00,12.693500000000029,47.65986618732366,1.5448925261934467,70.0,21.149221
2020-10-18 14:00:00,9.007900000000006,58.97786669269466,2.442843445174918,45.0,21.818855
2020-10-18 15:00:00,6.635950000000037,67.9522856743164,2.8861308878952476,36.0,18.724268
2020-10-18 16:00:00,5.178800000000024,74.13108741281488,3.1678458634528472,29.0,17.468925
2020-10-18 17:00:00,4.618370000000027,77.25075553424283,3.369569612672745,28.0,18.417553
2020-10-18 18:00:00,4.518100000000004,77.63505128153864,3.4222824139009993,18.0,18.38832
2020-10-18 19:00:00,4.669759999999997,77.97373420226451,3.449785681746455,18.0,19.319351
2020-10-18 20:00:00,4.587180000000046,76.5223378109137,3.473027657397189,14.0,19.14732
2020-10-18 21:00:00,4.4822300000000155,74.57829114414605,3.5168876830068396,16.0,18.674381
2020-10-18 22:00:00,4.3298599999999965,72.15622240042727,3.5358177782723494,13.0,18.9538
2020-10-18 23:00:00,4.220540000000028,69.01827468333887,3.5781439765598413,11.0,19.638975
2020-10-19 00:00:00,4.12393000000003,64.86403021334976,3.639699061301314,9.0,19.167645
2020-10-19 01:00:00,3.892179999999996,59.10664849735181,3.708652331541169,8.0,19.718483
2020-10-19 02:00:00,4.257780000000025,54.659702942260324,3.6772947984549993,7.0,20.222141
2020-10-19 03:00:00,7.193870000000004,52.00086411861467,3.0722105557756265,15.0,21.75383
2020-10-19 04:00:00,11.83874000000003,57.14073998858488,1.833024371899866,12.0,27.819977
2020-10-19 05:00:00,16.073200000000043,27.292780417171546,0.5864762474420703,9.0,70.82944
2020-10-19 06:00:00,17.425260000000037,26.81747744501476,0.8726926466099506,6.0,251.66516
2020-10-19 07:00:00,18.600000000000023,28.106835691787772,1.3985439358274914,19.0,405.96982
2020-10-19 08:00:00,19.352700000000027,27.585467979435098,1.4642240591091413,13.0,492.36157
2020-10-19 09:00:00,19.72980000000001,27.266879818085062,1.4484732211330202,14.0,447.3542
2020-10-19 10:00:00,19.524130000000014,28.990434701125462,1.1906386824326052,12.0,281.3484
2020-10-19 11:00:00,18.18673000000001,45.82605268485559,0.8856712737980074,21.0,107.19609
2020-10-19 12:00:00,17.67153000000002,29.97787954203531,0.1929130581316721,48.0,27.019516
2020-10-19 13:00:00,13.979150000000004,38.18136887100432,1.7880041797308144,34.0,21.607422
2020-10-19 14:00:00,9.098100000000045,50.204855301236464,2.9673483648601806,37.0,22.314774
2020-10-19 15:00:00,7.386220000000037,52.5977388450489,3.4499962161593922,22.0,18.570114
2020-10-19 16:00:00,6.376250000000027,53.211395366776046,3.692029857598405,17.0,16.712107
2020-10-19 17:00:00,6.271260000000041,49.653210232308005,3.889748182364179,34.0,16.621428
2020-10-19 18:00:00,6.350600000000043,44.6587723205837,3.967894050435462,8.0,16.886335
2020-10-19 19:00:00,6.126500000000021,42.349081196969294,4.213476976993781,10.0,17.282017
2020-10-19 20:00:00,6.455600000000004,36.2776095043945,4.126300163448689,6.0,17.105698
2020-10-19 21:00:00,6.566200000000038,31.2348002521203,4.152859934161301,1.0,17.230453
2020-10-19 22:00:00,6.594660000000033,27.099688153756524,4.163484645962674,0.0,17.428818
2020-10-20 01:00:00,6.41097000000002,20.474616545990063,4.260243092276351,3.0,18.270279
2020-10-20 02:00:00,6.7151700000000005,22.382103255744962,4.182958635345561,13.0,18.630264
2020-10-20 03:00:00,9.288229999999999,29.496765670372806,3.5794532507620356,30.0,18.981659
2020-10-20 04:00:00,13.291680000000042,42.84286601082298,2.3307337538979063,22.0,20.1846
2020-10-20 05:00:00,18.03567000000004,24.98692603394245,0.9085597331528504,32.0,43.05681
2020-10-20 06:00:00,19.58062000000001,20.80568412399658,1.445534502063185,39.0,148.18694
2020-10-20 07:00:00,21.709900000000005,20.45553140543513,1.5964329765158949,30.0,299.54523
2020-10-20 08:00:00,21.932800000000043,21.04805677315005,1.9905547018189726,28.0,338.71564
2020-10-20 09:00:00,21.490470000000016,22.6917232851825,2.245604229911907,32.0,313.58783
2020-10-20 10:00:00,20.44150000000002,27.193039584275176,1.963494336994991,28.0,219.38692
2020-10-20 11:00:00,18.216880000000003,35.413284450577216,1.9091121515022238,29.0,102.92944
2020-10-20 12:00:00,14.81170000000003,38.16903038014056,2.5023687245319386,46.0,65.46974
2020-10-20 13:00:00,11.447840000000042,44.01288087893133,2.690595479186929,90.0,38.487335
2020-10-20 14:00:00,9.69607000000002,45.899638923571885,2.440179601941271,55.0,26.718674
2020-10-20 15:00:00,9.850430000000017,41.354896334065295,2.1373453174683985,49.0,21.734459
2020-10-20 16:00:00,8.617580000000032,42.1916843998304,2.335991295959842,26.0,17.876663
2020-10-20 17:00:00,6.688070000000039,45.31851490177143,2.740668924073365,15.0,18.546839
2020-10-20 18:00:00,4.873960000000011,48.05594848984953,3.1987945835744034,5.0,18.341331
2020-10-20 19:00:00,4.287680000000023,45.997517259812966,3.734175283205341,3.0,17.628504
2020-10-20 20:00:00,4.519200000000012,41.37936793117096,3.8083086634435976,0.0,17.41433
2020-10-20 21:00:00,4.540300000000002,37.409326214685876,3.905434886413935,2.0,17.814571
2020-10-20 22:00:00,4.497460000000046,33.91990165912642,3.9680901704041367,4.0,22.319033
2020-10-20 23:00:00,4.552450000000022,30.76623302264837,4.019667531700746,3.0,21.350483
2020-10-21 00:00:00,4.610400000000027,28.229508130193654,4.049995938634743,2.0,19.841824
2020-10-21 01:00:00,4.869169999999997,27.08861158067835,4.049511380192197,4.0,19.547739
2020-10-21 02:00:00,5.202359999999999,28.952713102158388,3.9707035148452188,7.0,19.954468
2020-10-21 03:00:00,7.889830000000018,36.45092480108816,3.3428611036156743,9.0,21.207062
2020-10-21 04:00:00,12.153470000000027,51.63569388246189,2.0604689208369296,12.0,23.79213
2020-10-21 05:00:00,16.85793000000001,23.49028429347265,0.27043194455117464,47.0,59.79814
2020-10-21 06:00:00,17.989100000000008,24.454914340952197,0.98731038809341,19.0,266.8803
2020-10-21 07:00:00,19.048550000000034,21.511743301966177,1.1249144001584612,19.0,382.385
2020-10-21 08:00:00,19.433340000000044,22.493638006144508,1.201701824791283,17.0,447.49048
2020-10-21 09:00:00,19.40942000000001,23.426898254437937,1.0220924903725732,18.0,426.02734
2020-10-21 10:00:00,19.060540000000003,24.87777733264487,0.5941689547560847,26.0,249.60631
2020-10-21 11:00:00,18.601770000000045,26.200294704602335,0.21715206463667344,24.0,81.659744
2020-10-21 12:00:00,17.653040000000033,27.18526794258627,0.9699537466237289,98.0,13.761628
2020-10-21 13:00:00,11.892449999999997,41.06236694924911,2.336288882338182,44.0,20.265732
2020-10-21 14:00:00,9.108600000000024,45.11149959000179,2.925188479907659,31.0,20.569939
2020-10-21 15:00:00,7.323329999999999,48.07849021955047,3.2190367083780735,24.0,18.55942
2020-10-21 16:00:00,6.2191400000000385,50.29687689800748,3.391429148854556,27.0,16.070503
2020-10-21 17:00:00,5.550740000000019,51.74415484187618,3.4722231626190028,23.0,15.826626
2020-10-21 18:00:00,5.319850000000031,52.08114022310449,3.484668670822233,19.0,15.756164
2020-10-21 19:00:00,5.2001300000000015,52.94579845152193,3.536159325595755,18.0,15.402142
2020-10-21 20:00:00,5.114000000000033,53.16641140660083,3.427239877697817,25.0,15.27508
2020-10-21 21:00:00,4.828580000000045,53.93868219098291,3.4525144327195556,20.0,15.465524
2020-10-21 22:00:00,4.60635000000002,54.3271058671541,3.458236966646205,20.0,15.510623
2020-10-21 23:00:00,4.477930000000015,54.05762855688543,3.420588749358514,18.0,15.120337
2020-10-22 00:00:00,4.404629999999997,53.700971040042795,3.2414464259651092,21.0,14.818506
2020-10-22 01:00:00,4.5400600000000395,52.39973351659919,3.0594867682433633,16.0,14.398253
2020-10-22 02:00:00,4.802000000000021,55.49973877327474,2.8627884506157155,18.0,14.239242
2020-10-22 03:00:00,6.402950000000033,62.783558679562105,2.0336885937695044,56.0,13.043761
2020-10-22 04:00:00,10.359460000000013,42.883038186742716,1.9971623442628443,21.0,189.63835
2020-10-22 05:00:00,10.32537000000002,40.972380269786925,3.2336585617182547,14.0,392.29034
2020-10-22 06:00:00,10.140700000000038,44.63082815558836,2.973598148558601,10.0,463.7041
2020-10-22 07:00:00,10.438170000000014,46.642248889818,2.7242053488104014,12.0,454.8484
2020-10-22 08:00:00,10.509900000000016,48.614269445931065,2.2665642857038915,13.0,532.5896
2020-10-22 09:00:00,10.399100000000033,50.00944515609535,2.2400176386070467,12.0,530.6831
2020-10-22 10:00:00,10.052450000000022,51.520388285360085,2.2021406340996177,17.0,373.5952
2020-10-22 11:00:00,9.118070000000046,54.55369366639183,1.7632127315397275,27.0,247.61241
2020-10-22 12:00:00,7.975999999999999,59.810956889540776,1.3485294538407226,39.0,104.394714
2020-10-22 13:00:00,6.769530000000032,66.46692342669579,0.942728872421859,58.0,70.56413
2020-10-22 14:00:00,6.401499999999999,66.8848481159962,0.8551769575073688,54.0,67.80205
2020-10-22 15:00:00,6.0590799999999945,67.26093245008694,0.8088600345449604,79.0,59.306335
2020-10-22 16:00:00,6.140600000000006,65.95081412261125,0.5053854371059937,34.0,37.217575
2020-10-22 17:00:00,6.021500000000003,66.11962787102883,0.4182756265211241,29.0,30.095795
2020-10-22 18:00:00,5.974480000000028,66.29071552609419,0.1697378523440075,22.0,39.11995
2020-10-22 19:00:00,6.050130000000024,65.27918722517256,0.32124835443215993,31.0,42.30794
2020-10-22 20:00:00,5.461200000000019,67.77634246626788,1.0940422074459148,29.0,68.1246
2020-10-22 21:00:00,2.996180000000038,78.78865112795343,1.6543779084851713,28.0,83.48393
2020-10-22 22:00:00,3.3357200000000375,78.67911780624159,1.350905056753631,13.0,86.661865
2020-10-22 23:00:00,3.5522700000000214,78.97849050306094,1.1611885943507714,8.0,71.66707
2020-10-23 00:00:00,3.286950000000047,82.08088272172286,0.9326631231205205,10.0,61.602234
2020-10-23 01:00:00,2.8525600000000395,84.72486663697761,0.8268902318422684,7.0,68.88774
2020-10-23 02:00:00,2.6047300000000178,88.3027060146918,0.8510163857343235,12.0,68.816956
2020-10-23 03:00:00,2.910600000000045,91.61603713633247,0.9958723757898179,15.0,100.70325
2020-10-23 04:00:00,3.289700000000039,91.40430198315212,1.106641595288163,12.0,140.06227
2020-10-23 05:00:00,3.622029999999995,90.67683121130389,1.4012404962632252,13.0,233.88118
2020-10-23 06:00:00,3.5363399999999956,92.13641035474285,1.6322050012917135,25.0,263.21802
2020-10-23 07:00:00,3.9036500000000274,91.71886650811241,1.8303232230837945,12.0,260.12354
2020-10-23 08:00:00,3.607780000000048,92.06962591365959,1.4690131870047491,10.0,238.452
2020-10-23 09:00:00,3.3273300000000177,91.96015145699066,1.2544822355423053,6.0,225.71689
2020-10-23 10:00:00,3.1739000000000033,91.48944776861244,1.1381477733898988,8.0,265.76343
2020-10-23 11:00:00,2.921040000000005,91.35527981144725,0.8462212904332912,9.0,144.36787
2020-10-23 12:00:00,2.86160000000001,90.24254846854936,0.5418621529091059,8.0,210.41449
2020-10-23 13:00:00,2.8507600000000366,90.39075345817544,0.5389581765819685,8.0,233.99802
2020-10-23 14:00:00,2.7077300000000264,90.88752081897809,0.7782473772376682,8.0,238.94098
2020-10-23 15:00:00,2.4750000000000227,92.76481691254773,0.8625117798656888,9.0,232.10138
2020-10-23 16:00:00,1.9077400000000466,96.90542754014552,1.0586844921583256,11.0,184.53539
2020-10-23 17:00:00,1.6801399999999944,98.25874402750419,1.0937976795806357,8.0,81.00575
2020-10-23 18:00:00,1.284050000000036,98.65237693120336,1.1812999659896464,7.0,76.89398
2020-10-23 19:00:00,1.217200000000048,98.41092279047064,1.1959568757936132,8.0,103.68213
2020-10-23 20:00:00,1.4057000000000244,97.52089558179271,1.3147396434653555,8.0,100.60248
2020-10-23 21:00:00,1.0228200000000243,97.12141627433797,1.33370538015495,7.0,98.285
2020-10-23 22:00:00,0.17898000000002412,96.61604940065014,1.4193146762714164,4.0,83.68196
2020-10-23 23:00:00,-0.3637499999999818,94.51556034855321,1.486316591023921,5.0,61.289047
2020-10-24 00:00:00,-0.4673199999999724,93.19300753436531,1.593693611048325,4.0,55.88552
2020-10-24 01:00:00,-0.30419999999998026,92.22549188684829,1.6228016857573941,4.0,64.89227
2020-10-24 02:00:00,-0.38992999999999256,91.27162155211103,1.6664828452157106,6.0,75.65439
2020-10-24 03:00:00,1.4415500000000065,88.20056724495788,1.359374615161797,3.0,124.57094
2020-10-24 05:00:00,4.005240000000015,74.69826111706784,1.3743757176666975,2.0,240.32808
2020-10-24 06:00:00,5.322530000000029,68.17244646453717,1.502039265558727,3.0,398.04865
2020-10-24 07:00:00,6.656270000000006,63.4960799809104,1.8057890776498373,4.0,490.41504
2020-10-24 08:00:00,7.338400000000036,60.88605377559671,1.5747248266557408,4.0,543.3557
2020-10-24 09:00:00,7.638880000000029,59.72763189484351,1.50273949021172,6.0,547.81586
2020-10-24 10:00:00,7.499960000000044,59.694104829652694,1.4620071615632209,21.0,398.93887
2020-10-24 11:00:00,6.909940000000006,62.22447170983348,1.0375317875094088,20.0,162.46454
2020-10-24 12:00:00,5.904570000000035,68.71329699568693,0.5768284685405141,31.0,54.643143
2020-10-24 13:00:00,5.640700000000038,64.45857569909286,0.2408408172425673,99.0,22.129044
2020-10-24 14:00:00,5.36160000000001,63.93411455792581,0.8553424424294438,72.0,17.139433
2020-10-24 15:00:00,3.146720000000016,69.13957472654783,1.5503486948016767,51.0,14.87299
2020-10-24 16:00:00,0.6948500000000308,74.61987731661661,2.199238469954459,36.0,21.621864
2020-10-24 17:00:00,-0.30552000000000135,75.08014199259878,2.5115523820665007,23.0,22.928282
2020-10-24 18:00:00,-0.9575999999999567,74.41170673522662,2.7250606075661925,17.0,22.289204
2020-10-24 19:00:00,-0.5357999999999947,71.74365503608442,2.585277897649702,9.0,18.699503
2020-10-24 20:00:00,-0.6833999999999492,69.61381919880812,2.620752747892712,6.0,16.123444
2020-10-24 21:00:00,-1.1529299999999694,69.90529548306367,2.780271703597431,2.0,15.685614
2020-10-24 22:00:00,-1.445229999999981,69.30988689859561,3.0010623245212016,0.0,22.401604
2020-10-25 01:00:00,-1.5039999999999623,62.96554417421293,3.4076810180506185,1.0,17.159782
2020-10-25 02:00:00,-1.23599999999999,61.550609374106465,3.427734886597415,4.0,17.985851
2020-10-25 03:00:00,1.3437700000000063,61.14073259187871,2.8127304076691475,2.0,22.079699
2020-10-25 06:00:00,9.236050000000034,42.23805495780083,0.8995991111321322,0.0,332.05954
2020-10-25 07:00:00,10.826900000000023,38.842988340428796,0.9758145857857778,1.0,416.8587
2020-10-25 09:00:00,11.842740000000049,39.16927472943494,0.6972559435117923,2.0,443.5041
2020-10-25 10:00:00,11.700829999999996,39.84071314476783,0.8115126834771639,4.0,212.7865
2020-10-25 11:00:00,10.8793,46.39420003686917,0.8628273436869068,8.0,75.968475
2020-10-25 12:00:00,9.49368000000004,49.85148528510397,0.9683222730049721,88.0,21.230747
2020-10-25 13:00:00,6.088400000000036,57.26986367751216,1.9068688013386972,37.0,18.017963
2020-10-25 14:00:00,4.161429999999996,59.71791878906108,2.3218967253083433,14.0,22.318367
2020-10-25 15:00:00,2.635280000000023,62.47427277360052,2.6223497400475932,11.0,22.51234
2020-10-25 16:00:00,1.211720000000014,65.30243071284511,3.1167957202073997,7.0,19.155058
2020-10-25 17:00:00,0.530050000000017,65.32075932152557,3.339781770227658,6.0,18.806116
2020-10-25 18:00:00,0.42760000000004084,62.411918372719924,3.4310963292015457,7.0,18.630222
2020-10-25 19:00:00,0.3415200000000027,60.617109194960605,3.7578300431082186,4.0,18.211365
2020-10-25 20:00:00,0.6964700000000335,56.27019786687651,3.677892978689025,0.0,17.801403
2020-10-25 21:00:00,1.0184600000000046,52.82231151401708,3.7330689544726976,0.0,18.07864
2020-10-25 22:00:00,0.9155000000000086,51.16820598565209,3.829236599571931,1.0,17.742054
2020-10-26 02:00:00,0.6148300000000404,47.35637588970885,4.011318482194046,8.0,21.699974
2020-10-26 03:00:00,3.2124300000000403,50.42120886971466,3.5088103210163055,6.0,25.621498
2020-10-26 04:00:00,7.657680000000028,56.72763753569132,2.4341338079012687,2.0,30.445099
2020-10-26 05:00:00,11.6755,33.36106000623436,0.917859403905206,0.0,41.11444
2020-10-26 06:00:00,13.288499999999999,29.12916080112842,0.8181113855981813,1.0,118.486084
2020-10-26 07:00:00,14.954430000000002,29.433320425652767,0.8438500505533685,7.0,382.41174
2020-10-26 08:00:00,15.524440000000027,30.137657238868748,0.8362421314082782,18.0,443.9691
2020-10-26 09:00:00,15.729270000000042,31.18978883501588,0.8961407980211954,29.0,361.04895
2020-10-26 10:00:00,15.30874,35.13656596986349,0.9517785475813546,17.0,209.62532
2020-10-26 11:00:00,13.757400000000018,51.936375671046534,1.315236608932963,33.0,90.81328
2020-10-26 12:00:00,11.256400000000042,46.44935382633415,1.5458181181365993,103.0,53.163834
2020-10-26 13:00:00,8.310170000000028,48.913265183845375,2.1830256986375582,74.0,48.38954
2020-10-26 14:00:00,6.88232000000005,49.09960463085223,2.3248311254126524,52.0,37.83876
2020-10-26 15:00:00,6.696100000000001,47.908425705128224,2.2993435727263463,35.0,30.28317
2020-10-26 16:00:00,5.501599999999996,51.88641904444829,2.7262467468560305,25.0,33.94107
2020-10-26 17:00:00,5.8147200000000225,47.52051647686067,3.3737348428915004,5.0,43.761932
2020-10-26 18:00:00,5.594750000000033,45.230735433973834,3.620797682754073,8.0,47.820892
2020-10-26 19:00:00,6.2511800000000335,41.337455913903476,3.934006626862803,7.0,46.954575
2020-10-26 20:00:00,6.2663800000000265,39.67881490990669,3.9177487148536674,5.0,45.638855
2020-10-26 21:00:00,6.17270000000002,39.30188833599395,3.8634497003730366,4.0,44.64981
2020-10-26 22:00:00,5.8139000000000465,40.31737858282379,3.8059577023223596,1.0,34.674667
2020-10-27 01:00:00,4.021140000000003,47.06416563340838,3.9593708229835136,5.0,39.86342
2020-10-27 02:00:00,4.301300000000026,47.84258908127029,3.9998594884908365,13.0,42.099976
2020-10-27 03:00:00,7.240800000000036,45.83778851705809,3.6206372860592584,9.0,48.921356
2020-10-27 04:00:00,10.820100000000025,47.66342050785331,2.833230681254784,13.0,70.86554
2020-10-27 05:00:00,14.671400000000006,43.45730102774763,1.8834447129985241,12.0,139.10864
2020-10-27 06:00:00,16.660330000000044,30.307116163766413,0.7847603259205833,11.0,282.70874
2020-10-27 07:00:00,17.188620000000014,32.07924406223195,0.5469094180537992,7.0,465.35376
2020-10-27 08:00:00,17.45992000000001,32.30152892221134,0.9773922708468501,4.0,572.093
2020-10-27 09:00:00,17.22103000000004,32.77905757998902,1.6661584118615864,11.0,558.4375
2020-10-27 10:00:00,16.314300000000003,35.464687658557786,1.5827113285511165,14.0,382.5437
2020-10-27 11:00:00,14.619400000000041,52.08493750462045,1.1775115607406141,34.0,188.5887
2020-10-27 12:00:00,12.63864000000001,45.284436028529775,1.4379354295024516,45.0,106.786575
2020-10-27 13:00:00,9.76705000000004,52.388820497151634,1.9292563576861272,35.0,89.0555
2020-10-27 14:00:00,8.138570000000016,54.850747748255074,2.062141570126263,55.0,80.984055
2020-10-27 15:00:00,7.450280000000021,55.275164632775294,2.0457230583702453,37.0,212.16318
2020-10-27 16:00:00,5.472920000000045,62.83155653275391,2.106757102664379,33.0,185.09929
2020-10-27 17:00:00,4.156700000000001,69.72092274124869,1.901166756347967,42.0,148.73808
2020-10-27 18:00:00,3.59384,73.40538914872918,1.7065017547183772,81.0,156.69916
2020-10-27 19:00:00,3.309470000000033,75.47143802731482,1.5004976797470264,62.0,153.18222
2020-10-27 20:00:00,2.912680000000023,78.19419408322017,1.3668114300321963,36.0,158.6167
2020-10-27 21:00:00,2.1918600000000197,81.92382170881885,1.3625888595343594,30.0,151.66487
2020-10-27 22:00:00,1.326750000000004,86.13285713844088,1.4864973815846234,19.0,145.89287
2020-10-27 23:00:00,0.9470000000000027,89.21036272060316,1.314635597698258,21.0,129.63895
2020-10-28 00:00:00,0.864340000000027,91.75653627183472,0.9693890510132319,22.0,111.34781
2020-10-28 01:00:00,-0.14969999999999573,93.09253426372173,0.8970337718801723,33.0,97.001434
2020-10-28 02:00:00,-0.10971999999998161,93.55556255819553,0.5686229917874338,36.0,85.637634
2020-10-28 03:00:00,0.3666600000000244,92.15875567155135,0.7421541424102501,43.0,124.071655
2020-10-28 04:00:00,0.801840000000027,92.19303232852408,0.9054786221328771,39.0,159.39597
2020-10-28 05:00:00,1.870020000000011,87.37438840464834,1.1091446039536188,43.0,238.45259
2020-10-28 06:00:00,3.0600000000000023,82.58144720790743,1.3809091481607216,48.0,283.1482
2020-10-28 07:00:00,4.194540000000018,72.80780161274677,1.9624598795069588,45.0,342.1631
2020-10-28 08:00:00,4.456870000000038,70.9708177305843,2.116769350987192,31.0,373.4817
2020-10-28 09:00:00,4.216150000000027,72.29495802617276,2.027200239824791,31.0,335.51294
2020-10-28 10:00:00,3.313199999999995,78.18339215648494,1.7754735837668665,14.0,257.38672
2020-10-28 11:00:00,2.4862300000000346,84.23738791320432,1.4424397976392265,29.0,163.11023
2020-10-28 12:00:00,1.4446700000000305,91.15336411401205,0.9940534629328427,33.0,85.78168
2020-10-28 13:00:00,0.42140000000000555,94.77394916538056,0.48277306042534085,28.0,70.87843
2020-10-28 14:00:00,0.07152999999999565,97.77953257184373,0.439780739326097,38.0,72.265915
2020-10-28 15:00:00,0.032070000000032906,98.97497300042025,0.29770349338201674,34.0,70.35422
2020-10-28 16:00:00,0.06164000000001124,98.16171361162131,0.35833399861816256,42.0,41.579178
2020-10-28 17:00:00,0.04812000000003991,98.0694912727252,0.4696848762191043,44.0,64.08618
2020-10-28 18:00:00,-0.31713999999999487,99.15619155953078,0.43842701802009104,3.0,42.0484
2020-10-28 19:00:00,-0.9012500000000045,99.18092217445472,0.8152348358229318,4.0,47.000854
2020-10-28 20:00:00,-0.9837999999999738,97.90811568190482,0.9561835662327549,3.0,50.58763
2020-10-28 21:00:00,-1.152439999999956,98.82468408385992,0.7170288088067679,5.0,50.825226
2020-10-28 22:00:00,-1.3896199999999794,99.04567648648572,0.695610615595346,2.0,86.80266
2020-10-29 00:00:00,-1.1859499999999912,97.67985969812626,1.0330410254511138,7.0,91.64279
2020-10-29 01:00:00,-1.4293599999999742,95.77204791107155,1.2826701952106863,13.0,94.4978
2020-10-29 02:00:00,-1.23214999999999,93.12523882908695,1.119028469845629,21.0,70.06383
2020-10-29 03:00:00,0.022820000000024265,91.71455560463826,0.6928024943121325,26.0,110.831955
2020-10-29 04:00:00,1.2936000000000263,82.81488777533679,1.0294119222785065,30.0,221.50015
2020-10-29 05:00:00,2.959069999999997,70.67643561557475,1.0218547519694567,18.0,408.41086
2020-10-29 06:00:00,3.5004000000000133,73.49842267115818,0.9816764804821826,17.0,575.8543
2020-10-29 07:00:00,5.6896600000000035,60.27344848787667,1.3705181666372468,26.0,710.9641
2020-10-29 08:00:00,6.300560000000019,57.850970322064995,1.458932547809266,38.0,732.3435
2020-10-29 09:00:00,6.714380000000006,56.110746201916385,1.5947270701471037,39.0,677.9236
2020-10-29 10:00:00,6.397360000000049,56.1013518965056,1.5470606627422532,42.0,507.0282
2020-10-29 11:00:00,5.671960000000013,59.19493748542646,1.178289809946044,47.0,220.6251
2020-10-29 12:00:00,4.418800000000033,64.31574976845786,0.670489459185572,52.0,60.19417
2020-10-29 13:00:00,4.2075700000000325,61.030577815185275,0.3524778322985149,75.0,24.83092
2020-10-29 14:00:00,3.9906200000000354,60.34539884309282,0.9801032468619707,81.0,13.86334
2020-10-29 15:00:00,1.6043300000000045,66.03682488831075,1.6598483287127772,83.0,18.363842
2020-10-29 16:00:00,-0.013459999999952288,68.6456752557316,2.1062362726676698,73.0,21.68594
2020-10-29 17:00:00,-1.156379999999956,69.48226740238532,2.5074516610545556,80.0,22.341629
2020-10-29 18:00:00,-1.818399999999997,67.8894815427873,2.8688741688118533,50.0,18.364044
2020-10-29 19:00:00,-2.3982599999999934,63.12193743582876,3.29774311897398,41.0,16.481487
2020-10-29 20:00:00,-2.3500699999999597,58.89875991231885,3.384434557503887,34.0,15.813267
2020-10-29 21:00:00,-2.3602699999999572,56.95899781215147,3.4744625782412464,35.0,16.045975
2020-10-29 22:00:00,-2.294899999999984,55.528479661204265,3.506073641348585,77.0,17.97428
2020-10-29 23:00:00,-2.202729999999974,54.12124920827254,3.534500219729979,16.0,16.905804
2020-10-30 00:00:00,-2.147130000000004,52.83236260301295,3.566997766106062,17.0,16.678253
2020-10-30 01:00:00,-1.9971400000000017,51.555780253288795,3.585477389097306,17.0,17.172485
2020-10-30 02:00:00,-1.7779999999999632,51.601789949176194,3.5819658300778623,21.0,17.008621
2020-10-30 03:00:00,0.48970000000002756,51.99406802152075,3.1303580728562226,19.0,17.95628
2020-10-30 04:00:00,4.7076000000000136,52.50483204217108,1.9783868911484899,27.0,21.727953
2020-10-30 05:00:00,7.469800000000021,31.077592519496804,0.2719272246373283,54.0,17.979462
2020-10-30 06:00:00,8.63506000000001,31.492804479373778,0.5942126344014345,74.0,218.83812
2020-10-30 07:00:00,10.266500000000008,30.80555274327045,0.8713584903690504,44.0,315.66968
2020-10-30 08:00:00,10.916930000000036,31.329394644107364,0.9016845721471181,37.0,356.9427
2020-10-30 09:00:00,11.236660000000029,31.72088657535062,0.9039198819767228,26.0,293.9154
2020-10-30 10:00:00,10.997460000000046,35.01525838179148,0.8009218705364536,21.0,199.78128
2020-10-30 11:00:00,10.112150000000042,39.51991040674249,0.6399526597322006,29.0,59.246155
2020-10-30 12:00:00,9.45535000000001,36.024124064223535,0.5384965281443604,94.0,19.10521
2020-10-30 13:00:00,6.867639999999994,41.70576786647702,1.6217841569907119,69.0,18.45499
2020-10-30 14:00:00,2.5837600000000407,53.42393752259237,2.4328510854602556,54.0,21.640171
2020-10-30 15:00:00,0.2545700000000011,59.21473803820692,2.9884889904253855,50.0,17.213017
2020-10-30 16:00:00,-0.41223999999999705,57.56701970893772,3.3382869219013376,40.0,16.085363
2020-10-30 17:00:00,-0.8298399999999901,54.7404056623263,3.5443298852671434,27.0,16.038933
2020-10-30 18:00:00,-0.918739999999957,51.254111517045274,3.6483135291547644,44.0,16.360497
2020-10-30 19:00:00,-1.4079999999999586,50.260259820833895,3.9407130886329016,27.0,16.698715
2020-10-30 20:00:00,-1.1130699999999933,46.2248802447547,3.8565674252955513,17.0,17.007584
2020-10-30 21:00:00,-1.0156599999999685,43.46810745675177,3.8759794961086858,17.0,16.788273
2020-10-30 22:00:00,-0.9853999999999701,41.36957585278187,3.8873582526715222,20.0,17.031937
2020-10-30 23:00:00,-0.9069599999999696,39.147186130671685,3.8660360624437593,19.0,16.445827
2020-10-31 00:00:00,-0.8459199999999782,37.05236124250717,3.838442498578557,8.0,16.342003
2020-10-31 01:00:00,-0.8057299999999827,35.26211260311803,3.843166569862291,8.0,16.379055
2020-10-31 02:00:00,-0.7262299999999868,36.04717466068702,3.8423169389143577,35.0,16.619598
2020-10-31 03:00:00,1.4520500000000425,41.20861238488669,3.4486564064361347,29.0,18.114296
2020-10-31 04:00:00,5.616780000000006,50.103822633678995,2.475506708093267,30.0,20.739893
2020-10-31 05:00:00,9.52215000000001,29.184415700026513,0.8387846893986809,40.0,29.279404
2020-10-31 06:00:00,10.946439999999996,22.839569214625893,0.4075837755363915,68.0,163.74454
2020-10-31 07:00:00,12.131460000000004,25.024387924584747,0.7330023408837454,52.0,203.20471
2020-10-31 08:00:00,12.660180000000025,26.2734802781948,0.7918058101580101,34.0,239.81573
2020-10-31 09:00:00,12.79955000000001,27.31561431861942,0.8104619804187377,27.0,207.89601
2020-10-31 10:00:00,12.410000000000025,32.8267705203594,0.5568669147516397,32.0,124.764206
2020-10-31 11:00:00,11.451600000000042,38.37961622681717,0.6249647976421143,59.0,42.732132
2020-10-31 12:00:00,10.64074000000005,31.152034663836055,0.9864051214778033,86.0,14.700478
2020-10-31 13:00:00,6.192600000000027,41.7456534772203,2.0169810076339747,91.0,18.160679
2020-10-31 14:00:00,2.498040000000003,49.68016637470904,2.7825205295411055,89.0,18.798672
2020-10-31 15:00:00,0.8589699999999993,50.37734485168615,3.2850756895557423,60.0,15.735965
2020-10-31 16:00:00,0.09370000000001255,47.896147703426465,3.568344599878587,50.0,15.361308
2020-10-31 17:00:00,-0.1877499999999941,44.93120069431767,3.7019528509539206,51.0,15.575916
2020-10-31 18:00:00,-0.21603999999996404,41.90500796920814,3.7825316057249587,59.0,16.153873
2020-10-31 19:00:00,-0.45479999999997744,38.31963999017672,4.0221734766307575,29.0,16.345242
2020-10-31 20:00:00,-0.19297000000000253,35.22927627300095,3.9436395645476336,23.0,16.517345
2020-10-31 21:00:00,-0.15869999999995343,33.16724319576422,3.953393154459657,20.0,16.466202
2020-10-31 22:00:00,-0.18500000000000227,31.567373885605384,3.950995424755616,12.0,16.903175
2020-11-01 00:00:00,-0.07965999999998985,28.246720028116336,3.9284296092575564,17.0,16.495483
2020-11-01 01:00:00,0.1027000000000271,27.10749214161645,3.905254887485329,9.0,16.273672
2020-11-01 02:00:00,0.30434999999999945,28.544989124436658,3.857503961942708,23.0,16.692308
2020-11-01 03:00:00,2.4528000000000247,36.67775767285144,3.4217085669526575,19.0,18.02729
2020-11-01 04:00:00,6.281100000000038,49.22106281247647,2.468917426414894,29.0,20.301949
2020-11-01 05:00:00,10.255400000000009,30.167508717982592,0.9700012256615134,38.0,44.043533
2020-11-01 06:00:00,11.73397,24.367172140652343,0.47575902383023416,58.0,171.34483
2020-11-01 07:00:00,12.582360000000051,23.324297718600434,0.6095101793352617,65.0,226.77155
2020-11-01 08:00:00,13.067470000000014,25.142831910186317,0.6956950067978511,59.0,221.27
2020-11-01 09:00:00,13.167169999999999,26.813241652606568,0.7021020745963599,56.0,174.67363
2020-11-01 10:00:00,12.706479999999999,33.4843421801751,0.29523895579866083,49.0,77.41571
2020-11-01 11:00:00,11.549830000000043,46.580563942448556,0.8126623268350566,53.0,17.044296
2020-11-01 12:00:00,7.446950000000015,45.398776799910436,2.140440421111155,194.0,20.503712
2020-11-01 13:00:00,4.007380000000012,46.66925590972695,2.9754609824720375,177.0,17.790634
2020-11-01 14:00:00,2.3543300000000045,44.921370083818175,3.5235607613502267,97.0,16.124857
2020-11-01 15:00:00,1.4471700000000283,42.69758179117769,3.756804697882967,26.0,17.015398
2020-11-01 16:00:00,0.9913600000000429,39.580726586838644,3.86372486492665,19.0,19.121876
2020-11-01 17:00:00,0.7847000000000435,36.401430654936135,3.9391794469138715,20.0,20.412914
2020-11-01 18:00:00,0.7012000000000285,33.615368947258574,3.9719434865881134,10.0,20.656204
2020-11-01 19:00:00,0.8143000000000029,31.877814097180906,4.056076343023593,6.0,20.737686
2020-11-01 20:00:00,1.094500000000039,29.88980820199725,3.975425195205571,2.0,20.696617
2020-11-02 01:00:00,1.8134400000000142,29.31933513950294,3.818172838793555,0.0,20.221796
2020-11-02 02:00:00,1.9785400000000095,32.05976566823484,3.8108577775798413,9.0,20.516144
2020-11-02 03:00:00,3.7201200000000085,40.07229294905133,3.4476777681498567,10.0,22.109165
2020-11-02 04:00:00,7.288049999999998,51.59268036227831,2.593635380733377,6.0,24.466606
2020-11-02 05:00:00,11.527600000000007,40.41584362936557,1.4321259351868898,16.0,46.187363
2020-11-02 06:00:00,13.481470000000002,19.869611760073532,0.14010124754586378,23.0,21.585373
2020-11-02 07:00:00,13.873350000000016,21.017911599394896,0.5255552047449196,24.0,144.67471
2020-11-02 08:00:00,14.204060000000027,22.394080531121197,0.41177812408087106,25.0,144.64114
2020-11-02 09:00:00,14.269300000000044,23.630600445428747,0.312224702975185,16.0,118.18498
2020-11-02 10:00:00,13.888400000000047,30.256641249190807,0.21132548400307072,14.0,54.1709
2020-11-02 11:00:00,13.16270000000003,33.4093971875611,0.72825962347367,31.0,16.163689
2020-11-02 12:00:00,8.323480000000018,42.94572277735356,2.248040658544994,90.0,19.944014
2020-11-02 13:00:00,4.882780000000025,44.524559938888004,3.1437729360821676,59.0,20.493874
2020-11-02 14:00:00,3.108820000000037,45.89386348495991,3.488936983537281,47.0,16.536427
2020-11-02 15:00:00,2.1697599999999966,45.669417871930456,3.580699939277934,51.0,15.744083
2020-11-02 16:00:00,2.0201700000000073,43.29243877039104,3.5882018391535513,28.0,16.44413
2020-11-02 17:00:00,1.9612000000000194,41.138537984051844,3.590178614419029,18.0,17.045464
2020-11-02 18:00:00,2.1131200000000376,39.13522294069667,3.557569452603497,24.0,17.251379
2020-11-02 19:00:00,1.9384000000000015,38.61245956779857,3.6055430047860946,10.0,16.872719
2020-11-02 20:00:00,1.6311000000000035,37.603092556592294,3.5677533642787753,13.0,16.67812
2020-11-02 21:00:00,1.2809700000000248,36.715279044800354,3.5825604950553553,12.0,16.601461
2020-11-02 22:00:00,1.03875000000005,35.877957275050115,3.58473828721625,9.0,16.5281
2020-11-02 23:00:00,0.6430000000000291,35.50181348420119,3.6278360359818276,7.0,17.31913
2020-11-03 00:00:00,0.42074000000002343,34.87949274512146,3.661543447681046,6.0,17.665813
2020-11-04 00:00:00,-0.8693599999999719,48.663846292201285,3.4110913057039784,11.0,18.207588
2020-11-04 01:00:00,-0.7279399999999896,48.304569730220976,3.395774155563088,13.0,18.285606
2020-11-04 02:00:00,-0.6187999999999647,50.24247749112426,3.386215061113981,11.0,19.082436
2020-11-04 03:00:00,1.4936800000000403,54.83189556985609,2.88085453763137,15.0,21.911774
2020-11-04 04:00:00,5.485400000000027,65.11040319740017,1.793981660881457,20.0,26.767735
2020-11-04 05:00:00,9.111630000000048,29.88708314720232,0.3348152272956576,25.0,13.642413
2020-11-04 06:00:00,9.996970000000033,29.952732444461237,0.5772297695466099,62.0,342.39728
2020-11-04 07:00:00,10.501980000000003,31.5182141989251,0.6784553760064251,80.0,443.4869
2020-11-04 08:00:00,11.00863000000004,32.27054871890047,0.7210264062972175,52.0,506.80908
2020-11-04 09:00:00,11.114900000000034,33.15288336636524,0.5927203628001901,44.0,326.27313
2020-11-04 10:00:00,10.854330000000004,34.74331795376076,0.6041582573303489,33.0,222.61272
2020-11-04 11:00:00,10.123680000000036,41.31999301318348,0.6355011767441747,35.0,59.95543
2020-11-04 12:00:00,9.603570000000047,37.15613056408693,0.3406608715254937,113.0,15.458708
2020-11-04 13:00:00,6.761740000000032,44.813408547854074,1.6149308682884604,91.0,15.170662
2020-11-04 14:00:00,3.7037600000000452,52.04747757941784,2.3017873857138884,98.0,19.182755
2020-11-04 15:00:00,2.044900000000041,55.16504633465372,2.6283139101495587,76.0,21.613888
2020-11-04 16:00:00,0.5969500000000494,57.95672852588531,2.9428144340873033,64.0,18.272745
2020-11-04 17:00:00,-0.4217299999999682,58.9067185562153,3.2378744525908782,48.0,16.66954
2020-11-04 18:00:00,-0.891179999999963,57.487845064620025,3.426775441021122,39.0,17.815647
2020-11-04 19:00:00,-0.8054599999999823,53.94553466783697,3.6603541683117586,32.0,17.90047
2020-11-04 20:00:00,-0.38137999999997874,48.08651726209584,3.624190058764608,19.0,18.383793
2020-11-04 21:00:00,-0.2844599999999673,43.68145755632248,3.667564992069723,12.0,18.037668
2020-11-04 22:00:00,-0.2097999999999729,40.064873615014676,3.6895925620287966,9.0,19.310425
2020-11-04 23:00:00,-0.17264000000000124,37.337226384939406,3.7007250448454667,5.0,18.679585
2020-11-05 00:00:00,-0.20729999999997517,35.248154252988215,3.7491588400505154,1.0,19.262957
2020-11-05 01:00:00,-0.3561199999999758,33.11325252298108,3.760277839443465,3.0,19.012531
2020-11-05 02:00:00,-0.38144999999997253,33.42974000318361,3.777617942379833,7.0,18.39051
2020-11-05 03:00:00,1.59110000000004,39.40616468072175,3.365703394915224,23.0,18.864662
2020-11-05 04:00:00,5.491000000000042,52.23583959607175,2.3349593820295294,54.0,21.59739
2020-11-05 05:00:00,9.439099999999996,33.21541305457519,0.6064472029501992,40.0,16.681332
2020-11-05 06:00:00,10.874570000000006,22.63411797683423,0.5397319129332852,39.0,158.08395
2020-11-05 07:00:00,12.060750000000041,24.433281427528698,0.8694680983944262,36.0,209.5048
2020-11-05 08:00:00,12.61614000000003,25.104938118072027,0.898911766720274,42.0,265.60632
2020-11-05 09:00:00,12.779080000000022,25.930122748725395,0.9544287919151151,27.0,228.68858
2020-11-05 10:00:00,12.255150000000015,32.093049843855646,0.7467669949206307,19.0,113.62636
2020-11-05 11:00:00,11.197050000000047,33.94745624414705,0.8216869814103896,41.0,48.980392
2020-11-05 12:00:00,10.2928,30.44204738869482,0.977445847222265,69.0,17.958744
2020-11-05 13:00:00,6.9937400000000025,37.65869630304692,1.8134124258382924,64.0,19.381344
2020-11-05 14:00:00,4.200220000000002,42.78861270577015,2.3379936861203796,69.0,21.386557
2020-11-05 15:00:00,1.9386800000000335,47.077748041616346,2.7803474531499783,54.0,21.995487
2020-11-05 16:00:00,0.2554600000000278,49.96493858573613,3.17272499616845,50.0,17.835445
2020-11-05 17:00:00,-0.3341399999999908,48.345122735966875,3.3909995788291463,37.0,15.44695
2020-11-05 18:00:00,-0.6086999999999989,44.42058457077131,3.5250599723267437,34.0,15.3633995
2020-11-05 19:00:00,-0.7301699999999869,37.48986053016084,3.7334193054916005,33.0,15.2929945
2020-11-05 20:00:00,-0.10406999999997879,33.44734802598296,3.6716710019460534,34.0,15.520547
2020-11-05 21:00:00,0.19222000000002026,30.538015345619183,3.696477239122228,26.0,15.766147
2020-11-05 22:00:00,0.33553000000000566,28.147468192813356,3.74540004849873,27.0,16.434544
2020-11-05 23:00:00,0.4122000000000412,25.9973482819747,3.79140781418086,17.0,16.362434
2020-11-06 00:00:00,0.480920000000026,24.025331667503533,3.840910980083941,16.0,16.52613
2020-11-06 01:00:00,0.5601400000000467,22.626001481169496,3.8791206952408297,20.0,16.66251
2020-11-06 02:00:00,0.639060000000029,22.036741113998506,3.902919206329568,27.0,16.824192
2020-11-06 03:00:00,2.5818700000000376,28.616207827165383,3.5548040635562184,32.0,17.757935
2020-11-06 04:00:00,6.7719000000000165,44.111460305085096,2.614411407890599,35.0,21.118698
2020-11-06 05:00:00,10.30627000000004,47.299070758342936,1.0257467396982958,32.0,30.546852
2020-11-06 06:00:00,12.644980000000032,19.578151973115016,0.3521763369009481,29.0,117.493484
2020-11-06 07:00:00,13.299220000000048,22.943635230303222,0.6886250778509589,48.0,184.55931
2020-11-06 08:00:00,13.660820000000001,25.26987381694794,0.7845206631178354,96.0,237.25388
2020-11-06 09:00:00,13.685330000000022,27.249956736608,0.7881825395043145,81.0,211.68341
2020-11-06 10:00:00,13.14074000000005,32.545973906442384,0.42845790324927524,77.0,62.59999
2020-11-06 11:00:00,12.563800000000015,30.950085903405615,0.44973244686010594,97.0,16.62761
2020-11-06 12:00:00,8.574270000000013,41.326930893418,1.7749155987195926,162.0,17.737087
2020-11-06 13:00:00,5.104640000000018,45.30771567985522,2.5051020200181395,60.0,23.524197
2020-11-06 14:00:00,2.1906000000000176,48.309468854820814,3.1294596146446905,36.0,20.677498
2020-11-06 15:00:00,0.9519000000000233,47.75174025379389,3.5490012224270253,16.0,17.074406
2020-11-06 16:00:00,0.7151000000000067,43.594368432431075,3.8229677143721905,16.0,17.131754
2020-11-06 17:00:00,0.5724700000000098,39.676155209938294,3.920810638856637,10.0,17.414627
2020-11-06 18:00:00,0.5497700000000236,36.12686221228702,4.017768531928946,7.0,18.528149
2020-11-06 19:00:00,0.4297700000000191,31.575103506003515,4.212297189267689,4.0,19.279833
2020-11-06 20:00:00,0.5544700000000375,29.585596435743057,4.1698276827228735,1.0,19.812016
2020-11-07 01:00:00,0.783929999999998,28.815290131538823,4.304761660128603,1.0,23.175459
2020-11-07 02:00:00,0.9407000000000494,29.329660616794943,4.314292159994436,0.0,23.399727
2020-11-07 03:00:00,3.0326500000000465,34.12170205165766,4.007491524169059,4.0,24.892794
2020-11-07 04:00:00,7.250940000000014,44.076470449427916,3.26792162775703,6.0,28.451523
2020-11-07 05:00:00,11.635340000000042,47.08554542775088,2.288813683250164,5.0,38.747574
2020-11-07 06:00:00,14.625500000000045,26.259484180336948,1.2596864033000221,4.0,60.804
2020-11-07 07:00:00,15.864950000000022,22.538918319098627,1.015846673310722,2.0,107.09552
2020-11-07 08:00:00,16.366000000000042,24.316909526628326,1.1545976674042682,21.0,199.0673
2020-11-07 09:00:00,16.502400000000023,30.52123473261706,1.006187803243162,23.0,193.13148
2020-11-07 10:00:00,15.716760000000022,44.51601135164984,0.8678362200324421,37.0,109.01996
2020-11-07 11:00:00,15.956450000000018,27.07031701184158,0.8501672980418671,113.0,47.14711
2020-11-07 12:00:00,9.753080000000011,41.514805438957225,2.4122362852570274,66.0,38.715378
2020-11-07 13:00:00,5.6403700000000185,45.23580494348964,3.6335905808576348,45.0,27.920258
2020-11-07 14:00:00,3.3479200000000446,46.11312690327751,4.079183551126013,40.0,23.33023
2020-11-07 15:00:00,2.962000000000046,41.62956267407464,4.240766771941389,38.0,24.496262
2020-11-07 16:00:00,3.775350000000003,35.569020647017766,4.214622501842989,20.0,26.877182
2020-11-07 17:00:00,4.643100000000004,30.963858056424176,4.207127082474876,15.0,30.23172
2020-11-07 18:00:00,5.195899999999995,27.742960242385575,4.259651085621733,16.0,35.085114
2020-11-07 19:00:00,7.030970000000025,19.499961375521334,4.468953408474171,5.0,39.003433
2020-11-07 20:00:00,7.629700000000014,18.539256526976086,4.487942605269152,4.0,41.279053
2020-11-07 21:00:00,8.010280000000023,19.096368778123974,4.601894360767597,3.0,43.37126
2020-11-07 22:00:00,8.462980000000016,20.02963447707895,4.642811023291165,5.0,44.35672
2020-11-07 23:00:00,8.972860000000026,20.858808589235156,4.603145766173958,3.0,44.198166
2020-11-08 00:00:00,9.131070000000022,21.774247231417345,4.606054148498414,1.0,44.4189
2020-11-08 01:00:00,9.184900000000027,22.762021756669952,4.613795829233653,0.0,45.507004
2020-11-08 03:00:00,10.157430000000033,30.778329143558295,4.387136033933738,1.0,49.406067
2020-11-08 04:00:00,12.745800000000031,36.44442985211081,3.731782835411358,6.0,54.790756
2020-11-08 05:00:00,16.02633000000003,40.793038902781355,2.8334354827918107,9.0,73.55171
2020-11-08 06:00:00,18.90650000000005,38.58553330465583,2.112271552188088,11.0,114.579666
2020-11-08 07:00:00,20.114900000000034,34.22241330878633,1.7605936379472642,14.0,155.78793
2020-11-08 08:00:00,20.67532,33.67844398359031,1.3782870157652398,29.0,178.87769
2020-11-08 09:00:00,20.34805,37.97977250062615,1.4333204335031167,60.0,154.77592
2020-11-08 10:00:00,19.053920000000005,57.953355206894535,1.2851719545360596,85.0,129.536
2020-11-08 11:00:00,19.678200000000004,33.99462361361602,0.5868600501780779,68.0,60.37201
2020-11-08 12:00:00,16.30460000000005,42.158935880166666,1.641938897153073,63.0,62.23413
2020-11-08 13:00:00,11.434840000000008,55.50337607437828,2.559585235374708,52.0,74.43376
2020-11-08 14:00:00,9.161100000000033,62.259918527952294,2.8770457792231046,73.0,127.295395
2020-11-08 15:00:00,8.357100000000003,62.93022353490607,2.54194196812312,88.0,161.72646
2020-11-08 16:00:00,7.479700000000037,63.636544366107564,2.208200354297902,90.0,127.07008
2020-11-08 17:00:00,6.010340000000042,66.43096870041478,2.230702938791736,75.0,151.23381
2020-11-08 18:00:00,4.910360000000026,66.41972336453873,2.12164851999301,38.0,171.62082
2020-11-08 19:00:00,4.927850000000035,67.75292438309033,1.8932975506703773,31.0,185.31683
2020-11-08 20:00:00,2.743980000000022,76.41580886002157,2.281499898369816,19.0,263.41113
2020-11-08 21:00:00,1.7164000000000215,81.50626589688903,2.269327617821767,7.0,280.2834
2020-11-08 22:00:00,1.3057000000000016,87.07768874997738,1.8970968907378927,9.0,236.66321
2020-11-08 23:00:00,1.1635700000000497,92.16628044086531,1.4281615253453968,5.0,162.60481
2020-11-09 00:00:00,0.4200700000000097,96.59222048234328,1.6976675266158567,1.0,96.96652
2020-11-09 01:00:00,0.28262000000000853,96.46684580686751,1.4500587052411078,4.0,62.053085
2020-11-09 02:00:00,0.13015000000001464,97.04825120370252,0.9456279949258555,7.0,63.369186
2020-11-09 03:00:00,0.1855000000000473,97.40439762379006,0.9585952325100313,8.0,74.20383
2020-11-09 04:00:00,0.417349999999999,97.65449169754514,1.0451890878712868,8.0,88.69054
2020-11-09 05:00:00,0.8514600000000314,95.65696382447943,1.4559421634095908,4.0,116.51521
2020-11-09 08:00:00,3.149530000000027,85.35596533024497,1.7939787075630302,4.0,247.77055
2020-11-09 09:00:00,3.4522300000000428,80.9140181565786,1.7635841270463233,5.0,240.23643
2020-11-09 10:00:00,3.6624400000000037,77.33915606532578,1.601804506099783,5.0,160.1666
2020-11-09 11:00:00,2.990319999999997,81.2170641271558,1.0879729480010842,6.0,109.11627
2020-11-09 12:00:00,2.36080000000004,84.21380618543391,0.47041932180212465,9.0,53.474396
2020-11-09 13:00:00,2.506560000000036,81.74036309296483,0.6942241646817927,10.0,26.587845
2020-11-09 14:00:00,3.008330000000001,75.7271245054724,0.9220778919138337,14.0,23.868057
2020-11-09 15:00:00,2.5815000000000055,73.78722560343147,1.2093567110905126,19.0,31.02092
2020-11-09 16:00:00,3.1043600000000424,68.16380138826041,1.2789777202283559,45.0,31.632294
2020-11-09 17:00:00,3.9188500000000204,63.04051770669325,1.213639103684828,20.0,32.89888
2020-11-09 18:00:00,4.155630000000031,60.59128976054546,1.1310873651192501,7.0,32.220627
2020-11-09 19:00:00,4.567160000000001,59.76538633201525,0.7993868852792466,7.0,33.261917
2020-11-09 20:00:00,4.12420000000003,61.21603471752948,1.0926905339803443,17.0,37.26172
2020-11-09 21:00:00,3.9948400000000106,60.97236487665895,0.8884657165008282,7.0,39.63417
2020-11-09 22:00:00,3.790200000000027,61.9833207175268,0.7103077252156981,3.0,43.00389
2020-11-10 01:00:00,2.852869999999996,64.82493974394754,0.44138874296343916,2.0,53.989746
2020-11-10 02:00:00,2.6225800000000277,65.4261298997977,0.5647309184164696,7.0,58.13202
2020-11-10 03:00:00,2.658100000000047,65.18077399192204,0.8311094854932412,14.0,73.13522
2020-11-10 04:00:00,3.24893000000003,71.17976561335985,1.0149325539398202,30.0,116.96344
2020-11-10 05:00:00,4.754240000000038,65.59142165844801,1.2380809062946805,38.0,187.2129
2020-11-10 06:00:00,6.050740000000019,62.44468526839434,1.2663836910088182,29.0,271.73334
2020-11-10 07:00:00,7.19440000000003,56.965034235283525,1.341097218687687,24.0,311.09894
2020-11-10 08:00:00,7.837150000000008,55.23948692570702,1.3552938271255763,17.0,318.9452
2020-11-10 09:00:00,8.13766000000004,54.50310587764411,1.3824624337971403,6.0,295.453
2020-11-10 10:00:00,7.848630000000014,55.737104853876914,1.2404392730536267,13.0,226.3188
2020-11-10 11:00:00,7.072300000000041,62.057586741513425,0.7659693456368526,22.0,95.28555
2020-11-10 12:00:00,6.69440000000003,58.250117468274524,0.2252409047450487,27.0,51.2166
2020-11-10 13:00:00,6.450919999999996,57.43225136236432,0.8783128483079192,32.0,33.85678
2020-11-10 14:00:00,6.1301200000000335,56.86554601028273,1.2729091043634655,24.0,41.591034
2020-11-10 15:00:00,3.831140000000005,61.97341706857958,1.752706346720804,16.0,42.610962
2020-11-10 16:00:00,2.2760600000000295,64.84855582375677,2.1041426589943586,22.0,42.643906
2020-11-10 17:00:00,1.2848800000000438,67.58045194751847,2.4026201741891122,19.0,37.458862
2020-11-10 18:00:00,0.1733600000000024,71.3906778221317,2.763935123271847,21.0,31.896164
2020-11-10 19:00:00,-0.6085599999999545,72.0808506240337,3.5586555872089907,7.0,30.603424
2020-11-10 20:00:00,-0.2871499999999969,71.10857837448344,3.5671526883223406,4.0,30.202042
2020-11-10 21:00:00,0.13287000000002536,68.250810581958,3.570783086750561,3.0,29.118027
2020-11-10 22:00:00,0.32952000000000226,65.94023972151926,3.583121023049947,4.0,34.138184
2020-11-10 23:00:00,0.5493000000000166,63.4672462052672,3.5820734210727014,1.0,27.693436
2020-11-11 02:00:00,1.153160000000014,58.10871217191937,3.566947522172415,3.0,30.492645
2020-11-11 03:00:00,2.6450700000000325,57.3872172107733,3.11823342092327,11.0,32.116974
2020-11-11 04:00:00,5.610500000000002,65.03890934216466,1.9267961960313942,16.0,40.206894
2020-11-11 05:00:00,9.051840000000027,42.11891797215743,0.5956454753830264,6.0,59.343994
2020-11-11 06:00:00,10.030400000000043,42.95125380992931,0.9102951569346818,53.0,227.8484
2020-11-11 07:00:00,11.75970000000001,38.417304148822204,1.3760776557152625,25.0,300.87244
2020-11-11 08:00:00,11.851650000000006,39.13597174117106,1.4941872248065902,21.0,346.5837
2020-11-11 09:00:00,11.457899999999995,41.474103586173456,1.5751176945865506,18.0,323.9876
2020-11-11 10:00:00,10.504570000000001,46.84044733676632,1.3450597706152423,19.0,171.1972
2020-11-11 11:00:00,8.86056000000002,62.948012660096914,1.1924039431297182,27.0,105.972046
2020-11-11 12:00:00,8.03630000000004,55.68333920379232,0.8041085033892501,45.0,81.96471
2020-11-11 13:00:00,7.945760000000007,52.92675906634706,0.4380499096149357,71.0,74.696396
2020-11-11 14:00:00,7.587460000000021,53.538050606800354,0.48735541087228373,35.0,64.31857
2020-11-11 15:00:00,7.3176200000000335,54.425289736059284,0.7954651145144549,39.0,47.630447
2020-11-11 16:00:00,5.775400000000047,61.16235328631233,1.3193541017747208,39.0,72.378845
2020-11-11 17:00:00,4.880520000000047,64.76050165878327,1.5071244383085327,27.0,76.66846
2020-11-11 18:00:00,5.0212999999999965,63.828332418731,1.4630786096340043,29.0,70.273605
2020-11-11 19:00:00,7.356840000000034,52.67768223959674,1.3015167405475434,25.0,62.550537
2020-11-11 20:00:00,7.4396600000000035,51.74384015904575,1.0582809591535354,15.0,50.886734
2020-11-11 21:00:00,7.50027,51.550552697309655,0.21453503109958325,12.0,64.275696
2020-11-11 22:00:00,6.639400000000023,55.84219226160026,0.9207923690956239,16.0,81.0589
2020-11-11 23:00:00,5.116540000000043,63.32377982097363,1.2339092606710795,9.0,92.15277
2020-11-12 00:00:00,4.985250000000008,65.43765964915504,0.9324308196356547,26.0,64.20802
2020-11-12 01:00:00,4.68347,68.22502137612688,0.48094949134157305,37.0,59.13253
2020-11-12 02:00:00,4.121300000000019,71.5968186490913,0.6632402298513375,43.0,51.397507
2020-11-12 03:00:00,3.5323000000000206,74.94458282280652,0.9986093336413784,23.0,67.77792
2020-11-12 04:00:00,3.2114500000000135,86.04757757305983,0.8612875536893035,44.0,132.47858
2020-11-12 05:00:00,4.939870000000042,74.30638393604652,1.3528027569932768,47.0,235.10843
2020-11-12 06:00:00,5.7408700000000294,74.63163566776042,1.678338376806909,74.0,306.41135
2020-11-12 07:00:00,6.980920000000026,73.33544301020765,2.3532931307756426,48.0,447.28687
2020-11-12 08:00:00,6.9283700000000294,74.6802675006274,2.2234933676511406,38.0,351.9185
2020-11-12 09:00:00,6.436460000000011,79.46147438141442,2.1698540537083733,38.0,296.93982
2020-11-12 10:00:00,5.481400000000008,89.61897017575859,2.080937616472138,29.0,210.35295
2020-11-12 11:00:00,4.389370000000042,96.51627936047466,2.2190171118044497,21.0,241.21071
2020-11-12 12:00:00,2.7652199999999993,96.18157417048818,2.2589564591300815,14.0,172.60513
2020-11-12 13:00:00,0.9816200000000208,99.46806329246483,2.0682876843632876,18.0,118.10678
2020-11-12 14:00:00,0.1812400000000025,99.02811356245601,1.8607901043665107,19.0,114.26128
2020-11-12 15:00:00,-0.2007499999999709,99.2728426164809,1.7651421968394643,25.0,109.285065
2020-11-12 16:00:00,-0.5989999999999895,98.94294083715943,1.6179167983392067,12.0,109.48482
2020-11-12 17:00:00,-0.8160499999999615,97.4943870982995,1.4799949848163625,17.0,103.032455
2020-11-12 18:00:00,-0.9946699999999851,97.14913024093924,1.4760038788361185,7.0,112.673645
2020-11-12 19:00:00,-0.8725599999999645,97.47916348774626,1.731132069604811,10.0,118.312546
2020-11-12 20:00:00,-1.1700799999999845,97.52114385972212,1.4591893366898279,7.0,118.37726
2020-11-12 21:00:00,-1.3384499999999662,97.17814854577134,1.3255260581127515,8.0,114.65349
2020-11-12 22:00:00,-1.544399999999996,97.01919987695138,1.1723939718161351,5.0,99.10057
2020-11-12 23:00:00,-2.348699999999951,97.06936227178768,1.1119407010947422,10.0,100.98596
2020-11-13 00:00:00,-2.0232999999999493,96.7562848769561,1.0773898400368351,10.0,106.26694
2020-11-13 01:00:00,-2.2722499999999854,96.15513870445557,0.994365870137675,18.0,100.1823
2020-11-13 02:00:00,-2.5368399999999838,95.74949285784719,0.8904136975417623,21.0,95.419266
2020-11-13 03:00:00,-2.621559999999988,95.38700470266018,0.9052373652857109,12.0,101.16557
2020-11-13 04:00:00,-2.0192599999999743,92.16601654317968,1.1851713762093354,11.0,129.26343
2020-11-13 05:00:00,-1.8452800000000025,91.24434264385815,1.4380412530313398,19.0,173.92717
2020-11-13 06:00:00,0.11369999999999436,85.43219478305238,1.779346465846446,22.0,228.5426
2020-11-13 07:00:00,0.8628000000000497,83.07023616924825,1.8570600075863584,43.0,264.77368
2020-11-13 08:00:00,1.3263200000000097,80.71851647272409,1.9732072687827524,72.0,283.33423
2020-11-13 09:00:00,1.294399999999996,80.41078264812056,2.0340510550493294,79.0,251.8162
2020-11-13 10:00:00,0.9776600000000144,81.82600714447194,1.7635774246867382,70.0,234.35791
2020-11-13 11:00:00,0.05477000000001908,84.02120146350886,1.2721615040300893,57.0,156.25485
2020-11-13 12:00:00,-0.2098399999999856,81.30535419995354,0.9172152747225377,57.0,77.490524
2020-11-13 13:00:00,0.02400000000000091,79.2296036595687,0.7974652354677277,61.0,71.17903
2020-11-13 14:00:00,-0.27309999999999945,79.5643954540618,0.8874880370017428,72.0,61.928116
2020-11-13 15:00:00,-0.5381799999999544,79.79521690359375,1.0576190701859047,93.0,58.136642
2020-11-13 16:00:00,-0.7428999999999633,79.94008451315507,1.0392370799713044,67.0,59.11403
2020-11-13 17:00:00,-0.9568499999999744,80.04539049215873,1.0414948507975448,244.0,60.714813
2020-11-13 18:00:00,-1.0326299999999833,79.54430617869856,0.992216917226265,73.0,51.64528
2020-11-13 19:00:00,-0.7253199999999538,76.21157977004754,1.0254332792348524,55.0,70.95398
2020-11-13 20:00:00,-1.0061399999999594,77.8621611614588,1.0997397217518237,36.0,79.30678
2020-11-13 21:00:00,-1.342999999999961,79.02554760526262,1.1475995540262367,35.0,74.6353
2020-11-13 22:00:00,-1.620519999999999,79.47952343295064,1.1530117897282843,32.0,98.59363
2020-11-13 23:00:00,-1.9251999999999612,81.42913200215916,1.0338338916119807,31.0,88.39
2020-11-14 00:00:00,-2.0641200000000026,82.19819913462845,0.8170482925950898,7.0,64.34726
2020-11-14 01:00:00,-1.8160199999999804,82.96865533886799,0.7637402323260998,9.0,63.156372
2020-11-14 02:00:00,-1.9583499999999958,84.3104121896496,0.7610809341479517,26.0,59.880005
2020-11-14 03:00:00,-1.8214199999999892,84.93305096545119,0.7453318728713182,39.0,79.00302
2020-11-14 04:00:00,-2.3018599999999765,86.61936752140616,1.202033209354255,38.0,127.74727
2020-11-14 05:00:00,-2.558779999999956,90.05420578183391,1.5067390061358767,32.0,181.48694
2020-11-14 06:00:00,-1.1341999999999643,88.08824736327021,1.6999402699594655,28.0,259.11505
2020-11-14 07:00:00,-0.20395999999999503,84.97535792395408,2.143348021856446,23.0,294.73468
2020-11-14 08:00:00,-0.16241999999999734,84.06254441780206,2.26636628843322,22.0,307.19543
2020-11-14 09:00:00,-0.3183999999999969,84.81581752482968,2.0760973428221168,19.0,262.04013
2020-11-14 10:00:00,-0.5904299999999694,86.99156559374666,1.840859223879057,17.0,255.81679
2020-11-14 11:00:00,-1.4095199999999863,91.46871005866967,1.4700066827912044,21.0,170.54561
2020-11-14 12:00:00,-2.4561499999999796,93.71511756586858,1.1850777958857035,22.0,100.968216
2020-11-14 13:00:00,-2.5649199999999723,94.54721736985177,0.9932131340785423,17.0,77.817154
2020-11-14 14:00:00,-2.6715999999999553,94.58942007587018,0.7511242670838562,25.0,70.11461
2020-11-14 15:00:00,-2.2382599999999684,92.61653412749985,0.5279111734913304,22.0,56.78273
2020-11-14 16:00:00,-2.153539999999964,91.07832779404751,0.5575321829138296,29.0,47.176178
2020-11-14 17:00:00,-1.9998199999999997,89.24674725346452,0.651186910969659,26.0,37.585907
2020-11-14 18:00:00,-1.7602299999999786,86.77150306551383,0.73486399085748,17.0,37.89328
2020-11-14 19:00:00,-0.5869999999999891,86.88224161753764,0.3769266065537489,17.0,44.779648
2020-11-14 20:00:00,-0.580099999999959,86.15638885726035,0.6309776678468522,1.0,50.983704
2020-11-14 21:00:00,-0.5718799999999646,83.5295464151791,0.7114682841476699,10.0,39.87909
2020-11-14 22:00:00,-0.8134499999999889,82.02104098149961,0.8458131442056097,9.0,39.081802
2020-11-14 23:00:00,-1.1050199999999677,80.93143755208744,0.9129960914625759,7.0,51.546005
2020-11-15 00:00:00,-1.4727199999999812,80.68080422150845,0.9799086955354991,9.0,67.63246
2020-11-15 01:00:00,-1.4834699999999543,80.46497268407019,0.9431809080611561,17.0,69.82785
2020-11-15 02:00:00,-1.7855599999999754,80.13405425633016,0.8973766238529534,13.0,81.4527
2020-11-15 03:00:00,-1.8770999999999844,79.75086095218593,0.9200642719097278,33.0,113.595215
2020-11-15 04:00:00,-2.631019999999978,78.64864060741817,1.5621117441285564,16.0,250.59654
2020-11-15 05:00:00,-3.6750999999999863,82.79491510459253,2.0934681172526086,14.0,312.92685
2020-11-15 06:00:00,-1.4069999999999823,81.35624242601406,2.1827685893111255,17.0,364.7558
2020-11-15 07:00:00,-0.6990699999999492,81.40277125902087,2.2716308233715043,22.0,408.11768
2020-11-15 08:00:00,-0.4980499999999779,81.30243569724377,2.1750728722559782,30.0,342.5791
2020-11-15 09:00:00,-0.28759999999999764,81.85404051630525,2.1836058781554533,16.0,316.62402
2020-11-15 10:00:00,-0.5615999999999985,83.82428495136932,1.9036908046729148,20.0,259.6214
2020-11-15 11:00:00,-1.363999999999976,86.77068527550676,1.3010813691239813,25.0,184.53297
2020-11-15 12:00:00,-1.688449999999989,85.7388469391869,0.9106188145416936,31.0,109.47943
2020-11-15 13:00:00,-1.6211299999999937,86.32134196301865,0.6862330267999078,35.0,84.16687
2020-11-15 14:00:00,-1.7472999999999956,87.99291775147861,0.5798655494989028,51.0,71.25409
2020-11-15 15:00:00,-1.8946299999999496,88.82483928018569,0.42306557992522464,43.0,51.139297
2020-11-15 16:00:00,-1.9589599999999905,88.48164706560961,0.3247659278274347,67.0,48.815125
2020-11-15 17:00:00,-1.9844399999999496,87.68425970733529,0.43785244252247396,21.0,49.27449
2020-11-15 18:00:00,-1.855259999999987,86.30148963082132,0.5530078330937739,17.0,37.92917
2020-11-15 19:00:00,-2.2928199999999492,89.92823715220301,1.3146573469067644,9.0,35.71396
2020-11-15 20:00:00,-3.780429999999967,90.65842968325813,1.7992458290466513,9.0,38.628174
2020-11-15 21:00:00,-5.216619999999978,87.42067203604154,2.103751278877924,7.0,40.06169
2020-11-15 22:00:00,-6.746829999999989,84.6869476161943,2.328733858791755,5.0,42.036667
2020-11-15 23:00:00,-7.604349999999954,81.52761688048624,2.492449709595461,5.0,41.376648
2020-11-16 00:00:00,-8.866999999999962,80.1243212036448,2.7433921379566817,5.0,42.9841
2020-11-16 01:00:00,-10.004249999999956,77.24515279531782,2.946343561701636,7.0,40.676636
2020-11-16 02:00:00,-10.177039999999977,74.47208306816951,2.994780666661543,7.0,42.373245
2020-11-16 03:00:00,-8.380769999999984,69.02304914162715,2.711048459833606,16.0,46.80861
2020-11-16 04:00:00,-2.0593599999999697,52.6092451085855,1.8540221644081252,13.0,56.07083
2020-11-16 05:00:00,1.0655800000000113,45.19045170942248,0.6556521416515053,19.0,242.03065
2020-11-16 06:00:00,-0.7126199999999585,61.372093741967134,2.4005254002886494,24.0,385.32855
2020-11-16 07:00:00,-1.4576999999999884,73.94289217208923,2.7213856636612053,21.0,395.3277
2020-11-16 08:00:00,-2.4402999999999793,79.73910286181476,2.733658892813966,6.0,344.55634
2020-11-16 09:00:00,-3.607460000000003,82.84107876066675,2.825711123660607,8.0,302.25015
2020-11-16 10:00:00,-4.974519999999984,83.92052305578646,2.4707545975296314,9.0,295.29926
2020-11-16 11:00:00,-6.189549999999997,84.60559097616915,2.0412342602843627,16.0,227.91208
2020-11-16 12:00:00,-7.7202499999999645,86.49205966320581,1.8239645830699953,12.0,201.11559
2020-11-16 13:00:00,-8.553439999999966,84.8089988917314,1.5618902289298822,10.0,177.03252
2020-11-16 14:00:00,-8.470739999999978,83.80462028739225,1.481728726890108,9.0,160.1463
2020-11-16 15:00:00,-8.971779999999967,83.73273583380013,1.4595462066691447,11.0,142.07901
2020-11-16 16:00:00,-9.721559999999954,84.69358118046401,1.3015415772741985,13.0,141.17517
2020-11-16 17:00:00,-10.020639999999958,83.79016620550355,1.2900272396923151,27.0,134.29378
2020-11-16 18:00:00,-10.02679999999998,82.40804825786314,1.2228391769756628,24.0,136.13068
2020-11-16 19:00:00,-10.660859999999957,83.35024867862695,1.322904951964063,18.0,126.43834
2020-11-16 20:00:00,-10.652559999999994,84.1626829484107,1.1030948054957816,16.0,127.5995
2020-11-16 21:00:00,-10.635839999999973,84.93355560501614,0.9922449278310365,27.0,125.504105
2020-11-16 22:00:00,-10.430759999999964,83.91606988757027,0.8671741153651036,37.0,102.13284
2020-11-16 23:00:00,-10.11923999999999,82.98273393387115,0.6800542319801932,35.0,114.61093
2020-11-17 00:00:00,-10.188940000000002,83.65375317445395,0.26713988996268845,30.0,108.17995
2020-11-17 01:00:00,-10.489319999999964,81.47291446177677,0.10644378313871865,36.0,89.85988
2020-11-17 02:00:00,-10.334599999999966,80.13254490252086,0.11892932046415265,62.0,79.92732
2020-11-17 03:00:00,-9.82992999999999,76.9009836329262,0.3180130627442451,77.0,105.33835
2020-11-17 04:00:00,-9.103979999999979,69.23184673641919,0.8140226982845372,120.0,156.74886
2020-11-17 05:00:00,-8.920079999999984,67.0585099618911,1.114628630216208,132.0,214.16959
2020-11-17 06:00:00,-7.54789999999997,70.34222065799887,1.2367673645740853,69.0,254.80307
2020-11-17 07:00:00,-6.010469999999998,67.2944809883709,1.6148970825809825,84.0,293.6867
2020-11-17 08:00:00,-5.578530000000001,66.75872350305868,1.578990579323601,56.0,301.58118
2020-11-17 09:00:00,-5.41659999999996,66.66941400795073,1.6389335271147425,63.0,279.5919
2020-11-17 10:00:00,-5.662199999999984,68.62393829507887,1.586888058154999,67.0,206.89659
2020-11-17 11:00:00,-6.721779999999967,75.43587987573665,1.234580147374645,77.0,159.1022
2020-11-17 12:00:00,-7.067659999999989,68.534101199908,0.9245791034835811,85.0,102.80409
2020-11-17 13:00:00,-6.909639999999968,66.89088745998134,0.7240645025855708,92.0,93.40939
2020-11-17 14:00:00,-7.112459999999999,67.32056116043668,0.6676780932220144,110.0,91.726
2020-11-17 15:00:00,-7.224099999999964,67.48727985005954,0.6282157383662521,93.0,79.10307
2020-11-17 16:00:00,-7.414949999999976,67.97591158652003,0.5706113604008244,98.0,85.71721
2020-11-17 17:00:00,-7.872699999999952,69.96424662870949,0.44482743223885873,89.0,96.63269
2020-11-17 18:00:00,-7.6436199999999985,68.53851475868414,0.34069402856252484,90.0,87.5945
2020-11-17 19:00:00,-7.60154,68.84865209891029,0.5800296755571788,81.0,84.502716
2020-11-17 20:00:00,-7.723059999999975,69.41902237736932,0.8448334774724618,57.0,89.43257
2020-11-17 21:00:00,-8.212679999999978,71.14352529495991,1.0457265980125323,31.0,113.65796
2020-11-17 22:00:00,-8.604859999999974,72.46577158054488,1.037987378098676,21.0,119.48883
2020-11-17 23:00:00,-8.792759999999987,73.34682414081291,0.9606656684104339,21.0,149.4985
2020-11-18 00:00:00,-8.785379999999975,73.86563844125504,0.807818311568127,25.0,131.97702
2020-11-18 01:00:00,-8.749599999999987,74.06612912055695,0.7393711178749557,24.0,110.86812
2020-11-18 02:00:00,-8.786049999999989,74.68678024919046,0.7339013026111403,30.0,93.800644
2020-11-18 03:00:00,-8.702499999999986,74.55780057608462,0.7878636239981892,43.0,106.71547
2020-11-18 04:00:00,-8.67489999999998,74.57224299580743,1.0987273898343175,37.0,147.87709
2020-11-18 05:00:00,-7.978599999999972,77.73988934312158,1.3462309287786587,32.0,192.64374
2020-11-18 06:00:00,-6.6974199999999655,72.94341560690698,1.5067018405773087,45.0,235.42752
2020-11-18 07:00:00,-6.209079999999972,73.7278822681036,2.0011714604361517,43.0,276.5695
2020-11-18 08:00:00,-6.066599999999994,74.20250396762513,2.0589235963798656,40.0,277.9646
2020-11-18 09:00:00,-6.165899999999965,75.28249192300744,2.047735123425039,45.0,223.42343
2020-11-18 10:00:00,-6.418129999999962,76.87146333677806,1.8804102116960872,55.0,197.71674
2020-11-18 11:00:00,-7.323949999999968,81.51363246408653,1.4648707681343747,63.0,139.7377
2020-11-18 12:00:00,-8.331699999999955,81.55994559349135,1.2038203043006053,68.0,118.57274
2020-11-18 13:00:00,-8.420079999999984,80.91182368855547,1.1226061961668712,68.0,120.34755
2020-11-18 14:00:00,-8.511269999999968,81.21449743433276,1.182844117836856,70.0,129.34636
2020-11-18 15:00:00,-8.90204,82.61222010445853,1.3328301161683829,54.0,120.82864
2020-11-18 16:00:00,-9.118259999999964,83.25348595883523,1.4059801948132318,40.0,109.37846
2020-11-18 17:00:00,-9.41816,83.89535028814748,1.4922981035770537,39.0,100.58891
2020-11-18 18:00:00,-9.67228,84.81017915286228,1.4890078104404993,42.0,103.00079
2020-11-18 19:00:00,-10.197119999999984,84.96866280078521,1.4900428130627554,30.0,107.252396
2020-11-18 20:00:00,-10.527799999999957,86.70068808153695,1.5215946096174198,19.0,112.2379
2020-11-18 21:00:00,-11.050669999999968,88.24053501358146,1.5491656805300031,14.0,115.65617
2020-11-18 22:00:00,-11.461770000000001,89.27137641830083,1.5343961783010183,19.0,126.89401
2020-11-18 23:00:00,-12.143599999999992,89.55343151511433,1.6058790221403512,19.0,127.5755
2020-11-19 00:00:00,-12.102729999999951,89.9460955978071,1.5279723579364255,23.0,132.85356
2020-11-19 01:00:00,-11.809499999999957,90.54968222865014,1.4117274027118976,24.0,146.52155
2020-11-19 02:00:00,-12.06863999999996,91.00475347470899,1.1980306209686378,29.0,110.8365
2020-11-19 03:00:00,-11.98075,90.87941251585944,1.2328561695865567,31.0,96.4389
2020-11-19 04:00:00,-11.747320000000002,88.35374213364534,1.4026664996820342,23.0,119.73865
2020-11-19 05:00:00,-11.811129999999991,85.76240092073166,1.5858602280506,28.0,199.8036
2020-11-19 06:00:00,-9.662149999999997,81.56049538029029,1.7024042023838288,34.0,259.07257
2020-11-19 07:00:00,-8.65835999999996,80.209974901772,2.0130666899845067,45.0,249.54964
2020-11-19 08:00:00,-8.524999999999977,81.12571655482529,2.0453943549834026,89.0,344.96222
2020-11-19 09:00:00,-8.709229999999991,81.91988467772566,2.0061021740661715,82.0,286.1167
2020-11-19 10:00:00,-9.139039999999966,83.35654638484644,1.6582035950432172,46.0,141.32738
2020-11-19 11:00:00,-10.30822999999998,85.88338808809718,1.4126482596678127,49.0,89.7473
2020-11-19 12:00:00,-11.197419999999966,87.96068511463055,1.072333370807952,57.0,64.95711
2020-11-19 13:00:00,-11.170399999999972,89.0921410773532,0.7335337765491801,60.0,53.431396
2020-11-19 14:00:00,-11.48751999999996,89.69664265176215,0.5047944139056106,63.0,42.146027
2020-11-19 15:00:00,-11.66028,90.11779379079236,0.4027736991878732,48.0,35.574524
2020-11-19 16:00:00,-11.488529999999969,88.65198438498314,0.3011257258835686,45.0,32.35698
2020-11-19 17:00:00,-11.235629999999958,85.21398463822302,0.11494774934788125,80.0,26.623596
2020-11-19 18:00:00,-11.13552999999996,84.93370174019431,0.3676914503340321,87.0,27.98883
2020-11-19 19:00:00,-10.574869999999976,74.96682498272243,1.2816753837464976,94.0,29.194016
2020-11-19 20:00:00,-10.425819999999987,70.71341284168578,1.4397596180404597,69.0,30.459259
2020-11-19 21:00:00,-10.402499999999975,68.55577014207091,1.3163436311705619,59.0,25.87674
2020-11-19 22:00:00,-10.64549999999997,67.83325388453332,1.4242140526392688,54.0,33.374725
2020-11-19 23:00:00,-10.764499999999998,65.70140519614208,1.4703816945478136,65.0,28.977844
2020-11-20 00:00:00,-10.744699999999966,63.23909739563112,1.5360611934090425,48.0,21.661442
2020-11-20 01:00:00,-10.59866999999997,59.411809899487075,1.7478357687026296,50.0,19.268394
2020-11-20 02:00:00,-10.637499999999989,56.5312417335127,1.836285042350472,62.0,17.150307
2020-11-20 03:00:00,-10.274360000000001,52.68521473305731,1.8188243666535586,60.0,16.962166
2020-11-20 04:00:00,-8.70659999999998,48.03857501934837,0.7757044087998276,27.0,14.884852
2020-11-20 05:00:00,-7.904359999999997,46.29445668564757,0.23527667214427359,177.0,59.255047
2020-11-20 06:00:00,-7.526099999999985,46.851209627387384,0.7732546148441376,354.0,75.13478
2020-11-20 07:00:00,-6.6701400000000035,54.29023899473061,1.2976385178560783,270.0,112.40616
2020-11-20 08:00:00,-5.91807,54.463362394476015,1.3506013186350785,171.0,141.50565
2020-11-20 09:00:00,-5.790499999999952,57.3009323363436,1.4038430522733558,117.0,143.85143
2020-11-20 10:00:00,-6.510599999999954,68.79732338110679,1.2548417601570725,129.0,104.461
2020-11-20 11:00:00,-6.865849999999966,54.651036216513106,0.7811601582538243,127.0,51.967194
2020-11-20 12:00:00,-7.1256499999999505,51.922621092861355,0.7318972123865066,187.0,31.062561
2020-11-20 13:00:00,-7.494119999999953,51.427759434143454,0.9322865533304838,258.0,24.175293
2020-11-20 14:00:00,-7.73214999999999,51.18138915434525,0.877090139521375,234.0,19.529755
2020-11-20 15:00:00,-7.931299999999965,51.0337374913454,1.12978860627063,243.0,15.09047
2020-11-20 16:00:00,-7.90889999999996,49.94269889590659,1.3543160294038974,184.0,15.012971
2020-11-20 17:00:00,-7.8814499999999725,49.35549202673738,1.4198860383466485,237.0,16.411232
2020-11-20 18:00:00,-7.897220000000004,48.58504128836501,1.5185496499706674,194.0,17.478462
2020-11-20 19:00:00,-7.957830000000001,47.379321285397175,1.5764984335328303,176.0,19.891075
2020-11-20 20:00:00,-8.231119999999976,47.106847699533795,1.622617855558557,143.0,23.457176
2020-11-20 21:00:00,-8.505499999999984,47.06286624750753,1.3804213754394887,149.0,23.677757
2020-11-20 22:00:00,-8.91534999999999,47.445474232103884,1.2473256957352763,150.0,18.43802
2020-11-20 23:00:00,-9.390839999999969,48.12706865730976,1.211924056021288,139.0,21.966105
2020-11-21 00:00:00,-9.818099999999959,48.86408532277312,0.9705182364436346,135.0,19.559917
2020-11-21 01:00:00,-10.13315,49.907133072594654,0.9271025014955196,125.0,14.825785
2020-11-21 02:00:00,-10.243539999999996,50.41167900782134,1.1223383343033864,174.0,14.246344
2020-11-21 03:00:00,-10.033849999999973,50.88285554869977,1.4557256443010442,87.0,20.237516
2020-11-21 04:00:00,-9.275980000000004,51.037785171854026,1.39865647778586,37.0,22.265472
2020-11-21 05:00:00,-8.389259999999979,51.595789724532416,1.2519242675113968,37.0,43.240814
2020-11-21 06:00:00,-8.073800000000006,62.62274978684517,1.0669417179524123,25.0,69.22575
2020-11-21 07:00:00,-5.206729999999993,56.63336142670362,0.8341135942618124,24.0,97.52887
2020-11-21 08:00:00,-4.136499999999955,52.21976494410176,0.8250693008185875,109.0,112.084946
2020-11-21 09:00:00,-3.9739699999999516,57.38501152295613,1.1018239534925034,143.0,113.789246
2020-11-21 10:00:00,-4.681069999999977,65.37992502246716,0.9446882321564515,160.0,51.992737
2020-11-21 11:00:00,-4.752299999999991,50.567050553000314,0.5695755368786333,179.0,33.081787
2020-11-21 12:00:00,-5.31741999999997,50.61378664412538,0.9587664197449872,243.0,29.764923
2020-11-21 13:00:00,-5.652839999999969,49.67095515416955,1.317197771509461,251.0,24.99228
2020-11-21 14:00:00,-5.906679999999994,48.356970787004116,1.6300683123168835,184.0,19.986496
2020-11-21 15:00:00,-5.994100000000003,46.632074909971585,1.663869854374847,220.0,17.110199
2020-11-21 16:00:00,-6.119849999999985,45.36586191462783,1.6055925360182224,180.0,17.050999
2020-11-21 17:00:00,-6.311499999999967,44.31415959464971,1.581743106685129,215.0,18.268692
2020-11-21 18:00:00,-6.451499999999953,43.19677299984811,1.5894226966404637,227.0,18.854416
2020-11-21 19:00:00,-6.671799999999962,42.87474999452291,1.908222667913543,201.0,18.49252
2020-11-21 20:00:00,-6.816559999999981,42.38801971493898,1.574838424932035,170.0,19.450146
2020-11-21 22:00:00,-7.525299999999959,42.81392593643667,1.3100916997429226,173.0,13.640318
2020-11-21 23:00:00,-7.782699999999977,42.518600945370196,1.3251837231607095,142.0,16.704136
2020-11-22 00:00:00,-7.924599999999998,41.972042576201254,1.0992646297937365,133.0,16.912514
2020-11-22 01:00:00,-7.871999999999957,41.656736278020844,1.2609613021412356,135.0,17.087425
2020-11-22 02:00:00,-7.808799999999962,40.62049387684973,1.3997274268328963,151.0,15.014416
2020-11-22 03:00:00,-7.55087999999995,39.16521622181286,1.4175654937838644,132.0,15.579418
2020-11-22 04:00:00,-6.837349999999958,37.17404140208973,1.1226549742438556,147.0,42.302578
2020-11-22 05:00:00,-6.106099999999969,36.300070368613014,0.35037663447229767,304.0,89.11151
2020-11-22 06:00:00,-5.3604499999999575,36.03035446232689,0.24086573829709237,256.0,97.73091
2020-11-22 07:00:00,-4.2751499999999965,46.1072232915085,1.2742922465831856,251.0,124.55588
2020-11-22 08:00:00,-3.8905399999999872,48.45820716007741,1.5033985284196933,257.0,153.73232
2020-11-22 09:00:00,-4.144449999999949,53.988235842085494,1.6109444369074064,226.0,144.15343
2020-11-22 10:00:00,-4.898019999999974,62.83701937752875,1.4756569454663642,238.0,121.33569
2020-11-22 11:00:00,-6.65713999999997,72.20922110912835,1.3506192662365104,244.0,86.30664
2020-11-22 12:00:00,-8.276829999999961,64.8995838322442,1.5771857107474978,247.0,34.456665
2020-11-22 13:00:00,-6.915750000000003,57.1540848212228,1.4698424189920294,229.0,21.968222
2020-11-22 14:00:00,-7.038579999999968,56.2328037504122,1.3562607312793555,222.0,13.558851
2020-11-22 15:00:00,-7.091219999999964,55.75841004251822,1.3784197021989637,274.0,13.742491
2020-11-22 22:00:00,-8.388999999999953,75.3396879558508,1.1982732196268295,47.0,11.743116
2020-11-22 23:00:00,-8.392679999999984,75.63717331158028,1.3319865836219127,26.0,12.06952
2020-11-23 00:00:00,-8.261149999999986,75.58359165311018,1.4028741803613394,30.0,12.223445
2020-11-23 01:00:00,-8.576759999999979,77.64447804986283,1.7150778829716917,27.0,16.552555
2020-11-23 02:00:00,-10.306859999999972,79.30972624985554,2.0382202078619107,38.0,24.612831
2020-11-23 03:00:00,-10.390139999999974,77.26641736472922,2.1843905745462875,24.0,34.081505
2020-11-23 04:00:00,-9.058659999999975,73.77777848482279,2.0554410167601236,47.0,51.800476
2020-11-23 05:00:00,-6.926249999999982,73.16835403230418,1.7722233861294103,51.0,84.3858
2020-11-23 06:00:00,-4.665169999999989,74.3420858175664,1.6393572071359093,21.0,126.66313
2020-11-23 07:00:00,-3.900919999999985,70.05492861771715,1.330546158851338,10.0,145.42622
2020-11-23 08:00:00,-3.4173999999999864,69.31125309162914,1.1990750174719054,21.0,146.4162
2020-11-23 09:00:00,-3.3852999999999724,77.09643153914762,0.9656244782493093,18.0,119.37901
2020-11-23 10:00:00,-2.8956399999999576,61.075682244038774,0.38856851422667243,16.0,63.931778
2020-11-23 11:00:00,-3.7827499999999645,61.68300237541003,1.2369212079030127,153.0,31.75679
2020-11-23 12:00:00,-8.147339999999986,65.93939125459049,2.36968944955861,180.0,29.011642
2020-11-23 13:00:00,-11.73539999999997,65.54013292193191,3.139887509523269,114.0,30.029373
2020-11-23 14:00:00,-15.161299999999983,69.07727262649715,3.6079621047703663,126.0,22.380554
2020-11-23 15:00:00,-16.800149999999974,73.55641479823689,3.8744019951512,208.0,16.887663
2020-11-23 16:00:00,-16.597699999999975,72.03723390997092,3.950040095645786,135.0,15.538693
2020-11-23 17:00:00,-15.816629999999975,70.2417638105009,3.9039732633524173,192.0,15.305658
2020-11-23 18:00:00,-15.036779999999965,68.55205321771734,3.825525118332686,154.0,15.418429
2020-11-23 19:00:00,-13.56741999999997,68.87537797360544,3.375012493116082,153.0,16.018093
2020-11-23 20:00:00,-12.453469999999982,67.26146645248853,3.0985389193924764,121.0,16.23788
2020-11-23 21:00:00,-11.664979999999957,64.94269179373235,2.9260911044759985,119.0,16.522625
2020-11-23 22:00:00,-10.990700000000004,60.97788330840767,2.7346115090654433,113.0,17.741436
2020-11-23 23:00:00,-10.449999999999989,52.99870706327865,2.526916369009432,109.0,18.558088
2020-11-24 00:00:00,-9.481899999999996,44.17104438748452,2.324432651581021,67.0,17.047756
2020-11-24 01:00:00,-10.728599999999972,44.41663210799467,2.6395894644359092,45.0,16.79234
2020-11-24 02:00:00,-12.239719999999977,45.44754543711834,2.994906885396934,37.0,16.427572
2020-11-24 03:00:00,-13.357919999999979,48.15705359558416,3.238103349044289,42.0,16.571753
2020-11-24 04:00:00,-12.351479999999981,55.17371888076986,3.0402184237793537,33.0,16.65041
2020-11-24 05:00:00,-8.77261999999996,54.01665474028218,2.448698480881374,38.0,15.936153
2020-11-24 06:00:00,-3.2005399999999895,35.537160977152396,1.3591224412720584,29.0,15.099186
2020-11-24 07:00:00,-2.0077999999999747,48.843124897661966,0.9471390379961286,34.0,15.410935
2020-11-24 08:00:00,-0.22152999999997292,31.733718779706017,0.39416864298493653,159.0,44.425125
2020-11-24 09:00:00,0.1907300000000305,31.929275876788292,0.3180777618220381,200.0,45.389435
2020-11-24 10:00:00,0.13350000000002638,32.2324102117213,0.6082764386849207,193.0,22.040741
2020-11-24 11:00:00,-1.830759999999998,40.324937947665454,1.4819462430608268,193.0,20.156525
2020-11-24 12:00:00,-6.602729999999951,53.53955214873445,2.714646171150423,224.0,22.877178
2020-11-24 13:00:00,-9.81129999999996,51.66046799350974,3.558290487873426,289.0,21.311657
2020-11-24 14:00:00,-12.876779999999997,62.95272953969462,3.8798694408633203,240.0,16.85839
2020-11-24 15:00:00,-13.858469999999954,65.73058427725552,4.032267731398048,198.0,16.204433
2020-11-24 16:00:00,-13.683999999999969,65.04963719477446,4.08770023790541,187.0,15.720368
2020-11-24 17:00:00,-13.361729999999966,64.07307944354532,4.074508721279095,168.0,15.694737
2020-11-24 18:00:00,-13.09201999999999,62.960961161948404,4.055501483422852,110.0,15.540573
2020-11-24 19:00:00,-12.683999999999969,63.214481396446274,4.036164087390236,112.0,15.536394
2020-11-24 20:00:00,-11.94932,62.69081766007062,3.9077234353946286,42.0,15.591216
2020-11-24 21:00:00,-11.123049999999978,63.3174164714551,3.7792695497095363,34.0,15.4499655
2020-11-24 22:00:00,-10.55087999999995,63.59880707123982,3.711202507111328,20.0,15.5937
2020-11-24 23:00:00,-10.169780000000003,64.46319162648622,3.6422254290876666,7.0,15.484343
2020-11-25 00:00:00,-9.654699999999991,65.83707631940764,3.587767600829581,25.0,16.025526
2020-11-25 01:00:00,-9.961279999999988,65.67455840609945,3.689243914831464,14.0,16.472591
2020-11-25 02:00:00,-10.250399999999956,66.11711646021405,3.7382765266358073,15.0,16.979797
2020-11-25 03:00:00,-10.213169999999991,66.02142255054468,3.730959845795054,27.0,17.070538
2020-11-25 04:00:00,-8.497899999999959,66.81717517099716,3.3542297359685396,22.0,16.309181
2020-11-25 05:00:00,-5.626559999999984,67.88427055172988,2.689379205269149,20.0,15.217665
2020-11-25 06:00:00,-1.8196800000000053,57.064862956092284,1.591687883683828,333.0,14.682008
2020-11-25 07:00:00,1.6839800000000196,30.6014031627867,0.6404928312101003,320.0,82.04833
2020-11-25 08:00:00,1.4484500000000367,54.67832171781353,1.1402191503245154,119.0,118.68208
2020-11-25 09:00:00,1.1587499999999977,61.63965246719616,1.1925222370443664,92.0,106.163574
2020-11-25 10:00:00,0.6264600000000087,63.70197545461328,1.1079019361284081,88.0,68.249054
2020-11-25 11:00:00,-0.7847699999999804,56.3204352242459,1.44640835415637,56.0,40.8423
2020-11-25 12:00:00,-1.9350299999999834,52.8112487405926,1.6885147202323854,61.0,21.689312
2020-11-25 13:00:00,-1.2791499999999587,44.388548899170445,1.501459559333538,95.0,19.425646
2020-11-25 14:00:00,-0.1349999999999909,37.22401709421506,1.2542740208088645,59.0,16.256313
2020-11-25 15:00:00,-0.3500699999999597,36.912281248359434,1.293382727786989,53.0,15.192645
2020-11-25 16:00:00,-0.6999299999999948,36.5924529109744,1.5748812004611803,71.0,15.084213
2020-11-25 17:00:00,-0.8813199999999597,35.782932195059395,1.7233140020916766,133.0,15.566436
2020-11-25 18:00:00,-0.865099999999984,35.27012794921728,1.5121808627301299,42.0,18.719475
2020-11-25 19:00:00,-1.0399799999999573,39.276646318931384,1.3041164933464426,50.0,27.4466
2020-11-25 21:00:00,-1.533299999999997,42.02713747308245,0.4972500404202658,33.0,18.83096
2020-11-25 22:00:00,-1.7856199999999944,43.85098003661773,0.6348547732617926,38.0,19.492476
2020-11-25 23:00:00,-2.6142999999999574,47.040714925524064,1.1373220012165681,19.0,24.541138
2020-11-26 00:00:00,-3.651999999999987,49.50520143906393,1.68826437607649,10.0,25.600983
2020-11-26 01:00:00,-6.043430000000001,55.4744806837523,2.0891450814851993,19.0,27.079712
2020-11-26 02:00:00,-8.03091999999998,61.44989199492282,2.5045895402927503,26.0,26.014496
2020-11-26 03:00:00,-8.838840000000005,65.76964393138594,2.7631883006015676,19.0,27.408554
2020-11-26 04:00:00,-6.9644799999999805,64.63168085536054,2.4449928312695004,20.0,22.268463
2020-11-26 05:00:00,-2.740759999999966,55.99670476813374,1.6825740502152915,17.0,25.451187
2020-11-26 06:00:00,-1.175329999999974,65.96689629226113,1.635771100323267,13.0,147.08722
2020-11-26 07:00:00,1.395399999999995,56.24586363523676,1.5907222980653613,13.0,181.84569
2020-11-26 08:00:00,1.5617300000000114,63.54658624840321,1.6054186115265827,21.0,186.57549
2020-11-26 09:00:00,1.4799399999999991,68.9086001583528,1.3995753468297087,17.0,185.79459
2020-11-26 10:00:00,1.8155000000000427,57.26236154602575,1.053584341845991,21.0,89.111786
2020-11-26 11:00:00,-0.6417999999999893,58.08067838759401,1.8404021402711799,61.0,56.346497
2020-11-26 12:00:00,-4.430520000000001,62.34793066450092,3.0823976356492,86.0,45.781143
2020-11-26 13:00:00,-7.161299999999983,67.03667400803482,3.585069349625824,29.0,33.615936
2020-11-26 14:00:00,-7.770729999999958,73.39127297506381,3.6896951275241094,44.0,31.090881
2020-11-26 15:00:00,-6.943639999999959,73.3412530250541,3.7487280900747066,30.0,29.061111
2020-11-26 16:00:00,-5.5392799999999625,72.91184356459283,3.667323122214852,4.0,27.443176
2020-11-26 17:00:00,-4.292759999999987,72.41081246417089,3.573381431558277,8.0,28.420288
2020-11-26 18:00:00,-3.6673999999999864,71.47986024519528,3.5809861004404704,13.0,29.781097
2020-11-26 19:00:00,-3.2368999999999915,72.77918466989064,3.777058134303054,11.0,29.334564
2020-11-26 20:00:00,-2.6017499999999814,73.5533816431002,3.7019551869519627,6.0,30.120758
2020-11-26 21:00:00,-1.8973799999999983,74.53838473134697,3.6097186258449003,3.0,30.238327
2020-11-26 22:00:00,-1.433749999999975,74.47521721425264,3.597968465664013,2.0,35.994278
2020-11-26 23:00:00,-1.255959999999959,74.7419612026421,3.597380364862281,0.0,35.402374
2020-11-27 00:00:00,-0.8530599999999708,75.6955289549345,3.53271376422345,3.0,31.985886
2020-11-27 01:00:00,-0.9496999999999503,75.6318976387441,3.549675908100557,5.0,26.656372
2020-11-27 02:00:00,-1.1093999999999937,75.52320911757258,3.5742989094332493,9.0,24.327179
2020-11-27 03:00:00,-0.9518799999999601,74.40241074871165,3.5282888490269633,21.0,23.951538
2020-11-27 04:00:00,0.5658500000000117,73.97634075027278,3.1252128357167486,32.0,26.852448
2020-11-27 05:00:00,2.4422500000000014,71.80081982557674,2.6153096420230555,35.0,36.61685
2020-11-27 06:00:00,4.310630000000003,65.26975850647898,1.756122992260911,5.0,57.341217
2020-11-27 07:00:00,7.191370000000006,52.11988672610095,1.3782606100327408,12.0,67.08978
2020-11-27 08:00:00,9.254850000000033,40.13965483093874,0.25333165408741204,21.0,86.0329
2020-11-27 09:00:00,8.95944000000003,41.478312846732024,0.6605823415725556,51.0,66.45485
2020-11-27 10:00:00,7.495750000000044,47.07927819555869,1.3651411568649778,111.0,78.51996
2020-11-27 11:00:00,6.365600000000029,50.0600016787577,1.6141346820772824,45.0,72.69064
2020-11-27 12:00:00,6.412260000000003,47.44281764104683,1.576054859480307,66.0,68.16957
2020-11-27 13:00:00,6.448500000000024,43.91563505024633,1.6350891287659064,65.0,68.73932
2020-11-27 14:00:00,3.179680000000019,55.193951520092334,2.25468346430685,125.0,66.798965
2020-11-27 15:00:00,2.165770000000009,58.06765407192636,2.4942229965220615,151.0,53.31346
2020-11-27 16:00:00,2.803200000000004,53.11702122404912,2.2696085684889455,124.0,57.048004
2020-11-27 17:00:00,5.752900000000011,43.47497443549194,1.8022962685234702,90.0,52.379837
2020-11-27 18:00:00,3.3196700000000305,50.76803680849584,2.202826300584286,72.0,55.678772
2020-11-27 19:00:00,2.2368700000000104,54.599937512071676,2.2490557303783847,44.0,73.367226
2020-11-27 20:00:00,-0.48355999999995447,65.7775467717329,2.9820921454656912,47.0,73.43558
2020-11-27 21:00:00,-0.7829699999999775,71.6205750288581,3.2599038722938722,21.0,65.869705
2020-11-27 22:00:00,-0.7761600000000044,77.58253499144674,3.468554984270494,37.0,67.70502
2020-11-27 23:00:00,-0.6196999999999662,80.12397486294219,3.6365415888191954,7.0,60.78795
2020-11-28 00:00:00,-0.17205999999998767,80.3626845057537,3.5611349372696988,17.0,49.59343
2020-11-28 01:00:00,0.715660000000014,77.84767169689897,3.1269723849727167,17.0,50.237564
2020-11-28 02:00:00,2.0897500000000377,70.8854590576504,3.502207891988171,12.0,150.00327
2020-11-28 03:00:00,1.1391800000000103,79.17010797559269,3.8372958655567135,21.0,379.41284
2020-11-28 04:00:00,-0.26909999999998035,94.41358280398981,1.45591451340385,9.0,250.09537
2020-11-28 05:00:00,-0.2813499999999749,98.58049398653911,1.4768022359428066,7.0,152.13957
2020-11-28 06:00:00,-0.5354999999999563,98.89667171121799,1.894318985363443,18.0,258.28595
2020-11-28 07:00:00,-1.0417799999999602,97.40091107976808,2.263869690742553,13.0,356.8184
2020-11-28 08:00:00,-1.6727699999999572,96.04815142008827,1.9069689212120184,16.0,316.091
2020-11-28 09:00:00,-1.9914299999999798,93.69356787924552,2.103430897890059,9.0,164.00667
2020-11-28 10:00:00,-2.1391399999999976,93.59304253188729,2.380124490892241,9.0,155.20094
2020-11-28 11:00:00,-2.776899999999955,94.38229737638665,2.170234939875038,20.0,145.48828
2020-11-28 12:00:00,-3.0943399999999883,92.28510875304008,1.9251727044272433,17.0,107.205414
2020-11-28 13:00:00,-3.3851699999999596,91.64975971370784,1.733273985318952,27.0,111.0506
2020-11-28 14:00:00,-3.8550500000000056,92.05573536559606,1.6234230084203325,21.0,126.80768
2020-11-28 15:00:00,-4.6406599999999685,92.85263222466811,1.479737526601353,13.0,91.17021
2020-11-28 16:00:00,-5.336369999999988,93.41576651459867,1.4914882590489944,15.0,67.474045
2020-11-28 17:00:00,-5.692539999999951,94.5310830761637,1.426153886898445,12.0,71.46791
2020-11-28 18:00:00,-6.14609999999999,95.6911385780012,1.4463654913313753,8.0,70.14577
2020-11-28 19:00:00,-6.149569999999983,95.18172763647411,1.5488619563816146,8.0,82.03793
2020-11-28 20:00:00,-6.529099999999971,95.12573074602793,1.5332497268718654,6.0,78.14052
2020-11-28 21:00:00,-6.810679999999991,93.89253454806214,1.5015562310447017,2.0,67.71011
2020-11-28 22:00:00,-7.187399999999968,93.21686734636242,1.5615519541443121,1.0,62.977936
2020-11-28 23:00:00,-7.127199999999959,92.44840319785892,1.4744070265119669,5.0,73.2802
2020-11-29 00:00:00,-7.02189999999996,92.13790853975806,1.3346643972639298,5.0,85.241165
2020-11-29 01:00:00,-8.234299999999962,90.51926762591928,1.4472414040453685,2.0,95.45473
2020-11-29 02:00:00,-8.541299999999978,86.59387293443217,1.6122738506910272,0.0,94.360825
2020-11-29 03:00:00,-8.855869999999982,83.5876731030721,1.7351955942766746,1.0,78.62875
2020-11-29 04:00:00,-7.22226999999998,76.41846459919842,1.4724100659701835,20.0,79.79889
2020-11-29 05:00:00,-5.462229999999977,69.95548342964146,1.072220800991705,7.0,47.971664
2020-11-29 06:00:00,-4.848179999999957,67.23930070264028,0.9666881530275813,11.0,90.87129
2020-11-29 07:00:00,-5.636359999999968,74.7571662255892,1.2510325112668057,34.0,105.54753
2020-11-29 08:00:00,-5.3707299999999805,74.53985609361915,1.2217650059166205,66.0,121.90132
2020-11-29 09:00:00,-5.273899999999969,74.566592442771,1.2171331924799118,27.0,117.03783
2020-11-29 10:00:00,-5.094099999999969,74.12815970719986,0.9309579604021239,22.0,81.57681
2020-11-29 11:00:00,-5.682699999999954,76.19247156788877,0.43707160138360773,32.0,60.92276
2020-11-29 12:00:00,-5.913729999999987,75.5988012771373,1.1007579965979875,32.0,23.908249
2020-11-29 13:00:00,-5.992469999999969,71.6827248293734,1.6862900690970162,28.0,16.307367
2020-11-29 14:00:00,-8.423739999999952,72.41954472294967,2.1328150136617707,23.0,19.641884
2020-11-29 15:00:00,-10.324439999999981,72.17090400044106,2.4983601302366414,26.0,22.146492
2020-11-29 16:00:00,-10.202979999999968,67.21936106078616,2.5356138511661324,40.0,22.74125
2020-11-29 17:00:00,-9.78643999999997,63.3453527846285,2.4984318499497373,47.0,22.50346
2020-11-29 18:00:00,-9.66247999999996,60.849735281605746,2.4796595868968714,60.0,23.413101
2020-11-29 19:00:00,-5.466129999999964,48.65958485679903,1.8148242565533694,41.0,24.333733
2020-11-29 20:00:00,-5.346299999999985,48.07623797222934,1.5034449266060508,42.0,26.845798
2020-11-29 21:00:00,-5.565219999999954,47.920120696294155,1.7598589292522375,46.0,28.78648
2020-11-29 22:00:00,-5.59742,46.99541063148042,1.942002416625255,62.0,26.389452
2020-11-29 23:00:00,-6.170199999999966,46.77021823464851,2.1421444800922678,60.0,33.119698
2020-11-30 00:00:00,-7.585119999999961,47.52114781226024,2.351058060934098,58.0,32.076477
2020-11-30 01:00:00,-7.945699999999988,45.952533147694126,2.4226534481003448,54.0,27.168077
2020-11-30 02:00:00,-9.19565,46.16996938671074,2.5883048107431046,61.0,24.339443
2020-11-30 03:00:00,-9.879129999999975,45.02183242646096,2.695229457704437,51.0,23.545378
2020-11-30 04:00:00,-7.3311199999999985,38.11833882041156,2.3756743110986425,54.0,23.479965
2020-11-30 05:00:00,-3.701499999999953,30.764769489592307,1.4712234935840443,59.0,31.707144
2020-11-30 06:00:00,-3.1332799999999565,30.195150484722863,0.6216277049306503,71.0,86.7642
2020-11-30 07:00:00,-3.5662599999999998,31.85165843920119,0.29802911607133836,87.0,107.80769
2020-11-30 08:00:00,-3.19459999999998,33.20602395769457,0.3090358270723458,122.0,30.423203
2020-11-30 09:00:00,-2.6900999999999726,33.06747168569365,0.34482056402256517,112.0,24.843811
2020-11-30 10:00:00,-2.661049999999989,32.7564654535408,0.7817552695403585,117.0,19.066357
2020-11-30 11:00:00,-3.3292599999999766,33.12386095540041,1.6979079489234739,123.0,16.944027
2020-11-30 12:00:00,-8.046799999999962,40.632711695250634,2.6035527600197406,206.0,22.134434
2020-11-30 13:00:00,-10.11355999999995,40.800635364119984,3.0669676684207507,283.0,22.974657
2020-11-30 14:00:00,-11.918219999999963,41.15283355315798,3.4062716020282617,264.0,22.557129
2020-11-30 15:00:00,-13.789649999999995,45.09079345417365,3.665294810546202,205.0,21.30553
2020-11-30 16:00:00,-14.914529999999957,51.81313040061128,3.80694640902041,134.0,18.791513
2020-11-30 17:00:00,-15.112769999999955,54.56865506937764,3.793322546766473,194.0,18.105774
2020-11-30 18:00:00,-14.702459999999974,54.64238751878495,3.7314656704442326,86.0,17.81202
2020-11-30 19:00:00,-14.609839999999963,54.15294792167442,3.619012866952657,113.0,17.698914
2020-11-30 20:00:00,-13.900029999999958,50.95318611231235,3.5236552210838026,193.0,17.311348
2020-11-30 21:00:00,-13.110569999999996,47.61139037192549,3.437336664262784,234.0,17.400494
2020-11-30 22:00:00,-12.409099999999967,44.972964557531455,3.380612368350138,206.0,18.01897
2020-12-01 00:00:00,-10.827200000000005,38.77340072139115,3.2387537453959916,90.0,18.221764
2020-12-01 01:00:00,-9.903779999999983,34.75109918714461,3.1632799757848264,8.0,17.791553
2020-12-01 02:00:00,-8.757419999999968,31.30296787166476,3.014113807008357,45.0,17.861511
2020-12-01 03:00:00,-7.09069999999997,27.279776272934665,2.8134767733316957,57.0,18.000362
2020-12-01 04:00:00,-3.016300000000001,21.02177915981674,2.2398978912430096,84.0,17.940554
2020-12-01 05:00:00,-0.27737999999999374,17.930646681112403,1.8525747364692875,480.0,16.874153
2020-12-01 06:00:00,1.20840000000004,17.44418827964354,1.4437793020554321,459.0,16.85579
2020-12-01 07:00:00,1.975500000000011,25.10235115278755,0.5670942897768367,319.0,14.854025
2020-12-01 08:00:00,2.336270000000013,23.822555832539077,0.25068289649293685,358.0,18.889816
2020-12-01 09:00:00,2.441500000000019,24.276109911505475,0.5665982068794191,340.0,17.556885
2020-12-01 10:00:00,2.078700000000026,24.441970440760066,1.3173975584355127,287.0,20.917862
2020-12-01 11:00:00,-0.7460399999999936,31.880138288075607,2.0268510021336104,274.0,20.88436
2020-12-01 12:00:00,-4.491919999999993,39.91129879574685,2.837645489579014,280.0,23.416607
2020-12-01 13:00:00,-6.876800000000003,45.70646202639159,3.332353009454511,296.0,20.361847
2020-12-01 14:00:00,-8.748400000000004,56.22099158984144,3.655949481603478,117.0,17.732372
2020-12-01 15:00:00,-9.424350000000004,66.10665693070703,3.8214353478796985,121.0,17.134815
2020-12-01 16:00:00,-9.878799999999956,70.63163357998195,3.9484693939780215,44.0,16.970446
2020-12-01 17:00:00,-9.95999999999998,72.02796570486265,4.000531265105308,38.0,17.209824
2020-12-01 18:00:00,-9.646029999999996,72.9454133144158,3.9808735163389266,38.0,17.839912
2020-12-01 19:00:00,-8.568579999999997,75.35892797071023,4.109198854709715,56.0,17.80319
2020-12-01 20:00:00,-7.785069999999962,75.0931868617436,4.081663438348496,28.0,18.054253
2020-12-01 21:00:00,-7.112899999999968,75.49291223383129,4.038526070822991,7.0,18.220047
2020-12-01 22:00:00,-6.618749999999977,75.97481205082545,4.032615389775636,20.0,19.975262
2020-12-01 23:00:00,-6.720769999999959,76.16807827944923,4.101061166210591,1.0,20.770802
2020-12-02 00:00:00,-6.421199999999999,76.66325048389388,4.105043395638564,1.0,20.743156
2020-12-02 01:00:00,-6.101599999999962,77.31014785372459,4.141257683419961,0.0,22.02527
2020-12-02 02:00:00,-6.1001999999999725,76.90888691541102,4.180520873660921,4.0,22.301085
2020-12-02 03:00:00,-5.675759999999968,76.55035067244084,4.124667530408479,5.0,21.47731
2020-12-02 04:00:00,-4.230930000000001,75.70515080303659,3.7987046699451996,17.0,19.142368
2020-12-02 05:00:00,-2.3220000000000027,74.71219047889693,3.346472900410483,27.0,18.041508
2020-12-02 06:00:00,-0.5609499999999912,73.743880484416,2.755099844361583,11.0,16.700335
2020-12-02 07:00:00,0.8173000000000457,71.63620558862956,2.4393477541948263,20.0,16.628815
2020-12-02 08:00:00,4.9903000000000475,48.18830623503079,1.502715434925235,186.0,15.276897
2020-12-02 09:00:00,6.657800000000009,39.25472790413914,0.7630976388689272,147.0,16.033386
2020-12-02 10:00:00,6.458250000000021,38.711851453274654,1.1721426727085236,81.0,16.604568
2020-12-02 11:00:00,4.193100000000015,44.20177762327239,1.8182985888705585,37.0,20.360546
2020-12-02 12:00:00,0.8541500000000042,52.22279975177648,2.4424699306337883,39.0,25.138054
2020-12-02 13:00:00,-0.720739999999978,53.71650103282478,2.7923221251783366,95.0,23.524818
2020-12-02 14:00:00,-1.6227799999999775,54.23371348628797,2.926297585961766,174.0,19.72726
2020-12-02 15:00:00,-2.1946800000000053,55.49493741126289,2.98215313227308,156.0,18.131933
2020-12-02 16:00:00,-2.79789999999997,57.65513622836472,3.0577519039942347,55.0,17.804483
2020-12-02 17:00:00,-3.8190399999999727,58.59052714024036,3.1917622059552815,23.0,18.088657
2020-12-02 18:00:00,-4.371559999999988,62.50691414744813,3.2639310485136783,24.0,18.331196
2020-12-02 19:00:00,-5.918299999999988,82.19419684601168,3.7276733141724248,11.0,18.550652
2020-12-02 20:00:00,-5.192199999999957,80.7697524700674,3.6752503328615758,7.0,18.083284
2020-12-02 21:00:00,-5.308569999999975,80.51731694276806,3.7892363017025237,2.0,17.83033
2020-12-02 22:00:00,-5.431979999999953,80.51315687487096,3.884699254541756,0.0,21.540192
2020-12-02 23:00:00,-5.016399999999976,80.60937631878029,3.8324813291786133,1.0,21.184982
2020-12-04 00:00:00,-0.8199199999999678,61.943144390009536,1.4419298868574062,44.0,25.499893
2020-12-04 01:00:00,-1.305119999999988,65.74785176819871,1.5269714246168098,93.0,31.983276
2020-12-04 02:00:00,-1.649630000000002,70.08863196320132,1.5114132726731295,97.0,35.387848
2020-12-04 03:00:00,-1.9393399999999588,74.15277393119733,1.5526097137270911,77.0,49.191696
2020-12-04 04:00:00,-2.713899999999967,79.28558497226719,1.538864080604577,87.0,85.979294
2020-12-04 05:00:00,-3.427069999999958,83.96013047253513,1.5344847503185175,64.0,121.56854
2020-12-04 06:00:00,-3.376800000000003,89.24437028201105,1.510011702464908,48.0,142.83224
2020-12-04 07:00:00,-1.7980699999999956,92.43883923387652,1.939517799427662,45.0,161.29326
2020-12-04 08:00:00,-1.2807399999999802,93.58384260458054,1.768875864293931,44.0,183.40726
2020-12-04 09:00:00,-1.5015300000000025,94.53735197134245,1.5848931525746206,40.0,150.76637
2020-12-04 10:00:00,-2.123999999999967,95.98307593073315,1.4621734338055892,51.0,105.92799
2020-12-04 11:00:00,-3.2561399999999594,96.66638651945291,1.4626557808368712,39.0,90.224976
2020-12-04 12:00:00,-3.3927400000000034,96.80980429576886,1.1474932709313612,45.0,49.723312
2020-12-04 13:00:00,-2.717749999999967,97.11907453797578,0.5522792576948822,37.0,32.479156
2020-12-04 14:00:00,-2.839179999999999,97.71339387904378,0.36933854774013003,33.0,32.261246
2020-12-04 15:00:00,-3.168700000000001,98.23726150513951,0.9707741060410552,26.0,52.513382
2020-12-04 16:00:00,-3.2290399999999977,97.95929707655796,1.1699172190402185,22.0,67.92764
2020-12-04 17:00:00,-3.3254799999999705,97.47763267175213,0.9932946418558165,16.0,70.241776
2020-12-04 18:00:00,-3.6701999999999657,97.02973027338729,0.6321213435961797,2.0,59.587585
2020-12-04 19:00:00,-3.367649999999969,98.09381216495146,0.2524363611981469,8.0,55.030075
2020-12-04 20:00:00,-3.5669299999999566,97.92587280396704,0.10148930963848424,26.0,51.760773
2020-12-04 21:00:00,-3.7649999999999864,97.33960984758458,0.44449539312137487,50.0,50.72026
2020-12-04 22:00:00,-3.946259999999995,95.4716400730344,0.7833245537254977,47.0,40.951523
2020-12-04 23:00:00,-4.043859999999995,91.0841556599459,1.1207307757511837,21.0,49.49411
2020-12-05 00:00:00,-3.9639999999999986,85.88762521486204,1.196910542370426,21.0,51.518845
2020-12-05 01:00:00,-4.597080000000005,85.68920532829085,1.6003863486633947,38.0,51.949036
2020-12-05 02:00:00,-7.063699999999983,89.20345547937092,2.0636187798058874,44.0,57.637405
2020-12-05 03:00:00,-8.841070000000002,89.22073192694265,2.361213365451682,41.0,84.08661
2020-12-05 04:00:00,-8.836099999999988,87.62518221024887,2.2897386095664225,35.0,106.89636
2020-12-05 05:00:00,-7.902319999999975,88.18168536392334,2.1579748830582646,22.0,131.33687
2020-12-05 06:00:00,-7.045939999999973,88.67255073547841,2.0144626565247816,35.0,186.39777
2020-12-05 07:00:00,-6.314979999999991,87.6572606889193,2.042263585612839,41.0,189.57687
2020-12-05 08:00:00,-5.829499999999996,87.71746739569939,1.8385849187409866,52.0,183.8384
2020-12-05 09:00:00,-5.493839999999977,86.31263258346219,1.5770816102363567,62.0,147.25688
2020-12-05 10:00:00,-5.288239999999973,84.02301983493349,1.3802629086863814,56.0,124.4337
2020-12-05 11:00:00,-4.751170000000002,82.22310278217942,1.0040313770294131,59.0,81.7661
2020-12-05 12:00:00,-4.8972799999999665,81.11148964151155,0.9594272973233532,71.0,47.667755
2020-12-05 22:00:00,-14.621739999999988,73.37645471420336,3.292526230677876,27.0,24.49054
2020-12-05 23:00:00,-14.234099999999955,72.35883817721573,3.169749423021646,60.0,23.797104
2020-12-06 00:00:00,-13.72829999999999,71.10362387855866,3.0685774216951347,74.0,23.694946
2020-12-06 01:00:00,-13.014259999999979,68.0469457146915,2.9593664664482433,32.0,22.542847
2020-12-06 02:00:00,-11.977449999999976,62.56862182375565,2.841959102144499,28.0,21.231674
2020-12-06 03:00:00,-9.605999999999995,53.903108387161595,2.559074737753424,30.0,21.97293
2020-12-06 04:00:00,-5.0490199999999845,43.36861897062832,1.865181230067293,51.0,21.184647
2020-12-06 05:00:00,-3.6071000000000026,41.82716584932705,1.3398025577945514,64.0,22.136185
2020-12-06 06:00:00,-2.828399999999988,42.36784167046436,0.826890093489538,72.0,30.503677
2020-12-06 07:00:00,-1.4487699999999677,38.1180118325322,0.607757340783137,81.0,96.62186
2020-12-06 08:00:00,-1.2576699999999619,39.47389593601281,0.732297353613724,48.0,127.25093
2020-12-06 09:00:00,-1.2161600000000021,40.94161183938518,0.5655327428730191,94.0,95.805695
2020-12-06 10:00:00,-1.4823399999999651,42.35018499303116,0.38037778051075455,96.0,41.35856
2020-12-06 11:00:00,-1.8550799999999867,42.41528566736282,0.6287666882288294,98.0,44.453217
2020-12-06 12:00:00,-2.364779999999996,42.62215525775469,1.2258545253506454,138.0,34.145798
2020-12-06 13:00:00,-2.602199999999982,42.19172859047712,1.6561714774742264,196.0,35.436783
2020-12-06 14:00:00,-2.7987999999999715,41.71777410013847,1.8359082945758125,80.0,35.01233
2020-12-06 15:00:00,-3.531599999999969,42.506806317785326,1.9431169000393873,54.0,31.176926
2020-12-06 16:00:00,-5.409220000000005,46.03770994700799,2.2543152408250826,48.0,28.4487
2020-12-06 17:00:00,-7.469339999999988,50.25240172032267,2.5535664738495876,42.0,26.941177
2020-12-06 18:00:00,-6.960519999999974,48.781869114330924,2.4997638865428584,17.0,25.395676
2020-12-06 19:00:00,-14.491859999999974,67.60487887827041,3.63261802578675,17.0,25.339966
2020-12-06 20:00:00,-13.375699999999995,65.38781494348831,3.3416378117880567,20.0,24.76593
2020-12-06 21:00:00,-11.203219999999988,58.640040704201496,2.879883921175022,15.0,23.928345
2020-12-06 22:00:00,-7.056619999999953,46.202824593956855,2.334534531158631,49.0,24.594849
2020-12-06 23:00:00,-5.0752599999999575,42.78623295560476,1.89539354584903,26.0,25.296982
2020-12-07 00:00:00,-5.61215999999996,44.89340621343091,1.8551992155636547,30.0,30.147202
2020-12-07 01:00:00,-5.895179999999982,45.226934636614466,1.7135916131337339,43.0,29.303814
2020-12-07 02:00:00,-6.113069999999993,46.47654095579755,1.6314339625937824,63.0,24.359268
2020-12-07 03:00:00,-6.424049999999966,47.73235533082916,1.761111036959862,69.0,21.95488
2020-12-07 04:00:00,-6.095899999999972,47.16496260089011,1.4760269470620828,87.0,20.352005
2020-12-07 05:00:00,-5.514319999999998,46.17142411127106,0.713681660950908,104.0,35.8627
2020-12-07 06:00:00,-5.103340000000003,47.02004650949254,0.7046185639794879,141.0,87.53053
2020-12-07 07:00:00,-5.312399999999968,55.191488750076466,0.9185128381200393,155.0,101.7657
2020-12-07 08:00:00,-5.079139999999995,57.380589261037585,0.7084162102567982,176.0,118.09303
2020-12-07 09:00:00,-4.9380199999999945,58.73223105901854,0.666320993233407,177.0,107.60184
2020-12-07 10:00:00,-5.127970000000005,60.8756205760227,0.3721052253880585,187.0,55.490448
2020-12-07 11:00:00,-5.209139999999991,62.22741757659585,0.3919475822143345,189.0,34.62854
2020-12-07 12:00:00,-5.407420000000002,63.563956335926875,0.7210717320104457,205.0,25.865551
2020-12-07 13:00:00,-5.509799999999984,62.08025623211364,1.0116801378578748,211.0,24.067429
2020-12-07 14:00:00,-5.483859999999993,61.512482901768905,0.8758710218129534,239.0,28.204193
2020-12-07 15:00:00,-5.589579999999955,61.58859824269509,0.8082954552225582,374.0,32.750565
2020-12-07 16:00:00,-5.692799999999977,61.51570278516996,0.8290946396640856,186.0,36.41664
2020-12-07 17:00:00,-6.0242999999999824,61.686007154901255,1.03014607580184,142.0,29.456543
2020-12-07 18:00:00,-6.485359999999957,62.054750257759366,1.3267479920112137,116.0,34.407867
2020-12-07 19:00:00,-5.965549999999951,54.29162560555318,1.300742137566944,122.0,32.77066
2020-12-07 20:00:00,-6.242959999999982,54.625647556326136,1.3368777490178276,131.0,28.682755
2020-12-07 21:00:00,-6.284099999999967,55.34169193412834,0.9813387917086752,133.0,20.931992
2020-12-07 22:00:00,-6.355439999999987,56.00260920176592,0.8584690810745205,144.0,16.534866
2020-12-07 23:00:00,-6.292059999999992,55.25084231952821,0.8951092334522677,159.0,33.202896
2020-12-08 00:00:00,-6.287199999999984,54.70802347823645,0.9729999024560613,161.0,23.062042
2020-12-08 01:00:00,-6.1200999999999794,53.00455264512029,1.3458628134920454,166.0,25.455872
2020-12-08 02:00:00,-5.85696999999999,51.01874890156826,1.373477558157507,171.0,19.311432
2020-12-08 03:00:00,-5.9379599999999755,50.454025788426414,1.733480068945223,273.0,20.109818
2020-12-08 04:00:00,-5.085549999999955,46.80144221120357,1.3544424377076512,306.0,18.123184
2020-12-08 05:00:00,-4.410679999999957,44.39286303408228,0.8416577485146918,390.0,32.057846
2020-12-08 06:00:00,-4.022799999999961,44.135533114146384,1.0400666413527262,289.0,69.03993
2020-12-08 07:00:00,-2.5197199999999498,42.22383653339401,1.1331403998365974,241.0,91.56673
2020-12-08 08:00:00,-2.6384599999999523,44.32751463450606,1.3328865340352463,246.0,100.94002
2020-12-08 09:00:00,-2.7655399999999872,47.070790416788356,1.3672878596002442,234.0,92.341446
2020-12-08 10:00:00,-2.929049999999961,48.880712777624375,1.3437151229926692,196.0,63.12401
2020-12-08 11:00:00,-3.026769999999999,49.07004851719495,1.4565107797228967,195.0,77.8712
2020-12-08 12:00:00,-2.905370000000005,48.18743642010504,1.4248141431183514,189.0,43.25154
2020-12-08 13:00:00,-3.1415799999999763,48.15122761762122,1.3664050310804419,185.0,26.482687
2020-12-08 14:00:00,-3.1492700000000013,47.05093479573987,1.4519173083491297,202.0,16.708012
2020-12-08 15:00:00,-3.057619999999986,45.80283758649429,1.4992843600877697,225.0,13.854748
2020-12-08 16:00:00,-3.000159999999994,44.95302066785321,1.6200576149878128,189.0,14.270009
2020-12-08 17:00:00,-2.970100000000002,44.10799176070679,1.6704918277198229,84.0,15.272637
2020-12-08 18:00:00,-2.9325299999999856,43.42306493375806,1.687155431825898,69.0,18.589775
2020-12-08 19:00:00,-3.979469999999992,45.383919550571896,2.139691277579254,45.0,20.338184
2020-12-08 20:00:00,-4.954599999999971,47.49203664183123,2.362775074209175,26.0,20.898293
2020-12-08 21:00:00,-5.136269999999968,48.1588998909647,2.407325815659553,30.0,21.141582
2020-12-08 22:00:00,-4.519999999999982,47.32825107425682,2.3366417371617607,39.0,19.548134
2020-12-08 23:00:00,-4.821499999999958,48.42495109572219,2.378236941450978,12.0,20.364738
2020-12-09 00:00:00,-4.726020000000005,48.53242297902703,2.3817973883348746,13.0,20.46187
2020-12-09 01:00:00,-5.9248699999999985,51.78551917109763,2.5855940292986914,24.0,21.68201
2020-12-09 02:00:00,-7.692899999999952,55.84311302946263,2.8494751736514368,17.0,20.765816
2020-12-09 03:00:00,-8.81653,58.5561008652307,3.0502707840706083,21.0,19.461145
2020-12-09 04:00:00,-6.575779999999952,53.59153097566875,2.664156764610071,32.0,17.319431
2020-12-09 05:00:00,-1.0970800000000054,41.61236556000213,1.5615723010607132,23.0,16.947535
2020-12-09 06:00:00,-0.41427999999996246,40.19576832417348,0.893984104395801,472.0,20.670868
2020-12-09 07:00:00,-0.2715199999999527,45.377657303976605,0.9411401414136512,78.0,85.1485
2020-12-09 08:00:00,-0.055499999999995,45.63122614068318,0.9572785260716264,68.0,102.91492
2020-12-09 09:00:00,-0.22967999999997346,47.00697830331187,0.8212393110442342,64.0,76.75955
2020-12-09 10:00:00,-0.6389999999999532,48.38871254873304,0.6156095872472797,111.0,23.576424
2020-12-09 11:00:00,-1.0678499999999644,48.95174002273121,1.0160777729828105,164.0,17.616642
2020-12-09 12:00:00,-1.5635999999999513,48.91565979148425,1.5238131744281056,178.0,15.513005
2020-12-09 13:00:00,-1.8905399999999872,48.14947422868944,1.6717558261323753,172.0,14.519954
2020-12-09 14:00:00,-2.4476999999999975,47.60439037886876,1.9585881900226194,166.0,13.596228
2020-12-09 15:00:00,-3.253099999999961,47.563486166389104,2.123389640611577,158.0,14.731406
2020-12-09 16:00:00,-4.141549999999995,47.82371280183941,2.2678746653281356,213.0,16.78869
2020-12-09 17:00:00,-3.8085699999999747,45.75511675151706,2.2611279926181114,139.0,17.669834
2020-12-09 18:00:00,-3.8302999999999656,44.52634890067423,2.3009521013067027,91.0,18.18025
2020-12-09 19:00:00,-2.6922399999999698,42.02747552355441,2.123989664454867,105.0,17.911787
2020-12-09 20:00:00,-2.240099999999984,40.09538406593893,1.884511195718984,79.0,17.83465
2020-12-09 21:00:00,-2.2289499999999975,39.095753168523984,1.6374168255537287,48.0,19.023647
2020-12-09 22:00:00,-2.3745199999999613,38.474700615879385,1.4882303603542246,67.0,20.747192
2020-12-09 23:00:00,-2.5688799999999787,38.208817313266955,1.5614874082837564,74.0,22.297558
2020-12-10 00:00:00,-2.8729299999999967,38.10714779229793,1.9386636417480212,41.0,21.974155
2020-12-10 01:00:00,-4.914159999999981,41.17535214726922,2.4202882688753924,41.0,21.235256
2020-12-14 05:00:00,-4.878699999999981,29.097139890914146,1.609706440341357,218.0,17.21227
2020-12-14 06:00:00,-4.226299999999981,28.187981644801624,1.0405634768983438,250.0,106.79825
2020-12-14 07:00:00,-4.3594699999999875,35.25911857845239,1.103832029324604,249.0,151.01929
2020-12-14 08:00:00,-4.287399999999991,36.630102475656415,1.2473425023437548,242.0,157.11714
2020-12-14 09:00:00,-4.336279999999988,37.923768276481425,1.2516378331872426,257.0,142.70137
2020-12-14 10:00:00,-4.356539999999995,37.73085728611365,1.1911056075058752,246.0,22.456284
2020-12-14 11:00:00,-4.696749999999952,36.68015844224464,1.5467669661080932,216.0,34.627853
2020-12-14 12:00:00,-5.123999999999967,34.906348337168296,1.7530202735536764,199.0,18.174988
2020-12-14 13:00:00,-5.356899999999996,32.73472357017481,1.7589397341278872,175.0,18.53069
2020-12-14 14:00:00,-5.493629999999996,30.733793172035057,1.9406002069283463,163.0,17.645832
2020-12-14 15:00:00,-5.573249999999973,28.550425529006908,2.044657211569707,189.0,17.841076
2020-12-14 16:00:00,-5.650199999999984,26.598133746552566,2.116566267198116,204.0,18.448915
2020-12-14 17:00:00,-5.7771699999999555,24.905694921141016,2.181567032401548,227.0,21.194912
2020-12-14 18:00:00,-6.221900000000005,24.709244525232187,2.2448255651679694,235.0,21.41405
2020-12-14 19:00:00,-6.70229999999998,27.17521273769953,2.2223514240006264,208.0,21.416557
2020-12-14 20:00:00,-6.859899999999982,26.859726057109732,2.2549739502539934,200.0,21.867685
2020-12-14 21:00:00,-6.405499999999961,26.138758016680026,2.192455591489114,192.0,22.319805
2020-12-14 22:00:00,-6.405199999999979,25.97076646277908,2.1705012232041847,213.0,22.037098
2020-12-14 23:00:00,-6.350999999999999,25.581371232906303,2.0401045764950436,185.0,22.264668
2020-12-15 00:00:00,-6.208649999999977,25.040479702992165,2.0977820353225094,182.0,20.48507
2020-12-15 01:00:00,-6.3804700000000025,25.395980511912246,2.2229736587524807,166.0,20.203083
2020-12-15 02:00:00,-10.13803999999999,31.446563344479042,2.601969717626965,175.0,20.100853
2020-12-15 03:00:00,-11.179449999999974,33.60641009970677,2.688058299057882,183.0,20.345348
2020-12-15 04:00:00,-7.580969999999979,27.948408137815584,2.25340651470182,204.0,20.06549
2020-12-15 05:00:00,-5.6778999999999655,25.656994597710614,1.3638019667463974,246.0,19.14005
2020-12-15 06:00:00,-5.062099999999987,25.689929144793705,1.0224801997588608,266.0,103.72229
2020-12-15 07:00:00,-4.4778799999999706,29.742058271480996,0.9011237687799332,292.0,139.00209
2020-12-15 08:00:00,-4.557649999999967,33.35560462018827,1.1921011742723278,272.0,159.00499
2020-12-15 09:00:00,-4.720859999999959,36.76751849717593,1.2386638120623974,242.0,149.41852
2020-12-15 10:00:00,-4.485269999999957,36.391702539785534,1.1473569132556978,216.0,49.18852
2020-12-15 11:00:00,-4.938819999999964,37.330292288439395,1.4499423331013754,219.0,44.03659
2020-12-15 12:00:00,-5.429569999999956,37.31773711065613,1.7079658183238593,229.0,21.239576
2020-12-15 13:00:00,-5.597080000000005,35.792630860355146,1.6783865135518756,248.0,20.012321
2020-12-15 14:00:00,-5.779119999999978,33.98587844844481,1.726071233297088,316.0,18.960392
2020-12-15 15:00:00,-5.930119999999988,31.90626572814552,1.865337669956219,301.0,18.563473
2020-12-15 16:00:00,-5.984299999999962,29.893693133489062,1.9153684946070997,212.0,18.236988
2020-12-15 17:00:00,-6.016849999999977,28.121451660595913,2.052876399874256,108.0,18.149925
2020-12-15 18:00:00,-6.046729999999968,27.359541707844617,2.125728716176916,95.0,19.676394
2020-12-15 19:00:00,-7.7666999999999575,30.809399873332385,2.3450914073267017,90.0,20.593185
2020-12-15 20:00:00,-6.843899999999962,29.352320550151315,2.2772653588752774,82.0,21.855267
2020-12-15 21:00:00,-6.591799999999978,28.584299346269244,2.2654942147954378,53.0,21.980259
2020-12-15 22:00:00,-6.460519999999974,27.67659380967694,2.2885701459292305,119.0,21.816914
2020-12-15 23:00:00,-9.642549999999972,32.399509306061894,2.584517762862115,54.0,21.210543
2020-12-16 00:00:00,-12.27695,37.21265402497188,2.9159449397585324,51.0,20.25026
2020-12-16 01:00:00,-12.33624999999995,37.31755877938263,2.941815164696934,38.0,18.326153
2020-12-16 02:00:00,-12.133099999999956,36.733296834594206,2.906692973681967,40.0,16.412407
2020-12-16 03:00:00,-11.981179999999995,36.33797592267298,2.8751436692947285,87.0,15.69629
2020-12-16 04:00:00,-9.113129999999956,31.645101150192858,2.4661000090630876,71.0,15.34335
2020-12-16 05:00:00,-5.263299999999958,26.11012135935731,1.5757992760731234,52.0,16.240986
2020-12-16 06:00:00,-4.534999999999968,25.807689274843543,0.9427123632835647,69.0,17.416939
2020-12-16 07:00:00,-4.120579999999961,33.29610231253286,0.3590580338911074,156.0,87.39494
2020-12-16 08:00:00,-3.667699999999968,33.593631198309396,0.551110678025823,196.0,94.68988
2020-12-16 09:00:00,-3.4798299999999927,34.55322424622545,0.7132150626204864,260.0,80.86929
2020-12-16 10:00:00,-3.643349999999998,35.139568099944185,0.7756007803522356,227.0,25.959888
2020-12-16 11:00:00,-4.006139999999959,34.92229555338481,1.2151628036578848,252.0,21.916782
2020-12-16 12:00:00,-4.453399999999988,34.13386595448888,1.6588597784021468,367.0,15.96038
2020-12-16 13:00:00,-4.618380000000002,32.2868175289681,1.826101292079054,324.0,16.408104
2020-12-16 14:00:00,-5.73539999999997,32.73949646316448,2.091413145101658,225.0,17.564747
2020-12-16 15:00:00,-8.267129999999952,36.15589919816804,2.4728446971809213,221.0,20.075928
2020-12-16 16:00:00,-9.235479999999995,37.84023705929671,2.6472967954594253,144.0,20.917767
2020-12-16 17:00:00,-10.136629999999968,39.33937426188675,2.7999483515579002,141.0,21.861511
2020-12-16 18:00:00,-11.105019999999968,41.206865194229295,2.9516756494813308,98.0,21.117933
2020-12-16 19:00:00,-13.248019999999997,47.56144378185025,3.2674619140503625,80.0,19.966038
2020-12-16 20:00:00,-13.349599999999953,47.538575791294086,3.2742490477180666,60.0,17.232315
2020-12-16 21:00:00,-13.43832999999995,47.34307073377033,3.2894321288206214,36.0,15.998955
2020-12-16 22:00:00,-13.687959999999975,47.6773692394,3.342774346070006,76.0,19.536709
2020-12-16 23:00:00,-14.325400000000002,49.23233081793608,3.4514171510646374,28.0,17.276937
2020-12-17 00:00:00,-15.860799999999983,55.23041976081889,3.685113942685492,27.0,16.528545
2020-12-17 01:00:00,-17.35299999999998,66.33718177578403,3.922768457123879,56.0,16.515282
2020-12-17 02:00:00,-18.157579999999967,72.80827562289781,4.064305322659127,21.0,16.614166
2020-12-17 03:00:00,-18.065799999999967,74.50765489011442,4.108442412066289,64.0,16.556301
2020-12-17 04:00:00,-16.140229999999974,73.52417525522866,3.7465981740939784,40.0,16.636753
2020-12-17 05:00:00,-12.372320000000002,68.62294404839932,3.128092466955095,50.0,16.31192
2020-12-17 06:00:00,-6.82144999999997,52.44190938410932,2.255195979255451,256.0,15.477421
2020-12-17 07:00:00,-2.165499999999952,36.06141080986494,1.2177682910373124,396.0,13.052494
2020-12-17 08:00:00,-1.2591999999999643,32.45054561827119,0.389404049260378,333.0,34.84517
2020-12-17 09:00:00,-0.8413999999999646,31.408222335765846,0.21307395883595845,270.0,36.06105
2020-12-17 10:00:00,-0.8654799999999909,30.828545271206362,0.6115125996078985,246.0,17.931183
2020-12-17 11:00:00,-1.4582299999999577,31.534101729675697,1.474318520539632,315.0,17.640713
2020-12-17 12:00:00,-6.886629999999968,41.81762259183089,2.620504343753964,364.0,22.518599
2020-12-17 13:00:00,-11.173099999999977,49.2986535506509,3.4776870521305625,176.0,22.452988
2020-12-17 14:00:00,-13.853549999999984,59.843399357016665,4.040121924645469,181.0,18.322
2020-12-17 15:00:00,-14.774759999999958,65.76058643054209,4.242763956162929,139.0,17.26123
2020-12-17 16:00:00,-14.961899999999957,66.11547235559271,4.362951123989705,97.0,17.285221
2020-12-17 17:00:00,-14.906229999999994,65.28329655082409,4.444262556195348,67.0,17.40195
2020-12-17 18:00:00,-14.779639999999972,64.05154035849671,4.473350820152522,52.0,17.008362
2020-12-17 19:00:00,-14.883899999999983,63.25124261718773,4.6110093349554235,42.0,17.286247
2020-12-17 20:00:00,-14.499329999999986,61.583380707720195,4.553936806180848,27.0,17.794535
2020-12-17 21:00:00,-14.400299999999959,60.90833116399085,4.600729215493223,14.0,18.51566
2020-12-17 22:00:00,-14.279399999999953,60.282924054836506,4.661428822396543,11.0,20.996319
2020-12-17 23:00:00,-14.161659999999983,59.77739118078219,4.699310798328155,18.0,19.60199
2020-12-18 00:00:00,-13.965729999999951,59.05399076352562,4.711540716124418,0.0,18.613605
2020-12-18 01:00:00,-13.530599999999993,58.605004409134224,4.6963466535970735,21.0,18.393225
2020-12-18 02:00:00,-12.994730000000004,58.70365598866089,4.666549701222391,14.0,18.632452
2020-12-18 03:00:00,-12.416659999999979,58.79389232855704,4.611285240086189,20.0,18.584692
2020-12-18 04:00:00,-10.5933,60.696525189429025,4.30460531865987,35.0,19.01996
2020-12-18 05:00:00,-7.803799999999967,63.79438958997133,3.798684255326431,42.0,19.192398
2020-12-18 06:00:00,-5.1252999999999815,66.22232363947316,3.2665010052271266,27.0,18.236563
2020-12-18 07:00:00,-3.3207199999999943,65.43717943545583,2.8907631283240995,22.0,17.343344
2020-12-18 08:00:00,-1.795569999999998,58.42018512154293,2.257747642338122,129.0,18.030624
2020-12-18 09:00:00,-0.19509999999996808,42.620830473193514,1.8732852910065407,45.0,19.049896
2020-12-18 10:00:00,-0.8670399999999745,39.78389426084606,2.138075164464038,778.0,23.030869
2020-12-18 11:00:00,-4.255799999999965,45.535731696719374,3.0463458201391056,343.0,21.692764
2020-12-18 12:00:00,-7.1986499999999864,49.526778695373345,4.118586382687784,67.0,19.590082
2020-12-18 13:00:00,-9.361599999999953,61.784907137830245,4.524250662543119,39.0,20.49768
2020-12-18 14:00:00,-9.973729999999989,61.798838334156876,4.733933955382711,34.0,21.824936
2020-12-18 15:00:00,-9.9966,59.895674681560855,4.861725491365527,38.0,23.20013
2020-12-18 16:00:00,-9.96115999999995,58.644121480491805,4.938480153377158,18.0,23.611423
2020-12-18 17:00:00,-9.88315,57.69890991192756,4.993534947404272,17.0,23.753689
2020-12-18 18:00:00,-9.792729999999949,57.10352568275131,5.02849533156611,18.0,23.540585
2020-12-18 19:00:00,-9.773399999999981,56.915605671689526,5.117847398064166,8.0,23.328535
2020-12-18 20:00:00,-9.51443999999998,55.97780434962301,5.061760781084188,11.0,22.767277
2020-12-18 21:00:00,-9.371129999999994,55.63779281305186,5.059308979409738,9.0,22.22961
2020-12-18 22:00:00,-9.265019999999993,55.52580622477698,5.063892901977423,12.0,23.507607
2020-12-19 11:00:00,-1.7593799999999646,45.477007548641275,2.423558101614401,63.0,43.441284
2020-12-19 12:00:00,-4.474339999999984,48.60324730850871,3.1576082633249887,57.0,43.98886
2020-12-19 13:00:00,-6.065219999999954,52.41577743653667,3.5690061936905644,46.0,37.32512
2020-12-19 14:00:00,-6.263899999999978,57.104428489025956,3.7019307318875394,39.0,30.598877
2020-12-19 15:00:00,-6.414769999999976,59.701848506546995,3.7611727145269573,30.0,29.516708
2020-12-19 16:00:00,-6.672919999999976,62.513200273866175,3.922196631479132,19.0,31.252686
2020-12-19 17:00:00,-7.105319999999949,66.1487104929099,3.955369117667003,17.0,31.91513
2020-12-19 18:00:00,-7.352419999999995,65.82612582290733,3.9083845317638746,14.0,27.361572
2020-12-19 19:00:00,-7.058799999999962,67.16017991189233,3.8582617507738126,11.0,23.682022
2020-12-19 20:00:00,-6.276919999999961,63.915105911593784,3.4474987176365546,28.0,21.997055
2020-12-19 21:00:00,-5.6805799999999635,60.524063308859915,2.9460160007859297,45.0,20.72139
2020-12-19 22:00:00,1.058370000000025,31.548381157960673,1.1285592870154066,33.0,38.19397
2020-12-19 23:00:00,-0.2296999999999798,33.82262688115782,0.8519829050298483,30.0,46.191116
2020-12-20 00:00:00,-0.8861499999999864,34.714309971763164,0.9814696901240474,18.0,47.672592
2020-12-20 01:00:00,-1.9963399999999751,35.878062796698416,0.5769018268399437,16.0,39.738617
2020-12-20 02:00:00,-2.90161999999998,38.65331361973734,0.6207755467914998,21.0,40.5291
2020-12-20 03:00:00,-3.6427400000000034,41.90423174035226,0.5593111627205792,25.0,49.6615
2020-12-20 04:00:00,-3.5371999999999844,44.405516199516626,0.7308497479288678,50.0,85.97533
2020-12-20 05:00:00,-3.592870000000005,50.14138409622501,1.0106229384432017,149.0,95.7955
2020-12-20 06:00:00,-4.020179999999982,60.76724895894734,0.9450574084580871,118.0,125.831375
2020-12-20 07:00:00,-4.080079999999953,79.23152034759607,1.3907614834362494,48.0,169.19879
2020-12-20 08:00:00,-4.222449999999981,87.75391110342886,1.356011595399598,37.0,178.8722
2020-12-20 09:00:00,-4.213599999999985,88.9785408225927,1.229742459762681,22.0,168.17018
2020-12-20 10:00:00,-4.591399999999965,88.79224854373018,1.2626755853731932,23.0,118.068634
2020-12-20 11:00:00,-5.107599999999991,88.4466370141341,1.2695534446382912,16.0,100.004684
2020-12-20 12:00:00,-5.689369999999997,89.88812293164246,1.1950539466700216,20.0,78.36125
2020-12-20 13:00:00,-5.509219999999971,92.06107010771858,0.677760378200611,26.0,77.00047
2020-12-20 14:00:00,-5.77365999999995,91.08022302933199,0.6489523683158587,12.0,63.205032
2020-12-20 15:00:00,-6.196479999999951,91.6115997800224,0.6947919599850267,18.0,57.53914
2020-12-20 16:00:00,-6.499239999999986,91.73021416191033,0.5302964586547283,20.0,62.56189
2020-12-20 17:00:00,-6.7118600000000015,91.05879323985017,0.23270376933686313,23.0,62.68718
2020-12-20 18:00:00,-6.95939999999996,91.92369431394458,0.12430353868142821,70.0,68.80861
2020-12-20 19:00:00,-7.502499999999998,92.42052604704253,1.1144066072028171,42.0,59.48552
2020-12-20 20:00:00,-7.7107299999999555,91.81636013924131,0.9553573019614309,14.0,59.804993
2020-12-20 21:00:00,-7.939059999999984,92.04216813782135,0.7921878215075788,9.0,51.653046
2020-12-20 22:00:00,-8.164859999999976,90.91455691926363,0.7138785262658259,8.0,25.913818
2020-12-20 23:00:00,-8.301919999999996,91.48841940330303,0.8068332806981579,7.0,81.236145
2020-12-21 00:00:00,-8.378029999999967,90.66511448014373,0.985995981308854,11.0,64.33084
2020-12-21 01:00:00,-8.485599999999977,89.76723956656191,1.1463323432675687,14.0,46.976944
2020-12-21 02:00:00,-8.671299999999974,88.5606133975065,1.3318321579955308,11.0,40.887093
2020-12-21 03:00:00,-9.39627999999999,87.17765257205994,1.586451901929879,27.0,34.315956
2020-12-21 04:00:00,-9.69119999999998,83.59667070941289,1.6886508678146122,24.0,34.737324
2020-12-21 05:00:00,-8.06608,77.67378334052856,1.4617865200602693,21.0,40.29254
2020-12-21 06:00:00,-6.1220500000000015,71.74439658798742,1.1915762718157539,48.0,67.09563
2020-12-21 07:00:00,-5.250999999999976,69.70692030531059,1.0209177250118995,75.0,121.560684
2020-12-21 08:00:00,-4.425329999999974,66.29379868511782,0.8521912023214971,63.0,122.765
2020-12-21 09:00:00,-3.9525999999999613,64.9327224267455,0.8908383441251375,63.0,112.63008
2020-12-21 10:00:00,-3.440650000000005,61.36920394031956,0.7065532997566825,76.0,64.09213
2020-12-21 11:00:00,-3.750699999999995,61.30501055944555,0.6367416293803232,91.0,39.31215
2020-12-21 12:00:00,-4.17367999999999,59.443671540685735,1.6741349457223966,187.0,41.8302
2020-12-21 13:00:00,-4.364229999999964,56.52137494527002,1.8792867277940586,207.0,39.239105
2020-12-21 14:00:00,-6.142679999999984,56.29719634695941,2.27766108613243,167.0,34.11232
2020-12-21 15:00:00,-6.356849999999952,52.47653459145386,2.4133933768489304,243.0,29.718277
2020-12-21 16:00:00,-6.44932,48.510652869052855,2.524985689316593,169.0,23.775467
2020-12-21 17:00:00,-6.057099999999991,43.87278209581525,2.556626622696752,218.0,22.73831
2020-12-21 18:00:00,-6.1304700000000025,40.99692670328051,2.6492000333216805,202.0,22.135216
2020-12-21 19:00:00,-8.532969999999978,40.17402333308825,2.9238570408418374,148.0,22.089817
2020-12-21 20:00:00,-7.310900000000004,36.43017022064172,2.715991641794184,61.0,21.828194
2020-12-21 21:00:00,-6.383919999999989,34.089964449958295,2.5977018327489114,73.0,21.911991
2020-12-21 22:00:00,-5.088660000000004,31.826557545268674,2.422718861411867,168.0,22.053951
2020-12-21 23:00:00,-5.726299999999981,32.969472559469104,2.496909930774734,84.0,21.88024
2020-12-22 00:00:00,-7.45483999999999,36.12605812797958,2.7436072252706696,69.0,22.23825
2020-12-22 01:00:00,-9.016179999999963,39.56759033067201,3.082160051957721,45.0,22.185856
2020-12-22 02:00:00,-10.108499999999992,41.537610657553856,3.3159148061435406,33.0,22.56036
2020-12-22 03:00:00,-10.731539999999995,42.806079233713206,3.4657957212428574,59.0,22.025366
2020-12-22 04:00:00,-9.511879999999962,41.908280393184086,3.2592027957080676,76.0,21.069641
2020-12-22 05:00:00,-5.564499999999953,35.32307920880414,2.627229854321349,103.0,20.752316
2020-12-22 06:00:00,0.17376000000001568,23.995430124909433,1.33178758646295,404.0,14.63247
2020-12-22 07:00:00,0.34872000000001435,26.677712023792218,0.5197558381996724,785.0,63.245056
2020-12-22 08:00:00,0.4522000000000048,29.58736364977505,0.6034943501005334,637.0,58.536667
2020-12-22 09:00:00,0.5215000000000032,31.768348895515167,0.8446574617191352,518.0,41.157394
2020-12-22 10:00:00,0.3831400000000258,33.14440110148679,1.184977579925982,130.0,22.407215
2020-12-22 11:00:00,-0.0009499999999889042,33.89532743516278,1.6765884830005287,249.0,19.113087
2020-12-22 12:00:00,-1.7110999999999876,35.853976133821575,2.087067531930037,126.0,16.732506
2020-12-22 13:00:00,-2.829439999999977,35.6324410944005,2.323663565629457,117.0,20.842201
2020-12-22 14:00:00,-3.9552999999999656,35.26562946196678,2.5334019941587593,74.0,21.429771
2020-12-22 15:00:00,-4.6725999999999885,34.64813700255677,2.6766968967470177,45.0,21.956318
2020-12-22 16:00:00,-5.009649999999965,33.15472391241314,2.7537562218789224,30.0,22.14016
2020-12-22 17:00:00,-5.18856999999997,31.884534790982883,2.8004416681810484,31.0,22.290693
2020-12-22 18:00:00,-4.706699999999955,29.81581538180531,2.7325482733743156,22.0,22.641006
2020-12-22 19:00:00,-5.812899999999956,29.407080815723575,2.874773241672468,17.0,22.191866
2020-12-22 20:00:00,-5.08072999999996,27.5125875192465,2.771031911948203,15.0,22.143944
2020-12-22 21:00:00,-4.371249999999975,25.739101922947413,2.674721395768954,6.0,22.353128
2020-12-22 22:00:00,-3.5932399999999802,24.18263835568479,2.5762370138407737,12.0,18.77412
2020-12-22 23:00:00,-2.8471700000000055,22.845286244499118,2.4679028244068166,11.0,21.446806
2020-12-23 00:00:00,-2.6519799999999805,22.414899142072294,2.4151397278311917,14.0,22.278408
2020-12-23 01:00:00,-3.0519199999999955,22.858752363377892,2.4435529134408056,7.0,22.808498
2020-12-23 02:00:00,-3.983249999999998,23.925071944267504,2.520583437754254,11.0,21.242447
2020-12-23 03:00:00,-4.451639999999998,24.290961386285417,2.5610569589212977,43.0,18.821161
2020-12-23 04:00:00,-2.5501499999999737,21.854906936626108,2.318778900724811,74.0,16.640205
2020-12-23 05:00:00,-0.8687499999999773,20.25460260515862,1.458850099266053,289.0,15.85917
2020-12-23 06:00:00,-0.31090000000000373,20.497087261564353,0.07512062500580766,161.0,17.880634
2020-12-23 07:00:00,0.38035999999999603,27.49787839706779,1.2639246210660784,130.0,63.184597
2020-12-23 08:00:00,0.6668000000000234,28.95939857529251,1.1844868551318222,48.0,95.635864
2020-12-23 09:00:00,-0.08752999999995836,33.87027699765724,1.4235599101793452,62.0,101.94081
2020-12-23 10:00:00,-0.734299999999962,36.87648852697225,1.5583439087841489,73.0,49.47591
2020-12-23 11:00:00,-1.7229399999999941,39.259539580495776,1.7901373054396497,114.0,54.811478
2020-12-23 12:00:00,-2.094029999999975,39.23370666102128,1.875061970168178,234.0,29.77241
2020-12-23 13:00:00,-1.713899999999967,37.48906005488081,1.6452784028842693,254.0,27.99696
2020-12-23 14:00:00,-1.8956999999999766,37.28093612411021,1.5175067835089304,284.0,26.692287
2020-12-23 15:00:00,-1.9803499999999872,36.52368175231495,1.5220957446379249,264.0,23.28963
2020-12-23 16:00:00,-2.0399799999999573,35.921126348918015,1.486575586315368,165.0,19.778044
2020-12-23 17:00:00,-2.128879999999981,35.63711263280724,1.5126782927945146,289.0,18.489948
2020-12-23 18:00:00,-2.143299999999954,35.06716556437506,1.6150324555726332,205.0,19.813396
2020-12-23 19:00:00,-2.30392999999998,32.12240043481906,1.6330075249720704,159.0,22.034332
2020-12-23 20:00:00,-2.538599999999974,31.704610698754937,1.6411149849972428,141.0,22.560694
2020-12-23 21:00:00,-2.724459999999965,31.357723465585185,1.4966419367219244,142.0,19.995289
2020-12-23 22:00:00,-2.891879999999958,31.0538815703998,1.5492223996039083,138.0,19.319397
2020-12-23 23:00:00,-3.0687599999999975,31.529961441366343,1.4359521946140126,75.0,20.51427
2020-12-24 00:00:00,-3.4200799999999845,33.57594421024674,1.412699542463993,83.0,17.746376
2020-12-24 01:00:00,-3.6673299999999927,34.875925441027334,1.6101487019744476,80.0,17.589296
2020-12-24 02:00:00,-4.420259999999985,36.578610205723024,2.087551750956658,97.0,18.51136
2020-12-24 03:00:00,-6.706029999999998,41.0386563291154,2.5007328830892903,87.0,19.103638
2020-12-24 04:00:00,-7.506869999999992,42.988567529315326,2.6415448576518763,62.0,21.973251
2020-12-24 05:00:00,-5.472939999999994,39.90826882064263,2.395395414417939,48.0,19.40567
2020-12-24 06:00:00,-2.106020000000001,34.75509890222237,1.8759086234110844,49.0,21.170044
2020-12-24 07:00:00,0.22550000000001091,28.055246920655147,0.6971364237024823,245.0,87.316605
2020-12-24 08:00:00,0.2448400000000106,30.77340005845382,1.0210652947956567,270.0,115.08186
2020-12-24 09:00:00,0.1362500000000182,33.03423142797839,0.7657032481582094,451.0,91.22397
2020-12-24 10:00:00,-0.07720000000000482,34.2748267308033,0.16697078385549521,73.0,38.058426
2020-12-24 11:00:00,-0.37649999999996453,34.650146505129676,0.8663954562935963,133.0,34.573364
2020-12-24 12:00:00,-1.1494799999999827,35.210974248040664,1.860477205142729,211.0,29.630798
2020-12-24 13:00:00,-3.615419999999972,38.24504884926417,2.365642382266079,182.0,28.164001
2020-12-24 14:00:00,-6.163669999999968,41.339263806261236,2.8427105586646997,60.0,29.298737
2020-12-24 15:00:00,-6.762499999999989,41.02041078993649,3.0181584340929355,76.0,27.498108
2020-12-24 16:00:00,-6.133369999999957,39.75196279329239,2.9903482716047116,50.0,24.171814
2020-12-24 17:00:00,-5.147919999999999,37.60306385003777,2.867761228011743,129.0,22.692947
2020-12-24 18:00:00,-3.0302999999999543,33.14907044171973,2.5463059014122624,51.0,20.49115
2020-12-24 19:00:00,-9.091959999999972,54.43195572095639,3.5220562880192587,82.0,18.491444
2020-12-24 20:00:00,-8.641819999999996,54.75243142160443,3.433606980525129,66.0,18.170877
2020-12-24 21:00:00,-8.714819999999975,57.85424606956452,3.4958397724314296,50.0,18.565544
2020-12-24 22:00:00,-9.150919999999985,58.977729984242345,3.574899281971347,13.0,18.352446
2020-12-24 23:00:00,-8.693699999999978,59.175346883334015,3.4364099401351953,28.0,17.132303
2020-12-25 00:00:00,-7.627700000000004,58.66853196406689,3.2568653838860033,78.0,17.983406
2020-12-25 01:00:00,-6.782629999999983,54.841344279237575,3.1494353541748974,75.0,18.363811
2020-12-25 02:00:00,-4.575049999999976,46.798625942532865,2.715990449607679,56.0,18.537762
2020-12-25 03:00:00,-2.089269999999999,40.414003824871465,2.3281211918226044,97.0,18.653
2020-12-25 04:00:00,-0.33695000000000164,37.41724082725254,2.079604301213137,117.0,19.105743
2020-12-25 05:00:00,1.8357799999999997,33.60267088281932,1.2721076813200014,128.0,18.564453
2020-12-25 06:00:00,2.3969000000000165,32.64937036737325,0.18618261683638726,75.0,19.490448
2020-12-25 07:00:00,2.8204000000000065,40.22344540962291,0.5342252904445918,59.0,77.53903
2020-12-25 08:00:00,3.1460800000000404,38.531491698692356,0.566124490588139,64.0,100.19444
2020-12-25 09:00:00,3.231960000000015,38.69414247007458,0.4121990970530291,79.0,86.0742
2020-12-25 10:00:00,3.159019999999998,39.33821694703117,0.2246878005288636,73.0,41.50836
2020-12-25 11:00:00,3.0230300000000057,38.26088987235044,0.8408497000920717,459.0,30.480667
2020-12-25 12:00:00,2.3324200000000133,37.81352578931166,1.8063995104209545,92.0,30.112839
2020-12-25 13:00:00,-0.6947700000000054,42.147097385556606,2.3822578676368074,133.0,29.08461
2020-12-25 14:00:00,-0.09207999999995309,38.811120022966215,2.338861832578477,131.0,23.874813
2020-12-25 15:00:00,0.8694000000000415,35.84845448608327,2.229798459577314,69.0,23.379263
2020-12-25 16:00:00,-0.06029999999998381,37.082806145795736,2.3521138423753554,49.0,23.706871
2020-12-25 17:00:00,1.1252700000000004,33.93473414340908,2.1912664880760153,38.0,21.31646
2020-12-25 18:00:00,2.3744800000000055,31.07410842839794,1.8598409537883898,40.0,23.336739
2020-12-25 19:00:00,2.249930000000006,30.82920944876887,2.0184798127530255,52.0,28.692719
2020-12-25 20:00:00,2.346770000000049,31.136979672803946,1.4984782366950005,69.0,28.217747
2020-12-25 21:00:00,1.9284600000000296,32.390907744494235,1.182941252335597,81.0,21.50483
2020-12-25 22:00:00,1.4676800000000298,34.26883100877301,1.4564022230145,101.0,18.755756
2020-12-25 23:00:00,0.9606600000000185,37.28463461855936,1.5409900598895665,52.0,12.447339
2020-12-26 00:00:00,0.7037600000000452,38.12559211297797,1.4509189886626785,113.0,14.464171
2020-12-26 01:00:00,0.5184600000000046,38.94226437259457,1.5017401242587902,144.0,12.8743
2020-12-26 02:00:00,0.3246000000000322,39.63401927540967,1.304107971535812,143.0,14.152506
2020-12-26 03:00:00,-0.08310000000000173,41.48454094980374,1.1791660384030782,146.0,13.6343
2020-12-26 04:00:00,-0.11679999999995516,42.49937977425048,1.1469104905008805,132.0,15.73513
2020-12-26 05:00:00,0.15917000000001735,43.083594717441194,0.5960105236673917,148.0,30.389053
2020-12-26 06:00:00,0.4297000000000253,43.15928847704578,0.25699781942696265,188.0,57.220108
2020-12-26 07:00:00,1.453200000000038,43.752114400365784,0.48556694757976077,198.0,69.92822
2020-12-26 08:00:00,1.8131999999999948,44.01850704810765,0.48853341690028174,644.0,86.434555
2020-12-26 09:00:00,1.9688000000000443,45.67101623555548,0.8828570752386554,88.0,83.419464
2020-12-26 10:00:00,1.1649700000000394,50.875610289923344,1.2925395983888193,139.0,63.466415
2020-12-26 11:00:00,-0.3795999999999822,55.1007457085409,1.6905497922304744,262.0,48.25213
2020-12-26 12:00:00,-1.2526599999999917,54.90521153689782,1.9073197074921078,278.0,30.63618
2020-12-26 13:00:00,-0.7167699999999968,50.26120361611323,1.873776650172931,260.0,23.630781
2020-12-26 14:00:00,0.5840400000000159,45.673989641963324,1.6619477931581497,237.0,21.111927
2020-12-26 15:00:00,0.4408000000000243,45.7676265833387,1.4517859798775634,286.0,23.096348
2020-12-26 16:00:00,0.1885599999999954,45.97885193734637,1.4798538230197096,438.0,22.744427
2020-12-26 17:00:00,-0.24049999999999727,45.67659145975905,1.824302874615871,468.0,22.88879
2020-12-26 18:00:00,-0.30081999999998743,44.44889103151778,1.8499530408483391,351.0,22.39796
2020-12-26 19:00:00,-5.254679999999951,56.89899756183976,2.6644910602190253,189.0,21.152353
2020-12-26 20:00:00,-5.018839999999955,55.74988249610088,2.565266157401941,294.0,19.72107
2020-12-26 21:00:00,-5.654969999999992,56.45227502613465,2.6441839206690525,291.0,17.415089
2020-12-26 22:00:00,-6.530249999999967,56.70466124796101,2.751065387138231,298.0,18.869753
2020-12-26 23:00:00,-7.4447399999999675,57.70034736621048,2.8659773161891198,381.0,18.656044
2020-12-27 00:00:00,-8.598359999999957,61.45538534479135,2.9772227139826826,331.0,20.011744
2020-12-27 01:00:00,-8.706459999999993,65.26537472501843,2.943717870720002,250.0,20.43343
2020-12-27 02:00:00,-9.141899999999964,67.19658805008815,2.981013698756399,276.0,18.262547
2020-12-27 03:00:00,-9.081899999999962,66.76636065408327,2.953600141889088,288.0,18.968573
2020-12-27 04:00:00,-7.617159999999956,66.75836572738453,2.6647047500074,309.0,19.119919
2020-12-27 05:00:00,-3.8911999999999694,57.54815044970218,2.072214076172965,303.0,19.138323
2020-12-27 06:00:00,0.17593000000005077,43.42973760037623,0.8238691025829886,323.0,105.50257
2020-12-27 07:00:00,0.27180000000004156,41.32790975058205,1.0734329404244438,275.0,126.11357
2020-12-27 08:00:00,-0.21479999999996835,47.531403401783265,1.417514246095092,235.0,137.54767
2020-12-27 09:00:00,-0.8561199999999758,55.58434607943115,1.528594436476072,199.0,136.86365
2020-12-27 10:00:00,-0.4531599999999685,54.70526768501316,1.3932374337945705,184.0,75.06282
2020-12-27 11:00:00,-1.1178999999999633,56.236221918343624,1.5992597957350285,140.0,40.038452
2020-12-27 12:00:00,-2.963199999999972,58.053088751711535,1.9754087033513343,184.0,24.564442
2020-12-27 13:00:00,-2.573949999999968,53.39819050335526,1.9832316941136479,167.0,22.48553
2020-12-27 14:00:00,-2.764499999999998,50.44026133874168,2.049798477398715,173.0,21.11974
2020-12-27 15:00:00,-4.420019999999965,50.287387675173775,2.296388293389053,183.0,21.713737
2020-12-27 16:00:00,-5.4437599999999975,48.041753723727595,2.46765545405263,213.0,20.440022
2020-12-27 17:00:00,-5.176029999999969,43.50234389870315,2.4378524197795275,206.0,18.85758
2020-12-27 18:00:00,-4.527749999999969,39.31735619858559,2.3726113436498983,202.0,18.98429
2020-12-27 19:00:00,-4.857100000000003,36.34976363644908,2.4264251011075406,176.0,20.098307
2020-12-27 20:00:00,-4.283179999999959,32.55789239842583,2.3624168804231953,170.0,20.278254
2020-12-27 21:00:00,-6.300759999999968,33.12190222680995,2.570910404915786,169.0,21.024017
2020-12-27 22:00:00,-7.552099999999996,33.28715195468766,2.754012491602065,153.0,22.252518
2020-12-27 23:00:00,-9.324799999999982,35.86851892578575,2.969317155441726,121.0,21.520592
2020-12-28 00:00:00,-11.130439999999965,39.6434499615912,3.2164817502844505,122.0,21.151936
2020-12-28 01:00:00,-12.29974999999996,41.45712954477391,3.3182805468281384,89.0,19.490513
2020-12-28 02:00:00,-11.83929999999998,40.74399774457868,3.2334551066256294,84.0,16.503536
2020-12-28 03:00:00,-10.572059999999965,39.00543223058845,3.0411784663301864,104.0,15.901595
2020-12-28 04:00:00,-6.376559999999984,32.15920827105902,2.4340273359886746,143.0,15.766269
2020-12-28 05:00:00,-2.799440000000004,27.306864747245864,1.3474467335730493,224.0,15.831541
2020-12-28 06:00:00,-2.3075999999999794,29.126088318393062,0.18824371850054225,177.0,27.40944
2020-12-28 07:00:00,-1.6474999999999795,35.53245097795115,1.0899694116045635,183.0,89.25695
2020-12-28 08:00:00,-2.10469999999998,41.98083270405296,1.194522383937968,160.0,86.406494
2020-12-28 09:00:00,-2.036959999999965,44.90435484494483,1.098426669820075,134.0,84.87013
2020-12-28 10:00:00,-1.6877199999999561,45.02452460872857,0.8137473814212677,118.0,56.373367
2020-12-28 11:00:00,-2.2468599999999697,47.65441061172876,0.6920367362865092,94.0,43.224075
2020-12-28 12:00:00,-2.749300000000005,49.15570620703224,1.1040266364831783,95.0,35.269302
2020-12-28 13:00:00,-3.301119999999969,51.13947177803158,1.215636630846755,100.0,38.682938
2020-12-28 14:00:00,-3.8839999999999577,53.62668933921979,1.0567604808727944,77.0,34.064606
2020-12-28 15:00:00,-4.342870000000005,55.00605965524321,0.9938205832289915,77.0,32.082912
2020-12-28 16:00:00,-4.827859999999987,56.46316046648834,1.044108585467953,79.0,33.217815
2020-12-28 17:00:00,-5.332799999999963,57.94959362555465,1.1289694232939487,69.0,30.234165
2020-12-28 18:00:00,-5.695719999999994,58.63976599091378,1.116495039121845,72.0,24.589346
2020-12-28 19:00:00,-5.409949999999981,53.174161191381806,0.9546946414898587,54.0,20.375477
2020-12-28 20:00:00,-5.818879999999979,53.75674398866885,1.266601767885145,53.0,16.389519
2020-12-28 21:00:00,-5.930459999999982,52.45212527704724,1.4868627264620229,51.0,14.965962
2020-12-28 22:00:00,-5.857519999999965,51.056342103694575,1.500740230414105,48.0,14.645225
2020-12-28 23:00:00,-5.781839999999988,49.18983765365675,1.6393558210809882,53.0,15.607719
2020-12-29 00:00:00,-5.535929999999951,46.325132612070014,1.6522771107479062,48.0,15.163498
2020-12-29 01:00:00,-5.0724199999999655,43.909241712890754,1.8268574449373332,26.0,17.43903
2020-12-29 02:00:00,-4.883119999999963,41.62848357267844,1.9111025228323701,10.0,17.219511
2020-12-29 03:00:00,-4.677469999999971,40.19322804492947,1.9752121960011255,37.0,18.190155
2020-12-29 04:00:00,-4.118749999999977,38.53692473708449,1.728494574448665,36.0,17.013565
2020-12-29 05:00:00,-3.2321999999999775,37.93446739146754,1.1290506422429865,31.0,12.635198
2020-12-29 06:00:00,-2.64215999999999,40.803675965690935,0.6108822347757187,38.0,12.907308
2020-12-29 07:00:00,-1.8398199999999747,37.42608862261796,0.6324605738676993,41.0,36.33193
2020-12-29 08:00:00,-1.745999999999981,42.680429681928466,0.9059568290254439,39.0,64.65863
2020-12-29 09:00:00,-1.7717999999999847,46.80112937736986,0.866200861743283,31.0,70.37227
2020-12-29 10:00:00,-2.0739999999999554,50.3728759371182,0.5267232672990723,43.0,54.621628
2020-12-29 11:00:00,-2.657799999999952,53.92084961686317,0.5779423743873907,67.0,39.418716
2020-12-29 12:00:00,-3.265479999999968,56.07436969257853,1.378768682115024,112.0,22.600662
2020-12-29 13:00:00,-4.1001999999999725,55.86881427259037,1.9346403407699013,94.0,21.732635
2020-12-29 14:00:00,-5.46823999999998,55.91889542014831,2.255950570113131,85.0,18.414837
2020-12-29 15:00:00,-5.907629999999983,53.80408246011088,2.374830994408076,80.0,17.956886
2020-12-29 16:00:00,-7.586950000000002,54.22361684516139,2.6615888111697106,86.0,19.059032
2020-12-29 17:00:00,-8.625519999999995,52.54891900860788,2.8758264808847698,68.0,20.03008
2020-12-29 18:00:00,-8.316499999999962,49.42162087739496,2.813328709221667,55.0,20.216318
2020-12-29 19:00:00,-3.4008999999999787,37.78825332903273,2.144787566900823,54.0,19.386143
2020-12-29 20:00:00,-3.191469999999981,36.345451336553786,2.132181158251161,74.0,19.796354
2020-12-29 21:00:00,-4.20062999999999,35.901694070003096,2.34124469200542,42.0,20.856348
2020-12-29 22:00:00,-3.313329999999951,31.91401804548422,2.23107016910375,36.0,19.857994
2020-12-29 23:00:00,-3.416719999999998,30.020496661158546,2.237911404487873,79.0,20.783825
2020-12-30 00:00:00,-4.008339999999976,28.325317881406512,2.3411670340977717,25.0,20.91903
2020-12-30 01:00:00,-3.4605999999999995,25.42884590571211,2.2340731755219054,35.0,20.641815
2020-12-30 02:00:00,-3.5346999999999866,24.46746402746033,1.715733646861245,44.0,20.50769
2020-12-30 03:00:00,-3.843939999999975,24.88325826859167,1.52845755055845,68.0,20.79646
2020-12-30 04:00:00,-3.7743299999999635,24.9840025541041,1.464442774514706,48.0,21.637533
2020-12-30 05:00:00,-3.0309799999999996,24.971345227844026,0.6065695196457311,160.0,34.651394
2020-12-30 06:00:00,-2.7462999999999624,28.093364869139418,0.16816740879220363,143.0,67.27043
2020-12-30 07:00:00,-2.4192299999999705,32.73692311988135,0.6184016621678426,63.0,75.3568
2020-12-30 08:00:00,-1.9818799999999896,36.93913834226253,0.5442548301940852,77.0,89.9928
2020-12-30 09:00:00,-1.7362699999999904,40.320422474687135,0.5974270108832701,105.0,87.81967
2020-12-30 10:00:00,-1.8635299999999688,43.328075259590626,0.41352137168479697,148.0,38.384018
2020-12-30 11:00:00,-2.2867499999999836,46.03740381939067,0.23289924297792983,181.0,62.081894
2020-12-30 12:00:00,-3.056829999999991,48.659077899968544,1.0454772629436757,200.0,19.023058
2020-12-30 13:00:00,-3.5869199999999637,48.586015089861974,1.7242481671045644,195.0,19.14301
2020-12-30 14:00:00,-3.911049999999989,47.16396125820873,1.7743498900021708,277.0,18.825684
2020-12-30 15:00:00,-4.285799999999995,46.38696497170891,1.7346311493256485,180.0,18.920254
2020-12-30 16:00:00,-4.6124999999999545,45.547434018889135,1.6694616825644157,171.0,18.957424
2020-12-30 17:00:00,-4.857899999999972,44.003629807898854,1.7082380596780091,190.0,20.036514
2020-12-30 18:00:00,-4.907799999999952,41.39197592531366,1.8327390457317867,167.0,21.6245
2020-12-30 19:00:00,-5.730319999999949,30.533118691642017,2.3743069952871356,159.0,21.658443
2020-12-30 20:00:00,-5.198919999999987,28.363881483523564,2.35380709793119,138.0,22.304256
2020-12-30 21:00:00,-5.122529999999983,28.045357668709475,2.373159147760648,136.0,23.941921
2020-12-30 22:00:00,-5.456999999999994,28.00728712154376,2.4379896483362744,127.0,23.61252
2020-12-30 23:00:00,-4.871799999999951,26.51163972871138,2.3994541774216023,128.0,24.21275
2020-12-31 00:00:00,-4.656599999999969,25.605203521588788,2.398930124940969,113.0,22.771389
2020-12-31 01:00:00,-5.114479999999958,25.642309652794836,2.4745283240621103,110.0,22.435307
2020-12-31 02:00:00,-6.676729999999964,27.2277935919988,2.6852022234557653,121.0,22.884966
2020-12-31 03:00:00,-7.997659999999996,28.746504414207624,2.8733018295001336,122.0,22.376097
2020-12-31 04:00:00,-6.062599999999975,26.02926742656315,2.622144064440656,131.0,19.977373
2020-12-31 05:00:00,-1.6840299999999502,19.68901704978874,1.7224587483104066,218.0,16.709862
2020-12-31 06:00:00,-0.6664799999999786,18.714041867841868,0.342452823534025,269.0,15.097328
2020-12-31 07:00:00,-0.8704299999999989,26.059367404835147,0.28661412483348025,352.0,77.35054
2020-12-31 08:00:00,-0.5416599999999789,28.692564592445496,0.509489366879767,365.0,87.730286
2020-12-31 09:00:00,-0.3977999999999611,31.315043024665687,0.6765597461837646,290.0,89.92403
2020-12-31 10:00:00,-0.6742999999999597,33.992916493933386,0.6562595691349955,266.0,38.91368
2020-12-31 11:00:00,-1.385599999999954,37.202090810573715,1.1022107183979704,281.0,35.422333
2020-12-31 12:00:00,-2.7920299999999543,40.367124448426424,1.914554494400588,275.0,29.099604
2020-12-31 13:00:00,-3.8152999999999793,40.044336097319295,2.1616380750187116,277.0,26.116285
2020-12-31 14:00:00,-3.3129599999999755,35.65023294244315,2.1143616252218282,239.0,21.315645
2020-12-31 15:00:00,-3.0045499999999947,31.817632698112146,2.082473691247738,213.0,20.565434
2020-12-31 16:00:00,-3.0856699999999933,28.987392803552776,2.099326965422008,256.0,20.18128
2020-12-31 17:00:00,-3.242249999999956,26.46819316524954,2.1031714062087215,268.0,20.728756
2020-12-31 18:00:00,-3.301369999999963,24.13203096600887,2.0899122847851603,288.0,21.138363
2020-12-31 19:00:00,-3.2080399999999827,19.84788122801916,2.0598783186056653,291.0,20.362617
2020-12-31 20:00:00,-3.130299999999977,18.980483585940085,1.992011662853115,306.0,21.995632
2020-12-31 21:00:00,-2.9218999999999937,17.901082223151285,1.9707111882951627,299.0,22.780567
2020-12-31 22:00:00,-2.7744799999999827,16.97971835490925,1.902738604240906,286.0,21.405483
