datetime,blh
2020-01-01 00:00:00,27.24501
2020-01-01 01:00:00,28.649002
2020-01-01 02:00:00,27.531557
2020-01-01 03:00:00,28.646873
2020-01-01 04:00:00,28.916471
2020-01-01 05:00:00,25.698399
2020-01-01 06:00:00,28.611801
2020-01-01 07:00:00,32.60298
2020-01-01 08:00:00,34.143127
2020-01-01 09:00:00,33.703995
2020-01-01 10:00:00,24.446335
2020-01-01 11:00:00,19.083408
2020-01-01 12:00:00,20.90449
2020-01-01 13:00:00,21.12265
2020-01-01 14:00:00,21.724655
2020-01-01 15:00:00,22.360931
2020-01-01 16:00:00,23.754059
2020-01-01 17:00:00,24.509518
2020-01-01 18:00:00,23.099842
2020-01-01 19:00:00,22.835804
2020-01-01 20:00:00,22.774368
2020-01-01 21:00:00,25.784973
2020-01-01 22:00:00,25.57589
2020-01-01 23:00:00,25.091576
2020-01-02 00:00:00,23.249876
2020-01-02 01:00:00,23.475216
2020-01-02 02:00:00,23.690128
2020-01-02 03:00:00,23.778528
2020-01-02 04:00:00,24.258732
2020-01-02 05:00:00,25.59225
2020-01-02 06:00:00,23.3479
2020-01-02 07:00:00,29.890213
2020-01-02 08:00:00,33.36479
2020-01-02 09:00:00,32.384575
2020-01-02 10:00:00,29.686195
2020-01-02 11:00:00,26.234762
2020-01-02 12:00:00,24.410185
2020-01-02 13:00:00,23.234188
2020-01-02 14:00:00,22.900513
2020-01-02 15:00:00,24.041264
2020-01-02 16:00:00,22.666939
2020-01-02 17:00:00,21.504086
2020-01-02 18:00:00,22.184036
2020-01-02 19:00:00,25.174068
2020-01-02 20:00:00,24.647598
2020-01-02 21:00:00,23.98811
2020-01-02 22:00:00,23.749916
2020-01-02 23:00:00,25.094265
2020-01-03 00:00:00,27.275913
2020-01-03 01:00:00,27.650625
2020-01-03 02:00:00,27.318071
2020-01-03 03:00:00,30.41475
2020-01-03 04:00:00,31.096752
2020-01-03 05:00:00,37.128002
2020-01-03 06:00:00,54.780823
2020-01-03 07:00:00,75.6383
2020-01-03 08:00:00,73.902794
2020-01-03 09:00:00,61.806095
2020-01-03 10:00:00,36.27092
2020-01-03 11:00:00,27.51477
2020-01-03 12:00:00,18.709122
2020-01-03 13:00:00,18.304352
2020-01-03 14:00:00,18.44055
2020-01-03 15:00:00,23.013466
2020-01-03 16:00:00,24.582767
2020-01-03 17:00:00,24.985382
2020-01-03 18:00:00,23.335377
2020-01-03 19:00:00,22.948256
2020-01-03 20:00:00,20.754707
2020-01-03 21:00:00,19.9702
2020-01-03 22:00:00,23.280716
2020-01-03 23:00:00,24.48796
2020-01-04 00:00:00,26.473446
2020-01-04 01:00:00,26.807167
2020-01-04 02:00:00,25.10083
2020-01-04 03:00:00,27.216322
2020-01-04 04:00:00,29.505184
2020-01-04 05:00:00,29.02974
2020-01-04 06:00:00,37.375107
2020-01-04 07:00:00,33.042313
2020-01-04 08:00:00,58.037476
2020-01-04 09:00:00,44.952255
2020-01-04 10:00:00,22.365963
2020-01-04 11:00:00,21.167355
2020-01-04 12:00:00,17.836033
2020-01-04 13:00:00,19.47486
2020-01-04 14:00:00,21.883274
2020-01-04 15:00:00,24.153374
2020-01-04 16:00:00,24.765862
2020-01-04 17:00:00,24.779621
2020-01-04 18:00:00,23.552937
2020-01-04 19:00:00,25.295044
2020-01-04 20:00:00,21.805128
2020-01-04 21:00:00,20.461462
2020-01-04 22:00:00,21.26759
2020-01-04 23:00:00,21.764015
2020-01-05 00:00:00,21.94542
2020-01-05 01:00:00,21.765957
2020-01-05 02:00:00,21.120255
2020-01-05 03:00:00,20.74951
2020-01-05 04:00:00,23.877956
2020-01-05 05:00:00,24.485615
2020-01-05 06:00:00,31.272263
2020-01-05 07:00:00,37.953888
2020-01-05 08:00:00,42.9998
2020-01-05 09:00:00,60.888092
2020-01-05 10:00:00,34.33751
2020-01-05 11:00:00,25.731094
2020-01-05 12:00:00,21.380661
2020-01-05 13:00:00,21.244764
2020-01-05 14:00:00,22.141397
2020-01-05 15:00:00,24.0929
2020-01-05 16:00:00,24.075771
2020-01-05 17:00:00,23.769407
2020-01-05 18:00:00,22.991096
2020-01-05 19:00:00,22.9981
2020-01-05 20:00:00,22.753181
2020-01-05 21:00:00,22.898457
2020-01-05 22:00:00,24.999668
2020-01-05 23:00:00,23.862595
2020-01-06 00:00:00,23.312262
2020-01-06 01:00:00,24.826403
2020-01-06 02:00:00,25.499401
2020-01-06 03:00:00,25.533121
2020-01-06 04:00:00,24.690311
2020-01-06 05:00:00,27.434502
2020-01-06 06:00:00,28.360611
2020-01-06 07:00:00,30.653824
2020-01-06 08:00:00,30.323792
2020-01-06 09:00:00,29.741074
2020-01-06 10:00:00,33.289326
2020-01-06 11:00:00,31.463787
2020-01-06 12:00:00,27.77078
2020-01-06 13:00:00,26.57655
2020-01-06 14:00:00,25.246407
2020-01-06 15:00:00,25.443546
2020-01-06 16:00:00,26.026947
2020-01-06 17:00:00,28.86235
2020-01-06 18:00:00,31.128876
2020-01-06 19:00:00,29.758324
2020-01-06 20:00:00,27.969475
2020-01-06 21:00:00,26.08101
2020-01-06 22:00:00,29.495018
2020-01-06 23:00:00,27.890184
2020-01-07 00:00:00,27.008429
2020-01-07 01:00:00,26.619888
2020-01-07 02:00:00,25.360035
2020-01-07 03:00:00,25.991322
2020-01-07 04:00:00,29.639849
2020-01-07 05:00:00,31.514973
2020-01-07 06:00:00,31.645245
2020-01-07 07:00:00,61.273743
2020-01-07 08:00:00,64.57492
2020-01-07 09:00:00,71.194275
2020-01-07 10:00:00,40.69055
2020-01-07 11:00:00,46.63782
2020-01-07 12:00:00,33.279488
2020-01-07 13:00:00,24.742474
2020-01-07 14:00:00,26.427505
2020-01-07 15:00:00,30.479794
2020-01-07 16:00:00,29.901688
2020-01-07 17:00:00,26.251068
2020-01-07 18:00:00,26.587036
2020-01-07 19:00:00,24.889282
2020-01-07 20:00:00,25.7679
2020-01-07 21:00:00,25.855152
2020-01-07 22:00:00,29.182226
2020-01-07 23:00:00,39.85443
2020-01-08 00:00:00,35.858505
2020-01-08 01:00:00,33.187595
2020-01-08 02:00:00,32.72057
2020-01-08 03:00:00,32.786404
2020-01-08 04:00:00,28.653662
2020-01-08 05:00:00,71.57686
2020-01-08 06:00:00,73.431564
2020-01-08 07:00:00,83.9664
2020-01-08 08:00:00,80.08862
2020-01-08 09:00:00,85.53056
2020-01-08 10:00:00,70.82483
2020-01-08 11:00:00,80.02839
2020-01-08 12:00:00,67.319786
2020-01-08 13:00:00,59.565865
2020-01-08 14:00:00,41.965874
2020-01-08 15:00:00,35.250317
2020-01-08 16:00:00,27.589073
2020-01-08 17:00:00,25.735008
2020-01-08 18:00:00,25.94738
2020-01-08 19:00:00,25.189323
2020-01-08 20:00:00,24.492748
2020-01-08 21:00:00,23.755247
2020-01-08 22:00:00,24.032244
2020-01-08 23:00:00,26.354616
2020-01-09 00:00:00,25.857925
2020-01-09 01:00:00,26.024738
2020-01-09 02:00:00,27.775509
2020-01-09 03:00:00,26.078737
2020-01-09 04:00:00,25.470173
2020-01-09 05:00:00,28.046234
2020-01-09 06:00:00,34.02104
2020-01-09 07:00:00,43.83589
2020-01-09 08:00:00,59.272156
2020-01-09 09:00:00,52.60887
2020-01-09 10:00:00,42.56421
2020-01-09 11:00:00,47.774315
2020-01-09 12:00:00,26.511433
2020-01-09 13:00:00,28.909843
2020-01-09 14:00:00,30.747887
2020-01-09 15:00:00,30.48376
2020-01-09 16:00:00,28.419865
2020-01-09 17:00:00,27.968937
2020-01-09 18:00:00,30.565186
2020-01-09 19:00:00,31.124458
2020-01-09 20:00:00,30.408615
2020-01-09 21:00:00,30.663818
2020-01-09 22:00:00,27.376762
2020-01-09 23:00:00,29.606674
2020-01-10 00:00:00,30.345516
2020-01-10 01:00:00,30.714394
2020-01-10 02:00:00,31.098888
2020-01-10 03:00:00,30.045
2020-01-10 04:00:00,32.13739
2020-01-10 05:00:00,35.525085
2020-01-10 06:00:00,36.309967
2020-01-10 07:00:00,36.80974
2020-01-10 08:00:00,38.668854
2020-01-10 09:00:00,36.369812
2020-01-10 10:00:00,35.118057
2020-01-10 11:00:00,35.648407
2020-01-10 12:00:00,29.068466
2020-01-10 13:00:00,29.367813
2020-01-10 14:00:00,30.06134
2020-01-10 15:00:00,28.149551
2020-01-10 16:00:00,27.35553
2020-01-10 17:00:00,26.593369
2020-01-10 18:00:00,25.920975
2020-01-10 19:00:00,24.351715
2020-01-10 20:00:00,25.091614
2020-01-10 21:00:00,24.673325
2020-01-10 22:00:00,20.111984
2020-01-10 23:00:00,23.074238
2020-01-11 00:00:00,23.337046
2020-01-11 01:00:00,22.847736
2020-01-11 02:00:00,23.792618
2020-01-11 03:00:00,25.209873
2020-01-11 04:00:00,25.532486
2020-01-11 05:00:00,25.706802
2020-01-11 06:00:00,27.906612
2020-01-11 07:00:00,32.909344
2020-01-11 08:00:00,40.783382
2020-01-11 09:00:00,48.490288
2020-01-11 10:00:00,43.93859
2020-01-11 11:00:00,38.77308
2020-01-11 12:00:00,36.59379
2020-01-11 13:00:00,33.26657
2020-01-11 14:00:00,29.94757
2020-01-11 15:00:00,27.133308
2020-01-11 16:00:00,26.179375
2020-01-11 17:00:00,24.290472
2020-01-11 18:00:00,23.67043
2020-01-11 19:00:00,24.344948
2020-01-11 20:00:00,21.840338
2020-01-11 21:00:00,24.033583
2020-01-11 22:00:00,22.903118
2020-01-11 23:00:00,23.524803
2020-01-12 00:00:00,26.227055
2020-01-12 01:00:00,31.758717
2020-01-12 02:00:00,29.10787
2020-01-12 03:00:00,27.029907
2020-01-12 04:00:00,25.88854
2020-01-12 05:00:00,26.128319
2020-01-12 06:00:00,50.897614
2020-01-12 07:00:00,70.02008
2020-01-12 08:00:00,71.43445
2020-01-12 09:00:00,68.03606
2020-01-12 10:00:00,29.12437
2020-01-12 11:00:00,39.518593
2020-01-12 12:00:00,33.712753
2020-01-12 13:00:00,35.04584
2020-01-12 14:00:00,38.576553
2020-01-12 15:00:00,34.574783
2020-01-12 16:00:00,32.399834
2020-01-12 17:00:00,29.998531
2020-01-12 18:00:00,29.627384
2020-01-12 19:00:00,38.94931
2020-01-12 20:00:00,45.054047
2020-01-12 21:00:00,39.50396
2020-01-12 22:00:00,30.28501
2020-01-12 23:00:00,51.145752
2020-01-13 00:00:00,58.059826
2020-01-13 01:00:00,52.144382
2020-01-13 02:00:00,59.17532
2020-01-13 03:00:00,60.968643
2020-01-13 04:00:00,64.87903
2020-01-13 05:00:00,69.85068
2020-01-13 06:00:00,75.07561
2020-01-13 07:00:00,92.56789
2020-01-13 08:00:00,110.88545
2020-01-13 09:00:00,100.924255
2020-01-13 10:00:00,71.18712
2020-01-13 11:00:00,94.37172
2020-01-13 12:00:00,50.42418
2020-01-13 13:00:00,58.84456
2020-01-13 14:00:00,45.66864
2020-01-13 15:00:00,46.268127
2020-01-13 16:00:00,48.67949
2020-01-13 17:00:00,40.534744
2020-01-13 18:00:00,55.509964
2020-01-13 19:00:00,43.353226
2020-01-13 20:00:00,44.875595
2020-01-13 21:00:00,37.942184
2020-01-13 22:00:00,44.946945
2020-01-13 23:00:00,49.353714
2020-01-14 00:00:00,38.812042
2020-01-14 01:00:00,37.086365
2020-01-14 02:00:00,33.399796
2020-01-14 03:00:00,27.956741
2020-01-14 04:00:00,33.965363
2020-01-14 05:00:00,58.047913
2020-01-14 06:00:00,85.04814
2020-01-14 07:00:00,108.784454
2020-01-14 08:00:00,107.51106
2020-01-14 09:00:00,99.64038
2020-01-14 10:00:00,55.54277
2020-01-14 11:00:00,51.3925
2020-01-14 12:00:00,39.320343
2020-01-14 13:00:00,31.591507
2020-01-14 14:00:00,41.65277
2020-01-14 15:00:00,40.232346
2020-01-14 16:00:00,29.635483
2020-01-14 17:00:00,32.596527
2020-01-14 18:00:00,23.780258
2020-01-14 19:00:00,21.340958
2020-01-14 20:00:00,30.736237
2020-01-14 21:00:00,22.049803
2020-01-14 22:00:00,24.917753
2020-01-14 23:00:00,27.330124
2020-01-15 00:00:00,24.08259
2020-01-15 01:00:00,21.49515
2020-01-15 02:00:00,20.832474
2020-01-15 03:00:00,23.111126
2020-01-15 04:00:00,25.708416
2020-01-15 05:00:00,28.761887
2020-01-15 06:00:00,53.767548
2020-01-15 07:00:00,59.066757
2020-01-15 08:00:00,62.64415
2020-01-15 09:00:00,47.495193
2020-01-15 10:00:00,36.186066
2020-01-15 11:00:00,55.627117
2020-01-15 12:00:00,26.973507
2020-01-15 13:00:00,27.577734
2020-01-15 14:00:00,30.23944
2020-01-15 15:00:00,36.605515
2020-01-15 16:00:00,45.494278
2020-01-15 17:00:00,43.150513
2020-01-15 18:00:00,37.796616
2020-01-15 19:00:00,32.542404
2020-01-15 20:00:00,32.288345
2020-01-15 21:00:00,30.504517
2020-01-15 22:00:00,30.272736
2020-01-15 23:00:00,34.052185
2020-01-16 00:00:00,34.01683
2020-01-16 01:00:00,33.07248
2020-01-16 02:00:00,31.875473
2020-01-16 03:00:00,28.544983
2020-01-16 04:00:00,30.27649
2020-01-16 05:00:00,33.06343
2020-01-16 06:00:00,65.84355
2020-01-16 07:00:00,85.48479
2020-01-16 08:00:00,116.230515
2020-01-16 09:00:00,91.74579
2020-01-16 10:00:00,68.53841
2020-01-16 11:00:00,70.96973
2020-01-16 12:00:00,42.573044
2020-01-16 13:00:00,46.775833
2020-01-16 14:00:00,34.055496
2020-01-16 15:00:00,35.61766
2020-01-16 16:00:00,32.5047
2020-01-16 17:00:00,31.279419
2020-01-16 18:00:00,32.03325
2020-01-16 19:00:00,27.222961
2020-01-16 20:00:00,25.877914
2020-01-16 21:00:00,25.51271
2020-01-16 22:00:00,25.7473
2020-01-16 23:00:00,22.925247
2020-01-17 00:00:00,23.796616
2020-01-17 01:00:00,24.311508
2020-01-17 02:00:00,25.620886
2020-01-17 03:00:00,25.757324
2020-01-17 04:00:00,28.604782
2020-01-17 05:00:00,29.68216
2020-01-17 06:00:00,35.99936
2020-01-17 07:00:00,44.468964
2020-01-17 08:00:00,42.501495
2020-01-17 09:00:00,37.101807
2020-01-17 10:00:00,35.63118
2020-01-17 11:00:00,25.91838
2020-01-17 12:00:00,21.103088
2020-01-17 13:00:00,22.486738
2020-01-17 14:00:00,22.730762
2020-01-17 15:00:00,22.897268
2020-01-17 16:00:00,22.782873
2020-01-17 17:00:00,22.905567
2020-01-17 18:00:00,23.290373
2020-01-17 19:00:00,23.311125
2020-01-17 20:00:00,23.315704
2020-01-17 21:00:00,23.03045
2020-01-17 22:00:00,24.116947
2020-01-17 23:00:00,24.751245
2020-01-18 00:00:00,23.681017
2020-01-18 01:00:00,22.961102
2020-01-18 02:00:00,22.971678
2020-01-18 03:00:00,22.819008
2020-01-18 04:00:00,23.145287
2020-01-18 05:00:00,21.410496
2020-01-18 06:00:00,21.418259
2020-01-18 07:00:00,24.782576
2020-01-18 08:00:00,29.67976
2020-01-18 09:00:00,37.809288
2020-01-18 10:00:00,27.062037
2020-01-18 11:00:00,25.079985
2020-01-18 12:00:00,19.441921
2020-01-18 13:00:00,18.176533
2020-01-18 14:00:00,19.287046
2020-01-18 15:00:00,21.409586
2020-01-18 16:00:00,22.678608
2020-01-18 17:00:00,22.546234
2020-01-18 18:00:00,22.723387
2020-01-18 19:00:00,23.09985
2020-01-18 20:00:00,23.110216
2020-01-18 21:00:00,22.792114
2020-01-18 22:00:00,25.148415
2020-01-18 23:00:00,24.72209
2020-01-19 00:00:00,24.215305
2020-01-19 01:00:00,24.358408
2020-01-19 02:00:00,24.487938
2020-01-19 03:00:00,24.05967
2020-01-19 04:00:00,25.017883
2020-01-19 05:00:00,23.199825
2020-01-19 06:00:00,22.702494
2020-01-19 07:00:00,24.482506
2020-01-19 08:00:00,28.112055
2020-01-19 09:00:00,38.61592
2020-01-19 10:00:00,28.473354
2020-01-19 11:00:00,48.608566
2020-01-19 12:00:00,35.08319
2020-01-19 13:00:00,35.36031
2020-01-19 14:00:00,36.10971
2020-01-19 15:00:00,35.26915
2020-01-19 16:00:00,30.620575
2020-01-19 17:00:00,28.184902
2020-01-19 18:00:00,27.886173
2020-01-19 19:00:00,26.865284
2020-01-19 20:00:00,25.569334
2020-01-19 21:00:00,25.167564
2020-01-19 22:00:00,25.732634
2020-01-19 23:00:00,36.068382
2020-01-20 00:00:00,31.46373
2020-01-20 01:00:00,27.68568
2020-01-20 02:00:00,24.613003
2020-01-20 03:00:00,22.140274
2020-01-20 04:00:00,21.62948
2020-01-20 05:00:00,20.939415
2020-01-20 06:00:00,58.353302
2020-01-20 07:00:00,87.166245
2020-01-20 08:00:00,101.61165
2020-01-20 09:00:00,41.50946
2020-01-20 10:00:00,27.431992
2020-01-20 11:00:00,19.009254
2020-01-20 12:00:00,18.565308
2020-01-20 13:00:00,21.018902
2020-01-20 14:00:00,22.025463
2020-01-20 15:00:00,23.394516
2020-01-20 16:00:00,23.912962
2020-01-20 17:00:00,22.495865
2020-01-20 18:00:00,22.608324
2020-01-20 19:00:00,22.11995
2020-01-20 20:00:00,21.378338
2020-01-20 21:00:00,22.283243
2020-01-20 22:00:00,24.753231
2020-01-20 23:00:00,24.58052
2020-01-21 00:00:00,23.78417
2020-01-21 01:00:00,25.350264
2020-01-21 02:00:00,24.67398
2020-01-21 03:00:00,23.836823
2020-01-21 04:00:00,24.903486
2020-01-21 05:00:00,23.434029
2020-01-21 06:00:00,28.30685
2020-01-21 07:00:00,36.340378
2020-01-21 08:00:00,40.83458
2020-01-21 09:00:00,34.85962
2020-01-21 10:00:00,33.12627
2020-01-21 11:00:00,41.398125
2020-01-21 12:00:00,30.080166
2020-01-21 13:00:00,23.64923
2020-01-21 14:00:00,23.213629
2020-01-21 15:00:00,24.612553
2020-01-21 16:00:00,28.01837
2020-01-21 17:00:00,26.318752
2020-01-21 18:00:00,23.598454
2020-01-21 19:00:00,24.315174
2020-01-21 20:00:00,22.684547
2020-01-21 21:00:00,23.171356
2020-01-21 22:00:00,23.325565
2020-01-21 23:00:00,27.008877
2020-01-22 00:00:00,26.96959
2020-01-22 01:00:00,23.9413
2020-01-22 02:00:00,22.096004
2020-01-22 03:00:00,22.054424
2020-01-22 04:00:00,22.831207
2020-01-22 05:00:00,32.247784
2020-01-22 06:00:00,75.14693
2020-01-22 07:00:00,64.68547
2020-01-22 08:00:00,66.777115
2020-01-22 09:00:00,65.116
2020-01-22 10:00:00,57.71234
2020-01-22 11:00:00,70.70256
2020-01-22 12:00:00,49.343666
2020-01-22 13:00:00,30.634926
2020-01-22 14:00:00,19.634945
2020-01-22 15:00:00,20.853592
2020-01-22 16:00:00,26.136631
2020-01-22 17:00:00,30.028606
2020-01-22 18:00:00,30.057749
2020-01-22 19:00:00,25.518093
2020-01-22 20:00:00,24.269772
2020-01-22 21:00:00,23.443657
2020-01-22 22:00:00,22.457687
2020-01-22 23:00:00,20.15202
2020-01-23 00:00:00,23.517208
2020-01-23 01:00:00,25.070423
2020-01-23 02:00:00,26.920567
2020-01-23 03:00:00,28.767979
2020-01-23 04:00:00,29.26802
2020-01-23 05:00:00,28.408783
2020-01-23 06:00:00,30.17685
2020-01-23 07:00:00,37.4749
2020-01-23 08:00:00,45.732574
2020-01-23 09:00:00,44.50334
2020-01-23 10:00:00,44.69275
2020-01-23 11:00:00,23.035099
2020-01-23 12:00:00,20.941765
2020-01-23 13:00:00,23.448673
2020-01-23 14:00:00,25.435345
2020-01-23 15:00:00,27.160324
2020-01-23 16:00:00,24.800766
2020-01-23 17:00:00,24.584444
2020-01-23 18:00:00,24.363104
2020-01-23 19:00:00,25.209202
2020-01-23 20:00:00,24.30436
2020-01-23 21:00:00,24.644512
2020-01-23 22:00:00,26.336605
2020-01-23 23:00:00,24.609573
2020-01-24 00:00:00,25.085876
2020-01-24 01:00:00,26.00211
2020-01-24 02:00:00,27.970974
2020-01-24 03:00:00,27.789404
2020-01-24 04:00:00,28.871197
2020-01-24 05:00:00,29.722336
2020-01-24 06:00:00,34.595917
2020-01-24 07:00:00,40.377167
2020-01-24 08:00:00,45.24611
2020-01-24 09:00:00,49.067474
2020-01-24 10:00:00,50.7321
2020-01-24 11:00:00,33.74501
2020-01-24 12:00:00,29.106934
2020-01-24 13:00:00,31.492325
2020-01-24 14:00:00,74.94236
2020-01-24 15:00:00,75.28294
2020-01-24 16:00:00,139.90007
2020-01-24 17:00:00,121.68518
2020-01-24 18:00:00,64.97703
2020-01-24 19:00:00,38.77635
2020-01-24 20:00:00,26.15261
2020-01-24 21:00:00,21.700197
2020-01-24 22:00:00,20.973854
2020-01-24 23:00:00,24.9982
2020-01-25 00:00:00,25.683311
2020-01-25 01:00:00,24.827854
2020-01-25 02:00:00,24.094582
2020-01-25 03:00:00,25.340229
2020-01-25 04:00:00,24.016708
2020-01-25 05:00:00,28.100891
2020-01-25 06:00:00,39.06891
2020-01-25 07:00:00,83.07512
2020-01-25 08:00:00,82.147964
2020-01-25 09:00:00,54.78972
2020-01-25 10:00:00,42.137085
2020-01-25 11:00:00,31.812256
2020-01-25 12:00:00,22.459698
2020-01-25 13:00:00,20.361849
2020-01-25 14:00:00,19.5399
2020-01-25 15:00:00,20.802122
2020-01-25 16:00:00,23.43708
2020-01-25 17:00:00,24.06284
2020-01-25 18:00:00,21.76847
2020-01-25 19:00:00,24.218832
2020-01-25 20:00:00,23.266752
2020-01-25 21:00:00,22.811901
2020-01-25 22:00:00,28.346996
2020-01-25 23:00:00,37.234356
2020-01-26 00:00:00,77.31011
2020-01-26 01:00:00,88.84801
2020-01-26 02:00:00,96.692474
2020-01-26 03:00:00,101.25122
2020-01-26 04:00:00,102.56825
2020-01-26 05:00:00,100.11055
2020-01-26 06:00:00,117.95108
2020-01-26 07:00:00,131.37657
2020-01-26 08:00:00,104.1479
2020-01-26 09:00:00,85.18617
2020-01-26 10:00:00,51.12033
2020-01-26 11:00:00,63.220016
2020-01-26 12:00:00,31.215088
2020-01-26 13:00:00,21.820496
2020-01-26 14:00:00,20.482426
2020-01-26 15:00:00,21.539524
2020-01-26 16:00:00,23.655273
2020-01-26 17:00:00,23.812832
2020-01-26 18:00:00,23.308456
2020-01-26 19:00:00,23.936272
2020-01-26 20:00:00,24.676796
2020-01-26 21:00:00,24.941883
2020-01-26 22:00:00,23.992626
2020-01-26 23:00:00,24.047165
2020-01-27 00:00:00,23.750526
2020-01-27 01:00:00,24.825468
2020-01-27 02:00:00,24.085514
2020-01-27 03:00:00,24.616842
2020-01-27 04:00:00,28.850769
2020-01-27 05:00:00,31.86583
2020-01-27 06:00:00,34.706665
2020-01-27 07:00:00,60.5506
2020-01-27 08:00:00,85.64885
2020-01-27 09:00:00,56.876938
2020-01-27 10:00:00,48.46785
2020-01-27 11:00:00,37.830948
2020-01-27 12:00:00,36.458374
2020-01-27 13:00:00,45.812756
2020-01-27 14:00:00,82.06029
2020-01-27 15:00:00,88.10629
2020-01-27 16:00:00,73.166885
2020-01-27 17:00:00,60.460243
2020-01-27 18:00:00,57.15426
2020-01-27 19:00:00,61.437363
2020-01-27 20:00:00,66.9592
2020-01-27 21:00:00,60.46399
2020-01-27 22:00:00,35.83203
2020-01-27 23:00:00,29.34853
2020-01-28 00:00:00,26.984814
2020-01-28 01:00:00,37.410515
2020-01-28 02:00:00,29.037006
2020-01-28 03:00:00,32.029713
2020-01-28 04:00:00,28.441925
2020-01-28 05:00:00,34.797928
2020-01-28 06:00:00,66.88408
2020-01-28 07:00:00,93.68471
2020-01-28 08:00:00,106.607254
2020-01-28 09:00:00,104.525055
2020-01-28 10:00:00,65.75925
2020-01-28 11:00:00,38.478516
2020-01-28 12:00:00,22.281338
2020-01-28 13:00:00,16.47356
2020-01-28 14:00:00,16.54955
2020-01-28 15:00:00,19.12608
2020-01-28 16:00:00,21.536125
2020-01-28 17:00:00,21.312199
2020-01-28 18:00:00,21.01006
2020-01-28 19:00:00,21.292244
2020-01-28 20:00:00,21.359932
2020-01-28 21:00:00,21.85487
2020-01-28 22:00:00,21.231522
2020-01-28 23:00:00,21.520384
2020-01-29 00:00:00,18.134148
2020-01-29 01:00:00,17.030476
2020-01-29 02:00:00,18.501608
2020-01-29 03:00:00,20.840242
2020-01-29 04:00:00,25.190928
2020-01-29 05:00:00,26.172848
2020-01-29 06:00:00,39.5307
2020-01-29 07:00:00,50.39917
2020-01-29 08:00:00,55.43445
2020-01-29 09:00:00,52.524124
2020-01-29 10:00:00,32.71866
2020-01-29 11:00:00,39.61464
2020-01-29 12:00:00,29.04523
2020-01-29 13:00:00,22.75204
2020-01-29 14:00:00,24.236385
2020-01-29 15:00:00,27.411549
2020-01-29 16:00:00,29.274605
2020-01-29 17:00:00,29.696419
2020-01-29 18:00:00,27.391726
2020-01-29 19:00:00,26.399689
2020-01-29 20:00:00,24.798132
2020-01-29 21:00:00,25.23172
2020-01-29 22:00:00,24.12488
2020-01-29 23:00:00,25.015614
2020-01-30 00:00:00,23.429127
2020-01-30 01:00:00,24.279305
2020-01-30 02:00:00,24.41093
2020-01-30 03:00:00,25.485424
2020-01-30 04:00:00,26.368187
2020-01-30 05:00:00,34.95892
2020-01-30 06:00:00,36.31949
2020-01-30 07:00:00,38.45012
2020-01-30 08:00:00,38.53351
2020-01-30 09:00:00,33.766174
2020-01-30 10:00:00,25.109894
2020-01-30 11:00:00,27.689013
2020-01-30 12:00:00,24.82352
2020-01-30 13:00:00,27.236267
2020-01-30 14:00:00,28.594372
2020-01-30 15:00:00,30.078468
2020-01-30 16:00:00,26.952377
2020-01-30 17:00:00,29.174728
2020-01-30 18:00:00,25.248398
2020-01-30 19:00:00,25.834023
2020-01-30 20:00:00,25.806152
2020-01-30 21:00:00,25.944992
2020-01-30 22:00:00,25.59469
2020-01-30 23:00:00,25.03492
2020-01-31 00:00:00,24.311378
2020-01-31 01:00:00,26.956163
2020-01-31 02:00:00,24.023258
2020-01-31 03:00:00,23.977837
2020-01-31 04:00:00,25.052725
2020-01-31 05:00:00,31.899555
2020-01-31 06:00:00,40.9637
2020-01-31 07:00:00,41.63365
2020-01-31 08:00:00,44.606277
2020-01-31 09:00:00,62.979874
2020-01-31 10:00:00,33.225975
2020-01-31 11:00:00,26.600176
2020-01-31 12:00:00,18.745247
2020-01-31 13:00:00,22.140633
2020-01-31 14:00:00,25.221584
2020-01-31 15:00:00,26.148819
2020-01-31 16:00:00,26.498333
2020-01-31 17:00:00,24.406109
2020-01-31 18:00:00,23.795017
2020-01-31 19:00:00,23.44754
2020-01-31 20:00:00,24.725748
2020-01-31 21:00:00,24.64367
2020-01-31 22:00:00,24.418522
2020-01-31 23:00:00,25.62749
2020-02-01 00:00:00,25.302109
2020-02-01 01:00:00,26.014805
2020-02-01 02:00:00,24.323498
2020-02-01 03:00:00,24.264233
2020-02-01 04:00:00,24.632933
2020-02-01 05:00:00,24.165688
2020-02-01 06:00:00,28.004879
2020-02-01 07:00:00,30.510956
2020-02-01 08:00:00,32.97986
2020-02-01 09:00:00,34.323593
2020-02-01 10:00:00,30.49269
2020-02-01 11:00:00,24.971571
2020-02-01 12:00:00,20.686586
2020-02-01 13:00:00,22.157784
2020-02-01 14:00:00,23.80154
2020-02-01 15:00:00,24.15052
2020-02-01 16:00:00,24.404585
2020-02-01 17:00:00,24.764973
2020-02-01 18:00:00,24.33002
2020-02-01 19:00:00,24.014868
2020-02-01 20:00:00,23.720322
2020-02-01 21:00:00,23.693394
2020-02-01 22:00:00,21.703451
2020-02-01 23:00:00,21.507065
2020-02-02 00:00:00,22.08361
2020-02-02 01:00:00,22.631996
2020-02-02 02:00:00,23.46224
2020-02-02 03:00:00,23.779612
2020-02-02 04:00:00,24.615086
2020-02-02 05:00:00,27.850185
2020-02-02 06:00:00,29.614288
2020-02-02 07:00:00,34.613586
2020-02-02 08:00:00,38.756836
2020-02-02 09:00:00,35.76143
2020-02-02 10:00:00,28.87144
2020-02-02 11:00:00,23.002914
2020-02-02 12:00:00,23.881987
2020-02-02 13:00:00,24.883617
2020-02-02 14:00:00,24.975994
2020-02-02 15:00:00,25.309515
2020-02-02 16:00:00,25.105679
2020-02-02 17:00:00,24.873714
2020-02-02 18:00:00,24.732746
2020-02-02 19:00:00,24.658775
2020-02-02 20:00:00,24.49575
2020-02-02 21:00:00,24.00122
2020-02-02 22:00:00,22.36111
2020-02-02 23:00:00,24.095139
2020-02-03 00:00:00,23.663418
2020-02-03 01:00:00,23.214724
2020-02-03 02:00:00,23.45914
2020-02-03 03:00:00,24.092316
2020-02-03 04:00:00,24.320276
2020-02-03 05:00:00,24.10699
2020-02-03 06:00:00,23.19888
2020-02-03 07:00:00,30.17538
2020-02-03 08:00:00,43.385193
2020-02-03 09:00:00,64.61455
2020-02-03 10:00:00,32.637352
2020-02-03 11:00:00,20.630566
2020-02-03 12:00:00,20.397781
2020-02-03 13:00:00,22.154022
2020-02-03 14:00:00,22.390331
2020-02-03 15:00:00,25.339115
2020-02-03 16:00:00,26.951347
2020-02-03 17:00:00,28.900835
2020-02-03 18:00:00,30.889416
2020-02-03 19:00:00,28.307537
2020-02-03 20:00:00,27.002918
2020-02-03 21:00:00,29.245098
2020-02-03 22:00:00,34.616913
2020-02-03 23:00:00,59.61226
2020-02-04 00:00:00,50.745705
2020-02-04 01:00:00,48.347122
2020-02-04 02:00:00,40.06034
2020-02-04 03:00:00,32.08548
2020-02-04 04:00:00,26.256046
2020-02-04 05:00:00,61.304813
2020-02-04 06:00:00,70.10353
2020-02-04 07:00:00,131.99716
2020-02-04 08:00:00,98.18402
2020-02-04 09:00:00,90.89807
2020-02-04 10:00:00,69.23541
2020-02-04 11:00:00,54.949554
2020-02-04 12:00:00,40.996056
2020-02-04 13:00:00,24.879154
2020-02-04 14:00:00,29.811186
2020-02-04 15:00:00,22.328903
2020-02-04 16:00:00,20.208954
2020-02-04 17:00:00,20.357216
2020-02-04 18:00:00,20.49207
2020-02-04 19:00:00,20.082815
2020-02-04 20:00:00,21.158745
2020-02-04 21:00:00,22.755367
2020-02-04 22:00:00,20.54601
2020-02-04 23:00:00,24.169182
2020-02-05 00:00:00,23.531275
2020-02-05 01:00:00,23.110275
2020-02-05 02:00:00,25.368961
2020-02-05 03:00:00,27.937454
2020-02-05 04:00:00,35.110504
2020-02-05 05:00:00,39.446396
2020-02-05 06:00:00,42.979736
2020-02-05 07:00:00,54.577713
2020-02-05 08:00:00,64.208984
2020-02-05 09:00:00,53.62422
2020-02-05 10:00:00,35.021484
2020-02-05 11:00:00,25.355366
2020-02-05 12:00:00,25.07381
2020-02-05 13:00:00,27.484589
2020-02-05 14:00:00,25.896069
2020-02-05 15:00:00,25.065731
2020-02-05 16:00:00,25.405739
2020-02-05 17:00:00,24.7787
2020-02-05 18:00:00,24.010336
2020-02-05 19:00:00,23.036583
2020-02-05 20:00:00,22.354488
2020-02-05 21:00:00,22.129566
2020-02-05 22:00:00,22.336666
2020-02-05 23:00:00,22.376465
2020-02-06 00:00:00,21.602322
2020-02-06 01:00:00,21.148663
2020-02-06 02:00:00,21.498522
2020-02-06 03:00:00,21.673336
2020-02-06 04:00:00,22.74101
2020-02-06 05:00:00,21.255676
2020-02-06 06:00:00,19.338516
2020-02-06 07:00:00,212.04723
2020-02-06 08:00:00,273.72717
2020-02-06 09:00:00,296.59763
2020-02-06 10:00:00,102.88568
2020-02-06 11:00:00,42.215683
2020-02-06 12:00:00,18.314743
2020-02-06 13:00:00,15.548145
2020-02-06 14:00:00,17.515709
2020-02-06 15:00:00,21.345535
2020-02-06 16:00:00,21.721058
2020-02-06 17:00:00,23.595062
2020-02-06 18:00:00,24.245274
2020-02-06 19:00:00,25.095589
2020-02-06 20:00:00,26.308361
2020-02-06 21:00:00,25.743065
2020-02-06 22:00:00,27.60646
2020-02-06 23:00:00,25.296722
2020-02-07 00:00:00,27.050573
2020-02-07 01:00:00,25.440655
2020-02-07 02:00:00,24.039608
2020-02-07 03:00:00,24.578701
2020-02-07 04:00:00,27.653406
2020-02-07 05:00:00,33.38141
2020-02-07 06:00:00,41.228195
2020-02-07 07:00:00,48.080505
2020-02-07 08:00:00,65.388794
2020-02-07 09:00:00,82.940994
2020-02-07 10:00:00,53.205475
2020-02-07 11:00:00,35.842834
2020-02-07 12:00:00,27.968327
2020-02-07 13:00:00,27.65025
2020-02-07 14:00:00,27.291758
2020-02-07 15:00:00,26.82885
2020-02-07 16:00:00,27.403257
2020-02-07 17:00:00,27.01295
2020-02-07 18:00:00,24.884312
2020-02-07 19:00:00,25.772642
2020-02-07 20:00:00,27.958603
2020-02-07 21:00:00,26.135948
2020-02-07 22:00:00,31.94313
2020-02-07 23:00:00,29.93805
2020-02-08 00:00:00,31.147522
2020-02-08 01:00:00,27.876343
2020-02-08 02:00:00,26.085007
2020-02-08 03:00:00,25.541346
2020-02-08 04:00:00,27.571045
2020-02-08 05:00:00,32.174072
2020-02-08 06:00:00,34.586807
2020-02-08 07:00:00,35.898605
2020-02-08 08:00:00,38.979767
2020-02-08 09:00:00,45.425934
2020-02-08 10:00:00,42.527832
2020-02-08 11:00:00,33.03131
2020-02-08 12:00:00,27.868973
2020-02-08 13:00:00,28.116795
2020-02-08 14:00:00,27.850163
2020-02-08 15:00:00,27.739935
2020-02-08 16:00:00,27.38792
2020-02-08 17:00:00,27.929426
2020-02-08 18:00:00,27.842087
2020-02-08 19:00:00,27.641922
2020-02-08 20:00:00,27.479477
2020-02-08 21:00:00,26.904877
2020-02-08 22:00:00,28.609253
2020-02-08 23:00:00,26.605957
2020-02-09 00:00:00,26.407257
2020-02-09 01:00:00,25.429022
2020-02-09 02:00:00,25.074226
2020-02-09 03:00:00,24.432917
2020-02-09 04:00:00,23.631634
2020-02-09 05:00:00,27.520847
2020-02-09 06:00:00,33.231262
2020-02-09 07:00:00,40.019806
2020-02-09 08:00:00,48.75334
2020-02-09 09:00:00,53.85382
2020-02-09 10:00:00,35.289673
2020-02-09 11:00:00,31.590637
2020-02-09 12:00:00,29.666536
2020-02-09 13:00:00,26.087738
2020-02-09 14:00:00,23.637585
2020-02-09 15:00:00,24.469772
2020-02-09 16:00:00,26.7285
2020-02-09 17:00:00,39.05084
2020-02-09 18:00:00,80.789505
2020-02-09 19:00:00,37.539127
2020-02-09 20:00:00,18.434822
2020-02-09 21:00:00,21.832735
2020-02-09 22:00:00,31.348679
2020-02-09 23:00:00,29.238014
2020-02-10 00:00:00,25.180473
2020-02-10 01:00:00,22.040503
2020-02-10 02:00:00,21.82497
2020-02-10 03:00:00,21.893398
2020-02-10 04:00:00,25.592613
2020-02-10 05:00:00,36.15222
2020-02-10 06:00:00,50.252625
2020-02-10 07:00:00,52.458954
2020-02-10 08:00:00,83.006
2020-02-10 09:00:00,94.413635
2020-02-10 10:00:00,103.25877
2020-02-10 11:00:00,68.1178
2020-02-10 12:00:00,38.04966
2020-02-10 13:00:00,23.005447
2020-02-10 14:00:00,31.703527
2020-02-10 15:00:00,47.498524
2020-02-10 16:00:00,67.78361
2020-02-10 17:00:00,87.21037
2020-02-10 18:00:00,167.94888
2020-02-10 19:00:00,124.30653
2020-02-10 20:00:00,71.4023
2020-02-10 21:00:00,83.65251
2020-02-10 22:00:00,58.82039
2020-02-10 23:00:00,91.67329
2020-02-11 00:00:00,87.09463
2020-02-11 01:00:00,95.18356
2020-02-11 02:00:00,96.78524
2020-02-11 03:00:00,94.17574
2020-02-11 04:00:00,98.47046
2020-02-11 05:00:00,110.68497
2020-02-11 06:00:00,148.95369
2020-02-11 07:00:00,194.26038
2020-02-11 08:00:00,184.90211
2020-02-11 09:00:00,180.60622
2020-02-11 10:00:00,107.17761
2020-02-11 11:00:00,80.44998
2020-02-11 12:00:00,51.895103
2020-02-11 13:00:00,40.925625
2020-02-11 14:00:00,40.078583
2020-02-11 15:00:00,39.341614
2020-02-11 16:00:00,36.94603
2020-02-11 17:00:00,37.70947
2020-02-11 18:00:00,36.069275
2020-02-11 19:00:00,34.789257
2020-02-11 20:00:00,34.808216
2020-02-11 21:00:00,38.896103
2020-02-11 22:00:00,32.839676
2020-02-11 23:00:00,31.254929
2020-02-12 00:00:00,33.41014
2020-02-12 01:00:00,33.729904
2020-02-12 02:00:00,31.714172
2020-02-12 03:00:00,32.729385
2020-02-12 04:00:00,36.19284
2020-02-12 05:00:00,41.2464
2020-02-12 06:00:00,44.757294
2020-02-12 07:00:00,61.36165
2020-02-12 08:00:00,65.41867
2020-02-12 09:00:00,69.68973
2020-02-12 10:00:00,62.568268
2020-02-12 11:00:00,40.192116
2020-02-12 12:00:00,26.527847
2020-02-12 13:00:00,26.283173
2020-02-12 14:00:00,26.846298
2020-02-12 15:00:00,28.280262
2020-02-12 16:00:00,28.446293
2020-02-12 17:00:00,27.53793
2020-02-12 18:00:00,26.283665
2020-02-12 19:00:00,26.216755
2020-02-12 20:00:00,24.706953
2020-02-12 21:00:00,29.03366
2020-02-12 22:00:00,63.69052
2020-02-12 23:00:00,108.93814
2020-02-13 00:00:00,65.56806
2020-02-13 01:00:00,92.92822
2020-02-13 02:00:00,166.68791
2020-02-13 03:00:00,153.09718
2020-02-13 04:00:00,168.78343
2020-02-13 05:00:00,207.82922
2020-02-13 06:00:00,214.57242
2020-02-13 07:00:00,264.47723
2020-02-13 08:00:00,250.74011
2020-02-13 09:00:00,209.87984
2020-02-13 10:00:00,189.07288
2020-02-13 11:00:00,93.32753
2020-02-13 12:00:00,62.10341
2020-02-13 13:00:00,62.737488
2020-02-13 14:00:00,91.43654
2020-02-13 15:00:00,84.52475
2020-02-13 16:00:00,82.54648
2020-02-13 17:00:00,48.17836
2020-02-13 18:00:00,31.563248
2020-02-13 19:00:00,31.170715
2020-02-13 20:00:00,23.95514
2020-02-13 21:00:00,25.346573
2020-02-13 22:00:00,39.803436
2020-02-13 23:00:00,28.16954
2020-02-14 00:00:00,32.982986
2020-02-14 01:00:00,24.797623
2020-02-14 02:00:00,27.49263
2020-02-14 03:00:00,32.02771
2020-02-14 04:00:00,43.57527
2020-02-14 05:00:00,55.058975
2020-02-14 06:00:00,98.41757
2020-02-14 07:00:00,114.71106
2020-02-14 08:00:00,128.58035
2020-02-14 09:00:00,127.25688
2020-02-14 10:00:00,105.60075
2020-02-14 11:00:00,67.13695
2020-02-14 12:00:00,31.084702
2020-02-14 13:00:00,27.143826
2020-02-14 14:00:00,28.052208
2020-02-14 15:00:00,28.68779
2020-02-14 16:00:00,28.98703
2020-02-14 17:00:00,30.958054
2020-02-14 18:00:00,28.184479
2020-02-14 19:00:00,25.050827
2020-02-14 20:00:00,24.92703
2020-02-14 21:00:00,26.956661
2020-02-14 22:00:00,29.53659
2020-02-14 23:00:00,28.838322
2020-02-15 00:00:00,27.125656
2020-02-15 01:00:00,26.092937
2020-02-15 02:00:00,25.31152
2020-02-15 03:00:00,25.72408
2020-02-15 04:00:00,27.812195
2020-02-15 05:00:00,34.119797
2020-02-15 06:00:00,42.328705
2020-02-15 07:00:00,70.453186
2020-02-15 08:00:00,70.703476
2020-02-15 09:00:00,62.958923
2020-02-15 10:00:00,49.047073
2020-02-15 11:00:00,32.812088
2020-02-15 12:00:00,21.57341
2020-02-15 13:00:00,21.237202
2020-02-15 14:00:00,22.777931
2020-02-15 15:00:00,22.722263
2020-02-15 16:00:00,26.629
2020-02-15 17:00:00,43.053238
2020-02-15 18:00:00,54.314804
2020-02-15 19:00:00,102.08943
2020-02-15 20:00:00,527.4382
2020-02-15 21:00:00,495.21484
2020-02-15 22:00:00,218.41924
2020-02-15 23:00:00,130.13295
2020-02-16 00:00:00,120.60544
2020-02-16 01:00:00,108.89397
2020-02-16 02:00:00,118.25838
2020-02-16 03:00:00,200.13423
2020-02-16 04:00:00,407.26404
2020-02-16 05:00:00,572.1362
2020-02-16 06:00:00,450.7373
2020-02-16 07:00:00,472.30737
2020-02-16 08:00:00,392.5257
2020-02-16 09:00:00,269.3648
2020-02-16 10:00:00,197.53273
2020-02-16 11:00:00,90.95973
2020-02-16 12:00:00,44.20047
2020-02-16 13:00:00,40.83168
2020-02-16 14:00:00,37.27948
2020-02-16 15:00:00,36.88344
2020-02-16 16:00:00,33.661575
2020-02-16 17:00:00,31.435883
2020-02-16 18:00:00,31.287354
2020-02-16 19:00:00,31.358124
2020-02-16 20:00:00,28.807592
2020-02-16 21:00:00,26.36432
2020-02-16 22:00:00,29.416428
2020-02-16 23:00:00,27.488102
2020-02-17 00:00:00,30.837051
2020-02-17 01:00:00,42.342453
2020-02-17 02:00:00,52.59645
2020-02-17 03:00:00,58.807083
2020-02-17 04:00:00,66.30147
2020-02-17 05:00:00,64.63982
2020-02-17 06:00:00,86.60458
2020-02-17 07:00:00,125.173584
2020-02-17 08:00:00,141.46776
2020-02-17 09:00:00,140.35251
2020-02-17 10:00:00,79.19812
2020-02-17 11:00:00,80.78737
2020-02-17 12:00:00,25.139374
2020-02-17 13:00:00,18.301994
2020-02-17 14:00:00,18.902254
2020-02-17 15:00:00,19.78772
2020-02-17 16:00:00,21.26912
2020-02-17 17:00:00,20.93731
2020-02-17 18:00:00,19.699064
2020-02-17 19:00:00,18.431917
2020-02-17 20:00:00,17.166714
2020-02-17 21:00:00,18.953445
2020-02-17 22:00:00,25.22763
2020-02-17 23:00:00,34.786713
2020-02-18 00:00:00,32.190052
2020-02-18 01:00:00,34.945923
2020-02-18 02:00:00,39.218536
2020-02-18 03:00:00,42.379288
2020-02-18 04:00:00,50.681305
2020-02-18 05:00:00,65.03865
2020-02-18 06:00:00,97.22475
2020-02-18 07:00:00,118.80472
2020-02-18 08:00:00,137.91365
2020-02-18 09:00:00,114.283325
2020-02-18 10:00:00,146.64676
2020-02-18 11:00:00,103.27942
2020-02-18 12:00:00,60.10486
2020-02-18 13:00:00,71.93591
2020-02-18 14:00:00,64.4884
2020-02-18 15:00:00,58.578217
2020-02-18 16:00:00,61.126343
2020-02-18 17:00:00,48.31906
2020-02-18 18:00:00,58.651566
2020-02-18 19:00:00,38.240173
2020-02-18 20:00:00,53.368713
2020-02-18 21:00:00,43.975327
2020-02-18 22:00:00,31.564041
2020-02-18 23:00:00,24.442993
2020-02-19 00:00:00,25.997375
2020-02-19 01:00:00,26.776031
2020-02-19 02:00:00,25.992218
2020-02-19 03:00:00,30.955246
2020-02-19 04:00:00,35.96086
2020-02-19 05:00:00,69.08171
2020-02-19 06:00:00,81.44232
2020-02-19 07:00:00,83.44562
2020-02-19 08:00:00,85.37431
2020-02-19 09:00:00,88.52576
2020-02-19 10:00:00,75.87366
2020-02-19 11:00:00,53.890427
2020-02-19 12:00:00,35.460587
2020-02-19 13:00:00,24.901094
2020-02-19 14:00:00,26.829483
2020-02-19 15:00:00,27.057377
2020-02-19 16:00:00,26.795279
2020-02-19 17:00:00,26.463787
2020-02-19 18:00:00,25.981335
2020-02-19 19:00:00,25.664757
2020-02-19 20:00:00,22.997944
2020-02-19 21:00:00,25.232761
2020-02-19 22:00:00,23.713608
2020-02-19 23:00:00,22.490194
2020-02-20 00:00:00,22.69121
2020-02-20 01:00:00,22.909851
2020-02-20 02:00:00,22.678432
2020-02-20 03:00:00,22.930567
2020-02-20 04:00:00,23.452457
2020-02-20 05:00:00,27.567822
2020-02-20 06:00:00,32.71199
2020-02-20 07:00:00,37.710022
2020-02-20 08:00:00,41.928604
2020-02-20 09:00:00,40.80873
2020-02-20 10:00:00,37.50688
2020-02-20 11:00:00,30.945408
2020-02-20 12:00:00,24.891594
2020-02-20 13:00:00,23.518948
2020-02-20 14:00:00,23.990414
2020-02-20 15:00:00,23.558895
2020-02-20 16:00:00,24.472107
2020-02-20 17:00:00,25.099403
2020-02-20 18:00:00,25.911184
2020-02-20 19:00:00,26.598524
2020-02-20 20:00:00,26.757519
2020-02-20 21:00:00,26.930403
2020-02-20 22:00:00,27.372442
2020-02-20 23:00:00,26.469898
2020-02-21 00:00:00,26.577612
2020-02-21 01:00:00,27.298628
2020-02-21 02:00:00,27.827085
2020-02-21 03:00:00,28.134212
2020-02-21 04:00:00,28.377577
2020-02-21 05:00:00,30.569504
2020-02-21 06:00:00,35.640717
2020-02-21 07:00:00,38.27211
2020-02-21 08:00:00,38.850067
2020-02-21 09:00:00,33.252945
2020-02-21 10:00:00,31.096474
2020-02-21 11:00:00,24.176634
2020-02-21 12:00:00,25.09185
2020-02-21 13:00:00,27.159143
2020-02-21 14:00:00,30.211128
2020-02-21 15:00:00,25.486376
2020-02-21 16:00:00,23.965816
2020-02-21 17:00:00,24.216629
2020-02-21 18:00:00,23.994373
2020-02-21 19:00:00,24.603996
2020-02-21 20:00:00,27.396046
2020-02-21 21:00:00,26.478535
2020-02-21 22:00:00,25.050642
2020-02-21 23:00:00,33.507957
2020-02-22 00:00:00,30.47004
2020-02-22 01:00:00,27.701443
2020-02-22 02:00:00,25.59023
2020-02-22 03:00:00,25.342121
2020-02-22 04:00:00,25.110468
2020-02-22 05:00:00,24.41977
2020-02-22 06:00:00,26.113432
2020-02-22 07:00:00,24.547928
2020-02-22 08:00:00,23.908234
2020-02-22 09:00:00,29.84166
2020-02-22 10:00:00,27.03294
2020-02-22 11:00:00,130.6337
2020-02-22 12:00:00,49.5793
2020-02-22 13:00:00,33.87268
2020-02-22 14:00:00,29.32217
2020-02-22 15:00:00,21.385832
2020-02-22 16:00:00,18.924255
2020-02-22 17:00:00,19.29168
2020-02-22 18:00:00,21.569641
2020-02-22 19:00:00,20.67893
2020-02-22 20:00:00,24.602531
2020-02-22 21:00:00,27.761333
2020-02-22 22:00:00,20.88676
2020-02-22 23:00:00,26.846264
2020-02-23 00:00:00,29.127945
2020-02-23 01:00:00,29.477097
2020-02-23 02:00:00,29.572071
2020-02-23 03:00:00,23.164883
2020-02-23 04:00:00,27.807999
2020-02-23 05:00:00,31.106659
2020-02-23 06:00:00,47.67865
2020-02-23 07:00:00,70.03586
2020-02-23 08:00:00,82.97003
2020-02-23 09:00:00,84.08522
2020-02-23 10:00:00,69.19377
2020-02-23 11:00:00,53.012054
2020-02-23 12:00:00,27.338638
2020-02-23 13:00:00,19.948181
2020-02-23 14:00:00,18.9622
2020-02-23 15:00:00,19.378422
2020-02-23 16:00:00,22.831778
2020-02-23 17:00:00,25.630203
2020-02-23 18:00:00,25.872871
2020-02-23 19:00:00,28.105003
2020-02-23 20:00:00,27.680296
2020-02-23 21:00:00,28.545826
2020-02-23 22:00:00,31.769901
2020-02-23 23:00:00,35.290756
2020-02-24 00:00:00,38.573036
2020-02-24 01:00:00,34.65403
2020-02-24 02:00:00,38.17805
2020-02-24 03:00:00,36.622147
2020-02-24 04:00:00,35.122646
2020-02-24 05:00:00,31.972572
2020-02-24 06:00:00,44.330475
2020-02-24 07:00:00,49.432297
2020-02-24 08:00:00,107.34604
2020-02-24 09:00:00,108.17871
2020-02-24 10:00:00,72.24281
2020-02-24 11:00:00,28.58031
2020-02-24 12:00:00,19.721882
2020-02-24 13:00:00,26.448288
2020-02-24 14:00:00,38.594746
2020-02-24 15:00:00,43.31651
2020-02-24 16:00:00,53.91158
2020-02-24 17:00:00,55.47941
2020-02-24 18:00:00,53.513947
2020-02-24 19:00:00,44.045563
2020-02-24 20:00:00,28.82515
2020-02-24 21:00:00,27.549225
2020-02-24 22:00:00,29.986435
2020-02-24 23:00:00,30.245483
2020-02-25 00:00:00,26.800285
2020-02-25 01:00:00,26.465958
2020-02-25 02:00:00,25.976181
2020-02-25 03:00:00,28.025177
2020-02-25 04:00:00,33.07469
2020-02-25 05:00:00,35.032227
2020-02-25 06:00:00,98.62428
2020-02-25 07:00:00,147.95543
2020-02-25 08:00:00,203.51425
2020-02-25 09:00:00,193.72539
2020-02-25 10:00:00,82.56964
2020-02-25 11:00:00,34.487488
2020-02-25 12:00:00,28.01949
2020-02-25 13:00:00,29.676113
2020-02-25 14:00:00,27.571722
2020-02-25 15:00:00,25.847382
2020-02-25 16:00:00,24.848625
2020-02-25 17:00:00,24.21221
2020-02-25 18:00:00,24.000978
2020-02-25 19:00:00,24.815708
2020-02-25 20:00:00,25.199417
2020-02-25 21:00:00,24.575064
2020-02-25 22:00:00,30.567734
2020-02-25 23:00:00,28.891907
2020-02-26 00:00:00,29.60199
2020-02-26 01:00:00,30.031921
2020-02-26 02:00:00,29.753021
2020-02-26 03:00:00,32.866074
2020-02-26 04:00:00,38.853363
2020-02-26 05:00:00,51.960358
2020-02-26 06:00:00,61.460953
2020-02-26 07:00:00,80.48253
2020-02-26 08:00:00,104.29886
2020-02-26 09:00:00,109.14665
2020-02-26 10:00:00,91.25464
2020-02-26 11:00:00,78.075806
2020-02-26 12:00:00,61.87686
2020-02-26 13:00:00,48.62114
2020-02-26 14:00:00,39.79889
2020-02-26 15:00:00,33.06758
2020-02-26 16:00:00,31.052734
2020-02-26 17:00:00,31.078491
2020-02-26 18:00:00,30.406433
2020-02-26 19:00:00,29.272125
2020-02-26 20:00:00,29.44812
2020-02-26 21:00:00,36.033035
2020-02-26 22:00:00,34.43747
2020-02-26 23:00:00,67.289566
2020-02-27 00:00:00,72.81557
2020-02-27 01:00:00,49.19222
2020-02-27 02:00:00,232.44887
2020-02-27 03:00:00,231.92728
2020-02-27 04:00:00,98.09462
2020-02-27 05:00:00,104.325195
2020-02-27 06:00:00,104.2912
2020-02-27 07:00:00,131.23897
2020-02-27 08:00:00,126.23721
2020-02-27 09:00:00,134.81813
2020-02-27 10:00:00,85.49756
2020-02-27 11:00:00,54.192337
2020-02-27 12:00:00,51.02092
2020-02-27 13:00:00,39.60785
2020-02-27 14:00:00,44.022766
2020-02-27 15:00:00,41.11949
2020-02-27 16:00:00,50.3683
2020-02-27 17:00:00,38.904404
2020-02-27 18:00:00,39.184616
2020-02-27 19:00:00,40.669388
2020-02-27 20:00:00,39.461227
2020-02-27 21:00:00,25.644852
2020-02-27 22:00:00,27.484268
2020-02-27 23:00:00,27.19889
2020-02-28 00:00:00,26.373013
2020-02-28 01:00:00,21.559032
2020-02-28 02:00:00,21.679268
2020-02-28 03:00:00,32.187057
2020-02-28 04:00:00,45.078934
2020-02-28 05:00:00,89.93529
2020-02-28 06:00:00,138.4781
2020-02-28 07:00:00,148.97275
2020-02-28 08:00:00,169.33789
2020-02-28 09:00:00,165.334
2020-02-28 10:00:00,116.888824
2020-02-28 11:00:00,95.09888
2020-02-28 12:00:00,43.655
2020-02-28 13:00:00,21.406284
2020-02-28 14:00:00,16.960434
2020-02-28 15:00:00,17.574501
2020-02-28 16:00:00,19.851204
2020-02-28 17:00:00,21.390545
2020-02-28 18:00:00,21.762085
2020-02-28 19:00:00,22.02018
2020-02-28 20:00:00,22.49697
2020-02-28 21:00:00,23.207401
2020-02-28 22:00:00,22.585548
2020-02-28 23:00:00,22.757294
2020-02-29 00:00:00,23.480207
2020-02-29 01:00:00,23.874002
2020-02-29 02:00:00,24.871334
2020-02-29 03:00:00,30.58108
2020-02-29 04:00:00,40.255356
2020-02-29 05:00:00,44.55475
2020-02-29 06:00:00,74.04967
2020-02-29 07:00:00,101.14531
2020-02-29 08:00:00,118.1284
2020-02-29 09:00:00,115.15825
2020-02-29 10:00:00,80.821075
2020-02-29 11:00:00,46.905098
2020-02-29 12:00:00,23.258812
2020-02-29 13:00:00,18.050648
2020-02-29 14:00:00,19.176434
2020-02-29 15:00:00,22.233791
2020-02-29 16:00:00,22.974373
2020-02-29 17:00:00,22.740211
2020-02-29 18:00:00,22.452305
2020-02-29 19:00:00,22.403488
2020-02-29 20:00:00,22.717789
2020-02-29 21:00:00,22.980877
2020-02-29 22:00:00,24.766788
2020-02-29 23:00:00,23.4188
2020-03-01 00:00:00,23.679764
2020-03-01 01:00:00,23.366644
2020-03-01 02:00:00,23.96985
2020-03-01 03:00:00,24.67418
2020-03-01 04:00:00,25.674347
2020-03-01 05:00:00,32.097748
2020-03-01 06:00:00,34.39308
2020-03-01 07:00:00,53.374832
2020-03-01 08:00:00,61.19557
2020-03-01 09:00:00,55.751007
2020-03-01 10:00:00,45.194
2020-03-01 11:00:00,23.181244
2020-03-01 12:00:00,21.768902
2020-03-01 13:00:00,24.547365
2020-03-01 14:00:00,23.012676
2020-03-01 15:00:00,24.326118
2020-03-01 16:00:00,23.924503
2020-03-01 17:00:00,22.370173
2020-03-01 18:00:00,21.024635
2020-03-01 19:00:00,20.558434
2020-03-01 20:00:00,20.732067
2020-03-01 21:00:00,20.834549
2020-03-01 22:00:00,26.562614
2020-03-01 23:00:00,21.850584
2020-03-02 00:00:00,22.4985
2020-03-02 01:00:00,23.225863
2020-03-02 02:00:00,23.449558
2020-03-02 03:00:00,25.356949
2020-03-02 04:00:00,27.942852
2020-03-02 05:00:00,25.535309
2020-03-02 06:00:00,39.22943
2020-03-02 07:00:00,66.62938
2020-03-02 08:00:00,89.69284
2020-03-02 09:00:00,86.90932
2020-03-02 10:00:00,137.60335
2020-03-02 11:00:00,82.30006
2020-03-02 12:00:00,22.494324
2020-03-02 13:00:00,25.037987
2020-03-02 14:00:00,30.794346
2020-03-02 15:00:00,30.549637
2020-03-02 16:00:00,28.971535
2020-03-02 17:00:00,26.569061
2020-03-02 18:00:00,23.142492
2020-03-02 19:00:00,22.505955
2020-03-02 20:00:00,22.38852
2020-03-02 21:00:00,21.2616
2020-03-02 22:00:00,28.70137
2020-03-02 23:00:00,30.604004
2020-03-03 00:00:00,29.262024
2020-03-03 01:00:00,31.983768
2020-03-03 02:00:00,27.128658
2020-03-03 03:00:00,34.094536
2020-03-03 04:00:00,201.92729
2020-03-03 05:00:00,153.12035
2020-03-03 06:00:00,164.91177
2020-03-03 07:00:00,189.06526
2020-03-03 08:00:00,215.5552
2020-03-03 09:00:00,183.94197
2020-03-03 10:00:00,138.838
2020-03-03 11:00:00,147.22919
2020-03-03 12:00:00,78.77431
2020-03-03 13:00:00,77.8401
2020-03-03 14:00:00,68.448074
2020-03-03 15:00:00,54.83281
2020-03-03 16:00:00,54.013947
2020-03-03 17:00:00,54.261726
2020-03-03 18:00:00,53.61228
2020-03-03 19:00:00,45.78302
2020-03-03 20:00:00,38.56301
2020-03-03 21:00:00,32.515324
2020-03-03 22:00:00,38.63858
2020-03-03 23:00:00,38.48413
2020-03-04 00:00:00,37.34198
2020-03-04 01:00:00,36.26818
2020-03-04 02:00:00,38.041943
2020-03-04 03:00:00,54.77692
2020-03-04 04:00:00,82.38332
2020-03-04 05:00:00,115.38219
2020-03-04 06:00:00,209.02788
2020-03-04 07:00:00,268.44797
2020-03-04 08:00:00,263.91544
2020-03-04 09:00:00,255.5901
2020-03-04 10:00:00,305.17212
2020-03-04 11:00:00,204.9434
2020-03-04 12:00:00,95.9756
2020-03-04 13:00:00,28.500683
2020-03-04 14:00:00,21.508413
2020-03-04 15:00:00,24.313702
2020-03-04 16:00:00,26.315002
2020-03-04 17:00:00,25.709213
2020-03-04 18:00:00,25.559284
2020-03-04 19:00:00,24.386667
2020-03-04 20:00:00,23.080616
2020-03-04 21:00:00,22.182325
2020-03-04 22:00:00,25.245213
2020-03-04 23:00:00,22.507217
2020-03-05 00:00:00,21.791855
2020-03-05 01:00:00,21.996452
2020-03-05 02:00:00,23.335545
2020-03-05 03:00:00,27.581978
2020-03-05 04:00:00,61.22204
2020-03-05 05:00:00,88.03844
2020-03-05 06:00:00,120.10892
2020-03-05 07:00:00,205.94727
2020-03-05 08:00:00,247.2616
2020-03-05 09:00:00,228.67937
2020-03-05 10:00:00,180.91443
2020-03-05 11:00:00,88.691086
2020-03-05 12:00:00,77.98335
2020-03-05 13:00:00,42.18161
2020-03-05 14:00:00,59.554626
2020-03-05 15:00:00,70.825195
2020-03-05 16:00:00,88.128006
2020-03-05 17:00:00,79.90509
2020-03-05 18:00:00,140.94159
2020-03-05 19:00:00,241.12462
2020-03-05 20:00:00,243.6047
2020-03-05 21:00:00,244.47946
2020-03-05 22:00:00,270.65982
2020-03-05 23:00:00,349.51544
2020-03-06 00:00:00,310.873
2020-03-06 01:00:00,289.70972
2020-03-06 02:00:00,187.34662
2020-03-06 03:00:00,226.33112
2020-03-06 04:00:00,349.35187
2020-03-06 05:00:00,628.21216
2020-03-06 06:00:00,630.7771
2020-03-06 07:00:00,596.996
2020-03-06 08:00:00,498.8742
2020-03-06 09:00:00,430.4963
2020-03-06 10:00:00,454.32425
2020-03-06 11:00:00,420.3042
2020-03-06 12:00:00,298.32965
2020-03-06 13:00:00,186.36555
2020-03-06 14:00:00,165.82848
2020-03-06 15:00:00,111.36673
2020-03-06 16:00:00,97.66174
2020-03-06 17:00:00,59.811035
2020-03-06 18:00:00,39.879395
2020-03-06 19:00:00,41.009552
2020-03-06 20:00:00,61.045563
2020-03-06 21:00:00,80.05742
2020-03-06 22:00:00,126.22557
2020-03-06 23:00:00,140.3224
2020-03-07 00:00:00,161.5325
2020-03-07 01:00:00,182.9562
2020-03-07 02:00:00,198.46332
2020-03-07 03:00:00,237.4404
2020-03-07 04:00:00,234.05739
2020-03-07 05:00:00,211.05695
2020-03-07 06:00:00,269.86066
2020-03-07 07:00:00,267.80145
2020-03-07 08:00:00,296.1927
2020-03-07 09:00:00,248.94557
2020-03-07 10:00:00,246.56593
2020-03-07 11:00:00,198.43562
2020-03-07 12:00:00,211.63846
2020-03-07 13:00:00,152.02115
2020-03-07 14:00:00,139.0056
2020-03-07 15:00:00,55.39073
2020-03-07 16:00:00,44.982468
2020-03-07 17:00:00,45.05446
2020-03-07 18:00:00,38.039734
2020-03-07 19:00:00,32.355682
2020-03-07 20:00:00,28.95832
2020-03-07 21:00:00,28.950573
2020-03-07 22:00:00,42.44151
2020-03-07 23:00:00,42.415726
2020-03-08 00:00:00,40.56137
2020-03-08 01:00:00,37.530453
2020-03-08 02:00:00,40.370087
2020-03-08 03:00:00,42.904877
2020-03-08 04:00:00,51.272568
2020-03-08 05:00:00,88.302704
2020-03-08 06:00:00,132.36075
2020-03-08 07:00:00,165.72414
2020-03-08 08:00:00,186.47621
2020-03-08 09:00:00,172.14752
2020-03-08 10:00:00,130.0709
2020-03-08 11:00:00,97.83917
2020-03-08 12:00:00,52.851048
2020-03-08 13:00:00,26.240236
2020-03-08 14:00:00,23.57513
2020-03-08 15:00:00,23.506058
2020-03-08 16:00:00,23.687447
2020-03-08 17:00:00,23.881475
2020-03-08 18:00:00,23.601234
2020-03-08 19:00:00,22.711414
2020-03-08 20:00:00,22.952286
2020-03-08 21:00:00,23.586878
2020-03-08 22:00:00,26.08807
2020-03-08 23:00:00,24.166828
2020-03-09 00:00:00,22.650135
2020-03-09 01:00:00,22.342957
2020-03-09 02:00:00,22.967175
2020-03-09 03:00:00,24.12815
2020-03-09 04:00:00,28.343002
2020-03-09 05:00:00,36.45349
2020-03-09 06:00:00,60.554947
2020-03-09 07:00:00,77.4413
2020-03-09 08:00:00,92.95244
2020-03-09 09:00:00,93.03027
2020-03-09 10:00:00,131.68927
2020-03-09 11:00:00,115.645645
2020-03-09 12:00:00,42.38826
2020-03-09 13:00:00,24.19582
2020-03-09 14:00:00,26.08991
2020-03-09 15:00:00,28.547415
2020-03-09 16:00:00,28.386463
2020-03-09 17:00:00,25.700153
2020-03-09 18:00:00,23.660381
2020-03-09 19:00:00,23.387592
2020-03-09 20:00:00,22.863918
2020-03-09 21:00:00,23.994946
2020-03-09 22:00:00,22.863398
2020-03-09 23:00:00,24.011366
2020-03-10 00:00:00,22.889126
2020-03-10 01:00:00,24.209358
2020-03-10 02:00:00,25.331875
2020-03-10 03:00:00,34.147514
2020-03-10 04:00:00,110.36024
2020-03-10 05:00:00,155.87714
2020-03-10 06:00:00,198.25551
2020-03-10 07:00:00,245.43376
2020-03-10 08:00:00,290.82236
2020-03-10 09:00:00,296.42706
2020-03-10 10:00:00,243.45361
2020-03-10 11:00:00,164.92061
2020-03-10 12:00:00,62.16533
2020-03-10 13:00:00,20.176409
2020-03-10 14:00:00,21.484507
2020-03-10 15:00:00,23.510517
2020-03-10 16:00:00,24.629845
2020-03-10 17:00:00,25.036165
2020-03-10 18:00:00,23.810827
2020-03-10 19:00:00,27.646244
2020-03-10 20:00:00,25.733965
2020-03-10 21:00:00,23.651142
2020-03-10 22:00:00,24.650557
2020-03-10 23:00:00,23.060646
2020-03-11 00:00:00,20.664513
2020-03-11 01:00:00,20.059656
2020-03-11 02:00:00,20.62784
2020-03-11 03:00:00,26.7464
2020-03-11 04:00:00,108.39256
2020-03-11 05:00:00,176.09976
2020-03-11 06:00:00,232.24077
2020-03-11 07:00:00,294.88608
2020-03-11 08:00:00,329.82645
2020-03-11 09:00:00,349.90985
2020-03-11 10:00:00,271.02676
2020-03-11 11:00:00,185.2891
2020-03-11 12:00:00,70.071526
2020-03-11 13:00:00,18.873413
2020-03-11 14:00:00,16.68106
2020-03-11 15:00:00,19.114819
2020-03-11 16:00:00,21.666058
2020-03-11 17:00:00,22.15891
2020-03-11 18:00:00,21.181404
2020-03-11 19:00:00,20.858116
2020-03-11 20:00:00,21.096218
2020-03-11 21:00:00,21.129948
2020-03-11 22:00:00,24.231316
2020-03-11 23:00:00,24.395882
2020-03-12 00:00:00,22.799618
2020-03-12 01:00:00,22.58094
2020-03-12 02:00:00,20.803192
2020-03-12 03:00:00,26.928188
2020-03-12 04:00:00,77.68199
2020-03-12 05:00:00,132.20166
2020-03-12 06:00:00,200.24742
2020-03-12 07:00:00,253.55075
2020-03-12 08:00:00,286.1751
2020-03-12 09:00:00,276.96722
2020-03-12 10:00:00,241.36488
2020-03-12 11:00:00,168.37157
2020-03-12 12:00:00,58.54831
2020-03-12 13:00:00,25.203003
2020-03-12 14:00:00,22.28099
2020-03-12 15:00:00,22.661087
2020-03-12 16:00:00,26.907791
2020-03-12 17:00:00,29.472977
2020-03-12 18:00:00,26.653152
2020-03-12 19:00:00,25.37259
2020-03-12 20:00:00,26.341782
2020-03-12 21:00:00,28.159973
2020-03-12 22:00:00,35.24411
2020-03-12 23:00:00,30.509079
2020-03-13 00:00:00,33.210835
2020-03-13 01:00:00,29.810467
2020-03-13 02:00:00,26.280731
2020-03-13 03:00:00,26.507675
2020-03-13 04:00:00,95.86212
2020-03-13 05:00:00,157.46323
2020-03-13 06:00:00,198.18526
2020-03-13 07:00:00,289.63416
2020-03-13 08:00:00,299.90848
2020-03-13 09:00:00,337.2185
2020-03-13 10:00:00,279.33374
2020-03-13 11:00:00,177.001
2020-03-13 12:00:00,72.93998
2020-03-13 13:00:00,25.882439
2020-03-13 14:00:00,23.016624
2020-03-13 15:00:00,21.85062
2020-03-13 16:00:00,20.743397
2020-03-13 17:00:00,19.900406
2020-03-13 18:00:00,19.755325
2020-03-13 19:00:00,19.690777
2020-03-13 20:00:00,19.52927
2020-03-13 21:00:00,19.80669
2020-03-13 22:00:00,20.324028
2020-03-13 23:00:00,20.037178
2020-03-14 00:00:00,19.75011
2020-03-14 01:00:00,19.823265
2020-03-14 02:00:00,20.024231
2020-03-14 03:00:00,22.218529
2020-03-14 04:00:00,49.33771
2020-03-14 05:00:00,123.7253
2020-03-14 06:00:00,182.24477
2020-03-14 07:00:00,242.63805
2020-03-14 08:00:00,300.0353
2020-03-14 09:00:00,320.13177
2020-03-14 10:00:00,272.3181
2020-03-14 11:00:00,162.39467
2020-03-14 12:00:00,76.36389
2020-03-14 13:00:00,21.707363
2020-03-14 14:00:00,22.380604
2020-03-14 15:00:00,21.431221
2020-03-14 16:00:00,20.730495
2020-03-14 17:00:00,20.869204
2020-03-14 18:00:00,22.10812
2020-03-14 19:00:00,25.51162
2020-03-14 20:00:00,25.699488
2020-03-14 21:00:00,26.556183
2020-03-14 22:00:00,28.13602
2020-03-14 23:00:00,29.336441
2020-03-15 00:00:00,22.14356
2020-03-15 01:00:00,22.659676
2020-03-15 02:00:00,23.05753
2020-03-15 03:00:00,27.152431
2020-03-15 04:00:00,59.540924
2020-03-15 05:00:00,136.27548
2020-03-15 06:00:00,239.1472
2020-03-15 07:00:00,315.51694
2020-03-15 08:00:00,380.71097
2020-03-15 09:00:00,388.42645
2020-03-15 10:00:00,286.1922
2020-03-15 11:00:00,195.68816
2020-03-15 12:00:00,73.126854
2020-03-15 13:00:00,31.949678
2020-03-15 14:00:00,22.156412
2020-03-15 15:00:00,19.754635
2020-03-15 16:00:00,20.158216
2020-03-15 17:00:00,20.551876
2020-03-15 18:00:00,20.640057
2020-03-15 19:00:00,21.099876
2020-03-15 20:00:00,21.545357
2020-03-15 21:00:00,21.709888
2020-03-15 22:00:00,22.223948
2020-03-15 23:00:00,20.038914
2020-03-16 00:00:00,20.36647
2020-03-16 01:00:00,20.341568
2020-03-16 02:00:00,20.96376
2020-03-16 03:00:00,23.982529
2020-03-16 04:00:00,52.801636
2020-03-16 05:00:00,117.683914
2020-03-16 06:00:00,163.80171
2020-03-16 07:00:00,213.0912
2020-03-16 08:00:00,245.29274
2020-03-16 09:00:00,248.93112
2020-03-16 10:00:00,188.24014
2020-03-16 11:00:00,121.29402
2020-03-16 12:00:00,36.77642
2020-03-16 13:00:00,22.229626
2020-03-16 14:00:00,20.525738
2020-03-16 15:00:00,21.461702
2020-03-16 16:00:00,21.071026
2020-03-16 17:00:00,20.598944
2020-03-16 18:00:00,20.835693
2020-03-16 19:00:00,20.939392
2020-03-16 20:00:00,21.116488
2020-03-16 21:00:00,21.12463
2020-03-16 22:00:00,28.273811
2020-03-16 23:00:00,22.363941
2020-03-17 00:00:00,21.775818
2020-03-17 01:00:00,22.295956
2020-03-17 02:00:00,23.83748
2020-03-17 03:00:00,26.452034
2020-03-17 04:00:00,41.17996
2020-03-17 05:00:00,105.272446
2020-03-17 06:00:00,150.39726
2020-03-17 07:00:00,273.41748
2020-03-17 08:00:00,361.69867
2020-03-17 09:00:00,354.15012
2020-03-17 10:00:00,328.1372
2020-03-17 11:00:00,95.27219
2020-03-17 12:00:00,40.200806
2020-03-17 13:00:00,28.09407
2020-03-17 14:00:00,29.375977
2020-03-17 15:00:00,27.856344
2020-03-17 16:00:00,27.73982
2020-03-17 17:00:00,28.928005
2020-03-17 18:00:00,30.018677
2020-03-17 19:00:00,30.280869
2020-03-17 20:00:00,31.076126
2020-03-17 21:00:00,27.438707
2020-03-17 22:00:00,25.34724
2020-03-17 23:00:00,22.9543
2020-03-18 00:00:00,23.881096
2020-03-18 01:00:00,20.746271
2020-03-18 02:00:00,21.707554
2020-03-18 03:00:00,33.06687
2020-03-18 04:00:00,89.433426
2020-03-18 05:00:00,102.37729
2020-03-18 06:00:00,247.79387
2020-03-18 07:00:00,329.1501
2020-03-18 08:00:00,457.50702
2020-03-18 09:00:00,461.17017
2020-03-18 10:00:00,239.23184
2020-03-18 11:00:00,159.01596
2020-03-18 12:00:00,100.71344
2020-03-18 13:00:00,33.92892
2020-03-18 14:00:00,20.661282
2020-03-18 15:00:00,17.016533
2020-03-18 16:00:00,17.969463
2020-03-18 17:00:00,21.981838
2020-03-18 18:00:00,25.687115
2020-03-18 19:00:00,25.462215
2020-03-18 20:00:00,23.228811
2020-03-18 21:00:00,22.698753
2020-03-18 22:00:00,35.743332
2020-03-18 23:00:00,27.630035
2020-03-19 00:00:00,27.27945
2020-03-19 01:00:00,26.322662
2020-03-19 02:00:00,27.658356
2020-03-19 03:00:00,49.7087
2020-03-19 04:00:00,118.62524
2020-03-19 05:00:00,213.65982
2020-03-19 06:00:00,363.43024
2020-03-19 07:00:00,451.08774
2020-03-19 08:00:00,523.7394
2020-03-19 09:00:00,361.12988
2020-03-19 10:00:00,301.65485
2020-03-19 11:00:00,155.48772
2020-03-19 12:00:00,132.40573
2020-03-19 13:00:00,147.14719
2020-03-19 14:00:00,106.455185
2020-03-19 15:00:00,116.41994
2020-03-19 16:00:00,92.744934
2020-03-19 17:00:00,86.29379
2020-03-19 18:00:00,93.59105
2020-03-19 19:00:00,89.442
2020-03-19 20:00:00,123.74063
2020-03-19 21:00:00,81.395615
2020-03-19 22:00:00,105.76616
2020-03-19 23:00:00,79.10451
2020-03-20 00:00:00,52.725403
2020-03-20 01:00:00,41.920303
2020-03-20 02:00:00,60.726715
2020-03-20 03:00:00,83.02699
2020-03-20 04:00:00,152.95233
2020-03-20 05:00:00,273.56378
2020-03-20 06:00:00,343.24084
2020-03-20 07:00:00,434.12036
2020-03-20 08:00:00,490.67224
2020-03-20 09:00:00,514.4568
2020-03-20 10:00:00,420.29346
2020-03-20 11:00:00,238.702
2020-03-20 12:00:00,104.152695
2020-03-20 13:00:00,39.487053
2020-03-20 14:00:00,24.902073
2020-03-20 15:00:00,24.216415
2020-03-20 16:00:00,23.95375
2020-03-20 17:00:00,24.828384
2020-03-20 18:00:00,24.558884
2020-03-20 19:00:00,24.990112
2020-03-20 20:00:00,24.015366
2020-03-20 21:00:00,23.36436
2020-03-20 22:00:00,26.574661
2020-03-20 23:00:00,23.800745
2020-03-21 00:00:00,23.670189
2020-03-21 01:00:00,23.414022
2020-03-21 02:00:00,23.641068
2020-03-21 03:00:00,27.420956
2020-03-21 04:00:00,87.70496
2020-03-21 05:00:00,139.92395
2020-03-21 06:00:00,220.2453
2020-03-21 07:00:00,348.67865
2020-03-21 08:00:00,446.0692
2020-03-21 09:00:00,435.86246
2020-03-21 10:00:00,431.74838
2020-03-21 11:00:00,177.9567
2020-03-21 12:00:00,94.64732
2020-03-21 13:00:00,185.32117
2020-03-21 14:00:00,236.41948
2020-03-21 15:00:00,100.63521
2020-03-21 16:00:00,162.40532
2020-03-21 17:00:00,134.70819
2020-03-21 18:00:00,118.04555
2020-03-21 19:00:00,132.14957
2020-03-21 20:00:00,112.99495
2020-03-21 21:00:00,66.72728
2020-03-21 22:00:00,30.47493
2020-03-21 23:00:00,32.754196
2020-03-22 00:00:00,29.83754
2020-03-22 01:00:00,22.7995
2020-03-22 02:00:00,22.76263
2020-03-22 03:00:00,78.329285
2020-03-22 04:00:00,139.6688
2020-03-22 05:00:00,209.79936
2020-03-22 06:00:00,298.53375
2020-03-22 07:00:00,362.39502
2020-03-22 08:00:00,408.97418
2020-03-22 09:00:00,366.41882
2020-03-22 10:00:00,322.54205
2020-03-22 11:00:00,313.0218
2020-03-22 12:00:00,137.49187
2020-03-22 13:00:00,134.20969
2020-03-22 14:00:00,88.41994
2020-03-22 15:00:00,36.87741
2020-03-22 16:00:00,23.268875
2020-03-22 17:00:00,31.344341
2020-03-22 18:00:00,38.00447
2020-03-22 19:00:00,35.318985
2020-03-22 20:00:00,35.806442
2020-03-22 21:00:00,37.90518
2020-03-22 22:00:00,44.46879
2020-03-22 23:00:00,44.48045
2020-03-23 00:00:00,68.21477
2020-03-23 01:00:00,100.60018
2020-03-23 02:00:00,159.55705
2020-03-23 03:00:00,251.78694
2020-03-23 04:00:00,245.86928
2020-03-23 05:00:00,288.37134
2020-03-23 06:00:00,299.74036
2020-03-23 07:00:00,194.53429
2020-03-23 08:00:00,153.34248
2020-03-23 09:00:00,165.09029
2020-03-23 10:00:00,225.88138
2020-03-23 11:00:00,136.37483
2020-03-23 12:00:00,121.46489
2020-03-23 13:00:00,54.334305
2020-03-23 14:00:00,31.854462
2020-03-23 15:00:00,29.873215
2020-03-23 16:00:00,28.708736
2020-03-23 17:00:00,35.118645
2020-03-23 18:00:00,37.912045
2020-03-23 19:00:00,36.534554
2020-03-23 20:00:00,41.379627
2020-03-23 21:00:00,47.342087
2020-03-23 22:00:00,67.200294
2020-03-23 23:00:00,58.346386
2020-03-24 00:00:00,67.53571
2020-03-24 01:00:00,72.77308
2020-03-24 02:00:00,98.65446
2020-03-24 03:00:00,125.76958
2020-03-24 04:00:00,170.39
2020-03-24 05:00:00,272.18304
2020-03-24 06:00:00,315.19617
2020-03-24 07:00:00,387.5465
2020-03-24 08:00:00,425.36426
2020-03-24 09:00:00,471.48676
2020-03-24 10:00:00,444.28723
2020-03-24 11:00:00,358.98877
2020-03-24 12:00:00,222.34158
2020-03-24 13:00:00,75.67119
2020-03-24 14:00:00,91.48868
2020-03-24 15:00:00,48.270767
2020-03-24 16:00:00,46.066833
2020-03-24 17:00:00,56.210648
2020-03-24 18:00:00,52.379257
2020-03-24 19:00:00,60.37204
2020-03-24 20:00:00,86.848175
2020-03-24 21:00:00,99.330795
2020-03-24 22:00:00,139.18083
2020-03-24 23:00:00,172.88795
2020-03-25 00:00:00,176.94653
2020-03-25 01:00:00,141.91594
2020-03-25 02:00:00,196.82358
2020-03-25 03:00:00,202.97763
2020-03-25 04:00:00,221.55975
2020-03-25 05:00:00,265.83472
2020-03-25 06:00:00,294.02298
2020-03-25 07:00:00,376.9531
2020-03-25 08:00:00,455.92236
2020-03-25 09:00:00,478.16858
2020-03-25 10:00:00,402.2606
2020-03-25 11:00:00,360.21243
2020-03-25 12:00:00,231.2687
2020-03-25 13:00:00,124.48369
2020-03-25 14:00:00,99.1031
2020-03-25 15:00:00,77.74411
2020-03-25 16:00:00,66.79384
2020-03-25 17:00:00,57.867493
2020-03-25 18:00:00,46.604553
2020-03-25 19:00:00,44.882153
2020-03-25 20:00:00,46.745228
2020-03-25 21:00:00,48.99355
2020-03-25 22:00:00,40.45998
2020-03-25 23:00:00,53.018402
2020-03-26 00:00:00,53.873554
2020-03-26 01:00:00,69.490555
2020-03-26 02:00:00,89.69859
2020-03-26 03:00:00,129.62875
2020-03-26 04:00:00,217.25655
2020-03-26 05:00:00,277.7325
2020-03-26 06:00:00,329.04944
2020-03-26 07:00:00,389.07434
2020-03-26 08:00:00,443.85022
2020-03-26 09:00:00,453.6151
2020-03-26 10:00:00,396.97623
2020-03-26 11:00:00,353.17712
2020-03-26 12:00:00,172.34978
2020-03-26 13:00:00,85.866806
2020-03-26 14:00:00,22.650497
2020-03-26 15:00:00,25.033478
2020-03-26 16:00:00,25.824478
2020-03-26 17:00:00,26.88417
2020-03-26 18:00:00,28.36028
2020-03-26 19:00:00,28.488134
2020-03-26 20:00:00,29.630672
2020-03-26 21:00:00,27.573574
2020-03-26 22:00:00,34.06398
2020-03-26 23:00:00,19.59692
2020-03-27 00:00:00,20.730404
2020-03-27 01:00:00,23.526752
2020-03-27 02:00:00,31.828476
2020-03-27 03:00:00,85.40054
2020-03-27 04:00:00,145.78421
2020-03-27 05:00:00,244.88559
2020-03-27 06:00:00,325.35144
2020-03-27 07:00:00,401.00427
2020-03-27 08:00:00,456.7563
2020-03-27 09:00:00,462.91077
2020-03-27 10:00:00,422.50894
2020-03-27 11:00:00,284.595
2020-03-27 12:00:00,132.60666
2020-03-27 13:00:00,25.210659
2020-03-27 14:00:00,15.667799
2020-03-27 15:00:00,19.615067
2020-03-27 16:00:00,21.970284
2020-03-27 17:00:00,22.34412
2020-03-27 18:00:00,24.080503
2020-03-27 19:00:00,25.401268
2020-03-27 20:00:00,27.807594
2020-03-27 21:00:00,30.144913
2020-03-27 22:00:00,56.609116
2020-03-27 23:00:00,45.13237
2020-03-28 00:00:00,31.982725
2020-03-28 01:00:00,31.039932
2020-03-28 02:00:00,34.97661
2020-03-28 03:00:00,82.652405
2020-03-28 04:00:00,220.8096
2020-03-28 05:00:00,285.65167
2020-03-28 06:00:00,487.0036
2020-03-28 07:00:00,655.15454
2020-03-28 08:00:00,734.795
2020-03-28 09:00:00,742.5199
2020-03-28 10:00:00,771.8624
2020-03-28 11:00:00,409.79938
2020-03-28 12:00:00,202.28249
2020-03-28 13:00:00,209.69543
2020-03-28 14:00:00,323.84747
2020-03-28 15:00:00,252.04065
2020-03-28 16:00:00,346.44043
2020-03-28 17:00:00,371.54468
2020-03-28 18:00:00,337.02893
2020-03-28 19:00:00,295.6549
2020-03-28 20:00:00,110.96733
2020-03-28 21:00:00,70.13394
2020-03-28 22:00:00,53.672287
2020-03-28 23:00:00,32.302673
2020-03-29 00:00:00,39.773575
2020-03-29 01:00:00,55.182526
2020-03-29 02:00:00,54.646347
2020-03-29 03:00:00,128.5759
2020-03-29 04:00:00,223.25763
2020-03-29 05:00:00,405.56384
2020-03-29 06:00:00,535.385
2020-03-29 07:00:00,640.2219
2020-03-29 08:00:00,705.0918
2020-03-29 09:00:00,742.83496
2020-03-29 10:00:00,665.3279
2020-03-29 11:00:00,491.39066
2020-03-29 12:00:00,253.49162
2020-03-29 13:00:00,57.241955
2020-03-29 14:00:00,28.465828
2020-03-29 15:00:00,23.881243
2020-03-29 16:00:00,28.252254
2020-03-29 17:00:00,26.07394
2020-03-29 18:00:00,24.210453
2020-03-29 19:00:00,25.447664
2020-03-29 20:00:00,27.000893
2020-03-29 21:00:00,27.117474
2020-03-29 22:00:00,27.91596
2020-03-29 23:00:00,19.707867
2020-03-30 00:00:00,21.864395
2020-03-30 01:00:00,20.547808
2020-03-30 02:00:00,25.666916
2020-03-30 03:00:00,84.84669
2020-03-30 04:00:00,143.56863
2020-03-30 05:00:00,224.80391
2020-03-30 06:00:00,334.32056
2020-03-30 07:00:00,428.84436
2020-03-30 08:00:00,488.35004
2020-03-30 09:00:00,527.84155
2020-03-30 10:00:00,456.93494
2020-03-30 11:00:00,338.52338
2020-03-30 12:00:00,140.29657
2020-03-30 13:00:00,44.93103
2020-03-30 14:00:00,25.591848
2020-03-30 15:00:00,19.52153
2020-03-30 16:00:00,18.085358
2020-03-30 17:00:00,18.421362
2020-03-30 18:00:00,19.18216
2020-03-30 19:00:00,18.616062
2020-03-30 20:00:00,19.339325
2020-03-30 21:00:00,19.390224
2020-03-30 22:00:00,20.18317
2020-03-30 23:00:00,19.471718
2020-03-31 00:00:00,19.132046
2020-03-31 01:00:00,18.550167
2020-03-31 02:00:00,20.227673
2020-03-31 03:00:00,39.79733
2020-03-31 04:00:00,122.79378
2020-03-31 05:00:00,191.61946
2020-03-31 06:00:00,261.82275
2020-03-31 07:00:00,329.89325
2020-03-31 08:00:00,365.51007
2020-03-31 09:00:00,359.79626
2020-03-31 10:00:00,336.23602
2020-03-31 11:00:00,228.69807
2020-03-31 12:00:00,107.66717
2020-03-31 13:00:00,23.513588
2020-03-31 14:00:00,21.70534
2020-03-31 15:00:00,23.240868
2020-03-31 16:00:00,19.226313
2020-03-31 17:00:00,20.142803
2020-03-31 18:00:00,19.894375
2020-03-31 19:00:00,17.987293
2020-03-31 20:00:00,19.026154
2020-03-31 21:00:00,18.383266
2020-03-31 22:00:00,17.828335
2020-03-31 23:00:00,15.506079
2020-04-01 00:00:00,16.283478
2020-04-01 01:00:00,18.83472
2020-04-01 02:00:00,23.056376
2020-04-01 03:00:00,49.418015
2020-04-01 04:00:00,110.84268
2020-04-01 05:00:00,247.33598
2020-04-01 06:00:00,373.4311
2020-04-01 07:00:00,506.52255
2020-04-01 08:00:00,502.98975
2020-04-01 09:00:00,425.44193
2020-04-01 10:00:00,338.53107
2020-04-01 11:00:00,228.75702
2020-04-01 12:00:00,217.8708
2020-04-01 13:00:00,228.22263
2020-04-01 14:00:00,96.408295
2020-04-01 15:00:00,57.591263
2020-04-01 16:00:00,36.324066
2020-04-01 17:00:00,28.193665
2020-04-01 18:00:00,26.710129
2020-04-01 19:00:00,28.454407
2020-04-01 20:00:00,29.310745
2020-04-01 21:00:00,26.783829
2020-04-01 22:00:00,34.773895
2020-04-01 23:00:00,36.154266
2020-04-02 00:00:00,31.119797
2020-04-02 01:00:00,29.276413
2020-04-02 02:00:00,46.81613
2020-04-02 03:00:00,83.839615
2020-04-02 04:00:00,119.499954
2020-04-02 05:00:00,199.5646
2020-04-02 06:00:00,194.25781
2020-04-02 07:00:00,227.64249
2020-04-02 08:00:00,313.8341
2020-04-02 09:00:00,287.6938
2020-04-02 10:00:00,237.799
2020-04-02 11:00:00,225.86491
2020-04-02 12:00:00,137.78899
2020-04-02 13:00:00,67.04083
2020-04-02 14:00:00,44.977356
2020-04-02 15:00:00,38.98001
2020-04-02 16:00:00,37.78657
2020-04-02 17:00:00,28.497238
2020-04-02 18:00:00,32.643265
2020-04-02 19:00:00,37.263184
2020-04-02 20:00:00,48.228912
2020-04-02 21:00:00,33.34749
2020-04-02 22:00:00,26.035019
2020-04-02 23:00:00,38.739304
2020-04-03 00:00:00,52.896454
2020-04-03 01:00:00,46.372314
2020-04-03 02:00:00,48.11447
2020-04-03 03:00:00,100.134476
2020-04-03 04:00:00,167.21965
2020-04-03 05:00:00,246.92032
2020-04-03 06:00:00,369.27637
2020-04-03 07:00:00,558.6416
2020-04-03 08:00:00,480.45044
2020-04-03 09:00:00,459.79663
2020-04-03 10:00:00,556.3763
2020-04-03 11:00:00,348.11386
2020-04-03 12:00:00,121.78439
2020-04-03 13:00:00,35.414566
2020-04-03 14:00:00,22.976784
2020-04-03 15:00:00,22.438175
2020-04-03 16:00:00,22.933952
2020-04-03 17:00:00,23.629963
2020-04-03 18:00:00,23.380312
2020-04-03 19:00:00,20.284405
2020-04-03 20:00:00,20.066475
2020-04-03 21:00:00,18.83555
2020-04-03 22:00:00,26.039303
2020-04-03 23:00:00,20.355764
2020-04-04 00:00:00,18.49675
2020-04-04 01:00:00,19.478437
2020-04-04 02:00:00,22.970974
2020-04-04 03:00:00,49.73178
2020-04-04 04:00:00,244.9976
2020-04-04 05:00:00,545.89197
2020-04-04 06:00:00,739.88885
2020-04-04 07:00:00,898.7187
2020-04-04 08:00:00,967.4656
2020-04-04 09:00:00,980.22766
2020-04-04 10:00:00,1333.1495
2020-04-04 11:00:00,593.06665
2020-04-04 12:00:00,76.065704
2020-04-04 13:00:00,36.834908
2020-04-04 14:00:00,25.797237
2020-04-04 15:00:00,18.383148
2020-04-04 16:00:00,17.422813
2020-04-04 17:00:00,18.144573
2020-04-04 18:00:00,18.444357
2020-04-04 19:00:00,18.431648
2020-04-04 20:00:00,18.587898
2020-04-04 21:00:00,18.236565
2020-04-04 22:00:00,21.123932
2020-04-04 23:00:00,20.363487
2020-04-05 00:00:00,19.394737
2020-04-05 01:00:00,19.648912
2020-04-05 02:00:00,21.980183
2020-04-05 03:00:00,55.83943
2020-04-05 04:00:00,348.6351
2020-04-05 05:00:00,567.22345
2020-04-05 06:00:00,799.10925
2020-04-05 07:00:00,948.5
2020-04-05 08:00:00,995.186
2020-04-05 09:00:00,1016.2616
2020-04-05 10:00:00,1089.2794
2020-04-05 11:00:00,500.91254
2020-04-05 12:00:00,223.97789
2020-04-05 13:00:00,59.79758
2020-04-05 14:00:00,26.200932
2020-04-05 15:00:00,22.552769
2020-04-05 16:00:00,22.208931
2020-04-05 17:00:00,22.524307
2020-04-05 18:00:00,22.251167
2020-04-05 19:00:00,20.367208
2020-04-05 20:00:00,20.297886
2020-04-05 21:00:00,20.303719
2020-04-05 22:00:00,23.571297
2020-04-05 23:00:00,24.841293
2020-04-06 00:00:00,31.610065
2020-04-06 01:00:00,35.284386
2020-04-06 02:00:00,86.41829
2020-04-06 03:00:00,151.3536
2020-04-06 04:00:00,207.32211
2020-04-06 05:00:00,368.73273
2020-04-06 06:00:00,387.74615
2020-04-06 07:00:00,448.0136
2020-04-06 08:00:00,373.10364
2020-04-06 09:00:00,368.20114
2020-04-06 10:00:00,308.44873
2020-04-06 11:00:00,425.86823
2020-04-06 12:00:00,71.06386
2020-04-06 13:00:00,40.96659
2020-04-06 14:00:00,39.628983
2020-04-06 15:00:00,19.022095
2020-04-06 16:00:00,23.006584
2020-04-06 17:00:00,24.273012
2020-04-06 18:00:00,23.558998
2020-04-06 19:00:00,20.183968
2020-04-06 20:00:00,18.820354
2020-04-06 21:00:00,18.685173
2020-04-06 22:00:00,19.685654
2020-04-06 23:00:00,17.303436
2020-04-07 00:00:00,18.194662
2020-04-07 01:00:00,18.633245
2020-04-07 02:00:00,20.037243
2020-04-07 03:00:00,61.469833
2020-04-07 04:00:00,119.26845
2020-04-07 05:00:00,478.77158
2020-04-07 06:00:00,645.3955
2020-04-07 07:00:00,806.95953
2020-04-07 08:00:00,790.3177
2020-04-07 09:00:00,855.8026
2020-04-07 10:00:00,641.2053
2020-04-07 11:00:00,636.3795
2020-04-07 12:00:00,169.16063
2020-04-07 13:00:00,89.174225
2020-04-07 14:00:00,51.37883
2020-04-07 15:00:00,88.226204
2020-04-07 16:00:00,102.566505
2020-04-07 17:00:00,31.385078
2020-04-07 18:00:00,23.031181
2020-04-07 19:00:00,35.485565
2020-04-07 20:00:00,56.436867
2020-04-07 21:00:00,128.57542
2020-04-07 22:00:00,144.16963
2020-04-07 23:00:00,109.75639
2020-04-08 00:00:00,120.621765
2020-04-08 01:00:00,101.653656
2020-04-08 02:00:00,114.16478
2020-04-08 03:00:00,121.20235
2020-04-08 04:00:00,127.49243
2020-04-08 05:00:00,173.49121
2020-04-08 06:00:00,257.59784
2020-04-08 07:00:00,300.53528
2020-04-08 08:00:00,341.41498
2020-04-08 09:00:00,353.85834
2020-04-08 10:00:00,304.1104
2020-04-08 11:00:00,287.95233
2020-04-08 12:00:00,204.76321
2020-04-08 13:00:00,107.18175
2020-04-08 14:00:00,107.243774
2020-04-08 15:00:00,86.18269
2020-04-08 16:00:00,83.39328
2020-04-08 17:00:00,89.03552
2020-04-08 18:00:00,86.474976
2020-04-08 19:00:00,113.95311
2020-04-08 20:00:00,130.54967
2020-04-08 21:00:00,182.25781
2020-04-08 22:00:00,172.66513
2020-04-08 23:00:00,218.83331
2020-04-09 00:00:00,189.24037
2020-04-09 01:00:00,216.36313
2020-04-09 02:00:00,235.01106
2020-04-09 03:00:00,282.85156
2020-04-09 04:00:00,350.29956
2020-04-09 05:00:00,449.78156
2020-04-09 06:00:00,583.43726
2020-04-09 07:00:00,590.12354
2020-04-09 08:00:00,681.287
2020-04-09 09:00:00,588.4409
2020-04-09 10:00:00,394.93433
2020-04-09 11:00:00,344.2183
2020-04-09 12:00:00,289.7443
2020-04-09 13:00:00,215.66483
2020-04-09 14:00:00,174.00981
2020-04-09 15:00:00,84.66896
2020-04-09 16:00:00,46.281998
2020-04-09 17:00:00,91.91641
2020-04-09 18:00:00,80.17836
2020-04-09 19:00:00,56.770905
2020-04-09 20:00:00,53.09648
2020-04-09 21:00:00,52.438828
2020-04-09 22:00:00,54.189545
2020-04-09 23:00:00,45.71132
2020-04-10 00:00:00,36.636078
2020-04-10 01:00:00,36.296402
2020-04-10 02:00:00,80.096176
2020-04-10 03:00:00,116.53105
2020-04-10 04:00:00,164.89705
2020-04-10 05:00:00,228.76654
2020-04-10 06:00:00,300.75873
2020-04-10 07:00:00,337.85394
2020-04-10 08:00:00,349.51257
2020-04-10 09:00:00,335.35052
2020-04-10 10:00:00,279.29144
2020-04-10 11:00:00,227.35152
2020-04-10 12:00:00,153.16447
2020-04-10 13:00:00,66.33998
2020-04-10 14:00:00,28.962158
2020-04-10 15:00:00,23.32013
2020-04-10 16:00:00,18.949966
2020-04-10 17:00:00,18.38591
2020-04-10 18:00:00,19.342896
2020-04-10 19:00:00,19.288513
2020-04-10 20:00:00,18.455357
2020-04-10 21:00:00,21.269531
2020-04-10 22:00:00,24.203415
2020-04-10 23:00:00,24.277863
2020-04-11 00:00:00,22.542435
2020-04-11 01:00:00,26.213547
2020-04-11 02:00:00,32.054077
2020-04-11 03:00:00,48.790314
2020-04-11 04:00:00,70.03296
2020-04-11 05:00:00,146.56851
2020-04-11 06:00:00,216.51094
2020-04-11 07:00:00,327.86322
2020-04-11 08:00:00,453.3019
2020-04-11 09:00:00,503.45178
2020-04-11 10:00:00,348.86703
2020-04-11 11:00:00,115.28648
2020-04-11 12:00:00,71.77585
2020-04-11 13:00:00,26.770428
2020-04-11 14:00:00,19.094315
2020-04-11 15:00:00,16.558414
2020-04-11 16:00:00,19.153091
2020-04-11 17:00:00,21.48264
2020-04-11 18:00:00,24.360844
2020-04-11 19:00:00,24.725426
2020-04-11 20:00:00,25.497532
2020-04-11 21:00:00,26.302788
2020-04-11 22:00:00,26.705265
2020-04-11 23:00:00,22.447163
2020-04-12 00:00:00,22.582392
2020-04-12 01:00:00,21.313343
2020-04-12 02:00:00,27.846691
2020-04-12 03:00:00,65.38161
2020-04-12 04:00:00,188.71982
2020-04-12 05:00:00,389.7497
2020-04-12 06:00:00,525.69507
2020-04-12 07:00:00,623.9469
2020-04-12 08:00:00,631.3994
2020-04-12 09:00:00,569.63666
2020-04-12 10:00:00,451.5227
2020-04-12 11:00:00,133.23108
2020-04-12 12:00:00,294.56467
2020-04-12 13:00:00,122.56171
2020-04-12 14:00:00,126.11919
2020-04-12 15:00:00,49.293728
2020-04-12 16:00:00,32.21668
2020-04-12 17:00:00,32.793324
2020-04-12 18:00:00,24.393024
2020-04-12 19:00:00,19.449936
2020-04-12 20:00:00,23.342873
2020-04-12 21:00:00,22.289333
2020-04-12 22:00:00,26.066547
2020-04-12 23:00:00,16.745895
2020-04-13 00:00:00,17.639614
2020-04-13 01:00:00,17.895885
2020-04-13 02:00:00,29.067657
2020-04-13 03:00:00,54.032303
2020-04-13 04:00:00,146.27666
2020-04-13 05:00:00,281.1667
2020-04-13 06:00:00,277.04645
2020-04-13 07:00:00,246.87735
2020-04-13 08:00:00,256.26248
2020-04-13 09:00:00,245.64558
2020-04-13 10:00:00,163.0613
2020-04-13 11:00:00,147.68633
2020-04-13 12:00:00,161.48596
2020-04-13 13:00:00,176.89651
2020-04-13 14:00:00,126.54203
2020-04-13 15:00:00,108.424286
2020-04-13 16:00:00,90.5741
2020-04-13 17:00:00,70.678764
2020-04-13 18:00:00,70.58901
2020-04-13 19:00:00,88.07204
2020-04-13 20:00:00,99.310776
2020-04-13 21:00:00,247.80833
2020-04-13 22:00:00,80.509445
2020-04-13 23:00:00,29.056793
2020-04-14 00:00:00,22.271317
2020-04-14 01:00:00,34.807556
2020-04-14 02:00:00,54.347855
2020-04-14 03:00:00,123.099594
2020-04-14 04:00:00,273.53204
2020-04-14 05:00:00,484.39502
2020-04-14 06:00:00,666.2692
2020-04-14 07:00:00,762.5635
2020-04-14 08:00:00,550.5961
2020-04-14 09:00:00,488.03094
2020-04-14 10:00:00,374.08002
2020-04-14 11:00:00,344.66626
2020-04-14 12:00:00,274.75894
2020-04-14 13:00:00,223.81535
2020-04-14 14:00:00,139.49908
2020-04-14 15:00:00,127.25435
2020-04-14 16:00:00,78.22189
2020-04-14 17:00:00,113.37372
2020-04-14 18:00:00,70.74048
2020-04-14 19:00:00,79.59662
2020-04-14 20:00:00,83.516754
2020-04-14 21:00:00,59.499405
2020-04-14 22:00:00,61.312714
2020-04-14 23:00:00,131.26602
2020-04-15 00:00:00,119.62492
2020-04-15 01:00:00,128.9415
2020-04-15 02:00:00,160.56877
2020-04-15 03:00:00,325.26752
2020-04-15 04:00:00,295.10944
2020-04-15 05:00:00,339.54077
2020-04-15 06:00:00,246.90295
2020-04-15 07:00:00,279.37604
2020-04-15 08:00:00,218.34085
2020-04-15 09:00:00,184.28242
2020-04-15 10:00:00,182.01147
2020-04-15 11:00:00,162.37444
2020-04-15 12:00:00,153.08788
2020-04-15 13:00:00,129.22511
2020-04-15 14:00:00,106.17653
2020-04-15 15:00:00,89.5155
2020-04-15 16:00:00,67.65886
2020-04-15 17:00:00,51.327286
2020-04-15 18:00:00,53.50775
2020-04-15 19:00:00,39.103104
2020-04-15 20:00:00,44.890488
2020-04-15 21:00:00,44.05426
2020-04-15 22:00:00,45.793396
2020-04-15 23:00:00,37.698685
2020-04-16 00:00:00,36.77092
2020-04-16 01:00:00,45.20839
2020-04-16 02:00:00,85.578125
2020-04-16 03:00:00,159.87659
2020-04-16 04:00:00,279.43207
2020-04-16 05:00:00,369.52222
2020-04-16 06:00:00,391.11328
2020-04-16 07:00:00,428.2309
2020-04-16 08:00:00,434.83597
2020-04-16 09:00:00,404.85522
2020-04-16 10:00:00,443.14844
2020-04-16 11:00:00,321.53406
2020-04-16 12:00:00,191.97803
2020-04-16 13:00:00,82.57892
2020-04-16 14:00:00,23.389755
2020-04-16 15:00:00,27.071854
2020-04-16 16:00:00,22.940155
2020-04-16 17:00:00,20.257187
2020-04-16 18:00:00,20.333878
2020-04-16 19:00:00,24.695145
2020-04-16 20:00:00,24.356369
2020-04-16 21:00:00,29.934326
2020-04-16 22:00:00,34.416275
2020-04-16 23:00:00,25.191559
2020-04-17 00:00:00,23.750153
2020-04-17 01:00:00,28.999603
2020-04-17 02:00:00,55.9814
2020-04-17 03:00:00,229.16367
2020-04-17 04:00:00,367.1171
2020-04-17 05:00:00,521.2185
2020-04-17 06:00:00,570.2688
2020-04-17 07:00:00,635.70996
2020-04-17 08:00:00,618.22266
2020-04-17 09:00:00,849.8235
2020-04-17 10:00:00,685.4203
2020-04-17 11:00:00,443.60495
2020-04-17 12:00:00,272.89786
2020-04-17 13:00:00,134.62122
2020-04-17 14:00:00,37.16057
2020-04-17 15:00:00,20.814423
2020-04-17 16:00:00,21.548737
2020-04-17 17:00:00,20.602509
2020-04-17 18:00:00,18.372217
2020-04-17 19:00:00,18.818935
2020-04-17 20:00:00,19.688961
2020-04-17 21:00:00,20.503235
2020-04-17 22:00:00,19.990875
2020-04-17 23:00:00,31.684383
2020-04-18 00:00:00,24.12732
2020-04-18 01:00:00,23.006393
2020-04-18 02:00:00,36.558838
2020-04-18 03:00:00,303.00604
2020-04-18 04:00:00,554.5027
2020-04-18 05:00:00,762.1343
2020-04-18 06:00:00,950.676
2020-04-18 07:00:00,1032.9431
2020-04-18 08:00:00,1114.2849
2020-04-18 09:00:00,1105.1226
2020-04-18 10:00:00,1134.5514
2020-04-18 11:00:00,959.6581
2020-04-18 12:00:00,476.6913
2020-04-18 13:00:00,151.96039
2020-04-18 14:00:00,21.341393
2020-04-18 15:00:00,20.530273
2020-04-18 16:00:00,17.778362
2020-04-18 17:00:00,17.762257
2020-04-18 18:00:00,19.169691
2020-04-18 19:00:00,19.704361
2020-04-18 20:00:00,19.902351
2020-04-18 21:00:00,20.323502
2020-04-18 22:00:00,22.170826
2020-04-18 23:00:00,19.447517
2020-04-19 00:00:00,17.731892
2020-04-19 01:00:00,18.673523
2020-04-19 02:00:00,29.767868
2020-04-19 03:00:00,181.61073
2020-04-19 04:00:00,423.3518
2020-04-19 05:00:00,604.3452
2020-04-19 06:00:00,786.8225
2020-04-19 07:00:00,946.41284
2020-04-19 08:00:00,1046.4375
2020-04-19 09:00:00,1067.4956
2020-04-19 10:00:00,963.9405
2020-04-19 11:00:00,750.31433
2020-04-19 12:00:00,346.7818
2020-04-19 13:00:00,136.81802
2020-04-19 14:00:00,32.526703
2020-04-19 15:00:00,23.608845
2020-04-19 16:00:00,22.790783
2020-04-19 17:00:00,23.739746
2020-04-19 18:00:00,23.919619
2020-04-19 19:00:00,21.770872
2020-04-19 20:00:00,20.011654
2020-04-19 21:00:00,19.230236
2020-04-19 22:00:00,24.94807
2020-04-19 23:00:00,17.385925
2020-04-20 00:00:00,17.497566
2020-04-20 01:00:00,18.23555
2020-04-20 02:00:00,28.60019
2020-04-20 03:00:00,222.93335
2020-04-20 04:00:00,442.82727
2020-04-20 05:00:00,618.89197
2020-04-20 06:00:00,753.5156
2020-04-20 07:00:00,887.4585
2020-04-20 08:00:00,962.8054
2020-04-20 09:00:00,978.6766
2020-04-20 10:00:00,903.0786
2020-04-20 11:00:00,690.2416
2020-04-20 12:00:00,311.3869
2020-04-20 13:00:00,72.96253
2020-04-20 14:00:00,26.25836
2020-04-20 15:00:00,23.588589
2020-04-20 16:00:00,22.755943
2020-04-20 17:00:00,22.376898
2020-04-20 18:00:00,21.525177
2020-04-20 19:00:00,21.011524
2020-04-20 20:00:00,19.905693
2020-04-20 21:00:00,19.241957
2020-04-20 22:00:00,22.586683
2020-04-20 23:00:00,22.243418
2020-04-21 00:00:00,19.977314
2020-04-21 01:00:00,20.611568
2020-04-21 02:00:00,33.645294
2020-04-21 03:00:00,228.45659
2020-04-21 04:00:00,468.80298
2020-04-21 05:00:00,620.7382
2020-04-21 06:00:00,783.13965
2020-04-21 07:00:00,819.30194
2020-04-21 08:00:00,763.74756
2020-04-21 09:00:00,879.2881
2020-04-21 10:00:00,915.84625
2020-04-21 11:00:00,333.53308
2020-04-21 12:00:00,100.182495
2020-04-21 13:00:00,62.730423
2020-04-21 14:00:00,30.341335
2020-04-21 15:00:00,24.39532
2020-04-21 16:00:00,23.099152
2020-04-21 17:00:00,21.733307
2020-04-21 18:00:00,19.362476
2020-04-21 19:00:00,19.071129
2020-04-21 20:00:00,19.265522
2020-04-21 21:00:00,23.637083
2020-04-21 22:00:00,31.051407
2020-04-21 23:00:00,30.9351
2020-04-22 00:00:00,27.690895
2020-04-22 01:00:00,26.850723
2020-04-22 02:00:00,32.809433
2020-04-22 03:00:00,294.56335
2020-04-22 04:00:00,534.0025
2020-04-22 05:00:00,828.2667
2020-04-22 06:00:00,1072.9816
2020-04-22 07:00:00,1193.9229
2020-04-22 08:00:00,932.6901
2020-04-22 09:00:00,1007.22705
2020-04-22 10:00:00,1074.1787
2020-04-22 11:00:00,570.745
2020-04-22 12:00:00,175.08746
2020-04-22 13:00:00,51.351913
2020-04-22 14:00:00,23.96634
2020-04-22 15:00:00,19.718204
2020-04-22 16:00:00,19.040554
2020-04-22 17:00:00,19.286808
2020-04-22 18:00:00,18.654991
2020-04-22 19:00:00,18.121391
2020-04-22 20:00:00,18.091347
2020-04-22 21:00:00,18.633213
2020-04-22 22:00:00,23.223598
2020-04-22 23:00:00,20.165155
2020-04-23 00:00:00,18.32561
2020-04-23 01:00:00,21.372828
2020-04-23 02:00:00,32.49006
2020-04-23 03:00:00,140.38057
2020-04-23 04:00:00,537.00214
2020-04-23 05:00:00,690.52826
2020-04-23 06:00:00,879.3408
2020-04-23 07:00:00,1110.2928
2020-04-23 08:00:00,1127.1638
2020-04-23 09:00:00,945.4802
2020-04-23 10:00:00,757.8805
2020-04-23 11:00:00,605.2448
2020-04-23 12:00:00,230.85542
2020-04-23 13:00:00,37.68132
2020-04-23 14:00:00,20.245071
2020-04-23 15:00:00,17.33797
2020-04-23 16:00:00,17.320904
2020-04-23 17:00:00,18.278969
2020-04-23 18:00:00,19.023584
2020-04-23 19:00:00,19.896603
2020-04-23 20:00:00,20.130806
2020-04-23 21:00:00,19.515102
2020-04-23 22:00:00,20.218475
2020-04-23 23:00:00,17.466724
2020-04-24 00:00:00,18.353184
2020-04-24 01:00:00,20.95108
2020-04-24 02:00:00,31.519745
2020-04-24 03:00:00,125.50264
2020-04-24 04:00:00,312.02393
2020-04-24 05:00:00,528.58417
2020-04-24 06:00:00,721.8178
2020-04-24 07:00:00,880.86017
2020-04-24 08:00:00,975.38257
2020-04-24 09:00:00,955.882
2020-04-24 10:00:00,1089.2096
2020-04-24 11:00:00,267.69656
2020-04-24 12:00:00,87.02908
2020-04-24 13:00:00,23.449524
2020-04-24 14:00:00,17.677069
2020-04-24 15:00:00,19.24548
2020-04-24 16:00:00,21.490139
2020-04-24 17:00:00,23.329586
2020-04-24 18:00:00,23.277777
2020-04-24 19:00:00,21.306484
2020-04-24 20:00:00,20.5244
2020-04-24 21:00:00,19.265837
2020-04-24 22:00:00,16.790623
2020-04-24 23:00:00,19.652235
2020-04-25 00:00:00,14.832031
2020-04-25 01:00:00,18.29169
2020-04-25 02:00:00,26.109741
2020-04-25 03:00:00,75.162125
2020-04-25 04:00:00,431.57263
2020-04-25 05:00:00,668.9866
2020-04-25 06:00:00,819.32495
2020-04-25 07:00:00,826.47504
2020-04-25 08:00:00,941.0413
2020-04-25 09:00:00,748.68713
2020-04-25 10:00:00,627.7889
2020-04-25 11:00:00,380.9784
2020-04-25 12:00:00,203.07404
2020-04-25 13:00:00,415.97058
2020-04-25 14:00:00,67.962585
2020-04-25 15:00:00,36.258408
2020-04-25 16:00:00,26.092773
2020-04-25 17:00:00,35.2795
2020-04-25 18:00:00,33.778507
2020-04-25 19:00:00,36.78257
2020-04-25 20:00:00,41.644688
2020-04-25 21:00:00,39.912464
2020-04-25 22:00:00,28.352402
2020-04-25 23:00:00,22.324413
2020-04-26 00:00:00,19.063486
2020-04-26 01:00:00,19.367256
2020-04-26 02:00:00,80.42609
2020-04-26 03:00:00,135.2716
2020-04-26 04:00:00,384.08075
2020-04-26 05:00:00,560.801
2020-04-26 06:00:00,680.15466
2020-04-26 07:00:00,608.2811
2020-04-26 08:00:00,730.61755
2020-04-26 09:00:00,581.0124
2020-04-26 10:00:00,536.17694
2020-04-26 11:00:00,533.928
2020-04-26 12:00:00,178.73221
2020-04-26 13:00:00,54.67816
2020-04-26 14:00:00,20.786478
2020-04-26 15:00:00,19.023706
2020-04-26 16:00:00,17.51548
2020-04-26 17:00:00,17.546154
2020-04-26 18:00:00,18.152348
2020-04-26 19:00:00,18.097404
2020-04-26 20:00:00,18.68974
2020-04-26 21:00:00,20.374489
2020-04-26 22:00:00,20.392374
2020-04-26 23:00:00,20.086254
2020-04-27 00:00:00,19.488499
2020-04-27 01:00:00,18.658388
2020-04-27 02:00:00,23.763403
2020-04-27 03:00:00,159.0588
2020-04-27 04:00:00,339.59576
2020-04-27 05:00:00,541.56006
2020-04-27 06:00:00,712.017
2020-04-27 07:00:00,798.27496
2020-04-27 08:00:00,861.7167
2020-04-27 09:00:00,872.7092
2020-04-27 10:00:00,798.3917
2020-04-27 11:00:00,597.20306
2020-04-27 12:00:00,253.8915
2020-04-27 13:00:00,100.19268
2020-04-27 14:00:00,25.51174
2020-04-27 15:00:00,20.242832
2020-04-27 16:00:00,18.377995
2020-04-27 17:00:00,18.678463
2020-04-27 18:00:00,19.215958
2020-04-27 19:00:00,19.45872
2020-04-27 20:00:00,19.677135
2020-04-27 21:00:00,19.54186
2020-04-27 22:00:00,19.122242
2020-04-27 23:00:00,18.60552
2020-04-28 00:00:00,18.970123
2020-04-28 01:00:00,20.747257
2020-04-28 02:00:00,25.654377
2020-04-28 03:00:00,68.2865
2020-04-28 04:00:00,241.00226
2020-04-28 05:00:00,443.02573
2020-04-28 06:00:00,690.59503
2020-04-28 07:00:00,1509.3213
2020-04-28 08:00:00,1232.5862
2020-04-28 09:00:00,1123.6089
2020-04-28 10:00:00,1535.6147
2020-04-28 11:00:00,244.66179
2020-04-28 12:00:00,80.91176
2020-04-28 13:00:00,27.640379
2020-04-28 14:00:00,18.605938
2020-04-28 15:00:00,19.589092
2020-04-28 16:00:00,40.11926
2020-04-28 17:00:00,51.489807
2020-04-28 18:00:00,53.027695
2020-04-28 19:00:00,156.90279
2020-04-28 20:00:00,240.7298
2020-04-28 21:00:00,287.83105
2020-04-28 22:00:00,281.69873
2020-04-28 23:00:00,328.8676
2020-04-29 00:00:00,262.94577
2020-04-29 01:00:00,185.83507
2020-04-29 02:00:00,146.25421
2020-04-29 03:00:00,205.07716
2020-04-29 04:00:00,217.31161
2020-04-29 05:00:00,240.46953
2020-04-29 06:00:00,330.04376
2020-04-29 07:00:00,575.07556
2020-04-29 08:00:00,666.47766
2020-04-29 09:00:00,694.23413
2020-04-29 10:00:00,546.38715
2020-04-29 11:00:00,508.17963
2020-04-29 12:00:00,406.72766
2020-04-29 13:00:00,157.26637
2020-04-29 14:00:00,81.131546
2020-04-29 15:00:00,37.55728
2020-04-29 16:00:00,40.87416
2020-04-29 17:00:00,31.605972
2020-04-29 18:00:00,19.560013
2020-04-29 19:00:00,15.153751
2020-04-29 20:00:00,17.141808
2020-04-29 21:00:00,22.77123
2020-04-29 22:00:00,48.94073
2020-04-29 23:00:00,46.857075
2020-04-30 00:00:00,40.35901
2020-04-30 01:00:00,233.52077
2020-04-30 02:00:00,386.38052
2020-04-30 03:00:00,545.15186
2020-04-30 04:00:00,493.48627
2020-04-30 05:00:00,470.79004
2020-04-30 06:00:00,579.95276
2020-04-30 07:00:00,554.4651
2020-04-30 08:00:00,589.37573
2020-04-30 09:00:00,563.57007
2020-04-30 10:00:00,580.89
2020-04-30 11:00:00,673.0539
2020-04-30 12:00:00,411.65924
2020-04-30 13:00:00,244.36555
2020-04-30 14:00:00,133.2605
2020-04-30 15:00:00,47.16191
2020-04-30 16:00:00,35.956238
2020-04-30 17:00:00,33.18344
2020-04-30 18:00:00,21.235363
2020-04-30 19:00:00,23.878502
2020-04-30 20:00:00,24.305676
2020-04-30 21:00:00,28.287985
2020-04-30 22:00:00,32.512962
2020-04-30 23:00:00,21.604847
2020-05-01 00:00:00,18.75571
2020-05-01 01:00:00,20.620209
2020-05-01 02:00:00,93.97952
2020-05-01 03:00:00,372.9295
2020-05-01 04:00:00,603.22034
2020-05-01 05:00:00,786.3039
2020-05-01 06:00:00,905.691
2020-05-01 07:00:00,988.0896
2020-05-01 08:00:00,1034.5345
2020-05-01 09:00:00,945.68555
2020-05-01 10:00:00,1089.4493
2020-05-01 11:00:00,826.71375
2020-05-01 12:00:00,512.2919
2020-05-01 13:00:00,165.48166
2020-05-01 14:00:00,40.501686
2020-05-01 15:00:00,18.743729
2020-05-01 16:00:00,14.726427
2020-05-01 17:00:00,18.851566
2020-05-01 18:00:00,20.807106
2020-05-01 19:00:00,22.149445
2020-05-01 20:00:00,21.488075
2020-05-01 21:00:00,22.14028
2020-05-01 22:00:00,27.235592
2020-05-01 23:00:00,25.878002
2020-05-02 00:00:00,24.392174
2020-05-02 01:00:00,26.201397
2020-05-02 02:00:00,48.20156
2020-05-02 03:00:00,121.40445
2020-05-02 04:00:00,323.73822
2020-05-02 05:00:00,413.9118
2020-05-02 06:00:00,410.7599
2020-05-02 07:00:00,516.89185
2020-05-02 08:00:00,494.3376
2020-05-02 09:00:00,617.72363
2020-05-02 10:00:00,543.0344
2020-05-02 11:00:00,485.2948
2020-05-02 12:00:00,221.02504
2020-05-02 13:00:00,114.55133
2020-05-02 14:00:00,60.40985
2020-05-02 15:00:00,33.717125
2020-05-02 16:00:00,20.8866
2020-05-02 17:00:00,17.232899
2020-05-02 18:00:00,20.968014
2020-05-02 19:00:00,22.17367
2020-05-02 20:00:00,22.02924
2020-05-02 21:00:00,24.085535
2020-05-02 22:00:00,29.625069
2020-05-02 23:00:00,19.272987
2020-05-03 00:00:00,21.605106
2020-05-03 01:00:00,24.73253
2020-05-03 02:00:00,36.376694
2020-05-03 03:00:00,155.25009
2020-05-03 04:00:00,466.07306
2020-05-03 05:00:00,651.05927
2020-05-03 06:00:00,700.21246
2020-05-03 07:00:00,569.5779
2020-05-03 08:00:00,767.6687
2020-05-03 09:00:00,576.8535
2020-05-03 10:00:00,337.7693
2020-05-03 11:00:00,377.2611
2020-05-03 12:00:00,317.47034
2020-05-03 13:00:00,243.50493
2020-05-03 14:00:00,280.76224
2020-05-03 15:00:00,135.04341
2020-05-03 16:00:00,136.17406
2020-05-03 17:00:00,149.18753
2020-05-03 18:00:00,186.56235
2020-05-03 19:00:00,351.2617
2020-05-03 20:00:00,188.01051
2020-05-03 21:00:00,146.59415
2020-05-03 22:00:00,84.188995
2020-05-03 23:00:00,47.671158
2020-05-04 00:00:00,27.704113
2020-05-04 01:00:00,25.042542
2020-05-04 02:00:00,156.8609
2020-05-04 03:00:00,510.23956
2020-05-04 04:00:00,763.1759
2020-05-04 05:00:00,940.52997
2020-05-04 06:00:00,1067.1433
2020-05-04 07:00:00,1172.7322
2020-05-04 08:00:00,1195.49
2020-05-04 09:00:00,1175.0356
2020-05-04 10:00:00,1272.7401
2020-05-04 11:00:00,937.85095
2020-05-04 12:00:00,543.83734
2020-05-04 13:00:00,225.19565
2020-05-04 14:00:00,58.410187
2020-05-04 15:00:00,25.492786
2020-05-04 16:00:00,18.534214
2020-05-04 17:00:00,19.457027
2020-05-04 18:00:00,19.331333
2020-05-04 19:00:00,21.299667
2020-05-04 20:00:00,20.03643
2020-05-04 21:00:00,23.617004
2020-05-04 22:00:00,37.259033
2020-05-04 23:00:00,37.347443
2020-05-05 00:00:00,46.534058
2020-05-05 01:00:00,107.13545
2020-05-05 02:00:00,271.05414
2020-05-05 03:00:00,410.77264
2020-05-05 04:00:00,541.56836
2020-05-05 05:00:00,648.5654
2020-05-05 06:00:00,721.9895
2020-05-05 07:00:00,836.97
2020-05-05 08:00:00,949.16693
2020-05-05 09:00:00,973.0857
2020-05-05 10:00:00,914.66284
2020-05-05 11:00:00,819.5593
2020-05-05 12:00:00,575.2108
2020-05-05 13:00:00,421.23517
2020-05-05 14:00:00,99.70682
2020-05-05 15:00:00,59.507126
2020-05-05 16:00:00,42.927856
2020-05-05 17:00:00,22.497665
2020-05-05 18:00:00,24.58226
2020-05-05 19:00:00,24.044144
2020-05-05 20:00:00,25.608826
2020-05-05 21:00:00,28.328375
2020-05-05 22:00:00,34.036125
2020-05-05 23:00:00,27.461546
2020-05-06 00:00:00,39.983448
2020-05-06 01:00:00,58.301422
2020-05-06 02:00:00,153.08699
2020-05-06 03:00:00,316.2246
2020-05-06 04:00:00,452.59854
2020-05-06 05:00:00,595.45337
2020-05-06 06:00:00,732.85455
2020-05-06 07:00:00,818.81006
2020-05-06 08:00:00,860.07495
2020-05-06 09:00:00,873.4724
2020-05-06 10:00:00,787.8404
2020-05-06 11:00:00,640.4083
2020-05-06 12:00:00,434.386
2020-05-06 13:00:00,153.23622
2020-05-06 14:00:00,36.23044
2020-05-06 15:00:00,23.456043
2020-05-06 16:00:00,20.776741
2020-05-06 17:00:00,22.585808
2020-05-06 18:00:00,22.303608
2020-05-06 19:00:00,21.332077
2020-05-06 20:00:00,20.86388
2020-05-06 21:00:00,20.873306
2020-05-06 22:00:00,23.037075
2020-05-06 23:00:00,20.306648
2020-05-07 00:00:00,20.36614
2020-05-07 01:00:00,25.051178
2020-05-07 02:00:00,48.754898
2020-05-07 03:00:00,192.63513
2020-05-07 04:00:00,433.38184
2020-05-07 05:00:00,651.10535
2020-05-07 06:00:00,843.79224
2020-05-07 07:00:00,976.3135
2020-05-07 08:00:00,1005.91187
2020-05-07 09:00:00,989.7003
2020-05-07 10:00:00,765.89246
2020-05-07 11:00:00,520.6192
2020-05-07 12:00:00,176.60645
2020-05-07 13:00:00,57.44221
2020-05-07 14:00:00,33.42894
2020-05-07 15:00:00,23.912315
2020-05-07 16:00:00,27.896973
2020-05-07 17:00:00,34.514236
2020-05-07 18:00:00,32.990875
2020-05-07 19:00:00,25.449844
2020-05-07 20:00:00,22.701378
2020-05-07 21:00:00,21.424902
2020-05-07 22:00:00,21.281174
2020-05-07 23:00:00,22.227692
2020-05-08 00:00:00,22.886887
2020-05-08 01:00:00,27.695343
2020-05-08 02:00:00,55.041
2020-05-08 03:00:00,108.27879
2020-05-08 04:00:00,852.21655
2020-05-08 05:00:00,920.0955
2020-05-08 06:00:00,1219.2268
2020-05-08 07:00:00,1318.6914
2020-05-08 08:00:00,1136.1749
2020-05-08 09:00:00,1196.2762
2020-05-08 10:00:00,1323.2383
2020-05-08 11:00:00,884.5376
2020-05-08 12:00:00,323.5628
2020-05-08 13:00:00,32.536392
2020-05-08 14:00:00,20.439434
2020-05-08 15:00:00,20.93334
2020-05-08 16:00:00,18.971733
2020-05-08 17:00:00,18.721333
2020-05-08 18:00:00,19.105953
2020-05-08 19:00:00,19.289684
2020-05-08 20:00:00,18.43702
2020-05-08 21:00:00,17.901718
2020-05-08 22:00:00,26.744335
2020-05-08 23:00:00,23.306717
2020-05-09 00:00:00,19.86906
2020-05-09 01:00:00,28.368977
2020-05-09 02:00:00,97.64862
2020-05-09 03:00:00,542.47284
2020-05-09 04:00:00,693.68274
2020-05-09 05:00:00,624.4889
2020-05-09 06:00:00,468.03873
2020-05-09 07:00:00,727.4493
2020-05-09 08:00:00,635.2099
2020-05-09 09:00:00,626.1984
2020-05-09 10:00:00,634.15906
2020-05-09 11:00:00,562.89154
2020-05-09 12:00:00,407.90277
2020-05-09 13:00:00,181.21112
2020-05-09 14:00:00,117.882324
2020-05-09 15:00:00,102.252396
2020-05-09 16:00:00,85.66576
2020-05-09 17:00:00,77.52243
2020-05-09 18:00:00,51.77144
2020-05-09 19:00:00,35.19513
2020-05-09 20:00:00,24.963104
2020-05-09 21:00:00,20.629524
2020-05-09 22:00:00,55.531883
2020-05-09 23:00:00,50.635174
2020-05-10 00:00:00,39.733913
2020-05-10 01:00:00,58.41926
2020-05-10 02:00:00,180.20985
2020-05-10 03:00:00,241.88115
2020-05-10 04:00:00,475.60962
2020-05-10 05:00:00,606.5561
2020-05-10 06:00:00,773.1441
2020-05-10 07:00:00,689.67395
2020-05-10 08:00:00,871.3794
2020-05-10 09:00:00,878.3312
2020-05-10 10:00:00,366.87585
2020-05-10 11:00:00,497.91882
2020-05-10 12:00:00,313.11615
2020-05-10 13:00:00,97.452286
2020-05-10 14:00:00,104.20842
2020-05-10 15:00:00,58.946884
2020-05-10 16:00:00,26.074692
2020-05-10 17:00:00,18.550562
2020-05-10 18:00:00,18.762901
2020-05-10 19:00:00,25.683102
2020-05-10 20:00:00,25.383358
2020-05-10 21:00:00,26.125599
2020-05-10 22:00:00,47.57318
2020-05-10 23:00:00,35.483887
2020-05-11 00:00:00,26.74443
2020-05-11 01:00:00,36.757706
2020-05-11 02:00:00,77.400604
2020-05-11 03:00:00,305.85498
2020-05-11 04:00:00,575.90564
2020-05-11 05:00:00,829.5482
2020-05-11 06:00:00,976.2426
2020-05-11 07:00:00,1127.5927
2020-05-11 08:00:00,1008.39386
2020-05-11 09:00:00,1508.1808
2020-05-11 10:00:00,931.53784
2020-05-11 11:00:00,818.61914
2020-05-11 12:00:00,547.5868
2020-05-11 13:00:00,388.66974
2020-05-11 14:00:00,228.8455
2020-05-11 15:00:00,32.148376
2020-05-11 16:00:00,24.76361
2020-05-11 17:00:00,22.900402
2020-05-11 18:00:00,22.239765
2020-05-11 19:00:00,23.401398
2020-05-11 20:00:00,23.641783
2020-05-11 21:00:00,23.306376
2020-05-11 22:00:00,30.395693
2020-05-11 23:00:00,22.385302
2020-05-12 00:00:00,20.78383
2020-05-12 01:00:00,23.354544
2020-05-12 02:00:00,59.360474
2020-05-12 03:00:00,430.93915
2020-05-12 04:00:00,717.50653
2020-05-12 05:00:00,969.03955
2020-05-12 06:00:00,1169.1929
2020-05-12 07:00:00,1341.6494
2020-05-12 08:00:00,1339.458
2020-05-12 09:00:00,1337.6101
2020-05-12 10:00:00,1358.9973
2020-05-12 11:00:00,901.74713
2020-05-12 12:00:00,226.53671
2020-05-12 13:00:00,92.513855
2020-05-12 14:00:00,26.979511
2020-05-12 15:00:00,18.350302
2020-05-12 16:00:00,17.991898
2020-05-12 17:00:00,19.492157
2020-05-12 18:00:00,20.202503
2020-05-12 19:00:00,20.604494
2020-05-12 20:00:00,20.700018
2020-05-12 21:00:00,21.10109
2020-05-12 22:00:00,24.360794
2020-05-12 23:00:00,18.113167
2020-05-13 00:00:00,16.525372
2020-05-13 01:00:00,21.292576
2020-05-13 02:00:00,45.062958
2020-05-13 03:00:00,257.35724
2020-05-13 04:00:00,486.5007
2020-05-13 05:00:00,794.4088
2020-05-13 06:00:00,860.48145
2020-05-13 07:00:00,820.8944
2020-05-13 08:00:00,850.8954
2020-05-13 09:00:00,635.73535
2020-05-13 10:00:00,985.04553
2020-05-13 11:00:00,545.4073
2020-05-13 12:00:00,68.9866
2020-05-13 13:00:00,50.729507
2020-05-13 14:00:00,46.159363
2020-05-13 15:00:00,31.641277
2020-05-13 16:00:00,25.097614
2020-05-13 17:00:00,22.07539
2020-05-13 18:00:00,26.953384
2020-05-13 19:00:00,28.556946
2020-05-13 20:00:00,35.489304
2020-05-13 21:00:00,35.311188
2020-05-13 22:00:00,54.447464
2020-05-13 23:00:00,73.7038
2020-05-14 00:00:00,47.098602
2020-05-14 01:00:00,40.52179
2020-05-14 02:00:00,94.75769
2020-05-14 03:00:00,268.78708
2020-05-14 04:00:00,454.5985
2020-05-14 05:00:00,630.07306
2020-05-14 06:00:00,715.6662
2020-05-14 07:00:00,740.2041
2020-05-14 08:00:00,720.8304
2020-05-14 09:00:00,727.0624
2020-05-14 10:00:00,537.6581
2020-05-14 11:00:00,358.27942
2020-05-14 12:00:00,229.35991
2020-05-14 13:00:00,148.19237
2020-05-14 14:00:00,139.14124
2020-05-14 15:00:00,465.2191
2020-05-14 16:00:00,799.4449
2020-05-14 17:00:00,575.95355
2020-05-14 18:00:00,669.7922
2020-05-14 19:00:00,620.1575
2020-05-14 20:00:00,585.84454
2020-05-14 21:00:00,586.0648
2020-05-14 22:00:00,415.88693
2020-05-14 23:00:00,331.7431
2020-05-15 00:00:00,160.7535
2020-05-15 01:00:00,166.32587
2020-05-15 02:00:00,154.16708
2020-05-15 03:00:00,242.67834
2020-05-15 04:00:00,393.76868
2020-05-15 05:00:00,557.2602
2020-05-15 06:00:00,619.90344
2020-05-15 07:00:00,620.4514
2020-05-15 08:00:00,526.9829
2020-05-15 09:00:00,518.2677
2020-05-15 10:00:00,431.88544
2020-05-15 11:00:00,334.64294
2020-05-15 12:00:00,195.26926
2020-05-15 13:00:00,123.67015
2020-05-15 14:00:00,70.48091
2020-05-15 15:00:00,44.008224
2020-05-15 16:00:00,40.8656
2020-05-15 17:00:00,35.062912
2020-05-15 18:00:00,39.636963
2020-05-15 19:00:00,51.74501
2020-05-15 20:00:00,47.083954
2020-05-15 21:00:00,43.73889
2020-05-15 22:00:00,27.783432
2020-05-15 23:00:00,31.860336
2020-05-16 00:00:00,26.675674
2020-05-16 01:00:00,46.9572
2020-05-16 02:00:00,117.204895
2020-05-16 03:00:00,287.14444
2020-05-16 04:00:00,469.75278
2020-05-16 05:00:00,544.1093
2020-05-16 06:00:00,600.8807
2020-05-16 07:00:00,484.70767
2020-05-16 08:00:00,221.2046
2020-05-16 09:00:00,185.37343
2020-05-16 10:00:00,185.04704
2020-05-16 11:00:00,179.20062
2020-05-16 12:00:00,112.16402
2020-05-16 13:00:00,96.542175
2020-05-16 14:00:00,59.76538
2020-05-16 15:00:00,41.407562
2020-05-16 16:00:00,34.76671
2020-05-16 17:00:00,48.57933
2020-05-16 18:00:00,49.760803
2020-05-16 19:00:00,47.93692
2020-05-16 20:00:00,37.221634
2020-05-16 21:00:00,29.075516
2020-05-16 22:00:00,86.91501
2020-05-16 23:00:00,39.975845
2020-05-17 00:00:00,36.073868
2020-05-17 01:00:00,46.72937
2020-05-17 02:00:00,122.46059
2020-05-17 03:00:00,174.99034
2020-05-17 04:00:00,291.47357
2020-05-17 05:00:00,317.74893
2020-05-17 06:00:00,370.65662
2020-05-17 07:00:00,380.05185
2020-05-17 08:00:00,470.4036
2020-05-17 09:00:00,510.94495
2020-05-17 10:00:00,358.4309
2020-05-17 11:00:00,321.99377
2020-05-17 12:00:00,204.39885
2020-05-17 13:00:00,100.84039
2020-05-17 14:00:00,70.44851
2020-05-17 15:00:00,36.222183
2020-05-17 16:00:00,28.52517
2020-05-17 17:00:00,30.546944
2020-05-17 18:00:00,25.287994
2020-05-17 19:00:00,21.513805
2020-05-17 20:00:00,23.598007
2020-05-17 21:00:00,24.694773
2020-05-17 22:00:00,26.622864
2020-05-17 23:00:00,29.989365
2020-05-18 00:00:00,29.480335
2020-05-18 01:00:00,32.571106
2020-05-18 02:00:00,80.797745
2020-05-18 03:00:00,177.5246
2020-05-18 04:00:00,448.74207
2020-05-18 05:00:00,577.80664
2020-05-18 06:00:00,639.3917
2020-05-18 07:00:00,631.2025
2020-05-18 08:00:00,569.7002
2020-05-18 09:00:00,639.44275
2020-05-18 10:00:00,461.6001
2020-05-18 11:00:00,398.9496
2020-05-18 12:00:00,222.35252
2020-05-18 13:00:00,130.1352
2020-05-18 14:00:00,39.83731
2020-05-18 15:00:00,25.578388
2020-05-18 16:00:00,23.655037
2020-05-18 17:00:00,44.30526
2020-05-18 18:00:00,38.48181
2020-05-18 19:00:00,55.52321
2020-05-18 20:00:00,130.5843
2020-05-18 21:00:00,121.83621
2020-05-18 22:00:00,197.66725
2020-05-18 23:00:00,213.52167
2020-05-19 00:00:00,246.05913
2020-05-19 01:00:00,271.7817
2020-05-19 02:00:00,359.34375
2020-05-19 03:00:00,349.214
2020-05-19 04:00:00,301.24838
2020-05-19 05:00:00,283.2409
2020-05-19 06:00:00,325.8604
2020-05-19 07:00:00,261.70215
2020-05-19 08:00:00,346.66302
2020-05-19 09:00:00,342.21814
2020-05-19 10:00:00,322.13586
2020-05-19 11:00:00,382.3057
2020-05-19 12:00:00,403.3329
2020-05-19 13:00:00,258.62732
2020-05-19 14:00:00,145.43582
2020-05-19 15:00:00,62.986908
2020-05-19 16:00:00,62.48073
2020-05-19 17:00:00,50.41217
2020-05-19 18:00:00,42.717438
2020-05-19 19:00:00,38.015533
2020-05-19 20:00:00,26.654236
2020-05-19 21:00:00,27.628391
2020-05-19 22:00:00,51.87094
2020-05-19 23:00:00,46.225616
2020-05-20 00:00:00,33.257828
2020-05-20 01:00:00,36.63707
2020-05-20 02:00:00,62.417603
2020-05-20 03:00:00,120.59534
2020-05-20 04:00:00,289.70282
2020-05-20 05:00:00,465.6004
2020-05-20 06:00:00,579.8312
2020-05-20 07:00:00,582.69934
2020-05-20 08:00:00,598.45917
2020-05-20 09:00:00,625.2196
2020-05-20 10:00:00,588.9951
2020-05-20 11:00:00,527.2283
2020-05-20 12:00:00,303.10052
2020-05-20 13:00:00,142.27911
2020-05-20 14:00:00,39.217003
2020-05-20 15:00:00,21.589119
2020-05-20 16:00:00,20.873058
2020-05-20 17:00:00,24.48281
2020-05-20 18:00:00,23.437243
2020-05-20 19:00:00,21.447052
2020-05-20 20:00:00,20.227934
2020-05-20 21:00:00,23.123093
2020-05-20 22:00:00,22.412615
2020-05-20 23:00:00,23.150253
2020-05-21 00:00:00,19.567757
2020-05-21 01:00:00,28.034088
2020-05-21 02:00:00,61.140335
2020-05-21 03:00:00,292.97742
2020-05-21 04:00:00,533.6184
2020-05-21 05:00:00,727.62665
2020-05-21 06:00:00,854.0574
2020-05-21 07:00:00,892.5053
2020-05-21 08:00:00,987.355
2020-05-21 09:00:00,1024.2319
2020-05-21 10:00:00,729.3098
2020-05-21 11:00:00,709.938
2020-05-21 12:00:00,199.2758
2020-05-21 13:00:00,211.24232
2020-05-21 14:00:00,123.4485
2020-05-21 15:00:00,26.698994
2020-05-21 16:00:00,24.5155
2020-05-21 17:00:00,26.312363
2020-05-21 18:00:00,29.359497
2020-05-21 19:00:00,29.922531
2020-05-21 20:00:00,25.88504
2020-05-21 21:00:00,21.661358
2020-05-21 22:00:00,34.00081
2020-05-21 23:00:00,35.398865
2020-05-22 00:00:00,40.58699
2020-05-22 01:00:00,35.189713
2020-05-22 02:00:00,106.57028
2020-05-22 03:00:00,303.90662
2020-05-22 04:00:00,508.41162
2020-05-22 05:00:00,703.86926
2020-05-22 06:00:00,971.5215
2020-05-22 07:00:00,1051.1035
2020-05-22 08:00:00,1098.6448
2020-05-22 09:00:00,1057.919
2020-05-22 10:00:00,1288.9633
2020-05-22 11:00:00,836.8414
2020-05-22 12:00:00,253.07526
2020-05-22 13:00:00,100.36064
2020-05-22 14:00:00,29.351036
2020-05-22 15:00:00,19.660658
2020-05-22 16:00:00,17.533134
2020-05-22 17:00:00,18.103043
2020-05-22 18:00:00,19.403637
2020-05-22 19:00:00,19.60093
2020-05-22 20:00:00,19.118233
2020-05-22 21:00:00,18.774296
2020-05-22 22:00:00,20.302916
2020-05-22 23:00:00,19.63164
2020-05-23 00:00:00,19.831772
2020-05-23 01:00:00,23.614407
2020-05-23 02:00:00,38.38273
2020-05-23 03:00:00,128.98932
2020-05-23 04:00:00,411.64362
2020-05-23 05:00:00,598.35657
2020-05-23 06:00:00,774.732
2020-05-23 07:00:00,928.89154
2020-05-23 08:00:00,950.19434
2020-05-23 09:00:00,910.1757
2020-05-23 10:00:00,893.4879
2020-05-23 11:00:00,705.9385
2020-05-23 12:00:00,378.18097
2020-05-23 13:00:00,115.43567
2020-05-23 14:00:00,29.213814
2020-05-23 15:00:00,20.313068
2020-05-23 16:00:00,18.222141
2020-05-23 17:00:00,19.005333
2020-05-23 18:00:00,19.73268
2020-05-23 19:00:00,20.475658
2020-05-23 20:00:00,20.691072
2020-05-23 21:00:00,20.330423
2020-05-23 22:00:00,22.995693
2020-05-23 23:00:00,18.159195
2020-05-24 00:00:00,18.365345
2020-05-24 01:00:00,19.969398
2020-05-24 02:00:00,30.051437
2020-05-24 03:00:00,89.49624
2020-05-24 04:00:00,172.73174
2020-05-24 05:00:00,456.60205
2020-05-24 06:00:00,607.67883
2020-05-24 07:00:00,718.3458
2020-05-24 08:00:00,806.5394
2020-05-24 09:00:00,849.0769
2020-05-24 10:00:00,843.12476
2020-05-24 11:00:00,564.0806
2020-05-24 12:00:00,234.04005
2020-05-24 13:00:00,113.18193
2020-05-24 14:00:00,31.564068
2020-05-24 15:00:00,22.27095
2020-05-24 16:00:00,21.902567
2020-05-24 17:00:00,22.984274
2020-05-24 18:00:00,25.315403
2020-05-24 19:00:00,24.24867
2020-05-24 20:00:00,21.18695
2020-05-24 21:00:00,18.975422
2020-05-24 22:00:00,17.309633
2020-05-24 23:00:00,17.13693
2020-05-25 00:00:00,18.725595
2020-05-25 01:00:00,19.015377
2020-05-25 02:00:00,30.744427
2020-05-25 03:00:00,86.03804
2020-05-25 04:00:00,184.46068
2020-05-25 05:00:00,465.83838
2020-05-25 06:00:00,616.0226
2020-05-25 07:00:00,742.005
2020-05-25 08:00:00,822.93646
2020-05-25 09:00:00,828.89777
2020-05-25 10:00:00,695.34064
2020-05-25 11:00:00,455.10992
2020-05-25 12:00:00,201.31262
2020-05-25 13:00:00,123.6874
2020-05-25 14:00:00,29.555222
2020-05-25 15:00:00,21.320576
2020-05-25 16:00:00,19.195173
2020-05-25 17:00:00,18.841568
2020-05-25 18:00:00,19.538235
2020-05-25 19:00:00,19.770367
2020-05-25 20:00:00,19.561504
2020-05-25 21:00:00,20.022963
2020-05-25 22:00:00,21.194925
2020-05-25 23:00:00,20.591469
2020-05-26 00:00:00,21.049793
2020-05-26 01:00:00,21.062004
2020-05-26 02:00:00,34.55426
2020-05-26 03:00:00,48.8296
2020-05-26 04:00:00,148.89651
2020-05-26 05:00:00,393.56238
2020-05-26 06:00:00,542.001
2020-05-26 07:00:00,637.7995
2020-05-26 08:00:00,728.3252
2020-05-26 09:00:00,764.40466
2020-05-26 10:00:00,798.72485
2020-05-26 11:00:00,623.33167
2020-05-26 12:00:00,254.04187
2020-05-26 13:00:00,63.98529
2020-05-26 14:00:00,27.245281
2020-05-26 15:00:00,26.558777
2020-05-26 16:00:00,20.721962
2020-05-26 17:00:00,20.758533
2020-05-26 18:00:00,20.908485
2020-05-26 19:00:00,21.72525
2020-05-26 20:00:00,22.861012
2020-05-26 21:00:00,23.701693
2020-05-26 22:00:00,23.26394
2020-05-26 23:00:00,23.004967
2020-05-27 00:00:00,24.508205
2020-05-27 01:00:00,28.682186
2020-05-27 02:00:00,52.755394
2020-05-27 03:00:00,383.20535
2020-05-27 04:00:00,542.4024
2020-05-27 05:00:00,687.1015
2020-05-27 06:00:00,835.9898
2020-05-27 07:00:00,966.9873
2020-05-27 08:00:00,972.2927
2020-05-27 09:00:00,897.989
2020-05-27 10:00:00,889.99805
2020-05-27 11:00:00,493.00977
2020-05-27 12:00:00,264.97086
2020-05-27 13:00:00,131.41159
2020-05-27 14:00:00,55.839226
2020-05-27 15:00:00,39.72518
2020-05-27 16:00:00,35.69912
2020-05-27 17:00:00,26.048315
2020-05-27 18:00:00,23.409195
2020-05-27 19:00:00,24.698689
2020-05-27 20:00:00,25.479454
2020-05-27 21:00:00,30.38683
2020-05-27 22:00:00,45.461655
2020-05-27 23:00:00,47.88523
2020-05-28 00:00:00,66.44441
2020-05-28 01:00:00,118.779175
2020-05-28 02:00:00,286.98157
2020-05-28 03:00:00,400.54883
2020-05-28 04:00:00,519.3728
2020-05-28 05:00:00,642.5012
2020-05-28 06:00:00,761.5796
2020-05-28 07:00:00,860.12134
2020-05-28 08:00:00,927.9077
2020-05-28 09:00:00,924.29785
2020-05-28 10:00:00,885.27026
2020-05-28 11:00:00,853.0735
2020-05-28 12:00:00,594.6133
2020-05-28 13:00:00,336.3596
2020-05-28 14:00:00,89.77919
2020-05-28 15:00:00,18.387714
2020-05-28 16:00:00,25.507248
2020-05-28 17:00:00,26.183674
2020-05-28 18:00:00,24.138954
2020-05-28 19:00:00,23.961182
2020-05-28 20:00:00,25.016537
2020-05-28 21:00:00,27.071308
2020-05-28 22:00:00,28.985771
2020-05-28 23:00:00,27.972069
2020-05-29 00:00:00,29.885769
2020-05-29 01:00:00,30.86399
2020-05-29 02:00:00,195.62831
2020-05-29 03:00:00,344.68945
2020-05-29 04:00:00,465.15552
2020-05-29 05:00:00,608.54517
2020-05-29 06:00:00,729.2512
2020-05-29 07:00:00,822.4595
2020-05-29 08:00:00,901.47
2020-05-29 09:00:00,880.75415
2020-05-29 10:00:00,862.91504
2020-05-29 11:00:00,657.1052
2020-05-29 12:00:00,330.5144
2020-05-29 13:00:00,153.70073
2020-05-29 14:00:00,43.579514
2020-05-29 15:00:00,46.277954
2020-05-29 16:00:00,37.025406
2020-05-29 17:00:00,34.6382
2020-05-29 18:00:00,31.831495
2020-05-29 19:00:00,33.461605
2020-05-29 20:00:00,30.5737
2020-05-29 21:00:00,28.614044
2020-05-29 22:00:00,54.179077
2020-05-29 23:00:00,31.052826
2020-05-30 00:00:00,28.417267
2020-05-30 01:00:00,28.70723
2020-05-30 02:00:00,47.39769
2020-05-30 03:00:00,237.48767
2020-05-30 04:00:00,410.7444
2020-05-30 05:00:00,266.5137
2020-05-30 06:00:00,457.9912
2020-05-30 07:00:00,556.4812
2020-05-30 08:00:00,670.08984
2020-05-30 09:00:00,765.00635
2020-05-30 10:00:00,765.4917
2020-05-30 11:00:00,537.2573
2020-05-30 12:00:00,243.15929
2020-05-30 13:00:00,89.15936
2020-05-30 14:00:00,43.49176
2020-05-30 15:00:00,33.264328
2020-05-30 16:00:00,26.06705
2020-05-30 17:00:00,23.76712
2020-05-30 18:00:00,23.058132
2020-05-30 19:00:00,21.809984
2020-05-30 20:00:00,21.176746
2020-05-30 21:00:00,22.14555
2020-05-30 22:00:00,25.563484
2020-05-30 23:00:00,21.760077
2020-05-31 00:00:00,21.625618
2020-05-31 01:00:00,24.269165
2020-05-31 02:00:00,83.921295
2020-05-31 03:00:00,349.15057
2020-05-31 04:00:00,570.79517
2020-05-31 05:00:00,775.01733
2020-05-31 06:00:00,963.62695
2020-05-31 07:00:00,1141.3247
2020-05-31 08:00:00,1136.4734
2020-05-31 09:00:00,1026.4263
2020-05-31 10:00:00,955.74927
2020-05-31 11:00:00,481.77588
2020-05-31 12:00:00,217.99121
2020-05-31 13:00:00,119.80803
2020-05-31 14:00:00,27.581116
2020-05-31 15:00:00,23.644226
2020-05-31 16:00:00,20.360119
2020-05-31 17:00:00,18.66849
2020-05-31 18:00:00,18.218628
2020-05-31 19:00:00,17.94551
2020-05-31 20:00:00,17.683704
2020-05-31 21:00:00,17.611198
2020-05-31 22:00:00,19.528992
2020-05-31 23:00:00,17.40134
2020-06-01 00:00:00,18.200184
2020-06-01 01:00:00,22.597198
2020-06-01 02:00:00,70.101074
2020-06-01 03:00:00,322.45996
2020-06-01 04:00:00,484.0669
2020-06-01 05:00:00,640.0581
2020-06-01 06:00:00,767.2246
2020-06-01 07:00:00,809.5188
2020-06-01 08:00:00,899.7898
2020-06-01 09:00:00,591.3982
2020-06-01 10:00:00,505.89307
2020-06-01 11:00:00,442.43457
2020-06-01 12:00:00,219.42377
2020-06-01 13:00:00,113.72496
2020-06-01 14:00:00,59.023575
2020-06-01 15:00:00,46.889587
2020-06-01 16:00:00,38.66411
2020-06-01 17:00:00,28.604202
2020-06-01 18:00:00,23.124084
2020-06-01 19:00:00,22.340149
2020-06-01 20:00:00,20.02031
2020-06-01 21:00:00,22.356155
2020-06-01 22:00:00,58.71942
2020-06-01 23:00:00,51.485256
2020-06-02 00:00:00,32.975555
2020-06-02 01:00:00,38.27092
2020-06-02 02:00:00,47.93477
2020-06-02 03:00:00,565.31006
2020-06-02 04:00:00,819.54517
2020-06-02 05:00:00,918.83496
2020-06-02 06:00:00,1021.58374
2020-06-02 07:00:00,1026.4753
2020-06-02 08:00:00,741.9475
2020-06-02 09:00:00,762.74976
2020-06-02 10:00:00,401.97363
2020-06-02 11:00:00,268.26074
2020-06-02 12:00:00,117.34102
2020-06-02 13:00:00,43.996323
2020-06-02 14:00:00,34.75891
2020-06-02 15:00:00,24.051918
2020-06-02 16:00:00,21.294052
2020-06-02 17:00:00,21.694763
2020-06-02 18:00:00,22.567028
2020-06-02 19:00:00,21.616692
2020-06-02 20:00:00,21.297056
2020-06-02 21:00:00,21.797455
2020-06-02 22:00:00,16.97319
2020-06-02 23:00:00,40.44925
2020-06-03 00:00:00,27.177689
2020-06-03 01:00:00,23.504791
2020-06-03 02:00:00,39.62996
2020-06-03 03:00:00,233.59073
2020-06-03 04:00:00,356.1958
2020-06-03 05:00:00,223.50323
2020-06-03 06:00:00,586.92505
2020-06-03 07:00:00,300.4414
2020-06-03 08:00:00,333.5307
2020-06-03 09:00:00,367.80078
2020-06-03 10:00:00,579.2458
2020-06-03 11:00:00,555.5354
2020-06-03 12:00:00,249.012
2020-06-03 13:00:00,251.0453
2020-06-03 14:00:00,22.852219
2020-06-03 15:00:00,21.58345
2020-06-03 16:00:00,16.991783
2020-06-03 17:00:00,18.552507
2020-06-03 18:00:00,18.818905
2020-06-03 19:00:00,19.592026
2020-06-03 20:00:00,21.540329
2020-06-03 21:00:00,19.316647
2020-06-03 22:00:00,18.133148
2020-06-03 23:00:00,19.692833
2020-06-04 00:00:00,21.610458
2020-06-04 01:00:00,31.028625
2020-06-04 02:00:00,56.343414
2020-06-04 03:00:00,198.78726
2020-06-04 04:00:00,627.9099
2020-06-04 05:00:00,845.5857
2020-06-04 06:00:00,1117.9766
2020-06-04 07:00:00,1274.6548
2020-06-04 08:00:00,1222.8545
2020-06-04 09:00:00,1296.4834
2020-06-04 10:00:00,1679.5223
2020-06-04 11:00:00,372.99756
2020-06-04 12:00:00,351.66284
2020-06-04 13:00:00,69.04346
2020-06-04 14:00:00,27.95456
2020-06-04 15:00:00,38.32727
2020-06-04 16:00:00,36.358
2020-06-04 17:00:00,37.67755
2020-06-04 18:00:00,61.24704
2020-06-04 19:00:00,386.7588
2020-06-04 20:00:00,230.13374
2020-06-04 21:00:00,186.28712
2020-06-04 22:00:00,862.999
2020-06-04 23:00:00,664.542
2020-06-05 00:00:00,926.96295
2020-06-05 01:00:00,1219.7719
2020-06-05 02:00:00,1324.5347
2020-06-05 03:00:00,1015.36865
2020-06-05 04:00:00,995.43335
2020-06-05 05:00:00,1243.208
2020-06-05 06:00:00,1113.5981
2020-06-05 07:00:00,1017.7529
2020-06-05 08:00:00,1181.1633
2020-06-05 09:00:00,873.6157
2020-06-05 10:00:00,719.0803
2020-06-05 11:00:00,646.0679
2020-06-05 12:00:00,507.35522
2020-06-05 13:00:00,365.84326
2020-06-05 14:00:00,240.19191
2020-06-05 15:00:00,37.104294
2020-06-05 16:00:00,28.615494
2020-06-05 17:00:00,38.03566
2020-06-05 18:00:00,33.75914
2020-06-05 19:00:00,26.598633
2020-06-05 20:00:00,25.314056
2020-06-05 21:00:00,31.699738
2020-06-05 22:00:00,42.56079
2020-06-05 23:00:00,30.618378
2020-06-06 00:00:00,36.122803
2020-06-06 01:00:00,204.19496
2020-06-06 02:00:00,361.2339
2020-06-06 03:00:00,508.3728
2020-06-06 04:00:00,672.9768
2020-06-06 05:00:00,860.261
2020-06-06 06:00:00,1063.0498
2020-06-06 07:00:00,1157.4773
2020-06-06 08:00:00,1230.3384
2020-06-06 09:00:00,1272.5544
2020-06-06 10:00:00,1260.1592
2020-06-06 11:00:00,1074.3362
2020-06-06 12:00:00,821.4011
2020-06-06 13:00:00,502.32983
2020-06-06 14:00:00,96.93811
2020-06-06 15:00:00,18.587372
2020-06-06 16:00:00,23.812485
2020-06-06 17:00:00,25.06546
2020-06-06 18:00:00,24.383743
2020-06-06 19:00:00,23.642876
2020-06-06 20:00:00,24.008383
2020-06-06 21:00:00,25.416605
2020-06-06 22:00:00,34.04397
2020-06-06 23:00:00,24.366438
2020-06-07 00:00:00,23.341352
2020-06-07 01:00:00,28.597046
2020-06-07 02:00:00,221.13606
2020-06-07 03:00:00,326.9558
2020-06-07 04:00:00,507.96973
2020-06-07 05:00:00,590.97217
2020-06-07 06:00:00,677.4824
2020-06-07 07:00:00,700.9707
2020-06-07 08:00:00,905.04565
2020-06-07 09:00:00,1019.29834
2020-06-07 10:00:00,1292.3406
2020-06-07 11:00:00,957.30273
2020-06-07 12:00:00,540.4658
2020-06-07 13:00:00,259.135
2020-06-07 14:00:00,43.49405
2020-06-07 15:00:00,20.852884
2020-06-07 16:00:00,20.288685
2020-06-07 17:00:00,22.023632
2020-06-07 18:00:00,23.579346
2020-06-07 19:00:00,22.466888
2020-06-07 20:00:00,21.162943
2020-06-07 21:00:00,19.51989
2020-06-07 22:00:00,21.350412
2020-06-07 23:00:00,18.284822
2020-06-08 00:00:00,18.002813
2020-06-08 01:00:00,20.896034
2020-06-08 02:00:00,81.43921
2020-06-08 03:00:00,160.05905
2020-06-08 04:00:00,195.13182
2020-06-08 05:00:00,468.4131
2020-06-08 06:00:00,657.97144
2020-06-08 07:00:00,800.8772
2020-06-08 08:00:00,578.5481
2020-06-08 09:00:00,637.03906
2020-06-08 10:00:00,500.7041
2020-06-08 11:00:00,404.76
2020-06-08 12:00:00,327.36108
2020-06-08 13:00:00,227.179
2020-06-08 14:00:00,112.97391
2020-06-08 15:00:00,113.920715
2020-06-08 16:00:00,93.351425
2020-06-08 17:00:00,60.507492
2020-06-08 18:00:00,38.943527
2020-06-08 19:00:00,26.06189
2020-06-08 20:00:00,23.795364
2020-06-08 21:00:00,22.2193
2020-06-08 22:00:00,24.888184
2020-06-08 23:00:00,25.571533
2020-06-09 00:00:00,26.728043
2020-06-09 01:00:00,43.544083
2020-06-09 02:00:00,235.34497
2020-06-09 03:00:00,447.10486
2020-06-09 04:00:00,581.54785
2020-06-09 05:00:00,696.0607
2020-06-09 06:00:00,623.8013
2020-06-09 07:00:00,603.03986
2020-06-09 08:00:00,579.77527
2020-06-09 09:00:00,513.1795
2020-06-09 10:00:00,461.6596
2020-06-09 11:00:00,415.69653
2020-06-09 12:00:00,358.2417
2020-06-09 13:00:00,132.21094
2020-06-09 14:00:00,45.435944
2020-06-09 15:00:00,23.978088
2020-06-09 16:00:00,20.539368
2020-06-09 17:00:00,20.133041
2020-06-09 18:00:00,21.07306
2020-06-09 19:00:00,20.420868
2020-06-09 20:00:00,22.52333
2020-06-09 21:00:00,26.80545
2020-06-09 22:00:00,26.051697
2020-06-09 23:00:00,30.544083
2020-06-10 00:00:00,28.519226
2020-06-10 01:00:00,32.323563
2020-06-10 02:00:00,89.90813
2020-06-10 03:00:00,374.6084
2020-06-10 04:00:00,484.43335
2020-06-10 05:00:00,806.7466
2020-06-10 06:00:00,730.51855
2020-06-10 07:00:00,797.04614
2020-06-10 08:00:00,876.3096
2020-06-10 09:00:00,795.4595
2020-06-10 10:00:00,666.5862
2020-06-10 11:00:00,506.229
2020-06-10 12:00:00,288.417
2020-06-10 13:00:00,172.15918
2020-06-10 14:00:00,104.7379
2020-06-10 15:00:00,106.843445
2020-06-10 16:00:00,77.05179
2020-06-10 17:00:00,80.53946
2020-06-10 18:00:00,90.05646
2020-06-10 19:00:00,64.840164
2020-06-10 20:00:00,43.03621
2020-06-10 21:00:00,39.097595
2020-06-10 22:00:00,36.21817
2020-06-10 23:00:00,26.586658
2020-06-11 00:00:00,23.396362
2020-06-11 01:00:00,47.922897
2020-06-11 02:00:00,215.07468
2020-06-11 03:00:00,313.37543
2020-06-11 04:00:00,465.71246
2020-06-11 05:00:00,474.32642
2020-06-11 06:00:00,597.09863
2020-06-11 07:00:00,929.0029
2020-06-11 08:00:00,1200.144
2020-06-11 09:00:00,1123.5225
2020-06-11 10:00:00,1066.7731
2020-06-11 11:00:00,870.59644
2020-06-11 12:00:00,569.44165
2020-06-11 13:00:00,255.16939
2020-06-11 14:00:00,81.95528
2020-06-11 15:00:00,33.271454
2020-06-11 16:00:00,22.433716
2020-06-11 17:00:00,20.859055
2020-06-11 18:00:00,21.546799
2020-06-11 19:00:00,24.437164
2020-06-11 20:00:00,24.38118
2020-06-11 21:00:00,29.785233
2020-06-11 22:00:00,22.748163
2020-06-11 23:00:00,29.231552
2020-06-12 00:00:00,28.641556
2020-06-12 01:00:00,31.790817
2020-06-12 02:00:00,89.3568
2020-06-12 03:00:00,593.6415
2020-06-12 04:00:00,945.3499
2020-06-12 05:00:00,1188.3813
2020-06-12 06:00:00,1438.6597
2020-06-12 07:00:00,1637.9521
2020-06-12 08:00:00,1660.3508
2020-06-12 09:00:00,1663.6421
2020-06-12 10:00:00,1751.6587
2020-06-12 11:00:00,1510.3872
2020-06-12 12:00:00,1179.9514
2020-06-12 13:00:00,816.6471
2020-06-12 14:00:00,475.26645
2020-06-12 15:00:00,47.198532
2020-06-12 16:00:00,28.761795
2020-06-12 17:00:00,19.736351
2020-06-12 18:00:00,19.155535
2020-06-12 19:00:00,19.335135
2020-06-12 20:00:00,19.912727
2020-06-12 21:00:00,20.982166
2020-06-12 22:00:00,20.747314
2020-06-12 23:00:00,25.247223
2020-06-13 00:00:00,22.208424
2020-06-13 01:00:00,27.566147
2020-06-13 02:00:00,104.54065
2020-06-13 03:00:00,654.98047
2020-06-13 04:00:00,1031.407
2020-06-13 05:00:00,1212.8755
2020-06-13 06:00:00,1401.3899
2020-06-13 07:00:00,1507.175
2020-06-13 08:00:00,1644.4292
2020-06-13 09:00:00,1606.3215
2020-06-13 10:00:00,2073.4297
2020-06-13 11:00:00,956.9243
2020-06-13 12:00:00,657.9768
2020-06-13 13:00:00,207.52097
2020-06-13 14:00:00,34.057266
2020-06-13 15:00:00,22.322144
2020-06-13 16:00:00,20.738152
2020-06-13 17:00:00,22.078627
2020-06-13 18:00:00,22.639917
2020-06-13 19:00:00,22.446499
2020-06-13 20:00:00,22.400616
2020-06-13 21:00:00,23.125166
2020-06-13 22:00:00,21.395475
2020-06-13 23:00:00,23.108377
2020-06-14 00:00:00,22.588577
2020-06-14 01:00:00,26.868637
2020-06-14 02:00:00,71.22455
2020-06-14 03:00:00,398.6775
2020-06-14 04:00:00,599.8418
2020-06-14 05:00:00,837.65356
2020-06-14 06:00:00,1028.4441
2020-06-14 07:00:00,1144.6692
2020-06-14 08:00:00,1162.5525
2020-06-14 09:00:00,1102.5154
2020-06-14 10:00:00,1455.6099
2020-06-14 11:00:00,916.39795
2020-06-14 12:00:00,385.29614
2020-06-14 13:00:00,73.56972
2020-06-14 14:00:00,26.65139
2020-06-14 15:00:00,25.82222
2020-06-14 16:00:00,20.503117
2020-06-14 17:00:00,17.83604
2020-06-14 18:00:00,18.67122
2020-06-14 19:00:00,19.948353
2020-06-14 20:00:00,20.307096
2020-06-14 21:00:00,20.141106
2020-06-14 22:00:00,27.020468
2020-06-14 23:00:00,23.154617
2020-06-15 00:00:00,25.238235
2020-06-15 01:00:00,34.736633
2020-06-15 02:00:00,63.62033
2020-06-15 03:00:00,295.0861
2020-06-15 04:00:00,519.36426
2020-06-15 05:00:00,813.47754
2020-06-15 06:00:00,1057.5588
2020-06-15 07:00:00,964.13086
2020-06-15 08:00:00,672.31104
2020-06-15 09:00:00,882.51416
2020-06-15 10:00:00,394.02173
2020-06-15 11:00:00,280.35254
2020-06-15 12:00:00,206.03552
2020-06-15 13:00:00,44.211197
2020-06-15 14:00:00,41.210983
2020-06-15 15:00:00,29.136444
2020-06-15 16:00:00,24.142197
2020-06-15 17:00:00,20.567596
2020-06-15 18:00:00,21.301514
2020-06-15 19:00:00,22.263458
2020-06-15 20:00:00,20.712326
2020-06-15 21:00:00,20.862713
2020-06-15 22:00:00,27.5103
2020-06-15 23:00:00,28.122345
2020-06-16 00:00:00,30.367157
2020-06-16 01:00:00,37.060745
2020-06-16 02:00:00,57.190186
2020-06-16 03:00:00,253.47565
2020-06-16 04:00:00,797.8247
2020-06-16 05:00:00,1444.2354
2020-06-16 06:00:00,1571.6653
2020-06-16 07:00:00,1766.773
2020-06-16 08:00:00,1528.7832
2020-06-16 09:00:00,1223.3779
2020-06-16 10:00:00,1042.5875
2020-06-16 11:00:00,635.176
2020-06-16 12:00:00,476.34668
2020-06-16 13:00:00,444.1433
2020-06-16 14:00:00,414.59277
2020-06-16 15:00:00,35.30493
2020-06-16 16:00:00,27.649216
2020-06-16 17:00:00,19.680038
2020-06-16 18:00:00,18.024132
2020-06-16 19:00:00,22.198975
2020-06-16 20:00:00,30.14
2020-06-16 21:00:00,35.162613
2020-06-16 22:00:00,42.319534
2020-06-16 23:00:00,37.076538
2020-06-17 00:00:00,32.838318
2020-06-17 01:00:00,43.947586
2020-06-17 02:00:00,311.75974
2020-06-17 03:00:00,601.7903
2020-06-17 04:00:00,784.8406
2020-06-17 05:00:00,820.9829
2020-06-17 06:00:00,887.3699
2020-06-17 07:00:00,793.6411
2020-06-17 08:00:00,878.91724
2020-06-17 09:00:00,653.2957
2020-06-17 10:00:00,662.71704
2020-06-17 11:00:00,672.7129
2020-06-17 12:00:00,674.51904
2020-06-17 13:00:00,498.8899
2020-06-17 14:00:00,216.92192
2020-06-17 15:00:00,50.78734
2020-06-17 16:00:00,36.63916
2020-06-17 17:00:00,27.524231
2020-06-17 18:00:00,253.33653
2020-06-17 19:00:00,102.059235
2020-06-17 20:00:00,16.676514
2020-06-17 21:00:00,13.852441
2020-06-17 22:00:00,36.189896
2020-06-17 23:00:00,76.70717
2020-06-18 00:00:00,24.01477
2020-06-18 01:00:00,71.43239
2020-06-18 02:00:00,459.19568
2020-06-18 03:00:00,692.3301
2020-06-18 04:00:00,826.08405
2020-06-18 05:00:00,969.2302
2020-06-18 06:00:00,1313.0237
2020-06-18 07:00:00,1201.1587
2020-06-18 08:00:00,1425.3376
2020-06-18 09:00:00,1158.5322
2020-06-18 10:00:00,1199.5095
2020-06-18 11:00:00,979.42773
2020-06-18 12:00:00,565.98486
2020-06-18 13:00:00,213.48015
2020-06-18 14:00:00,56.101288
2020-06-18 15:00:00,24.573364
2020-06-18 16:00:00,20.469376
2020-06-18 17:00:00,23.522202
2020-06-18 18:00:00,35.284958
2020-06-18 19:00:00,45.58969
2020-06-18 20:00:00,45.83998
2020-06-18 21:00:00,41.992416
2020-06-18 22:00:00,32.484634
2020-06-18 23:00:00,33.534134
2020-06-19 00:00:00,28.62642
2020-06-19 01:00:00,28.909515
2020-06-19 02:00:00,215.89993
2020-06-19 03:00:00,596.8479
2020-06-19 04:00:00,908.3408
2020-06-19 05:00:00,1283.2664
2020-06-19 06:00:00,1657.8425
2020-06-19 07:00:00,1604.4888
2020-06-19 08:00:00,1635.2502
2020-06-19 09:00:00,1615.0183
2020-06-19 10:00:00,2233.5747
2020-06-19 11:00:00,1350.2874
2020-06-19 12:00:00,933.12256
2020-06-19 13:00:00,456.48022
2020-06-19 14:00:00,55.21399
2020-06-19 15:00:00,31.410172
2020-06-19 16:00:00,22.104551
2020-06-19 17:00:00,21.955954
2020-06-19 18:00:00,20.56903
2020-06-19 19:00:00,19.317894
2020-06-19 20:00:00,20.463043
2020-06-19 21:00:00,20.73909
2020-06-19 22:00:00,27.07985
2020-06-19 23:00:00,30.766052
2020-06-20 00:00:00,23.987988
2020-06-20 01:00:00,32.20706
2020-06-20 02:00:00,531.96875
2020-06-20 03:00:00,1035.0435
2020-06-20 04:00:00,898.07544
2020-06-20 05:00:00,1123.7051
2020-06-20 06:00:00,1586.0642
2020-06-20 07:00:00,2028.3376
2020-06-20 08:00:00,1487.804
2020-06-20 09:00:00,1092.1086
2020-06-20 10:00:00,1582.4619
2020-06-20 11:00:00,1405.9707
2020-06-20 12:00:00,1365.5835
2020-06-20 13:00:00,1183.0913
2020-06-20 14:00:00,245.36517
2020-06-20 15:00:00,37.253693
2020-06-20 16:00:00,56.62883
2020-06-20 17:00:00,37.23477
2020-06-20 18:00:00,32.942505
2020-06-20 19:00:00,26.242294
2020-06-20 20:00:00,29.962418
2020-06-20 21:00:00,40.502335
2020-06-20 22:00:00,31.080246
2020-06-20 23:00:00,27.715057
2020-06-21 00:00:00,26.981873
2020-06-21 01:00:00,30.688583
2020-06-21 02:00:00,218.2908
2020-06-21 03:00:00,437.6587
2020-06-21 04:00:00,605.6975
2020-06-21 05:00:00,767.76514
2020-06-21 06:00:00,886.21436
2020-06-21 07:00:00,963.7529
2020-06-21 08:00:00,979.3015
2020-06-21 09:00:00,947.82983
2020-06-21 10:00:00,813.5205
2020-06-21 11:00:00,679.3015
2020-06-21 12:00:00,465.27808
2020-06-21 13:00:00,226.3141
2020-06-21 14:00:00,57.822388
2020-06-21 15:00:00,32.73625
2020-06-21 16:00:00,22.296116
2020-06-21 17:00:00,20.981903
2020-06-21 18:00:00,20.457903
2020-06-21 19:00:00,21.276089
2020-06-21 20:00:00,19.84462
2020-06-21 21:00:00,20.611961
2020-06-21 22:00:00,24.523254
2020-06-21 23:00:00,22.27538
2020-06-22 00:00:00,21.076948
2020-06-22 01:00:00,22.340729
2020-06-22 02:00:00,100.378494
2020-06-22 03:00:00,309.81323
2020-06-22 04:00:00,440.43604
2020-06-22 05:00:00,574.27075
2020-06-22 06:00:00,676.30615
2020-06-22 07:00:00,769.6074
2020-06-22 08:00:00,861.6284
2020-06-22 09:00:00,712.3672
2020-06-22 10:00:00,611.27783
2020-06-22 11:00:00,732.9575
2020-06-22 12:00:00,556.9768
2020-06-22 13:00:00,91.752365
2020-06-22 14:00:00,51.355286
2020-06-22 15:00:00,32.788742
2020-06-22 16:00:00,20.69682
2020-06-22 17:00:00,18.988476
2020-06-22 18:00:00,19.957924
2020-06-22 19:00:00,19.528622
2020-06-22 20:00:00,20.32208
2020-06-22 21:00:00,22.73114
2020-06-22 22:00:00,41.32141
2020-06-22 23:00:00,46.506332
2020-06-23 00:00:00,28.089417
2020-06-23 01:00:00,28.807892
2020-06-23 02:00:00,53.749573
2020-06-23 03:00:00,592.45184
2020-06-23 04:00:00,607.79517
2020-06-23 05:00:00,729.77686
2020-06-23 06:00:00,929.66455
2020-06-23 07:00:00,1143.7451
2020-06-23 08:00:00,1103.8579
2020-06-23 09:00:00,975.57886
2020-06-23 10:00:00,535.105
2020-06-23 11:00:00,877.8567
2020-06-23 12:00:00,828.92334
2020-06-23 13:00:00,1092.7073
2020-06-23 14:00:00,433.66437
2020-06-23 15:00:00,98.99655
2020-06-23 16:00:00,52.814804
2020-06-23 17:00:00,58.54149
2020-06-23 18:00:00,83.74872
2020-06-23 19:00:00,137.5108
2020-06-23 20:00:00,591.50977
2020-06-23 21:00:00,409.1692
2020-06-23 22:00:00,816.688
2020-06-23 23:00:00,174.27534
2020-06-24 00:00:00,99.347336
2020-06-24 01:00:00,61.363968
2020-06-24 02:00:00,566.2593
2020-06-24 03:00:00,1246.4719
2020-06-24 04:00:00,1814.0676
2020-06-24 05:00:00,1937.4263
2020-06-24 06:00:00,2056.0881
2020-06-24 07:00:00,1901.9861
2020-06-24 08:00:00,1582.7952
2020-06-24 09:00:00,1176.8342
2020-06-24 10:00:00,1565.4141
2020-06-24 11:00:00,1062.1335
2020-06-24 12:00:00,870.55786
2020-06-24 13:00:00,652.13525
2020-06-24 14:00:00,228.92592
2020-06-24 15:00:00,128.10915
2020-06-24 16:00:00,50.006897
2020-06-24 17:00:00,34.3851
2020-06-24 18:00:00,35.677597
2020-06-24 19:00:00,33.845383
2020-06-24 20:00:00,33.69348
2020-06-24 21:00:00,27.030365
2020-06-24 22:00:00,36.34613
2020-06-24 23:00:00,29.204834
2020-06-25 00:00:00,24.076187
2020-06-25 01:00:00,30.893814
2020-06-25 02:00:00,136.89758
2020-06-25 03:00:00,540.8821
2020-06-25 04:00:00,792.57446
2020-06-25 05:00:00,964.3174
2020-06-25 06:00:00,1162.5403
2020-06-25 07:00:00,1335.5242
2020-06-25 08:00:00,1371.4333
2020-06-25 09:00:00,1326.9175
2020-06-25 10:00:00,1471.0063
2020-06-25 11:00:00,1326.158
2020-06-25 12:00:00,880.44165
2020-06-25 13:00:00,305.24683
2020-06-25 14:00:00,31.14711
2020-06-25 15:00:00,25.662037
2020-06-25 16:00:00,21.667171
2020-06-25 17:00:00,19.592157
2020-06-25 18:00:00,19.68845
2020-06-25 19:00:00,19.855576
2020-06-25 20:00:00,20.70121
2020-06-25 21:00:00,20.390476
2020-06-25 22:00:00,26.26268
2020-06-25 23:00:00,25.377045
2020-06-26 00:00:00,28.366196
2020-06-26 01:00:00,35.778046
2020-06-26 02:00:00,82.30226
2020-06-26 03:00:00,303.51196
2020-06-26 04:00:00,678.50024
2020-06-26 05:00:00,777.969
2020-06-26 06:00:00,878.50366
2020-06-26 07:00:00,1007.72974
2020-06-26 08:00:00,1125.9841
2020-06-26 09:00:00,1174.5139
2020-06-26 10:00:00,1023.43945
2020-06-26 11:00:00,732.37085
2020-06-26 12:00:00,470.88867
2020-06-26 13:00:00,305.50537
2020-06-26 14:00:00,58.66864
2020-06-26 15:00:00,37.526703
2020-06-26 16:00:00,33.33017
2020-06-26 17:00:00,34.782715
2020-06-26 18:00:00,48.759247
2020-06-26 19:00:00,42.859146
2020-06-26 20:00:00,43.26033
2020-06-26 21:00:00,41.680832
2020-06-26 22:00:00,27.52626
2020-06-26 23:00:00,26.598312
2020-06-27 00:00:00,21.233932
2020-06-27 01:00:00,143.73409
2020-06-27 02:00:00,382.8295
2020-06-27 03:00:00,395.89594
2020-06-27 04:00:00,506.6255
2020-06-27 05:00:00,410.6585
2020-06-27 06:00:00,460.6438
2020-06-27 07:00:00,560.8247
2020-06-27 08:00:00,734.5403
2020-06-27 09:00:00,533.99963
2020-06-27 10:00:00,363.2588
2020-06-27 11:00:00,346.8777
2020-06-27 12:00:00,334.14368
2020-06-27 13:00:00,192.43115
2020-06-27 14:00:00,250.58276
2020-06-27 15:00:00,214.16441
2020-06-27 16:00:00,222.15482
2020-06-27 17:00:00,215.07428
2020-06-27 18:00:00,138.00668
2020-06-27 19:00:00,128.1883
2020-06-27 20:00:00,99.79866
2020-06-27 21:00:00,103.79547
2020-06-27 22:00:00,112.19794
2020-06-27 23:00:00,103.521515
2020-06-28 00:00:00,136.68422
2020-06-28 01:00:00,235.55179
2020-06-28 02:00:00,298.26746
2020-06-28 03:00:00,353.22617
2020-06-28 04:00:00,423.06277
2020-06-28 05:00:00,484.47827
2020-06-28 06:00:00,530.5393
2020-06-28 07:00:00,505.13452
2020-06-28 08:00:00,543.39325
2020-06-28 09:00:00,708.8379
2020-06-28 10:00:00,656.761
2020-06-28 11:00:00,644.66504
2020-06-28 12:00:00,530.4362
2020-06-28 13:00:00,421.06174
2020-06-28 14:00:00,255.3145
2020-06-28 15:00:00,248.33481
2020-06-28 16:00:00,139.64133
2020-06-28 17:00:00,87.29297
2020-06-28 18:00:00,40.39009
2020-06-28 19:00:00,24.327515
2020-06-28 20:00:00,20.345215
2020-06-28 21:00:00,20.409988
2020-06-28 22:00:00,16.65098
2020-06-28 23:00:00,18.972046
2020-06-29 00:00:00,22.800776
2020-06-29 01:00:00,33.487835
2020-06-29 02:00:00,62.00847
2020-06-29 03:00:00,336.7819
2020-06-29 04:00:00,649.2761
2020-06-29 05:00:00,864.27057
2020-06-29 06:00:00,1005.90234
2020-06-29 07:00:00,1081.9739
2020-06-29 08:00:00,1119.979
2020-06-29 09:00:00,1124.5996
2020-06-29 10:00:00,1107.9165
2020-06-29 11:00:00,890.08203
2020-06-29 12:00:00,656.933
2020-06-29 13:00:00,341.1205
2020-06-29 14:00:00,112.99745
2020-06-29 15:00:00,50.270905
2020-06-29 16:00:00,31.17382
2020-06-29 17:00:00,24.793167
2020-06-29 18:00:00,23.420446
2020-06-29 19:00:00,23.139479
2020-06-29 20:00:00,23.816828
2020-06-29 21:00:00,24.61918
2020-06-29 22:00:00,23.031662
2020-06-29 23:00:00,26.781872
2020-06-30 00:00:00,26.25138
2020-06-30 01:00:00,35.905838
2020-06-30 02:00:00,73.1625
2020-06-30 03:00:00,299.97534
2020-06-30 04:00:00,452.16458
2020-06-30 05:00:00,582.9492
2020-06-30 06:00:00,682.7915
2020-06-30 07:00:00,777.43604
2020-06-30 08:00:00,845.626
2020-06-30 09:00:00,842.74316
2020-06-30 10:00:00,643.4363
2020-06-30 11:00:00,552.844
2020-06-30 12:00:00,380.6687
2020-06-30 13:00:00,217.99438
2020-06-30 14:00:00,76.69487
2020-06-30 15:00:00,40.580597
2020-06-30 16:00:00,29.430267
2020-06-30 17:00:00,19.982582
2020-06-30 18:00:00,22.681978
2020-06-30 19:00:00,23.220337
2020-06-30 20:00:00,23.486961
2020-06-30 21:00:00,27.055086
2020-06-30 22:00:00,36.775803
2020-06-30 23:00:00,45.863632
2020-07-01 00:00:00,38.239075
2020-07-01 01:00:00,37.731216
2020-07-01 02:00:00,54.41754
2020-07-01 03:00:00,398.94235
2020-07-01 04:00:00,616.25854
2020-07-01 05:00:00,670.65625
2020-07-01 06:00:00,689.5569
2020-07-01 07:00:00,705.4795
2020-07-01 08:00:00,815.96313
2020-07-01 09:00:00,791.17456
2020-07-01 10:00:00,454.32373
2020-07-01 11:00:00,548.3633
2020-07-01 12:00:00,418.05493
2020-07-01 13:00:00,133.26614
2020-07-01 14:00:00,29.758972
2020-07-01 15:00:00,26.325378
2020-07-01 16:00:00,21.080032
2020-07-01 17:00:00,20.910187
2020-07-01 18:00:00,21.985779
2020-07-01 19:00:00,23.788193
2020-07-01 20:00:00,23.620483
2020-07-01 21:00:00,23.134613
2020-07-01 22:00:00,20.220732
2020-07-01 23:00:00,27.32286
2020-07-02 00:00:00,31.01979
2020-07-02 01:00:00,31.627182
2020-07-02 02:00:00,51.364716
2020-07-02 03:00:00,496.4585
2020-07-02 04:00:00,878.156
2020-07-02 05:00:00,874.3074
2020-07-02 06:00:00,964.37695
2020-07-02 07:00:00,1357.844
2020-07-02 08:00:00,1766.2859
2020-07-02 09:00:00,1294.7803
2020-07-02 10:00:00,683.4807
2020-07-02 11:00:00,901.8867
2020-07-02 12:00:00,780.0034
2020-07-02 13:00:00,293.4949
2020-07-02 14:00:00,42.79094
2020-07-02 15:00:00,23.511047
2020-07-02 16:00:00,25.473206
2020-07-02 17:00:00,31.130386
2020-07-02 18:00:00,334.64087
2020-07-02 19:00:00,390.33148
2020-07-02 20:00:00,100.95473
2020-07-02 21:00:00,55.75006
2020-07-02 22:00:00,73.028305
2020-07-02 23:00:00,49.060455
2020-07-03 00:00:00,74.35121
2020-07-03 01:00:00,244.05571
2020-07-03 02:00:00,390.22287
2020-07-03 03:00:00,613.9297
2020-07-03 04:00:00,643.8689
2020-07-03 05:00:00,965.93994
2020-07-03 06:00:00,1066.7703
2020-07-03 07:00:00,1175.1062
2020-07-03 08:00:00,1183.0347
2020-07-03 09:00:00,1312.678
2020-07-03 10:00:00,1291.0205
2020-07-03 11:00:00,947.9966
2020-07-03 12:00:00,878.1487
2020-07-03 13:00:00,487.73047
2020-07-03 14:00:00,103.40346
2020-07-03 15:00:00,36.285263
2020-07-03 16:00:00,25.119781
2020-07-03 17:00:00,23.532776
2020-07-03 18:00:00,20.943598
2020-07-03 19:00:00,18.995098
2020-07-03 20:00:00,18.950851
2020-07-03 21:00:00,18.519104
2020-07-03 22:00:00,22.345932
2020-07-03 23:00:00,26.518402
2020-07-04 00:00:00,25.76474
2020-07-04 01:00:00,27.910217
2020-07-04 02:00:00,230.56725
2020-07-04 03:00:00,521.5674
2020-07-04 04:00:00,806.8589
2020-07-04 05:00:00,955.0
2020-07-04 06:00:00,936.6504
2020-07-04 07:00:00,876.7727
2020-07-04 08:00:00,691.1079
2020-07-04 09:00:00,947.32983
2020-07-04 10:00:00,744.03613
2020-07-04 11:00:00,601.7554
2020-07-04 12:00:00,439.07666
2020-07-04 13:00:00,652.6658
2020-07-04 14:00:00,540.57715
2020-07-04 15:00:00,62.245667
2020-07-04 16:00:00,27.536057
2020-07-04 17:00:00,20.367188
2020-07-04 18:00:00,20.032242
2020-07-04 19:00:00,18.072174
2020-07-04 20:00:00,17.258667
2020-07-04 21:00:00,17.762836
2020-07-04 22:00:00,17.488075
2020-07-04 23:00:00,19.515251
2020-07-05 00:00:00,18.399292
2020-07-05 01:00:00,22.959076
2020-07-05 02:00:00,105.098694
2020-07-05 03:00:00,378.46948
2020-07-05 04:00:00,654.261
2020-07-05 05:00:00,860.17896
2020-07-05 06:00:00,947.67017
2020-07-05 07:00:00,1099.5156
2020-07-05 08:00:00,912.8179
2020-07-05 09:00:00,694.07227
2020-07-05 10:00:00,631.2373
2020-07-05 11:00:00,497.49512
2020-07-05 12:00:00,344.36743
2020-07-05 13:00:00,247.4719
2020-07-05 14:00:00,110.90675
2020-07-05 15:00:00,43.881027
2020-07-05 16:00:00,28.466843
2020-07-05 17:00:00,23.833725
2020-07-05 18:00:00,25.854279
2020-07-05 19:00:00,32.830643
2020-07-05 20:00:00,27.010483
2020-07-05 21:00:00,34.342773
2020-07-05 22:00:00,75.41351
2020-07-05 23:00:00,80.7334
2020-07-06 00:00:00,123.397095
2020-07-06 01:00:00,81.17523
2020-07-06 02:00:00,215.17233
2020-07-06 03:00:00,412.6455
2020-07-06 04:00:00,653.66284
2020-07-06 05:00:00,784.89087
2020-07-06 06:00:00,839.52783
2020-07-06 07:00:00,1020.6931
2020-07-06 08:00:00,1123.1353
2020-07-06 09:00:00,948.0984
2020-07-06 10:00:00,992.34595
2020-07-06 11:00:00,892.4407
2020-07-06 12:00:00,909.3369
2020-07-06 13:00:00,619.31104
2020-07-06 14:00:00,186.94739
2020-07-06 15:00:00,66.679474
2020-07-06 16:00:00,29.328644
2020-07-06 17:00:00,25.695145
2020-07-06 18:00:00,24.64856
2020-07-06 19:00:00,20.841904
2020-07-06 20:00:00,19.89212
2020-07-06 21:00:00,20.517715
2020-07-06 22:00:00,22.758438
2020-07-06 23:00:00,23.01773
2020-07-07 00:00:00,27.006409
2020-07-07 01:00:00,27.50734
2020-07-07 02:00:00,103.67233
2020-07-07 03:00:00,388.24487
2020-07-07 04:00:00,605.6731
2020-07-07 05:00:00,833.60913
2020-07-07 06:00:00,1033.5315
2020-07-07 07:00:00,1155.4084
2020-07-07 08:00:00,1103.7693
2020-07-07 09:00:00,1086.8638
2020-07-07 10:00:00,1114.7959
2020-07-07 11:00:00,839.49
2020-07-07 12:00:00,591.645
2020-07-07 13:00:00,274.8833
2020-07-07 14:00:00,91.300476
2020-07-07 15:00:00,36.676468
2020-07-07 16:00:00,22.315353
2020-07-07 17:00:00,23.540771
2020-07-07 18:00:00,21.27211
2020-07-07 19:00:00,21.765095
2020-07-07 20:00:00,20.40783
2020-07-07 21:00:00,20.547813
2020-07-07 22:00:00,35.191544
2020-07-07 23:00:00,33.82068
2020-07-08 00:00:00,28.171082
2020-07-08 01:00:00,26.850098
2020-07-08 02:00:00,138.66739
2020-07-08 03:00:00,437.5293
2020-07-08 04:00:00,598.97534
2020-07-08 05:00:00,755.4529
2020-07-08 06:00:00,804.7285
2020-07-08 07:00:00,1048.7168
2020-07-08 08:00:00,1153.7842
2020-07-08 09:00:00,1095.5996
2020-07-08 10:00:00,965.1865
2020-07-08 11:00:00,686.5957
2020-07-08 12:00:00,656.53076
2020-07-08 13:00:00,342.9795
2020-07-08 14:00:00,115.27817
2020-07-08 15:00:00,29.493256
2020-07-08 16:00:00,22.261292
2020-07-08 17:00:00,22.445847
2020-07-08 18:00:00,19.069155
2020-07-08 19:00:00,23.967003
2020-07-08 20:00:00,26.211197
2020-07-08 21:00:00,24.762054
2020-07-08 22:00:00,35.61708
2020-07-08 23:00:00,33.340652
2020-07-09 00:00:00,30.815735
2020-07-09 01:00:00,30.788696
2020-07-09 02:00:00,43.831665
2020-07-09 03:00:00,115.26111
2020-07-09 04:00:00,215.63158
2020-07-09 05:00:00,414.55298
2020-07-09 06:00:00,442.3391
2020-07-09 07:00:00,910.77954
2020-07-09 08:00:00,967.94653
2020-07-09 09:00:00,1033.0022
2020-07-09 10:00:00,1334.2971
2020-07-09 11:00:00,731.2073
2020-07-09 12:00:00,1034.6924
2020-07-09 13:00:00,449.46606
2020-07-09 14:00:00,91.549576
2020-07-09 15:00:00,30.84079
2020-07-09 16:00:00,22.877556
2020-07-09 17:00:00,24.482193
2020-07-09 18:00:00,23.822418
2020-07-09 19:00:00,22.605286
2020-07-09 20:00:00,22.994194
2020-07-09 21:00:00,21.849121
2020-07-09 22:00:00,23.916245
2020-07-09 23:00:00,26.782623
2020-07-10 00:00:00,23.25499
2020-07-10 01:00:00,28.18446
2020-07-10 02:00:00,92.723404
2020-07-10 03:00:00,414.53735
2020-07-10 04:00:00,563.9278
2020-07-10 05:00:00,722.02563
2020-07-10 06:00:00,1132.6929
2020-07-10 07:00:00,1181.3394
2020-07-10 08:00:00,1702.3442
2020-07-10 09:00:00,1055.0747
2020-07-10 10:00:00,548.3086
2020-07-10 11:00:00,563.3142
2020-07-10 12:00:00,598.59155
2020-07-10 13:00:00,403.98486
2020-07-10 14:00:00,200.69157
2020-07-10 15:00:00,67.15845
2020-07-10 16:00:00,45.89772
2020-07-10 17:00:00,42.847366
2020-07-10 18:00:00,36.56018
2020-07-10 19:00:00,29.181229
2020-07-10 20:00:00,29.012604
2020-07-10 21:00:00,32.14421
2020-07-10 22:00:00,50.546097
2020-07-10 23:00:00,41.45108
2020-07-11 00:00:00,24.568024
2020-07-11 01:00:00,32.71147
2020-07-11 02:00:00,274.26263
2020-07-11 03:00:00,756.2937
2020-07-11 04:00:00,1051.3086
2020-07-11 05:00:00,1201.3674
2020-07-11 06:00:00,1401.3083
2020-07-11 07:00:00,1740.8713
2020-07-11 08:00:00,1636.7515
2020-07-11 09:00:00,1532.1914
2020-07-11 10:00:00,1787.0767
2020-07-11 11:00:00,1283.7915
2020-07-11 12:00:00,1124.8125
2020-07-11 13:00:00,965.2207
2020-07-11 14:00:00,241.06474
2020-07-11 15:00:00,32.976807
2020-07-11 16:00:00,21.628494
2020-07-11 17:00:00,22.589828
2020-07-11 18:00:00,22.14917
2020-07-11 19:00:00,22.999924
2020-07-11 20:00:00,22.487396
2020-07-11 21:00:00,22.756683
2020-07-11 22:00:00,19.566608
2020-07-11 23:00:00,21.55925
2020-07-12 00:00:00,24.274582
2020-07-12 01:00:00,32.589035
2020-07-12 02:00:00,240.3337
2020-07-12 03:00:00,489.70557
2020-07-12 04:00:00,799.5923
2020-07-12 05:00:00,1015.88354
2020-07-12 06:00:00,1235.7539
2020-07-12 07:00:00,1377.3772
2020-07-12 08:00:00,1522.3901
2020-07-12 09:00:00,1466.9233
2020-07-12 10:00:00,1332.1746
2020-07-12 11:00:00,1182.1978
2020-07-12 12:00:00,849.8064
2020-07-12 13:00:00,452.39697
2020-07-12 14:00:00,252.62434
2020-07-12 15:00:00,23.963837
2020-07-12 16:00:00,12.72584
2020-07-12 17:00:00,19.104874
2020-07-12 18:00:00,25.495317
2020-07-12 19:00:00,28.330542
2020-07-12 20:00:00,32.377106
2020-07-12 21:00:00,28.540253
2020-07-12 22:00:00,27.02539
2020-07-12 23:00:00,27.764145
2020-07-13 00:00:00,20.503998
2020-07-13 01:00:00,30.093872
2020-07-13 02:00:00,217.98695
2020-07-13 03:00:00,410.9536
2020-07-13 04:00:00,582.94775
2020-07-13 05:00:00,746.9546
2020-07-13 06:00:00,878.0073
2020-07-13 07:00:00,973.80176
2020-07-13 08:00:00,987.5222
2020-07-13 09:00:00,1063.6252
2020-07-13 10:00:00,1069.9626
2020-07-13 11:00:00,898.5508
2020-07-13 12:00:00,535.2029
2020-07-13 13:00:00,174.00494
2020-07-13 14:00:00,48.86429
2020-07-13 15:00:00,25.610962
2020-07-13 16:00:00,24.511658
2020-07-13 17:00:00,24.461699
2020-07-13 18:00:00,27.649628
2020-07-13 19:00:00,31.980951
2020-07-13 20:00:00,30.43985
2020-07-13 21:00:00,28.37752
2020-07-13 22:00:00,41.43039
2020-07-13 23:00:00,31.138931
2020-07-14 00:00:00,26.386986
2020-07-14 01:00:00,31.731663
2020-07-14 02:00:00,194.47598
2020-07-14 03:00:00,404.89795
2020-07-14 04:00:00,556.5056
2020-07-14 05:00:00,729.76294
2020-07-14 06:00:00,929.5039
2020-07-14 07:00:00,1167.272
2020-07-14 08:00:00,1293.5437
2020-07-14 09:00:00,1426.228
2020-07-14 10:00:00,1575.2222
2020-07-14 11:00:00,1526.6956
2020-07-14 12:00:00,1250.2703
2020-07-14 13:00:00,589.3269
2020-07-14 14:00:00,365.66748
2020-07-14 15:00:00,79.60063
2020-07-14 16:00:00,41.46489
2020-07-14 17:00:00,37.65339
2020-07-14 18:00:00,39.66243
2020-07-14 19:00:00,43.4894
2020-07-14 20:00:00,39.96877
2020-07-14 21:00:00,38.076283
2020-07-14 22:00:00,37.014
2020-07-14 23:00:00,34.61723
2020-07-15 00:00:00,45.3847
2020-07-15 01:00:00,60.023716
2020-07-15 02:00:00,289.29584
2020-07-15 03:00:00,440.95435
2020-07-15 04:00:00,614.9065
2020-07-15 05:00:00,782.5913
2020-07-15 06:00:00,954.02637
2020-07-15 07:00:00,1086.5269
2020-07-15 08:00:00,1111.0149
2020-07-15 09:00:00,1172.8105
2020-07-15 10:00:00,1511.6035
2020-07-15 11:00:00,1283.8115
2020-07-15 12:00:00,872.7412
2020-07-15 13:00:00,392.2776
2020-07-15 14:00:00,90.943726
2020-07-15 15:00:00,28.120079
2020-07-15 16:00:00,25.110817
2020-07-15 17:00:00,21.124184
2020-07-15 18:00:00,20.317818
2020-07-15 19:00:00,20.920746
2020-07-15 20:00:00,20.629116
2020-07-15 21:00:00,20.152218
2020-07-15 22:00:00,23.13255
2020-07-15 23:00:00,20.171429
2020-07-16 00:00:00,20.640953
2020-07-16 01:00:00,25.14386
2020-07-16 02:00:00,72.221634
2020-07-16 03:00:00,314.2798
2020-07-16 04:00:00,554.0073
2020-07-16 05:00:00,796.80005
2020-07-16 06:00:00,1009.35474
2020-07-16 07:00:00,1059.1682
2020-07-16 08:00:00,1147.5168
2020-07-16 09:00:00,675.1492
2020-07-16 10:00:00,1216.708
2020-07-16 11:00:00,500.49194
2020-07-16 12:00:00,294.8286
2020-07-16 13:00:00,118.76465
2020-07-16 14:00:00,67.49339
2020-07-16 15:00:00,38.37082
2020-07-16 16:00:00,29.270508
2020-07-16 17:00:00,22.703125
2020-07-16 18:00:00,19.529686
2020-07-16 19:00:00,21.10705
2020-07-16 20:00:00,18.85561
2020-07-16 21:00:00,18.435356
2020-07-16 22:00:00,28.790997
2020-07-16 23:00:00,27.849472
2020-07-17 00:00:00,20.15557
2020-07-17 01:00:00,25.592438
2020-07-17 02:00:00,58.016357
2020-07-17 03:00:00,433.04907
2020-07-17 04:00:00,580.6553
2020-07-17 05:00:00,815.8635
2020-07-17 06:00:00,1033.7854
2020-07-17 07:00:00,773.5674
2020-07-17 08:00:00,1172.0066
2020-07-17 09:00:00,1119.7322
2020-07-17 10:00:00,1200.6902
2020-07-17 11:00:00,526.822
2020-07-17 12:00:00,426.92456
2020-07-17 13:00:00,91.054306
2020-07-17 14:00:00,52.250687
2020-07-17 15:00:00,47.61978
2020-07-17 16:00:00,38.969193
2020-07-17 17:00:00,27.764847
2020-07-17 18:00:00,26.274887
2020-07-17 19:00:00,45.670853
2020-07-17 20:00:00,53.78528
2020-07-17 21:00:00,51.37863
2020-07-17 22:00:00,84.24785
2020-07-17 23:00:00,53.576355
2020-07-18 00:00:00,31.24707
2020-07-18 01:00:00,31.980042
2020-07-18 02:00:00,83.3802
2020-07-18 03:00:00,501.85815
2020-07-18 04:00:00,679.9512
2020-07-18 05:00:00,905.0105
2020-07-18 06:00:00,1093.2964
2020-07-18 07:00:00,1361.9812
2020-07-18 08:00:00,1481.5645
2020-07-18 09:00:00,1493.8364
2020-07-18 10:00:00,1879.4836
2020-07-18 11:00:00,804.77344
2020-07-18 12:00:00,600.0598
2020-07-18 13:00:00,218.39558
2020-07-18 14:00:00,44.73239
2020-07-18 15:00:00,32.159805
2020-07-18 16:00:00,22.843414
2020-07-18 17:00:00,21.485336
2020-07-18 18:00:00,24.687103
2020-07-18 19:00:00,24.458084
2020-07-18 20:00:00,23.198349
2020-07-18 21:00:00,22.312943
2020-07-18 22:00:00,29.215363
2020-07-18 23:00:00,36.23671
2020-07-19 00:00:00,30.75528
2020-07-19 01:00:00,32.198105
2020-07-19 02:00:00,35.436264
2020-07-19 03:00:00,389.6467
2020-07-19 04:00:00,519.9226
2020-07-19 05:00:00,804.8015
2020-07-19 06:00:00,1852.2954
2020-07-19 07:00:00,1685.5518
2020-07-19 08:00:00,1585.5132
2020-07-19 09:00:00,1667.4556
2020-07-19 10:00:00,1371.3225
2020-07-19 11:00:00,1374.0535
2020-07-19 12:00:00,1225.3359
2020-07-19 13:00:00,554.2256
2020-07-19 14:00:00,134.49551
2020-07-19 15:00:00,50.202652
2020-07-19 16:00:00,36.084732
2020-07-19 17:00:00,28.077974
2020-07-19 18:00:00,25.174126
2020-07-19 19:00:00,25.62233
2020-07-19 20:00:00,24.563873
2020-07-19 21:00:00,22.4917
2020-07-19 22:00:00,17.846704
2020-07-19 23:00:00,23.151733
2020-07-20 00:00:00,21.667385
2020-07-20 01:00:00,25.044617
2020-07-20 02:00:00,45.43927
2020-07-20 03:00:00,742.56274
2020-07-20 04:00:00,1227.6775
2020-07-20 05:00:00,1994.561
2020-07-20 06:00:00,2034.3132
2020-07-20 07:00:00,2244.7053
2020-07-20 08:00:00,2734.567
2020-07-20 09:00:00,1778.4641
2020-07-20 10:00:00,2031.8279
2020-07-20 11:00:00,893.4497
2020-07-20 12:00:00,716.9888
2020-07-20 13:00:00,596.44604
2020-07-20 14:00:00,81.47551
2020-07-20 15:00:00,25.1669
2020-07-20 16:00:00,26.736877
2020-07-20 17:00:00,30.787018
2020-07-20 18:00:00,32.70352
2020-07-20 19:00:00,33.851746
2020-07-20 20:00:00,34.66313
2020-07-20 21:00:00,33.68611
2020-07-20 22:00:00,33.33519
2020-07-20 23:00:00,31.93599
2020-07-21 00:00:00,24.548187
2020-07-21 01:00:00,25.78453
2020-07-21 02:00:00,80.194626
2020-07-21 03:00:00,564.5105
2020-07-21 04:00:00,804.9319
2020-07-21 05:00:00,918.3677
2020-07-21 06:00:00,1559.0652
2020-07-21 07:00:00,1366.3135
2020-07-21 08:00:00,1714.0603
2020-07-21 09:00:00,1893.0745
2020-07-21 10:00:00,1180.751
2020-07-21 11:00:00,1312.7471
2020-07-21 12:00:00,1419.1377
2020-07-21 13:00:00,777.91406
2020-07-21 14:00:00,150.87839
2020-07-21 15:00:00,78.35484
2020-07-21 16:00:00,145.00517
2020-07-21 17:00:00,478.8784
2020-07-21 18:00:00,497.41125
2020-07-21 19:00:00,361.75916
2020-07-21 20:00:00,211.02814
2020-07-21 21:00:00,157.84108
2020-07-21 22:00:00,146.36449
2020-07-21 23:00:00,126.62186
2020-07-22 00:00:00,71.87584
2020-07-22 01:00:00,75.50798
2020-07-22 02:00:00,648.5751
2020-07-22 03:00:00,1044.1726
2020-07-22 04:00:00,1461.9395
2020-07-22 05:00:00,1527.1431
2020-07-22 06:00:00,1956.4121
2020-07-22 07:00:00,2252.0933
2020-07-22 08:00:00,2615.1714
2020-07-22 09:00:00,1602.6812
2020-07-22 10:00:00,1936.6941
2020-07-22 11:00:00,1565.9502
2020-07-22 12:00:00,898.1885
2020-07-22 13:00:00,1310.1985
2020-07-22 14:00:00,752.0689
2020-07-22 15:00:00,477.93628
2020-07-22 16:00:00,264.54602
2020-07-22 17:00:00,210.97247
2020-07-22 18:00:00,164.62592
2020-07-22 19:00:00,102.30411
2020-07-22 20:00:00,54.145615
2020-07-22 21:00:00,36.27617
2020-07-22 22:00:00,23.73854
2020-07-22 23:00:00,29.914139
2020-07-23 00:00:00,26.71408
2020-07-23 01:00:00,30.267319
2020-07-23 02:00:00,64.33644
2020-07-23 03:00:00,994.2927
2020-07-23 04:00:00,1374.7734
2020-07-23 05:00:00,1644.9238
2020-07-23 06:00:00,1844.6819
2020-07-23 07:00:00,2022.2654
2020-07-23 08:00:00,2319.09
2020-07-23 09:00:00,2067.9211
2020-07-23 10:00:00,2387.1648
2020-07-23 11:00:00,1634.4768
2020-07-23 12:00:00,997.7471
2020-07-23 13:00:00,295.36438
2020-07-23 14:00:00,49.907516
2020-07-23 15:00:00,27.613125
2020-07-23 16:00:00,23.495642
2020-07-23 17:00:00,21.162811
2020-07-23 18:00:00,21.24438
2020-07-23 19:00:00,21.196949
2020-07-23 20:00:00,21.308205
2020-07-23 21:00:00,20.929459
2020-07-23 22:00:00,21.673447
2020-07-23 23:00:00,28.261734
2020-07-24 00:00:00,27.780838
2020-07-24 01:00:00,31.410233
2020-07-24 02:00:00,54.50821
2020-07-24 03:00:00,886.84375
2020-07-24 04:00:00,1192.3696
2020-07-24 05:00:00,1404.9907
2020-07-24 06:00:00,1398.9968
2020-07-24 07:00:00,1355.7986
2020-07-24 08:00:00,1135.0405
2020-07-24 09:00:00,994.56445
2020-07-24 10:00:00,901.4712
2020-07-24 11:00:00,737.2263
2020-07-24 12:00:00,731.3152
2020-07-24 13:00:00,386.37772
2020-07-24 14:00:00,395.33276
2020-07-24 15:00:00,204.22276
2020-07-24 16:00:00,103.71182
2020-07-24 17:00:00,42.764755
2020-07-24 18:00:00,59.607864
2020-07-24 19:00:00,41.65883
2020-07-24 20:00:00,40.583008
2020-07-24 21:00:00,39.75354
2020-07-24 22:00:00,54.05092
2020-07-24 23:00:00,33.89656
2020-07-25 00:00:00,36.46013
2020-07-25 01:00:00,60.24434
2020-07-25 02:00:00,186.87439
2020-07-25 03:00:00,519.9231
2020-07-25 04:00:00,819.76
2020-07-25 05:00:00,1086.1853
2020-07-25 06:00:00,1110.9827
2020-07-25 07:00:00,1358.0869
2020-07-25 08:00:00,1491.5149
2020-07-25 09:00:00,1442.1145
2020-07-25 10:00:00,1183.7966
2020-07-25 11:00:00,935.3474
2020-07-25 12:00:00,753.23755
2020-07-25 13:00:00,348.71155
2020-07-25 14:00:00,74.68111
2020-07-25 15:00:00,22.880783
2020-07-25 16:00:00,21.256065
2020-07-25 17:00:00,19.753376
2020-07-25 18:00:00,21.251053
2020-07-25 19:00:00,21.160538
2020-07-25 20:00:00,18.699574
2020-07-25 21:00:00,18.586708
2020-07-25 22:00:00,34.338852
2020-07-25 23:00:00,40.628006
2020-07-26 00:00:00,41.10573
2020-07-26 01:00:00,47.882736
2020-07-26 02:00:00,84.45418
2020-07-26 03:00:00,248.92693
2020-07-26 04:00:00,556.75146
2020-07-26 05:00:00,848.3154
2020-07-26 06:00:00,1013.666
2020-07-26 07:00:00,1130.9658
2020-07-26 08:00:00,1140.8528
2020-07-26 09:00:00,1109.4802
2020-07-26 10:00:00,479.10815
2020-07-26 11:00:00,337.90088
2020-07-26 12:00:00,283.00043
2020-07-26 13:00:00,263.29877
2020-07-26 14:00:00,154.6401
2020-07-26 15:00:00,33.283188
2020-07-26 16:00:00,30.356995
2020-07-26 17:00:00,27.461334
2020-07-26 18:00:00,24.111404
2020-07-26 19:00:00,23.506363
2020-07-26 20:00:00,25.520432
2020-07-26 21:00:00,30.268112
2020-07-26 22:00:00,45.191406
2020-07-26 23:00:00,79.65358
2020-07-27 00:00:00,331.49014
2020-07-27 01:00:00,362.59406
2020-07-27 02:00:00,461.50565
2020-07-27 03:00:00,379.32184
2020-07-27 04:00:00,322.51996
2020-07-27 05:00:00,486.7566
2020-07-27 06:00:00,723.1228
2020-07-27 07:00:00,1019.7573
2020-07-27 08:00:00,1290.0479
2020-07-27 09:00:00,1185.8276
2020-07-27 10:00:00,1232.334
2020-07-27 11:00:00,985.07666
2020-07-27 12:00:00,831.3579
2020-07-27 13:00:00,850.57104
2020-07-27 14:00:00,185.38057
2020-07-27 15:00:00,73.70151
2020-07-27 16:00:00,26.260757
2020-07-27 17:00:00,23.961838
2020-07-27 18:00:00,21.60823
2020-07-27 19:00:00,20.0242
2020-07-27 20:00:00,19.862762
2020-07-27 21:00:00,20.45102
2020-07-27 22:00:00,30.09282
2020-07-27 23:00:00,28.970856
2020-07-28 00:00:00,26.687302
2020-07-28 01:00:00,27.068527
2020-07-28 02:00:00,52.440613
2020-07-28 03:00:00,495.63672
2020-07-28 04:00:00,835.7444
2020-07-28 05:00:00,1161.6106
2020-07-28 06:00:00,1315.0984
2020-07-28 07:00:00,1367.1377
2020-07-28 08:00:00,1448.0911
2020-07-28 09:00:00,1403.562
2020-07-28 10:00:00,1753.6621
2020-07-28 11:00:00,2045.1914
2020-07-28 12:00:00,1345.8699
2020-07-28 13:00:00,488.67993
2020-07-28 14:00:00,102.72249
2020-07-28 15:00:00,31.173996
2020-07-28 16:00:00,20.134949
2020-07-28 17:00:00,21.572952
2020-07-28 18:00:00,21.53981
2020-07-28 19:00:00,20.676025
2020-07-28 20:00:00,25.168777
2020-07-28 21:00:00,25.247833
2020-07-28 22:00:00,22.795929
2020-07-28 23:00:00,28.63089
2020-07-29 00:00:00,27.538803
2020-07-29 01:00:00,33.10063
2020-07-29 02:00:00,53.146072
2020-07-29 03:00:00,1283.6084
2020-07-29 04:00:00,1533.4863
2020-07-29 05:00:00,1593.2476
2020-07-29 06:00:00,1604.0259
2020-07-29 07:00:00,963.22314
2020-07-29 08:00:00,1101.4312
2020-07-29 09:00:00,963.3489
2020-07-29 10:00:00,1510.0012
2020-07-29 11:00:00,1092.2014
2020-07-29 12:00:00,1258.0215
2020-07-29 13:00:00,1197.8082
2020-07-29 14:00:00,1017.28986
2020-07-29 15:00:00,405.29684
2020-07-29 16:00:00,221.16873
2020-07-29 17:00:00,174.68988
2020-07-29 18:00:00,125.494354
2020-07-29 19:00:00,71.38075
2020-07-29 20:00:00,59.53018
2020-07-29 21:00:00,40.379505
2020-07-29 22:00:00,50.078552
2020-07-29 23:00:00,39.48201
2020-07-30 00:00:00,33.300873
2020-07-30 01:00:00,35.311325
2020-07-30 02:00:00,88.77847
2020-07-30 03:00:00,545.28345
2020-07-30 04:00:00,790.5774
2020-07-30 05:00:00,1020.3567
2020-07-30 06:00:00,1169.5151
2020-07-30 07:00:00,1322.3809
2020-07-30 08:00:00,1341.2043
2020-07-30 09:00:00,1277.3425
2020-07-30 10:00:00,1132.0132
2020-07-30 11:00:00,935.93945
2020-07-30 12:00:00,648.6343
2020-07-30 13:00:00,374.29077
2020-07-30 14:00:00,128.33519
2020-07-30 15:00:00,39.76021
2020-07-30 16:00:00,20.76091
2020-07-30 17:00:00,24.720856
2020-07-30 18:00:00,22.754883
2020-07-30 19:00:00,20.071629
2020-07-30 20:00:00,17.971302
2020-07-30 21:00:00,29.407034
2020-07-30 22:00:00,41.532486
2020-07-30 23:00:00,34.580612
2020-07-31 00:00:00,32.67581
2020-07-31 01:00:00,33.33545
2020-07-31 02:00:00,81.0
2020-07-31 03:00:00,267.25662
2020-07-31 04:00:00,298.34448
2020-07-31 05:00:00,476.89404
2020-07-31 06:00:00,562.49585
2020-07-31 07:00:00,477.73877
2020-07-31 08:00:00,307.90295
2020-07-31 09:00:00,463.6477
2020-07-31 10:00:00,427.85938
2020-07-31 11:00:00,455.37085
2020-07-31 12:00:00,291.57892
2020-07-31 13:00:00,234.58838
2020-07-31 14:00:00,207.20367
2020-07-31 15:00:00,82.38779
2020-07-31 16:00:00,39.96585
2020-07-31 17:00:00,22.01625
2020-07-31 18:00:00,24.52533
2020-07-31 19:00:00,25.904434
2020-07-31 20:00:00,29.563263
2020-07-31 21:00:00,39.519455
2020-07-31 22:00:00,55.402115
2020-07-31 23:00:00,39.82733
2020-08-01 00:00:00,34.683426
2020-08-01 01:00:00,32.059402
2020-08-01 02:00:00,106.109375
2020-08-01 03:00:00,373.22852
2020-08-01 04:00:00,538.7627
2020-08-01 05:00:00,807.99365
2020-08-01 06:00:00,879.0376
2020-08-01 07:00:00,728.50684
2020-08-01 08:00:00,760.647
2020-08-01 09:00:00,719.40137
2020-08-01 10:00:00,814.5847
2020-08-01 11:00:00,755.58105
2020-08-01 12:00:00,345.03735
2020-08-01 13:00:00,268.0702
2020-08-01 14:00:00,170.85323
2020-08-01 15:00:00,46.50238
2020-08-01 16:00:00,37.843018
2020-08-01 17:00:00,23.125198
2020-08-01 18:00:00,28.232193
2020-08-01 19:00:00,27.444626
2020-08-01 20:00:00,31.592209
2020-08-01 21:00:00,35.25969
2020-08-01 22:00:00,40.83667
2020-08-01 23:00:00,49.421326
2020-08-02 00:00:00,46.699768
2020-08-02 01:00:00,44.340897
2020-08-02 02:00:00,79.52312
2020-08-02 03:00:00,274.22632
2020-08-02 04:00:00,332.8523
2020-08-02 05:00:00,359.3733
2020-08-02 06:00:00,565.4624
2020-08-02 07:00:00,670.0945
2020-08-02 08:00:00,709.5864
2020-08-02 09:00:00,651.3445
2020-08-02 10:00:00,726.0122
2020-08-02 11:00:00,721.03296
2020-08-02 12:00:00,410.0293
2020-08-02 13:00:00,258.22498
2020-08-02 14:00:00,96.44438
2020-08-02 15:00:00,47.14351
2020-08-02 16:00:00,46.95096
2020-08-02 17:00:00,20.84845
2020-08-02 18:00:00,51.590347
2020-08-02 19:00:00,28.927246
2020-08-02 20:00:00,52.934525
2020-08-02 21:00:00,65.7887
2020-08-02 22:00:00,76.19322
2020-08-02 23:00:00,57.11209
2020-08-03 00:00:00,45.167557
2020-08-03 01:00:00,43.886185
2020-08-03 02:00:00,126.25888
2020-08-03 03:00:00,481.08472
2020-08-03 04:00:00,567.76245
2020-08-03 05:00:00,672.0857
2020-08-03 06:00:00,975.40674
2020-08-03 07:00:00,1050.596
2020-08-03 08:00:00,1301.0505
2020-08-03 09:00:00,1175.6475
2020-08-03 10:00:00,835.5913
2020-08-03 11:00:00,662.3596
2020-08-03 12:00:00,433.06006
2020-08-03 13:00:00,364.87134
2020-08-03 14:00:00,107.29059
2020-08-03 15:00:00,45.770798
2020-08-03 16:00:00,29.668137
2020-08-03 17:00:00,26.591919
2020-08-03 18:00:00,20.282074
2020-08-03 19:00:00,26.042221
2020-08-03 20:00:00,23.399704
2020-08-03 21:00:00,21.141354
2020-08-03 22:00:00,45.100266
2020-08-03 23:00:00,42.15625
2020-08-04 00:00:00,34.013977
2020-08-04 01:00:00,31.169739
2020-08-04 02:00:00,72.00069
2020-08-04 03:00:00,560.57544
2020-08-04 04:00:00,886.88086
2020-08-04 05:00:00,1160.7175
2020-08-04 06:00:00,1350.1504
2020-08-04 07:00:00,1345.6704
2020-08-04 08:00:00,1543.4602
2020-08-04 09:00:00,1743.2183
2020-08-04 10:00:00,1651.0261
2020-08-04 11:00:00,1668.5957
2020-08-04 12:00:00,1181.2996
2020-08-04 13:00:00,547.86835
2020-08-04 14:00:00,85.44017
2020-08-04 15:00:00,29.124878
2020-08-04 16:00:00,22.404362
2020-08-04 17:00:00,22.22728
2020-08-04 18:00:00,21.01149
2020-08-04 19:00:00,20.09122
2020-08-04 20:00:00,19.889694
2020-08-04 21:00:00,20.824902
2020-08-04 22:00:00,23.05893
2020-08-04 23:00:00,26.185501
2020-08-05 00:00:00,18.842148
2020-08-05 01:00:00,21.788258
2020-08-05 02:00:00,41.273148
2020-08-05 03:00:00,393.20117
2020-08-05 04:00:00,610.8535
2020-08-05 05:00:00,852.9131
2020-08-05 06:00:00,1176.419
2020-08-05 07:00:00,1309.8093
2020-08-05 08:00:00,1268.1274
2020-08-05 09:00:00,1326.9407
2020-08-05 10:00:00,1454.2256
2020-08-05 11:00:00,1184.3455
2020-08-05 12:00:00,551.3303
2020-08-05 13:00:00,270.74704
2020-08-05 14:00:00,81.502106
2020-08-05 15:00:00,48.04268
2020-08-05 16:00:00,34.55919
2020-08-05 17:00:00,28.17154
2020-08-05 18:00:00,22.083984
2020-08-05 19:00:00,20.10086
2020-08-05 20:00:00,23.716858
2020-08-05 21:00:00,19.964481
2020-08-05 22:00:00,19.750038
2020-08-05 23:00:00,27.775024
2020-08-06 00:00:00,23.77597
2020-08-06 01:00:00,25.891312
2020-08-06 02:00:00,67.25421
2020-08-06 03:00:00,358.99255
2020-08-06 04:00:00,718.9563
2020-08-06 05:00:00,980.4531
2020-08-06 06:00:00,1128.5176
2020-08-06 07:00:00,1289.4265
2020-08-06 08:00:00,1422.73
2020-08-06 09:00:00,1299.7708
2020-08-06 10:00:00,2019.7134
2020-08-06 11:00:00,1481.8884
2020-08-06 12:00:00,820.0928
2020-08-06 13:00:00,196.31287
2020-08-06 14:00:00,46.09073
2020-08-06 15:00:00,29.897972
2020-08-06 16:00:00,23.211151
2020-08-06 17:00:00,19.994137
2020-08-06 18:00:00,18.789528
2020-08-06 19:00:00,19.177197
2020-08-06 20:00:00,19.763502
2020-08-06 21:00:00,19.725609
2020-08-06 22:00:00,23.309479
2020-08-06 23:00:00,21.449326
2020-08-07 00:00:00,24.419327
2020-08-07 01:00:00,28.184296
2020-08-07 02:00:00,56.453644
2020-08-07 03:00:00,354.50806
2020-08-07 04:00:00,523.6594
2020-08-07 05:00:00,724.9553
2020-08-07 06:00:00,943.21606
2020-08-07 07:00:00,1081.0164
2020-08-07 08:00:00,1215.3196
2020-08-07 09:00:00,1192.9587
2020-08-07 10:00:00,1388.2703
2020-08-07 11:00:00,1380.7385
2020-08-07 12:00:00,1105.1257
2020-08-07 13:00:00,638.88446
2020-08-07 14:00:00,74.406204
2020-08-07 15:00:00,51.427322
2020-08-07 16:00:00,35.001034
2020-08-07 17:00:00,35.775833
2020-08-07 18:00:00,32.62216
2020-08-07 19:00:00,25.783676
2020-08-07 20:00:00,25.370422
2020-08-07 21:00:00,26.375854
2020-08-07 22:00:00,23.535894
2020-08-07 23:00:00,27.405594
2020-08-08 00:00:00,19.363705
2020-08-08 01:00:00,28.060486
2020-08-08 02:00:00,49.297302
2020-08-08 03:00:00,334.6853
2020-08-08 04:00:00,614.5161
2020-08-08 05:00:00,707.65845
2020-08-08 06:00:00,1006.2063
2020-08-08 07:00:00,1043.385
2020-08-08 08:00:00,1316.1472
2020-08-08 09:00:00,1357.6641
2020-08-08 10:00:00,1039.3657
2020-08-08 11:00:00,889.77734
2020-08-08 12:00:00,342.0725
2020-08-08 13:00:00,132.79341
2020-08-08 14:00:00,49.817764
2020-08-08 15:00:00,26.533142
2020-08-08 16:00:00,23.667343
2020-08-08 17:00:00,22.097229
2020-08-08 18:00:00,20.931385
2020-08-08 19:00:00,27.57573
2020-08-08 20:00:00,57.04413
2020-08-08 21:00:00,111.82579
2020-08-08 22:00:00,240.25342
2020-08-08 23:00:00,256.40625
2020-08-09 00:00:00,73.34569
2020-08-09 01:00:00,37.031067
2020-08-09 02:00:00,205.11407
2020-08-09 03:00:00,436.2849
2020-08-09 04:00:00,559.31274
2020-08-09 05:00:00,742.438
2020-08-09 06:00:00,797.01733
2020-08-09 07:00:00,1110.5403
2020-08-09 08:00:00,1136.9673
2020-08-09 09:00:00,1224.2478
2020-08-09 10:00:00,1249.4556
2020-08-09 11:00:00,1158.9587
2020-08-09 12:00:00,1308.5122
2020-08-09 13:00:00,1303.4929
2020-08-09 14:00:00,183.42918
2020-08-09 15:00:00,92.479675
2020-08-09 16:00:00,52.713028
2020-08-09 17:00:00,39.810898
2020-08-09 18:00:00,30.308182
2020-08-09 19:00:00,23.424042
2020-08-09 20:00:00,25.459412
2020-08-09 21:00:00,21.990128
2020-08-09 22:00:00,20.22055
2020-08-09 23:00:00,31.870773
2020-08-10 00:00:00,32.665894
2020-08-10 01:00:00,29.85028
2020-08-10 02:00:00,54.280502
2020-08-10 03:00:00,739.82104
2020-08-10 04:00:00,938.6294
2020-08-10 05:00:00,1241.7942
2020-08-10 06:00:00,1623.5396
2020-08-10 07:00:00,1683.0002
2020-08-10 08:00:00,1855.0579
2020-08-10 09:00:00,1818.2634
2020-08-10 10:00:00,1792.2361
2020-08-10 11:00:00,1285.2783
2020-08-10 12:00:00,816.0298
2020-08-10 13:00:00,260.60144
2020-08-10 14:00:00,73.20538
2020-08-10 15:00:00,33.141464
2020-08-10 16:00:00,24.686935
2020-08-10 17:00:00,29.246918
2020-08-10 18:00:00,29.726547
2020-08-10 19:00:00,23.957886
2020-08-10 20:00:00,21.777344
2020-08-10 21:00:00,24.891602
2020-08-10 22:00:00,50.27339
2020-08-10 23:00:00,54.959457
2020-08-11 00:00:00,45.38124
2020-08-11 01:00:00,43.82013
2020-08-11 02:00:00,54.93361
2020-08-11 03:00:00,667.1919
2020-08-11 04:00:00,1099.9436
2020-08-11 05:00:00,1134.0662
2020-08-11 06:00:00,1619.6514
2020-08-11 07:00:00,1793.2468
2020-08-11 08:00:00,1674.617
2020-08-11 09:00:00,1570.9001
2020-08-11 10:00:00,1588.469
2020-08-11 11:00:00,1096.7598
2020-08-11 12:00:00,1010.84546
2020-08-11 13:00:00,343.67773
2020-08-11 14:00:00,133.86069
2020-08-11 15:00:00,59.075592
2020-08-11 16:00:00,42.089813
2020-08-11 17:00:00,103.01335
2020-08-11 18:00:00,179.72531
2020-08-11 19:00:00,86.89601
2020-08-11 20:00:00,44.863937
2020-08-11 21:00:00,27.718414
2020-08-11 22:00:00,27.341125
2020-08-11 23:00:00,21.257446
2020-08-12 00:00:00,19.603561
2020-08-12 01:00:00,27.876205
2020-08-12 02:00:00,189.55577
2020-08-12 03:00:00,536.1895
2020-08-12 04:00:00,827.7661
2020-08-12 05:00:00,1054.1592
2020-08-12 06:00:00,1494.3875
2020-08-12 07:00:00,1722.8369
2020-08-12 08:00:00,1768.0176
2020-08-12 09:00:00,1788.7666
2020-08-12 10:00:00,1822.4172
2020-08-12 11:00:00,1892.8743
2020-08-12 12:00:00,1257.7407
2020-08-12 13:00:00,394.50586
2020-08-12 14:00:00,93.755905
2020-08-12 15:00:00,31.74237
2020-08-12 16:00:00,24.170013
2020-08-12 17:00:00,21.913187
2020-08-12 18:00:00,24.210495
2020-08-12 19:00:00,25.570816
2020-08-12 20:00:00,32.1716
2020-08-12 21:00:00,34.0493
2020-08-12 22:00:00,61.869385
2020-08-12 23:00:00,59.351166
2020-08-13 00:00:00,36.96678
2020-08-13 01:00:00,36.8667
2020-08-13 02:00:00,70.99179
2020-08-13 03:00:00,508.98657
2020-08-13 04:00:00,1017.37427
2020-08-13 05:00:00,1185.5908
2020-08-13 06:00:00,1348.5647
2020-08-13 07:00:00,1323.6589
2020-08-13 08:00:00,1574.7971
2020-08-13 09:00:00,1147.5725
2020-08-13 10:00:00,1561.2241
2020-08-13 11:00:00,1290.7646
2020-08-13 12:00:00,1070.477
2020-08-13 13:00:00,844.7163
2020-08-13 14:00:00,536.5427
2020-08-13 15:00:00,363.5356
2020-08-13 16:00:00,321.85452
2020-08-13 17:00:00,214.06618
2020-08-13 18:00:00,204.93175
2020-08-13 19:00:00,109.72273
2020-08-13 20:00:00,34.638718
2020-08-13 21:00:00,27.348953
2020-08-13 22:00:00,27.495178
2020-08-13 23:00:00,25.32837
2020-08-14 00:00:00,22.6622
2020-08-14 01:00:00,26.04271
2020-08-14 02:00:00,57.610123
2020-08-14 03:00:00,656.1538
2020-08-14 04:00:00,927.4807
2020-08-14 05:00:00,1226.1802
2020-08-14 06:00:00,1451.8083
2020-08-14 07:00:00,1625.689
2020-08-14 08:00:00,1763.6323
2020-08-14 09:00:00,1813.166
2020-08-14 10:00:00,1720.6155
2020-08-14 11:00:00,1369.7402
2020-08-14 12:00:00,927.0442
2020-08-14 13:00:00,362.9409
2020-08-14 14:00:00,43.84955
2020-08-14 15:00:00,25.830193
2020-08-14 16:00:00,20.281448
2020-08-14 17:00:00,19.507515
2020-08-14 18:00:00,20.046062
2020-08-14 19:00:00,19.823124
2020-08-14 20:00:00,20.486645
2020-08-14 21:00:00,21.051315
2020-08-14 22:00:00,24.150732
2020-08-14 23:00:00,22.776875
2020-08-15 00:00:00,22.22831
2020-08-15 01:00:00,24.634628
2020-08-15 02:00:00,42.304474
2020-08-15 03:00:00,395.63037
2020-08-15 04:00:00,832.56177
2020-08-15 05:00:00,1148.6172
2020-08-15 06:00:00,1357.7407
2020-08-15 07:00:00,1538.8406
2020-08-15 08:00:00,1628.7776
2020-08-15 09:00:00,1736.6863
2020-08-15 10:00:00,1842.3267
2020-08-15 11:00:00,1419.4148
2020-08-15 12:00:00,807.75073
2020-08-15 13:00:00,375.6446
2020-08-15 14:00:00,28.133163
2020-08-15 15:00:00,21.560928
2020-08-15 16:00:00,20.867785
2020-08-15 17:00:00,19.62928
2020-08-15 18:00:00,19.793224
2020-08-15 19:00:00,21.053524
2020-08-15 20:00:00,21.303535
2020-08-15 21:00:00,21.09962
2020-08-15 22:00:00,26.977463
2020-08-15 23:00:00,28.52452
2020-08-16 00:00:00,29.0746
2020-08-16 01:00:00,33.240204
2020-08-16 02:00:00,52.04898
2020-08-16 03:00:00,365.7038
2020-08-16 04:00:00,751.32056
2020-08-16 05:00:00,1098.2444
2020-08-16 06:00:00,1301.3743
2020-08-16 07:00:00,1477.4739
2020-08-16 08:00:00,1649.2109
2020-08-16 09:00:00,1641.5264
2020-08-16 10:00:00,1685.6292
2020-08-16 11:00:00,1500.3948
2020-08-16 12:00:00,1040.197
2020-08-16 13:00:00,463.77203
2020-08-16 14:00:00,205.23512
2020-08-16 15:00:00,341.0153
2020-08-16 16:00:00,160.1882
2020-08-16 17:00:00,68.915344
2020-08-16 18:00:00,34.161545
2020-08-16 19:00:00,19.03476
2020-08-16 20:00:00,16.900589
2020-08-16 21:00:00,20.149887
2020-08-16 22:00:00,54.708694
2020-08-16 23:00:00,42.430954
2020-08-17 00:00:00,31.589752
2020-08-17 01:00:00,28.754059
2020-08-17 02:00:00,42.716293
2020-08-17 03:00:00,784.8008
2020-08-17 04:00:00,955.1846
2020-08-17 05:00:00,1355.8564
2020-08-17 06:00:00,1551.8369
2020-08-17 07:00:00,1617.7346
2020-08-17 08:00:00,1514.269
2020-08-17 09:00:00,1589.6199
2020-08-17 10:00:00,1774.3093
2020-08-17 11:00:00,1168.0708
2020-08-17 12:00:00,728.39575
2020-08-17 13:00:00,222.66623
2020-08-17 14:00:00,60.045624
2020-08-17 15:00:00,45.32672
2020-08-17 16:00:00,60.625717
2020-08-17 17:00:00,51.07704
2020-08-17 18:00:00,33.96205
2020-08-17 19:00:00,29.060623
2020-08-17 20:00:00,25.034088
2020-08-17 21:00:00,30.303085
2020-08-17 22:00:00,34.76178
2020-08-17 23:00:00,80.946075
2020-08-18 00:00:00,179.12892
2020-08-18 01:00:00,485.06686
2020-08-18 02:00:00,454.9938
2020-08-18 03:00:00,425.22974
2020-08-18 04:00:00,465.25024
2020-08-18 05:00:00,487.0681
2020-08-18 06:00:00,387.7791
2020-08-18 07:00:00,416.52612
2020-08-18 08:00:00,416.55908
2020-08-18 09:00:00,363.2517
2020-08-18 10:00:00,467.3755
2020-08-18 11:00:00,551.24536
2020-08-18 12:00:00,373.90112
2020-08-18 13:00:00,254.51903
2020-08-18 14:00:00,104.11545
2020-08-18 15:00:00,28.944931
2020-08-18 16:00:00,20.88971
2020-08-18 17:00:00,19.335922
2020-08-18 18:00:00,18.809708
2020-08-18 19:00:00,18.307924
2020-08-18 20:00:00,17.879524
2020-08-18 21:00:00,18.854279
2020-08-18 22:00:00,23.558533
2020-08-18 23:00:00,17.139025
2020-08-19 00:00:00,18.001484
2020-08-19 01:00:00,19.933842
2020-08-19 02:00:00,43.543427
2020-08-19 03:00:00,297.78516
2020-08-19 04:00:00,519.76196
2020-08-19 05:00:00,742.803
2020-08-19 06:00:00,838.0344
2020-08-19 07:00:00,1025.0044
2020-08-19 08:00:00,1025.5774
2020-08-19 09:00:00,1078.0483
2020-08-19 10:00:00,945.17053
2020-08-19 11:00:00,732.062
2020-08-19 12:00:00,448.239
2020-08-19 13:00:00,266.65784
2020-08-19 14:00:00,38.249847
2020-08-19 15:00:00,20.406906
2020-08-19 16:00:00,21.57724
2020-08-19 17:00:00,18.575073
2020-08-19 18:00:00,20.095856
2020-08-19 19:00:00,21.873825
2020-08-19 20:00:00,21.539429
2020-08-19 21:00:00,28.737823
2020-08-19 22:00:00,33.032196
2020-08-19 23:00:00,20.041061
2020-08-20 00:00:00,18.73738
2020-08-20 01:00:00,22.551834
2020-08-20 02:00:00,40.050858
2020-08-20 03:00:00,301.35156
2020-08-20 04:00:00,509.91772
2020-08-20 05:00:00,743.33057
2020-08-20 06:00:00,975.50024
2020-08-20 07:00:00,823.24927
2020-08-20 08:00:00,1122.0437
2020-08-20 09:00:00,1114.5808
2020-08-20 10:00:00,928.14014
2020-08-20 11:00:00,618.99585
2020-08-20 12:00:00,505.87085
2020-08-20 13:00:00,178.33777
2020-08-20 14:00:00,71.81143
2020-08-20 15:00:00,54.271545
2020-08-20 16:00:00,44.07808
2020-08-20 17:00:00,52.273453
2020-08-20 18:00:00,56.165436
2020-08-20 19:00:00,50.243195
2020-08-20 20:00:00,34.211685
2020-08-20 21:00:00,23.218643
2020-08-20 22:00:00,29.96762
2020-08-20 23:00:00,38.468018
2020-08-21 00:00:00,27.491028
2020-08-21 01:00:00,29.576752
2020-08-21 02:00:00,85.91522
2020-08-21 03:00:00,541.55585
2020-08-21 04:00:00,964.1604
2020-08-21 05:00:00,951.2749
2020-08-21 06:00:00,1168.0757
2020-08-21 07:00:00,1442.2549
2020-08-21 08:00:00,1491.9214
2020-08-21 09:00:00,1695.9246
2020-08-21 10:00:00,1317.1731
2020-08-21 11:00:00,1019.86426
2020-08-21 12:00:00,539.3242
2020-08-21 13:00:00,196.0949
2020-08-21 14:00:00,39.539963
2020-08-21 15:00:00,33.88333
2020-08-21 16:00:00,24.740036
2020-08-21 17:00:00,20.129013
2020-08-21 18:00:00,21.394684
2020-08-21 19:00:00,21.439941
2020-08-21 20:00:00,21.258457
2020-08-21 21:00:00,20.438457
2020-08-21 22:00:00,22.66507
2020-08-21 23:00:00,20.404968
2020-08-22 00:00:00,25.85228
2020-08-22 01:00:00,27.88063
2020-08-22 02:00:00,45.917175
2020-08-22 03:00:00,350.56085
2020-08-22 04:00:00,582.5698
2020-08-22 05:00:00,812.72925
2020-08-22 06:00:00,947.7798
2020-08-22 07:00:00,1185.1465
2020-08-22 08:00:00,1064.874
2020-08-22 09:00:00,1112.4246
2020-08-22 10:00:00,960.8313
2020-08-22 11:00:00,831.114
2020-08-22 12:00:00,417.46045
2020-08-22 13:00:00,114.92969
2020-08-22 14:00:00,32.105164
2020-08-22 15:00:00,19.157042
2020-08-22 16:00:00,18.553223
2020-08-22 17:00:00,18.095348
2020-08-22 18:00:00,18.586506
2020-08-22 19:00:00,19.29018
2020-08-22 20:00:00,19.906239
2020-08-22 21:00:00,21.547533
2020-08-22 22:00:00,27.370636
2020-08-22 23:00:00,22.367691
2020-08-23 00:00:00,24.631638
2020-08-23 01:00:00,26.193146
2020-08-23 02:00:00,40.27156
2020-08-23 03:00:00,451.55377
2020-08-23 04:00:00,641.62256
2020-08-23 05:00:00,773.97
2020-08-23 06:00:00,910.8718
2020-08-23 07:00:00,962.9905
2020-08-23 08:00:00,1025.7444
2020-08-23 09:00:00,1047.8884
2020-08-23 10:00:00,1164.8328
2020-08-23 11:00:00,788.89136
2020-08-23 12:00:00,613.69775
2020-08-23 13:00:00,306.75482
2020-08-23 14:00:00,27.455322
2020-08-23 15:00:00,23.559013
2020-08-23 16:00:00,27.6669
2020-08-23 17:00:00,24.025875
2020-08-23 18:00:00,22.473118
2020-08-23 19:00:00,21.38221
2020-08-23 20:00:00,21.71793
2020-08-23 21:00:00,23.033447
2020-08-23 22:00:00,28.907135
2020-08-23 23:00:00,22.328918
2020-08-24 00:00:00,22.093842
2020-08-24 01:00:00,25.663208
2020-08-24 02:00:00,31.356415
2020-08-24 03:00:00,237.67049
2020-08-24 04:00:00,439.3684
2020-08-24 05:00:00,623.83765
2020-08-24 06:00:00,894.3047
2020-08-24 07:00:00,1052.9966
2020-08-24 08:00:00,1194.2659
2020-08-24 09:00:00,975.8789
2020-08-24 10:00:00,624.4492
2020-08-24 11:00:00,525.63135
2020-08-24 12:00:00,208.91098
2020-08-24 13:00:00,33.69493
2020-08-24 14:00:00,27.100204
2020-08-24 15:00:00,20.976501
2020-08-24 16:00:00,28.940048
2020-08-24 17:00:00,33.10632
2020-08-24 18:00:00,45.611893
2020-08-24 19:00:00,43.858948
2020-08-24 20:00:00,38.41803
2020-08-24 21:00:00,26.854416
2020-08-24 22:00:00,24.321167
2020-08-24 23:00:00,45.76258
2020-08-25 00:00:00,47.42993
2020-08-25 01:00:00,26.242302
2020-08-25 02:00:00,22.459824
2020-08-25 03:00:00,829.21655
2020-08-25 04:00:00,997.54346
2020-08-25 05:00:00,1152.2888
2020-08-25 06:00:00,1291.3159
2020-08-25 07:00:00,1520.9053
2020-08-25 08:00:00,1569.3818
2020-08-25 09:00:00,1356.8813
2020-08-25 10:00:00,1610.6016
2020-08-25 11:00:00,1558.5232
2020-08-25 12:00:00,1282.3496
2020-08-25 13:00:00,1169.5623
2020-08-25 14:00:00,868.8037
2020-08-25 15:00:00,624.9015
2020-08-25 16:00:00,387.98297
2020-08-25 17:00:00,157.39592
2020-08-25 18:00:00,82.40796
2020-08-25 19:00:00,65.77666
2020-08-25 20:00:00,69.918564
2020-08-25 21:00:00,84.52292
2020-08-25 22:00:00,50.036316
2020-08-25 23:00:00,65.28104
2020-08-26 00:00:00,78.56929
2020-08-26 01:00:00,66.915436
2020-08-26 02:00:00,175.977
2020-08-26 03:00:00,362.49902
2020-08-26 04:00:00,569.5342
2020-08-26 05:00:00,783.13916
2020-08-26 06:00:00,878.5325
2020-08-26 07:00:00,917.4429
2020-08-26 08:00:00,930.62866
2020-08-26 09:00:00,849.94824
2020-08-26 10:00:00,516.9182
2020-08-26 11:00:00,516.92773
2020-08-26 12:00:00,563.67993
2020-08-26 13:00:00,679.7837
2020-08-26 14:00:00,613.79614
2020-08-26 15:00:00,435.39386
2020-08-26 16:00:00,424.13605
2020-08-26 17:00:00,490.90088
2020-08-26 18:00:00,534.1769
2020-08-26 19:00:00,534.62885
2020-08-26 20:00:00,471.68726
2020-08-26 21:00:00,164.77695
2020-08-26 22:00:00,184.7141
2020-08-26 23:00:00,189.91179
2020-08-27 00:00:00,135.04486
2020-08-27 01:00:00,170.34433
2020-08-27 02:00:00,168.23906
2020-08-27 03:00:00,165.2845
2020-08-27 04:00:00,336.96002
2020-08-27 05:00:00,334.6237
2020-08-27 06:00:00,389.0268
2020-08-27 07:00:00,436.6629
2020-08-27 08:00:00,633.78076
2020-08-27 09:00:00,643.1543
2020-08-27 10:00:00,385.75513
2020-08-27 11:00:00,366.38452
2020-08-27 12:00:00,181.62672
2020-08-27 13:00:00,154.33571
2020-08-27 14:00:00,189.01457
2020-08-27 15:00:00,170.34161
2020-08-27 16:00:00,172.43172
2020-08-27 17:00:00,168.95161
2020-08-27 18:00:00,135.71635
2020-08-27 19:00:00,130.66248
2020-08-27 20:00:00,63.36757
2020-08-27 21:00:00,34.60286
2020-08-27 22:00:00,28.703613
2020-08-27 23:00:00,36.607468
2020-08-28 00:00:00,28.542496
2020-08-28 01:00:00,31.656815
2020-08-28 02:00:00,73.50984
2020-08-28 03:00:00,403.29016
2020-08-28 04:00:00,583.77124
2020-08-28 05:00:00,756.69653
2020-08-28 06:00:00,860.93115
2020-08-28 07:00:00,1000.8257
2020-08-28 08:00:00,1044.2229
2020-08-28 09:00:00,1034.1584
2020-08-28 10:00:00,911.33765
2020-08-28 11:00:00,720.1277
2020-08-28 12:00:00,455.85352
2020-08-28 13:00:00,179.00458
2020-08-28 14:00:00,26.739243
2020-08-28 15:00:00,22.123337
2020-08-28 16:00:00,23.590164
2020-08-28 17:00:00,22.787308
2020-08-28 18:00:00,20.520874
2020-08-28 19:00:00,19.900635
2020-08-28 20:00:00,20.0475
2020-08-28 21:00:00,20.074928
2020-08-28 22:00:00,23.502121
2020-08-28 23:00:00,18.670845
2020-08-29 00:00:00,25.382034
2020-08-29 01:00:00,21.656837
2020-08-29 02:00:00,35.41069
2020-08-29 03:00:00,257.91406
2020-08-29 04:00:00,436.26025
2020-08-29 05:00:00,628.92163
2020-08-29 06:00:00,828.3342
2020-08-29 07:00:00,958.2212
2020-08-29 08:00:00,990.9407
2020-08-29 09:00:00,957.41504
2020-08-29 10:00:00,862.86694
2020-08-29 11:00:00,645.167
2020-08-29 12:00:00,384.70435
2020-08-29 13:00:00,153.8508
2020-08-29 14:00:00,33.242905
2020-08-29 15:00:00,21.60595
2020-08-29 16:00:00,27.15503
2020-08-29 17:00:00,25.9719
2020-08-29 18:00:00,20.82552
2020-08-29 19:00:00,19.019745
2020-08-29 20:00:00,22.77161
2020-08-29 21:00:00,19.51033
2020-08-29 22:00:00,28.850647
2020-08-29 23:00:00,31.490341
2020-08-30 00:00:00,31.065842
2020-08-30 01:00:00,33.34616
2020-08-30 02:00:00,60.81125
2020-08-30 03:00:00,288.3966
2020-08-30 04:00:00,448.54712
2020-08-30 05:00:00,605.17944
2020-08-30 06:00:00,756.157
2020-08-30 07:00:00,840.3528
2020-08-30 08:00:00,937.5901
2020-08-30 09:00:00,997.87646
2020-08-30 10:00:00,878.20483
2020-08-30 11:00:00,712.4075
2020-08-30 12:00:00,494.7473
2020-08-30 13:00:00,227.50726
2020-08-30 14:00:00,40.44246
2020-08-30 15:00:00,27.872284
2020-08-30 16:00:00,20.708313
2020-08-30 17:00:00,20.761765
2020-08-30 18:00:00,21.02031
2020-08-30 19:00:00,21.829346
2020-08-30 20:00:00,21.487007
2020-08-30 21:00:00,23.908173
2020-08-30 22:00:00,26.672989
2020-08-30 23:00:00,26.715652
2020-08-31 00:00:00,27.345871
2020-08-31 01:00:00,28.832993
2020-08-31 02:00:00,52.13707
2020-08-31 03:00:00,245.83919
2020-08-31 04:00:00,443.24
2020-08-31 05:00:00,618.9568
2020-08-31 06:00:00,782.24316
2020-08-31 07:00:00,926.85034
2020-08-31 08:00:00,1027.8259
2020-08-31 09:00:00,985.0752
2020-08-31 10:00:00,769.5032
2020-08-31 11:00:00,502.11157
2020-08-31 12:00:00,297.53003
2020-08-31 13:00:00,54.579025
2020-08-31 14:00:00,35.4532
2020-08-31 15:00:00,25.735687
2020-08-31 16:00:00,96.890015
2020-08-31 17:00:00,108.77742
2020-08-31 18:00:00,53.35582
2020-08-31 19:00:00,26.869808
2020-08-31 20:00:00,22.936024
2020-08-31 21:00:00,23.054157
2020-08-31 22:00:00,37.847748
2020-08-31 23:00:00,29.046692
2020-09-01 00:00:00,23.129154
2020-09-01 01:00:00,23.742435
2020-09-01 02:00:00,34.471573
2020-09-01 03:00:00,154.49113
2020-09-01 04:00:00,240.86595
2020-09-01 05:00:00,237.4862
2020-09-01 06:00:00,291.52637
2020-09-01 07:00:00,292.63617
2020-09-01 08:00:00,336.76147
2020-09-01 09:00:00,320.67554
2020-09-01 10:00:00,399.04443
2020-09-01 11:00:00,264.6449
2020-09-01 12:00:00,110.17262
2020-09-01 13:00:00,82.96391
2020-09-01 14:00:00,63.409058
2020-09-01 15:00:00,97.137955
2020-09-01 16:00:00,117.06819
2020-09-01 17:00:00,44.30774
2020-09-01 18:00:00,28.763885
2020-09-01 19:00:00,22.484161
2020-09-01 20:00:00,27.195465
2020-09-01 21:00:00,25.272156
2020-09-01 22:00:00,31.128113
2020-09-01 23:00:00,20.047836
2020-09-02 00:00:00,20.10112
2020-09-02 01:00:00,26.051971
2020-09-02 02:00:00,41.87433
2020-09-02 03:00:00,196.48677
2020-09-02 04:00:00,393.04297
2020-09-02 05:00:00,576.0342
2020-09-02 06:00:00,788.9336
2020-09-02 07:00:00,921.51685
2020-09-02 08:00:00,886.24
2020-09-02 09:00:00,931.09937
2020-09-02 10:00:00,866.54443
2020-09-02 11:00:00,523.7046
2020-09-02 12:00:00,252.86562
2020-09-02 13:00:00,41.403336
2020-09-02 14:00:00,24.13208
2020-09-02 15:00:00,39.560986
2020-09-02 16:00:00,20.418015
2020-09-02 17:00:00,21.23262
2020-09-02 18:00:00,23.340103
2020-09-02 19:00:00,24.132355
2020-09-02 20:00:00,27.19635
2020-09-02 21:00:00,22.985718
2020-09-02 22:00:00,36.40329
2020-09-02 23:00:00,41.843475
2020-09-03 00:00:00,61.45569
2020-09-03 01:00:00,52.091553
2020-09-03 02:00:00,210.89568
2020-09-03 03:00:00,540.84106
2020-09-03 04:00:00,552.926
2020-09-03 05:00:00,513.8091
2020-09-03 06:00:00,475.79724
2020-09-03 07:00:00,419.86676
2020-09-03 08:00:00,480.75
2020-09-03 09:00:00,757.8379
2020-09-03 10:00:00,880.99316
2020-09-03 11:00:00,602.2007
2020-09-03 12:00:00,503.4541
2020-09-03 13:00:00,278.3264
2020-09-03 14:00:00,359.84277
2020-09-03 15:00:00,222.19081
2020-09-03 16:00:00,150.12334
2020-09-03 17:00:00,81.19173
2020-09-03 18:00:00,56.713577
2020-09-03 19:00:00,61.658127
2020-09-03 20:00:00,50.35057
2020-09-03 21:00:00,43.88417
2020-09-03 22:00:00,68.78833
2020-09-03 23:00:00,71.625275
2020-09-04 00:00:00,41.59345
2020-09-04 01:00:00,34.285515
2020-09-04 02:00:00,55.154907
2020-09-04 03:00:00,995.4458
2020-09-04 04:00:00,1433.7405
2020-09-04 05:00:00,1925.1011
2020-09-04 06:00:00,1986.3984
2020-09-04 07:00:00,1892.438
2020-09-04 08:00:00,1866.5037
2020-09-04 09:00:00,1931.7927
2020-09-04 10:00:00,1891.5046
2020-09-04 11:00:00,1605.3083
2020-09-04 12:00:00,969.3418
2020-09-04 13:00:00,317.58936
2020-09-04 14:00:00,106.10179
2020-09-04 15:00:00,104.46408
2020-09-04 16:00:00,77.98254
2020-09-04 17:00:00,49.9962
2020-09-04 18:00:00,32.031876
2020-09-04 19:00:00,25.423767
2020-09-04 20:00:00,25.10495
2020-09-04 21:00:00,25.42131
2020-09-04 22:00:00,40.5139
2020-09-04 23:00:00,32.155838
2020-09-05 00:00:00,23.965149
2020-09-05 01:00:00,21.766928
2020-09-05 02:00:00,42.902008
2020-09-05 03:00:00,366.98315
2020-09-05 04:00:00,539.5149
2020-09-05 05:00:00,700.5747
2020-09-05 06:00:00,883.2715
2020-09-05 07:00:00,1009.8928
2020-09-05 08:00:00,1140.7429
2020-09-05 09:00:00,1303.5156
2020-09-05 10:00:00,954.46655
2020-09-05 11:00:00,772.9778
2020-09-05 12:00:00,600.33044
2020-09-05 13:00:00,182.65744
2020-09-05 14:00:00,36.514954
2020-09-05 15:00:00,27.180573
2020-09-05 16:00:00,21.353546
2020-09-05 17:00:00,17.477905
2020-09-05 18:00:00,20.75455
2020-09-05 19:00:00,22.187069
2020-09-05 20:00:00,22.389256
2020-09-05 21:00:00,21.395687
2020-09-05 22:00:00,24.574646
2020-09-05 23:00:00,24.960388
2020-09-06 00:00:00,25.564316
2020-09-06 01:00:00,22.332016
2020-09-06 02:00:00,62.414566
2020-09-06 03:00:00,392.7431
2020-09-06 04:00:00,583.4785
2020-09-06 05:00:00,543.6035
2020-09-06 06:00:00,935.3247
2020-09-06 07:00:00,1087.8248
2020-09-06 08:00:00,1269.0967
2020-09-06 09:00:00,1508.2859
2020-09-06 10:00:00,1383.2726
2020-09-06 11:00:00,1296.5625
2020-09-06 12:00:00,929.88745
2020-09-06 13:00:00,837.4092
2020-09-06 14:00:00,1109.1553
2020-09-06 15:00:00,785.7035
2020-09-06 16:00:00,367.24652
2020-09-06 17:00:00,454.35754
2020-09-06 18:00:00,461.29095
2020-09-06 19:00:00,548.00446
2020-09-06 20:00:00,492.87173
2020-09-06 21:00:00,473.23935
2020-09-06 22:00:00,492.91092
2020-09-06 23:00:00,272.47678
2020-09-07 00:00:00,231.49852
2020-09-07 01:00:00,247.52362
2020-09-07 02:00:00,573.1025
2020-09-07 03:00:00,716.8439
2020-09-07 04:00:00,883.0657
2020-09-07 05:00:00,1001.4177
2020-09-07 06:00:00,1112.4641
2020-09-07 07:00:00,1332.6799
2020-09-07 08:00:00,1656.052
2020-09-07 09:00:00,1783.0359
2020-09-07 10:00:00,1702.0684
2020-09-07 11:00:00,1387.6143
2020-09-07 12:00:00,774.8385
2020-09-07 13:00:00,213.27034
2020-09-07 14:00:00,85.21178
2020-09-07 15:00:00,53.28725
2020-09-07 16:00:00,33.284218
2020-09-07 17:00:00,25.340925
2020-09-07 18:00:00,22.61161
2020-09-07 19:00:00,23.507801
2020-09-07 20:00:00,24.523384
2020-09-07 21:00:00,26.578913
2020-09-07 22:00:00,33.1553
2020-09-07 23:00:00,29.800425
2020-09-08 00:00:00,31.525883
2020-09-08 01:00:00,33.524124
2020-09-08 02:00:00,87.042534
2020-09-08 03:00:00,329.44452
2020-09-08 04:00:00,509.85852
2020-09-08 05:00:00,674.9769
2020-09-08 06:00:00,848.42676
2020-09-08 07:00:00,906.85815
2020-09-08 08:00:00,948.8037
2020-09-08 09:00:00,972.0298
2020-09-08 10:00:00,820.8335
2020-09-08 11:00:00,750.9883
2020-09-08 12:00:00,420.7463
2020-09-08 13:00:00,188.23544
2020-09-08 14:00:00,45.127777
2020-09-08 15:00:00,35.466797
2020-09-08 16:00:00,35.384247
2020-09-08 17:00:00,22.645233
2020-09-08 18:00:00,26.122972
2020-09-08 19:00:00,19.734756
2020-09-08 20:00:00,18.568068
2020-09-08 21:00:00,19.73839
2020-09-08 22:00:00,18.196941
2020-09-08 23:00:00,17.28928
2020-09-09 00:00:00,18.7956
2020-09-09 01:00:00,23.275482
2020-09-09 02:00:00,45.800903
2020-09-09 03:00:00,354.368
2020-09-09 04:00:00,520.01807
2020-09-09 05:00:00,642.16016
2020-09-09 06:00:00,973.2385
2020-09-09 07:00:00,1082.1587
2020-09-09 08:00:00,1185.6299
2020-09-09 09:00:00,1211.6794
2020-09-09 10:00:00,1335.8
2020-09-09 11:00:00,948.85376
2020-09-09 12:00:00,550.1538
2020-09-09 13:00:00,102.54175
2020-09-09 14:00:00,21.215973
2020-09-09 15:00:00,18.505638
2020-09-09 16:00:00,20.343838
2020-09-09 17:00:00,21.422493
2020-09-09 18:00:00,26.446243
2020-09-09 19:00:00,25.870222
2020-09-09 20:00:00,27.130005
2020-09-09 21:00:00,32.61577
2020-09-09 22:00:00,32.874786
2020-09-09 23:00:00,29.394386
2020-09-10 00:00:00,33.15818
2020-09-10 01:00:00,34.964203
2020-09-10 02:00:00,74.71922
2020-09-10 03:00:00,344.93457
2020-09-10 04:00:00,508.3335
2020-09-10 05:00:00,678.9773
2020-09-10 06:00:00,849.0427
2020-09-10 07:00:00,944.2302
2020-09-10 08:00:00,985.62915
2020-09-10 09:00:00,983.6775
2020-09-10 10:00:00,1022.8447
2020-09-10 11:00:00,823.0383
2020-09-10 12:00:00,511.02466
2020-09-10 13:00:00,138.6226
2020-09-10 14:00:00,34.07715
2020-09-10 15:00:00,27.084229
2020-09-10 16:00:00,32.852203
2020-09-10 17:00:00,29.567078
2020-09-10 18:00:00,27.636032
2020-09-10 19:00:00,26.28265
2020-09-10 20:00:00,25.633286
2020-09-10 21:00:00,25.196766
2020-09-10 22:00:00,27.105871
2020-09-10 23:00:00,25.569908
2020-09-11 00:00:00,25.17339
2020-09-11 01:00:00,25.713974
2020-09-11 02:00:00,42.800873
2020-09-11 03:00:00,227.52211
2020-09-11 04:00:00,388.54102
2020-09-11 05:00:00,537.542
2020-09-11 06:00:00,685.9602
2020-09-11 07:00:00,824.10767
2020-09-11 08:00:00,940.0093
2020-09-11 09:00:00,970.167
2020-09-11 10:00:00,901.8347
2020-09-11 11:00:00,555.23
2020-09-11 12:00:00,228.17838
2020-09-11 13:00:00,47.273117
2020-09-11 14:00:00,32.19423
2020-09-11 15:00:00,22.017456
2020-09-11 16:00:00,22.150126
2020-09-11 17:00:00,25.863144
2020-09-11 18:00:00,20.739712
2020-09-11 19:00:00,20.31363
2020-09-11 20:00:00,20.727598
2020-09-11 21:00:00,21.449509
2020-09-11 22:00:00,28.788284
2020-09-11 23:00:00,33.428284
2020-09-12 00:00:00,34.624786
2020-09-12 01:00:00,39.356155
2020-09-12 02:00:00,39.065475
2020-09-12 03:00:00,168.23637
2020-09-12 04:00:00,430.92505
2020-09-12 05:00:00,656.3694
2020-09-12 06:00:00,793.5122
2020-09-12 07:00:00,751.7932
2020-09-12 08:00:00,825.33594
2020-09-12 09:00:00,928.37744
2020-09-12 10:00:00,727.3616
2020-09-12 11:00:00,872.5012
2020-09-12 12:00:00,1098.029
2020-09-12 13:00:00,710.5918
2020-09-12 14:00:00,467.65308
2020-09-12 15:00:00,399.69864
2020-09-12 16:00:00,232.22716
2020-09-12 17:00:00,75.96065
2020-09-12 18:00:00,32.757477
2020-09-12 19:00:00,27.47255
2020-09-12 20:00:00,24.442795
2020-09-12 21:00:00,21.210007
2020-09-12 22:00:00,25.763367
2020-09-12 23:00:00,19.854061
2020-09-13 00:00:00,21.563585
2020-09-13 01:00:00,23.462458
2020-09-13 02:00:00,38.875626
2020-09-13 03:00:00,805.6195
2020-09-13 04:00:00,1164.5173
2020-09-13 05:00:00,1334.1506
2020-09-13 06:00:00,1482.7566
2020-09-13 07:00:00,1516.6489
2020-09-13 08:00:00,1486.7168
2020-09-13 09:00:00,1395.135
2020-09-13 10:00:00,1266.6797
2020-09-13 11:00:00,821.0762
2020-09-13 12:00:00,392.17236
2020-09-13 13:00:00,89.52574
2020-09-13 14:00:00,46.708755
2020-09-13 15:00:00,29.908318
2020-09-13 16:00:00,25.759342
2020-09-13 17:00:00,24.357304
2020-09-13 18:00:00,21.100697
2020-09-13 19:00:00,19.851221
2020-09-13 20:00:00,18.788754
2020-09-13 21:00:00,20.145437
2020-09-13 22:00:00,19.1623
2020-09-13 23:00:00,20.201014
2020-09-14 00:00:00,22.936289
2020-09-14 01:00:00,22.25454
2020-09-14 02:00:00,41.883484
2020-09-14 03:00:00,204.92683
2020-09-14 04:00:00,416.21143
2020-09-14 05:00:00,583.9004
2020-09-14 06:00:00,755.41455
2020-09-14 07:00:00,898.0928
2020-09-14 08:00:00,989.15845
2020-09-14 09:00:00,1018.4541
2020-09-14 10:00:00,876.22437
2020-09-14 11:00:00,735.6094
2020-09-14 12:00:00,338.27515
2020-09-14 13:00:00,67.857605
2020-09-14 14:00:00,32.039597
2020-09-14 15:00:00,23.919392
2020-09-14 16:00:00,19.62021
2020-09-14 17:00:00,23.982826
2020-09-14 18:00:00,25.068008
2020-09-14 19:00:00,31.207596
2020-09-14 20:00:00,34.877335
2020-09-14 21:00:00,32.33116
2020-09-14 22:00:00,58.96869
2020-09-14 23:00:00,74.98828
2020-09-15 00:00:00,58.441742
2020-09-15 01:00:00,37.61261
2020-09-15 02:00:00,44.23082
2020-09-15 03:00:00,640.6897
2020-09-15 04:00:00,1302.6057
2020-09-15 05:00:00,1669.3904
2020-09-15 06:00:00,1936.1047
2020-09-15 07:00:00,2012.8098
2020-09-15 08:00:00,2093.8354
2020-09-15 09:00:00,2135.4797
2020-09-15 10:00:00,2002.238
2020-09-15 11:00:00,1100.2026
2020-09-15 12:00:00,459.9051
2020-09-15 13:00:00,76.37925
2020-09-15 14:00:00,30.71745
2020-09-15 15:00:00,21.235973
2020-09-15 16:00:00,20.881462
2020-09-15 17:00:00,20.14545
2020-09-15 18:00:00,20.49459
2020-09-15 19:00:00,20.922981
2020-09-15 20:00:00,22.82761
2020-09-15 21:00:00,26.545044
2020-09-15 22:00:00,28.291336
2020-09-15 23:00:00,30.443699
2020-09-16 00:00:00,33.36445
2020-09-16 01:00:00,40.13437
2020-09-16 02:00:00,37.299866
2020-09-16 03:00:00,149.48654
2020-09-16 04:00:00,454.1526
2020-09-16 05:00:00,669.40015
2020-09-16 06:00:00,906.291
2020-09-16 07:00:00,1082.7673
2020-09-16 08:00:00,1159.4258
2020-09-16 09:00:00,1146.989
2020-09-16 10:00:00,961.54297
2020-09-16 11:00:00,644.8779
2020-09-16 12:00:00,277.13416
2020-09-16 13:00:00,56.644333
2020-09-16 14:00:00,22.574493
2020-09-16 15:00:00,15.890545
2020-09-16 16:00:00,17.882019
2020-09-16 17:00:00,24.631516
2020-09-16 18:00:00,28.593933
2020-09-16 19:00:00,33.706192
2020-09-16 20:00:00,37.705917
2020-09-16 21:00:00,38.910187
2020-09-16 22:00:00,32.586304
2020-09-16 23:00:00,30.182526
2020-09-17 00:00:00,36.182083
2020-09-17 01:00:00,25.381546
2020-09-17 02:00:00,33.895844
2020-09-17 03:00:00,331.77203
2020-09-17 04:00:00,527.6492
2020-09-17 05:00:00,783.7134
2020-09-17 06:00:00,820.41406
2020-09-17 07:00:00,1106.7373
2020-09-17 08:00:00,1107.5383
2020-09-17 09:00:00,1026.9187
2020-09-17 10:00:00,912.7486
2020-09-17 11:00:00,677.9292
2020-09-17 12:00:00,785.1831
2020-09-17 13:00:00,660.10657
2020-09-17 14:00:00,599.30927
2020-09-17 15:00:00,504.31256
2020-09-17 16:00:00,435.8404
2020-09-17 17:00:00,381.0998
2020-09-17 18:00:00,388.49835
2020-09-17 19:00:00,322.6176
2020-09-17 20:00:00,525.9167
2020-09-17 21:00:00,437.81784
2020-09-17 22:00:00,445.94357
2020-09-17 23:00:00,332.0553
2020-09-18 00:00:00,222.75409
2020-09-18 01:00:00,106.66992
2020-09-18 02:00:00,138.42947
2020-09-18 03:00:00,273.18964
2020-09-18 04:00:00,491.07504
2020-09-18 05:00:00,688.8838
2020-09-18 06:00:00,928.5476
2020-09-18 07:00:00,1004.3733
2020-09-18 08:00:00,1014.5117
2020-09-18 09:00:00,1023.09546
2020-09-18 10:00:00,710.4446
2020-09-18 11:00:00,599.6548
2020-09-18 12:00:00,456.54785
2020-09-18 13:00:00,258.23578
2020-09-18 14:00:00,185.88324
2020-09-18 15:00:00,180.44705
2020-09-18 16:00:00,172.28574
2020-09-18 17:00:00,114.72336
2020-09-18 18:00:00,149.79997
2020-09-18 19:00:00,131.67876
2020-09-18 20:00:00,78.18054
2020-09-18 21:00:00,86.01454
2020-09-18 22:00:00,113.77542
2020-09-18 23:00:00,163.6495
2020-09-19 00:00:00,123.52269
2020-09-19 01:00:00,149.62712
2020-09-19 02:00:00,188.39166
2020-09-19 03:00:00,289.66174
2020-09-19 04:00:00,377.4301
2020-09-19 05:00:00,449.3416
2020-09-19 06:00:00,494.41034
2020-09-19 07:00:00,487.1341
2020-09-19 08:00:00,386.43286
2020-09-19 09:00:00,150.12671
2020-09-19 10:00:00,243.05478
2020-09-19 11:00:00,302.62854
2020-09-19 12:00:00,163.55678
2020-09-19 13:00:00,60.749313
2020-09-19 14:00:00,49.340263
2020-09-19 15:00:00,45.84198
2020-09-19 16:00:00,45.671432
2020-09-19 17:00:00,47.48993
2020-09-19 18:00:00,23.095222
2020-09-19 19:00:00,24.244156
2020-09-19 20:00:00,28.250454
2020-09-19 21:00:00,28.862213
2020-09-19 22:00:00,35.92253
2020-09-19 23:00:00,29.131239
2020-09-20 00:00:00,43.28601
2020-09-20 01:00:00,35.42508
2020-09-20 02:00:00,46.914032
2020-09-20 03:00:00,169.07597
2020-09-20 04:00:00,392.709
2020-09-20 05:00:00,570.59155
2020-09-20 06:00:00,725.0405
2020-09-20 07:00:00,863.385
2020-09-20 08:00:00,978.5803
2020-09-20 09:00:00,998.99805
2020-09-20 10:00:00,935.199
2020-09-20 11:00:00,663.0869
2020-09-20 12:00:00,148.92902
2020-09-20 13:00:00,59.20656
2020-09-20 14:00:00,27.97757
2020-09-20 15:00:00,22.224594
2020-09-20 16:00:00,22.519989
2020-09-20 17:00:00,22.550491
2020-09-20 18:00:00,22.134712
2020-09-20 19:00:00,21.99694
2020-09-20 20:00:00,21.538763
2020-09-20 21:00:00,21.235428
2020-09-20 22:00:00,22.49253
2020-09-20 23:00:00,22.009823
2020-09-21 00:00:00,19.724777
2020-09-21 01:00:00,19.465984
2020-09-21 02:00:00,20.427608
2020-09-21 03:00:00,30.470444
2020-09-21 04:00:00,271.73294
2020-09-21 05:00:00,473.74097
2020-09-21 06:00:00,676.0029
2020-09-21 07:00:00,847.8435
2020-09-21 08:00:00,986.0996
2020-09-21 09:00:00,1040.3923
2020-09-21 10:00:00,877.9624
2020-09-21 11:00:00,558.4241
2020-09-21 12:00:00,239.41035
2020-09-21 13:00:00,21.421846
2020-09-21 14:00:00,21.251078
2020-09-21 15:00:00,20.793211
2020-09-21 16:00:00,20.476562
2020-09-21 17:00:00,19.187977
2020-09-21 18:00:00,18.621607
2020-09-21 19:00:00,18.406311
2020-09-21 20:00:00,22.016994
2020-09-21 21:00:00,35.072422
2020-09-21 22:00:00,38.344223
2020-09-21 23:00:00,35.942528
2020-09-22 00:00:00,36.028236
2020-09-22 01:00:00,36.42707
2020-09-22 02:00:00,37.855476
2020-09-22 03:00:00,208.60246
2020-09-22 04:00:00,573.844
2020-09-22 05:00:00,728.43604
2020-09-22 06:00:00,972.65576
2020-09-22 07:00:00,1013.5127
2020-09-22 08:00:00,968.21094
2020-09-22 09:00:00,935.98413
2020-09-22 10:00:00,851.3496
2020-09-22 11:00:00,643.3008
2020-09-22 12:00:00,322.52402
2020-09-22 13:00:00,252.54956
2020-09-22 14:00:00,155.4498
2020-09-22 15:00:00,92.4272
2020-09-22 16:00:00,55.830414
2020-09-22 17:00:00,41.594887
2020-09-22 18:00:00,47.698425
2020-09-22 19:00:00,38.653103
2020-09-22 20:00:00,45.71766
2020-09-22 21:00:00,41.375553
2020-09-22 22:00:00,48.746338
2020-09-22 23:00:00,51.372925
2020-09-23 00:00:00,51.618034
2020-09-23 01:00:00,53.280167
2020-09-23 02:00:00,82.160355
2020-09-23 03:00:00,292.42047
2020-09-23 04:00:00,454.48346
2020-09-23 05:00:00,569.0587
2020-09-23 06:00:00,745.94165
2020-09-23 07:00:00,860.1626
2020-09-23 08:00:00,870.87134
2020-09-23 09:00:00,911.3347
2020-09-23 10:00:00,841.5127
2020-09-23 11:00:00,647.81696
2020-09-23 12:00:00,272.68243
2020-09-23 13:00:00,56.215637
2020-09-23 14:00:00,37.51312
2020-09-23 15:00:00,28.680264
2020-09-23 16:00:00,24.757217
2020-09-23 17:00:00,19.980658
2020-09-23 18:00:00,24.725548
2020-09-23 19:00:00,21.21295
2020-09-23 20:00:00,25.018082
2020-09-23 21:00:00,27.020441
2020-09-23 22:00:00,29.786575
2020-09-23 23:00:00,30.638817
2020-09-24 00:00:00,31.752382
2020-09-24 01:00:00,34.819214
2020-09-24 02:00:00,54.801147
2020-09-24 03:00:00,472.5064
2020-09-24 04:00:00,674.89966
2020-09-24 05:00:00,868.6433
2020-09-24 06:00:00,1055.6458
2020-09-24 07:00:00,1207.7634
2020-09-24 08:00:00,1275.8774
2020-09-24 09:00:00,1269.8914
2020-09-24 10:00:00,1258.9609
2020-09-24 11:00:00,1170.354
2020-09-24 12:00:00,608.2759
2020-09-24 13:00:00,165.05302
2020-09-24 14:00:00,74.83339
2020-09-24 15:00:00,58.596405
2020-09-24 16:00:00,58.64743
2020-09-24 17:00:00,58.5354
2020-09-24 18:00:00,58.59305
2020-09-24 19:00:00,51.100998
2020-09-24 20:00:00,45.146782
2020-09-24 21:00:00,39.675537
2020-09-24 22:00:00,39.90851
2020-09-24 23:00:00,37.10774
2020-09-25 00:00:00,44.090588
2020-09-25 01:00:00,55.912285
2020-09-25 02:00:00,75.45964
2020-09-25 03:00:00,381.89102
2020-09-25 04:00:00,607.5071
2020-09-25 05:00:00,786.01514
2020-09-25 06:00:00,920.83887
2020-09-25 07:00:00,1018.21704
2020-09-25 08:00:00,1043.981
2020-09-25 09:00:00,1036.679
2020-09-25 10:00:00,967.8225
2020-09-25 11:00:00,759.62427
2020-09-25 12:00:00,409.04077
2020-09-25 13:00:00,195.83746
2020-09-25 14:00:00,162.42387
2020-09-25 15:00:00,130.82928
2020-09-25 16:00:00,102.035614
2020-09-25 17:00:00,92.275024
2020-09-25 18:00:00,88.837906
2020-09-25 19:00:00,77.27342
2020-09-25 20:00:00,63.344177
2020-09-25 21:00:00,57.682053
2020-09-25 22:00:00,50.22119
2020-09-25 23:00:00,51.19983
2020-09-26 00:00:00,32.041977
2020-09-26 01:00:00,39.76564
2020-09-26 02:00:00,68.42685
2020-09-26 03:00:00,355.11584
2020-09-26 04:00:00,549.802
2020-09-26 05:00:00,739.88965
2020-09-26 06:00:00,882.428
2020-09-26 07:00:00,911.7654
2020-09-26 08:00:00,916.5425
2020-09-26 09:00:00,919.94556
2020-09-26 10:00:00,886.3762
2020-09-26 11:00:00,594.3247
2020-09-26 12:00:00,473.39404
2020-09-26 13:00:00,171.95305
2020-09-26 14:00:00,164.61012
2020-09-26 15:00:00,58.71428
2020-09-26 16:00:00,52.938553
2020-09-26 17:00:00,40.870865
2020-09-26 18:00:00,39.54794
2020-09-26 19:00:00,41.863876
2020-09-26 20:00:00,44.8515
2020-09-26 21:00:00,45.102173
2020-09-26 22:00:00,56.383865
2020-09-26 23:00:00,51.62088
2020-09-27 00:00:00,67.68608
2020-09-27 01:00:00,74.13814
2020-09-27 02:00:00,112.087006
2020-09-27 03:00:00,184.44823
2020-09-27 04:00:00,312.29834
2020-09-27 05:00:00,118.58089
2020-09-27 06:00:00,470.935
2020-09-27 07:00:00,579.3692
2020-09-27 08:00:00,440.6798
2020-09-27 09:00:00,649.1809
2020-09-27 10:00:00,672.47144
2020-09-27 11:00:00,486.40656
2020-09-27 12:00:00,347.09747
2020-09-27 13:00:00,51.253235
2020-09-27 14:00:00,97.98033
2020-09-27 15:00:00,60.06279
2020-09-27 16:00:00,41.89012
2020-09-27 17:00:00,44.115173
2020-09-27 18:00:00,53.109818
2020-09-27 19:00:00,37.983536
2020-09-27 20:00:00,33.574562
2020-09-27 21:00:00,37.619293
2020-09-27 22:00:00,31.52475
2020-09-27 23:00:00,37.24994
2020-09-28 00:00:00,43.280884
2020-09-28 01:00:00,54.1454
2020-09-28 02:00:00,79.38388
2020-09-28 03:00:00,361.88367
2020-09-28 04:00:00,527.57227
2020-09-28 05:00:00,800.9038
2020-09-28 06:00:00,869.60425
2020-09-28 07:00:00,894.60156
2020-09-28 08:00:00,966.2217
2020-09-28 09:00:00,947.5471
2020-09-28 10:00:00,853.82935
2020-09-28 11:00:00,644.2573
2020-09-28 12:00:00,311.77026
2020-09-28 13:00:00,114.6324
2020-09-28 14:00:00,172.83498
2020-09-28 15:00:00,61.46022
2020-09-28 16:00:00,52.769897
2020-09-28 17:00:00,43.151
2020-09-28 18:00:00,34.590305
2020-09-28 19:00:00,24.866146
2020-09-28 20:00:00,22.500837
2020-09-28 21:00:00,20.208347
2020-09-28 22:00:00,23.394207
2020-09-28 23:00:00,22.673843
2020-09-29 00:00:00,21.998444
2020-09-29 01:00:00,23.29813
2020-09-29 02:00:00,31.14843
2020-09-29 03:00:00,199.27661
2020-09-29 04:00:00,431.6493
2020-09-29 05:00:00,594.07837
2020-09-29 06:00:00,738.489
2020-09-29 07:00:00,833.08716
2020-09-29 08:00:00,887.51636
2020-09-29 09:00:00,885.59766
2020-09-29 10:00:00,790.03613
2020-09-29 11:00:00,529.40894
2020-09-29 12:00:00,231.23952
2020-09-29 13:00:00,46.283573
2020-09-29 14:00:00,37.324203
2020-09-29 15:00:00,33.167744
2020-09-29 16:00:00,20.72795
2020-09-29 17:00:00,20.63919
2020-09-29 18:00:00,20.767548
2020-09-29 19:00:00,22.038364
2020-09-29 20:00:00,22.510303
2020-09-29 21:00:00,21.780602
2020-09-29 22:00:00,26.540363
2020-09-29 23:00:00,22.836227
2020-09-30 00:00:00,22.134674
2020-09-30 01:00:00,27.982601
2020-09-30 02:00:00,26.433073
2020-09-30 03:00:00,119.28777
2020-09-30 04:00:00,241.21016
2020-09-30 05:00:00,428.73334
2020-09-30 06:00:00,616.4912
2020-09-30 07:00:00,741.5813
2020-09-30 08:00:00,763.0769
2020-09-30 09:00:00,679.3225
2020-09-30 10:00:00,451.61206
2020-09-30 11:00:00,336.24237
2020-09-30 12:00:00,202.86166
2020-09-30 13:00:00,209.19444
2020-09-30 14:00:00,183.48878
2020-09-30 15:00:00,144.17456
2020-09-30 16:00:00,142.22957
2020-09-30 17:00:00,123.67059
2020-09-30 18:00:00,91.05687
2020-09-30 19:00:00,93.06291
2020-09-30 20:00:00,120.00769
2020-09-30 21:00:00,19.599987
2020-09-30 22:00:00,89.26199
2020-09-30 23:00:00,110.11583
2020-10-01 00:00:00,103.50981
2020-10-01 01:00:00,87.44469
2020-10-01 02:00:00,104.306915
2020-10-01 03:00:00,200.55647
2020-10-01 04:00:00,346.3113
2020-10-01 05:00:00,430.99188
2020-10-01 06:00:00,523.0148
2020-10-01 07:00:00,574.79004
2020-10-01 08:00:00,587.55945
2020-10-01 09:00:00,592.4986
2020-10-01 10:00:00,548.58
2020-10-01 11:00:00,397.0144
2020-10-01 12:00:00,145.32979
2020-10-01 13:00:00,45.418304
2020-10-01 14:00:00,31.64772
2020-10-01 15:00:00,20.723923
2020-10-01 16:00:00,22.58864
2020-10-01 17:00:00,21.447088
2020-10-01 18:00:00,19.77699
2020-10-01 19:00:00,19.005562
2020-10-01 20:00:00,19.198872
2020-10-01 21:00:00,19.6819
2020-10-01 22:00:00,28.935822
2020-10-01 23:00:00,23.124672
2020-10-02 00:00:00,25.233715
2020-10-02 01:00:00,23.075838
2020-10-02 02:00:00,32.26763
2020-10-02 03:00:00,89.02082
2020-10-02 04:00:00,288.33752
2020-10-02 05:00:00,473.85822
2020-10-02 06:00:00,598.2117
2020-10-02 07:00:00,571.5974
2020-10-02 08:00:00,704.1464
2020-10-02 09:00:00,601.7178
2020-10-02 10:00:00,555.12646
2020-10-02 11:00:00,268.1087
2020-10-02 12:00:00,217.82306
2020-10-02 13:00:00,111.610825
2020-10-02 14:00:00,62.06732
2020-10-02 15:00:00,49.285538
2020-10-02 16:00:00,28.430698
2020-10-02 17:00:00,20.275528
2020-10-02 18:00:00,22.160799
2020-10-02 19:00:00,22.862537
2020-10-02 20:00:00,22.394676
2020-10-02 21:00:00,21.33793
2020-10-02 22:00:00,20.629045
2020-10-02 23:00:00,21.970188
2020-10-03 00:00:00,21.72882
2020-10-03 01:00:00,23.000652
2020-10-03 02:00:00,23.245079
2020-10-03 03:00:00,50.02237
2020-10-03 04:00:00,377.3557
2020-10-03 05:00:00,637.4471
2020-10-03 06:00:00,823.6638
2020-10-03 07:00:00,947.12646
2020-10-03 08:00:00,743.5056
2020-10-03 09:00:00,854.50104
2020-10-03 10:00:00,718.771
2020-10-03 11:00:00,597.89026
2020-10-03 12:00:00,157.19763
2020-10-03 13:00:00,67.118454
2020-10-03 14:00:00,53.201584
2020-10-03 15:00:00,37.764282
2020-10-03 16:00:00,30.53186
2020-10-03 17:00:00,28.602825
2020-10-03 18:00:00,25.866688
2020-10-03 19:00:00,23.56327
2020-10-03 20:00:00,22.698975
2020-10-03 21:00:00,21.689398
2020-10-03 22:00:00,20.839954
2020-10-03 23:00:00,20.213078
2020-10-04 00:00:00,19.800262
2020-10-04 01:00:00,20.133444
2020-10-04 02:00:00,25.375504
2020-10-04 03:00:00,59.73729
2020-10-04 04:00:00,417.91983
2020-10-04 05:00:00,751.6504
2020-10-04 06:00:00,1026.9446
2020-10-04 07:00:00,1191.5742
2020-10-04 08:00:00,1112.4663
2020-10-04 09:00:00,1177.0325
2020-10-04 10:00:00,818.76685
2020-10-04 11:00:00,549.20636
2020-10-04 12:00:00,218.77638
2020-10-04 13:00:00,40.491425
2020-10-04 14:00:00,27.16249
2020-10-04 15:00:00,21.028122
2020-10-04 16:00:00,19.062511
2020-10-04 17:00:00,18.136421
2020-10-04 18:00:00,19.02282
2020-10-04 19:00:00,19.596806
2020-10-04 20:00:00,20.924347
2020-10-04 21:00:00,19.742336
2020-10-04 22:00:00,31.293762
2020-10-04 23:00:00,29.955627
2020-10-05 00:00:00,23.479038
2020-10-05 01:00:00,22.53069
2020-10-05 02:00:00,24.455189
2020-10-05 03:00:00,54.322433
2020-10-05 04:00:00,554.6288
2020-10-05 05:00:00,873.4363
2020-10-05 06:00:00,1154.763
2020-10-05 07:00:00,1380.6355
2020-10-05 08:00:00,1399.9226
2020-10-05 09:00:00,1182.3611
2020-10-05 10:00:00,1076.3301
2020-10-05 11:00:00,535.7462
2020-10-05 12:00:00,170.33978
2020-10-05 13:00:00,31.567719
2020-10-05 14:00:00,24.418152
2020-10-05 15:00:00,21.627014
2020-10-05 16:00:00,20.183346
2020-10-05 17:00:00,20.255638
2020-10-05 18:00:00,22.595184
2020-10-05 19:00:00,23.202915
2020-10-05 20:00:00,22.215256
2020-10-05 21:00:00,19.872543
2020-10-05 22:00:00,25.774284
2020-10-05 23:00:00,32.457836
2020-10-06 00:00:00,42.275223
2020-10-06 01:00:00,46.55182
2020-10-06 02:00:00,289.06726
2020-10-06 03:00:00,565.26794
2020-10-06 04:00:00,710.9385
2020-10-06 05:00:00,552.68616
2020-10-06 06:00:00,462.61993
2020-10-06 07:00:00,410.32202
2020-10-06 08:00:00,426.97217
2020-10-06 09:00:00,601.78
2020-10-06 10:00:00,1266.071
2020-10-06 11:00:00,1173.6995
2020-10-06 12:00:00,536.6401
2020-10-06 13:00:00,129.18343
2020-10-06 14:00:00,37.896484
2020-10-06 15:00:00,21.898163
2020-10-06 16:00:00,22.92865
2020-10-06 17:00:00,22.61133
2020-10-06 18:00:00,24.597717
2020-10-06 19:00:00,24.411577
2020-10-06 20:00:00,23.868298
2020-10-06 21:00:00,22.13574
2020-10-06 22:00:00,25.469862
2020-10-06 23:00:00,19.017681
2020-10-07 00:00:00,17.80148
2020-10-07 01:00:00,17.613651
2020-10-07 02:00:00,19.038904
2020-10-07 03:00:00,39.960403
2020-10-07 04:00:00,174.39122
2020-10-07 05:00:00,388.992
2020-10-07 06:00:00,522.2302
2020-10-07 07:00:00,622.2409
2020-10-07 08:00:00,689.8364
2020-10-07 09:00:00,676.8159
2020-10-07 10:00:00,388.3973
2020-10-07 11:00:00,133.9862
2020-10-07 12:00:00,44.088486
2020-10-07 13:00:00,22.230352
2020-10-07 14:00:00,21.72987
2020-10-07 15:00:00,23.113579
2020-10-07 16:00:00,20.40614
2020-10-07 17:00:00,18.170803
2020-10-07 18:00:00,17.579979
2020-10-07 19:00:00,17.773886
2020-10-07 20:00:00,17.796972
2020-10-07 21:00:00,18.478043
2020-10-07 22:00:00,18.517746
2020-10-07 23:00:00,17.224781
2020-10-08 00:00:00,17.637959
2020-10-08 01:00:00,18.426315
2020-10-08 02:00:00,19.11905
2020-10-08 03:00:00,22.90384
2020-10-08 04:00:00,135.09247
2020-10-08 05:00:00,263.09094
2020-10-08 06:00:00,381.66336
2020-10-08 07:00:00,459.79498
2020-10-08 08:00:00,476.2566
2020-10-08 09:00:00,442.54858
2020-10-08 10:00:00,405.45288
2020-10-08 11:00:00,265.38864
2020-10-08 12:00:00,104.323456
2020-10-08 13:00:00,20.694916
2020-10-08 14:00:00,33.63182
2020-10-08 15:00:00,84.45039
2020-10-08 16:00:00,80.93036
2020-10-08 17:00:00,42.668274
2020-10-08 18:00:00,38.99672
2020-10-08 19:00:00,39.53755
2020-10-08 20:00:00,45.839127
2020-10-08 21:00:00,48.996033
2020-10-08 22:00:00,48.32933
2020-10-08 23:00:00,41.9738
2020-10-09 00:00:00,54.29947
2020-10-09 01:00:00,43.519897
2020-10-09 02:00:00,48.537918
2020-10-09 03:00:00,64.42201
2020-10-09 04:00:00,129.79044
2020-10-09 05:00:00,189.947
2020-10-09 06:00:00,286.76242
2020-10-09 07:00:00,370.77045
2020-10-09 08:00:00,432.85974
2020-10-09 09:00:00,470.86713
2020-10-09 10:00:00,478.89508
2020-10-09 11:00:00,364.05878
2020-10-09 12:00:00,243.1583
2020-10-09 13:00:00,160.88185
2020-10-09 14:00:00,71.78369
2020-10-09 15:00:00,48.960648
2020-10-09 16:00:00,24.989868
2020-10-09 17:00:00,18.828728
2020-10-09 18:00:00,20.99057
2020-10-09 19:00:00,23.554316
2020-10-09 20:00:00,31.067383
2020-10-09 21:00:00,32.96241
2020-10-09 22:00:00,34.305557
2020-10-09 23:00:00,32.360214
2020-10-10 00:00:00,35.451157
2020-10-10 01:00:00,34.55665
2020-10-10 02:00:00,56.646584
2020-10-10 03:00:00,97.77281
2020-10-10 04:00:00,182.17107
2020-10-10 05:00:00,284.12592
2020-10-10 06:00:00,388.17178
2020-10-10 07:00:00,503.96118
2020-10-10 08:00:00,556.9255
2020-10-10 09:00:00,543.10974
2020-10-10 10:00:00,514.5343
2020-10-10 11:00:00,367.8626
2020-10-10 12:00:00,142.74207
2020-10-10 13:00:00,48.576233
2020-10-10 14:00:00,42.059288
2020-10-10 15:00:00,36.969345
2020-10-10 16:00:00,31.993599
2020-10-10 17:00:00,21.902935
2020-10-10 18:00:00,17.060268
2020-10-10 19:00:00,15.848698
2020-10-10 20:00:00,15.983545
2020-10-10 21:00:00,16.677736
2020-10-10 22:00:00,28.313328
2020-10-10 23:00:00,20.329388
2020-10-11 00:00:00,24.133345
2020-10-11 01:00:00,27.342026
2020-10-11 02:00:00,38.949924
2020-10-11 03:00:00,70.96757
2020-10-11 04:00:00,217.55005
2020-10-11 05:00:00,333.47803
2020-10-11 06:00:00,392.1777
2020-10-11 07:00:00,422.06055
2020-10-11 08:00:00,451.89453
2020-10-11 09:00:00,446.2147
2020-10-11 10:00:00,425.10098
2020-10-11 11:00:00,286.84717
2020-10-11 12:00:00,87.46359
2020-10-11 13:00:00,26.59528
2020-10-11 14:00:00,19.752981
2020-10-11 15:00:00,19.35263
2020-10-11 16:00:00,18.18423
2020-10-11 17:00:00,19.603764
2020-10-11 18:00:00,22.836971
2020-10-11 19:00:00,23.539274
2020-10-11 20:00:00,22.183064
2020-10-11 21:00:00,21.840681
2020-10-11 22:00:00,21.396767
2020-10-11 23:00:00,20.864754
2020-10-12 00:00:00,21.83629
2020-10-12 01:00:00,21.774904
2020-10-12 02:00:00,21.697432
2020-10-12 03:00:00,43.266037
2020-10-12 04:00:00,303.6353
2020-10-12 05:00:00,463.23505
2020-10-12 06:00:00,612.84814
2020-10-12 07:00:00,705.3738
2020-10-12 08:00:00,783.7986
2020-10-12 09:00:00,791.83716
2020-10-12 10:00:00,770.69257
2020-10-12 11:00:00,381.70517
2020-10-12 12:00:00,95.882355
2020-10-12 13:00:00,22.341045
2020-10-12 14:00:00,21.441742
2020-10-12 15:00:00,21.624462
2020-10-12 16:00:00,21.082985
2020-10-12 17:00:00,20.765293
2020-10-12 18:00:00,19.136375
2020-10-12 19:00:00,17.53621
2020-10-12 20:00:00,17.402275
2020-10-12 21:00:00,17.509518
2020-10-12 22:00:00,20.305428
2020-10-12 23:00:00,17.816116
2020-10-13 00:00:00,17.16846
2020-10-13 01:00:00,17.303589
2020-10-13 02:00:00,17.59064
2020-10-13 03:00:00,20.76484
2020-10-13 04:00:00,200.117
2020-10-13 05:00:00,376.40494
2020-10-13 06:00:00,493.2613
2020-10-13 07:00:00,594.23474
2020-10-13 08:00:00,653.1345
2020-10-13 09:00:00,648.5839
2020-10-13 10:00:00,512.497
2020-10-13 11:00:00,297.7209
2020-10-13 12:00:00,73.04195
2020-10-13 13:00:00,19.79802
2020-10-13 14:00:00,15.566671
2020-10-13 15:00:00,18.449436
2020-10-13 16:00:00,20.025055
2020-10-13 17:00:00,20.081882
2020-10-13 18:00:00,20.728909
2020-10-13 19:00:00,19.647789
2020-10-13 20:00:00,18.307514
2020-10-13 21:00:00,17.744003
2020-10-13 22:00:00,18.429707
2020-10-13 23:00:00,15.723453
2020-10-14 00:00:00,16.534689
2020-10-14 01:00:00,17.740267
2020-10-14 02:00:00,19.303574
2020-10-14 03:00:00,31.782898
2020-10-14 04:00:00,222.79732
2020-10-14 05:00:00,379.44257
2020-10-14 06:00:00,487.32892
2020-10-14 07:00:00,593.30084
2020-10-14 08:00:00,661.24585
2020-10-14 09:00:00,668.6715
2020-10-14 10:00:00,515.12476
2020-10-14 11:00:00,238.33162
2020-10-14 12:00:00,29.412327
2020-10-14 13:00:00,18.922215
2020-10-14 14:00:00,21.394718
2020-10-14 15:00:00,21.744633
2020-10-14 16:00:00,21.115458
2020-10-14 17:00:00,20.713959
2020-10-14 18:00:00,18.724741
2020-10-14 19:00:00,18.449026
2020-10-14 20:00:00,20.218468
2020-10-14 21:00:00,19.413248
2020-10-14 22:00:00,22.311798
2020-10-14 23:00:00,22.33308
2020-10-15 00:00:00,24.19358
2020-10-15 01:00:00,26.125088
2020-10-15 02:00:00,26.610874
2020-10-15 03:00:00,50.06795
2020-10-15 04:00:00,198.52356
2020-10-15 05:00:00,385.75513
2020-10-15 06:00:00,478.15796
2020-10-15 07:00:00,577.4114
2020-10-15 08:00:00,641.1206
2020-10-15 09:00:00,652.4685
2020-10-15 10:00:00,536.8904
2020-10-15 11:00:00,228.785
2020-10-15 12:00:00,23.715302
2020-10-15 13:00:00,23.013126
2020-10-15 14:00:00,22.01736
2020-10-15 15:00:00,21.581087
2020-10-15 16:00:00,22.286346
2020-10-15 17:00:00,20.318565
2020-10-15 18:00:00,19.543741
2020-10-15 19:00:00,20.110352
2020-10-15 20:00:00,21.906921
2020-10-15 21:00:00,23.070385
2020-10-15 22:00:00,23.233082
2020-10-15 23:00:00,25.592665
2020-10-16 00:00:00,25.232738
2020-10-16 01:00:00,24.585487
2020-10-16 02:00:00,27.913448
2020-10-16 03:00:00,57.722015
2020-10-16 04:00:00,242.66875
2020-10-16 05:00:00,405.1947
2020-10-16 06:00:00,521.9374
2020-10-16 07:00:00,626.8638
2020-10-16 08:00:00,703.5805
2020-10-16 09:00:00,721.78186
2020-10-16 10:00:00,571.76636
2020-10-16 11:00:00,244.05348
2020-10-16 12:00:00,40.13704
2020-10-16 13:00:00,18.997768
2020-10-16 14:00:00,18.60019
2020-10-16 15:00:00,20.272062
2020-10-16 16:00:00,21.513218
2020-10-16 17:00:00,20.473303
2020-10-16 18:00:00,21.954765
2020-10-16 19:00:00,20.8486
2020-10-16 20:00:00,22.993507
2020-10-16 21:00:00,26.639053
2020-10-16 22:00:00,23.648504
2020-10-16 23:00:00,23.529724
2020-10-17 00:00:00,21.467968
2020-10-17 01:00:00,25.872269
2020-10-17 02:00:00,30.456768
2020-10-17 03:00:00,42.468338
2020-10-17 04:00:00,252.32504
2020-10-17 05:00:00,396.97144
2020-10-17 06:00:00,517.442
2020-10-17 07:00:00,631.9184
2020-10-17 08:00:00,701.8128
2020-10-17 09:00:00,705.5588
2020-10-17 10:00:00,627.0121
2020-10-17 11:00:00,312.27435
2020-10-17 12:00:00,71.13602
2020-10-17 13:00:00,33.810684
2020-10-17 14:00:00,30.356293
2020-10-17 15:00:00,27.473131
2020-10-17 16:00:00,25.592472
2020-10-17 17:00:00,24.62218
2020-10-17 18:00:00,22.804707
2020-10-17 19:00:00,23.691868
2020-10-17 20:00:00,23.50576
2020-10-17 21:00:00,23.219625
2020-10-17 22:00:00,32.058537
2020-10-17 23:00:00,27.412601
2020-10-18 00:00:00,23.50996
2020-10-18 01:00:00,23.703894
2020-10-18 02:00:00,24.83868
2020-10-18 03:00:00,38.39821
2020-10-18 04:00:00,527.32446
2020-10-18 05:00:00,805.53906
2020-10-18 06:00:00,1025.896
2020-10-18 07:00:00,1124.1694
2020-10-18 08:00:00,1203.0618
2020-10-18 09:00:00,1216.6201
2020-10-18 10:00:00,1225.2878
2020-10-18 11:00:00,535.35657
2020-10-18 12:00:00,53.02124
2020-10-18 13:00:00,30.774216
2020-10-18 14:00:00,29.693848
2020-10-18 15:00:00,32.34926
2020-10-18 16:00:00,31.218918
2020-10-18 17:00:00,25.792553
2020-10-18 18:00:00,23.51332
2020-10-18 19:00:00,23.069351
2020-10-18 20:00:00,22.89732
2020-10-18 21:00:00,23.049381
2020-10-18 22:00:00,23.4538
2020-10-18 23:00:00,21.138975
2020-10-19 00:00:00,21.042645
2020-10-19 01:00:00,20.968483
2020-10-19 02:00:00,21.097141
2020-10-19 03:00:00,25.378834
2020-10-19 04:00:00,240.06998
2020-10-19 05:00:00,420.95444
2020-10-19 06:00:00,569.04016
2020-10-19 07:00:00,706.46985
2020-10-19 08:00:00,771.9866
2020-10-19 09:00:00,719.1042
2020-10-19 10:00:00,527.3484
2020-10-19 11:00:00,176.57109
2020-10-19 12:00:00,71.769516
2020-10-19 13:00:00,36.23242
2020-10-19 14:00:00,23.939789
2020-10-19 15:00:00,20.945114
2020-10-19 16:00:00,20.337107
2020-10-19 17:00:00,20.371428
2020-10-19 18:00:00,20.261335
2020-10-19 19:00:00,20.032017
2020-10-19 20:00:00,20.355698
2020-10-19 21:00:00,20.230461
2020-10-19 22:00:00,20.678818
2020-10-19 23:00:00,19.795227
2020-10-20 00:00:00,19.725006
2020-10-20 01:00:00,20.020283
2020-10-20 02:00:00,21.130266
2020-10-20 03:00:00,27.169172
2020-10-20 04:00:00,59.5596
2020-10-20 05:00:00,267.93182
2020-10-20 06:00:00,405.06195
2020-10-20 07:00:00,505.79523
2020-10-20 08:00:00,533.46564
2020-10-20 09:00:00,500.33783
2020-10-20 10:00:00,336.6369
2020-10-20 11:00:00,77.92944
2020-10-20 12:00:00,30.844742
2020-10-20 13:00:00,21.487343
2020-10-20 14:00:00,19.343681
2020-10-20 15:00:00,19.484459
2020-10-20 16:00:00,21.501663
2020-10-20 17:00:00,24.171839
2020-10-20 18:00:00,24.216331
2020-10-20 19:00:00,21.878504
2020-10-20 20:00:00,20.16433
2020-10-20 21:00:00,19.064571
2020-10-20 22:00:00,28.444033
2020-10-20 23:00:00,21.600483
2020-10-21 00:00:00,19.529324
2020-10-21 01:00:00,19.610239
2020-10-21 02:00:00,21.454468
2020-10-21 03:00:00,25.70707
2020-10-21 04:00:00,271.2921
2020-10-21 05:00:00,496.29816
2020-10-21 06:00:00,741.0053
2020-10-21 07:00:00,925.7601
2020-10-21 08:00:00,1003.1155
2020-10-21 09:00:00,931.77734
2020-10-21 10:00:00,706.9813
2020-10-21 11:00:00,266.15973
2020-10-21 12:00:00,53.761627
2020-10-21 13:00:00,32.01573
2020-10-21 14:00:00,19.694939
2020-10-21 15:00:00,19.18442
2020-10-21 16:00:00,20.195503
2020-10-21 17:00:00,20.701626
2020-10-21 18:00:00,21.131165
2020-10-21 19:00:00,20.902142
2020-10-21 20:00:00,20.40008
2020-10-21 21:00:00,20.153023
2020-10-21 22:00:00,20.385624
2020-10-21 23:00:00,19.307837
2020-10-22 00:00:00,21.193506
2020-10-22 01:00:00,19.273254
2020-10-22 02:00:00,18.364243
2020-10-22 03:00:00,24.168762
2020-10-22 04:00:00,291.63837
2020-10-22 05:00:00,448.91534
2020-10-22 06:00:00,888.0791
2020-10-22 07:00:00,1132.4734
2020-10-22 08:00:00,937.9646
2020-10-22 09:00:00,740.4331
2020-10-22 10:00:00,703.2202
2020-10-22 11:00:00,462.73743
2020-10-22 12:00:00,189.51973
2020-10-22 13:00:00,120.81413
2020-10-22 14:00:00,92.30205
2020-10-22 15:00:00,87.931335
2020-10-22 16:00:00,54.092575
2020-10-22 17:00:00,44.470795
2020-10-22 18:00:00,27.99495
2020-10-22 19:00:00,18.932941
2020-10-22 20:00:00,17.499603
2020-10-22 21:00:00,19.483946
2020-10-22 22:00:00,20.161875
2020-10-22 23:00:00,48.167072
2020-10-23 00:00:00,55.47725
2020-10-23 01:00:00,66.26275
2020-10-23 02:00:00,79.87947
2020-10-23 03:00:00,130.95325
2020-10-23 04:00:00,263.06226
2020-10-23 05:00:00,295.13116
2020-10-23 06:00:00,295.09314
2020-10-23 07:00:00,281.37372
2020-10-23 08:00:00,309.702
2020-10-23 09:00:00,254.09189
2020-10-23 10:00:00,305.76346
2020-10-23 11:00:00,267.36786
2020-10-23 12:00:00,224.53949
2020-10-23 13:00:00,216.99802
2020-10-23 14:00:00,196.06598
2020-10-23 15:00:00,190.60138
2020-10-23 16:00:00,148.66039
2020-10-23 17:00:00,104.38075
2020-10-23 18:00:00,83.51898
2020-10-23 19:00:00,87.55713
2020-10-23 20:00:00,63.477478
2020-10-23 21:00:00,26.285004
2020-10-23 22:00:00,31.181961
2020-10-23 23:00:00,27.914047
2020-10-24 00:00:00,33.885513
2020-10-24 01:00:00,34.392273
2020-10-24 02:00:00,31.904402
2020-10-24 03:00:00,98.69594
2020-10-24 04:00:00,213.66185
2020-10-24 05:00:00,307.82806
2020-10-24 06:00:00,465.29865
2020-10-24 07:00:00,509.04016
2020-10-24 08:00:00,607.48096
2020-10-24 09:00:00,636.19086
2020-10-24 10:00:00,333.68887
2020-10-24 11:00:00,169.83954
2020-10-24 12:00:00,77.26814
2020-10-24 13:00:00,36.254044
2020-10-24 14:00:00,26.764433
2020-10-24 15:00:00,24.24799
2020-10-24 16:00:00,19.246864
2020-10-24 17:00:00,19.928282
2020-10-24 18:00:00,19.164204
2020-10-24 19:00:00,16.824503
2020-10-24 20:00:00,18.998444
2020-10-24 21:00:00,18.685614
2020-10-24 22:00:00,20.026604
2020-10-24 23:00:00,22.572514
2020-10-25 00:00:00,19.84037
2020-10-25 01:00:00,21.097282
2020-10-25 02:00:00,21.610851
2020-10-25 03:00:00,26.017199
2020-10-25 04:00:00,140.73325
2020-10-25 05:00:00,194.37857
2020-10-25 06:00:00,271.30954
2020-10-25 07:00:00,328.6087
2020-10-25 08:00:00,369.3689
2020-10-25 09:00:00,356.1291
2020-10-25 10:00:00,387.5365
2020-10-25 11:00:00,122.093475
2020-10-25 12:00:00,33.730747
2020-10-25 13:00:00,23.142963
2020-10-25 14:00:00,22.693367
2020-10-25 15:00:00,23.13734
2020-10-25 16:00:00,18.530058
2020-10-25 17:00:00,17.556116
2020-10-25 18:00:00,18.005222
2020-10-25 19:00:00,17.711365
2020-10-25 20:00:00,18.426403
2020-10-25 21:00:00,18.07864
2020-10-25 22:00:00,18.742054
2020-10-25 23:00:00,18.422714
2020-10-26 00:00:00,20.67334
2020-10-26 01:00:00,23.284664
2020-10-26 02:00:00,24.324974
2020-10-26 03:00:00,28.871498
2020-10-26 04:00:00,133.0701
2020-10-26 05:00:00,342.23944
2020-10-26 06:00:00,500.36108
2020-10-26 07:00:00,629.28674
2020-10-26 08:00:00,676.9691
2020-10-26 09:00:00,598.54895
2020-10-26 10:00:00,397.5003
2020-10-26 11:00:00,105.43828
2020-10-26 12:00:00,35.413834
2020-10-26 13:00:00,22.26455
2020-10-26 14:00:00,19.838764
2020-10-26 15:00:00,19.65817
2020-10-26 16:00:00,20.066078
2020-10-26 17:00:00,20.511936
2020-10-26 18:00:00,22.0709
2020-10-26 19:00:00,19.829588
2020-10-26 20:00:00,20.263866
2020-10-26 21:00:00,20.14981
2020-10-26 22:00:00,20.674675
2020-10-26 23:00:00,21.87558
2020-10-27 00:00:00,21.088118
2020-10-27 01:00:00,20.550926
2020-10-27 02:00:00,19.912487
2020-10-27 03:00:00,24.733864
2020-10-27 04:00:00,75.74054
2020-10-27 05:00:00,386.10864
2020-10-27 06:00:00,551.33374
2020-10-27 07:00:00,723.854
2020-10-27 08:00:00,820.343
2020-10-27 09:00:00,739.9376
2020-10-27 10:00:00,419.04382
2020-10-27 11:00:00,61.8387
2020-10-27 12:00:00,57.036575
2020-10-27 13:00:00,40.680496
2020-10-27 14:00:00,25.609055
2020-10-27 15:00:00,25.413177
2020-10-27 16:00:00,33.47429
2020-10-27 17:00:00,60.863087
2020-10-27 18:00:00,203.82417
2020-10-27 19:00:00,148.68224
2020-10-27 20:00:00,108.49171
2020-10-27 21:00:00,111.03987
2020-10-27 22:00:00,122.39287
2020-10-27 23:00:00,134.38895
2020-10-28 00:00:00,131.66031
2020-10-28 01:00:00,119.126434
2020-10-28 02:00:00,121.700134
2020-10-28 03:00:00,153.32166
2020-10-28 04:00:00,218.64597
2020-10-28 05:00:00,306.70258
2020-10-28 06:00:00,312.6482
2020-10-28 07:00:00,308.16315
2020-10-28 08:00:00,316.48187
2020-10-28 09:00:00,232.13809
2020-10-28 10:00:00,255.01195
2020-10-28 11:00:00,190.61023
2020-10-28 12:00:00,154.28168
2020-10-28 13:00:00,91.62843
2020-10-28 14:00:00,119.515915
2020-10-28 15:00:00,65.35422
2020-10-28 16:00:00,64.32918
2020-10-28 17:00:00,126.08618
2020-10-28 18:00:00,95.0484
2020-10-28 19:00:00,122.625854
2020-10-28 20:00:00,103.58763
2020-10-28 21:00:00,112.700226
2020-10-28 22:00:00,128.67766
2020-10-28 23:00:00,127.35405
2020-10-29 00:00:00,114.83029
2020-10-29 01:00:00,117.1228
2020-10-29 02:00:00,77.62633
2020-10-29 03:00:00,170.83195
2020-10-29 04:00:00,321.75015
2020-10-29 05:00:00,442.78586
2020-10-29 06:00:00,574.2293
2020-10-29 07:00:00,696.7141
2020-10-29 08:00:00,717.5936
2020-10-29 09:00:00,624.17377
2020-10-29 10:00:00,619.7782
2020-10-29 11:00:00,303.75012
2020-10-29 12:00:00,66.94417
2020-10-29 13:00:00,25.33092
2020-10-29 14:00:00,24.11334
2020-10-29 15:00:00,26.113842
2020-10-29 16:00:00,28.18594
2020-10-29 17:00:00,28.716629
2020-10-29 18:00:00,26.239044
2020-10-29 19:00:00,24.231487
2020-10-29 20:00:00,22.063267
2020-10-29 21:00:00,22.170975
2020-10-29 22:00:00,31.09928
2020-10-29 23:00:00,25.030804
2020-10-30 00:00:00,24.740753
2020-10-30 01:00:00,24.672485
2020-10-30 02:00:00,23.258621
2020-10-30 03:00:00,37.33128
2020-10-30 04:00:00,148.85295
2020-10-30 05:00:00,359.60446
2020-10-30 06:00:00,474.21313
2020-10-30 07:00:00,533.2947
2020-10-30 08:00:00,541.0677
2020-10-30 09:00:00,498.4154
2020-10-30 10:00:00,355.15628
2020-10-30 11:00:00,114.12116
2020-10-30 12:00:00,42.85521
2020-10-30 13:00:00,25.07999
2020-10-30 14:00:00,23.515171
2020-10-30 15:00:00,21.838017
2020-10-30 16:00:00,22.460363
2020-10-30 17:00:00,20.851433
2020-10-30 18:00:00,18.922997
2020-10-30 19:00:00,18.448715
2020-10-30 20:00:00,17.882584
2020-10-30 21:00:00,19.413273
2020-10-30 22:00:00,18.094437
2020-10-30 23:00:00,18.508327
2020-10-31 00:00:00,21.029503
2020-10-31 01:00:00,21.754055
2020-10-31 02:00:00,23.119598
2020-10-31 03:00:00,26.239296
2020-10-31 04:00:00,89.73989
2020-10-31 05:00:00,317.9044
2020-10-31 06:00:00,452.86954
2020-10-31 07:00:00,539.2047
2020-10-31 08:00:00,580.31573
2020-10-31 09:00:00,539.896
2020-10-31 10:00:00,335.63922
2020-10-31 11:00:00,91.60714
2020-10-31 12:00:00,31.575478
2020-10-31 13:00:00,22.410679
2020-10-31 14:00:00,20.423672
2020-10-31 15:00:00,18.735966
2020-10-31 16:00:00,18.11131
2020-10-31 17:00:00,18.200916
2020-10-31 18:00:00,19.778873
2020-10-31 19:00:00,18.595242
2020-10-31 20:00:00,18.517345
2020-10-31 21:00:00,18.341202
2020-10-31 22:00:00,18.778175
2020-10-31 23:00:00,18.083502
2020-11-01 00:00:00,17.932983
2020-11-01 01:00:00,18.461172
2020-11-01 02:00:00,18.754808
2020-11-01 03:00:00,21.77729
2020-11-01 04:00:00,94.67695
2020-11-01 05:00:00,298.54352
2020-11-01 06:00:00,425.21985
2020-11-01 07:00:00,503.27155
2020-11-01 08:00:00,550.645
2020-11-01 09:00:00,535.92365
2020-11-01 10:00:00,273.4782
2020-11-01 11:00:00,84.4193
2020-11-01 12:00:00,26.253712
2020-11-01 13:00:00,26.540634
2020-11-01 14:00:00,23.749857
2020-11-01 15:00:00,22.390398
2020-11-01 16:00:00,22.746876
2020-11-01 17:00:00,22.162914
2020-11-01 18:00:00,22.031204
2020-11-01 19:00:00,21.362686
2020-11-01 20:00:00,20.946617
2020-11-01 21:00:00,20.623589
2020-11-01 22:00:00,18.953707
2020-11-01 23:00:00,19.73193
2020-11-02 00:00:00,20.294388
2020-11-02 01:00:00,19.846796
2020-11-02 02:00:00,20.641144
2020-11-02 03:00:00,22.609165
2020-11-02 04:00:00,31.591606
2020-11-02 05:00:00,160.43735
2020-11-02 06:00:00,454.7104
2020-11-02 07:00:00,499.6747
2020-11-02 08:00:00,637.1411
2020-11-02 09:00:00,611.935
2020-11-02 10:00:00,298.8584
2020-11-02 11:00:00,101.03868
2020-11-02 12:00:00,19.694014
2020-11-02 13:00:00,22.493874
2020-11-02 14:00:00,20.786427
2020-11-02 15:00:00,19.869083
2020-11-02 16:00:00,20.94413
2020-11-02 17:00:00,21.795464
2020-11-02 18:00:00,22.001379
2020-11-02 19:00:00,21.747719
2020-11-02 20:00:00,21.42812
2020-11-02 21:00:00,22.476461
2020-11-02 22:00:00,23.528091
2020-11-02 23:00:00,23.56913
2020-11-03 00:00:00,23.978313
2020-11-03 01:00:00,24.140602
2020-11-03 02:00:00,23.996479
2020-11-03 03:00:00,28.64447
2020-11-03 04:00:00,186.64485
2020-11-03 05:00:00,651.15845
2020-11-03 06:00:00,799.4597
2020-11-03 07:00:00,868.1371
2020-11-03 08:00:00,883.99994
2020-11-03 09:00:00,798.9661
2020-11-03 10:00:00,493.0273
2020-11-03 11:00:00,161.63715
2020-11-03 12:00:00,22.645088
2020-11-03 13:00:00,24.16943
2020-11-03 14:00:00,25.786667
2020-11-03 15:00:00,23.788048
2020-11-03 16:00:00,24.763395
2020-11-03 17:00:00,26.42128
2020-11-03 18:00:00,29.019241
2020-11-03 19:00:00,31.111038
2020-11-03 20:00:00,32.186935
2020-11-03 21:00:00,34.190323
2020-11-03 22:00:00,38.19281
2020-11-03 23:00:00,33.29179
2020-11-04 00:00:00,36.27009
2020-11-04 01:00:00,41.223106
2020-11-04 02:00:00,44.769928
2020-11-04 03:00:00,64.28677
2020-11-04 04:00:00,299.39273
2020-11-04 05:00:00,550.5174
2020-11-04 06:00:00,673.0223
2020-11-04 07:00:00,753.11194
2020-11-04 08:00:00,769.4341
2020-11-04 09:00:00,724.77313
2020-11-04 10:00:00,505.23773
2020-11-04 11:00:00,170.89293
2020-11-04 12:00:00,35.833694
2020-11-04 13:00:00,33.795662
2020-11-04 14:00:00,40.557755
2020-11-04 15:00:00,41.613888
2020-11-04 16:00:00,40.022743
2020-11-04 17:00:00,37.04454
2020-11-04 18:00:00,31.315647
2020-11-04 19:00:00,23.77547
2020-11-04 20:00:00,23.883793
2020-11-04 21:00:00,21.662668
2020-11-04 22:00:00,26.935425
2020-11-04 23:00:00,24.429585
2020-11-05 00:00:00,21.825457
2020-11-05 01:00:00,21.012531
2020-11-05 02:00:00,20.14051
2020-11-05 03:00:00,23.114662
2020-11-05 04:00:00,85.72239
2020-11-05 05:00:00,270.55634
2020-11-05 06:00:00,397.83395
2020-11-05 07:00:00,470.87982
2020-11-05 08:00:00,457.85632
2020-11-05 09:00:00,397.3136
2020-11-05 10:00:00,224.87636
2020-11-05 11:00:00,82.23039
2020-11-05 12:00:00,39.583744
2020-11-05 13:00:00,22.881344
2020-11-05 14:00:00,19.011557
2020-11-05 15:00:00,20.370487
2020-11-05 16:00:00,22.210445
2020-11-05 17:00:00,21.946949
2020-11-05 18:00:00,20.8634
2020-11-05 19:00:00,19.667995
2020-11-05 20:00:00,19.270546
2020-11-05 21:00:00,19.391148
2020-11-05 22:00:00,20.309544
2020-11-05 23:00:00,19.049934
2020-11-06 00:00:00,18.08863
2020-11-06 01:00:00,18.22501
2020-11-06 02:00:00,18.886692
2020-11-06 03:00:00,20.507935
2020-11-06 04:00:00,40.9937
2020-11-06 05:00:00,180.04684
2020-11-06 06:00:00,335.3685
2020-11-06 07:00:00,409.68433
2020-11-06 08:00:00,457.00388
2020-11-06 09:00:00,404.8084
2020-11-06 10:00:00,147.7875
2020-11-06 11:00:00,26.127611
2020-11-06 12:00:00,23.424587
2020-11-06 13:00:00,22.899197
2020-11-06 14:00:00,21.177498
2020-11-06 15:00:00,20.949406
2020-11-06 16:00:00,21.881754
2020-11-06 17:00:00,20.664627
2020-11-06 18:00:00,20.278149
2020-11-06 19:00:00,19.654833
2020-11-06 20:00:00,19.312016
2020-11-06 21:00:00,19.559711
2020-11-06 22:00:00,19.731201
2020-11-06 23:00:00,20.552998
2020-11-07 00:00:00,20.219719
2020-11-07 01:00:00,19.987959
2020-11-07 02:00:00,20.337227
2020-11-07 03:00:00,22.642794
2020-11-07 04:00:00,36.326523
2020-11-07 05:00:00,178.37257
2020-11-07 06:00:00,353.17902
2020-11-07 07:00:00,488.47052
2020-11-07 08:00:00,545.1923
2020-11-07 09:00:00,474.50647
2020-11-07 10:00:00,111.144966
2020-11-07 11:00:00,50.27211
2020-11-07 12:00:00,25.34038
2020-11-07 13:00:00,21.670269
2020-11-07 14:00:00,19.830242
2020-11-07 15:00:00,19.62127
2020-11-07 16:00:00,20.00219
2020-11-07 17:00:00,19.981726
2020-11-07 18:00:00,19.83512
2020-11-07 19:00:00,19.878437
2020-11-07 20:00:00,19.779058
2020-11-07 21:00:00,19.746265
2020-11-07 22:00:00,21.106724
2020-11-07 23:00:00,21.63567
2020-11-08 00:00:00,21.106403
2020-11-08 01:00:00,20.757004
2020-11-08 02:00:00,21.1698
2020-11-08 03:00:00,23.031067
2020-11-08 04:00:00,31.665756
2020-11-08 05:00:00,69.05171
2020-11-08 06:00:00,235.70467
2020-11-08 07:00:00,420.53793
2020-11-08 08:00:00,483.6277
2020-11-08 09:00:00,329.65094
2020-11-08 10:00:00,114.410995
2020-11-08 11:00:00,44.49701
2020-11-08 12:00:00,27.109135
2020-11-08 13:00:00,23.433767
2020-11-08 14:00:00,23.170403
2020-11-08 15:00:00,25.101456
2020-11-08 16:00:00,22.195087
2020-11-08 17:00:00,29.60881
2020-11-08 18:00:00,125.37083
2020-11-08 19:00:00,88.31683
2020-11-08 20:00:00,120.786125
2020-11-08 21:00:00,235.5334
2020-11-08 22:00:00,238.22571
2020-11-08 23:00:00,254.60481
2020-11-09 00:00:00,196.71652
2020-11-09 01:00:00,200.74059
2020-11-09 02:00:00,191.86919
2020-11-09 03:00:00,240.70383
2020-11-09 04:00:00,293.81555
2020-11-09 05:00:00,292.1402
2020-11-09 06:00:00,308.37875
2020-11-09 07:00:00,381.58838
2020-11-09 08:00:00,476.77057
2020-11-09 09:00:00,346.23645
2020-11-09 10:00:00,331.6666
2020-11-09 11:00:00,240.11627
2020-11-09 12:00:00,79.224396
2020-11-09 13:00:00,47.96285
2020-11-09 14:00:00,37.11806
2020-11-09 15:00:00,29.395927
2020-11-09 16:00:00,27.507298
2020-11-09 17:00:00,25.273884
2020-11-09 18:00:00,24.220627
2020-11-09 19:00:00,21.011917
2020-11-09 20:00:00,19.011732
2020-11-09 21:00:00,20.50917
2020-11-09 22:00:00,25.878895
2020-11-09 23:00:00,30.778961
2020-11-10 00:00:00,34.946518
2020-11-10 01:00:00,36.239746
2020-11-10 02:00:00,36.13202
2020-11-10 03:00:00,45.510223
2020-11-10 04:00:00,120.21344
2020-11-10 05:00:00,241.9629
2020-11-10 06:00:00,311.60834
2020-11-10 07:00:00,399.72394
2020-11-10 08:00:00,469.1952
2020-11-10 09:00:00,424.828
2020-11-10 10:00:00,302.6313
2020-11-10 11:00:00,80.53555
2020-11-10 12:00:00,45.5916
2020-11-10 13:00:00,32.10678
2020-11-10 14:00:00,26.84104
2020-11-10 15:00:00,23.360973
2020-11-10 16:00:00,23.143908
2020-11-10 17:00:00,22.083876
2020-11-10 18:00:00,24.396168
2020-11-10 19:00:00,26.353426
2020-11-10 20:00:00,27.202044
2020-11-10 21:00:00,25.993034
2020-11-10 22:00:00,25.388199
2020-11-10 23:00:00,20.818438
2020-11-11 00:00:00,18.761448
2020-11-11 01:00:00,19.483086
2020-11-11 02:00:00,20.49266
2020-11-11 03:00:00,24.491978
2020-11-11 04:00:00,40.831894
2020-11-11 05:00:00,153.594
2020-11-11 06:00:00,293.2234
2020-11-11 07:00:00,372.62244
2020-11-11 08:00:00,388.9587
2020-11-11 09:00:00,309.8626
2020-11-11 10:00:00,140.0722
2020-11-11 11:00:00,35.72205
2020-11-11 12:00:00,36.214706
2020-11-11 13:00:00,37.071396
2020-11-11 14:00:00,27.443575
2020-11-11 15:00:00,23.880459
2020-11-11 16:00:00,23.503857
2020-11-11 17:00:00,26.79346
2020-11-11 18:00:00,22.898605
2020-11-11 19:00:00,21.925537
2020-11-11 20:00:00,24.011734
2020-11-11 21:00:00,20.650696
2020-11-11 22:00:00,19.30891
2020-11-11 23:00:00,26.902773
2020-11-12 00:00:00,18.520527
2020-11-12 01:00:00,22.69503
2020-11-12 02:00:00,19.39752
2020-11-12 03:00:00,19.277927
2020-11-12 04:00:00,64.603584
2020-11-12 05:00:00,115.35843
2020-11-12 06:00:00,198.91135
2020-11-12 07:00:00,315.66193
2020-11-12 08:00:00,374.6685
2020-11-12 09:00:00,338.18982
2020-11-12 10:00:00,253.22795
2020-11-12 11:00:00,83.08571
2020-11-12 12:00:00,57.855137
2020-11-12 13:00:00,77.4818
2020-11-12 14:00:00,154.76128
2020-11-12 15:00:00,119.910065
2020-11-12 16:00:00,105.23483
2020-11-12 17:00:00,93.532455
2020-11-12 18:00:00,99.923645
2020-11-12 19:00:00,115.312546
2020-11-12 20:00:00,138.00226
2020-11-12 21:00:00,159.90349
2020-11-12 22:00:00,157.97557
2020-11-12 23:00:00,156.04846
2020-11-13 00:00:00,170.26694
2020-11-13 01:00:00,127.4323
2020-11-13 02:00:00,108.044266
2020-11-13 03:00:00,112.16557
2020-11-13 04:00:00,137.51343
2020-11-13 05:00:00,173.80217
2020-11-13 06:00:00,216.0426
2020-11-13 07:00:00,220.7737
2020-11-13 08:00:00,204.95929
2020-11-13 09:00:00,238.9412
2020-11-13 10:00:00,123.73291
2020-11-13 11:00:00,87.50485
2020-11-13 12:00:00,53.990524
2020-11-13 13:00:00,38.92903
2020-11-13 14:00:00,32.303116
2020-11-13 15:00:00,25.511642
2020-11-13 16:00:00,25.239029
2020-11-13 17:00:00,23.964813
2020-11-13 18:00:00,23.020279
2020-11-13 19:00:00,20.70398
2020-11-13 20:00:00,21.681778
2020-11-13 21:00:00,23.135313
2020-11-13 22:00:00,31.718632
2020-11-13 23:00:00,42.827507
2020-11-14 00:00:00,61.15976
2020-11-14 01:00:00,62.031372
2020-11-14 02:00:00,60.505016
2020-11-14 03:00:00,89.25302
2020-11-14 04:00:00,115.49727
2020-11-14 05:00:00,142.73694
2020-11-14 06:00:00,140.74004
2020-11-14 07:00:00,192.4847
2020-11-14 08:00:00,184.57042
2020-11-14 09:00:00,182.66513
2020-11-14 10:00:00,118.69179
2020-11-14 11:00:00,52.17061
2020-11-14 12:00:00,56.343216
2020-11-14 13:00:00,61.692154
2020-11-14 14:00:00,52.48961
2020-11-14 15:00:00,54.78273
2020-11-14 16:00:00,50.426178
2020-11-14 17:00:00,50.960907
2020-11-14 18:00:00,51.64328
2020-11-14 19:00:00,45.404648
2020-11-14 20:00:00,29.108704
2020-11-14 21:00:00,28.12909
2020-11-14 22:00:00,31.331802
2020-11-14 23:00:00,26.921005
2020-11-15 00:00:00,33.31996
2020-11-15 01:00:00,36.32785
2020-11-15 02:00:00,49.327698
2020-11-15 03:00:00,46.345215
2020-11-15 04:00:00,50.221542
2020-11-15 05:00:00,127.80185
2020-11-15 06:00:00,175.63081
2020-11-15 07:00:00,200.49284
2020-11-15 08:00:00,169.20425
2020-11-15 09:00:00,171.99925
2020-11-15 10:00:00,239.3714
2020-11-15 11:00:00,138.53297
2020-11-15 12:00:00,92.47943
2020-11-15 13:00:00,64.79187
2020-11-15 14:00:00,52.25409
2020-11-15 15:00:00,45.014297
2020-11-15 16:00:00,55.065125
2020-11-15 17:00:00,31.89949
2020-11-15 18:00:00,43.55417
2020-11-15 19:00:00,41.21396
2020-11-15 20:00:00,34.753174
2020-11-15 21:00:00,35.93669
2020-11-15 22:00:00,47.786667
2020-11-15 23:00:00,35.001648
2020-11-16 00:00:00,28.734112
2020-11-16 01:00:00,19.61414
2020-11-16 02:00:00,17.373251
2020-11-16 03:00:00,15.308614
2020-11-16 04:00:00,14.695832
2020-11-16 05:00:00,96.155655
2020-11-16 06:00:00,152.70354
2020-11-16 07:00:00,208.82771
2020-11-16 08:00:00,313.43134
2020-11-16 09:00:00,335.50015
2020-11-16 10:00:00,246.42424
2020-11-16 11:00:00,428.16208
2020-11-16 12:00:00,236.74059
2020-11-16 13:00:00,203.15752
2020-11-16 14:00:00,168.3963
2020-11-16 15:00:00,150.20401
2020-11-16 16:00:00,139.92519
2020-11-16 17:00:00,132.79378
2020-11-16 18:00:00,122.38068
2020-11-16 19:00:00,114.06334
2020-11-16 20:00:00,117.4745
2020-11-16 21:00:00,83.254105
2020-11-16 22:00:00,95.38284
2020-11-16 23:00:00,94.11093
2020-11-17 00:00:00,103.36745
2020-11-17 01:00:00,98.29738
2020-11-17 02:00:00,110.30232
2020-11-17 03:00:00,112.08835
2020-11-17 04:00:00,121.248856
2020-11-17 05:00:00,177.16959
2020-11-17 06:00:00,228.05307
2020-11-17 07:00:00,244.68669
2020-11-17 08:00:00,263.20618
2020-11-17 09:00:00,231.84189
2020-11-17 10:00:00,150.27159
2020-11-17 11:00:00,150.4772
2020-11-17 12:00:00,122.05409
2020-11-17 13:00:00,125.28439
2020-11-17 14:00:00,115.101
2020-11-17 15:00:00,99.72807
2020-11-17 16:00:00,90.84221
2020-11-17 17:00:00,84.38269
2020-11-17 18:00:00,88.3445
2020-11-17 19:00:00,89.002716
2020-11-17 20:00:00,87.55757
2020-11-17 21:00:00,86.03296
2020-11-17 22:00:00,78.11383
2020-11-17 23:00:00,88.248505
2020-11-18 00:00:00,89.47702
2020-11-18 01:00:00,97.74312
2020-11-18 02:00:00,100.17565
2020-11-18 03:00:00,97.71547
2020-11-18 04:00:00,108.50209
2020-11-18 05:00:00,133.01874
2020-11-18 06:00:00,159.17752
2020-11-18 07:00:00,191.94449
2020-11-18 08:00:00,199.33961
2020-11-18 09:00:00,184.29843
2020-11-18 10:00:00,129.46674
2020-11-18 11:00:00,113.4252
2020-11-18 12:00:00,100.26024
2020-11-18 13:00:00,97.72255
2020-11-18 14:00:00,103.47136
2020-11-18 15:00:00,101.82864
2020-11-18 16:00:00,88.37846
2020-11-18 17:00:00,89.46391
2020-11-18 18:00:00,84.62579
2020-11-18 19:00:00,79.502396
2020-11-18 20:00:00,89.362915
2020-11-18 21:00:00,90.78117
2020-11-18 22:00:00,89.51901
2020-11-18 23:00:00,93.9505
2020-11-19 00:00:00,90.60356
2020-11-19 01:00:00,95.021545
2020-11-19 02:00:00,100.5865
2020-11-19 03:00:00,95.4389
2020-11-19 04:00:00,110.11365
2020-11-19 05:00:00,122.178604
2020-11-19 06:00:00,166.19756
2020-11-19 07:00:00,198.29964
2020-11-19 08:00:00,179.83723
2020-11-19 09:00:00,167.11688
2020-11-19 10:00:00,111.07738
2020-11-19 11:00:00,73.1848
2020-11-19 12:00:00,60.207108
2020-11-19 13:00:00,56.118896
2020-11-19 14:00:00,58.021027
2020-11-19 15:00:00,47.199524
2020-11-19 16:00:00,37.48198
2020-11-19 17:00:00,30.748596
2020-11-19 18:00:00,28.86383
2020-11-19 19:00:00,27.069023
2020-11-19 20:00:00,27.334269
2020-11-19 21:00:00,27.12675
2020-11-19 22:00:00,33.374725
2020-11-19 23:00:00,31.852844
2020-11-20 00:00:00,26.786442
2020-11-20 01:00:00,30.205894
2020-11-20 02:00:00,32.400307
2020-11-20 03:00:00,38.96216
2020-11-20 04:00:00,61.759842
2020-11-20 05:00:00,90.255035
2020-11-20 06:00:00,126.75978
2020-11-20 07:00:00,169.53116
2020-11-20 08:00:00,182.50565
2020-11-20 09:00:00,185.85143
2020-11-20 10:00:00,130.336
2020-11-20 11:00:00,95.34219
2020-11-20 12:00:00,73.93756
2020-11-20 13:00:00,67.67529
2020-11-20 14:00:00,58.654755
2020-11-20 15:00:00,48.59047
2020-11-20 16:00:00,38.26297
2020-11-20 17:00:00,29.536224
2020-11-20 18:00:00,29.103455
2020-11-20 19:00:00,30.141068
2020-11-20 20:00:00,30.082169
2020-11-20 21:00:00,32.80275
2020-11-20 22:00:00,45.18802
2020-11-20 23:00:00,34.841095
2020-11-21 00:00:00,44.997406
2020-11-21 01:00:00,48.950775
2020-11-21 02:00:00,42.871338
2020-11-21 03:00:00,54.61252
2020-11-21 04:00:00,81.14047
2020-11-21 05:00:00,100.240814
2020-11-21 06:00:00,129.85075
2020-11-21 07:00:00,155.02887
2020-11-21 08:00:00,162.20995
2020-11-21 09:00:00,151.16425
2020-11-21 10:00:00,89.61774
2020-11-21 11:00:00,51.331787
2020-11-21 12:00:00,30.639923
2020-11-21 13:00:00,27.61728
2020-11-21 14:00:00,31.986496
2020-11-21 15:00:00,31.610199
2020-11-21 16:00:00,26.925995
2020-11-21 17:00:00,23.268692
2020-11-21 18:00:00,20.479416
2020-11-21 19:00:00,21.61752
2020-11-21 20:00:00,25.075146
2020-11-21 21:00:00,27.53226
2020-11-21 22:00:00,24.390318
2020-11-21 23:00:00,26.204136
2020-11-22 00:00:00,30.412514
2020-11-22 01:00:00,49.337425
2020-11-22 02:00:00,45.889416
2020-11-22 03:00:00,60.32942
2020-11-22 04:00:00,87.05257
2020-11-22 05:00:00,110.73651
2020-11-22 06:00:00,126.73091
2020-11-22 07:00:00,164.30588
2020-11-22 08:00:00,180.98232
2020-11-22 09:00:00,158.02843
2020-11-22 10:00:00,112.21069
2020-11-22 11:00:00,68.43165
2020-11-22 12:00:00,48.581673
2020-11-22 13:00:00,40.093224
2020-11-22 14:00:00,31.808851
2020-11-22 15:00:00,23.86749
2020-11-22 16:00:00,26.622421
2020-11-22 17:00:00,31.04971
2020-11-22 18:00:00,32.723293
2020-11-22 19:00:00,42.767548
2020-11-22 20:00:00,47.915634
2020-11-22 21:00:00,49.2974
2020-11-22 22:00:00,40.618103
2020-11-22 23:00:00,45.56952
2020-11-23 00:00:00,40.223446
2020-11-23 01:00:00,46.677555
2020-11-23 02:00:00,43.61283
2020-11-23 03:00:00,45.456505
2020-11-23 04:00:00,66.05049
2020-11-23 05:00:00,84.6358
2020-11-23 06:00:00,199.41313
2020-11-23 07:00:00,224.80122
2020-11-23 08:00:00,240.5412
2020-11-23 09:00:00,230.12901
2020-11-23 10:00:00,152.93178
2020-11-23 11:00:00,42.88179
2020-11-23 12:00:00,25.199158
2020-11-23 13:00:00,25.091883
2020-11-23 14:00:00,23.505554
2020-11-23 15:00:00,20.137663
2020-11-23 16:00:00,20.038692
2020-11-23 17:00:00,19.055658
2020-11-23 18:00:00,18.41843
2020-11-23 19:00:00,18.143093
2020-11-23 20:00:00,17.73788
2020-11-23 21:00:00,17.647625
2020-11-23 22:00:00,19.366436
2020-11-23 23:00:00,21.308088
2020-11-24 00:00:00,21.860256
2020-11-24 01:00:00,19.91734
2020-11-24 02:00:00,19.552572
2020-11-24 03:00:00,20.321753
2020-11-24 04:00:00,83.400406
2020-11-24 05:00:00,131.31114
2020-11-24 06:00:00,189.09918
2020-11-24 07:00:00,282.16095
2020-11-24 08:00:00,295.6751
2020-11-24 09:00:00,277.01443
2020-11-24 10:00:00,95.04074
2020-11-24 11:00:00,25.156525
2020-11-24 12:00:00,18.252178
2020-11-24 13:00:00,19.999157
2020-11-24 14:00:00,21.98339
2020-11-24 15:00:00,21.329433
2020-11-24 16:00:00,19.720367
2020-11-24 17:00:00,19.069736
2020-11-24 18:00:00,18.165573
2020-11-24 19:00:00,18.411394
2020-11-24 20:00:00,19.091217
2020-11-24 21:00:00,19.074966
2020-11-24 22:00:00,19.3437
2020-11-24 23:00:00,20.546843
2020-11-25 00:00:00,19.900526
2020-11-25 01:00:00,18.535091
2020-11-25 02:00:00,18.854797
2020-11-25 03:00:00,19.320538
2020-11-25 04:00:00,22.059181
2020-11-25 05:00:00,85.21767
2020-11-25 06:00:00,122.43201
2020-11-25 07:00:00,167.17334
2020-11-25 08:00:00,195.55708
2020-11-25 09:00:00,153.66359
2020-11-25 10:00:00,63.24906
2020-11-25 11:00:00,33.4673
2020-11-25 12:00:00,25.814312
2020-11-25 13:00:00,25.863146
2020-11-25 14:00:00,30.506313
2020-11-25 15:00:00,33.192646
2020-11-25 16:00:00,34.834213
2020-11-25 17:00:00,34.566437
2020-11-25 18:00:00,28.844475
2020-11-25 19:00:00,27.9466
2020-11-25 20:00:00,37.82861
2020-11-25 21:00:00,48.83096
2020-11-25 22:00:00,54.742477
2020-11-25 23:00:00,58.416153
2020-11-26 00:00:00,51.913483
2020-11-26 01:00:00,49.76722
2020-11-26 02:00:00,46.0145
2020-11-26 03:00:00,48.908566
2020-11-26 04:00:00,56.643475
2020-11-26 05:00:00,118.95119
2020-11-26 06:00:00,198.96222
2020-11-26 07:00:00,235.97069
2020-11-26 08:00:00,262.8255
2020-11-26 09:00:00,235.04459
2020-11-26 10:00:00,99.486786
2020-11-26 11:00:00,27.658997
2020-11-26 12:00:00,23.093643
2020-11-26 13:00:00,21.865948
2020-11-26 14:00:00,19.090883
2020-11-26 15:00:00,18.811123
2020-11-26 16:00:00,19.19318
2020-11-26 17:00:00,19.170288
2020-11-26 18:00:00,19.656097
2020-11-26 19:00:00,20.584574
2020-11-26 20:00:00,20.370758
2020-11-26 21:00:00,21.988327
2020-11-26 22:00:00,25.244278
2020-11-26 23:00:00,23.089874
2020-11-27 00:00:00,21.423386
2020-11-27 01:00:00,21.593872
2020-11-27 02:00:00,22.077179
2020-11-27 03:00:00,23.201542
2020-11-27 04:00:00,27.477459
2020-11-27 05:00:00,42.866863
2020-11-27 06:00:00,125.46622
2020-11-27 07:00:00,142.58978
2020-11-27 08:00:00,132.2829
2020-11-27 09:00:00,133.95485
2020-11-27 10:00:00,95.51996
2020-11-27 11:00:00,47.315643
2020-11-27 12:00:00,31.419582
2020-11-27 13:00:00,28.114326
2020-11-27 14:00:00,24.548973
2020-11-27 15:00:00,24.938463
2020-11-27 16:00:00,24.922989
2020-11-27 17:00:00,23.629839
2020-11-27 18:00:00,24.42877
2020-11-27 19:00:00,22.242226
2020-11-27 20:00:00,21.560589
2020-11-27 21:00:00,20.744713
2020-11-27 22:00:00,25.830025
2020-11-27 23:00:00,23.912958
2020-11-28 00:00:00,21.155941
2020-11-28 01:00:00,20.362568
2020-11-28 02:00:00,23.753273
2020-11-28 03:00:00,28.287846
2020-11-28 04:00:00,138.84537
2020-11-28 05:00:00,690.7646
2020-11-28 06:00:00,649.78595
2020-11-28 07:00:00,568.56836
2020-11-28 08:00:00,511.591
2020-11-28 09:00:00,390.88165
2020-11-28 10:00:00,202.32594
2020-11-28 11:00:00,175.48828
2020-11-28 12:00:00,127.830414
2020-11-28 13:00:00,108.3006
2020-11-28 14:00:00,50.18268
2020-11-28 15:00:00,36.29521
2020-11-28 16:00:00,27.474045
2020-11-28 17:00:00,26.84291
2020-11-28 18:00:00,28.895767
2020-11-28 19:00:00,25.287933
2020-11-28 20:00:00,32.26552
2020-11-28 21:00:00,49.710114
2020-11-28 22:00:00,72.977936
2020-11-28 23:00:00,93.5927
2020-11-29 00:00:00,90.366165
2020-11-29 01:00:00,85.39223
2020-11-29 02:00:00,30.735825
2020-11-29 03:00:00,22.378754
2020-11-29 04:00:00,42.67389
2020-11-29 05:00:00,92.721664
2020-11-29 06:00:00,120.12129
2020-11-29 07:00:00,154.67253
2020-11-29 08:00:00,176.27632
2020-11-29 09:00:00,158.28783
2020-11-29 10:00:00,49.451813
2020-11-29 11:00:00,28.67276
2020-11-29 12:00:00,23.533249
2020-11-29 13:00:00,26.932358
2020-11-29 14:00:00,27.516876
2020-11-29 15:00:00,26.646492
2020-11-29 16:00:00,27.61625
2020-11-29 17:00:00,29.62846
2020-11-29 18:00:00,34.0381
2020-11-29 19:00:00,34.208725
2020-11-29 20:00:00,33.720795
2020-11-29 21:00:00,38.66147
2020-11-29 22:00:00,36.51445
2020-11-29 23:00:00,50.11969
2020-11-30 00:00:00,51.57646
2020-11-30 01:00:00,48.293076
2020-11-30 02:00:00,50.65193
2020-11-30 03:00:00,53.295364
2020-11-30 04:00:00,74.604965
2020-11-30 05:00:00,76.707146
2020-11-30 06:00:00,87.6392
2020-11-30 07:00:00,99.18269
2020-11-30 08:00:00,96.4232
2020-11-30 09:00:00,79.09381
2020-11-30 10:00:00,43.441345
2020-11-30 11:00:00,39.694027
2020-11-30 12:00:00,28.509434
2020-11-30 13:00:00,26.724657
2020-11-30 14:00:00,28.182129
2020-11-30 15:00:00,28.05553
2020-11-30 16:00:00,28.166513
2020-11-30 17:00:00,28.730774
2020-11-30 18:00:00,28.56202
2020-11-30 19:00:00,28.448914
2020-11-30 20:00:00,27.811348
2020-11-30 21:00:00,26.900494
2020-11-30 22:00:00,24.89397
2020-11-30 23:00:00,27.9599
2020-12-01 00:00:00,29.596764
2020-12-01 01:00:00,30.666553
2020-12-01 02:00:00,30.736511
2020-12-01 03:00:00,31.750362
2020-12-01 04:00:00,35.81555
2020-12-01 05:00:00,42.624153
2020-12-01 06:00:00,46.35579
2020-12-01 07:00:00,43.354027
2020-12-01 08:00:00,44.764824
2020-12-01 09:00:00,44.4319
2020-12-01 10:00:00,38.79287
2020-12-01 11:00:00,46.44686
2020-12-01 12:00:00,37.291607
2020-12-01 13:00:00,32.361847
2020-12-01 14:00:00,30.982372
2020-12-01 15:00:00,29.259815
2020-12-01 16:00:00,28.845446
2020-12-01 17:00:00,27.459824
2020-12-01 18:00:00,26.964912
2020-12-01 19:00:00,25.42819
2020-12-01 20:00:00,24.054253
2020-12-01 21:00:00,23.720047
2020-12-01 22:00:00,25.662762
2020-12-01 23:00:00,26.083302
2020-12-02 00:00:00,23.618156
2020-12-02 01:00:00,23.33777
2020-12-02 02:00:00,22.613585
2020-12-02 03:00:00,21.91481
2020-12-02 04:00:00,22.142368
2020-12-02 05:00:00,28.666508
2020-12-02 06:00:00,37.825333
2020-12-02 07:00:00,43.753815
2020-12-02 08:00:00,42.151897
2020-12-02 09:00:00,29.033394
2020-12-02 10:00:00,26.104576
2020-12-02 11:00:00,26.985546
2020-12-02 12:00:00,24.888054
2020-12-02 13:00:00,24.024818
2020-12-02 14:00:00,22.72726
2020-12-02 15:00:00,22.381933
2020-12-02 16:00:00,21.679483
2020-12-02 17:00:00,21.338657
2020-12-02 18:00:00,21.331196
2020-12-02 19:00:00,20.925652
2020-12-02 20:00:00,20.583284
2020-12-02 21:00:00,20.08033
2020-12-02 22:00:00,23.415192
2020-12-02 23:00:00,24.934982
2020-12-03 00:00:00,22.897902
2020-12-03 01:00:00,22.500034
2020-12-03 02:00:00,22.388752
2020-12-03 03:00:00,21.952679
2020-12-03 04:00:00,21.973545
2020-12-03 05:00:00,22.595085
2020-12-03 06:00:00,30.47857
2020-12-03 07:00:00,34.59852
2020-12-03 08:00:00,50.397987
2020-12-03 09:00:00,48.046593
2020-12-03 10:00:00,39.899494
2020-12-03 11:00:00,66.64958
2020-12-03 12:00:00,52.085754
2020-12-03 13:00:00,27.538958
2020-12-03 14:00:00,19.436428
2020-12-03 15:00:00,23.11565
2020-12-03 16:00:00,21.831638
2020-12-03 17:00:00,21.706406
2020-12-03 18:00:00,20.887012
2020-12-03 19:00:00,20.957396
2020-12-03 20:00:00,20.04992
2020-12-03 21:00:00,20.85437
2020-12-03 22:00:00,22.627663
2020-12-03 23:00:00,25.949675
2020-12-04 00:00:00,21.624903
2020-12-04 01:00:00,19.920792
2020-12-04 02:00:00,21.825348
2020-12-04 03:00:00,24.441704
2020-12-04 04:00:00,28.854301
2020-12-04 05:00:00,64.94356
2020-12-04 06:00:00,106.58225
2020-12-04 07:00:00,139.41827
2020-12-04 08:00:00,166.65726
2020-12-04 09:00:00,143.51637
2020-12-04 10:00:00,103.05299
2020-12-04 11:00:00,88.724976
2020-12-04 12:00:00,89.84832
2020-12-04 13:00:00,91.479164
2020-12-04 14:00:00,86.636246
2020-12-04 15:00:00,83.01338
2020-12-04 16:00:00,75.55265
2020-12-04 17:00:00,62.99179
2020-12-04 18:00:00,54.962585
2020-12-04 19:00:00,39.530083
2020-12-04 20:00:00,31.385784
2020-12-04 21:00:00,34.34527
2020-12-04 22:00:00,29.326527
2020-12-04 23:00:00,50.744118
2020-12-05 00:00:00,54.331356
2020-12-05 01:00:00,57.19904
2020-12-05 02:00:00,46.51242
2020-12-05 03:00:00,53.711617
2020-12-05 04:00:00,68.27137
2020-12-05 05:00:00,90.71187
2020-12-05 06:00:00,127.897766
2020-12-05 07:00:00,161.20187
2020-12-05 08:00:00,160.0884
2020-12-05 09:00:00,138.00688
2020-12-05 10:00:00,87.8712
2020-12-05 11:00:00,59.078598
2020-12-05 12:00:00,34.292763
2020-12-05 13:00:00,31.990221
2020-12-05 14:00:00,30.867302
2020-12-05 15:00:00,28.273207
2020-12-05 16:00:00,26.693645
2020-12-05 17:00:00,26.57711
2020-12-05 18:00:00,26.469355
2020-12-05 19:00:00,24.298447
2020-12-05 20:00:00,23.909752
2020-12-05 21:00:00,23.862629
2020-12-05 22:00:00,24.865551
2020-12-05 23:00:00,27.48462
2020-12-06 00:00:00,28.132458
2020-12-06 01:00:00,28.730352
2020-12-06 02:00:00,28.356676
2020-12-06 03:00:00,28.722946
2020-12-06 04:00:00,30.309662
2020-12-06 05:00:00,40.511185
2020-12-06 06:00:00,66.62868
2020-12-06 07:00:00,88.99686
2020-12-06 08:00:00,88.50093
2020-12-06 09:00:00,84.180695
2020-12-06 10:00:00,55.60855
2020-12-06 11:00:00,62.953228
2020-12-06 12:00:00,28.020798
2020-12-06 13:00:00,25.936783
2020-12-06 14:00:00,26.262333
2020-12-06 15:00:00,26.17693
2020-12-06 16:00:00,24.8237
2020-12-06 17:00:00,24.441189
2020-12-06 18:00:00,21.145683
2020-12-06 19:00:00,20.714977
2020-12-06 20:00:00,21.140944
2020-12-06 21:00:00,20.803352
2020-12-06 22:00:00,22.719856
2020-12-06 23:00:00,21.796982
2020-12-07 00:00:00,21.522207
2020-12-07 01:00:00,24.553814
2020-12-07 02:00:00,25.234276
2020-12-07 03:00:00,26.579885
2020-12-07 04:00:00,34.539505
2020-12-07 05:00:00,85.8627
2020-12-07 06:00:00,93.90555
2020-12-07 07:00:00,88.2657
2020-12-07 08:00:00,104.59304
2020-12-07 09:00:00,97.47684
2020-12-07 10:00:00,58.115448
2020-12-07 11:00:00,46.62854
2020-12-07 12:00:00,30.740551
2020-12-07 13:00:00,25.56743
2020-12-07 14:00:00,22.329197
2020-12-07 15:00:00,24.500578
2020-12-07 16:00:00,26.041645
2020-12-07 17:00:00,24.956543
2020-12-07 18:00:00,25.78287
2020-12-07 19:00:00,31.895668
2020-12-07 20:00:00,31.682764
2020-12-07 21:00:00,31.431995
2020-12-07 22:00:00,23.034868
2020-12-07 23:00:00,32.702904
2020-12-08 00:00:00,40.43705
2020-12-08 01:00:00,27.830883
2020-12-08 02:00:00,26.936436
2020-12-08 03:00:00,29.54732
2020-12-08 04:00:00,49.873184
2020-12-08 05:00:00,69.80785
2020-12-08 06:00:00,84.41493
2020-12-08 07:00:00,98.81673
2020-12-08 08:00:00,97.94002
2020-12-08 09:00:00,90.716446
2020-12-08 10:00:00,58.12401
2020-12-08 11:00:00,52.49621
2020-12-08 12:00:00,36.87654
2020-12-08 13:00:00,40.48269
2020-12-08 14:00:00,40.20801
2020-12-08 15:00:00,37.229748
2020-12-08 16:00:00,31.520008
2020-12-08 17:00:00,28.147636
2020-12-08 18:00:00,25.464775
2020-12-08 19:00:00,25.338184
2020-12-08 20:00:00,23.898293
2020-12-08 21:00:00,24.016582
2020-12-08 22:00:00,23.173134
2020-12-08 23:00:00,25.239738
2020-12-09 00:00:00,23.58687
2020-12-09 01:00:00,24.74451
2020-12-09 02:00:00,22.953316
2020-12-09 03:00:00,22.836145
2020-12-09 04:00:00,25.944431
2020-12-09 05:00:00,56.447533
2020-12-09 06:00:00,75.17087
2020-12-09 07:00:00,86.398506
2020-12-09 08:00:00,93.03993
2020-12-09 09:00:00,82.38455
2020-12-09 10:00:00,58.951424
2020-12-09 11:00:00,42.116642
2020-12-09 12:00:00,32.388004
2020-12-09 13:00:00,30.644955
2020-12-09 14:00:00,27.596228
2020-12-09 15:00:00,27.856407
2020-12-09 16:00:00,27.53869
2020-12-09 17:00:00,26.919834
2020-12-09 18:00:00,25.43025
2020-12-09 19:00:00,25.161787
2020-12-09 20:00:00,25.58465
2020-12-09 21:00:00,24.773647
2020-12-09 22:00:00,21.872192
2020-12-09 23:00:00,34.172558
2020-12-10 00:00:00,40.099155
2020-12-10 01:00:00,39.735256
2020-12-10 02:00:00,29.804962
2020-12-10 03:00:00,28.746315
2020-12-10 04:00:00,43.3896
2020-12-10 05:00:00,58.18866
2020-12-10 06:00:00,73.40961
2020-12-10 07:00:00,93.35641
2020-12-10 08:00:00,104.167984
2020-12-10 09:00:00,87.34764
2020-12-10 10:00:00,55.08327
2020-12-10 11:00:00,32.82206
2020-12-10 12:00:00,21.590313
2020-12-10 13:00:00,23.764816
2020-12-10 14:00:00,24.799446
2020-12-10 15:00:00,25.02763
2020-12-10 16:00:00,24.916538
2020-12-10 17:00:00,23.978436
2020-12-10 18:00:00,23.40821
2020-12-10 19:00:00,23.102163
2020-12-10 20:00:00,22.648497
2020-12-10 21:00:00,23.07034
2020-12-10 22:00:00,26.568012
2020-12-10 23:00:00,24.818033
2020-12-11 00:00:00,25.28931
2020-12-11 01:00:00,27.312702
2020-12-11 02:00:00,30.11987
2020-12-11 03:00:00,36.277855
2020-12-11 04:00:00,59.836617
2020-12-11 05:00:00,80.33496
2020-12-11 06:00:00,99.03122
2020-12-11 07:00:00,115.47691
2020-12-11 08:00:00,115.281784
2020-12-11 09:00:00,100.62283
2020-12-11 10:00:00,65.47714
2020-12-11 11:00:00,61.599228
2020-12-11 12:00:00,55.236217
2020-12-11 13:00:00,52.737476
2020-12-11 14:00:00,44.838234
2020-12-11 15:00:00,36.222168
2020-12-11 16:00:00,33.913933
2020-12-11 17:00:00,29.54368
2020-12-11 18:00:00,27.635445
2020-12-11 19:00:00,27.592442
2020-12-11 20:00:00,27.215462
2020-12-11 21:00:00,26.698261
2020-12-11 22:00:00,28.694492
2020-12-11 23:00:00,35.90826
2020-12-12 00:00:00,44.555748
2020-12-12 01:00:00,49.92879
2020-12-12 02:00:00,45.81806
2020-12-12 03:00:00,51.350178
2020-12-12 04:00:00,65.44584
2020-12-12 05:00:00,73.07257
2020-12-12 06:00:00,90.629105
2020-12-12 07:00:00,111.35657
2020-12-12 08:00:00,122.34807
2020-12-12 09:00:00,97.91548
2020-12-12 10:00:00,66.92008
2020-12-12 11:00:00,61.752903
2020-12-12 12:00:00,58.823814
2020-12-12 13:00:00,52.017242
2020-12-12 14:00:00,44.342552
2020-12-12 15:00:00,37.60087
2020-12-12 16:00:00,34.782627
2020-12-12 17:00:00,36.509735
2020-12-12 18:00:00,35.245434
2020-12-12 19:00:00,34.07216
2020-12-12 20:00:00,38.793606
2020-12-12 21:00:00,40.879738
2020-12-12 22:00:00,35.370693
2020-12-12 23:00:00,47.863182
2020-12-13 00:00:00,53.746613
2020-12-13 01:00:00,60.03141
2020-12-13 02:00:00,58.890766
2020-12-13 03:00:00,53.51312
2020-12-13 04:00:00,65.78237
2020-12-13 05:00:00,78.81083
2020-12-13 06:00:00,102.574615
2020-12-13 07:00:00,116.14252
2020-12-13 08:00:00,107.0616
2020-12-13 09:00:00,109.961975
2020-12-13 10:00:00,65.710144
2020-12-13 11:00:00,55.882713
2020-12-13 12:00:00,46.310448
2020-12-13 13:00:00,38.800537
2020-12-13 14:00:00,34.83663
2020-12-13 15:00:00,32.589752
2020-12-13 16:00:00,28.984985
2020-12-13 17:00:00,27.879208
2020-12-13 18:00:00,28.103676
2020-12-13 19:00:00,26.014664
2020-12-13 20:00:00,25.825665
2020-12-13 21:00:00,26.332031
2020-12-13 22:00:00,29.292309
2020-12-13 23:00:00,35.458443
2020-12-14 00:00:00,39.294296
2020-12-14 01:00:00,40.324375
2020-12-14 02:00:00,39.91884
2020-12-14 03:00:00,48.827072
2020-12-14 04:00:00,62.75139
2020-12-14 05:00:00,78.96227
2020-12-14 06:00:00,100.36075
2020-12-14 07:00:00,125.581795
2020-12-14 08:00:00,157.92964
2020-12-14 09:00:00,146.13887
2020-12-14 10:00:00,76.83128
2020-12-14 11:00:00,66.62785
2020-12-14 12:00:00,42.237488
2020-12-14 13:00:00,27.78069
2020-12-14 14:00:00,24.395832
2020-12-14 15:00:00,25.091076
2020-12-14 16:00:00,25.198915
2020-12-14 17:00:00,23.694912
2020-12-14 18:00:00,23.28905
2020-12-14 19:00:00,23.166557
2020-12-14 20:00:00,23.367685
2020-12-14 21:00:00,23.694805
2020-12-14 22:00:00,23.037098
2020-12-14 23:00:00,27.577168
2020-12-15 00:00:00,23.92257
2020-12-15 01:00:00,28.078083
2020-12-15 02:00:00,25.538353
2020-12-15 03:00:00,27.532848
2020-12-15 04:00:00,38.44049
2020-12-15 05:00:00,62.890053
2020-12-15 06:00:00,95.47229
2020-12-15 07:00:00,142.37709
2020-12-15 08:00:00,157.12999
2020-12-15 09:00:00,130.29352
2020-12-15 10:00:00,66.25101
2020-12-15 11:00:00,54.66159
2020-12-15 12:00:00,37.11458
2020-12-15 13:00:00,27.762321
2020-12-15 14:00:00,30.335392
2020-12-15 15:00:00,30.438473
2020-12-15 16:00:00,28.611988
2020-12-15 17:00:00,26.774925
2020-12-15 18:00:00,27.176394
2020-12-15 19:00:00,26.843185
2020-12-15 20:00:00,24.605267
2020-12-15 21:00:00,24.855259
2020-12-15 22:00:00,24.941914
2020-12-15 23:00:00,25.835543
2020-12-16 00:00:00,26.25026
2020-12-16 01:00:00,27.451153
2020-12-16 02:00:00,25.162407
2020-12-16 03:00:00,26.69629
2020-12-16 04:00:00,31.84335
2020-12-16 05:00:00,53.240986
2020-12-16 06:00:00,77.41693
2020-12-16 07:00:00,107.14493
2020-12-16 08:00:00,111.31488
2020-12-16 09:00:00,104.24429
2020-12-16 10:00:00,57.334885
2020-12-16 11:00:00,33.041782
2020-12-16 12:00:00,26.08538
2020-12-16 13:00:00,22.908104
2020-12-16 14:00:00,22.689747
2020-12-16 15:00:00,23.575928
2020-12-16 16:00:00,23.292767
2020-12-16 17:00:00,23.486511
2020-12-16 18:00:00,22.742933
2020-12-16 19:00:00,22.591038
2020-12-16 20:00:00,22.482315
2020-12-16 21:00:00,22.873955
2020-12-16 22:00:00,25.536709
2020-12-16 23:00:00,23.964437
2020-12-17 00:00:00,23.466045
2020-12-17 01:00:00,23.702782
2020-12-17 02:00:00,22.676666
2020-12-17 03:00:00,22.931301
2020-12-17 04:00:00,26.511753
2020-12-17 05:00:00,28.93692
2020-12-17 06:00:00,76.35242
2020-12-17 07:00:00,88.92749
2020-12-17 08:00:00,94.59517
2020-12-17 09:00:00,92.06105
2020-12-17 10:00:00,45.681183
2020-12-17 11:00:00,23.640713
2020-12-17 12:00:00,19.518599
2020-12-17 13:00:00,21.327988
2020-12-17 14:00:00,22.072
2020-12-17 15:00:00,21.76123
2020-12-17 16:00:00,20.785221
2020-12-17 17:00:00,19.27695
2020-12-17 18:00:00,18.883362
2020-12-17 19:00:00,19.036247
2020-12-17 20:00:00,19.419535
2020-12-17 21:00:00,19.51566
2020-12-17 22:00:00,19.121319
2020-12-17 23:00:00,19.85199
2020-12-18 00:00:00,19.051105
2020-12-18 01:00:00,19.455725
2020-12-18 02:00:00,19.257452
2020-12-18 03:00:00,19.334692
2020-12-18 04:00:00,19.51996
2020-12-18 05:00:00,22.567398
2020-12-18 06:00:00,25.861563
2020-12-18 07:00:00,41.718346
2020-12-18 08:00:00,93.155624
2020-12-18 09:00:00,65.0499
2020-12-18 10:00:00,27.030876
2020-12-18 11:00:00,20.880268
2020-12-18 12:00:00,21.465082
2020-12-18 13:00:00,20.24768
2020-12-18 14:00:00,20.199936
2020-12-18 15:00:00,20.45013
2020-12-18 16:00:00,20.611423
2020-12-18 17:00:00,19.878689
2020-12-18 18:00:00,19.915585
2020-12-18 19:00:00,20.453535
2020-12-18 20:00:00,20.142277
2020-12-18 21:00:00,20.22961
2020-12-18 22:00:00,20.507599
2020-12-18 23:00:00,19.815174
2020-12-19 00:00:00,20.254768
2020-12-19 01:00:00,19.938904
2020-12-19 02:00:00,20.059526
2020-12-19 03:00:00,20.171736
2020-12-19 04:00:00,20.837555
2020-12-19 05:00:00,20.588177
2020-12-19 06:00:00,20.104378
2020-12-19 07:00:00,27.656399
2020-12-19 08:00:00,48.50316
2020-12-19 09:00:00,45.9918
2020-12-19 10:00:00,38.490982
2020-12-19 11:00:00,33.44129
2020-12-19 12:00:00,23.113865
2020-12-19 13:00:00,21.700123
2020-12-19 14:00:00,21.973888
2020-12-19 15:00:00,21.51672
2020-12-19 16:00:00,20.002697
2020-12-19 17:00:00,19.665142
2020-12-19 18:00:00,19.486582
2020-12-19 19:00:00,18.182032
2020-12-19 20:00:00,17.497066
2020-12-19 21:00:00,19.721405
2020-12-19 22:00:00,25.443983
2020-12-19 23:00:00,44.50362
2020-12-20 00:00:00,35.547592
2020-12-20 01:00:00,23.801132
2020-12-20 02:00:00,15.966609
2020-12-20 03:00:00,14.474012
2020-12-20 04:00:00,15.225336
2020-12-20 05:00:00,22.545506
2020-12-20 06:00:00,57.581375
2020-12-20 07:00:00,113.57379
2020-12-20 08:00:00,138.1222
2020-12-20 09:00:00,118.04518
2020-12-20 10:00:00,58.318638
2020-12-20 11:00:00,57.25469
2020-12-20 12:00:00,30.73626
2020-12-20 13:00:00,24.875486
2020-12-20 14:00:00,26.33004
2020-12-20 15:00:00,29.53914
2020-12-20 16:00:00,24.686897
2020-12-20 17:00:00,27.687183
2020-12-20 18:00:00,33.933617
2020-12-20 19:00:00,46.235527
2020-12-20 20:00:00,53.929993
2020-12-20 21:00:00,55.528046
2020-12-20 22:00:00,49.78882
2020-12-20 23:00:00,73.67365
2020-12-21 00:00:00,85.39336
2020-12-21 01:00:00,58.726944
2020-12-21 02:00:00,52.137093
2020-12-21 03:00:00,29.565958
2020-12-21 04:00:00,24.737324
2020-12-21 05:00:00,48.167545
2020-12-21 06:00:00,30.720627
2020-12-21 07:00:00,117.685684
2020-12-21 08:00:00,105.515
2020-12-21 09:00:00,119.38008
2020-12-21 10:00:00,88.96713
2020-12-21 11:00:00,43.62465
2020-12-21 12:00:00,32.14271
2020-12-21 13:00:00,31.989105
2020-12-21 14:00:00,31.924822
2020-12-21 15:00:00,31.405785
2020-12-21 16:00:00,30.212967
2020-12-21 17:00:00,30.738297
2020-12-21 18:00:00,29.885208
2020-12-21 19:00:00,28.839813
2020-12-21 20:00:00,27.828186
2020-12-21 21:00:00,28.536987
2020-12-21 22:00:00,28.55394
2020-12-21 23:00:00,28.505234
2020-12-22 00:00:00,29.11325
2020-12-22 01:00:00,30.123352
2020-12-22 02:00:00,29.185349
2020-12-22 03:00:00,27.71286
2020-12-22 04:00:00,28.694626
2020-12-22 05:00:00,33.127316
2020-12-22 06:00:00,65.25747
2020-12-22 07:00:00,74.49504
2020-12-22 08:00:00,81.16167
2020-12-22 09:00:00,76.282394
2020-12-22 10:00:00,46.282215
2020-12-22 11:00:00,41.238087
2020-12-22 12:00:00,32.482506
2020-12-22 13:00:00,31.029701
2020-12-22 14:00:00,27.617271
2020-12-22 15:00:00,25.018818
2020-12-22 16:00:00,24.51516
2020-12-22 17:00:00,24.415693
2020-12-22 18:00:00,24.016006
2020-12-22 19:00:00,23.566866
2020-12-22 20:00:00,23.393944
2020-12-22 21:00:00,23.353128
2020-12-22 22:00:00,20.77412
2020-12-22 23:00:00,22.446806
2020-12-23 00:00:00,22.903408
2020-12-23 01:00:00,22.870998
2020-12-23 02:00:00,22.929947
2020-12-23 03:00:00,23.321161
2020-12-23 04:00:00,23.702705
2020-12-23 05:00:00,23.984169
2020-12-23 06:00:00,26.630634
2020-12-23 07:00:00,55.684597
2020-12-23 08:00:00,70.135864
2020-12-23 09:00:00,66.81582
2020-12-23 10:00:00,28.85091
2020-12-23 11:00:00,20.936478
2020-12-23 12:00:00,21.64741
2020-12-23 13:00:00,22.37196
2020-12-23 14:00:00,23.192287
2020-12-23 15:00:00,23.16463
2020-12-23 16:00:00,23.278044
2020-12-23 17:00:00,23.114948
2020-12-23 18:00:00,23.313396
2020-12-23 19:00:00,23.409332
2020-12-23 20:00:00,23.560694
2020-12-23 21:00:00,23.620289
2020-12-23 22:00:00,24.694408
2020-12-23 23:00:00,23.63927
2020-12-24 00:00:00,23.183876
2020-12-24 01:00:00,23.964296
2020-12-24 02:00:00,23.88636
2020-12-24 03:00:00,24.72864
2020-12-24 04:00:00,24.473267
2020-12-24 05:00:00,25.780672
2020-12-24 06:00:00,66.420044
2020-12-24 07:00:00,82.316605
2020-12-24 08:00:00,87.70686
2020-12-24 09:00:00,77.34897
2020-12-24 10:00:00,38.808426
2020-12-24 11:00:00,27.135872
2020-12-24 12:00:00,26.443302
2020-12-24 13:00:00,28.726511
2020-12-24 14:00:00,25.423742
2020-12-24 15:00:00,24.498116
2020-12-24 16:00:00,23.796818
2020-12-24 17:00:00,21.567951
2020-12-24 18:00:00,21.99115
2020-12-24 19:00:00,22.241444
2020-12-24 20:00:00,21.795877
2020-12-24 21:00:00,22.440544
2020-12-24 22:00:00,20.102446
2020-12-24 23:00:00,21.632303
2020-12-25 00:00:00,20.108406
2020-12-25 01:00:00,19.988811
2020-12-25 02:00:00,19.662762
2020-12-25 03:00:00,19.653008
2020-12-25 04:00:00,20.85575
2020-12-25 05:00:00,23.064455
2020-12-25 06:00:00,28.24046
2020-12-25 07:00:00,62.289032
2020-12-25 08:00:00,73.31944
2020-12-25 09:00:00,73.1992
2020-12-25 10:00:00,39.13336
2020-12-25 11:00:00,21.355667
2020-12-25 12:00:00,24.112843
2020-12-25 13:00:00,24.584612
2020-12-25 14:00:00,24.624813
2020-12-25 15:00:00,24.504263
2020-12-25 16:00:00,23.831871
2020-12-25 17:00:00,22.81646
2020-12-25 18:00:00,20.211739
2020-12-25 19:00:00,19.442719
2020-12-25 20:00:00,21.592747
2020-12-25 21:00:00,25.00483
2020-12-25 22:00:00,24.505756
2020-12-25 23:00:00,25.697338
2020-12-26 00:00:00,26.964172
2020-12-26 01:00:00,29.9368
2020-12-26 02:00:00,44.027504
2020-12-26 03:00:00,51.1343
2020-12-26 04:00:00,54.11013
2020-12-26 05:00:00,59.139053
2020-12-26 06:00:00,66.84512
2020-12-26 07:00:00,82.30322
2020-12-26 08:00:00,119.684555
2020-12-26 09:00:00,129.16946
2020-12-26 10:00:00,77.466415
2020-12-26 11:00:00,64.37713
2020-12-26 12:00:00,56.13618
2020-12-26 13:00:00,55.505783
2020-12-26 14:00:00,58.111927
2020-12-26 15:00:00,54.596348
2020-12-26 16:00:00,40.619427
2020-12-26 17:00:00,31.13879
2020-12-26 18:00:00,23.77296
2020-12-26 19:00:00,20.527353
2020-12-26 20:00:00,20.34607
2020-12-26 21:00:00,22.040089
2020-12-26 22:00:00,20.369751
2020-12-26 23:00:00,21.781044
2020-12-27 00:00:00,22.386744
2020-12-27 01:00:00,22.80843
2020-12-27 02:00:00,23.387543
2020-12-27 03:00:00,24.468573
2020-12-27 04:00:00,28.244919
2020-12-27 05:00:00,60.51332
2020-12-27 06:00:00,99.62756
2020-12-27 07:00:00,134.23857
2020-12-27 08:00:00,139.42267
2020-12-27 09:00:00,118.98865
2020-12-27 10:00:00,72.31282
2020-12-27 11:00:00,45.288452
2020-12-27 12:00:00,32.81444
2020-12-27 13:00:00,28.61053
2020-12-27 14:00:00,26.24474
2020-12-27 15:00:00,25.713737
2020-12-27 16:00:00,25.690022
2020-12-27 17:00:00,24.85758
2020-12-27 18:00:00,24.35929
2020-12-27 19:00:00,24.848307
2020-12-27 20:00:00,25.153254
2020-12-27 21:00:00,26.399017
2020-12-27 22:00:00,29.752518
2020-12-27 23:00:00,26.270592
2020-12-28 00:00:00,26.464436
2020-12-28 01:00:00,25.053013
2020-12-28 02:00:00,23.753536
2020-12-28 03:00:00,23.026596
2020-12-28 04:00:00,21.82877
2020-12-28 05:00:00,24.831541
2020-12-28 06:00:00,46.28444
2020-12-28 07:00:00,73.63194
2020-12-28 08:00:00,80.906494
2020-12-28 09:00:00,81.99513
2020-12-28 10:00:00,54.123367
2020-12-28 11:00:00,30.72409
2020-12-28 12:00:00,26.144306
2020-12-28 13:00:00,26.18295
2020-12-28 14:00:00,25.939615
2020-12-28 15:00:00,24.332912
2020-12-28 16:00:00,22.717815
2020-12-28 17:00:00,22.171665
2020-12-28 18:00:00,22.464346
2020-12-28 19:00:00,23.375477
2020-12-28 20:00:00,24.139519
2020-12-28 21:00:00,25.090961
2020-12-28 22:00:00,24.520226
2020-12-28 23:00:00,21.85772
2020-12-29 00:00:00,22.913498
2020-12-29 01:00:00,25.50153
2020-12-29 02:00:00,24.532011
2020-12-29 03:00:00,24.877655
2020-12-29 04:00:00,28.326065
2020-12-29 05:00:00,33.947693
2020-12-29 06:00:00,54.782303
2020-12-29 07:00:00,69.456924
2020-12-29 08:00:00,77.40863
2020-12-29 09:00:00,81.12227
2020-12-29 10:00:00,47.871628
2020-12-29 11:00:00,19.418728
2020-12-29 12:00:00,18.100672
2020-12-29 13:00:00,21.357637
2020-12-29 14:00:00,20.914837
2020-12-29 15:00:00,21.456886
2020-12-29 16:00:00,21.059032
2020-12-29 17:00:00,22.53008
2020-12-29 18:00:00,20.091318
2020-12-29 19:00:00,18.011143
2020-12-29 20:00:00,17.796354
2020-12-29 21:00:00,18.231348
2020-12-29 22:00:00,16.857994
2020-12-29 23:00:00,19.533825
2020-12-30 00:00:00,18.73153
2020-12-30 01:00:00,19.704315
2020-12-30 02:00:00,19.07019
2020-12-30 03:00:00,20.73396
2020-12-30 04:00:00,22.512533
2020-12-30 05:00:00,27.276394
2020-12-30 06:00:00,71.77043
2020-12-30 07:00:00,106.1068
2020-12-30 08:00:00,147.7428
2020-12-30 09:00:00,148.19467
2020-12-30 10:00:00,65.50902
2020-12-30 11:00:00,55.7694
2020-12-30 12:00:00,30.585558
2020-12-30 13:00:00,28.70551
2020-12-30 14:00:00,27.700684
2020-12-30 15:00:00,28.982754
2020-12-30 16:00:00,28.894924
2020-12-30 17:00:00,28.161514
2020-12-30 18:00:00,28.4995
2020-12-30 19:00:00,30.408443
2020-12-30 20:00:00,31.554256
2020-12-30 21:00:00,32.56692
2020-12-30 22:00:00,26.98752
2020-12-30 23:00:00,31.02525
2020-12-31 00:00:00,30.083889
2020-12-31 01:00:00,30.497807
2020-12-31 02:00:00,28.072466
2020-12-31 03:00:00,30.376097
2020-12-31 04:00:00,37.22737
2020-12-31 05:00:00,53.70986
2020-12-31 06:00:00,79.09732
2020-12-31 07:00:00,96.10054
2020-12-31 08:00:00,113.730286
2020-12-31 09:00:00,104.79903
2020-12-31 10:00:00,72.1637
2020-12-31 11:00:00,41.547344
2020-12-31 12:00:00,28.974604
2020-12-31 13:00:00,31.116285
2020-12-31 14:00:00,29.940645
2020-12-31 15:00:00,31.315434
2020-12-31 16:00:00,33.743782
2020-12-31 17:00:00,40.978756
2020-12-31 18:00:00,44.888363
2020-12-31 19:00:00,43.925117
2020-12-31 20:00:00,40.99562
2020-12-31 21:00:00,43.780563
2020-12-31 22:00:00,24.405483
2020-12-31 23:00:00,26.491653
