valid_time,t2m,d2m,u10,v10
2020-01-01 00:00:00,265.7219,262.25357,0.24917603,3.548645
2020-01-01 01:00:00,265.21603,261.341,0.30393982,3.6483765
2020-01-01 02:00:00,265.11008,260.78125,0.24650574,3.772705
2020-01-01 03:00:00,264.81412,260.03864,0.1453247,3.829605
2020-01-01 04:00:00,265.51355,260.43848,0.23136902,3.6082306
2020-01-01 05:00:00,266.74664,261.0797,0.4090271,3.0364532
2020-01-01 06:00:00,270.17535,261.9504,0.7500458,2.1120605
2020-01-01 07:00:00,274.5,262.17444,0.6641846,1.5088654
2020-01-01 08:00:00,275.7269,262.8405,0.79893494,0.5122223
2020-01-01 09:00:00,276.02582,263.41187,0.78959656,0.39967346
2020-01-01 10:00:00,275.9395,263.31046,0.80488586,1.048233
2020-01-01 11:00:00,275.62912,262.60498,0.69540405,1.7181091
2020-01-01 12:00:00,272.68774,261.2282,0.52119446,2.267746
2020-01-01 13:00:00,269.523,259.52036,0.22042847,2.8467712
2020-01-01 14:00:00,266.6903,257.8957,0.028793335,3.368866
2020-01-01 15:00:00,264.8415,256.82916,-0.046188354,3.7431335
2020-01-01 16:00:00,263.9977,255.87549,-0.028808594,3.9991913
2020-01-01 17:00:00,263.7124,255.1344,0.025161743,4.253235
2020-01-01 18:00:00,263.58136,254.78815,0.1352539,4.479553
2020-01-01 19:00:00,262.80145,255.501,0.325531,5.0839233
2020-01-01 20:00:00,263.84265,255.65228,0.33647156,4.87648
2020-01-01 21:00:00,264.45013,255.80743,0.36458778,4.74411
2020-01-01 22:00:00,264.3504,255.17146,0.40995693,4.729904
2020-01-01 23:00:00,264.35657,254.87088,0.38224983,4.672241
2020-01-02 00:00:00,264.35593,254.86765,0.31937885,4.627884
2020-01-02 01:00:00,264.1972,254.51941,0.3169031,4.617111
2020-01-02 02:00:00,264.12885,254.44699,0.3456192,4.60968
2020-01-02 03:00:00,263.94034,254.0097,0.3344078,4.586502
2020-01-02 04:00:00,264.709,255.12648,0.31655502,4.30394
2020-01-02 05:00:00,266.12778,256.98004,0.36486626,3.8254852
2020-01-02 06:00:00,268.59924,257.55853,0.55285835,3.1990204
2020-01-02 07:00:00,274.97845,261.90878,0.8102684,1.9334259
2020-01-02 08:00:00,277.98114,261.17746,1.1175289,0.08805847
2020-01-02 09:00:00,277.83392,261.6991,0.9693165,-0.22441101
2020-01-02 10:00:00,277.32,262.37457,0.9964943,0.08276367
2020-01-02 11:00:00,276.76767,262.178,1.1169739,0.82107544
2020-01-02 12:00:00,276.32678,261.40247,0.78222656,1.3570404
2020-01-02 13:00:00,275.99316,260.96338,0.3545761,1.5422516
2020-01-02 14:00:00,275.69165,260.46765,0.3373413,1.4724731
2020-01-02 15:00:00,275.17853,259.9115,0.754303,1.4483643
2020-01-02 16:00:00,274.8902,259.28897,0.6286659,1.4033508
2020-01-02 17:00:00,274.70236,258.93427,0.060995102,1.2914734
2020-01-02 18:00:00,274.47714,259.17615,-0.19556046,1.1529541
2020-01-02 19:00:00,274.44785,257.8136,0.07469177,1.6551208
2020-01-02 20:00:00,274.25848,257.85266,0.026809692,1.7120667
2020-01-02 21:00:00,274.18283,257.8043,0.2013092,1.4163055
2020-01-02 22:00:00,273.91754,257.89978,0.36398315,1.3321686
2020-01-02 23:00:00,273.64447,257.62634,0.5798187,1.2301788
2020-01-03 00:00:00,273.51678,257.1589,0.9664917,0.9950409
2020-01-03 01:00:00,273.25763,256.389,0.76626587,1.0068512
2020-01-03 02:00:00,272.74377,255.40756,-0.030014038,1.3902893
2020-01-03 03:00:00,272.41083,255.23851,-0.6470642,1.5613708
2020-01-03 04:00:00,272.4886,256.11945,-0.8476715,1.3896179
2020-01-03 05:00:00,272.81012,258.2735,-0.63531494,0.82144165
2020-01-03 06:00:00,273.24152,261.13025,-0.53048706,0.05091858
2020-01-03 07:00:00,272.92267,262.9314,-0.5162964,-0.50639343
2020-01-03 08:00:00,273.2556,264.28888,-0.60017395,-0.578598
2020-01-03 09:00:00,273.4173,265.45535,-0.6094818,-0.5874634
2020-01-03 10:00:00,273.1493,266.21216,-0.4295225,-0.32510376
2020-01-03 11:00:00,272.8227,266.5265,-0.56328773,0.65242004
2020-01-03 12:00:00,271.78894,265.83655,-0.62992287,1.7771606
2020-01-03 13:00:00,266.7077,262.4057,-0.5359373,2.677414
2020-01-03 14:00:00,264.40985,259.8406,-0.33117676,3.086853
2020-01-03 15:00:00,262.7198,258.6184,-0.02607727,3.325409
2020-01-03 16:00:00,262.08844,258.23764,0.09237671,3.4112396
2020-01-03 17:00:00,261.76517,257.93637,0.07209778,3.5324707
2020-01-03 18:00:00,261.51434,257.7139,0.0655365,3.6016083
2020-01-03 19:00:00,263.57208,259.66986,0.08557129,3.181488
2020-01-03 20:00:00,263.04877,259.31738,0.1433258,3.1800537
2020-01-03 21:00:00,262.9746,259.25513,0.089782715,3.1707458
2020-01-03 22:00:00,262.81424,259.13052,0.10397339,3.186905
2020-01-03 23:00:00,262.73865,259.1303,0.103271484,3.184494
2020-01-04 00:00:00,262.761,259.31973,0.056411743,3.177887
2020-01-04 01:00:00,262.62396,259.37683,0.010910034,3.2346954
2020-01-04 02:00:00,262.33282,259.15143,0.047729492,3.298996
2020-01-04 03:00:00,261.59723,258.6776,0.07925415,3.4973297
2020-01-04 04:00:00,262.32556,259.29108,0.12495422,3.2553864
2020-01-04 05:00:00,264.88922,261.22736,0.26205444,2.7099762
2020-01-04 06:00:00,270.94824,263.90387,0.37268066,1.7495422
2020-01-04 07:00:00,273.5214,264.6208,0.61898804,0.622406
2020-01-04 08:00:00,273.9571,266.0357,0.6150665,0.014282227
2020-01-04 09:00:00,273.85498,266.97052,0.6057129,0.2854004
2020-01-04 10:00:00,273.54587,267.05096,0.59439087,1.1912079
2020-01-04 11:00:00,272.26776,265.8699,0.5529938,1.8214111
2020-01-04 12:00:00,270.62415,264.0357,0.30421448,2.206915
2020-01-04 13:00:00,267.068,261.5188,-0.18614197,2.832035
2020-01-04 14:00:00,263.79346,259.7285,-0.3127594,3.5205154
2020-01-04 15:00:00,262.82797,259.27173,-0.16358948,3.872116
2020-01-04 16:00:00,262.57318,258.82172,-0.016052246,4.04834
2020-01-04 17:00:00,262.7232,258.7613,0.25634766,4.0768433
2020-01-04 18:00:00,263.13803,259.03046,0.42378235,3.9970245
2020-01-04 19:00:00,262.87476,258.73914,0.33151245,4.233883
2020-01-04 20:00:00,263.2782,258.94116,0.32565308,4.065441
2020-01-04 21:00:00,263.4639,258.87476,0.27764893,4.0146427
2020-01-04 22:00:00,263.3988,258.5703,0.28736877,3.9570074
2020-01-04 23:00:00,263.5703,258.59375,0.3592291,3.8632812
2020-01-05 00:00:00,263.5855,258.49048,0.34276104,3.8222046
2020-01-05 01:00:00,263.37534,258.19968,0.2708826,3.8319702
2020-01-05 02:00:00,263.37906,258.11945,0.17490959,3.854889
2020-01-05 03:00:00,263.10715,257.8205,0.099393845,3.9296188
2020-01-05 04:00:00,263.599,258.54605,0.117684364,3.7248898
2020-01-05 05:00:00,264.91858,259.85294,0.22833252,3.3143024
2020-01-05 06:00:00,268.80057,261.39374,0.27482605,2.5778503
2020-01-05 07:00:00,274.8178,261.5093,0.7080231,1.4783325
2020-01-05 08:00:00,276.31012,261.3387,0.9882965,-0.10203552
2020-01-05 09:00:00,276.57727,262.28644,0.9743042,-0.30171204
2020-01-05 10:00:00,276.29767,262.60486,1.1374359,-0.030929565
2020-01-05 11:00:00,275.75537,262.11038,0.94685364,0.8651428
2020-01-05 12:00:00,275.12274,260.96826,0.35359192,2.0355835
2020-01-05 13:00:00,269.36255,257.97235,-0.100128174,2.8565216
2020-01-05 14:00:00,265.5676,256.07172,-0.13332939,3.4148712
2020-01-05 15:00:00,262.5245,255.73674,0.016525269,3.8153381
2020-01-05 16:00:00,261.36453,255.87042,0.08451462,3.9810333
2020-01-05 17:00:00,261.108,255.64499,0.11958313,4.0516357
2020-01-05 18:00:00,261.01135,255.36403,0.14386177,4.062973
2020-01-05 19:00:00,260.7677,255.11348,0.3057661,4.0814514
2020-01-05 20:00:00,260.84677,254.8737,0.28582764,3.9848175
2020-01-05 21:00:00,260.81317,254.66345,0.2450676,3.9639893
2020-01-05 22:00:00,260.6668,254.40054,0.14559746,3.9557495
2020-01-05 23:00:00,260.48636,254.17618,0.0916729,4.003952
2020-01-06 00:00:00,260.52133,254.31335,0.10870838,4.006912
2020-01-06 01:00:00,260.7314,254.51573,0.13317013,3.959198
2020-01-06 02:00:00,261.10104,254.79344,0.15547466,3.880249
2020-01-06 03:00:00,261.61328,255.3161,0.095757484,3.807907
2020-01-06 04:00:00,263.57632,257.5495,0.08409977,3.4482422
2020-01-06 05:00:00,266.84644,259.99133,0.09561348,2.8912811
2020-01-06 06:00:00,274.08307,261.1255,0.08457756,1.9311371
2020-01-06 07:00:00,275.98608,258.58698,0.23918152,0.6582947
2020-01-06 08:00:00,276.42578,258.4928,0.5644684,-0.33122253
2020-01-06 09:00:00,276.39484,259.52966,0.9588623,-0.32862854
2020-01-06 10:00:00,275.8065,260.29895,1.506012,-0.16944885
2020-01-06 11:00:00,274.02274,261.09073,2.026291,0.21229553
2020-01-06 12:00:00,271.41443,262.01514,2.1174011,0.7814789
2020-01-06 13:00:00,272.39178,263.27826,1.631073,1.0428925
2020-01-06 14:00:00,272.95612,264.2719,1.2515869,0.26200867
2020-01-06 15:00:00,271.9912,265.089,0.5786743,0.17414856
2020-01-06 16:00:00,271.49097,265.5475,-0.08378601,0.53182983
2020-01-06 17:00:00,270.8681,265.34448,-0.7601471,1.05719
2020-01-06 18:00:00,270.44003,264.91165,-1.037735,1.4762115
2020-01-06 19:00:00,270.6557,265.30066,-0.5331421,1.1478577
2020-01-06 20:00:00,270.22864,265.25946,-0.7760773,1.6158752
2020-01-06 21:00:00,270.15106,265.2912,-0.8614807,1.5139923
2020-01-06 22:00:00,269.9528,265.78418,-0.6701355,1.4045258
2020-01-06 23:00:00,269.647,266.2677,-0.30734253,1.2953796
2020-01-07 00:00:00,269.27747,266.64972,-0.0087890625,1.427063
2020-01-07 01:00:00,268.96902,266.7541,0.27505493,1.375
2020-01-07 02:00:00,268.89758,267.00058,0.45959473,1.2251129
2020-01-07 03:00:00,268.88895,267.28464,0.5279236,0.99076843
2020-01-07 04:00:00,268.93768,267.58823,0.63757324,0.7303009
2020-01-07 05:00:00,269.28235,267.88986,0.82666016,0.18544006
2020-01-07 06:00:00,269.44263,268.12122,0.85040283,-0.6772766
2020-01-07 07:00:00,269.37427,267.92474,0.5844269,-0.98942566
2020-01-07 08:00:00,269.36417,267.72406,0.74513245,-1.1342468
2020-01-07 09:00:00,269.29608,267.61093,0.7892914,-1.183075
2020-01-07 10:00:00,269.38776,267.7492,0.9583435,-0.9082947
2020-01-07 11:00:00,269.1078,267.7044,1.2964478,-0.42016602
2020-01-07 12:00:00,268.38403,267.2861,1.6240845,0.06498718
2020-01-07 13:00:00,268.06476,266.89862,1.6912689,0.28909302
2020-01-07 14:00:00,268.1145,266.72705,1.6214752,0.45481873
2020-01-07 15:00:00,268.04102,266.49176,1.6143646,0.7082672
2020-01-07 16:00:00,267.8805,266.16605,1.672699,0.77030945
2020-01-07 17:00:00,267.7248,265.8089,1.7038879,0.8095093
2020-01-07 18:00:00,266.78946,264.88373,1.7927551,0.92684937
2020-01-07 19:00:00,265.24292,263.73077,2.092514,0.8998108
2020-01-07 20:00:00,264.8208,263.27063,2.0601501,1.0028229
2020-01-07 21:00:00,265.28503,263.38147,1.9500046,0.9878845
2020-01-07 22:00:00,266.7747,264.2588,1.7695312,0.83869934
2020-01-07 23:00:00,266.82452,264.39343,1.7175255,0.6326294
2020-01-08 00:00:00,266.5134,264.31906,1.7272186,0.68489075
2020-01-08 01:00:00,266.42294,264.33582,1.7104034,0.71842957
2020-01-08 02:00:00,266.5054,264.43097,1.6526031,0.6552887
2020-01-08 03:00:00,266.9151,264.80585,1.4512024,0.55589294
2020-01-08 04:00:00,267.3308,265.08224,1.1909637,0.14819336
2020-01-08 05:00:00,267.50473,265.4706,0.9145355,-0.3197174
2020-01-08 06:00:00,268.076,265.98523,0.6244507,-0.59132385
2020-01-08 07:00:00,268.0833,265.54272,1.2236786,-1.1428223
2020-01-08 08:00:00,268.09616,265.6659,1.2929688,-1.2854614
2020-01-08 09:00:00,268.10187,265.73163,1.2706299,-1.2897491
2020-01-08 10:00:00,268.0443,265.80994,1.2611847,-1.1215363
2020-01-08 11:00:00,267.8899,266.13153,1.3114014,-0.7537689
2020-01-08 12:00:00,267.4479,266.59515,1.4516449,-0.46733093
2020-01-08 13:00:00,267.02637,266.71594,1.6331024,-0.17051697
2020-01-08 14:00:00,266.76428,266.42365,1.6350708,0.009521484
2020-01-08 15:00:00,266.2057,265.8496,1.7492218,0.04496765
2020-01-08 16:00:00,266.03278,265.6503,1.6025696,-0.07394409
2020-01-08 17:00:00,266.35992,265.82208,1.2660675,0.14889526
2020-01-08 18:00:00,266.37833,265.57947,0.9555359,0.33921814
2020-01-08 19:00:00,266.4645,263.9681,0.95555115,1.210846
2020-01-08 20:00:00,266.52594,264.03528,1.110611,0.92388916
2020-01-08 21:00:00,266.379,263.69244,1.2038422,0.9853821
2020-01-08 22:00:00,266.38434,263.38055,1.0011902,0.9128876
2020-01-08 23:00:00,266.34427,263.29242,0.7168884,0.8112488
2020-01-09 00:00:00,266.32425,262.90527,0.4451599,0.9499817
2020-01-09 01:00:00,266.2414,262.38678,0.2718506,1.056488
2020-01-09 02:00:00,266.27527,261.97592,0.24746704,1.2817078
2020-01-09 03:00:00,266.22815,261.6618,0.27885437,1.4997711
2020-01-09 04:00:00,266.57123,261.59552,0.29737854,1.5048523
2020-01-09 05:00:00,267.2895,261.42825,0.32769775,1.1843872
2020-01-09 06:00:00,268.19397,261.56586,0.43247986,0.3539276
2020-01-09 07:00:00,269.31433,260.00708,0.3890381,-0.39146423
2020-01-09 08:00:00,269.8461,260.7951,0.5337982,-0.28482056
2020-01-09 09:00:00,270.42474,261.33655,0.61491394,-0.39274597
2020-01-09 10:00:00,270.49454,261.58563,0.7117157,-0.19087219
2020-01-09 11:00:00,270.25833,261.59167,0.8826904,0.25634766
2020-01-09 12:00:00,270.049,261.29886,0.805542,0.90341187
2020-01-09 13:00:00,269.92224,260.51346,0.44984436,1.5263977
2020-01-09 14:00:00,269.95007,259.69342,0.046203613,1.766922
2020-01-09 15:00:00,269.5689,258.7751,-0.24006653,1.9547272
2020-01-09 16:00:00,268.70547,257.96094,-0.2952118,2.1584473
2020-01-09 17:00:00,266.6311,256.61725,-0.10324097,2.4966278
2020-01-09 18:00:00,265.4862,255.4747,-0.02670288,2.688507
2020-01-09 19:00:00,268.81717,255.46896,0.084991455,2.2142944
2020-01-09 20:00:00,268.5494,255.1135,-0.00579834,2.246231
2020-01-09 21:00:00,265.87128,253.98824,-0.11566162,2.6505585
2020-01-09 22:00:00,264.58655,253.5124,-0.2179718,2.9516754
2020-01-09 23:00:00,264.3121,253.44252,-0.27822876,3.0469055
2020-01-10 00:00:00,263.55725,253.37387,-0.30296326,3.2718353
2020-01-10 01:00:00,263.02213,253.56416,-0.27420044,3.5411835
2020-01-10 02:00:00,262.354,253.74815,-0.19371033,3.7286835
2020-01-10 03:00:00,262.34598,254.66779,-0.1312561,3.7770844
2020-01-10 04:00:00,263.66684,256.44885,-0.06362915,3.5373688
2020-01-10 05:00:00,267.55365,258.6632,0.011672974,2.8982544
2020-01-10 06:00:00,275.1717,259.64313,0.011993408,1.7385559
2020-01-10 07:00:00,275.7854,261.36255,0.14909363,1.5899506
2020-01-10 08:00:00,276.66663,261.2072,0.29058838,0.39448547
2020-01-10 09:00:00,276.9137,261.51703,0.41540527,0.3322754
2020-01-10 10:00:00,276.96063,261.6991,0.41870117,1.0264587
2020-01-10 11:00:00,276.7435,261.32993,0.0914917,1.6074982
2020-01-10 12:00:00,275.91382,260.5529,-0.19033813,2.0051422
2020-01-10 13:00:00,271.8861,259.4558,-0.38407898,2.537094
2020-01-10 14:00:00,269.0547,259.38553,-0.42321777,3.0033264
2020-01-10 15:00:00,265.75348,259.02527,-0.35749817,3.649353
2020-01-10 16:00:00,263.8224,259.11502,-0.038345337,3.9861145
2020-01-10 17:00:00,263.46622,259.01764,0.12149048,4.1256104
2020-01-10 18:00:00,263.39447,258.91846,0.11859131,4.1788025
2020-01-10 19:00:00,263.44647,258.51025,0.060836792,4.6164703
2020-01-10 20:00:00,263.64008,258.58588,0.04260254,4.556427
2020-01-10 21:00:00,263.5114,258.40057,0.16864014,4.6027374
2020-01-10 22:00:00,263.49048,258.4215,0.2436676,4.5755615
2020-01-10 23:00:00,263.5614,258.58102,0.2294159,4.4829407
2020-01-11 00:00:00,263.56445,258.5476,0.19055176,4.383896
2020-01-11 01:00:00,263.45386,258.4884,0.0665741,4.3763885
2020-01-11 02:00:00,263.399,258.5476,-0.04623413,4.401245
2020-01-11 03:00:00,263.39807,258.61273,-0.055755615,4.454666
2020-01-11 04:00:00,264.4425,259.62872,0.038375854,4.1926117
2020-01-11 05:00:00,265.9732,261.05826,0.19120789,3.6728363
2020-01-11 06:00:00,269.0597,262.72107,0.4035797,2.9869232
2020-01-11 07:00:00,271.65024,264.69153,0.55581665,2.5613708
2020-01-11 08:00:00,278.10092,264.78076,0.8586273,1.4104156
2020-01-11 09:00:00,278.96844,264.34674,1.2168121,0.20301819
2020-01-11 10:00:00,278.5852,264.41437,1.5011902,-0.05215454
2020-01-11 11:00:00,277.99942,264.25555,1.4252472,0.49986267
2020-01-11 12:00:00,277.38696,263.87616,1.0681915,1.1118622
2020-01-11 13:00:00,277.00388,263.49573,0.94940186,1.2594147
2020-01-11 14:00:00,276.66406,263.2698,0.7596283,1.4077301
2020-01-11 15:00:00,276.53107,263.1955,0.105041504,1.1679077
2020-01-11 16:00:00,276.28137,263.22467,-0.43299866,0.7538452
2020-01-11 17:00:00,275.82788,263.3061,-0.73979187,0.8656311
2020-01-11 18:00:00,275.3721,263.2718,-0.3681183,0.8203888
2020-01-11 19:00:00,275.83688,261.93848,0.0317688,1.2206116
2020-01-11 20:00:00,275.59564,261.75537,-0.10418701,1.4154053
2020-01-11 21:00:00,275.51004,261.75092,-0.060028076,0.9853668
2020-01-11 22:00:00,275.4225,261.78787,0.055389404,1.0288239
2020-01-11 23:00:00,275.36722,261.9171,-0.1466217,0.8128967
2020-01-12 00:00:00,275.11148,262.10907,-0.5392761,0.86839294
2020-01-12 01:00:00,274.39264,261.9257,-0.9341278,1.0710754
2020-01-12 02:00:00,273.9013,262.02444,-0.87901306,1.3516693
2020-01-12 03:00:00,273.7284,262.09088,-0.5501404,1.2294159
2020-01-12 04:00:00,273.78442,262.16486,-0.58995056,1.0834961
2020-01-12 05:00:00,274.24548,262.37137,-0.12916565,0.57528687
2020-01-12 06:00:00,274.70065,262.56177,0.47659302,-0.35514832
2020-01-12 07:00:00,275.75073,263.9118,0.7448549,-0.82507324
2020-01-12 08:00:00,275.93292,264.55988,0.80816936,-0.85409546
2020-01-12 09:00:00,275.74228,264.96002,0.81906414,-0.92948914
2020-01-12 10:00:00,275.41266,265.168,1.032896,-0.6678314
2020-01-12 11:00:00,274.88013,265.34595,1.3075104,-0.2578888
2020-01-12 12:00:00,274.34186,265.29883,1.3898048,0.42643738
2020-01-12 13:00:00,274.09546,265.2964,1.2341309,0.41629028
2020-01-12 14:00:00,273.7735,265.48096,1.2173615,0.37202454
2020-01-12 15:00:00,273.62964,265.6081,0.9048462,0.6032257
2020-01-12 16:00:00,273.58997,265.68817,0.4104309,0.29441833
2020-01-12 17:00:00,273.20422,265.9395,0.15481567,0.21121216
2020-01-12 18:00:00,272.92975,266.22906,0.05567932,0.33702087
2020-01-12 19:00:00,273.28052,265.70105,0.99453735,0.16821289
2020-01-12 20:00:00,272.81735,266.04346,0.9176636,0.07875061
2020-01-12 21:00:00,272.40466,266.45508,0.7782135,0.28964233
2020-01-12 22:00:00,271.86462,266.8968,0.8744049,-0.23001194
2020-01-12 23:00:00,271.1892,267.32184,1.190918,0.01637268
2020-01-13 00:00:00,270.93433,267.64636,1.0823059,0.34370422
2020-01-13 01:00:00,270.6565,267.69876,0.6753998,0.4335022
2020-01-13 02:00:00,270.75006,267.93793,0.32832336,0.37141418
2020-01-13 03:00:00,270.72076,268.2091,0.26391602,0.25578308
2020-01-13 04:00:00,270.91382,268.4828,0.29855347,0.17216492
2020-01-13 05:00:00,271.11533,268.96344,0.40559387,-0.37208557
2020-01-13 06:00:00,271.3086,269.55008,0.42518616,-0.87194824
2020-01-13 07:00:00,269.858,268.9221,0.8047333,-1.4175873
2020-01-13 08:00:00,269.8153,269.0067,0.797287,-1.7079773
2020-01-13 09:00:00,269.6286,268.91837,0.7172699,-1.5075989
2020-01-13 10:00:00,269.37115,268.7877,0.63845825,-1.4061127
2020-01-13 11:00:00,269.29504,268.82,0.68569946,-1.1557922
2020-01-13 12:00:00,269.50854,269.09958,0.7523041,-0.8960724
2020-01-13 13:00:00,268.54553,268.2171,0.8339844,-1.1389198
2020-01-13 14:00:00,268.5395,268.03424,0.7684784,-0.9931154
2020-01-13 15:00:00,268.02057,267.4894,0.70988464,-1.1941471
2020-01-13 16:00:00,267.96582,267.3393,0.68019104,-1.0899563
2020-01-13 17:00:00,267.85242,267.24408,0.4549713,-0.9771023
2020-01-13 18:00:00,267.43683,266.86746,0.4513092,-1.0552921
2020-01-13 19:00:00,267.40234,266.82257,0.5137634,-0.46137142
2020-01-13 20:00:00,267.17572,266.5825,0.6574249,-0.3680477
2020-01-13 21:00:00,267.0188,266.40558,0.76704407,-0.06474304
2020-01-13 22:00:00,266.90524,266.13556,0.8548279,-0.36645508
2020-01-13 23:00:00,266.41913,265.67648,0.90327454,-0.5134125
2020-01-14 00:00:00,265.65295,265.03772,0.95558167,0.41738892
2020-01-14 01:00:00,266.05838,265.1355,0.7889252,0.81085205
2020-01-14 02:00:00,266.492,265.05145,0.48002625,0.55747986
2020-01-14 03:00:00,266.73102,264.96533,0.2781372,0.52853394
2020-01-14 04:00:00,267.2398,264.87158,0.45483398,0.42860413
2020-01-14 05:00:00,267.80054,264.856,0.67588806,-0.0062713623
2020-01-14 06:00:00,268.49908,265.015,0.7632446,-0.7140808
2020-01-14 07:00:00,268.42593,265.37158,0.6446533,-1.2512665
2020-01-14 08:00:00,268.92657,265.6668,0.6158905,-1.2924347
2020-01-14 09:00:00,268.8452,265.5509,0.78974915,-1.3075714
2020-01-14 10:00:00,268.91797,265.5388,1.0052795,-1.1940765
2020-01-14 11:00:00,268.36877,265.2762,1.3843079,-0.9634552
2020-01-14 12:00:00,266.91797,264.67993,1.8401642,-0.35577393
2020-01-14 13:00:00,265.61887,264.0481,1.9873047,0.4269104
2020-01-14 14:00:00,265.7553,264.159,1.7637024,0.72769165
2020-01-14 15:00:00,266.42352,264.61505,1.4520416,0.96572876
2020-01-14 16:00:00,266.9048,264.61063,1.1961212,1.1797638
2020-01-14 17:00:00,267.53433,264.5849,0.95584106,0.94325256
2020-01-14 18:00:00,267.54547,264.33893,0.85375977,0.8805847
2020-01-14 19:00:00,268.09863,264.87152,0.466568,0.6394043
2020-01-14 20:00:00,267.89728,264.55902,0.659729,1.1104736
2020-01-14 21:00:00,267.84933,264.16565,0.84210205,1.0494843
2020-01-14 22:00:00,267.64044,263.98312,0.9723053,1.025711
2020-01-14 23:00:00,267.4037,263.59857,0.8068695,1.3446808
2020-01-15 00:00:00,267.54254,263.13748,0.5618286,1.4306793
2020-01-15 01:00:00,268.1922,263.36505,0.644104,1.3757172
2020-01-15 02:00:00,268.31042,262.9981,0.7659302,1.4290009
2020-01-15 03:00:00,268.33228,262.6126,0.57128906,1.593338
2020-01-15 04:00:00,268.78503,262.38113,0.20819092,1.6551971
2020-01-15 05:00:00,269.8658,262.94376,0.08570862,0.6570587
2020-01-15 06:00:00,270.15646,263.7052,0.1739502,-0.009124756
2020-01-15 07:00:00,270.7132,265.2709,0.43188477,-0.6627197
2020-01-15 08:00:00,270.96808,265.97296,0.37501526,-0.812088
2020-01-15 09:00:00,271.06674,266.4279,0.2496643,-0.9995842
2020-01-15 10:00:00,270.8572,266.72095,0.16046143,-0.8917599
2020-01-15 11:00:00,270.31256,267.1991,0.08277893,-0.4008417
2020-01-15 12:00:00,269.98248,267.94275,-0.4962921,0.27700043
2020-01-15 13:00:00,267.37674,266.96393,-1.0400085,1.5176697
2020-01-15 14:00:00,267.44348,266.9273,-1.256012,1.4615173
2020-01-15 15:00:00,266.8797,266.44672,-1.2786102,1.5129719
2020-01-15 16:00:00,266.7281,266.32257,-1.6660461,1.090105
2020-01-15 17:00:00,267.9099,267.35938,-1.6473389,0.42252922
2020-01-15 18:00:00,267.7701,267.22534,-1.5184937,0.7253895
2020-01-15 19:00:00,268.36017,267.8043,-1.3266754,0.51086617
2020-01-15 20:00:00,268.12537,267.61255,-1.4481506,0.40400887
2020-01-15 21:00:00,267.83932,267.30182,-1.4541931,0.63290596
2020-01-15 22:00:00,267.70233,266.93954,-1.3753357,0.98729324
2020-01-15 23:00:00,266.93787,266.1496,-1.5417175,0.91350746
2020-01-16 00:00:00,267.05228,266.11194,-1.5635376,0.8039818
2020-01-16 01:00:00,266.60413,265.6359,-1.5572662,0.9247761
2020-01-16 02:00:00,267.0096,265.79877,-1.4483185,0.9110584
2020-01-16 03:00:00,267.40674,266.0219,-1.195816,0.8087292
2020-01-16 04:00:00,267.53537,265.95938,-0.81211853,0.7569952
2020-01-16 05:00:00,267.98834,266.14398,-0.35276794,0.26013947
2020-01-16 06:00:00,268.31287,266.38226,-0.045333862,-0.42257404
2020-01-16 07:00:00,268.22485,266.5036,0.2384491,-1.1565971
2020-01-16 08:00:00,268.11713,266.44232,0.65989685,-1.248312
2020-01-16 09:00:00,267.88794,266.36194,0.92144775,-1.3158779
2020-01-16 10:00:00,267.7224,266.46423,1.1045837,-1.0798664
2020-01-16 11:00:00,267.53937,266.6949,1.2234802,-0.5794697
2020-01-16 12:00:00,267.48517,266.83234,1.2652435,0.049999237
2020-01-16 13:00:00,267.05487,266.37564,1.2089539,0.5630646
2020-01-16 14:00:00,266.818,265.86725,1.0992126,1.0672455
2020-01-16 15:00:00,266.69113,265.03497,0.9273987,1.4263611
2020-01-16 16:00:00,266.79028,264.4037,0.72950745,1.5078945
2020-01-16 17:00:00,266.0586,263.4284,0.67993164,1.7487583
2020-01-16 18:00:00,263.9184,261.43942,0.59160614,2.1234283
2020-01-16 19:00:00,265.1672,262.5666,0.59036255,1.9494038
2020-01-16 20:00:00,264.831,261.80048,0.7038021,2.0163403
2020-01-16 21:00:00,262.46756,259.55353,0.5923853,2.5474186
2020-01-16 22:00:00,260.36847,257.11865,0.32209587,3.1184921
2020-01-16 23:00:00,258.55612,254.83632,0.32467842,3.6106682
2020-01-17 00:00:00,258.1742,253.68282,0.3486538,4.2021112
2020-01-17 01:00:00,258.1339,252.83594,0.27710438,4.5251904
2020-01-17 02:00:00,258.25912,252.49142,0.25220108,4.6341267
2020-01-17 03:00:00,258.567,252.38396,0.28546333,4.6592712
2020-01-17 04:00:00,259.72577,253.27345,0.33713722,4.4324064
2020-01-17 05:00:00,261.24005,254.48325,0.3759365,4.0752716
2020-01-17 06:00:00,262.49814,255.52788,0.34366417,3.610674
2020-01-17 07:00:00,270.53763,254.29141,0.5101185,1.5843239
2020-01-17 08:00:00,271.7881,255.21886,0.77965546,0.08750343
2020-01-17 09:00:00,271.9618,256.6419,0.7389431,-0.37528992
2020-01-17 10:00:00,271.8344,257.0791,0.76655865,0.1026001
2020-01-17 11:00:00,271.61246,257.09845,0.88191414,0.9259491
2020-01-17 12:00:00,270.99115,256.53162,0.77756596,1.782486
2020-01-17 13:00:00,268.65558,254.935,0.4529953,2.3561401
2020-01-17 14:00:00,266.20547,253.15019,0.11204147,2.7234497
2020-01-17 15:00:00,264.36285,251.72942,0.031187057,2.9918518
2020-01-17 16:00:00,264.60168,251.05058,0.13619614,2.9112854
2020-01-17 17:00:00,265.5932,250.70467,0.1886673,2.7195892
2020-01-17 18:00:00,265.75296,250.23947,0.17212105,2.7003937
2020-01-17 19:00:00,262.7641,247.33452,0.13549328,3.3054504
2020-01-17 20:00:00,264.33154,247.19217,0.13046455,2.999878
2020-01-17 21:00:00,265.59888,247.16594,0.18738747,2.7993317
2020-01-17 22:00:00,266.23114,247.1938,0.22506142,2.7416687
2020-01-17 23:00:00,266.46417,247.05031,0.16749287,2.7357635
2020-01-18 00:00:00,266.3606,246.82034,0.07635021,2.7737122
2020-01-18 01:00:00,265.74405,246.21092,0.034576416,2.8230438
2020-01-18 02:00:00,265.49847,245.89626,0.069107056,2.8696747
2020-01-18 03:00:00,265.24323,245.61612,0.11781311,2.9286346
2020-01-18 04:00:00,267.42484,245.74222,0.2689972,2.632965
2020-01-18 05:00:00,271.66162,245.99379,0.5485382,2.0618896
2020-01-18 06:00:00,272.37753,247.69916,0.9303131,1.631897
2020-01-18 07:00:00,273.90442,248.81017,1.0901031,0.96980286
2020-01-18 08:00:00,274.08905,251.23062,1.3747864,0.479187
2020-01-18 09:00:00,274.1853,253.22858,1.5530701,0.57780457
2020-01-18 10:00:00,273.8513,254.30878,1.6252594,0.837163
2020-01-18 11:00:00,273.005,254.75873,1.6177368,1.3699408
2020-01-18 12:00:00,272.89325,254.52776,1.2805023,1.8202572
2020-01-18 13:00:00,271.3567,253.63622,0.618515,2.3793182
2020-01-18 14:00:00,270.09967,252.51479,0.0592041,2.6434326
2020-01-18 15:00:00,269.8245,251.641,-0.057174683,2.699585
2020-01-18 16:00:00,270.45618,251.04678,0.018447876,2.6285858
2020-01-18 17:00:00,270.12677,250.3524,0.019592285,2.6645813
2020-01-18 18:00:00,268.82227,249.61075,0.009063721,2.8192596
2020-01-18 19:00:00,264.7721,247.82684,0.22665405,3.3972015
2020-01-18 20:00:00,264.89734,247.46623,0.12623596,3.4075775
2020-01-18 21:00:00,264.72192,246.89403,0.055404663,3.502119
2020-01-18 22:00:00,264.76102,246.40895,0.08518982,3.5543118
2020-01-18 23:00:00,265.2871,246.15367,0.15562439,3.4983711
2020-01-19 00:00:00,266.22888,245.78955,0.16705322,3.3669052
2020-01-19 01:00:00,267.8537,245.43925,0.20690918,3.1772003
2020-01-19 02:00:00,268.64233,244.99573,0.16017151,3.0894928
2020-01-19 03:00:00,267.73114,245.14674,-0.14866638,3.2600708
2020-01-19 04:00:00,267.97305,246.1921,-0.41513062,3.2582703
2020-01-19 05:00:00,272.1112,246.88152,-0.17306519,2.6791382
2020-01-19 06:00:00,276.48297,247.01968,0.46585083,1.5722046
2020-01-19 07:00:00,276.92157,253.5144,0.78808594,1.6368256
2020-01-19 08:00:00,277.66104,253.51776,1.0952454,-0.069028854
2020-01-19 09:00:00,277.3235,254.6879,0.9888458,-0.2106266
2020-01-19 10:00:00,276.88016,255.54591,0.64019775,0.34488773
2020-01-19 11:00:00,276.35394,255.94208,0.94763184,0.7429991
2020-01-19 12:00:00,275.52307,256.11008,0.70295715,1.465992
2020-01-19 13:00:00,274.55704,255.32431,-0.049194336,2.037036
2020-01-19 14:00:00,273.8101,254.369,-0.4881897,2.1994047
2020-01-19 15:00:00,272.44034,253.57039,-0.7471924,2.2303772
2020-01-19 16:00:00,272.19995,253.12885,-0.82247925,2.19841
2020-01-19 17:00:00,273.04065,252.99348,-0.8147583,2.0656128
2020-01-19 18:00:00,273.66302,253.15027,-0.8743744,1.8506317
2020-01-19 19:00:00,272.8056,254.36359,-1.0071716,1.8619413
2020-01-19 20:00:00,272.52954,254.63567,-1.0985565,1.8310413
2020-01-19 21:00:00,272.87012,254.97816,-1.0956116,1.6548843
2020-01-19 22:00:00,272.57938,255.22832,-0.95669556,1.565628
2020-01-19 23:00:00,272.27313,255.47234,-0.67041016,1.2415771
2020-01-20 00:00:00,271.90442,255.95615,-0.60653687,0.8413086
2020-01-20 01:00:00,271.24954,256.48322,-0.57855225,0.5475006
2020-01-20 02:00:00,270.62427,257.3259,-0.41170692,0.42607117
2020-01-20 03:00:00,270.2307,258.29016,-0.25273514,0.53862
2020-01-20 04:00:00,270.01428,259.3083,-0.29353523,0.64808655
2020-01-20 05:00:00,270.3313,260.9132,-0.30253506,-0.007965088
2020-01-20 06:00:00,270.5677,263.07764,-0.107289314,-0.53852844
2020-01-20 07:00:00,271.53726,263.85553,0.091119766,-1.2755432
2020-01-20 08:00:00,271.5039,265.1795,0.26871204,-1.3580475
2020-01-20 09:00:00,271.58392,266.13153,0.4632511,-1.2321625
2020-01-20 10:00:00,271.47498,266.93884,0.5163307,-1.192337
2020-01-20 11:00:00,270.87573,267.41934,0.53828144,-0.6863251
2020-01-20 12:00:00,270.30292,267.58902,0.4187088,0.37919617
2020-01-20 13:00:00,270.09064,267.08374,0.028541565,1.1329346
2020-01-20 14:00:00,270.04553,266.4031,-0.30687237,1.2575684
2020-01-20 15:00:00,270.0606,266.15222,-0.2999754,1.1263885
2020-01-20 16:00:00,269.97876,265.9096,-0.06476021,1.2811127
2020-01-20 17:00:00,269.9423,265.4738,0.054448128,1.4060822
2020-01-20 18:00:00,269.82483,265.05093,0.15626621,1.3231049
2020-01-20 19:00:00,270.16342,264.735,0.34552002,1.6040344
2020-01-20 20:00:00,269.38608,263.6751,0.30737305,1.9342804
2020-01-20 21:00:00,269.5557,263.39517,0.2956543,1.8016205
2020-01-20 22:00:00,269.4345,263.52673,0.27353477,1.6670532
2020-01-20 23:00:00,269.24664,263.46835,0.22193909,1.7575836
2020-01-21 00:00:00,269.02377,263.3646,0.13522339,1.7232208
2020-01-21 01:00:00,268.68182,263.29285,0.06290054,1.7152863
2020-01-21 02:00:00,268.5376,263.1925,0.06105423,1.7104187
2020-01-21 03:00:00,268.63443,263.1792,0.17398071,1.4550629
2020-01-21 04:00:00,269.20236,263.112,0.3535614,1.1099701
2020-01-21 05:00:00,269.86655,263.48843,0.41752625,0.11959839
2020-01-21 06:00:00,270.2403,263.75177,0.57876205,-0.2503662
2020-01-21 07:00:00,271.62036,263.3501,0.39169312,-0.73275757
2020-01-21 08:00:00,272.04657,264.1305,0.630661,-0.94921875
2020-01-21 09:00:00,271.77393,264.53818,0.8682251,-1.0389404
2020-01-21 10:00:00,271.8377,265.04745,0.9175415,-0.934145
2020-01-21 11:00:00,271.42816,265.3371,1.013916,-0.37358952
2020-01-21 12:00:00,270.89325,265.46588,1.1737366,0.44344997
2020-01-21 13:00:00,270.42825,265.24066,1.0696716,1.112977
2020-01-21 14:00:00,270.20718,265.0077,0.8145294,1.2393951
2020-01-21 15:00:00,270.00525,264.70947,0.61260986,1.3642511
2020-01-21 16:00:00,269.83533,264.3672,0.52897644,1.4131365
2020-01-21 17:00:00,269.58157,264.02112,0.62335205,1.4982948
2020-01-21 18:00:00,269.42474,263.61932,0.8147125,1.5516224
2020-01-21 19:00:00,269.4903,264.00995,0.42608643,1.6346245
2020-01-21 20:00:00,268.95306,263.49457,0.49513245,1.8375645
2020-01-21 21:00:00,268.13663,262.6595,0.5699005,1.962326
2020-01-21 22:00:00,267.81146,262.22977,0.6423645,2.0120697
2020-01-21 23:00:00,267.3424,261.8167,0.72343445,2.0608215
2020-01-22 00:00:00,266.1833,260.99426,0.643322,2.2475433
2020-01-22 01:00:00,265.69928,260.73346,0.4106264,2.4223022
2020-01-22 02:00:00,265.342,260.3543,0.3842888,2.481079
2020-01-22 03:00:00,268.14496,261.25128,0.5765352,2.049343
2020-01-22 04:00:00,269.5194,261.2907,0.76458645,1.7066193
2020-01-22 05:00:00,270.42245,261.57495,0.92058754,0.6515484
2020-01-22 06:00:00,270.39273,262.22107,1.3230038,-0.00019836426
2020-01-22 07:00:00,270.27515,264.56927,1.2280436,-0.55708313
2020-01-22 08:00:00,270.14923,265.2911,1.3040667,-0.6076813
2020-01-22 09:00:00,270.32416,266.08038,1.1851149,-0.5068512
2020-01-22 10:00:00,270.40118,266.95685,1.0014658,-0.2976265
2020-01-22 11:00:00,270.1347,267.51648,1.1118345,-0.09564018
2020-01-22 12:00:00,269.6189,267.67798,1.3368053,0.041908264
2020-01-22 13:00:00,269.24475,267.5279,1.3989239,0.5627222
2020-01-22 14:00:00,269.14484,267.3275,1.1087742,0.9716034
2020-01-22 15:00:00,269.12518,267.00623,0.52758026,1.2669067
2020-01-22 16:00:00,268.8548,266.54947,-0.036203384,1.5711365
2020-01-22 17:00:00,266.87997,264.69025,-0.40696144,2.0812836
2020-01-22 18:00:00,264.03992,261.64417,-0.3462162,2.637085
2020-01-22 19:00:00,264.17715,261.97003,-0.45508957,2.7619781
2020-01-22 20:00:00,263.84598,260.84235,-0.36257935,2.921646
2020-01-22 21:00:00,263.18402,259.29398,-0.2934265,3.1874084
2020-01-22 22:00:00,261.62247,256.9072,-0.30177307,3.6519012
2020-01-22 23:00:00,260.85895,255.16644,-0.2877655,4.282425
2020-01-23 00:00:00,260.86346,254.84766,-0.1423645,4.667221
2020-01-23 01:00:00,261.25238,255.12386,0.036361694,4.851349
2020-01-23 02:00:00,261.7512,255.4169,0.17681885,4.8707733
2020-01-23 03:00:00,262.145,255.54903,0.26335144,4.8303375
2020-01-23 04:00:00,263.78522,257.00494,0.39691162,4.374237
2020-01-23 05:00:00,265.00873,258.03174,0.5068817,3.6336823
2020-01-23 06:00:00,272.2261,257.05304,0.70895386,1.9243774
2020-01-23 07:00:00,274.83252,257.90048,0.039215088,1.1828156
2020-01-23 08:00:00,275.6089,258.50034,-0.3070984,-0.10507202
2020-01-23 09:00:00,275.72424,259.45474,-0.34205627,0.02368164
2020-01-23 10:00:00,275.7329,259.50513,-0.007095337,0.4169922
2020-01-23 11:00:00,275.41156,259.0172,0.37597656,1.5789337
2020-01-23 12:00:00,270.06152,256.72882,0.2901001,2.7703247
2020-01-23 13:00:00,263.86194,254.12228,0.061904907,4.001251
2020-01-23 14:00:00,262.0912,253.90866,0.056106567,4.630905
2020-01-23 15:00:00,261.7572,254.5115,0.118133545,4.944809
2020-01-23 16:00:00,262.0788,254.82492,0.115493774,5.053467
2020-01-23 17:00:00,262.61917,255.11862,0.114151,5.08638
2020-01-23 18:00:00,263.18765,255.38788,0.12974548,5.0687256
2020-01-23 19:00:00,264.18936,256.26477,0.16783142,5.173828
2020-01-23 20:00:00,264.1499,256.37018,0.17243958,5.065811
2020-01-23 21:00:00,264.03937,256.2663,0.24032593,5.0608673
2020-01-23 22:00:00,263.937,256.11603,0.24298096,5.0713654
2020-01-23 23:00:00,263.88586,255.92818,0.14790344,5.1192474
2020-01-24 00:00:00,264.0298,255.83667,0.03274536,5.168747
2020-01-24 01:00:00,264.42172,255.96928,0.059951782,5.2242126
2020-01-24 02:00:00,265.00067,256.34637,0.01751709,5.2392883
2020-01-24 03:00:00,265.87048,257.01776,0.06062317,5.142105
2020-01-24 04:00:00,267.43143,258.68347,0.15988159,4.753311
2020-01-24 05:00:00,268.85727,260.51886,0.25575256,4.258545
2020-01-24 06:00:00,269.9306,262.06827,0.4828186,3.7157898
2020-01-24 07:00:00,271.8318,263.94696,0.55477905,3.4640045
2020-01-24 08:00:00,273.63837,265.6283,0.6486664,3.0364227
2020-01-24 09:00:00,273.97168,266.08136,1.0932312,2.761673
2020-01-24 10:00:00,274.4276,264.38806,2.8666382,0.9798126
2020-01-24 11:00:00,272.1632,264.8608,3.5345612,-1.072998
2020-01-24 12:00:00,272.11273,264.83954,2.4663086,-0.5509491
2020-01-24 13:00:00,275.5088,265.2912,0.4814148,0.083862305
2020-01-24 14:00:00,275.04095,265.29672,-1.3436584,0.32589722
2020-01-24 15:00:00,269.7862,263.7534,-2.1792603,1.5830078
2020-01-24 16:00:00,268.34564,263.3457,-2.182953,2.6220856
2020-01-24 17:00:00,268.57462,263.12973,-1.8689117,2.7652893
2020-01-24 18:00:00,269.6897,262.86084,-0.6707001,2.6897888
2020-01-24 19:00:00,272.5645,263.8428,-0.8009491,2.0715485
2020-01-24 20:00:00,270.00006,263.1825,-1.1385345,2.4251251
2020-01-24 21:00:00,268.41785,262.70306,-1.4249725,2.6042175
2020-01-24 22:00:00,268.65552,263.1096,-1.7563019,2.2830658
2020-01-24 23:00:00,269.04333,263.75635,-1.871109,1.9889679
2020-01-25 00:00:00,268.87848,264.63483,-1.8810425,1.9405518
2020-01-25 01:00:00,268.46832,265.50424,-1.7947235,2.0779724
2020-01-25 02:00:00,268.94604,266.19543,-1.7857208,1.9350281
2020-01-25 03:00:00,269.35614,266.71167,-1.818161,1.7657471
2020-01-25 04:00:00,271.20148,267.88214,-1.6551208,1.4372559
2020-01-25 05:00:00,274.56937,269.94318,-1.2164001,0.97358704
2020-01-25 06:00:00,275.59845,270.7984,-0.9191284,-0.02848816
2020-01-25 07:00:00,275.08493,272.0174,-0.437088,-1.1444702
2020-01-25 08:00:00,275.15628,272.0068,-0.18991089,-1.2539825
2020-01-25 09:00:00,275.324,271.99545,-0.116119385,-1.2466736
2020-01-25 10:00:00,275.46783,272.04132,-0.049224854,-1.1627216
2020-01-25 11:00:00,275.35992,271.97253,0.08470154,-0.9507446
2020-01-25 12:00:00,274.8374,271.67438,0.21769714,-0.7613983
2020-01-25 13:00:00,274.3272,271.48865,0.6538696,-0.385437
2020-01-25 14:00:00,273.80472,271.36624,1.2799835,0.1699524
2020-01-25 15:00:00,273.0653,271.0242,1.5479126,0.41166687
2020-01-25 16:00:00,272.45786,270.69894,1.4756012,0.8941498
2020-01-25 17:00:00,272.3993,270.70743,1.4598083,0.63890076
2020-01-25 18:00:00,271.72217,270.57642,1.6074371,0.23059082
2020-01-25 19:00:00,271.91986,271.24878,1.3179932,-0.19413757
2020-01-25 20:00:00,269.0604,269.06082,2.0835114,-0.1876831
2020-01-25 21:00:00,268.28436,268.1018,2.230545,-0.13168335
2020-01-25 22:00:00,268.2292,267.9505,2.015915,-0.28408813
2020-01-25 23:00:00,267.6856,267.37125,2.034729,-0.5396118
2020-01-26 00:00:00,267.3863,266.97992,1.9124146,-0.43252563
2020-01-26 01:00:00,267.59198,266.8723,1.466217,-0.22436523
2020-01-26 02:00:00,267.88562,267.02402,1.1226044,-0.30751038
2020-01-26 03:00:00,267.66852,266.76505,1.1976471,-0.0783844
2020-01-26 04:00:00,268.02557,266.64465,1.051239,-0.10437012
2020-01-26 05:00:00,268.318,266.48157,1.0149994,-0.6677551
2020-01-26 06:00:00,268.49628,266.62482,0.9463501,-1.1090088
2020-01-26 07:00:00,269.35303,267.2957,0.82411194,-1.3420715
2020-01-26 08:00:00,269.6058,267.4395,0.7995148,-1.2652588
2020-01-26 09:00:00,269.9974,267.55472,0.6195984,-1.2281494
2020-01-26 10:00:00,270.3084,267.4187,0.41845703,-1.2138062
2020-01-26 11:00:00,270.36874,267.29742,0.54933167,-0.8464508
2020-01-26 12:00:00,270.03003,267.2111,0.86720276,0.10964966
2020-01-26 13:00:00,269.84332,266.6327,0.5477905,1.0843201
2020-01-26 14:00:00,267.00665,264.14,0.15649414,2.0621948
2020-01-26 15:00:00,264.4171,261.11746,-0.02217102,2.7754517
2020-01-26 16:00:00,263.72003,259.6203,-0.0076141357,3.1866302
2020-01-26 17:00:00,264.16534,259.43878,0.06980896,3.4094086
2020-01-26 18:00:00,264.53613,259.28613,0.12097168,3.3875275
2020-01-26 19:00:00,265.1637,259.01855,0.06390381,3.5302887
2020-01-26 20:00:00,265.41525,259.25684,0.06512451,3.6210785
2020-01-26 21:00:00,265.65186,259.43417,0.19522095,3.6340485
2020-01-26 22:00:00,265.40942,258.96906,0.39178467,3.6841583
2020-01-26 23:00:00,264.98145,258.3643,0.53341675,3.6112976
2020-01-27 00:00:00,264.30832,257.3844,0.5527954,3.4198914
2020-01-27 01:00:00,266.01376,257.19977,0.36141968,2.905548
2020-01-27 02:00:00,268.27362,257.34747,-0.0284729,2.4477997
2020-01-27 03:00:00,268.4718,257.3723,-0.38623047,2.3711853
2020-01-27 04:00:00,268.88242,257.57224,-0.4493866,2.3254852
2020-01-27 05:00:00,271.2326,258.22333,0.03211975,1.9165802
2020-01-27 06:00:00,273.39905,259.5208,0.6498108,1.1942291
2020-01-27 07:00:00,274.85272,260.7245,0.839447,-0.0068511963
2020-01-27 08:00:00,275.07104,262.2669,0.95140076,-0.45106506
2020-01-27 09:00:00,274.39835,263.14148,1.3263397,-0.6404419
2020-01-27 10:00:00,273.16287,263.53418,1.8317261,-0.78074646
2020-01-27 11:00:00,270.61575,263.70776,2.3209076,-0.63960266
2020-01-27 12:00:00,268.8584,264.02448,2.5480957,-0.231781
2020-01-27 13:00:00,267.83496,264.47955,2.4784393,0.29797363
2020-01-27 14:00:00,268.7527,265.7212,2.121872,0.22555542
2020-01-27 15:00:00,269.5447,267.44128,1.6606903,-0.31625366
2020-01-27 16:00:00,269.7489,268.868,1.2624512,0.009155273
2020-01-27 17:00:00,269.69922,269.1693,0.91127014,0.4633789
2020-01-27 18:00:00,269.74884,269.23718,0.44267273,0.5187378
2020-01-27 19:00:00,269.4375,269.18732,-0.7060089,-0.775177
2020-01-27 20:00:00,268.52795,268.31372,-1.3638916,-0.4850464
2020-01-27 21:00:00,266.23236,266.17316,-1.9918976,0.24742126
2020-01-27 22:00:00,264.1253,264.017,-2.3362885,1.021225
2020-01-27 23:00:00,263.88412,263.0956,-2.1732483,1.3753815
2020-01-28 00:00:00,264.38428,262.7757,-1.9198456,1.4838562
2020-01-28 01:00:00,264.77826,262.22406,-1.6856384,1.6393433
2020-01-28 02:00:00,264.7541,261.33792,-1.4130096,1.9911346
2020-01-28 03:00:00,265.41812,260.82263,-1.1871796,2.104786
2020-01-28 04:00:00,268.18964,261.66702,-0.804657,1.8281097
2020-01-28 05:00:00,270.44592,262.61823,-0.038497925,1.133318
2020-01-28 06:00:00,271.29654,263.17682,0.4505005,0.114212036
2020-01-28 07:00:00,271.88812,264.90634,0.49449158,-0.5019026
2020-01-28 08:00:00,272.50977,265.1275,0.33610535,-0.5080471
2020-01-28 09:00:00,272.99628,265.31674,0.42848206,-0.6570854
2020-01-28 10:00:00,273.0705,265.2005,0.6951904,-0.59455013
2020-01-28 11:00:00,272.73187,264.95465,1.1647644,-0.06294155
2020-01-28 12:00:00,271.88403,264.41214,1.5660553,0.91849995
2020-01-28 13:00:00,270.84415,263.28473,1.4075775,1.544198
2020-01-28 14:00:00,271.53912,263.1206,1.2255249,1.4771204
2020-01-28 15:00:00,271.20624,262.6817,1.085022,1.5844145
2020-01-28 16:00:00,270.86057,261.97363,0.8288727,1.6745367
2020-01-28 17:00:00,270.483,261.3264,0.6580353,1.5036201
2020-01-28 18:00:00,270.11377,261.19006,0.72120667,1.2506008
2020-01-28 19:00:00,270.5835,260.38153,0.6811676,0.90715027
2020-01-28 20:00:00,270.05035,261.10162,0.46069336,0.7332516
2020-01-28 21:00:00,269.69727,261.952,0.11332703,0.6053934
2020-01-28 22:00:00,269.27594,262.9893,-0.2904358,0.65137386
2020-01-28 23:00:00,268.62106,263.3474,-0.29389954,1.2170935
2020-01-29 00:00:00,268.51306,263.15082,-0.21850586,1.4814968
2020-01-29 01:00:00,268.31937,262.53998,0.026794434,1.6229477
2020-01-29 02:00:00,267.85532,261.50095,0.12182617,1.9732456
2020-01-29 03:00:00,267.41235,260.37415,-0.03656006,2.0638485
2020-01-29 04:00:00,268.63678,260.27008,-0.0753479,1.9062424
2020-01-29 05:00:00,269.8199,260.08954,0.1985321,1.4913635
2020-01-29 06:00:00,270.92947,260.0769,0.6930237,0.9280548
2020-01-29 07:00:00,271.9427,260.30072,0.97673035,0.170578
2020-01-29 08:00:00,272.39142,260.77063,1.3957977,0.32763672
2020-01-29 09:00:00,271.972,260.90814,1.780899,0.10307312
2020-01-29 10:00:00,271.5593,260.88635,1.9561005,0.3042755
2020-01-29 11:00:00,271.30878,260.739,1.8115082,0.96398926
2020-01-29 12:00:00,270.78598,260.00604,1.6069946,1.4522552
2020-01-29 13:00:00,270.3022,259.19507,1.2673645,1.8467865
2020-01-29 14:00:00,270.07233,258.23096,0.95469666,2.059906
2020-01-29 15:00:00,269.95187,257.21082,0.7227173,2.1577663
2020-01-29 16:00:00,268.95947,255.69287,0.50949097,2.3287888
2020-01-29 17:00:00,268.63165,254.3671,0.36883545,2.3960419
2020-01-29 18:00:00,268.44147,253.13867,0.3045807,2.4384766
2020-01-29 19:00:00,269.326,252.8402,0.5289154,2.2930603
2020-01-29 20:00:00,270.81146,252.44554,0.3887787,2.118164
2020-01-29 21:00:00,270.4737,251.53989,0.3084259,2.2077484
2020-01-29 22:00:00,269.62585,250.99864,0.19998169,2.3133545
2020-01-29 23:00:00,267.864,250.85347,0.20684814,2.5292206
2020-01-30 00:00:00,266.5078,250.41328,0.18106079,2.7491913
2020-01-30 01:00:00,266.04993,250.00414,0.2810974,2.9179993
2020-01-30 02:00:00,264.2164,249.46179,0.42993164,3.181366
2020-01-30 03:00:00,263.45288,249.1244,0.39187622,3.3310547
2020-01-30 04:00:00,265.39856,249.75615,0.39892578,2.9941864
2020-01-30 05:00:00,270.67337,250.5404,0.55081177,2.216156
2020-01-30 06:00:00,273.5789,251.97264,0.6752014,1.6138763
2020-01-30 07:00:00,274.30176,254.09299,0.86294556,0.7098236
2020-01-30 08:00:00,274.8267,255.57195,0.8303375,0.56285095
2020-01-30 09:00:00,275.25452,256.5501,0.9029846,0.5041046
2020-01-30 10:00:00,275.41302,256.79044,1.0299225,0.76909065
2020-01-30 11:00:00,275.22183,256.6977,1.0827789,1.44343
2020-01-30 12:00:00,272.8368,255.57896,1.0932465,2.170601
2020-01-30 13:00:00,268.69574,253.601,0.73391724,2.9172764
2020-01-30 14:00:00,266.8023,251.97557,0.5390625,3.2868671
2020-01-30 15:00:00,264.95172,250.94759,0.5190096,3.5852022
2020-01-30 16:00:00,262.67297,250.98251,0.4067669,3.9623604
2020-01-30 17:00:00,261.05743,251.91557,0.22644043,4.3589964
2020-01-30 18:00:00,260.93903,252.86694,0.16572571,4.589183
2020-01-30 19:00:00,261.29694,253.39609,0.2689209,4.673815
2020-01-30 20:00:00,261.64087,253.60315,0.23414612,4.620673
2020-01-30 21:00:00,261.78442,253.73747,0.1917944,4.6418095
2020-01-30 22:00:00,261.88467,253.92142,0.16983032,4.683941
2020-01-30 23:00:00,262.06616,254.24713,0.14058685,4.6828775
2020-01-31 00:00:00,262.12097,254.25371,0.1478939,4.7145634
2020-01-31 01:00:00,262.1258,254.11986,0.18236256,4.7031374
2020-01-31 02:00:00,262.193,254.0281,0.21704483,4.649604
2020-01-31 03:00:00,262.32355,253.97215,0.21627045,4.53364
2020-01-31 04:00:00,263.5685,255.37527,0.22675896,4.065014
2020-01-31 05:00:00,266.78937,256.2332,0.30671883,3.3005009
2020-01-31 06:00:00,275.56775,255.28746,0.6086502,2.0332928
2020-01-31 07:00:00,277.69363,255.92204,1.2664261,0.50709724
2020-01-31 08:00:00,277.7113,257.816,1.5111008,-0.2123928
2020-01-31 09:00:00,277.52954,259.45654,1.6221256,-0.050727844
2020-01-31 10:00:00,277.2797,260.3371,1.665987,0.3380928
2020-01-31 11:00:00,276.56567,260.52777,1.6422539,0.9569168
2020-01-31 12:00:00,276.12463,260.17712,1.4211245,1.4913206
2020-01-31 13:00:00,275.4953,259.41553,0.9697323,1.9876785
2020-01-31 14:00:00,275.28857,258.4748,0.48088837,2.0341778
2020-01-31 15:00:00,275.0102,257.2942,0.12887955,2.2173424
2020-01-31 16:00:00,274.53622,255.85892,-0.057556152,2.3539352
2020-01-31 17:00:00,271.63147,253.98308,-0.11919975,2.6578312
2020-01-31 18:00:00,268.14093,252.34422,-0.021038055,3.0690136
2020-01-31 19:00:00,263.99573,249.78918,0.106674194,3.8592377
2020-01-31 20:00:00,264.16898,249.20679,0.1161499,3.8353558
2020-01-31 21:00:00,264.21222,248.61401,0.08692932,3.8390923
2020-01-31 22:00:00,264.24,248.05627,0.074035645,3.8430328
2020-01-31 23:00:00,264.3045,247.47571,0.13328552,3.8355255
2020-02-01 00:00:00,264.4841,246.88423,0.16812134,3.7867737
2020-02-01 01:00:00,264.81265,246.46454,0.14328003,3.7678986
2020-02-01 02:00:00,264.6811,246.09084,0.111846924,3.7810364
2020-02-01 03:00:00,264.3687,246.30461,0.020889282,3.8755798
2020-02-01 04:00:00,265.55737,248.07063,-0.06976318,3.6998444
2020-02-01 05:00:00,268.8336,249.60974,-0.0058898926,3.1320648
2020-02-01 06:00:00,275.87744,248.65613,-0.0025024414,2.2110748
2020-02-01 07:00:00,277.4269,253.59921,0.2836151,1.7906618
2020-02-01 08:00:00,278.7085,253.43704,0.17855835,0.78109455
2020-02-01 09:00:00,279.1549,253.31717,0.20043945,0.33587265
2020-02-01 10:00:00,279.11835,253.64052,0.4638977,0.7187834
2020-02-01 11:00:00,278.53833,253.17575,0.67333984,1.7553167
2020-02-01 12:00:00,275.03394,252.28883,0.57803345,2.4887447
2020-02-01 13:00:00,269.31476,251.65456,0.32789612,3.3023853
2020-02-01 14:00:00,266.1281,251.55946,0.044799805,3.8773212
2020-02-01 15:00:00,264.37915,252.00311,-0.13670349,4.235464
2020-02-01 16:00:00,263.69788,252.58781,-0.10903931,4.5112457
2020-02-01 17:00:00,263.4586,253.56876,-0.016586304,4.6794586
2020-02-01 18:00:00,263.44254,254.31706,0.07797241,4.799164
2020-02-01 19:00:00,263.35474,255.39766,0.22517395,5.109848
2020-02-01 20:00:00,264.13983,255.79236,0.18205261,5.0057526
2020-02-01 21:00:00,264.4782,256.03668,0.17185974,4.9784546
2020-02-01 22:00:00,264.73914,256.2796,0.19017029,4.975189
2020-02-01 23:00:00,264.91864,256.50403,0.18223572,4.9881287
2020-02-02 00:00:00,265.10327,256.69324,0.13261414,4.9698944
2020-02-02 01:00:00,265.37033,256.96893,0.123291016,4.941208
2020-02-02 02:00:00,265.47125,257.1043,0.13195801,4.9123993
2020-02-02 03:00:00,265.81708,257.5573,0.13986206,4.8441772
2020-02-02 04:00:00,267.17267,259.28827,0.1690216,4.413513
2020-02-02 05:00:00,268.6571,260.88397,0.26939392,3.7704773
2020-02-02 06:00:00,272.4006,261.42242,0.36657715,2.9161682
2020-02-02 07:00:00,276.12228,262.3589,0.46862793,2.328415
2020-02-02 08:00:00,281.25488,260.95355,0.4995575,0.7204437
2020-02-02 09:00:00,281.61176,260.72614,0.29866028,-0.033920288
2020-02-02 10:00:00,281.39514,260.6717,0.24334717,0.57724
2020-02-02 11:00:00,280.7326,259.44904,0.19224548,1.8351593
2020-02-02 12:00:00,273.51392,257.49408,0.043167114,3.028244
2020-02-02 13:00:00,267.5609,256.56165,-0.021575928,4.210785
2020-02-02 14:00:00,266.29385,258.17505,-0.021911621,4.8769684
2020-02-02 15:00:00,266.33386,259.37,0.072052,5.086838
2020-02-02 16:00:00,266.70587,259.7469,0.11166382,5.1640625
2020-02-02 17:00:00,267.04648,259.8949,0.09477234,5.188568
2020-02-02 18:00:00,267.2779,259.96487,0.086380005,5.174591
2020-02-02 19:00:00,267.36774,260.3609,0.13920593,5.2915497
2020-02-02 20:00:00,267.59943,260.31104,0.15940857,5.1692047
2020-02-02 21:00:00,267.81317,260.2995,0.12911987,5.127945
2020-02-02 22:00:00,267.91565,260.30402,0.11218262,5.084442
2020-02-02 23:00:00,267.93396,260.25967,0.12887573,5.055908
2020-02-03 00:00:00,267.90558,260.1999,0.14456177,5.0502014
2020-02-03 01:00:00,268.09363,260.46353,0.105407715,5.049591
2020-02-03 02:00:00,268.21637,260.67035,0.07350159,5.0496216
2020-02-03 03:00:00,268.64948,261.1355,0.08843994,4.9716797
2020-02-03 04:00:00,269.99622,262.48816,0.27485657,4.5506897
2020-02-03 05:00:00,271.6639,264.40814,0.5015259,3.7006836
2020-02-03 06:00:00,273.9193,264.6319,0.78404236,2.851242
2020-02-03 07:00:00,276.53705,265.18207,1.0951252,2.2150726
2020-02-03 08:00:00,281.24274,262.67963,1.8973722,0.20635986
2020-02-03 09:00:00,280.84534,263.90524,1.9084778,-0.48535156
2020-02-03 10:00:00,280.65555,264.91046,1.853363,-0.17092896
2020-02-03 11:00:00,277.59348,265.1136,2.3107605,0.5857544
2020-02-03 12:00:00,273.9456,264.64917,2.677124,1.4119263
2020-02-03 13:00:00,272.68893,263.96375,2.2878265,2.1049805
2020-02-03 14:00:00,273.39557,263.45093,1.584198,2.276764
2020-02-03 15:00:00,274.63452,262.67578,1.1287689,2.1567078
2020-02-03 16:00:00,274.78192,261.78928,0.7669678,2.2067413
2020-02-03 17:00:00,275.46906,261.47635,0.9507446,1.9697571
2020-02-03 18:00:00,275.97748,262.16953,1.458664,1.4424744
2020-02-03 19:00:00,276.28497,264.33084,1.1237793,1.1437378
2020-02-03 20:00:00,275.17145,267.0985,0.8581848,1.4105682
2020-02-03 21:00:00,272.8466,268.44482,0.7130432,1.7929535
2020-02-03 22:00:00,270.5937,267.9734,0.707489,2.129959
2020-02-03 23:00:00,270.3211,268.0445,0.6839447,2.10141
2020-02-04 00:00:00,270.27475,268.19208,0.5266571,2.057129
2020-02-04 01:00:00,269.74042,267.7596,0.23603821,2.0691528
2020-02-04 02:00:00,270.02084,267.8477,-0.013671875,1.9758759
2020-02-04 03:00:00,270.49033,268.1752,-0.09107971,1.8680115
2020-02-04 04:00:00,272.6618,269.5329,-0.1642456,1.4575043
2020-02-04 05:00:00,273.54065,270.41425,-0.3346405,0.6038666
2020-02-04 06:00:00,274.24976,271.8341,-0.82318115,-0.6691437
2020-02-04 07:00:00,274.089,271.78925,0.1414032,-0.94003296
2020-02-04 08:00:00,274.10767,271.71756,0.44758606,-1.1311951
2020-02-04 09:00:00,274.16174,271.8048,0.6431122,-1.1433716
2020-02-04 10:00:00,274.3939,271.94263,0.74154663,-0.89860535
2020-02-04 11:00:00,274.7971,272.13742,0.48109436,-0.5679016
2020-02-04 12:00:00,274.52435,271.89886,0.24990845,0.11003113
2020-02-04 13:00:00,274.40622,271.43655,-0.11349487,0.91348267
2020-02-04 14:00:00,274.29395,270.72412,-0.07116699,1.3527222
2020-02-04 15:00:00,274.10876,269.88464,0.24879456,1.6472931
2020-02-04 16:00:00,272.46292,267.9579,0.27444458,2.049347
2020-02-04 17:00:00,270.60718,265.67847,-0.05645752,2.4273682
2020-02-04 18:00:00,269.9901,264.14246,-0.1882019,2.6196594
2020-02-04 19:00:00,269.0671,262.15692,0.082595825,2.8987274
2020-02-04 20:00:00,267.71472,261.0036,0.24702454,3.1755066
2020-02-04 21:00:00,267.02533,260.28812,0.25926208,3.3548126
2020-02-04 22:00:00,266.51697,259.44092,0.26809692,3.4805603
2020-02-04 23:00:00,266.48175,258.80933,0.27778625,3.505249
2020-02-05 00:00:00,266.36728,258.23145,0.25238037,3.5657196
2020-02-05 01:00:00,266.40198,257.7624,0.23304749,3.6647644
2020-02-05 02:00:00,266.25232,257.23108,0.2688141,3.7715454
2020-02-05 03:00:00,266.2852,257.19232,0.2610016,3.8498535
2020-02-05 04:00:00,267.8114,258.68823,0.29658508,3.5031738
2020-02-05 05:00:00,271.82874,260.22974,0.30003357,2.706482
2020-02-05 06:00:00,278.5808,260.6764,0.42912292,1.5444183
2020-02-05 07:00:00,280.00208,263.59442,0.75730896,0.25506783
2020-02-05 08:00:00,280.46173,264.57507,0.64860535,-0.5464325
2020-02-05 09:00:00,280.56863,265.53656,0.28733826,-0.4135437
2020-02-05 10:00:00,280.57312,265.92633,-0.11260986,0.048568726
2020-02-05 11:00:00,280.20575,265.36536,-0.21885681,1.2732544
2020-02-05 12:00:00,276.19025,263.08093,-0.19172668,2.4550323
2020-02-05 13:00:00,271.72626,260.70483,-0.1579895,3.2399302
2020-02-05 14:00:00,267.8899,259.56265,-0.015090942,4.084442
2020-02-05 15:00:00,267.2223,260.45367,0.09863281,4.5570526
2020-02-05 16:00:00,267.388,261.0543,0.0847168,4.714676
2020-02-05 17:00:00,268.0465,261.677,0.028564453,4.6826477
2020-02-05 18:00:00,268.3557,261.7003,0.023422241,4.6802673
2020-02-05 19:00:00,268.6676,262.42252,0.1560669,4.6887054
2020-02-05 20:00:00,269.06732,262.7931,0.17857361,4.5397186
2020-02-05 21:00:00,269.06976,262.80475,0.17617798,4.540903
2020-02-05 22:00:00,269.22333,262.9763,0.10647583,4.5068626
2020-02-05 23:00:00,269.3932,263.27673,0.011108398,4.512892
2020-02-06 00:00:00,269.3335,263.33807,-0.12033081,4.5710907
2020-02-06 01:00:00,268.96503,262.97095,-0.17710876,4.676407
2020-02-06 02:00:00,269.1012,263.20972,-0.15518188,4.6641846
2020-02-06 03:00:00,269.6729,263.9738,-0.051376343,4.44162
2020-02-06 04:00:00,270.69824,265.05637,0.31040955,3.8262787
2020-02-06 05:00:00,274.43942,264.5996,1.6795197,1.5284882
2020-02-06 06:00:00,273.56302,266.1731,2.4908295,-1.5058746
2020-02-06 07:00:00,275.45386,268.7048,1.230072,-1.5975952
2020-02-06 08:00:00,276.0858,270.34677,0.63690186,-1.654602
2020-02-06 09:00:00,276.36823,271.5476,0.24665833,-1.6121063
2020-02-06 10:00:00,276.77335,272.57816,-0.15594482,-1.4384651
2020-02-06 11:00:00,276.84457,273.17105,-0.4637909,-0.9878464
2020-02-06 12:00:00,276.2426,273.164,-0.73435974,-0.43120766
2020-02-06 13:00:00,275.63333,272.91833,-1.1066284,0.640522
2020-02-06 14:00:00,274.65762,271.81894,-1.2641754,1.5105057
2020-02-06 15:00:00,272.5633,269.7306,-1.2339811,1.9322863
2020-02-06 16:00:00,271.14288,268.02954,-1.0562544,2.3672218
2020-02-06 17:00:00,268.85007,265.41882,-0.7168665,3.0817022
2020-02-06 18:00:00,266.873,262.7946,-0.42921066,3.7315197
2020-02-06 19:00:00,267.02396,261.83368,-0.17213821,3.9185953
2020-02-06 20:00:00,266.762,261.10956,0.08612251,4.2620144
2020-02-06 21:00:00,266.7818,260.93802,0.2718258,4.4586544
2020-02-06 22:00:00,266.8403,260.70978,0.25857544,4.5961285
2020-02-06 23:00:00,267.21677,260.67343,0.28581238,4.569624
2020-02-07 00:00:00,267.38232,260.38257,0.275177,4.5681286
2020-02-07 01:00:00,267.34573,259.9709,0.22111511,4.5802584
2020-02-07 02:00:00,267.29547,259.61963,0.1182251,4.6164055
2020-02-07 03:00:00,267.66473,259.81085,0.047180176,4.562319
2020-02-07 04:00:00,269.1049,261.56787,0.041030884,4.096121
2020-02-07 05:00:00,270.74527,263.54553,0.056747437,3.335556
2020-02-07 06:00:00,275.9884,264.27393,0.08331299,2.352128
2020-02-07 07:00:00,280.9937,265.4608,0.13447571,1.233407
2020-02-07 08:00:00,281.9582,266.04105,0.1656189,-0.12757397
2020-02-07 09:00:00,282.15308,266.75403,0.36257935,-0.40857697
2020-02-07 10:00:00,282.09006,266.61453,0.655838,-0.31137466
2020-02-07 11:00:00,281.81635,265.9289,0.8064575,0.58469963
2020-02-07 12:00:00,281.3523,264.19037,0.6832123,1.6597013
2020-02-07 13:00:00,275.18414,261.31128,0.10940552,2.8403244
2020-02-07 14:00:00,269.87793,259.1553,-0.2177887,3.9385033
2020-02-07 15:00:00,268.48795,259.1206,-0.104003906,4.4262905
2020-02-07 16:00:00,268.22656,259.88812,0.07984924,4.687211
2020-02-07 17:00:00,268.4339,260.17804,0.145401,4.7908916
2020-02-07 18:00:00,268.83148,260.38373,0.16296387,4.81806
2020-02-07 19:00:00,269.09308,260.7699,0.20799255,5.0321198
2020-02-07 20:00:00,269.3214,260.92172,0.26087952,4.94635
2020-02-07 21:00:00,269.42194,260.92157,0.24595642,4.929611
2020-02-07 22:00:00,269.4199,260.8051,0.20321655,4.925583
2020-02-07 23:00:00,269.38113,260.6395,0.20153809,4.907379
2020-02-08 00:00:00,269.28217,260.48337,0.2024231,4.8945007
2020-02-08 01:00:00,269.2743,260.27087,0.11433411,4.9276123
2020-02-08 02:00:00,269.25757,260.2209,0.08668518,4.9603577
2020-02-08 03:00:00,269.711,260.93155,0.116363525,4.8819275
2020-02-08 04:00:00,271.29053,263.27298,0.16181946,4.3371887
2020-02-08 05:00:00,272.97803,265.3941,0.1729126,3.5742188
2020-02-08 06:00:00,278.13593,265.05093,0.06428528,2.5989685
2020-02-08 07:00:00,284.36908,266.25745,-0.01953125,1.7104034
2020-02-08 08:00:00,285.61667,265.73193,-0.45335388,0.2775421
2020-02-08 09:00:00,285.88715,266.32062,-0.5196533,0.25785828
2020-02-08 10:00:00,286.0795,266.30072,-0.18913269,0.5419769
2020-02-08 11:00:00,285.84766,265.7933,0.12535095,1.407196
2020-02-08 12:00:00,280.1991,263.95685,0.18603516,2.7464905
2020-02-08 13:00:00,272.9254,261.4239,0.26696777,4.016388
2020-02-08 14:00:00,270.97626,261.4328,0.21601868,4.5356445
2020-02-08 15:00:00,270.4334,262.06403,0.04586792,4.702957
2020-02-08 16:00:00,270.50714,262.28375,-0.04763794,4.7925415
2020-02-08 17:00:00,270.6855,262.42865,0.008377075,4.8345947
2020-02-08 18:00:00,270.73853,262.48456,0.057403564,4.8338776
2020-02-08 19:00:00,270.71478,262.76703,0.15785217,4.881851
2020-02-08 20:00:00,270.99387,262.48917,-0.0022583008,4.7400513
2020-02-08 21:00:00,270.92206,262.35522,-0.013244629,4.7660675
2020-02-08 22:00:00,270.78296,262.2749,0.022598267,4.8004913
2020-02-08 23:00:00,270.68918,262.23926,0.0670166,4.851959
2020-02-09 00:00:00,270.68347,262.25696,0.082458496,4.892624
2020-02-09 01:00:00,270.8269,262.47833,0.06465149,4.9638214
2020-02-09 02:00:00,270.91968,262.62238,0.07493591,5.0525513
2020-02-09 03:00:00,271.60144,263.5636,0.035308838,5.051956
2020-02-09 04:00:00,273.5746,266.28473,0.09536743,4.592682
2020-02-09 05:00:00,275.382,268.54343,0.14562988,3.9907227
2020-02-09 06:00:00,277.00555,269.83673,0.10105896,3.412323
2020-02-09 07:00:00,280.3107,270.6077,-0.04050255,2.7682953
2020-02-09 08:00:00,285.41135,270.458,-0.31657982,2.0740967
2020-02-09 09:00:00,286.7333,270.51892,-0.4292221,1.8723755
2020-02-09 10:00:00,285.99493,270.18805,-0.64978886,2.0180664
2020-02-09 11:00:00,280.07404,268.63208,-0.70750904,3.0064697
2020-02-09 12:00:00,275.28677,266.43158,-0.10264683,4.27034
2020-02-09 13:00:00,273.91766,266.35654,0.058223724,4.8735657
2020-02-09 14:00:00,274.40317,267.57153,0.29426003,4.6437225
2020-02-09 15:00:00,275.2162,267.21558,0.85458755,3.9820404
2020-02-09 16:00:00,282.10587,265.48224,1.8454266,-0.33688354
2020-02-09 17:00:00,281.13745,270.48923,-0.4303131,-1.1242981
2020-02-09 18:00:00,279.6911,271.7708,-1.6179962,-0.28689575
2020-02-09 19:00:00,276.29047,272.10535,-2.1704712,0.32183838
2020-02-09 20:00:00,274.98187,272.10626,-2.1059418,0.96559143
2020-02-09 21:00:00,274.18903,271.69608,-2.2048645,1.0168762
2020-02-09 22:00:00,273.86383,271.7119,-2.211792,0.9609833
2020-02-09 23:00:00,273.95532,271.91107,-2.0849762,0.9739227
2020-02-10 00:00:00,273.94745,271.99942,-2.00148,1.0440979
2020-02-10 01:00:00,273.47095,271.64655,-1.9912109,1.2335052
2020-02-10 02:00:00,273.22583,271.3355,-1.9572449,1.5283203
2020-02-10 03:00:00,273.2873,271.20703,-1.9254608,1.7942047
2020-02-10 04:00:00,274.15643,271.69385,-1.8159943,1.886734
2020-02-10 05:00:00,275.76736,272.73462,-1.7597961,1.596695
2020-02-10 06:00:00,277.20114,274.28638,-2.3522186,0.65423584
2020-02-10 07:00:00,279.5821,274.61383,-1.8132782,-0.40618896
2020-02-10 08:00:00,281.41052,275.2378,-0.46481323,-1.293396
2020-02-10 09:00:00,280.97363,275.56378,0.59820557,-1.46344
2020-02-10 10:00:00,278.74344,274.9441,1.0199127,-1.8376465
2020-02-10 11:00:00,277.6317,274.662,1.4607849,-1.6205902
2020-02-10 12:00:00,276.3731,274.64294,1.7206573,-1.3637085
2020-02-10 13:00:00,274.86377,274.11383,2.1540985,-1.0140228
2020-02-10 14:00:00,274.23163,273.8868,2.5210724,-0.9012604
2020-02-10 15:00:00,273.72238,273.5473,2.4473114,-0.6468048
2020-02-10 16:00:00,273.1753,272.90924,1.8341675,-0.19163513
2020-02-10 17:00:00,272.88498,272.6437,1.410141,-0.19256592
2020-02-10 18:00:00,272.3544,272.1094,1.3149719,-0.6483154
2020-02-10 19:00:00,272.20786,271.99762,1.2067566,-0.9893036
2020-02-10 20:00:00,272.04974,271.79492,0.85739136,-0.97517395
2020-02-10 21:00:00,271.76135,271.48883,0.5254669,-1.1937866
2020-02-10 22:00:00,271.16696,270.87128,0.72891235,-1.3260803
2020-02-10 23:00:00,270.81335,270.50378,0.7634125,-1.1375732
2020-02-11 00:00:00,270.3864,269.88867,0.93478394,-1.1128387
2020-02-11 01:00:00,269.9616,269.32724,0.76249695,-0.955307
2020-02-11 02:00:00,269.8199,269.10217,0.90457153,-0.947876
2020-02-11 03:00:00,269.90533,269.0906,1.220932,-0.85902405
2020-02-11 04:00:00,270.23102,269.17456,1.232544,-0.84954834
2020-02-11 05:00:00,270.7527,269.09827,1.114212,-1.0788879
2020-02-11 06:00:00,271.59763,269.11108,0.7913513,-1.2103729
2020-02-11 07:00:00,272.59637,270.3932,0.69003296,-1.4828491
2020-02-11 08:00:00,273.21283,270.5608,0.81251526,-1.6153412
2020-02-11 09:00:00,273.5041,270.74142,1.1343384,-1.502655
2020-02-11 10:00:00,273.61353,271.00946,1.2037048,-1.2536163
2020-02-11 11:00:00,273.11398,270.94662,1.0485687,-0.9186249
2020-02-11 12:00:00,273.92676,270.14557,0.75494385,-0.17500305
2020-02-11 13:00:00,273.96967,269.8934,0.38562012,0.49957275
2020-02-11 14:00:00,274.14557,269.65778,0.10202026,0.7622833
2020-02-11 15:00:00,274.54608,269.27173,0.04286194,1.2398987
2020-02-11 16:00:00,274.81424,268.8822,0.021316528,1.2870483
2020-02-11 17:00:00,275.02777,268.5395,-0.10586548,1.3625183
2020-02-11 18:00:00,275.65234,268.31168,-0.109817505,1.3208313
2020-02-11 19:00:00,275.38388,268.50482,0.36825562,1.2582703
2020-02-11 20:00:00,274.43298,268.07928,-0.16792297,1.5856018
2020-02-11 21:00:00,273.9347,267.64496,-0.50860596,1.6982574
2020-02-11 22:00:00,271.67377,266.64386,-0.5648804,2.3005066
2020-02-11 23:00:00,270.57224,265.82135,-0.3503723,2.835495
2020-02-12 00:00:00,270.50763,265.51776,-0.18380737,3.4022675
2020-02-12 01:00:00,270.62543,265.58417,-0.09527588,3.9663544
2020-02-12 02:00:00,270.08575,265.9726,-0.035949707,4.483902
2020-02-12 03:00:00,270.349,266.07788,0.014892578,4.521942
2020-02-12 04:00:00,272.35437,267.68826,0.30718994,4.0163727
2020-02-12 05:00:00,275.05658,269.7127,0.8349304,2.8921356
2020-02-12 06:00:00,278.3449,270.5838,1.1019745,1.4306793
2020-02-12 07:00:00,280.32098,269.46558,1.1319733,1.4479218
2020-02-12 08:00:00,283.42468,268.55637,0.7590332,-0.1391449
2020-02-12 09:00:00,283.0516,270.1502,0.55003357,-1.0776062
2020-02-12 10:00:00,282.76154,271.20038,0.55570984,-0.9405823
2020-02-12 11:00:00,281.74353,271.9761,0.9404907,-0.7718506
2020-02-12 12:00:00,280.9746,272.29974,1.043045,0.25030518
2020-02-12 13:00:00,280.23724,271.7514,0.35131836,1.6171875
2020-02-12 14:00:00,280.14587,271.00818,-0.33003235,1.7970581
2020-02-12 15:00:00,277.85123,269.65668,-0.425354,2.1458588
2020-02-12 16:00:00,278.12042,269.22034,-0.14100647,2.1368866
2020-02-12 17:00:00,278.37125,269.09406,0.29621887,2.0646696
2020-02-12 18:00:00,280.4258,269.55365,0.49327087,1.6782227
2020-02-12 19:00:00,280.3059,269.2699,1.3610077,0.096725464
2020-02-12 20:00:00,278.07166,269.98822,1.691391,0.2164154
2020-02-12 21:00:00,275.461,270.174,1.9944153,0.19941711
2020-02-12 22:00:00,275.75302,271.7708,1.2003479,-0.6034546
2020-02-12 23:00:00,274.7115,271.96136,0.42869568,-0.61772156
2020-02-13 00:00:00,273.8666,272.05908,0.78227234,0.36434937
2020-02-13 01:00:00,273.36014,272.25275,0.3179016,-0.18145752
2020-02-13 02:00:00,272.59497,272.3488,-0.1151886,-0.42019272
2020-02-13 03:00:00,272.44348,272.27057,-0.855423,0.15086174
2020-02-13 04:00:00,271.90216,271.50882,-1.2637329,0.03520012
2020-02-13 05:00:00,272.60385,272.1818,-1.0236053,-0.8153305
2020-02-13 06:00:00,273.77344,272.51007,-0.37408447,-1.8661442
2020-02-13 07:00:00,273.29044,272.91296,0.99342346,-1.9439087
2020-02-13 08:00:00,273.11548,272.60938,1.1302795,-2.1849556
2020-02-13 09:00:00,272.71503,272.31714,0.952652,-1.916645
2020-02-13 10:00:00,272.4552,271.9586,0.8254852,-1.7057133
2020-02-13 11:00:00,272.0213,271.7425,1.0848541,-1.5023804
2020-02-13 12:00:00,271.45532,271.1629,1.3712769,-1.0013885
2020-02-13 13:00:00,271.04944,270.6115,1.1725922,-0.45048523
2020-02-13 14:00:00,270.64893,270.15033,0.93940735,-0.5832977
2020-02-13 15:00:00,270.66846,270.1294,0.77565,-0.604599
2020-02-13 16:00:00,271.18402,270.5735,0.35853577,-0.100753784
2020-02-13 17:00:00,271.37433,270.54147,-0.1906128,0.5201416
2020-02-13 18:00:00,271.60492,270.55978,-0.72080994,0.43867493
2020-02-13 19:00:00,272.21545,271.00214,-0.70072937,0.7724762
2020-02-13 20:00:00,272.3408,270.80627,-0.17689514,1.0857086
2020-02-13 21:00:00,272.30884,270.7997,-0.06401062,1.078949
2020-02-13 22:00:00,271.70233,270.39398,-0.2111969,1.2503815
2020-02-13 23:00:00,271.2541,269.86456,-0.27069092,1.3757019
2020-02-14 00:00:00,269.74402,268.43896,-0.52116394,1.7492523
2020-02-14 01:00:00,268.9129,267.3421,-0.8008423,2.191208
2020-02-14 02:00:00,268.67902,266.5452,-0.70918274,2.3811646
2020-02-14 03:00:00,268.51877,265.8852,-0.5703888,2.5351715
2020-02-14 04:00:00,269.6045,266.3457,-0.44288635,2.2754211
2020-02-14 05:00:00,273.24783,267.62744,-0.64689636,1.3018036
2020-02-14 06:00:00,275.79645,267.73737,-1.0563049,-0.02418518
2020-02-14 07:00:00,277.19977,268.98026,-0.8463898,-0.60661316
2020-02-14 08:00:00,277.95795,268.85147,-0.3561554,-1.0511932
2020-02-14 09:00:00,278.0567,269.10504,0.3673706,-1.3825836
2020-02-14 10:00:00,277.9634,269.53015,0.54119873,-1.455719
2020-02-14 11:00:00,277.98895,269.4964,0.3829651,-1.0869141
2020-02-14 12:00:00,277.59805,269.57532,0.13162231,-0.35350037
2020-02-14 13:00:00,277.07898,269.49716,-0.34620667,0.8136902
2020-02-14 14:00:00,275.67975,268.22412,-0.75494385,1.7477417
2020-02-14 15:00:00,272.37225,265.8117,-1.0042114,2.2985992
2020-02-14 16:00:00,270.94324,264.11743,-0.7279358,2.7994537
2020-02-14 17:00:00,269.69806,262.5904,-0.2268219,3.2432861
2020-02-14 18:00:00,269.02252,261.64072,-0.2513733,3.7723846
2020-02-14 19:00:00,268.32715,261.57806,0.00048828125,4.524353
2020-02-14 20:00:00,268.87146,261.6704,0.065597534,4.5507355
2020-02-14 21:00:00,268.8717,261.31006,0.18917847,4.6542053
2020-02-14 22:00:00,268.85672,261.0619,0.2728119,4.6676636
2020-02-14 23:00:00,268.88574,260.8635,0.27500916,4.663971
2020-02-15 00:00:00,268.99948,260.7805,0.24809265,4.651764
2020-02-15 01:00:00,269.24866,260.92456,0.2497406,4.6051636
2020-02-15 02:00:00,269.21066,260.7527,0.34991455,4.5774384
2020-02-15 03:00:00,269.70328,261.21423,0.47903442,4.303589
2020-02-15 04:00:00,271.2108,262.9689,0.719574,3.4711914
2020-02-15 05:00:00,275.98,263.16437,1.0462952,1.7874756
2020-02-15 06:00:00,280.37378,261.10016,0.92697144,-0.20137024
2020-02-15 07:00:00,280.3382,263.3689,0.07701111,-0.7203522
2020-02-15 08:00:00,280.66595,265.48474,0.21072388,-0.8225708
2020-02-15 09:00:00,279.9244,267.31085,0.8091583,-1.0869904
2020-02-15 10:00:00,278.96136,267.55554,1.30159,-1.0210724
2020-02-15 11:00:00,279.04352,267.51105,1.061203,-0.47503662
2020-02-15 12:00:00,278.8928,267.53735,1.2193756,0.10877991
2020-02-15 13:00:00,277.7425,267.5952,1.649643,0.71084595
2020-02-15 14:00:00,276.48038,267.5107,1.7121582,0.88580894
2020-02-15 15:00:00,275.73,267.74554,1.5973206,1.0996017
2020-02-15 16:00:00,274.68445,267.58438,1.8903198,0.87649536
2020-02-15 17:00:00,272.3023,267.32294,2.5614777,0.37075806
2020-02-15 18:00:00,271.77893,268.17416,2.400177,0.20443726
2020-02-15 19:00:00,271.48303,269.65527,0.387949,1.9823914
2020-02-15 20:00:00,270.63004,268.6313,-0.37319946,1.9822235
2020-02-15 21:00:00,270.74158,269.26324,-0.90527344,1.6395416
2020-02-15 22:00:00,270.63275,269.19803,-1.3683777,1.2313995
2020-02-15 23:00:00,270.3814,269.84412,-1.7892303,0.25102234
2020-02-16 00:00:00,269.97943,269.65027,-1.8723907,-0.6952667
2020-02-16 01:00:00,269.4441,269.16214,-1.8834229,-1.0643158
2020-02-16 02:00:00,268.91113,268.5655,-1.893219,-0.6556244
2020-02-16 03:00:00,268.70508,268.2895,-2.2077484,-0.25238037
2020-02-16 04:00:00,269.48154,268.9756,-2.4732208,-0.40711975
2020-02-16 05:00:00,270.41418,269.58722,-2.5769043,-0.9298706
2020-02-16 06:00:00,270.693,269.20764,-2.6622772,-0.94129944
2020-02-16 07:00:00,271.05103,268.82925,-2.3383484,-1.1755066
2020-02-16 08:00:00,271.5528,268.5989,-2.3223267,-1.3271332
2020-02-16 09:00:00,271.47223,268.45343,-1.5337982,-1.9758606
2020-02-16 10:00:00,270.77252,267.8117,-1.0663452,-1.953949
2020-02-16 11:00:00,271.65598,267.54456,-0.5812378,-1.4712677
2020-02-16 12:00:00,272.25635,267.26562,-0.48492432,-0.6713104
2020-02-16 13:00:00,272.01538,266.78543,-0.7180786,0.37268066
2020-02-16 14:00:00,271.8626,265.91376,-1.0713959,1.0658569
2020-02-16 15:00:00,269.86334,263.84305,-1.0267944,1.7708435
2020-02-16 16:00:00,268.0869,261.52762,-0.5611725,2.3338013
2020-02-16 17:00:00,267.10034,259.54462,-0.15600586,2.6547546
2020-02-16 18:00:00,266.71942,258.00952,0.108444214,2.8072357
2020-02-16 19:00:00,264.2061,256.51245,0.46161175,4.028061
2020-02-16 20:00:00,264.88824,256.51624,0.71719074,3.7585297
2020-02-16 21:00:00,265.55203,256.71408,1.0787296,3.2384644
2020-02-16 22:00:00,267.44574,257.01788,1.4560375,2.3358917
2020-02-16 23:00:00,270.32043,257.40967,1.5282774,1.2815552
2020-02-17 00:00:00,272.0176,258.1761,1.1054907,0.9716797
2020-02-17 01:00:00,271.7119,258.55157,0.61026764,0.8880768
2020-02-17 02:00:00,271.67072,259.12335,0.22162628,0.5891266
2020-02-17 03:00:00,271.513,259.7699,-0.12504959,0.5247345
2020-02-17 04:00:00,271.7153,260.42303,-0.61031723,0.35684204
2020-02-17 05:00:00,272.1322,261.40973,-0.8100014,-0.11465454
2020-02-17 06:00:00,272.41867,263.42245,-0.69480515,-0.70887756
2020-02-17 07:00:00,272.0844,265.65955,-0.22764206,-1.3167839
2020-02-17 08:00:00,271.93582,266.87347,-0.22154236,-1.476759
2020-02-17 09:00:00,271.77252,267.50275,-0.22407532,-1.6772175
2020-02-17 10:00:00,271.50592,267.625,-0.200943,-1.6577625
2020-02-17 11:00:00,271.53064,267.77966,-0.13282776,-1.410038
2020-02-17 12:00:00,271.28003,268.0517,-0.061264038,-1.0431652
2020-02-17 13:00:00,271.01785,268.32153,-0.08143616,-0.31393433
2020-02-17 14:00:00,270.96033,268.33698,-0.28433228,0.2073822
2020-02-17 15:00:00,270.82452,268.22433,-0.34970093,0.20169067
2020-02-17 16:00:00,270.5708,268.0393,-0.24432373,0.35862732
2020-02-17 17:00:00,270.3192,267.71194,-0.07044983,0.5792084
2020-02-17 18:00:00,270.14594,267.43542,0.12657166,0.47465515
2020-02-17 19:00:00,270.96823,267.4483,0.1546936,0.044677734
2020-02-17 20:00:00,270.67957,267.6242,0.4386444,0.08811951
2020-02-17 21:00:00,270.33676,267.766,0.7490692,-0.15907288
2020-02-17 22:00:00,269.6698,267.8356,1.0322113,-0.3742218
2020-02-17 23:00:00,269.02008,267.8312,1.2052765,-0.29681396
2020-02-18 00:00:00,268.78937,268.00467,1.1351681,-0.40776062
2020-02-18 01:00:00,268.73117,268.29263,0.9615097,-0.60627747
2020-02-18 02:00:00,268.7112,268.13846,0.9650421,-0.57896423
2020-02-18 03:00:00,268.6621,268.12625,0.9582367,-0.6607666
2020-02-18 04:00:00,268.67468,268.12234,0.96643066,-0.8865967
2020-02-18 05:00:00,268.46014,267.80133,0.9667969,-1.1664429
2020-02-18 06:00:00,268.87375,267.91833,1.2052002,-1.61203
2020-02-18 07:00:00,269.91864,268.7232,1.4184113,-2.028366
2020-02-18 08:00:00,270.133,268.79694,1.7737732,-1.9069061
2020-02-18 09:00:00,269.998,268.34125,2.0406647,-1.7004395
2020-02-18 10:00:00,269.66382,268.43378,2.1927948,-1.124649
2020-02-18 11:00:00,269.35425,268.40833,1.9871368,-0.5371704
2020-02-18 12:00:00,268.50998,267.76505,1.6302948,-0.44966125
2020-02-18 13:00:00,267.7159,267.1678,1.5319366,-0.51730347
2020-02-18 14:00:00,267.615,267.11844,1.4804382,-0.4186554
2020-02-18 15:00:00,267.86566,267.3237,1.3617706,0.21760559
2020-02-18 16:00:00,268.79822,267.88647,1.0034637,0.59146214
2020-02-18 17:00:00,268.34015,267.3194,0.55867004,0.79395485
2020-02-18 18:00:00,268.2912,267.14117,0.15361023,0.8606615
2020-02-18 19:00:00,267.5891,266.58502,0.17771244,1.377882
2020-02-18 20:00:00,264.55954,263.7722,0.23224926,2.0041656
2020-02-18 21:00:00,262.59802,261.61804,0.27293205,2.5161257
2020-02-18 22:00:00,261.37415,260.1573,0.079574585,2.8759346
2020-02-18 23:00:00,261.2541,259.72394,-0.04637146,2.8950968
2020-02-19 00:00:00,261.56952,259.8283,0.044555664,2.834034
2020-02-19 01:00:00,261.05978,258.89413,-0.037475586,2.982254
2020-02-19 02:00:00,261.7646,258.65396,-0.30314636,2.852951
2020-02-19 03:00:00,262.49896,258.03967,-0.49664307,2.7725525
2020-02-19 04:00:00,266.7872,258.68524,-0.52215576,2.0016632
2020-02-19 05:00:00,270.2175,259.30203,-0.6015625,0.104599
2020-02-19 06:00:00,271.23163,259.98712,-0.36639404,-0.44003296
2020-02-19 07:00:00,271.70163,261.23248,0.016464233,-1.0883236
2020-02-19 08:00:00,272.06903,261.55945,0.1835022,-1.3569641
2020-02-19 09:00:00,272.36063,261.86383,0.42276,-1.4963837
2020-02-19 10:00:00,272.35138,262.09695,0.51612854,-1.6120148
2020-02-19 11:00:00,272.6624,262.1608,0.48002625,-1.3067055
2020-02-19 12:00:00,272.72906,262.14713,0.47535706,-0.22765636
2020-02-19 13:00:00,272.54315,261.82068,0.0962677,1.1850729
2020-02-19 14:00:00,272.5118,260.73486,-0.24372864,1.8762512
2020-02-19 15:00:00,272.93274,260.08875,-0.30497742,1.5314941
2020-02-19 16:00:00,273.2926,259.26486,-0.35479736,1.7771759
2020-02-19 17:00:00,273.0728,257.7652,-0.69177246,1.927887
2020-02-19 18:00:00,270.71576,256.03577,-0.9617615,2.2920532
2020-02-19 19:00:00,272.5896,254.79886,-0.3599701,2.2987976
2020-02-19 20:00:00,274.0536,253.63614,-0.35928345,2.2043457
2020-02-19 21:00:00,271.48322,252.58388,-0.27848816,2.6420898
2020-02-19 22:00:00,270.73492,251.52654,-0.28601074,2.8506317
2020-02-19 23:00:00,270.69455,250.83598,-0.42712402,2.9398956
2020-02-20 00:00:00,270.45624,250.79022,-0.588974,3.0504456
2020-02-20 01:00:00,270.19446,251.64201,-0.58654785,3.182373
2020-02-20 02:00:00,270.12982,252.54242,-0.5327606,3.2746124
2020-02-20 03:00:00,271.1089,253.69795,-0.47001648,3.1979523
2020-02-20 04:00:00,275.5091,254.9077,-0.3422699,2.586029
2020-02-20 05:00:00,280.3426,255.3297,-0.05529785,1.4854889
2020-02-20 06:00:00,281.1637,256.48462,0.2023468,0.61109924
2020-02-20 07:00:00,281.48743,258.60974,0.504776,0.1849823
2020-02-20 08:00:00,282.1095,260.31903,0.5266266,0.26904297
2020-02-20 09:00:00,282.66165,261.44275,0.40812683,0.21936035
2020-02-20 10:00:00,282.88196,261.89087,0.5287018,0.5713196
2020-02-20 11:00:00,282.83978,261.78906,0.6696167,1.4770203
2020-02-20 12:00:00,281.00964,260.81744,0.4935913,2.3378296
2020-02-20 13:00:00,278.0926,259.33252,0.36436462,2.8089294
2020-02-20 14:00:00,277.7292,258.22513,0.2337799,2.915722
2020-02-20 15:00:00,279.25287,257.5897,0.22904968,2.7308445
2020-02-20 16:00:00,281.89014,257.2558,-0.020980835,2.4776707
2020-02-20 17:00:00,281.22598,256.8527,-0.6064911,2.4290266
2020-02-20 18:00:00,276.4588,256.24896,-0.9085846,2.8542938
2020-02-20 19:00:00,267.8051,257.7983,-0.054229736,4.5786285
2020-02-20 20:00:00,268.38745,258.07043,-0.03477478,4.551443
2020-02-20 21:00:00,268.67908,258.2661,0.05596924,4.5689354
2020-02-20 22:00:00,268.8633,258.49237,0.06277466,4.6303635
2020-02-20 23:00:00,269.07724,258.8361,-0.02230835,4.731167
2020-02-21 00:00:00,269.312,259.30624,-0.047698975,4.819563
2020-02-21 01:00:00,269.66556,259.85413,0.063812256,4.796176
2020-02-21 02:00:00,269.90353,260.00024,0.065322876,4.771653
2020-02-21 03:00:00,270.60437,260.79944,-0.05909729,4.5500984
2020-02-21 04:00:00,272.4852,262.14587,-0.154068,4.0021763
2020-02-21 05:00:00,277.9378,262.56122,-0.18174744,3.058055
2020-02-21 06:00:00,286.52124,261.3659,-0.36767578,1.7058067
2020-02-21 07:00:00,287.31006,264.0919,0.38967896,1.8554058
2020-02-21 08:00:00,288.27377,264.4179,0.9568329,-0.08860588
2020-02-21 09:00:00,287.62494,267.20355,1.5240784,-0.5983658
2020-02-21 10:00:00,286.1234,269.70477,1.718277,-0.5699711
2020-02-21 11:00:00,285.47134,271.80072,1.6744385,-0.042684555
2020-02-21 12:00:00,284.47162,272.2296,1.2424927,1.0789928
2020-02-21 13:00:00,283.74774,271.05978,0.25801086,2.0808754
2020-02-21 14:00:00,279.61646,268.2293,-0.4508667,2.6485462
2020-02-21 15:00:00,277.09906,266.42194,-0.59780884,2.8764496
2020-02-21 16:00:00,276.64197,265.63934,-0.6118469,2.9045162
2020-02-21 17:00:00,275.82208,264.6714,-0.47895813,3.0607471
2020-02-21 18:00:00,275.88547,263.82407,-0.3445282,3.0701714
2020-02-21 19:00:00,274.34113,260.92432,-0.086120605,3.3979416
2020-02-21 20:00:00,275.94217,260.35577,-0.15745544,3.1154442
2020-02-21 21:00:00,276.8512,259.5036,-0.34135437,2.9142942
2020-02-21 22:00:00,275.37314,258.46863,-0.70957947,2.9944677
2020-02-21 23:00:00,273.35855,257.85287,-1.1969299,3.1727533
2020-02-22 00:00:00,271.9314,257.86078,-1.4642181,3.354498
2020-02-22 01:00:00,271.24487,258.90417,-1.416336,3.618575
2020-02-22 02:00:00,271.42816,260.53992,-1.0870819,3.7924442
2020-02-22 03:00:00,272.0654,261.70026,-0.8358307,3.7361574
2020-02-22 04:00:00,275.4524,262.25064,-0.32278442,2.966072
2020-02-22 05:00:00,283.0879,261.49557,0.27157593,1.0256624
2020-02-22 06:00:00,281.5115,265.1632,1.8442688,-1.2667255
2020-02-22 07:00:00,277.3482,267.75812,2.8024597,-2.0394964
2020-02-22 08:00:00,276.1297,271.48602,2.9893217,-2.1374083
2020-02-22 09:00:00,276.99197,273.114,1.6152668,-2.0191202
2020-02-22 10:00:00,278.4015,273.77924,0.42091846,-1.8387842
2020-02-22 11:00:00,278.22873,273.83337,0.15396214,-1.5211163
2020-02-22 12:00:00,277.95114,274.1919,0.31063938,-1.2213669
2020-02-22 13:00:00,277.22064,274.30316,0.6810007,-0.94257355
2020-02-22 14:00:00,276.70587,274.35437,0.2772646,-0.8379402
2020-02-22 15:00:00,276.20087,274.3461,-0.10923672,-0.7763672
2020-02-22 16:00:00,275.75537,274.3455,-0.37543488,-0.76856995
2020-02-22 17:00:00,275.1809,273.52655,-0.702446,-0.95755005
2020-02-22 18:00:00,274.8529,273.4499,-0.61838436,-0.75930786
2020-02-22 19:00:00,273.5278,272.20062,-0.21705627,-0.84413147
2020-02-22 20:00:00,273.03284,271.76932,-0.97184753,-0.68029785
2020-02-22 21:00:00,272.69553,271.25305,-1.3025818,-0.58091736
2020-02-22 22:00:00,272.48743,271.1192,-1.4022064,-0.35578918
2020-02-22 23:00:00,272.13715,270.83636,-1.5469189,-0.046920776
2020-02-23 00:00:00,271.8349,270.46478,-1.6091003,0.1714325
2020-02-23 01:00:00,271.20355,269.5066,-1.6336212,0.44711304
2020-02-23 02:00:00,271.0415,269.02264,-1.6800995,0.53970146
2020-02-23 03:00:00,271.97098,269.25604,-1.4874725,0.68144226
2020-02-23 04:00:00,273.88937,270.1632,-1.2453766,0.20611572
2020-02-23 05:00:00,274.59253,270.82007,-0.90164185,-0.3710327
2020-02-23 06:00:00,275.12338,271.35562,-0.39814758,-0.92224884
2020-02-23 07:00:00,275.5909,271.8437,0.13725281,-1.2395382
2020-02-23 08:00:00,276.12616,272.22177,0.42912292,-1.2710934
2020-02-23 09:00:00,276.17456,272.18835,0.68582153,-1.4212399
2020-02-23 10:00:00,276.53467,272.5317,0.7006378,-1.3151836
2020-02-23 11:00:00,276.77313,272.86438,0.6867523,-1.0115414
2020-02-23 12:00:00,276.74945,273.20264,0.8720856,-0.42079735
2020-02-23 13:00:00,276.1673,272.94525,1.0784912,0.57419777
2020-02-23 14:00:00,276.13153,272.49945,1.0830078,0.8662033
2020-02-23 15:00:00,275.97714,272.13312,0.96984863,0.8004904
2020-02-23 16:00:00,275.9126,271.78955,0.55029297,1.0616903
2020-02-23 17:00:00,275.91266,271.1991,-0.0320282,1.2458858
2020-02-23 18:00:00,275.93927,270.91876,-0.26185608,1.2180519
2020-02-23 19:00:00,276.63287,269.0116,0.31175232,1.2514677
2020-02-23 20:00:00,276.62463,268.5595,0.13931274,1.2867107
2020-02-23 21:00:00,276.61337,268.13327,-0.13014221,1.2920046
2020-02-23 22:00:00,276.60672,267.90295,-0.21722412,1.325882
2020-02-23 23:00:00,276.5161,267.62976,-0.30830383,1.4974365
2020-02-24 00:00:00,276.33136,267.135,-0.5265503,1.7157745
2020-02-24 01:00:00,275.05057,266.46362,-0.72924805,2.0149536
2020-02-24 02:00:00,274.83862,265.85416,-0.6584778,2.1142426
2020-02-24 03:00:00,275.84033,265.81128,-0.4725952,2.0045624
2020-02-24 04:00:00,278.52777,266.2719,-0.15834045,1.4066315
2020-02-24 05:00:00,279.4222,266.8997,0.40794373,0.27926636
2020-02-24 06:00:00,279.99445,268.24847,0.7497406,-0.81422424
2020-02-24 07:00:00,280.1819,270.2648,0.49015808,-0.84407043
2020-02-24 08:00:00,279.79913,271.70908,0.8353729,-1.0202026
2020-02-24 09:00:00,277.83704,273.10986,1.395401,-1.2164154
2020-02-24 10:00:00,276.0103,273.39642,1.7144012,-0.98583984
2020-02-24 11:00:00,275.27954,273.58444,1.8571472,-0.9167023
2020-02-24 12:00:00,274.33212,273.21146,1.963089,-0.8375521
2020-02-24 13:00:00,273.75095,272.8546,1.9734039,-0.24689007
2020-02-24 14:00:00,274.96082,273.27277,1.3107452,0.54722595
2020-02-24 15:00:00,276.45355,273.62732,-0.62442017,0.018292427
2020-02-24 16:00:00,274.19128,272.66464,-1.5568237,0.8180227
2020-02-24 17:00:00,273.4807,271.66998,-1.0605774,2.1002808
2020-02-24 18:00:00,272.91132,270.63403,-0.52285767,2.4982758
2020-02-24 19:00:00,273.362,270.5575,-0.73106384,2.190734
2020-02-24 20:00:00,271.9059,268.88647,-0.66799927,2.637805
2020-02-24 21:00:00,271.7177,268.54324,-0.49136353,2.779892
2020-02-24 22:00:00,271.67868,268.28912,-0.29692078,2.8630085
2020-02-24 23:00:00,271.44208,267.94427,-0.31141663,2.973009
2020-02-25 00:00:00,271.3772,268.17346,-0.18600464,3.0221338
2020-02-25 01:00:00,271.69342,268.84772,-0.22109985,2.986803
2020-02-25 02:00:00,271.54984,268.77942,-0.38404846,3.0569067
2020-02-25 03:00:00,272.4729,269.6902,-0.6059723,2.5895424
2020-02-25 04:00:00,276.36328,271.27322,-0.62228394,1.580039
2020-02-25 05:00:00,279.72247,272.27585,-0.82759094,-0.1873169
2020-02-25 06:00:00,279.82837,273.54437,-0.95176697,-0.9721985
2020-02-25 07:00:00,280.64752,273.53558,-0.9037266,-1.0733643
2020-02-25 08:00:00,281.00888,273.82318,-0.61559963,-1.37817
2020-02-25 09:00:00,281.56342,274.0505,-0.2648344,-1.4346952
2020-02-25 10:00:00,281.90674,274.61273,-0.18015766,-1.3824635
2020-02-25 11:00:00,282.10452,274.9248,-0.105612755,-0.90234375
2020-02-25 12:00:00,281.7438,274.58734,-0.029942513,-0.1526947
2020-02-25 13:00:00,281.22272,273.9704,-0.32396317,1.1006165
2020-02-25 14:00:00,277.235,271.2135,-0.5614176,2.2743587
2020-02-25 15:00:00,274.12448,268.9136,-0.5793934,2.9816885
2020-02-25 16:00:00,271.40912,267.5016,-0.16551876,3.682086
2020-02-25 17:00:00,270.7417,267.30487,0.05798149,3.9840631
2020-02-25 18:00:00,270.4076,266.78345,0.085012436,4.1149635
2020-02-25 19:00:00,272.85785,267.82928,0.11899948,4.2704563
2020-02-25 20:00:00,272.7472,267.6164,0.20650864,4.287506
2020-02-25 21:00:00,272.4931,267.117,0.15466309,4.2678986
2020-02-25 22:00:00,272.17902,266.9653,-0.09083557,4.341736
2020-02-25 23:00:00,271.7382,266.56787,-0.1538086,4.521927
2020-02-26 00:00:00,272.15732,266.36804,-0.026504517,4.6100616
2020-02-26 01:00:00,272.5604,266.35486,0.006668091,4.7105904
2020-02-26 02:00:00,273.01874,266.531,-0.034591675,4.6905937
2020-02-26 03:00:00,274.5833,268.1285,-0.06665039,4.418089
2020-02-26 04:00:00,276.7046,270.36417,-0.115249634,3.8904877
2020-02-26 05:00:00,278.9229,272.76022,-0.21038818,3.1896
2020-02-26 06:00:00,281.8653,273.01965,-0.8023987,2.2086678
2020-02-26 07:00:00,283.97098,273.18396,-1.0905457,2.0010433
2020-02-26 08:00:00,285.94373,273.27032,-1.6873932,1.2160969
2020-02-26 09:00:00,285.67007,274.17017,-1.980957,0.9411869
2020-02-26 10:00:00,285.09448,274.88293,-1.9537964,1.1565857
2020-02-26 11:00:00,286.25107,274.5453,-0.92404175,1.7337685
2020-02-26 12:00:00,281.19205,273.139,0.31669617,2.7980042
2020-02-26 13:00:00,277.98505,271.9001,0.13098145,3.5816803
2020-02-26 14:00:00,276.8957,271.1335,-0.020858765,3.775772
2020-02-26 15:00:00,277.03928,271.2543,-0.10688782,3.7548218
2020-02-26 16:00:00,277.0171,271.28827,-0.035812378,3.7003326
2020-02-26 17:00:00,276.88138,271.69705,0.15699768,3.470932
2020-02-26 18:00:00,276.65985,271.8272,0.3335266,3.2495728
2020-02-26 19:00:00,277.0088,271.2635,0.38363647,2.8894348
2020-02-26 20:00:00,280.61948,269.3266,1.1261444,1.4545441
2020-02-26 21:00:00,277.77985,271.636,2.126587,-0.79985046
2020-02-26 22:00:00,277.28314,274.21356,1.8296356,-0.5658417
2020-02-26 23:00:00,275.77655,275.40228,2.29451,-1.5851078
2020-02-27 00:00:00,274.65894,274.0855,1.9920349,-2.015131
2020-02-27 01:00:00,272.89264,272.23645,1.1368561,-1.7666893
2020-02-27 02:00:00,272.10123,271.47467,0.669693,-1.7214832
2020-02-27 03:00:00,271.93155,271.35468,0.30355835,-1.5835094
2020-02-27 04:00:00,272.18784,271.37958,-0.08857727,-1.5116653
2020-02-27 05:00:00,272.74078,271.52167,-0.32185364,-1.5443001
2020-02-27 06:00:00,272.74792,271.54254,-0.2831726,-1.560255
2020-02-27 07:00:00,273.02356,271.76917,-0.3727417,-1.5173721
2020-02-27 08:00:00,273.04593,271.92847,-0.4406433,-1.3198032
2020-02-27 09:00:00,273.2925,272.12152,-0.38952637,-1.2165165
2020-02-27 10:00:00,273.41623,271.93634,-0.6394501,-1.0566139
2020-02-27 11:00:00,273.3296,272.32776,-0.40829468,-1.116087
2020-02-27 12:00:00,273.07587,272.3921,-0.23495483,-0.96499825
2020-02-27 13:00:00,272.54846,272.07404,0.033340454,-0.74660873
2020-02-27 14:00:00,272.79984,272.12854,0.100494385,-0.60983276
2020-02-27 15:00:00,272.52213,271.94733,0.052703857,-0.39603996
2020-02-27 16:00:00,272.44775,271.8745,-0.03135681,-0.25575256
2020-02-27 17:00:00,272.56793,271.917,-0.39588928,-0.25561523
2020-02-27 18:00:00,272.50287,271.79993,-0.5899658,-0.10221863
2020-02-27 19:00:00,270.88678,270.11365,-0.8820038,0.79000854
2020-02-27 20:00:00,269.24628,268.3697,-0.6857147,1.6335907
2020-02-27 21:00:00,268.68726,267.34378,-0.3742981,2.0690355
2020-02-27 22:00:00,268.42126,266.82385,-0.17173767,2.3105621
2020-02-27 23:00:00,268.14648,266.1305,-0.10359192,2.4447632
2020-02-28 00:00:00,267.57294,265.27136,-0.033340454,2.7661133
2020-02-28 01:00:00,267.25818,264.60004,-0.10089111,2.9017181
2020-02-28 02:00:00,267.0749,263.64734,-0.2694702,2.8852844
2020-02-28 03:00:00,268.04654,264.67438,-0.33232117,2.4475403
2020-02-28 04:00:00,274.13528,268.88354,-0.33816528,0.8716278
2020-02-28 05:00:00,275.73407,266.37924,-0.03819275,-0.40555286
2020-02-28 06:00:00,276.62677,270.28772,0.16873169,-0.8525772
2020-02-28 07:00:00,277.00504,270.13605,0.04145813,-1.1778231
2020-02-28 08:00:00,277.27115,270.4466,0.13928223,-1.3787327
2020-02-28 09:00:00,277.4176,270.90887,0.314682,-1.5423174
2020-02-28 10:00:00,277.3532,270.963,0.45401,-1.6268778
2020-02-28 11:00:00,277.99792,270.32092,0.4393921,-1.3170214
2020-02-28 12:00:00,278.12405,270.13373,0.48690796,-0.83697605
2020-02-28 13:00:00,277.1031,269.66687,0.32318115,0.35172176
2020-02-28 14:00:00,276.57526,268.85284,-0.118896484,1.4971285
2020-02-28 15:00:00,273.76886,266.5098,-0.25637817,2.1316671
2020-02-28 16:00:00,272.75403,265.05313,-0.3914795,2.326539
2020-02-28 17:00:00,272.4955,264.0028,-0.4945984,2.382635
2020-02-28 18:00:00,272.3875,263.08984,-0.5689697,2.3994865
2020-02-28 19:00:00,274.0813,262.99484,-0.41459656,2.192585
2020-02-28 20:00:00,273.97495,262.2049,-0.46195984,2.2213993
2020-02-28 21:00:00,273.14972,261.11816,-0.36286926,2.4474716
2020-02-28 22:00:00,272.65588,260.08563,-0.17131042,2.5982609
2020-02-28 23:00:00,272.38354,259.19708,-0.13690186,2.6602478
2020-02-29 00:00:00,270.8943,258.69357,-0.19468689,2.935852
2020-02-29 01:00:00,269.38873,258.95593,-0.16101074,3.194231
2020-02-29 02:00:00,268.00558,259.34467,-0.12660217,3.4034805
2020-02-29 03:00:00,269.53,262.7568,-0.085006714,3.0156345
2020-02-29 04:00:00,277.039,267.6886,-0.0914917,1.7410526
2020-02-29 05:00:00,280.8146,260.7918,-0.3776245,-0.042007446
2020-02-29 06:00:00,281.7951,263.3686,-0.25724792,-0.6088562
2020-02-29 07:00:00,283.03232,267.28012,-0.27394104,-0.97124577
2020-02-29 08:00:00,283.6869,268.95364,-0.056503296,-1.190402
2020-02-29 09:00:00,283.92932,269.77673,0.17544556,-1.2800789
2020-02-29 10:00:00,283.868,270.5376,0.29595947,-1.2994442
2020-02-29 11:00:00,283.60858,272.46884,0.42240906,-1.0050182
2020-02-29 12:00:00,282.56427,272.11545,0.52104187,-0.47031975
2020-02-29 13:00:00,281.4566,271.40088,0.39160156,1.1140203
2020-02-29 14:00:00,277.24628,268.76837,-0.18380737,2.429185
2020-02-29 15:00:00,275.41415,266.68616,-0.60258484,2.7391043
2020-02-29 16:00:00,273.52954,265.0044,-0.7247009,3.0967264
2020-02-29 17:00:00,271.2217,263.47498,-0.3701477,3.4876318
2020-02-29 18:00:00,270.2025,262.69592,-0.044143677,3.7410908
2020-02-29 19:00:00,269.80936,262.70477,0.10624695,4.1426544
2020-02-29 20:00:00,270.25702,262.8531,0.12281799,4.0387573
2020-02-29 21:00:00,270.38968,262.953,0.10871887,4.002777
2020-02-29 22:00:00,270.45554,263.1176,0.11306763,3.963501
2020-02-29 23:00:00,270.47836,263.26855,0.1194458,3.9260712
2020-03-01 00:00:00,270.40613,263.4296,0.092178345,3.9170685
2020-03-01 01:00:00,270.40353,263.71118,0.05152893,3.9196472
2020-03-01 02:00:00,270.40637,263.98978,0.008895874,3.934143
2020-03-01 03:00:00,272.2612,266.7364,-0.012939453,3.4771576
2020-03-01 04:00:00,276.77808,271.23285,-0.027694702,2.4094543
2020-03-01 05:00:00,284.03796,267.18332,-0.44163513,0.5715332
2020-03-01 06:00:00,285.02417,267.99408,-0.41944885,-0.30236816
2020-03-01 07:00:00,285.8665,269.32553,-0.019165039,-0.86875916
2020-03-01 08:00:00,286.4687,270.34424,0.25556946,-1.0340729
2020-03-01 09:00:00,286.67908,270.9361,0.45671082,-1.1162262
2020-03-01 10:00:00,286.5553,271.93884,0.5044861,-1.0049896
2020-03-01 11:00:00,285.9655,274.057,0.46966553,-0.587265
2020-03-01 12:00:00,285.1644,273.89563,0.5414276,0.55059814
2020-03-01 13:00:00,280.06894,271.9969,0.2957611,2.406433
2020-03-01 14:00:00,275.0471,268.7088,0.029571533,3.3949585
2020-03-01 15:00:00,272.66168,267.232,-0.024459839,3.9474182
2020-03-01 16:00:00,271.73816,266.3313,0.008453369,4.148239
2020-03-01 17:00:00,271.4395,265.6848,0.054473877,4.2199554
2020-03-01 18:00:00,271.3185,265.23135,0.06428528,4.259781
2020-03-01 19:00:00,271.6841,265.47107,0.087905884,4.2837524
2020-03-01 20:00:00,271.57068,265.3051,0.08087158,4.246475
2020-03-01 21:00:00,271.57526,265.18494,0.09802246,4.2554016
2020-03-01 22:00:00,271.55896,265.0807,0.119888306,4.257736
2020-03-01 23:00:00,271.58926,264.9836,0.07435608,4.2779694
2020-03-02 00:00:00,271.59637,264.85123,0.041610718,4.291214
2020-03-02 01:00:00,271.69025,264.84888,0.010604858,4.2948
2020-03-02 02:00:00,271.7672,264.89923,0.013092041,4.2892456
2020-03-02 03:00:00,273.9326,267.99905,0.05822754,3.7620697
2020-03-02 04:00:00,277.51935,273.09854,0.15750122,2.7627716
2020-03-02 05:00:00,285.67267,273.8664,0.40011597,1.240509
2020-03-02 06:00:00,287.0719,267.07074,0.9459839,-0.37667847
2020-03-02 07:00:00,287.1165,269.19025,0.29458618,-1.059555
2020-03-02 08:00:00,287.59528,270.4661,0.29214478,-1.1539764
2020-03-02 09:00:00,287.6821,271.5446,0.3736725,-1.2342377
2020-03-02 10:00:00,287.72574,272.1349,0.41827393,-1.1793823
2020-03-02 11:00:00,287.26773,273.6019,0.57554626,-0.8998871
2020-03-02 12:00:00,286.40582,274.7215,0.92022705,-0.32713318
2020-03-02 13:00:00,285.20078,273.94476,0.8830261,1.3690643
2020-03-02 14:00:00,278.21124,270.59998,0.41633606,2.933014
2020-03-02 15:00:00,274.02353,268.4945,0.076553345,3.5797453
2020-03-02 16:00:00,272.74225,267.48285,0.04838562,3.8819866
2020-03-02 17:00:00,272.3609,266.71277,0.08502197,3.9800625
2020-03-02 18:00:00,272.1727,266.16248,0.11392212,3.9824276
2020-03-02 19:00:00,272.8125,266.53125,0.25976562,3.7817602
2020-03-02 20:00:00,272.7072,266.5121,0.3396454,3.5690975
2020-03-02 21:00:00,272.5807,266.52756,0.46855164,3.2675934
2020-03-02 22:00:00,272.3147,268.27362,0.5907593,3.0417652
2020-03-02 23:00:00,272.82153,268.7229,0.34501648,2.8472166
2020-03-03 00:00:00,273.07196,268.46387,-0.07571411,2.7941437
2020-03-03 01:00:00,272.24445,267.64157,-0.21592712,2.7280655
2020-03-03 02:00:00,272.6579,267.88416,-0.11897278,2.5329905
2020-03-03 03:00:00,274.3639,269.84338,-0.038406372,2.0952263
2020-03-03 04:00:00,278.12943,271.30182,0.06062317,1.2084427
2020-03-03 05:00:00,279.47992,271.8871,0.47972107,-0.37475204
2020-03-03 06:00:00,279.0891,273.52856,0.73168945,-1.0020046
2020-03-03 07:00:00,278.4674,275.6396,0.6676178,-1.414504
2020-03-03 08:00:00,277.7262,275.97876,1.0875549,-1.5295506
2020-03-03 09:00:00,277.15222,275.9416,1.3517151,-1.6249475
2020-03-03 10:00:00,276.9533,276.0933,1.4296875,-1.3380785
2020-03-03 11:00:00,276.4298,275.75073,1.5408783,-0.95308113
2020-03-03 12:00:00,275.6211,275.05396,1.597168,-0.4301138
2020-03-03 13:00:00,274.56952,274.05115,1.7044067,0.22697926
2020-03-03 14:00:00,273.72922,273.03522,1.5852966,0.75043297
2020-03-03 15:00:00,273.05304,271.98074,1.5383453,1.1054058
2020-03-03 16:00:00,272.7857,271.3628,1.469635,1.2456684
2020-03-03 17:00:00,272.78674,271.0448,1.3946075,1.278758
2020-03-03 18:00:00,273.03143,270.9126,1.3496246,1.142807
2020-03-03 19:00:00,273.94592,271.69702,1.4106293,0.76789856
2020-03-03 20:00:00,272.90674,270.74432,1.2717438,1.3388329
2020-03-03 21:00:00,273.04242,270.25314,1.166687,1.3936462
2020-03-03 22:00:00,273.65527,270.14304,1.1719818,1.2479134
2020-03-03 23:00:00,274.88165,270.33322,0.91496277,1.2094564
2020-03-04 00:00:00,275.879,270.1807,0.7111511,1.1076126
2020-03-04 01:00:00,276.00983,269.5265,0.5518799,1.34653
2020-03-04 02:00:00,275.6466,268.54102,0.47494602,1.5641193
2020-03-04 03:00:00,276.93402,268.83453,0.40979195,1.1332321
2020-03-04 04:00:00,277.88126,270.4595,0.5321684,0.3817749
2020-03-04 05:00:00,279.06726,272.11075,0.7422781,-0.32062244
2020-03-04 06:00:00,279.16748,273.75677,1.001728,-0.7529316
2020-03-04 07:00:00,279.3777,274.09634,0.31465244,-1.3235741
2020-03-04 08:00:00,279.56378,274.46188,0.50940895,-1.4619904
2020-03-04 09:00:00,279.6032,274.68823,0.6176243,-1.5823059
2020-03-04 10:00:00,279.91022,274.67136,0.52159405,-1.5957794
2020-03-04 11:00:00,280.07254,274.36908,0.35430527,-1.5010834
2020-03-04 12:00:00,280.4391,274.86636,0.37352943,-1.0296936
2020-03-04 13:00:00,279.34955,274.4563,0.27354813,-0.24391174
2020-03-04 14:00:00,278.5431,273.9124,-0.14619541,1.2015076
2020-03-04 15:00:00,276.85883,272.0762,-0.3333702,1.8943882
2020-03-04 16:00:00,274.38,269.68408,-0.34923744,2.3207235
2020-03-04 17:00:00,272.99994,267.94397,-0.21492767,2.5947266
2020-03-04 18:00:00,272.93433,267.09677,-0.13703251,2.621521
2020-03-04 19:00:00,270.88373,266.06708,0.12565708,3.0189056
2020-03-04 20:00:00,270.31274,265.8291,0.08217621,3.0840302
2020-03-04 21:00:00,269.58826,265.42896,0.16114616,3.1764488
2020-03-04 22:00:00,269.78436,265.3022,0.2756195,3.0586643
2020-03-04 23:00:00,270.43408,265.30124,0.35438538,2.871935
2020-03-05 00:00:00,271.90527,265.48035,0.38935852,2.5014982
2020-03-05 01:00:00,275.79773,266.12054,0.42715645,1.803772
2020-03-05 02:00:00,276.80402,266.4155,0.38253975,1.5292606
2020-03-05 03:00:00,277.6094,266.99738,0.16003418,1.1565075
2020-03-05 04:00:00,279.02417,268.67474,-0.03666687,0.13441086
2020-03-05 05:00:00,280.1736,269.92755,0.09625244,-0.40470505
2020-03-05 06:00:00,281.2466,271.2777,0.22021484,-0.9656544
2020-03-05 07:00:00,280.59244,273.46088,0.43563843,-1.4904594
2020-03-05 08:00:00,279.75604,274.939,0.69851685,-1.8492851
2020-03-05 09:00:00,279.5456,275.6797,0.71447754,-2.0554981
2020-03-05 10:00:00,279.13965,275.63007,0.65504456,-2.0436897
2020-03-05 11:00:00,278.61475,275.60382,0.6985016,-1.8250275
2020-03-05 12:00:00,278.99835,276.89563,0.660202,-1.1929626
2020-03-05 13:00:00,278.04605,276.53165,0.7043152,-1.149231
2020-03-05 14:00:00,277.80222,276.84424,0.52311707,-1.0207672
2020-03-05 15:00:00,277.49854,277.12906,0.45742798,-0.87875366
2020-03-05 16:00:00,276.96124,276.73248,0.79574585,-0.8125305
2020-03-05 17:00:00,275.64044,275.46155,1.1863098,-0.78772926
2020-03-05 18:00:00,274.48987,274.2909,1.7901764,-0.70506287
2020-03-05 19:00:00,274.09555,274.06726,2.0867462,-0.7169342
2020-03-05 20:00:00,273.50244,273.44974,1.6624298,-0.2388916
2020-03-05 21:00:00,273.41345,273.32913,1.1539917,0.24423218
2020-03-05 22:00:00,273.47208,273.3371,0.41123962,0.6665039
2020-03-05 23:00:00,273.61792,273.12653,-0.07086182,0.65919495
2020-03-06 00:00:00,273.44125,272.898,-0.15872192,0.6190491
2020-03-06 01:00:00,273.30756,272.2239,-0.3973236,0.65031433
2020-03-06 02:00:00,272.85657,272.081,-1.0116119,-0.115356445
2020-03-06 03:00:00,272.575,272.2537,-1.3491364,-0.633173
2020-03-06 04:00:00,273.40253,272.68365,-1.5358429,-0.9344282
2020-03-06 05:00:00,273.919,272.6238,-1.1414032,-1.3515778
2020-03-06 06:00:00,274.16006,272.53015,-0.9488373,-1.5807343
2020-03-06 07:00:00,274.13257,272.4522,-0.05709839,-1.6602392
2020-03-06 08:00:00,274.34637,272.3039,0.13812256,-1.7465363
2020-03-06 09:00:00,274.10815,272.38718,0.0035552979,-1.409668
2020-03-06 10:00:00,273.9486,272.6014,-0.15934753,-1.035202
2020-03-06 11:00:00,273.63275,272.5201,-0.1995697,-0.6691284
2020-03-06 12:00:00,273.28036,272.22247,-0.1639862,-0.08326721
2020-03-06 13:00:00,272.99023,272.26187,-0.18148804,0.44500732
2020-03-06 14:00:00,272.77032,271.77313,-0.35914612,0.70176697
2020-03-06 15:00:00,272.86945,271.56085,-0.25941467,0.44973755
2020-03-06 16:00:00,272.3655,271.67798,0.09114075,0.49530602
2020-03-06 17:00:00,272.34103,272.00116,0.38023376,-0.12609863
2020-03-06 18:00:00,271.938,271.78912,0.61283875,-0.24798584
2020-03-06 19:00:00,270.6219,270.4344,1.1331177,-0.7648926
2020-03-06 20:00:00,269.794,269.5298,1.3834686,-0.7748108
2020-03-06 21:00:00,269.6425,269.33316,1.5028076,-0.49179077
2020-03-06 22:00:00,269.12814,268.78177,1.6849213,-0.071502686
2020-03-06 23:00:00,269.14886,268.72305,1.711731,0.19862366
2020-03-07 00:00:00,268.95996,268.2669,1.7982178,0.23883343
2020-03-07 01:00:00,268.74713,267.91495,1.8326721,0.059764862
2020-03-07 02:00:00,268.57498,267.9135,1.8135986,-0.035064697
2020-03-07 03:00:00,268.77478,268.02255,1.9052124,-0.20497131
2020-03-07 04:00:00,269.13086,267.86035,2.2174377,-0.99180603
2020-03-07 05:00:00,269.36545,267.85532,1.9026794,-1.6386452
2020-03-07 06:00:00,269.5064,267.58868,1.6137695,-1.6302643
2020-03-07 07:00:00,269.4263,266.99194,1.4843597,-1.8113403
2020-03-07 08:00:00,269.71,266.92435,1.5103607,-1.7980652
2020-03-07 09:00:00,269.84375,266.94434,1.3799286,-1.6317749
2020-03-07 10:00:00,269.85837,266.68152,1.1987,-1.2947998
2020-03-07 11:00:00,269.72943,266.6514,0.9889221,-1.2151489
2020-03-07 12:00:00,268.8247,266.7296,0.6365204,-0.9961853
2020-03-07 13:00:00,268.53912,265.8446,0.48062134,-0.53627014
2020-03-07 14:00:00,267.73828,265.46872,0.24397278,0.24958801
2020-03-07 15:00:00,267.1515,264.91565,-0.09057617,1.0541687
2020-03-07 16:00:00,265.68512,263.2382,-0.17979431,1.5856171
2020-03-07 17:00:00,264.59143,261.89435,-0.31027222,1.8251495
2020-03-07 18:00:00,263.86163,260.7306,-0.34887695,2.0411835
2020-03-07 19:00:00,262.71112,259.00244,-0.16949463,2.5571747
2020-03-07 20:00:00,262.65384,258.35114,-0.34718323,2.7545013
2020-03-07 21:00:00,262.43817,256.95874,-0.45585632,3.1626892
2020-03-07 22:00:00,261.62585,255.52245,-0.3162384,3.4976044
2020-03-07 23:00:00,260.96082,254.84122,-0.13349915,3.602539
2020-03-08 00:00:00,260.97812,254.47638,-0.10435486,3.5844116
2020-03-08 01:00:00,261.0368,253.79985,-0.13609314,3.5683594
2020-03-08 02:00:00,261.37042,253.80075,-0.15452576,3.5950165
2020-03-08 03:00:00,263.28735,255.93951,-0.13212585,3.1806946
2020-03-08 04:00:00,265.99316,259.4812,-0.07022095,2.1865997
2020-03-08 05:00:00,271.27313,257.45172,0.44169617,0.5330963
2020-03-08 06:00:00,271.75574,261.34085,0.9100342,-0.5111542
2020-03-08 07:00:00,273.5053,264.26764,0.47113037,-0.8838806
2020-03-08 08:00:00,274.4084,266.0246,0.740036,-1.3720703
2020-03-08 09:00:00,274.11203,266.8446,1.0125427,-1.5425673
2020-03-08 10:00:00,273.60785,267.39868,0.9673157,-1.5964241
2020-03-08 11:00:00,273.81934,264.9053,0.7448425,-1.3125992
2020-03-08 12:00:00,273.96448,264.68903,0.74612427,-0.6451359
2020-03-08 13:00:00,272.65652,263.9419,0.8540344,0.68735504
2020-03-08 14:00:00,270.42514,261.98294,0.46783447,1.91959
2020-03-08 15:00:00,268.68643,260.11823,0.24665833,2.266529
2020-03-08 16:00:00,268.40952,259.06006,0.12788391,2.3496857
2020-03-08 17:00:00,268.8541,258.36383,0.056427002,2.3012123
2020-03-08 18:00:00,269.7749,257.87592,0.19854736,2.1724548
2020-03-08 19:00:00,271.95084,257.77356,0.78982544,1.5845594
2020-03-08 20:00:00,271.75513,257.90744,0.8353882,1.5222569
2020-03-08 21:00:00,271.5855,257.80542,0.7731323,1.5666046
2020-03-08 22:00:00,271.7866,257.8755,0.7482605,1.3948059
2020-03-08 23:00:00,271.79688,257.9831,0.6483307,1.4117002
2020-03-09 00:00:00,271.9563,258.09924,0.43778992,1.3331175
2020-03-09 01:00:00,272.19556,258.25482,0.25517273,1.2429037
2020-03-09 02:00:00,272.19357,258.39642,0.28076172,0.9869127
2020-03-09 03:00:00,272.3847,259.8023,0.36871338,0.6632757
2020-03-09 04:00:00,273.2508,261.15356,0.4965515,-0.29432678
2020-03-09 05:00:00,273.65033,263.08038,0.6623535,-0.8362274
2020-03-09 06:00:00,274.04767,266.31946,0.8266449,-1.1599884
2020-03-09 07:00:00,275.44092,269.37494,0.91363525,-1.5739136
2020-03-09 08:00:00,275.7305,269.41125,1.092453,-1.6561432
2020-03-09 09:00:00,275.69556,268.50946,1.2823792,-1.7978516
2020-03-09 10:00:00,275.09308,269.25253,1.2428436,-1.7230835
2020-03-09 11:00:00,275.86078,268.858,1.0770264,-1.3345337
2020-03-09 12:00:00,276.06232,269.27753,1.0449829,-0.70339966
2020-03-09 13:00:00,275.37167,268.96387,1.3553619,0.46095276
2020-03-09 14:00:00,274.76306,268.25317,1.0232849,1.2003937
2020-03-09 15:00:00,274.4787,267.7464,0.6575165,1.0535126
2020-03-09 16:00:00,274.08273,267.31836,0.32128906,1.2398529
2020-03-09 17:00:00,273.87256,266.63263,0.033569336,1.6133642
2020-03-09 18:00:00,273.83203,265.89752,-0.106048584,1.724472
2020-03-09 19:00:00,274.05255,265.03625,0.05529785,1.7266359
2020-03-09 20:00:00,274.0492,264.4975,0.02999878,1.7418089
2020-03-09 21:00:00,274.09863,263.80127,0.06123352,1.7055769
2020-03-09 22:00:00,274.12335,263.10593,0.05380249,1.7214203
2020-03-09 23:00:00,274.13452,262.4159,0.0018615723,1.7265472
2020-03-10 00:00:00,274.09528,261.70514,-0.03605652,1.8314362
2020-03-10 01:00:00,274.40317,261.25574,0.026016235,1.9888916
2020-03-10 02:00:00,273.79755,260.42535,0.066833496,2.0752563
2020-03-10 03:00:00,275.0598,262.4135,0.018569946,1.4880676
2020-03-10 04:00:00,276.40942,262.64752,0.42182922,0.08001709
2020-03-10 05:00:00,277.17014,263.7613,0.6346283,-0.5548401
2020-03-10 06:00:00,277.74667,265.22064,0.6425934,-0.921875
2020-03-10 07:00:00,277.15833,268.5249,0.5974426,-1.2730713
2020-03-10 08:00:00,278.62323,267.21948,0.68714905,-1.3047638
2020-03-10 09:00:00,277.74664,269.12952,0.77511597,-1.3293915
2020-03-10 10:00:00,278.435,268.82205,0.8567505,-1.197113
2020-03-10 11:00:00,279.0839,268.75592,0.92430115,-0.8920593
2020-03-10 12:00:00,278.43787,269.99213,1.2098541,0.10585022
2020-03-10 13:00:00,275.7724,268.49457,1.4663696,1.4022675
2020-03-10 14:00:00,272.26575,265.94257,1.0255585,2.3338318
2020-03-10 15:00:00,270.05368,264.04333,0.5458374,2.761139
2020-03-10 16:00:00,267.79395,262.5697,0.20040894,3.0108948
2020-03-10 17:00:00,265.9404,261.64044,0.11166382,3.1635742
2020-03-10 18:00:00,265.10272,261.09665,0.08564758,3.2537537
2020-03-10 19:00:00,266.06116,260.8482,0.14048767,3.1380615
2020-03-10 20:00:00,265.03748,260.51538,0.14778137,3.2118835
2020-03-10 21:00:00,264.63693,260.2428,0.14285278,3.2636871
2020-03-10 22:00:00,264.37103,259.93384,0.15385437,3.2745514
2020-03-10 23:00:00,264.11847,259.5501,0.14567566,3.288971
2020-03-11 00:00:00,263.9234,259.3032,0.12310791,3.3191376
2020-03-11 01:00:00,263.833,259.22864,0.09750366,3.3570557
2020-03-11 02:00:00,264.2016,259.59634,0.075286865,3.2708893
2020-03-11 03:00:00,268.98132,263.6099,0.10322571,2.457199
2020-03-11 04:00:00,276.92337,265.10156,0.21096802,0.58706665
2020-03-11 05:00:00,277.98395,263.17426,0.4338684,-0.6245117
2020-03-11 06:00:00,278.42947,265.0694,0.73298645,-1.0003052
2020-03-11 07:00:00,278.05316,269.6549,0.7368927,-1.3767242
2020-03-11 08:00:00,279.52637,267.41077,0.9919739,-1.3340454
2020-03-11 09:00:00,278.46564,270.10968,1.1129608,-1.4134979
2020-03-11 10:00:00,279.4923,268.8322,1.130722,-1.3628845
2020-03-11 11:00:00,280.03967,269.1001,1.013443,-1.224884
2020-03-11 12:00:00,279.89117,270.4998,0.8513031,-0.70744324
2020-03-11 13:00:00,278.90112,269.919,0.8180237,-0.021987915
2020-03-11 14:00:00,278.02994,269.2317,0.5231323,1.0982819
2020-03-11 15:00:00,276.45828,267.88464,0.19657898,2.120514
2020-03-11 16:00:00,272.2771,265.26678,0.20825195,2.610794
2020-03-11 17:00:00,269.48416,263.44376,0.17111206,3.0019836
2020-03-11 18:00:00,266.5592,261.84256,0.09341431,3.2945862
2020-03-11 19:00:00,266.00415,261.56403,0.17019653,3.3423462
2020-03-11 20:00:00,265.6538,261.29993,0.17558289,3.3296509
2020-03-11 21:00:00,265.39032,260.96866,0.1715393,3.3602295
2020-03-11 22:00:00,265.28473,260.71246,0.12657166,3.3733368
2020-03-11 23:00:00,265.1886,260.4389,0.032058716,3.3736725
2020-03-12 00:00:00,265.12546,260.15164,0.0056610107,3.3776398
2020-03-12 01:00:00,265.0539,259.87955,0.025115967,3.3867035
2020-03-12 02:00:00,265.5482,260.2818,0.03578186,3.2567902
2020-03-12 03:00:00,270.70782,264.41394,0.006500244,2.3872833
2020-03-12 04:00:00,277.7666,264.37756,-0.24430847,0.096832275
2020-03-12 05:00:00,278.83466,266.08276,-0.14057922,-0.78240967
2020-03-12 06:00:00,279.30753,268.40997,0.035003662,-1.202591
2020-03-12 07:00:00,279.89258,269.89066,0.042922974,-1.5280457
2020-03-12 08:00:00,280.71414,270.73132,0.15214539,-1.7412872
2020-03-12 09:00:00,279.4634,271.6527,0.33444214,-1.9851227
2020-03-12 10:00:00,279.89502,271.52972,0.5479889,-2.0746765
2020-03-12 11:00:00,279.84778,271.43286,0.6503601,-1.8787994
2020-03-12 12:00:00,280.48444,272.4732,0.6719818,-1.2507477
2020-03-12 13:00:00,280.03268,272.2795,0.92718506,-0.75709534
2020-03-12 14:00:00,279.3358,271.90564,0.8939514,-0.18217468
2020-03-12 15:00:00,278.96698,271.78595,0.6638336,-0.030807495
2020-03-12 16:00:00,278.59247,271.62027,0.40335083,0.09236145
2020-03-12 17:00:00,278.26416,271.49677,0.22930908,-0.06428528
2020-03-12 18:00:00,277.86127,271.38498,0.31166077,-0.30760193
2020-03-12 19:00:00,277.2813,271.00665,1.2372589,-0.19221497
2020-03-12 20:00:00,276.45728,271.36765,1.2142181,0.04322815
2020-03-12 21:00:00,275.8832,271.48422,0.77557373,0.10295105
2020-03-12 22:00:00,275.58252,271.71747,-0.21395874,-0.2569275
2020-03-12 23:00:00,275.07355,271.60516,-0.82476807,-0.23002625
2020-03-13 00:00:00,274.34866,271.10095,-1.5109863,0.41351318
2020-03-13 01:00:00,270.61664,268.06787,-1.7849426,1.5302124
2020-03-13 02:00:00,269.90363,267.04932,-1.5367584,2.1593876
2020-03-13 03:00:00,272.90692,269.05396,-1.4266815,1.6268959
2020-03-13 04:00:00,276.85336,271.18,-1.5268707,0.2753563
2020-03-13 05:00:00,278.4662,272.55,-1.1710968,-0.6057606
2020-03-13 06:00:00,279.53046,273.1823,-0.736969,-1.0243092
2020-03-13 07:00:00,280.92578,274.3589,-0.6057205,-1.1773872
2020-03-13 08:00:00,281.70544,274.4809,-0.19593143,-1.2943649
2020-03-13 09:00:00,282.7849,274.33002,0.34486675,-1.2743626
2020-03-13 10:00:00,282.27838,274.30862,0.34388924,-1.735199
2020-03-13 11:00:00,281.24084,274.44406,0.25948524,-1.7982483
2020-03-13 12:00:00,281.85913,275.33295,0.38523102,-1.1626434
2020-03-13 13:00:00,280.81342,275.0797,0.8292904,-0.39126587
2020-03-13 14:00:00,279.9331,274.51575,0.68291855,1.0624104
2020-03-13 15:00:00,278.51273,272.85864,-0.049007416,1.9998875
2020-03-13 16:00:00,275.0653,270.36993,-0.551178,2.4399853
2020-03-13 17:00:00,272.3526,268.4353,-0.6028938,2.9728985
2020-03-13 18:00:00,270.0517,266.72885,-0.27416992,3.444933
2020-03-13 19:00:00,269.39688,265.656,0.05535698,3.6751404
2020-03-13 20:00:00,269.1259,264.9664,0.0724926,3.7602444
2020-03-13 21:00:00,269.0182,264.29712,0.08127689,3.8818665
2020-03-13 22:00:00,269.00238,263.67444,0.07876778,3.9690151
2020-03-13 23:00:00,269.21057,263.33597,0.07115173,3.990343
2020-03-14 00:00:00,269.159,262.97772,0.060150146,4.02075
2020-03-14 01:00:00,269.38867,263.0108,0.051498413,4.0096817
2020-03-14 02:00:00,269.85645,263.73026,0.041809082,3.8709793
2020-03-14 03:00:00,272.68732,268.00507,0.033432007,3.1053362
2020-03-14 04:00:00,281.70917,272.40198,0.13084412,1.7258339
2020-03-14 05:00:00,284.437,265.3007,0.40538025,-0.2012701
2020-03-14 06:00:00,285.27942,268.0578,0.59368896,-1.0645466
2020-03-14 07:00:00,285.6363,269.31506,0.37043762,-1.3725281
2020-03-14 08:00:00,285.54868,270.19836,0.58673096,-1.5151348
2020-03-14 09:00:00,285.30334,270.85504,0.7414551,-1.6984892
2020-03-14 10:00:00,285.59976,271.23077,0.5420227,-1.5803003
2020-03-14 11:00:00,285.95056,271.8404,0.19223022,-1.4325724
2020-03-14 12:00:00,285.22375,273.48,0.44137573,-0.93278503
2020-03-14 13:00:00,284.3474,273.1077,0.99650574,-0.1641407
2020-03-14 14:00:00,282.30853,272.38275,1.7261047,1.0684013
2020-03-14 15:00:00,277.82513,270.7655,1.7624359,1.9540005
2020-03-14 16:00:00,276.35266,270.33203,1.2596588,2.40876
2020-03-14 17:00:00,277.33896,270.03735,0.8963318,2.2477713
2020-03-14 18:00:00,280.55743,271.22186,1.0509033,1.5822487
2020-03-14 19:00:00,275.073,267.7777,0.512619,2.707077
2020-03-14 20:00:00,274.08435,267.64514,-0.013885498,2.857254
2020-03-14 21:00:00,271.71655,266.62915,-0.24902344,3.1867676
2020-03-14 22:00:00,270.74335,265.72537,-0.18522644,3.447174
2020-03-14 23:00:00,270.26447,265.04456,-0.08821106,3.6422577
2020-03-15 00:00:00,270.01172,264.41705,-0.02444458,3.8047943
2020-03-15 01:00:00,269.86768,263.8448,-0.034301758,3.9184875
2020-03-15 02:00:00,270.41638,264.57574,-0.07122803,3.85318
2020-03-15 03:00:00,273.28024,268.73874,-0.11151123,3.1394653
2020-03-15 04:00:00,280.28534,272.12442,-0.26423645,2.0197296
2020-03-15 05:00:00,285.3628,267.7658,-0.8409271,0.5531616
2020-03-15 06:00:00,286.64722,269.38934,-1.1439209,-0.46238708
2020-03-15 07:00:00,287.7201,270.51306,-1.0511017,-0.675827
2020-03-15 08:00:00,288.3172,270.99088,-0.6845093,-0.6060333
2020-03-15 09:00:00,288.77728,271.36462,-0.23577881,-0.7108307
2020-03-15 10:00:00,288.95575,271.6806,-0.18499756,-0.7311096
2020-03-15 11:00:00,288.8991,272.66104,-0.29133606,-0.6214142
2020-03-15 12:00:00,288.5597,273.1873,-0.6650238,-0.37379456
2020-03-15 13:00:00,287.3036,272.83923,-1.0267181,1.5440674
2020-03-15 14:00:00,276.62125,269.0327,-0.1993866,3.49057
2020-03-15 15:00:00,273.0678,267.14294,0.09069824,3.9111786
2020-03-15 16:00:00,272.33838,265.7033,0.13104248,4.068161
2020-03-15 17:00:00,272.14032,264.55145,0.15504456,4.105133
2020-03-15 18:00:00,272.0145,263.6765,0.10446167,4.116745
2020-03-15 19:00:00,272.37793,263.08917,0.13679504,4.092758
2020-03-15 20:00:00,272.12967,262.74548,0.075668335,4.0545654
2020-03-15 21:00:00,271.9123,262.39307,0.07946777,4.124161
2020-03-15 22:00:00,271.8625,262.24792,0.09465027,4.1655426
2020-03-15 23:00:00,271.76398,262.09937,0.12966919,4.194931
2020-03-16 00:00:00,271.73608,262.0312,0.17956543,4.166626
2020-03-16 01:00:00,271.6102,261.8615,0.20240784,4.121277
2020-03-16 02:00:00,272.1286,263.50378,0.17176819,3.9475403
2020-03-16 03:00:00,275.44183,269.24237,0.06085205,3.2099152
2020-03-16 04:00:00,285.37848,275.94812,-0.12071228,1.7517853
2020-03-16 05:00:00,288.5297,263.98877,-0.678833,0.32655334
2020-03-16 06:00:00,289.25964,266.21945,-0.76483154,-0.57832336
2020-03-16 07:00:00,290.08075,268.44855,-0.7201996,-0.94607544
2020-03-16 08:00:00,290.5976,269.42566,-0.5453186,-1.0323639
2020-03-16 09:00:00,290.86157,270.3899,-0.33309937,-1.1049042
2020-03-16 10:00:00,290.87683,270.99664,-0.06260681,-1.1241455
2020-03-16 11:00:00,290.45917,272.6071,0.34295654,-0.9417572
2020-03-16 12:00:00,289.62756,275.04224,0.85520935,-0.48213196
2020-03-16 13:00:00,288.70724,274.44446,1.0198822,0.85609436
2020-03-16 14:00:00,283.59595,272.06665,0.65763855,2.4754333
2020-03-16 15:00:00,278.9538,269.8357,0.24742126,3.2266083
2020-03-16 16:00:00,275.96234,268.65488,0.08833313,3.639389
2020-03-16 17:00:00,275.33575,267.8027,0.053009033,3.7636414
2020-03-16 18:00:00,274.66608,266.76648,0.037979126,3.8712006
2020-03-16 19:00:00,274.76813,266.29535,0.050598145,3.9706268
2020-03-16 20:00:00,274.38724,265.78003,0.054840088,3.950409
2020-03-16 21:00:00,274.15045,265.3214,0.068878174,3.9968052
2020-03-16 22:00:00,274.0583,265.04166,0.07070923,4.029907
2020-03-16 23:00:00,273.966,264.8133,0.035247803,4.072937
2020-03-17 00:00:00,273.96118,264.72192,0.017425537,4.083267
2020-03-17 01:00:00,274.01468,264.7569,0.006072998,4.1179047
2020-03-17 02:00:00,274.74622,266.51904,-6.1035156e-05,4.0089264
2020-03-17 03:00:00,278.02966,271.3964,-0.0010986328,3.3057709
2020-03-17 04:00:00,284.0799,275.30103,0.03201294,2.2961426
2020-03-17 05:00:00,290.2977,269.85635,0.16394043,0.9188385
2020-03-17 06:00:00,291.2614,268.614,0.40931702,-0.16264343
2020-03-17 07:00:00,291.62708,271.90314,0.3130951,-0.73638916
2020-03-17 08:00:00,291.82697,272.90854,0.49546814,-1.0775452
2020-03-17 09:00:00,291.8288,273.57953,0.8199463,-1.2306366
2020-03-17 10:00:00,291.61365,274.14825,1.2776031,-1.2512207
2020-03-17 11:00:00,291.1352,275.29404,1.4545898,-0.973053
2020-03-17 12:00:00,290.24823,277.37268,1.4108124,-0.39918518
2020-03-17 13:00:00,289.40546,276.82434,1.4502716,0.67263794
2020-03-17 14:00:00,284.71307,275.12708,1.1238708,2.1381073
2020-03-17 15:00:00,279.888,273.21576,0.641922,2.9039974
2020-03-17 16:00:00,276.7361,272.21173,0.3636322,3.1236038
2020-03-17 17:00:00,275.69647,271.62686,0.33810425,3.1680393
2020-03-17 18:00:00,274.98346,271.16098,0.24032593,3.2124472
2020-03-17 19:00:00,275.0237,270.11224,0.21243286,3.2153845
2020-03-17 20:00:00,274.593,269.99014,0.16981506,3.2202797
2020-03-17 21:00:00,274.1208,269.7744,0.17863464,3.2766523
2020-03-17 22:00:00,273.82648,269.64557,0.19642639,3.2548075
2020-03-17 23:00:00,273.82184,269.70264,0.18666077,3.211853
2020-03-18 00:00:00,273.6364,269.7517,0.1390686,3.1806488
2020-03-18 01:00:00,273.20764,269.64243,0.11514568,3.1461792
2020-03-18 02:00:00,273.98303,270.73337,0.11511803,2.9200287
2020-03-18 03:00:00,280.3162,275.97394,0.05169773,1.8048706
2020-03-18 04:00:00,284.9815,273.59277,0.12073994,0.031280518
2020-03-18 05:00:00,285.71335,274.6546,0.2246275,-0.9559326
2020-03-18 06:00:00,285.9031,276.0885,0.4578886,-1.4544983
2020-03-18 07:00:00,286.57678,277.82666,0.27395725,-1.3599701
2020-03-18 08:00:00,286.20715,278.4413,0.5004511,-1.5255432
2020-03-18 09:00:00,285.64532,279.02783,0.50724983,-1.7048035
2020-03-18 10:00:00,285.46936,279.16086,0.5200577,-1.7379913
2020-03-18 11:00:00,286.5367,279.83386,0.6453304,-1.3918476
2020-03-18 12:00:00,285.71066,281.33478,0.5102577,-1.0171795
2020-03-18 13:00:00,284.99274,281.31604,-0.32268906,-0.6534672
2020-03-18 14:00:00,284.07394,281.0824,-0.36353493,1.2919922
2020-03-18 15:00:00,283.11804,279.19302,0.046147346,1.83852
2020-03-18 16:00:00,281.6405,277.3214,0.1478138,2.0596695
2020-03-18 17:00:00,280.52902,275.53003,0.17131138,2.2334461
2020-03-18 18:00:00,279.1895,273.96204,0.044425964,2.459631
2020-03-18 19:00:00,273.37897,271.96216,0.22897053,3.2490177
2020-03-18 20:00:00,273.20752,271.66742,0.15714836,3.291853
2020-03-18 21:00:00,273.0326,271.30487,0.13658524,3.3966494
2020-03-18 22:00:00,273.15298,271.17563,0.14649105,3.4074259
2020-03-18 23:00:00,273.1208,270.86194,0.15094757,3.3919678
2020-03-19 00:00:00,272.9062,270.43024,0.13400078,3.3602858
2020-03-19 01:00:00,272.7785,270.1338,0.1566515,3.3150005
2020-03-19 02:00:00,273.5122,270.93585,0.09578419,3.081688
2020-03-19 03:00:00,279.3243,276.00424,0.07965088,1.9204922
2020-03-19 04:00:00,284.72986,273.4311,0.38589478,-0.21154404
2020-03-19 05:00:00,285.4782,275.2856,0.5231018,-1.0298233
2020-03-19 06:00:00,285.7346,277.0327,0.59355164,-1.3259449
2020-03-19 07:00:00,286.05096,278.3806,0.48490906,-1.5465956
2020-03-19 08:00:00,285.67432,278.73874,0.8544464,-1.5773487
2020-03-19 09:00:00,283.7804,278.65698,1.6775818,-1.652298
2020-03-19 10:00:00,282.85654,278.79547,1.8089294,-1.6678658
2020-03-19 11:00:00,283.45618,279.21085,1.4089813,-1.5628414
2020-03-19 12:00:00,284.51923,281.58032,0.7796478,-1.1448708
2020-03-19 13:00:00,283.56177,281.48224,0.028366089,-0.14965057
2020-03-19 14:00:00,282.78552,280.74066,0.6209717,1.1218739
2020-03-19 15:00:00,281.5846,279.35306,1.12117,1.3064518
2020-03-19 16:00:00,282.1662,279.3653,0.8056183,1.1089382
2020-03-19 17:00:00,282.2071,278.32556,0.12794495,1.3782463
2020-03-19 18:00:00,282.31305,277.80255,-0.5242462,0.89191055
2020-03-19 19:00:00,281.8316,279.80634,-0.65774536,0.31775665
2020-03-19 20:00:00,281.53702,279.31067,-0.63201904,1.0760326
2020-03-19 21:00:00,281.51044,278.4219,-0.552063,1.3795033
2020-03-19 22:00:00,281.56412,277.64096,-0.70306396,1.5018864
2020-03-19 23:00:00,279.88464,275.89948,-0.75775146,1.8714914
2020-03-20 00:00:00,277.47412,273.911,-0.63827515,2.3764515
2020-03-20 01:00:00,275.2641,271.79102,-0.4641571,2.8492413
2020-03-20 02:00:00,274.47357,272.14557,-0.17599487,2.8396149
2020-03-20 03:00:00,279.60953,277.42346,-0.1063385,1.8719482
2020-03-20 04:00:00,284.78412,276.357,-0.11663818,0.2803955
2020-03-20 05:00:00,286.0442,277.15735,-0.22259521,-0.582016
2020-03-20 06:00:00,286.96732,277.7701,0.039016724,-0.83188915
2020-03-20 07:00:00,287.84503,278.5124,-0.19856262,-0.9551525
2020-03-20 08:00:00,288.49686,278.80832,0.1105957,-1.094698
2020-03-20 09:00:00,288.94006,279.06592,0.1958313,-1.2596788
2020-03-20 10:00:00,289.04202,279.27374,0.14994812,-1.2211819
2020-03-20 11:00:00,288.92798,279.44226,0.09590149,-1.1387329
2020-03-20 12:00:00,288.57214,279.63916,0.037384033,-1.0005798
2020-03-20 13:00:00,287.8047,279.47256,-0.15470886,-0.17718506
2020-03-20 14:00:00,286.99057,278.85175,-0.3125,1.4330902
2020-03-20 15:00:00,282.4979,275.97308,-0.24362183,2.5174408
2020-03-20 16:00:00,277.69165,273.2118,-0.19915771,3.1732178
2020-03-20 17:00:00,274.35608,271.45413,-0.073516846,3.5408478
2020-03-20 18:00:00,273.73645,270.48715,-0.013870239,3.7242432
2020-03-20 19:00:00,273.65778,269.9582,0.09742737,3.8368683
2020-03-20 20:00:00,273.48267,269.1458,0.10606384,3.8344421
2020-03-20 21:00:00,273.27112,268.2959,0.115356445,3.879654
2020-03-20 22:00:00,273.0926,267.51273,0.17883301,3.9108887
2020-03-20 23:00:00,273.00806,266.887,0.19909668,3.926056
2020-03-21 00:00:00,272.943,266.4347,0.21722412,3.8908386
2020-03-21 01:00:00,272.92188,266.08615,0.25276184,3.8591003
2020-03-21 02:00:00,273.89407,267.85956,0.31381226,3.5471191
2020-03-21 03:00:00,279.21786,273.48773,0.40016174,2.4143982
2020-03-21 04:00:00,286.88263,271.90057,1.5112,-0.20706177
2020-03-21 05:00:00,281.511,274.7166,2.8364258,-1.5487223
2020-03-21 06:00:00,281.98645,276.38123,2.2216644,-1.3262053
2020-03-21 07:00:00,283.10492,277.70395,1.7138519,-1.7526188
2020-03-21 08:00:00,283.61884,278.7879,1.0533142,-2.0015764
2020-03-21 09:00:00,282.1738,278.45026,1.1250153,-2.5244465
2020-03-21 10:00:00,280.9214,279.26166,1.5171051,-2.0392609
2020-03-21 11:00:00,280.9444,279.69922,1.1062164,-1.7519073
2020-03-21 12:00:00,282.95422,281.80862,0.21565247,-0.8681488
2020-03-21 13:00:00,282.6504,281.63495,-0.49842834,-0.8483429
2020-03-21 14:00:00,281.7552,280.96948,-0.82572937,-0.39071655
2020-03-21 15:00:00,281.72235,280.15375,-1.1560211,-0.32052612
2020-03-21 16:00:00,280.9489,279.6595,-1.2757874,-0.60809326
2020-03-21 17:00:00,280.3797,279.5575,-1.4425507,-0.28338623
2020-03-21 18:00:00,279.56567,278.9511,-1.6569672,0.10636902
2020-03-21 19:00:00,279.57306,279.50983,-1.4445038,-0.3860302
2020-03-21 20:00:00,279.36612,279.29205,-1.4454803,-0.30149078
2020-03-21 21:00:00,279.1329,278.76697,-1.5012512,-0.22668648
2020-03-21 22:00:00,278.13504,277.71954,-1.6695251,0.065460205
2020-03-21 23:00:00,277.58594,276.87222,-1.7153015,0.4413147
2020-03-22 00:00:00,276.96945,276.01102,-1.838974,0.6072235
2020-03-22 01:00:00,276.53363,275.32428,-1.8242645,0.8596649
2020-03-22 02:00:00,277.50018,275.89087,-1.62117,0.80807495
2020-03-22 03:00:00,279.50156,277.3921,-1.4067078,0.018417358
2020-03-22 04:00:00,279.75488,277.57275,-1.1956024,-0.8960724
2020-03-22 05:00:00,280.45435,277.1416,-0.84877014,-1.3225555
2020-03-22 06:00:00,280.7239,276.804,-0.7337036,-1.5048218
2020-03-22 07:00:00,281.12186,277.41388,0.010498047,-1.9302521
2020-03-22 08:00:00,281.48276,277.75903,0.19197083,-1.9540863
2020-03-22 09:00:00,282.17792,277.85294,0.055202484,-1.8160095
2020-03-22 10:00:00,282.46793,277.55798,0.06599045,-1.7413216
2020-03-22 11:00:00,282.12146,277.44714,0.19824219,-1.8209238
2020-03-22 12:00:00,281.67862,277.67902,0.42137146,-1.7843819
2020-03-22 13:00:00,281.85168,278.34247,1.0652618,-1.1283417
2020-03-22 14:00:00,280.3576,277.73035,1.6271973,-0.30882263
2020-03-22 15:00:00,278.11246,276.39694,1.96698,0.61109924
2020-03-22 16:00:00,277.59348,275.88086,1.7548828,1.0415344
2020-03-22 17:00:00,279.25485,276.2848,1.1895447,1.2630615
2020-03-22 18:00:00,279.9272,276.36194,0.97772217,0.78196716
2020-03-22 19:00:00,279.99396,276.79034,1.168747,0.77142334
2020-03-22 20:00:00,279.41788,276.56253,1.1331329,0.83148193
2020-03-22 21:00:00,279.01306,276.3667,0.9226837,0.7674103
2020-03-22 22:00:00,278.97498,276.12616,0.76768494,0.82063293
2020-03-22 23:00:00,279.24573,275.8084,1.0175476,0.6164551
2020-03-23 00:00:00,278.92386,275.38235,1.4651794,0.3065338
2020-03-23 01:00:00,277.46567,274.23688,1.6031189,0.50090027
2020-03-23 02:00:00,278.32227,274.57153,1.3244476,0.5605011
2020-03-23 03:00:00,279.29376,275.84308,0.812912,0.13143921
2020-03-23 04:00:00,280.00073,276.69028,0.53712463,-0.23161316
2020-03-23 05:00:00,280.90802,277.3341,0.20463085,-0.61187744
2020-03-23 06:00:00,281.23865,277.67807,0.08085632,-1.1155243
2020-03-23 07:00:00,279.78967,277.57703,-0.6320429,-1.4846497
2020-03-23 08:00:00,279.9532,277.7096,-0.9186983,-1.445282
2020-03-23 09:00:00,280.2304,277.80804,-1.4075575,-1.5071106
2020-03-23 10:00:00,279.89413,277.387,-1.5694618,-1.5777283
2020-03-23 11:00:00,279.40247,276.74902,-1.4814091,-2.0552673
2020-03-23 12:00:00,278.5282,275.90103,-1.1379356,-1.7706451
2020-03-23 13:00:00,279.4536,276.11157,-0.6589203,-1.0794373
2020-03-23 14:00:00,278.72073,275.47034,-0.84215355,-0.38744926
2020-03-23 15:00:00,278.26855,274.9132,-1.026741,0.2814331
2020-03-23 16:00:00,278.23645,274.4185,-0.9200611,0.6326599
2020-03-23 17:00:00,278.30304,274.00174,-0.8042717,0.6111345
2020-03-23 18:00:00,278.10394,273.6317,-0.64071846,0.6967392
2020-03-23 19:00:00,278.08347,272.8343,-0.80947876,0.8233299
2020-03-23 20:00:00,278.1226,272.5805,-0.62197876,0.557312
2020-03-23 21:00:00,278.19705,272.46204,-0.37399292,0.5821991
2020-03-23 22:00:00,278.07312,272.41626,-0.031311035,0.45074463
2020-03-23 23:00:00,277.8988,272.42377,0.19880676,0.59088135
2020-03-24 00:00:00,277.6265,272.5053,0.42982483,0.57362366
2020-03-24 01:00:00,277.3629,272.6657,0.50146484,0.6347809
2020-03-24 02:00:00,277.3507,273.00592,0.31098938,0.79533386
2020-03-24 03:00:00,277.85468,274.23096,0.3368988,0.18141174
2020-03-24 04:00:00,278.5827,274.476,0.18049622,-0.14137268
2020-03-24 05:00:00,279.2625,274.91354,0.049057007,-0.53671265
2020-03-24 06:00:00,279.9895,274.94403,0.069122314,-0.6489258
2020-03-24 07:00:00,280.04672,274.26062,-0.3713379,-1.0887756
2020-03-24 08:00:00,279.96622,274.7445,-0.14294434,-1.4817505
2020-03-24 09:00:00,279.96356,274.6338,-0.1394043,-1.9016724
2020-03-24 10:00:00,279.61688,274.10883,-0.1793518,-2.2343445
2020-03-24 11:00:00,278.92426,273.26184,-0.23635864,-2.1644287
2020-03-24 12:00:00,278.5094,272.00412,0.016906738,-1.7404938
2020-03-24 13:00:00,278.48853,271.05975,0.24986267,-1.3464813
2020-03-24 14:00:00,278.44867,269.8626,0.20999146,-0.9653082
2020-03-24 15:00:00,277.7168,269.29956,0.016677856,-0.470685
2020-03-24 16:00:00,277.01904,268.81903,-0.2955475,-0.40253067
2020-03-24 17:00:00,276.09186,268.3023,-0.3981018,0.15129852
2020-03-24 18:00:00,275.36572,268.07153,-0.19825745,0.82231045
2020-03-24 19:00:00,274.86383,267.64874,0.131073,1.2838411
2020-03-24 20:00:00,271.27307,267.29874,0.2823944,1.9151611
2020-03-24 21:00:00,269.77295,267.45157,0.2350769,2.0658264
2020-03-24 22:00:00,269.28662,267.2945,0.310318,2.0204773
2020-03-24 23:00:00,267.64703,266.25546,0.19212341,2.233307
2020-03-25 00:00:00,267.40582,265.90488,0.06352234,2.2030182
2020-03-25 01:00:00,266.9051,265.33496,0.05117798,2.218933
2020-03-25 02:00:00,269.03223,266.5727,0.035842896,1.5825691
2020-03-25 03:00:00,272.87555,267.36792,0.0078125,-0.12693977
2020-03-25 04:00:00,274.48398,268.6294,-0.31378174,-1.1313105
2020-03-25 05:00:00,275.49585,269.683,-0.05305481,-1.7744236
2020-03-25 06:00:00,276.56146,270.47913,0.22976685,-1.8034267
2020-03-25 07:00:00,277.2351,271.21298,0.16925049,-2.286499
2020-03-25 08:00:00,277.65372,271.39404,0.34944153,-2.1639557
2020-03-25 09:00:00,277.65887,271.09296,0.31115723,-2.5472717
2020-03-25 10:00:00,277.40033,270.7436,0.39331055,-2.526474
2020-03-25 11:00:00,276.71887,270.27924,0.2441101,-2.3633575
2020-03-25 12:00:00,275.6474,270.21857,0.101119995,-1.9125061
2020-03-25 13:00:00,274.44305,270.34048,0.05870056,-1.4058685
2020-03-25 14:00:00,274.48065,267.67108,-0.12213135,-1.060257
2020-03-25 15:00:00,274.4016,266.35596,-0.30755615,-0.70918274
2020-03-25 16:00:00,273.99634,265.9485,-0.34204102,-0.30422974
2020-03-25 17:00:00,273.79852,265.62103,-0.28256226,0.16148376
2020-03-25 18:00:00,273.7145,265.42908,-0.029525757,0.35934448
2020-03-25 19:00:00,273.91193,265.45953,-0.071121216,0.1662445
2020-03-25 20:00:00,273.87094,265.46146,0.25819397,0.24249268
2020-03-25 21:00:00,273.9522,265.64468,0.44129944,0.3419342
2020-03-25 22:00:00,273.96033,265.8262,0.6155243,0.002831459
2020-03-25 23:00:00,273.80298,265.97083,0.6760864,0.21407223
2020-03-26 00:00:00,273.82,266.2582,0.60266113,0.25872707
2020-03-26 01:00:00,273.82367,266.5065,0.48059082,0.22236633
2020-03-26 02:00:00,274.05603,267.12073,0.484375,0.09703064
2020-03-26 03:00:00,274.81415,267.8758,0.5325928,-0.6018219
2020-03-26 04:00:00,275.7654,269.19012,0.67596436,-1.0272217
2020-03-26 05:00:00,276.08618,271.60315,0.84181213,-1.2643127
2020-03-26 06:00:00,277.23206,272.02634,0.9068756,-1.6165466
2020-03-26 07:00:00,278.40536,272.5088,0.74183655,-1.9510193
2020-03-26 08:00:00,278.42267,273.02066,0.8253021,-1.809433
2020-03-26 09:00:00,278.31012,273.36115,0.8877716,-1.7550964
2020-03-26 10:00:00,278.04913,273.3451,0.9145813,-1.624649
2020-03-26 11:00:00,278.1082,272.77167,0.8636322,-1.4743652
2020-03-26 12:00:00,278.87234,272.2135,0.8898468,-0.93844604
2020-03-26 13:00:00,278.77594,272.26727,1.1686096,-0.53364563
2020-03-26 14:00:00,278.55078,271.78134,1.276825,-0.050354004
2020-03-26 15:00:00,278.70374,271.41382,0.8510437,-0.16966248
2020-03-26 16:00:00,278.1595,271.06827,0.3328247,-0.11062622
2020-03-26 17:00:00,277.97327,270.84357,-0.07266235,0.5420532
2020-03-26 18:00:00,277.611,270.62994,-0.29968262,1.3045807
2020-03-26 19:00:00,277.7962,270.727,-0.42071533,1.615036
2020-03-26 20:00:00,275.08856,269.64554,-0.28245544,2.0074158
2020-03-26 21:00:00,273.25018,268.91898,-0.122039795,2.3732605
2020-03-26 22:00:00,271.87918,268.72705,-0.10317993,2.617981
2020-03-26 23:00:00,270.73303,268.44275,-0.03919983,2.875412
2020-03-27 00:00:00,270.03778,268.27448,-0.0011291504,3.069336
2020-03-27 01:00:00,270.06146,268.30402,-0.036102295,3.1425934
2020-03-27 02:00:00,271.43018,269.237,-0.07077026,2.730484
2020-03-27 03:00:00,279.00778,274.5702,-0.17033386,1.2593231
2020-03-27 04:00:00,280.66162,274.23883,-0.57411194,-0.37368774
2020-03-27 05:00:00,282.5609,273.34406,-0.37939453,-0.8976135
2020-03-27 06:00:00,283.14813,273.97302,-0.23851013,-1.2973785
2020-03-27 07:00:00,282.74823,275.1134,-0.5940094,-1.6703796
2020-03-27 08:00:00,282.85278,275.64172,-0.38996887,-1.9156952
2020-03-27 09:00:00,283.3115,275.50516,-0.081710815,-1.9177094
2020-03-27 10:00:00,283.336,275.17505,0.26089478,-1.9300842
2020-03-27 11:00:00,283.2619,274.5272,0.46157837,-1.8673248
2020-03-27 12:00:00,284.95325,274.93652,0.70928955,-1.2023315
2020-03-27 13:00:00,283.91873,274.80118,1.3406372,-0.57792664
2020-03-27 14:00:00,282.36707,273.93463,1.6963196,0.3610382
2020-03-27 15:00:00,282.15378,273.2511,1.6531525,0.879776
2020-03-27 16:00:00,282.2978,272.88324,1.4125214,1.0830688
2020-03-27 17:00:00,282.05603,272.48517,1.0749512,1.0363617
2020-03-27 18:00:00,281.7218,272.149,0.62997437,1.1130524
2020-03-27 19:00:00,281.1584,271.92426,0.66363525,1.3210449
2020-03-27 20:00:00,281.02173,271.70056,0.5171509,1.3487854
2020-03-27 21:00:00,280.77545,271.52393,0.44943237,1.345459
2020-03-27 22:00:00,280.6317,271.52563,0.4555359,1.2581177
2020-03-27 23:00:00,280.39435,271.63446,0.6138458,1.1313171
2020-03-28 00:00:00,280.16498,272.00745,0.8821106,0.86491394
2020-03-28 01:00:00,280.0086,272.7943,1.0728607,0.7141266
2020-03-28 02:00:00,279.8647,273.6261,1.2438049,0.60139465
2020-03-28 03:00:00,279.96173,275.1763,1.0656738,-0.35424805
2020-03-28 04:00:00,279.15384,275.56543,1.0431366,-0.9409485
2020-03-28 05:00:00,278.4629,275.77515,0.99398804,-1.3692169
2020-03-28 06:00:00,278.26312,275.98373,0.8708801,-1.6087799
2020-03-28 07:00:00,278.70697,276.5315,0.8123474,-1.7759247
2020-03-28 08:00:00,278.96637,276.61288,0.7005005,-1.6682281
2020-03-28 09:00:00,279.4563,276.6751,0.5622864,-1.4445038
2020-03-28 10:00:00,280.41132,277.0755,0.43730164,-1.16008
2020-03-28 11:00:00,280.62497,277.84314,0.093048096,-0.9861603
2020-03-28 12:00:00,280.42188,277.9774,-0.31991577,-0.4769745
2020-03-28 13:00:00,280.48138,277.75864,-0.54226685,0.20828247
2020-03-28 14:00:00,280.35913,277.29736,-0.44406128,0.5831394
2020-03-28 15:00:00,279.47925,276.4284,-0.19648743,1.3724174
2020-03-28 16:00:00,276.95956,274.37024,0.16464233,1.8827496
2020-03-28 17:00:00,275.8944,273.27838,0.43875122,1.933816
2020-03-28 18:00:00,274.8103,272.3299,0.5221405,2.0188856
2020-03-28 19:00:00,279.11206,273.7563,0.067276,1.1938305
2020-03-28 20:00:00,279.20752,273.654,-0.23197937,0.6264572
2020-03-28 21:00:00,278.88342,273.53284,-0.7844696,0.621006
2020-03-28 22:00:00,277.7497,272.9497,-1.0499878,1.2261772
2020-03-28 23:00:00,275.21545,271.42825,-0.8363037,1.8631401
2020-03-29 00:00:00,272.95767,270.02875,-0.43380737,2.4158115
2020-03-29 01:00:00,270.86957,269.23328,-0.14378357,2.7451134
2020-03-29 02:00:00,271.65558,270.54858,-0.033096313,2.4440756
2020-03-29 03:00:00,278.78253,275.35645,0.022323608,1.0632896
2020-03-29 04:00:00,280.31113,273.0749,-0.012008667,-0.3234558
2020-03-29 05:00:00,280.6588,274.05414,-0.19868469,-1.224369
2020-03-29 06:00:00,280.53088,275.10318,-0.14671326,-1.5826969
2020-03-29 07:00:00,280.9203,275.95972,-0.21476746,-1.7719688
2020-03-29 08:00:00,281.70563,275.9322,0.24032593,-1.6941967
2020-03-29 09:00:00,281.60272,276.16278,0.47146606,-1.8840523
2020-03-29 10:00:00,282.07156,275.5478,0.3421936,-1.7409401
2020-03-29 11:00:00,282.34973,274.7396,0.3092804,-1.6506653
2020-03-29 12:00:00,283.55487,274.36676,0.3831482,-1.2080145
2020-03-29 13:00:00,282.96295,274.40033,0.6733856,-0.8919983
2020-03-29 14:00:00,281.9509,273.80215,0.5516815,-0.18776321
2020-03-29 15:00:00,281.36182,273.35077,0.14900208,0.4838066
2020-03-29 16:00:00,280.72296,272.9179,-0.3629303,0.90748405
2020-03-29 17:00:00,280.06592,272.39618,-0.66474915,1.627739
2020-03-29 18:00:00,277.38132,270.80646,-0.4696808,2.12574
2020-03-29 19:00:00,275.0788,269.3181,-0.20195007,2.5197449
2020-03-29 20:00:00,274.39014,268.85657,-0.073394775,2.5779457
2020-03-29 21:00:00,273.10406,268.24915,-0.024230957,2.7348404
2020-03-29 22:00:00,272.09222,267.7506,-0.040161133,2.821827
2020-03-29 23:00:00,271.31213,267.2105,-0.06694031,2.9158802
2020-03-30 00:00:00,270.70642,266.68066,-0.040908813,2.9771004
2020-03-30 01:00:00,270.11115,266.08557,-0.026916504,3.0560322
2020-03-30 02:00:00,272.47333,268.1645,-0.03315735,2.6211872
2020-03-30 03:00:00,280.4734,273.4436,-0.06477356,1.20858
2020-03-30 04:00:00,282.5897,270.677,-0.20111084,-0.20103264
2020-03-30 05:00:00,283.87888,271.8745,-0.051940918,-0.97252274
2020-03-30 06:00:00,284.48474,272.8626,0.28102112,-1.2965355
2020-03-30 07:00:00,284.20505,275.05267,0.33029175,-1.6949883
2020-03-30 08:00:00,284.63998,275.5267,0.46102905,-1.6868267
2020-03-30 09:00:00,285.3901,275.39426,0.5394745,-1.5978146
2020-03-30 10:00:00,286.5006,274.96027,0.557312,-1.4543533
2020-03-30 11:00:00,286.98755,274.77228,0.51693726,-1.3321133
2020-03-30 12:00:00,286.52374,275.42816,0.35559082,-1.0307608
2020-03-30 13:00:00,285.71405,275.183,0.20933533,-0.606617
2020-03-30 14:00:00,284.67566,274.53723,-0.09422302,0.59402275
2020-03-30 15:00:00,283.79315,273.83414,-0.55041504,1.6821127
2020-03-30 16:00:00,278.65704,271.29388,-0.59054565,2.5249329
2020-03-30 17:00:00,275.18726,269.37347,-0.34913635,3.0723886
2020-03-30 18:00:00,272.72205,267.99738,-0.033172607,3.3334055
2020-03-30 19:00:00,271.8994,267.53253,0.09461975,3.4982815
2020-03-30 20:00:00,271.6255,266.92227,0.14544678,3.5893087
2020-03-30 21:00:00,271.6508,266.48138,0.08409119,3.66609
2020-03-30 22:00:00,271.81598,266.1682,0.096969604,3.7041664
2020-03-30 23:00:00,271.80957,265.84875,0.19236755,3.6985989
2020-03-31 00:00:00,271.8509,265.65018,0.23048401,3.6310177
2020-03-31 01:00:00,271.9596,265.5829,0.19120789,3.60853
2020-03-31 02:00:00,273.76633,268.67877,0.186203,3.1640549
2020-03-31 03:00:00,280.78094,275.1389,0.17111206,1.8602753
2020-03-31 04:00:00,285.95056,269.86426,-0.23326111,-0.14144135
2020-03-31 05:00:00,287.3329,272.11584,-0.41189575,-0.7770691
2020-03-31 06:00:00,288.59686,273.50983,-0.37506104,-0.973114
2020-03-31 07:00:00,289.90668,275.2271,-0.27929688,-1.2622375
2020-03-31 08:00:00,290.5915,275.92535,-0.030044556,-1.3520813
2020-03-31 09:00:00,290.73767,276.35278,0.33421326,-1.4824982
2020-03-31 10:00:00,290.1173,276.48413,0.7427368,-1.6401978
2020-03-31 11:00:00,290.3082,277.14368,0.9373627,-1.3477631
2020-03-31 12:00:00,289.7588,278.41174,1.1499634,-0.73417664
2020-03-31 13:00:00,289.07532,278.3707,1.5646362,0.05973816
2020-03-31 14:00:00,288.45703,277.95508,1.4100647,0.9181061
2020-03-31 15:00:00,288.0509,277.41077,0.76275635,1.0731726
2020-03-31 16:00:00,287.49222,277.02686,0.33517456,0.94322777
2020-03-31 17:00:00,287.0604,276.79437,0.12757874,0.8867836
2020-03-31 18:00:00,286.58008,276.5702,-0.20651245,0.9774895
2020-03-31 19:00:00,285.32178,274.66525,-0.019683838,2.0847702
2020-03-31 20:00:00,286.3155,274.60776,-0.121658325,1.8245792
2020-03-31 21:00:00,286.35986,274.36957,0.029083252,1.5675373
2020-03-31 22:00:00,286.3858,274.3991,0.49427795,0.95199776
2020-03-31 23:00:00,285.8853,274.6949,0.9132538,0.39903927
2020-04-01 00:00:00,284.94617,275.56915,1.2337799,0.2549286
2020-04-01 01:00:00,283.5342,276.68384,1.3886871,0.68496704
2020-04-01 02:00:00,282.83588,277.6048,0.94581604,0.42744446
2020-04-01 03:00:00,282.71774,279.02103,0.12498474,-0.4721222
2020-04-01 04:00:00,283.1201,279.8377,-0.11103821,-0.8763428
2020-04-01 05:00:00,283.66266,280.05438,-0.21762085,-0.8589783
2020-04-01 06:00:00,283.91586,280.35895,-0.527359,-0.68281555
2020-04-01 07:00:00,282.45416,280.37027,-0.74076843,-0.9443207
2020-04-01 08:00:00,282.6662,280.41315,-1.2389984,-0.33436584
2020-04-01 09:00:00,282.7499,280.78708,-1.4035339,-0.054504395
2020-04-01 10:00:00,282.94406,280.9223,-1.5918427,0.2821808
2020-04-01 11:00:00,283.00925,280.95496,-1.5008087,0.78201294
2020-04-01 12:00:00,282.09753,280.011,-1.3050537,1.3527832
2020-04-01 13:00:00,280.81726,278.64423,-0.9069061,1.8766022
2020-04-01 14:00:00,279.05493,277.35837,-0.4011383,2.2611847
2020-04-01 15:00:00,278.05762,276.66833,-0.08970642,2.398819
2020-04-01 16:00:00,277.86554,276.10962,0.3221588,2.278717
2020-04-01 17:00:00,278.0678,275.75198,0.8328705,1.9017334
2020-04-01 18:00:00,278.43112,275.8056,1.016449,1.660202
2020-04-01 19:00:00,280.4874,276.0338,1.0921326,1.3495178
2020-04-01 20:00:00,281.95062,276.82672,0.9701538,0.4487152
2020-04-01 21:00:00,281.89526,277.44678,0.54603577,-0.38082886
2020-04-01 22:00:00,281.3547,278.02704,-0.0921936,-0.42642212
2020-04-01 23:00:00,281.16452,278.25824,-0.5700531,0.01776123
2020-04-02 00:00:00,280.97186,278.20886,-0.74038696,0.036224365
2020-04-02 01:00:00,280.56177,277.9952,-0.53878784,-0.18684387
2020-04-02 02:00:00,280.55914,277.7843,0.026031494,-0.24285889
2020-04-02 03:00:00,280.597,278.1637,0.41662598,-0.85240173
2020-04-02 04:00:00,280.59277,279.03973,0.50450134,-1.0525055
2020-04-02 05:00:00,280.04156,279.13797,0.46632385,-1.2537842
2020-04-02 06:00:00,279.12286,278.07428,0.64164734,-1.5361786
2020-04-02 07:00:00,278.66464,277.498,0.6501312,-1.6967621
2020-04-02 08:00:00,279.62024,277.92767,0.42393494,-1.5321045
2020-04-02 09:00:00,280.52032,278.31543,-0.09928894,-1.4610443
2020-04-02 10:00:00,280.77515,278.64545,-0.530426,-1.4424133
2020-04-02 11:00:00,281.2759,278.98492,-0.8066101,-1.2035828
2020-04-02 12:00:00,281.75226,279.73914,-0.34481812,-1.0042267
2020-04-02 13:00:00,281.4344,279.73,-0.08140564,-0.6953583
2020-04-02 14:00:00,281.23822,279.33313,-0.14730835,-0.09661865
2020-04-02 15:00:00,281.25677,279.16568,-0.4021454,-0.06036377
2020-04-02 16:00:00,281.07874,279.05997,-0.8310547,-0.23205566
2020-04-02 17:00:00,280.63403,278.74927,-1.0430603,0.38064575
2020-04-02 18:00:00,280.56015,278.39288,-1.05867,0.66374207
2020-04-02 19:00:00,279.92322,277.67868,0.08912659,1.3411865
2020-04-02 20:00:00,278.6001,276.58502,-0.05970764,1.7019958
2020-04-02 21:00:00,275.74994,274.27856,-0.3153534,2.2664337
2020-04-02 22:00:00,273.41913,272.2171,-0.26638794,2.7501984
2020-04-02 23:00:00,272.44604,271.32147,-0.13941956,3.0499725
2020-04-03 00:00:00,272.41458,271.14392,-0.15487671,3.2023926
2020-04-03 01:00:00,272.6362,270.8629,-0.11505127,3.233307
2020-04-03 02:00:00,274.06006,272.5134,-0.13415527,2.6754608
2020-04-03 03:00:00,278.89505,277.6808,-0.17584229,1.4944305
2020-04-03 04:00:00,282.30713,277.55338,-0.8008423,0.06921387
2020-04-03 05:00:00,283.78378,278.80908,-0.5973511,-0.6330719
2020-04-03 06:00:00,285.01587,278.97214,-0.4981842,-0.7723541
2020-04-03 07:00:00,286.01913,278.50882,-0.39733887,-1.4206848
2020-04-03 08:00:00,286.847,278.78867,0.02243042,-1.531723
2020-04-03 09:00:00,286.8352,278.6394,0.369812,-1.3603058
2020-04-03 10:00:00,287.54993,278.9653,0.12464905,-1.4243011
2020-04-03 11:00:00,285.99878,278.5739,-0.4649048,-1.8600311
2020-04-03 12:00:00,286.35803,279.05884,-0.82037354,-1.4318695
2020-04-03 13:00:00,286.3001,278.88126,-0.9697876,-0.276886
2020-04-03 14:00:00,285.24155,277.95886,-0.82803345,1.496872
2020-04-03 15:00:00,279.96426,274.4708,-0.37547302,2.5585632
2020-04-03 16:00:00,275.62802,271.70306,-0.12608337,3.1694183
2020-04-03 17:00:00,273.28052,270.05994,-0.02999878,3.4733276
2020-04-03 18:00:00,272.79315,269.01703,0.013458252,3.6359558
2020-04-03 19:00:00,273.15222,270.16925,0.09059143,3.7381744
2020-04-03 20:00:00,273.1914,269.724,0.11262512,3.7463074
2020-04-03 21:00:00,273.13818,269.2455,0.13882446,3.7532196
2020-04-03 22:00:00,273.09003,268.72916,0.15480042,3.7658997
2020-04-03 23:00:00,273.02167,268.24954,0.14979553,3.7520142
2020-04-04 00:00:00,273.0728,267.9071,0.12992859,3.7405396
2020-04-04 01:00:00,273.377,267.96613,0.08695984,3.718521
2020-04-04 02:00:00,275.22394,270.85254,0.023468018,3.3003235
2020-04-04 03:00:00,281.34375,276.94217,-0.03137207,2.1188202
2020-04-04 04:00:00,287.85693,271.3438,-0.16905212,0.71710205
2020-04-04 05:00:00,289.07635,271.45978,-0.15234375,-0.3430481
2020-04-04 06:00:00,289.85626,272.77145,-0.05000305,-0.660141
2020-04-04 07:00:00,290.69528,273.62378,-0.30384827,-0.6664276
2020-04-04 08:00:00,291.23694,273.7268,-0.2242279,-0.8462372
2020-04-04 09:00:00,291.44864,273.87994,-0.22714233,-0.93478394
2020-04-04 10:00:00,291.5506,274.14105,-0.38261414,-0.8025055
2020-04-04 11:00:00,291.47162,274.48694,-0.42822266,-0.5867615
2020-04-04 12:00:00,291.0547,276.19684,-0.70700073,-0.5050049
2020-04-04 13:00:00,290.33014,275.93115,-1.4529572,0.16714478
2020-04-04 14:00:00,284.3582,274.11456,-1.4842987,1.9638519
2020-04-04 15:00:00,278.94904,272.20868,-0.46199036,3.2302551
2020-04-04 16:00:00,275.58173,271.00958,0.029846191,3.613388
2020-04-04 17:00:00,274.823,270.4956,0.15802002,3.732071
2020-04-04 18:00:00,274.67383,270.08774,0.2086029,3.754364
2020-04-04 19:00:00,275.03503,269.94638,0.19900513,3.8029938
2020-04-04 20:00:00,274.91602,269.6908,0.20869446,3.7385406
2020-04-04 21:00:00,274.7732,269.37445,0.13618469,3.7415466
2020-04-04 22:00:00,274.66122,269.04846,0.039901733,3.76995
2020-04-04 23:00:00,274.60114,268.75754,0.0650177,3.7693787
2020-04-05 00:00:00,274.7243,268.66327,0.2137146,3.6896057
2020-04-05 01:00:00,274.8755,268.85245,0.2890625,3.5302124
2020-04-05 02:00:00,277.55075,272.42255,0.38822937,2.894825
2020-04-05 03:00:00,285.53027,277.11234,0.5905304,1.3830605
2020-04-05 04:00:00,286.3527,273.2603,1.4739532,-0.88256836
2020-04-05 05:00:00,284.59515,275.85638,1.4620667,-1.5107117
2020-04-05 06:00:00,284.997,277.19992,1.4289856,-1.4896698
2020-04-05 07:00:00,285.5202,279.02448,1.191742,-1.617981
2020-04-05 08:00:00,287.1932,279.61768,0.8915558,-1.4408112
2020-04-05 09:00:00,287.5622,279.82477,0.8073273,-1.4423065
2020-04-05 10:00:00,287.2777,279.93552,0.74316406,-1.5653381
2020-04-05 11:00:00,287.87543,281.43396,0.7654114,-1.0527039
2020-04-05 12:00:00,287.13354,282.86313,0.8258972,-0.3130951
2020-04-05 13:00:00,286.4225,282.5282,1.2569122,0.55418396
2020-04-05 14:00:00,284.74298,280.60187,1.3878021,1.019516
2020-04-05 15:00:00,285.25073,280.47296,1.2009583,0.5535431
2020-04-05 16:00:00,284.49664,280.5614,1.2159119,0.03956604
2020-04-05 17:00:00,283.62195,280.2475,1.4381104,0.18330383
2020-04-05 18:00:00,282.83392,279.9477,1.3669891,-0.09655762
2020-04-05 19:00:00,283.37323,279.90057,0.6815033,0.08036804
2020-04-05 20:00:00,282.92828,279.89395,0.40740967,0.023376465
2020-04-05 21:00:00,282.55304,280.13593,0.046905518,0.028123856
2020-04-05 22:00:00,282.3136,280.4084,-0.20675659,0.009780884
2020-04-05 23:00:00,282.1482,280.64087,0.10646057,-0.083740234
2020-04-06 00:00:00,281.78528,280.8403,0.8397827,-0.32803345
2020-04-06 01:00:00,280.47733,279.8261,1.2501984,-0.45828247
2020-04-06 02:00:00,281.0694,280.38812,0.8580017,-0.40948486
2020-04-06 03:00:00,281.87524,281.12628,0.23568726,-0.6474457
2020-04-06 04:00:00,282.72986,281.7262,-0.10984802,-1.1001587
2020-04-06 05:00:00,283.09003,281.54688,-0.47138977,-1.0566406
2020-04-06 06:00:00,283.62927,280.378,-0.59609985,-1.1478271
2020-04-06 07:00:00,286.17316,280.7285,-0.061279297,-1.061966
2020-04-06 08:00:00,286.96893,280.4583,-0.18826294,-1.2032928
2020-04-06 09:00:00,287.1915,280.6938,0.078933716,-1.4667816
2020-04-06 10:00:00,287.48352,280.7282,0.28518677,-1.5065765
2020-04-06 11:00:00,287.37274,280.40472,0.3226471,-1.4723511
2020-04-06 12:00:00,288.03644,281.15417,0.18334961,-1.14505
2020-04-06 13:00:00,287.47244,281.44867,0.10560608,-0.9571991
2020-04-06 14:00:00,286.49857,281.14072,-0.0743103,0.2994995
2020-04-06 15:00:00,285.91745,280.55515,-0.35871887,1.4972229
2020-04-06 16:00:00,283.8543,278.76727,-0.67103577,1.8831177
2020-04-06 17:00:00,283.02258,277.85104,-0.79248047,1.9187012
2020-04-06 18:00:00,282.12354,276.87793,-0.44566345,2.1101532
2020-04-06 19:00:00,280.39813,274.52936,0.0771637,2.473343
2020-04-06 20:00:00,280.80377,274.12146,0.12875366,2.3942719
2020-04-06 21:00:00,280.80554,273.60114,0.14892578,2.3953705
2020-04-06 22:00:00,280.37805,272.94147,0.10614014,2.466919
2020-04-06 23:00:00,278.25494,271.80585,0.07872009,2.8177185
2020-04-07 00:00:00,275.98404,270.77124,0.098083496,3.2111664
2020-04-07 01:00:00,274.7644,270.91046,0.20275879,3.4063568
2020-04-07 02:00:00,276.98633,274.1383,0.17860413,2.899353
2020-04-07 03:00:00,285.22528,280.9542,0.15158081,1.4065399
2020-04-07 04:00:00,287.63434,278.63495,0.2843933,-0.3859558
2020-04-07 05:00:00,288.83807,279.43692,0.46383667,-0.96902466
2020-04-07 06:00:00,289.71957,279.8484,0.4986267,-1.2245483
2020-04-07 07:00:00,289.83954,281.59903,0.6282501,-1.5520782
2020-04-07 08:00:00,289.75107,281.89377,0.501709,-1.7293854
2020-04-07 09:00:00,289.51318,282.10754,0.60154724,-1.7485809
2020-04-07 10:00:00,287.94547,281.7052,1.0521545,-2.0347748
2020-04-07 11:00:00,284.96173,281.89728,2.054657,-1.8878784
2020-04-07 12:00:00,285.60007,283.0708,1.7848969,-0.7644501
2020-04-07 13:00:00,285.44254,282.4461,0.7857208,1.2018433
2020-04-07 14:00:00,285.0492,281.48914,0.46444702,0.3984375
2020-04-07 15:00:00,284.5663,281.52072,0.54063416,-0.40009308
2020-04-07 16:00:00,283.9775,281.67847,0.79252625,-0.22953606
2020-04-07 17:00:00,282.28088,281.20526,1.4046631,-0.59334564
2020-04-07 18:00:00,279.90015,279.6551,1.9217224,-0.3921051
2020-04-07 19:00:00,280.07367,279.79898,1.6107178,-0.36112976
2020-04-07 20:00:00,279.6361,279.34674,1.0356598,-0.78079224
2020-04-07 21:00:00,279.18735,278.9103,0.7041931,-1.0964355
2020-04-07 22:00:00,278.69946,278.2941,0.91386414,-1.2497406
2020-04-07 23:00:00,278.14288,277.8683,1.1685028,-1.1178131
2020-04-08 00:00:00,277.73694,277.4253,1.1856384,-1.1126709
2020-04-08 01:00:00,276.9375,276.55652,0.9931183,-0.9730835
2020-04-08 02:00:00,275.87128,275.61664,1.2684479,-1.5623779
2020-04-08 03:00:00,276.06842,275.5875,1.3933563,-1.6789398
2020-04-08 04:00:00,276.51044,275.66937,1.2971802,-1.8917847
2020-04-08 05:00:00,277.04498,275.78778,1.2170868,-2.0706177
2020-04-08 06:00:00,277.65698,275.95642,1.3232117,-2.3229218
2020-04-08 07:00:00,278.0535,276.3011,0.94155884,-2.2388153
2020-04-08 08:00:00,278.28662,276.29974,0.94807434,-2.3257751
2020-04-08 09:00:00,278.17273,276.23163,1.119873,-2.4459686
2020-04-08 10:00:00,277.86847,276.111,0.81759644,-2.276291
2020-04-08 11:00:00,277.4787,275.9513,0.4048462,-2.0316467
2020-04-08 12:00:00,276.85855,275.6441,-0.3090973,-1.6985931
2020-04-08 13:00:00,276.78558,275.52014,-0.4593811,-1.3849792
2020-04-08 14:00:00,276.96747,275.66052,0.1312561,-1.0962067
2020-04-08 15:00:00,275.47833,274.50092,1.4590607,-0.85014343
2020-04-08 16:00:00,273.88043,273.46655,1.9738922,-1.0973969
2020-04-08 17:00:00,273.77655,273.54816,1.7342224,-1.5385284
2020-04-08 18:00:00,273.96448,273.80057,2.1452484,-1.7094879
2020-04-08 19:00:00,274.17548,274.0418,2.6514587,-1.9905548
2020-04-08 20:00:00,273.8894,273.80646,3.294632,-1.5733185
2020-04-08 21:00:00,273.45215,273.36337,2.6945038,-1.1319885
2020-04-08 22:00:00,273.1247,273.0328,2.1877747,-1.4030151
2020-04-08 23:00:00,272.7107,272.61,1.6487122,-1.541336
2020-04-09 00:00:00,272.53003,272.41382,1.4628296,-1.7978249
2020-04-09 01:00:00,272.69025,272.38184,1.1643219,-1.7206535
2020-04-09 02:00:00,272.52448,271.74652,1.2123108,-1.8775558
2020-04-09 03:00:00,272.5418,271.89215,1.3739319,-2.154254
2020-04-09 04:00:00,272.44226,271.55878,1.9224548,-2.137064
2020-04-09 05:00:00,272.17664,271.1916,2.034729,-1.2839088
2020-04-09 06:00:00,272.4567,270.943,2.1696472,-1.3963337
2020-04-09 07:00:00,272.1371,270.52765,2.0992126,-1.9265308
2020-04-09 08:00:00,272.2686,270.70782,1.8808746,-2.1532288
2020-04-09 09:00:00,272.42706,270.69672,1.6466064,-2.3192291
2020-04-09 10:00:00,272.45673,270.13345,1.3630371,-2.3519592
2020-04-09 11:00:00,272.2231,270.0387,0.9025116,-2.0051575
2020-04-09 12:00:00,271.67218,270.2957,0.30342102,-1.330719
2020-04-09 13:00:00,271.3248,270.45203,-0.5895996,-0.8097229
2020-04-09 14:00:00,270.2038,269.4694,-1.3751678,-0.5267639
2020-04-09 15:00:00,268.74005,268.16605,-1.7585907,-0.027740479
2020-04-09 16:00:00,267.66455,266.9854,-1.7210693,0.81233215
2020-04-09 17:00:00,266.75806,265.75552,-1.5879974,1.5354004
2020-04-09 18:00:00,266.1012,264.5807,-1.3835602,2.0950623
2020-04-09 19:00:00,266.8739,263.66217,-1.3380432,2.0438232
2020-04-09 20:00:00,265.70093,262.2082,-1.2406921,2.531227
2020-04-09 21:00:00,264.7619,260.98657,-1.0448761,2.8170013
2020-04-09 22:00:00,264.7851,260.4801,-0.7033539,2.7694283
2020-04-09 23:00:00,266.09796,260.8684,-0.5019531,2.4409637
2020-04-10 00:00:00,267.412,261.17032,-0.46681213,2.240097
2020-04-10 01:00:00,267.52527,260.76715,-0.27330017,2.1794586
2020-04-10 02:00:00,269.65833,261.6719,0.10015869,1.7130432
2020-04-10 03:00:00,272.15808,262.9095,0.24153137,0.7931919
2020-04-10 04:00:00,273.55975,263.9333,0.13127136,-0.5645752
2020-04-10 05:00:00,274.0967,265.9163,0.16947937,-1.0378723
2020-04-10 06:00:00,275.1952,269.95923,0.2868042,-1.181015
2020-04-10 07:00:00,276.02374,269.82404,0.19303894,-1.4876099
2020-04-10 08:00:00,277.45978,270.04095,0.27452087,-1.4190598
2020-04-10 09:00:00,277.2438,271.88782,0.27633667,-1.5171585
2020-04-10 10:00:00,277.49167,271.3668,0.08140564,-1.6022987
2020-04-10 11:00:00,277.66785,271.0556,0.021957397,-1.6252747
2020-04-10 12:00:00,278.57635,270.59277,-0.06347656,-1.2552032
2020-04-10 13:00:00,278.64935,270.7834,-0.15675354,-0.41426086
2020-04-10 14:00:00,278.2057,270.21277,-0.82133484,0.9263153
2020-04-10 15:00:00,274.0329,267.64954,-1.1541748,2.0329437
2020-04-10 16:00:00,273.23837,266.0451,-1.048996,2.3465729
2020-04-10 17:00:00,273.58258,264.9541,-0.8276062,2.4260101
2020-04-10 18:00:00,276.93048,264.88586,-0.24545288,2.1302643
2020-04-10 19:00:00,276.72412,263.43744,-0.21568298,2.235382
2020-04-10 20:00:00,274.4138,262.60477,-0.7727661,2.4847717
2020-04-10 21:00:00,274.02985,262.28815,-0.981781,2.5513763
2020-04-10 22:00:00,273.74182,262.3765,-1.119812,2.6791992
2020-04-10 23:00:00,274.08115,262.7244,-1.1790466,2.7109833
2020-04-11 00:00:00,275.64313,262.4939,-0.62605286,2.6151733
2020-04-11 01:00:00,280.40265,262.0291,-0.12652588,2.0307617
2020-04-11 02:00:00,282.77948,261.57562,0.1631012,1.3852844
2020-04-11 03:00:00,282.29767,264.42578,0.7701874,-0.20632935
2020-04-11 04:00:00,282.52594,266.66986,0.6472168,-0.33403015
2020-04-11 05:00:00,282.54993,268.58215,0.4994049,-0.90927124
2020-04-11 06:00:00,283.87592,269.37955,0.29730225,-0.9222107
2020-04-11 07:00:00,286.56012,272.00208,-0.5523987,-0.93304443
2020-04-11 08:00:00,288.05475,272.97806,-0.39538574,-0.9143524
2020-04-11 09:00:00,288.46857,274.03125,-0.06758118,-1.1573334
2020-04-11 10:00:00,288.26605,275.03586,0.2730713,-1.2987976
2020-04-11 11:00:00,288.78018,276.45316,0.5566101,-1.1508026
2020-04-11 12:00:00,287.96765,278.5428,0.8270111,-0.835495
2020-04-11 13:00:00,286.49203,278.7337,1.763855,-0.17124939
2020-04-11 14:00:00,282.42108,277.2813,2.059723,0.9295502
2020-04-11 15:00:00,281.32812,276.41058,0.7452545,2.0091705
2020-04-11 16:00:00,280.5326,275.38123,-0.6819763,2.1780243
2020-04-11 17:00:00,279.3003,274.9235,-0.7674103,2.4612732
2020-04-11 18:00:00,278.61334,274.7722,-0.52783203,2.7110596
2020-04-11 19:00:00,277.95093,275.11462,-0.74375916,2.864624
2020-04-11 20:00:00,278.04782,275.0904,-0.6666107,2.865509
2020-04-11 21:00:00,278.0603,274.9925,-0.5203247,3.155426
2020-04-11 22:00:00,277.417,274.65683,-0.08831787,3.2589264
2020-04-11 23:00:00,276.88983,274.33533,0.15872192,3.3788757
2020-04-12 00:00:00,277.0052,274.36176,-0.045059204,3.3970795
2020-04-12 01:00:00,277.32324,274.6517,-0.23278809,3.3978424
2020-04-12 02:00:00,279.7821,277.15106,-0.18353271,2.7697601
2020-04-12 03:00:00,285.73892,281.43747,-0.2675476,1.5599976
2020-04-12 04:00:00,288.8929,278.75787,-1.0775452,0.5305786
2020-04-12 05:00:00,290.27808,279.8564,-1.5658569,0.2281189
2020-04-12 06:00:00,291.86258,281.26215,-1.38237,-0.2556305
2020-04-12 07:00:00,291.53748,282.14136,1.7144623,-1.7605133
2020-04-12 08:00:00,288.62515,281.59692,3.9538116,-2.5725555
2020-04-12 09:00:00,287.5379,281.4137,3.668045,-2.8377075
2020-04-12 10:00:00,285.76392,280.94806,2.4118958,-2.576233
2020-04-12 11:00:00,288.87585,282.51028,0.4962616,-1.2026367
2020-04-12 12:00:00,288.52063,282.77032,-0.423172,-1.0218048
2020-04-12 13:00:00,287.67163,283.05804,-1.0319977,-0.74809265
2020-04-12 14:00:00,286.37274,282.60974,-1.4057465,-0.2500763
2020-04-12 15:00:00,285.95502,281.90173,-1.6460571,0.25898743
2020-04-12 16:00:00,285.24576,281.10095,-1.6804352,0.6336365
2020-04-12 17:00:00,285.90836,281.2315,-1.4906006,0.54855347
2020-04-12 18:00:00,285.89813,281.26538,-1.4074554,0.36671448
2020-04-12 19:00:00,285.9687,281.36163,-1.0897064,0.61112976
2020-04-12 20:00:00,285.6109,281.4101,-1.1638641,0.56637573
2020-04-12 21:00:00,284.6078,281.23987,-1.2963715,-0.0466156
2020-04-12 22:00:00,284.6551,281.49936,-1.132904,0.31007385
2020-04-12 23:00:00,284.45392,281.35068,-1.2064209,0.40931702
2020-04-13 00:00:00,284.11798,281.1916,-1.2886963,0.030441284
2020-04-13 01:00:00,283.96106,281.23105,-0.881897,-0.20063782
2020-04-13 02:00:00,284.24142,281.4773,0.14030457,-0.2725067
2020-04-13 03:00:00,284.61734,282.59814,0.81199646,-0.9350891
2020-04-13 04:00:00,283.13663,281.85895,1.5139465,-1.5922546
2020-04-13 05:00:00,281.54126,280.83868,2.124588,-1.7325287
2020-04-13 06:00:00,281.55148,280.8045,2.0093536,-1.6128235
2020-04-13 07:00:00,282.0605,281.12726,1.7228699,-1.7985992
2020-04-13 08:00:00,281.84955,280.94977,1.93013,-1.6098938
2020-04-13 09:00:00,282.06085,281.1978,1.7529297,-1.5382233
2020-04-13 10:00:00,282.8283,281.82367,1.3203735,-1.5151825
2020-04-13 11:00:00,284.2674,282.60077,0.69189453,-1.5278168
2020-04-13 12:00:00,284.27493,282.899,0.4660797,-1.2255402
2020-04-13 13:00:00,283.8014,282.82056,0.43502808,-0.93237305
2020-04-13 14:00:00,283.24353,282.46545,1.1306305,-0.69493103
2020-04-13 15:00:00,281.71954,281.32245,1.7055206,-0.0010223389
2020-04-13 16:00:00,281.11118,280.76746,1.8106537,0.13761902
2020-04-13 17:00:00,280.89746,280.63196,1.8024597,0.0655365
2020-04-13 18:00:00,281.02283,280.72473,1.6278992,0.21386719
2020-04-13 19:00:00,281.9503,281.04883,0.90286255,-0.021026611
2020-04-13 20:00:00,282.15036,281.2616,-0.15594482,-0.63409424
2020-04-13 21:00:00,281.63275,281.1431,-0.976593,-0.28253174
2020-04-13 22:00:00,281.59778,281.0653,-1.0712433,0.28102112
2020-04-13 23:00:00,281.64423,280.9449,-1.0299072,0.42967224
2020-04-14 00:00:00,280.32986,279.74158,-0.8947296,1.2119141
2020-04-14 01:00:00,282.367,280.19952,-0.46107483,1.138977
2020-04-14 02:00:00,283.10907,280.60095,0.33911133,-0.031234741
2020-04-14 03:00:00,283.7534,281.9783,0.6351166,-0.9815521
2020-04-14 04:00:00,283.7187,281.23044,0.58470154,-1.748764
2020-04-14 05:00:00,283.2351,280.62894,0.17208862,-2.012741
2020-04-14 06:00:00,283.62793,280.61865,-0.010604858,-2.0632477
2020-04-14 07:00:00,283.7225,280.4654,0.46237183,-2.0448303
2020-04-14 08:00:00,283.20996,280.54895,1.0722504,-1.7841187
2020-04-14 09:00:00,283.44998,280.99872,1.4012604,-1.2259827
2020-04-14 10:00:00,282.9239,280.9085,1.5049286,-1.1808167
2020-04-14 11:00:00,284.7591,282.87152,1.0965271,-1.1346283
2020-04-14 12:00:00,284.02295,282.9032,0.85617065,-1.2967529
2020-04-14 13:00:00,282.73737,282.16248,0.83940125,-1.1219025
2020-04-14 14:00:00,283.1195,282.64868,0.8187103,-0.57795715
2020-04-14 15:00:00,282.66052,282.33673,0.93252563,-0.6473999
2020-04-14 16:00:00,281.8161,281.39343,1.2974854,-0.8516693
2020-04-14 17:00:00,281.62457,281.5467,1.2640991,-0.5261383
2020-04-14 18:00:00,281.1949,281.1286,1.215805,0.37355042
2020-04-14 19:00:00,280.3204,280.00604,1.4905243,-0.29179382
2020-04-14 20:00:00,279.36615,279.0093,1.6776581,-0.5691376
2020-04-14 21:00:00,278.60364,278.53583,1.835907,-0.280838
2020-04-14 22:00:00,278.25784,278.2345,1.9611206,-0.12251282
2020-04-14 23:00:00,277.7072,277.66702,2.20932,-0.28840637
2020-04-15 00:00:00,277.34735,277.2975,2.2272034,-0.26394653
2020-04-15 01:00:00,277.11307,277.02246,2.1058655,-0.331604
2020-04-15 02:00:00,277.35223,277.26062,1.7342529,-0.46939087
2020-04-15 03:00:00,277.26184,277.02963,2.367691,-1.0912476
2020-04-15 04:00:00,278.8081,277.80518,2.1499329,-1.4518127
2020-04-15 05:00:00,279.09125,278.28635,1.8600616,-1.8815308
2020-04-15 06:00:00,279.45197,278.53058,1.5793915,-1.941391
2020-04-15 07:00:00,280.04022,278.2189,0.78622437,-2.1442413
2020-04-15 08:00:00,280.44287,278.29572,0.6237335,-2.0757751
2020-04-15 09:00:00,280.69135,278.37372,0.6671295,-2.0346375
2020-04-15 10:00:00,280.36932,278.18448,0.61735535,-1.8493195
2020-04-15 11:00:00,280.16696,278.11392,0.6538086,-1.6431732
2020-04-15 12:00:00,279.95233,278.22534,0.6491852,-1.4292297
2020-04-15 13:00:00,279.6402,278.4316,0.6513519,-1.2548065
2020-04-15 14:00:00,278.87997,278.1089,0.73275757,-1.0985413
2020-04-15 15:00:00,278.48282,277.64783,0.7500763,-0.8704071
2020-04-15 16:00:00,278.5658,277.60513,0.8013611,-0.7424164
2020-04-15 17:00:00,278.33344,277.31482,0.8329315,-0.6587982
2020-04-15 18:00:00,278.26105,277.21176,0.8553467,-0.5535126
2020-04-15 19:00:00,277.95114,276.6969,0.8050537,-0.68969727
2020-04-15 20:00:00,278.0849,276.62585,0.84399414,-0.5593872
2020-04-15 21:00:00,278.0452,276.4602,0.6906128,-0.5960169
2020-04-15 22:00:00,278.2035,276.38324,0.39318848,-0.65596485
2020-04-15 23:00:00,278.24188,276.20706,0.30300903,-0.54219055
2020-04-16 00:00:00,278.1115,275.94342,0.35731506,-0.44587708
2020-04-16 01:00:00,278.15527,275.97507,0.30880737,-0.27848816
2020-04-16 02:00:00,278.5618,276.3924,0.28707886,-0.45707703
2020-04-16 03:00:00,279.89343,276.94553,0.20353699,-0.97314453
2020-04-16 04:00:00,280.7188,276.96887,0.3347931,-1.6598663
2020-04-16 05:00:00,279.74893,276.43964,0.36480713,-1.6424713
2020-04-16 06:00:00,283.25397,277.37772,0.51927185,-2.0561066
2020-04-16 07:00:00,284.98953,278.16632,0.70677185,-2.4936676
2020-04-16 08:00:00,285.5032,278.6392,0.71917725,-2.5457916
2020-04-16 09:00:00,285.47223,278.68372,0.8696747,-2.8789892
2020-04-16 10:00:00,285.21948,278.64514,0.7569885,-2.6419096
2020-04-16 11:00:00,284.9909,278.5748,0.4640808,-2.3282585
2020-04-16 12:00:00,284.4494,278.24625,0.17233276,-2.1731758
2020-04-16 13:00:00,283.482,278.19193,0.17053223,-1.2194948
2020-04-16 14:00:00,282.39792,277.8913,0.36108398,-0.89286804
2020-04-16 15:00:00,281.97302,276.9316,0.48492432,-0.082736015
2020-04-16 16:00:00,281.77148,276.47406,0.58869934,0.14814758
2020-04-16 17:00:00,281.49744,276.0974,0.67637634,0.10031128
2020-04-16 18:00:00,281.1574,275.69592,0.5995941,0.56251526
2020-04-16 19:00:00,281.35516,276.3269,0.56040955,1.0436707
2020-04-16 20:00:00,281.42627,275.65753,0.252594,1.0424652
2020-04-16 21:00:00,281.4005,275.14166,0.10096741,1.033844
2020-04-16 22:00:00,281.07,274.98706,0.2475586,0.7275238
2020-04-16 23:00:00,280.716,274.8527,0.5265503,1.1518555
2020-04-17 00:00:00,280.57513,274.63364,0.6114044,1.3152466
2020-04-17 01:00:00,280.68353,274.82397,0.5235138,1.2130585
2020-04-17 02:00:00,281.38574,275.5805,0.3591919,0.61216736
2020-04-17 03:00:00,282.52356,278.39282,0.03404236,-0.60009766
2020-04-17 04:00:00,283.6444,279.82013,-0.007537842,-0.9328308
2020-04-17 05:00:00,285.02652,280.56195,0.25920105,-1.1884003
2020-04-17 06:00:00,286.07388,280.5595,0.17189026,-1.3273315
2020-04-17 07:00:00,287.3471,281.3866,0.38194275,-1.5529022
2020-04-17 08:00:00,287.83478,281.4112,0.6172943,-1.5620422
2020-04-17 09:00:00,288.18436,280.97968,0.8025055,-1.3865204
2020-04-17 10:00:00,288.3323,280.4665,0.8098755,-1.4389343
2020-04-17 11:00:00,287.98544,280.34872,0.6712189,-1.480011
2020-04-17 12:00:00,287.5468,280.25482,0.49565125,-0.9446564
2020-04-17 13:00:00,286.70807,282.79816,0.45487976,-0.5063782
2020-04-17 14:00:00,286.20544,279.40564,0.17202759,0.13243103
2020-04-17 15:00:00,284.38727,278.74493,0.10482788,1.4176178
2020-04-17 16:00:00,279.41943,275.95093,-0.068603516,2.5098724
2020-04-17 17:00:00,277.07068,274.61194,-0.09843445,2.8974
2020-04-17 18:00:00,275.84674,273.73862,-0.02204895,3.2194214
2020-04-17 19:00:00,275.75522,272.74872,0.14581299,3.3376007
2020-04-17 20:00:00,275.47397,272.3141,0.16523743,3.3099823
2020-04-17 21:00:00,275.11066,271.80505,0.19616699,3.3744354
2020-04-17 22:00:00,274.84412,271.35925,0.18684387,3.3879852
2020-04-17 23:00:00,274.60355,270.9285,0.19454956,3.3898926
2020-04-18 00:00:00,274.4762,270.59882,0.13098145,3.3804932
2020-04-18 01:00:00,275.09842,271.3574,0.058807373,3.2797546
2020-04-18 02:00:00,278.9054,275.66013,-0.025222778,2.5217743
2020-04-18 03:00:00,285.34753,278.76404,-0.13322449,1.1501923
2020-04-18 04:00:00,287.89044,274.86395,-0.6141968,-0.40444946
2020-04-18 05:00:00,288.75076,275.8905,-0.6696472,-1.1207123
2020-04-18 06:00:00,289.49,276.6795,-0.58377075,-1.2338715
2020-04-18 07:00:00,290.2284,277.3632,-0.44560242,-1.1480255
2020-04-18 08:00:00,290.70422,277.67468,-0.17460632,-1.3337402
2020-04-18 09:00:00,290.9388,277.73615,0.021713257,-1.4368744
2020-04-18 10:00:00,290.84344,277.7182,0.11834717,-1.5848236
2020-04-18 11:00:00,290.60153,277.537,0.24362183,-1.4313507
2020-04-18 12:00:00,290.07803,278.0035,0.3373108,-1.032196
2020-04-18 13:00:00,289.32434,279.0866,0.57969666,-0.30760193
2020-04-18 14:00:00,288.20825,276.99017,0.5745392,1.084137
2020-04-18 15:00:00,282.51733,276.21094,0.38423157,2.4250488
2020-04-18 16:00:00,279.59552,274.99384,0.2718506,3.0076752
2020-04-18 17:00:00,278.00168,274.33453,0.25082397,3.2110138
2020-04-18 18:00:00,277.2772,273.7854,0.2154541,3.2865295
2020-04-18 19:00:00,277.03674,273.73154,0.19848633,3.4265137
2020-04-18 20:00:00,276.71872,273.4687,0.17102051,3.3614807
2020-04-18 21:00:00,276.37805,273.1611,0.15731812,3.3942719
2020-04-18 22:00:00,276.11594,272.8694,0.119522095,3.430832
2020-04-18 23:00:00,275.89746,272.57263,0.07696533,3.4664917
2020-04-19 00:00:00,275.68542,272.1801,0.016815186,3.5032501
2020-04-19 01:00:00,276.16473,272.47708,0.019332886,3.4079132
2020-04-19 02:00:00,279.86066,276.55826,0.08644104,2.5537567
2020-04-19 03:00:00,286.36865,279.3216,0.17167664,0.9740906
2020-04-19 04:00:00,288.79324,275.01495,0.32385254,-0.57865906
2020-04-19 05:00:00,289.59933,277.19586,0.26150513,-1.1060028
2020-04-19 06:00:00,290.3943,278.63034,0.25942993,-1.349289
2020-04-19 07:00:00,291.09656,279.82092,0.23376465,-1.5972748
2020-04-19 08:00:00,291.50818,280.23376,0.18191528,-1.4061127
2020-04-19 09:00:00,291.71143,280.26306,0.09436035,-1.0621033
2020-04-19 10:00:00,291.63504,280.36533,0.3912506,-1.0647736
2020-04-19 11:00:00,291.36826,280.487,0.35327148,-1.1589813
2020-04-19 12:00:00,290.90833,280.69214,-0.0013275146,-0.8486328
2020-04-19 13:00:00,289.20435,284.27216,0.034347534,0.80914307
2020-04-19 14:00:00,285.4851,280.23743,0.5547333,2.2772064
2020-04-19 15:00:00,282.30777,278.99777,0.1784668,3.0670624
2020-04-19 16:00:00,280.56836,278.47327,0.14006042,3.2342196
2020-04-19 17:00:00,279.92828,277.81018,0.09831238,3.3182821
2020-04-19 18:00:00,279.5929,277.2265,0.031448364,3.3766193
2020-04-19 19:00:00,279.74487,276.60858,0.05303955,3.424162
2020-04-19 20:00:00,279.2339,276.1598,0.07557678,3.3969364
2020-04-19 21:00:00,278.80115,275.70056,0.11427307,3.4437122
2020-04-19 22:00:00,278.5335,275.29248,0.11013794,3.491043
2020-04-19 23:00:00,278.33575,274.9054,0.11016846,3.5009403
2020-04-20 00:00:00,278.13602,274.44794,0.09585571,3.5329704
2020-04-20 01:00:00,278.5714,274.7303,0.06297302,3.409769
2020-04-20 02:00:00,281.88568,278.4839,0.056854248,2.5975494
2020-04-20 03:00:00,287.4057,280.9215,-0.068740845,0.9560776
2020-04-20 04:00:00,289.89423,276.78815,-0.25497437,-0.3250866
2020-04-20 05:00:00,291.04065,277.6575,-0.16983032,-0.9055481
2020-04-20 06:00:00,291.96982,278.28796,-0.028182983,-1.0011215
2020-04-20 07:00:00,292.7987,279.82175,-0.16281128,-1.163187
2020-04-20 08:00:00,293.32227,280.19577,0.18588257,-1.0047989
2020-04-20 09:00:00,293.71924,280.4959,0.5045471,-0.9145012
2020-04-20 10:00:00,293.8045,280.58447,0.79273987,-0.7581253
2020-04-20 11:00:00,293.65845,280.4963,1.2065277,-0.7215748
2020-04-20 12:00:00,292.93332,281.93896,1.591568,-0.55000496
2020-04-20 13:00:00,291.40027,283.05438,1.7208252,0.32661057
2020-04-20 14:00:00,288.0951,281.7016,1.34198,1.7671032
2020-04-20 15:00:00,284.93958,279.38055,0.8688965,2.8589745
2020-04-20 16:00:00,282.69327,277.93323,0.5611267,3.1954784
2020-04-20 17:00:00,281.3319,276.8097,0.4539032,3.30085
2020-04-20 18:00:00,280.52682,275.80396,0.30288696,3.3914309
2020-04-20 19:00:00,280.30188,276.22534,0.20135498,3.4611835
2020-04-20 20:00:00,279.93683,275.6899,0.18911743,3.4193735
2020-04-20 21:00:00,279.61285,275.14258,0.19137573,3.4590206
2020-04-20 22:00:00,279.2826,274.60263,0.16253662,3.5138006
2020-04-20 23:00:00,278.98907,274.01746,0.10241699,3.5485678
2020-04-21 00:00:00,278.7951,273.4041,0.08859253,3.5795135
2020-04-21 01:00:00,279.3479,274.22897,0.07342529,3.467163
2020-04-21 02:00:00,282.7953,278.70422,0.031982422,2.6739807
2020-04-21 03:00:00,288.43347,281.64185,0.034744263,1.3510284
2020-04-21 04:00:00,291.0895,277.25372,-0.13615417,-0.053329468
2020-04-21 05:00:00,292.07196,278.97766,-0.1993866,-0.6161499
2020-04-21 06:00:00,292.88092,279.86707,-0.16281128,-0.836853
2020-04-21 07:00:00,293.24646,281.42624,0.041290283,-1.1369476
2020-04-21 08:00:00,293.6983,281.2917,0.021270752,-0.98553467
2020-04-21 09:00:00,293.9212,281.1836,0.12042236,-0.9446411
2020-04-21 10:00:00,294.02963,281.05286,0.2924652,-0.8398533
2020-04-21 11:00:00,293.82843,280.80807,0.24888611,-0.31298256
2020-04-21 12:00:00,293.3396,280.94513,0.56159973,0.5352936
2020-04-21 13:00:00,291.72253,282.90317,1.2154541,0.90971375
2020-04-21 14:00:00,288.50903,281.62286,0.19787598,2.2068787
2020-04-21 15:00:00,285.4004,280.59613,-0.32984924,2.8557281
2020-04-21 16:00:00,283.942,280.15784,0.03501892,3.1444702
2020-04-21 17:00:00,282.86447,279.3993,0.09573364,3.2088165
2020-04-21 18:00:00,281.992,278.36966,0.10714722,3.3667755
2020-04-21 19:00:00,282.06952,276.1134,0.18270874,3.463028
2020-04-21 20:00:00,281.4921,275.5857,0.1815033,3.4959412
2020-04-21 21:00:00,281.02045,274.9845,0.20106506,3.5753021
2020-04-21 22:00:00,280.7347,274.42755,0.22497559,3.6178741
2020-04-21 23:00:00,280.51227,273.9701,0.17042542,3.671692
2020-04-22 00:00:00,280.33496,273.62006,0.12567139,3.7029877
2020-04-22 01:00:00,280.86102,275.09222,0.08958435,3.5852814
2020-04-22 02:00:00,284.12225,279.7091,0.06803894,2.766449
2020-04-22 03:00:00,289.37128,282.30328,0.026916504,1.5511951
2020-04-22 04:00:00,292.19495,276.784,-0.050750732,0.3358841
2020-04-22 05:00:00,293.24484,277.20505,-0.40873718,-0.17423534
2020-04-22 06:00:00,294.08075,277.5249,-0.69467163,-0.26660824
2020-04-22 07:00:00,294.30893,279.8435,-0.18746948,-0.22977638
2020-04-22 08:00:00,294.74664,279.64362,0.05532837,-0.30599308
2020-04-22 09:00:00,295.07077,279.45258,0.06213379,-0.4140463
2020-04-22 10:00:00,295.07068,279.3153,0.15496826,-0.36812687
2020-04-22 11:00:00,294.95398,279.1037,0.16230774,-0.13580322
2020-04-22 12:00:00,294.36145,279.2093,0.14091492,0.6018677
2020-04-22 13:00:00,292.58264,283.6358,-0.33685303,0.8914337
2020-04-22 14:00:00,288.99072,280.8955,-0.36437988,1.9781952
2020-04-22 15:00:00,286.31885,278.977,0.07728577,3.0282974
2020-04-22 16:00:00,283.84167,278.46942,0.14041138,3.3611364
2020-04-22 17:00:00,282.8097,277.78064,0.1164093,3.5576057
2020-04-22 18:00:00,282.3367,277.01428,0.114486694,3.6623716
2020-04-22 19:00:00,282.47372,275.82544,0.2061615,3.672577
2020-04-22 20:00:00,282.1097,275.02173,0.21885681,3.6504517
2020-04-22 21:00:00,281.74188,274.29626,0.18203735,3.7144012
2020-04-22 22:00:00,281.50366,273.78766,0.08639526,3.7598038
2020-04-22 23:00:00,281.2021,273.4063,0.010864258,3.8346643
2020-04-23 00:00:00,280.94177,273.12018,-0.021224976,3.8853607
2020-04-23 01:00:00,281.41132,274.79535,0.03869629,3.7684479
2020-04-23 02:00:00,284.76202,279.7475,0.12199402,2.955246
2020-04-23 03:00:00,289.93793,283.65195,0.095184326,1.484024
2020-04-23 04:00:00,293.05023,276.94504,0.254776,0.17860413
2020-04-23 05:00:00,294.1847,277.83865,0.1898346,-0.4489746
2020-04-23 06:00:00,295.07712,278.09198,-0.04057312,-0.6261444
2020-04-23 07:00:00,295.91193,280.07922,-0.052108765,-0.8932953
2020-04-23 08:00:00,296.2489,280.02206,-0.06991577,-0.6981964
2020-04-23 09:00:00,296.6315,279.87195,-0.14468384,-0.48480225
2020-04-23 10:00:00,296.77087,279.3485,-0.188797,-0.24610901
2020-04-23 11:00:00,296.6596,279.00714,-0.26864624,-0.111953735
2020-04-23 12:00:00,296.05142,282.52582,-0.38789368,0.23740959
2020-04-23 13:00:00,294.2621,284.9146,-0.32618713,1.1248589
2020-04-23 14:00:00,290.23737,280.9607,-0.08430481,2.2189484
2020-04-23 15:00:00,286.84146,277.70352,0.10707092,3.2016869
2020-04-23 16:00:00,284.52576,276.45847,0.09448242,3.6074066
2020-04-23 17:00:00,283.40265,275.49704,0.07331848,3.8354187
2020-04-23 18:00:00,282.7431,274.4151,0.08811951,3.92659
2020-04-23 19:00:00,282.80933,273.99982,0.13528442,3.923706
2020-04-23 20:00:00,282.5387,272.86267,0.16983032,3.8411865
2020-04-23 21:00:00,282.35187,271.49323,0.19676208,3.8524323
2020-04-23 22:00:00,282.1548,270.2287,0.13600159,3.8831482
2020-04-23 23:00:00,281.81848,269.24005,0.08074951,3.950592
2020-04-24 00:00:00,281.4322,268.54193,0.00035095215,4.049011
2020-04-24 01:00:00,281.6467,271.783,-0.025024414,4.01651
2020-04-24 02:00:00,284.93015,278.39603,-0.073287964,3.3568726
2020-04-24 03:00:00,290.28217,285.19476,-0.12261963,2.0478973
2020-04-24 04:00:00,294.78735,277.79477,-0.23558044,0.59916687
2020-04-24 05:00:00,296.24255,277.0116,-0.31970215,-0.24493408
2020-04-24 06:00:00,297.03006,278.47614,0.08743286,-0.63209534
2020-04-24 07:00:00,297.83322,279.40125,0.5355835,-1.1501617
2020-04-24 08:00:00,298.15002,280.08194,0.7359314,-1.3279877
2020-04-24 09:00:00,298.1863,280.60455,1.065979,-1.6408386
2020-04-24 10:00:00,297.90067,281.09393,1.3203125,-1.6768646
2020-04-24 11:00:00,297.34207,282.20508,1.4335022,-1.2253876
2020-04-24 12:00:00,296.5006,284.18076,1.4227142,-0.29670715
2020-04-24 13:00:00,294.6372,287.07248,1.4975586,0.6455841
2020-04-24 14:00:00,291.3973,283.64795,1.3451233,1.6857605
2020-04-24 15:00:00,288.3192,281.12085,0.8573456,2.890808
2020-04-24 16:00:00,285.73126,279.7376,0.30651855,3.3855743
2020-04-24 17:00:00,284.34152,278.9867,0.07090759,3.5153198
2020-04-24 18:00:00,283.80927,278.40808,0.06341553,3.5871735
2020-04-24 19:00:00,284.25067,279.0028,0.24971008,3.3177948
2020-04-24 20:00:00,283.6428,278.7371,0.24227905,3.2050323
2020-04-24 21:00:00,283.18323,278.30313,0.12265015,3.18927
2020-04-24 22:00:00,282.74686,277.78235,0.0036773682,3.173767
2020-04-24 23:00:00,282.46527,277.30835,-0.005630493,3.0307312
2020-04-25 00:00:00,282.05838,276.91577,-0.0011901855,2.9033203
2020-04-25 01:00:00,282.17517,277.72192,0.025970459,2.5838013
2020-04-25 02:00:00,287.2212,280.00397,0.3926239,0.9649048
2020-04-25 03:00:00,288.91998,280.62964,1.175827,-0.9766083
2020-04-25 04:00:00,289.53052,282.3844,1.5896454,-1.4388733
2020-04-25 05:00:00,290.3355,283.51813,1.5642548,-1.8602753
2020-04-25 06:00:00,290.92102,284.3756,1.4592438,-2.0671844
2020-04-25 07:00:00,290.68002,285.72388,1.3024292,-1.8981781
2020-04-25 08:00:00,290.7804,285.83728,1.6170044,-1.656723
2020-04-25 09:00:00,290.70013,286.95428,1.4585114,-1.8421631
2020-04-25 10:00:00,290.52936,287.35138,1.1273651,-1.5715027
2020-04-25 11:00:00,289.9505,287.55145,1.2992096,-1.1024933
2020-04-25 12:00:00,289.2778,287.41217,1.329071,-0.8092499
2020-04-25 13:00:00,288.57,286.92654,1.2748566,-0.45466614
2020-04-25 14:00:00,287.63757,286.47412,1.1766357,0.06254578
2020-04-25 15:00:00,286.39258,285.4596,1.1714325,0.09814453
2020-04-25 16:00:00,286.13214,284.84448,1.0952911,-0.33616638
2020-04-25 17:00:00,286.29822,284.65448,0.87257385,-0.33299255
2020-04-25 18:00:00,286.18488,284.39807,0.76704407,-0.33377075
2020-04-25 19:00:00,286.2426,283.84076,1.0892792,0.110565186
2020-04-25 20:00:00,286.5019,283.70673,0.93626404,0.3765869
2020-04-25 21:00:00,286.44165,283.6609,0.18922424,0.31610107
2020-04-25 22:00:00,286.3252,283.64777,-0.2469635,0.83044434
2020-04-25 23:00:00,286.13354,282.86194,-0.27079773,1.2563324
2020-04-26 00:00:00,286.78757,282.5998,-0.30496216,1.2373657
2020-04-26 01:00:00,286.62204,282.00623,-0.13240051,1.4013062
2020-04-26 02:00:00,287.99396,283.28485,0.48631287,0.08294678
2020-04-26 03:00:00,288.48907,284.99872,0.68107605,-0.50257874
2020-04-26 04:00:00,289.5691,285.36157,0.5998535,-0.68756104
2020-04-26 05:00:00,290.6647,285.8015,0.43240356,-0.94210815
2020-04-26 06:00:00,291.22778,286.36176,0.5475769,-1.1911011
2020-04-26 07:00:00,292.43774,287.40552,1.0168152,-1.6286926
2020-04-26 08:00:00,292.826,287.7099,0.9601593,-1.171341
2020-04-26 09:00:00,293.3863,287.8783,1.0305634,-0.83354187
2020-04-26 10:00:00,293.46924,287.8886,0.123413086,-0.82466125
2020-04-26 11:00:00,293.3895,288.09845,-0.8511505,-0.33322144
2020-04-26 12:00:00,292.78625,288.05685,-0.97387695,-0.22787476
2020-04-26 13:00:00,291.92755,287.71863,-0.4257965,0.03036499
2020-04-26 14:00:00,291.30692,287.1347,-0.41392517,0.7003784
2020-04-26 15:00:00,289.58508,285.42218,-0.2827301,1.4227142
2020-04-26 16:00:00,289.29102,284.5363,-0.29193115,1.5530396
2020-04-26 17:00:00,286.29785,282.6603,0.062454224,2.2699127
2020-04-26 18:00:00,284.44083,281.21326,0.0874176,2.818283
2020-04-26 19:00:00,283.10147,280.19043,0.1751709,3.5033722
2020-04-26 20:00:00,282.93475,280.10025,0.100128174,3.6082306
2020-04-26 21:00:00,282.82397,279.7177,0.12568665,3.7230225
2020-04-26 22:00:00,282.8833,279.36487,0.19830322,3.7526093
2020-04-26 23:00:00,282.76648,278.8201,0.22737122,3.7712097
2020-04-27 00:00:00,282.6419,278.3423,0.21737671,3.7937164
2020-04-27 01:00:00,283.60376,279.3105,0.16345215,3.664032
2020-04-27 02:00:00,286.65637,282.64886,0.024139404,3.0100098
2020-04-27 03:00:00,291.48645,287.5634,-0.24078369,1.7470398
2020-04-27 04:00:00,295.24966,283.07867,-0.89198303,0.8625946
2020-04-27 05:00:00,296.93097,283.48157,-0.9613495,-0.10456848
2020-04-27 06:00:00,298.14343,284.19122,-0.6520996,-0.51486206
2020-04-27 07:00:00,299.38617,284.688,-0.6327057,-0.8964081
2020-04-27 08:00:00,299.97412,284.74835,0.08282471,-1.0922394
2020-04-27 09:00:00,300.27295,284.80145,0.5002289,-1.1263428
2020-04-27 10:00:00,300.33337,284.5936,0.37434387,-0.93281555
2020-04-27 11:00:00,300.1031,284.4314,0.21846008,-0.7094574
2020-04-27 12:00:00,299.42657,286.5741,0.058914185,-0.42323303
2020-04-27 13:00:00,299.25983,284.15063,-0.22343445,-0.38545227
2020-04-27 14:00:00,298.17688,282.38104,-0.400177,0.65878296
2020-04-27 15:00:00,291.0522,282.17346,-0.43762207,2.579773
2020-04-27 16:00:00,288.1252,280.33582,-0.06843567,3.6208038
2020-04-27 17:00:00,286.18,279.21707,0.16088867,4.0083313
2020-04-27 18:00:00,285.47095,278.10635,0.17712402,4.169998
2020-04-27 19:00:00,285.42926,277.48367,0.08598328,4.279541
2020-04-27 20:00:00,285.15652,276.5652,0.14665222,4.254654
2020-04-27 21:00:00,284.80347,275.75098,0.21411133,4.324561
2020-04-27 22:00:00,284.425,275.0993,0.19569397,4.369837
2020-04-27 23:00:00,284.12286,274.65536,0.1966095,4.391572
2020-04-28 00:00:00,283.92194,274.35925,0.2211914,4.418166
2020-04-28 01:00:00,284.73132,277.1714,0.25610352,4.221711
2020-04-28 02:00:00,288.30066,282.55853,0.235672,3.426773
2020-04-28 03:00:00,293.46005,288.74927,0.119506836,2.0153122
2020-04-28 04:00:00,297.80402,283.05786,0.14109802,0.30104065
2020-04-28 05:00:00,299.25516,281.62997,1.1543427,-0.9651623
2020-04-28 06:00:00,299.44647,282.45383,2.6695557,-1.0021515
2020-04-28 07:00:00,298.68634,283.4806,1.2849579,-0.7532959
2020-04-28 08:00:00,298.72974,283.78638,-0.64308167,-1.0433655
2020-04-28 09:00:00,298.54602,284.1159,-0.9748688,-1.8326893
2020-04-28 10:00:00,297.92664,284.37125,-0.49513245,-2.1199303
2020-04-28 11:00:00,297.43216,284.34903,-0.19386292,-1.3736858
2020-04-28 12:00:00,296.7979,285.1159,1.3071747,-0.27464485
2020-04-28 13:00:00,293.94977,285.3803,2.7634277,1.0634727
2020-04-28 14:00:00,292.20297,284.75165,2.244049,0.7693281
2020-04-28 15:00:00,290.50748,285.3885,1.8768005,-0.357028
2020-04-28 16:00:00,288.27887,285.21478,1.7684479,-0.04805374
2020-04-28 17:00:00,287.2843,285.00555,1.561966,0.44989014
2020-04-28 18:00:00,287.3581,285.68964,0.89689636,-0.8378935
2020-04-28 19:00:00,286.1604,285.167,0.466156,-1.1497841
2020-04-28 20:00:00,285.69843,284.94012,-0.827652,-0.72307587
2020-04-28 21:00:00,284.8966,284.5172,-1.3573151,-0.4936409
2020-04-28 22:00:00,284.55212,284.27338,-1.5826263,-0.39500523
2020-04-28 23:00:00,284.37878,283.84094,-1.6352997,-0.002038002
2020-04-29 00:00:00,284.2547,283.42365,-1.7490387,0.22082329
2020-04-29 01:00:00,284.40625,283.31537,-1.727478,0.2955618
2020-04-29 02:00:00,285.3816,283.95715,-1.7339783,-0.10257244
2020-04-29 03:00:00,287.31104,284.62784,-1.7414246,-0.5835819
2020-04-29 04:00:00,288.32864,284.01367,-1.6722107,-1.1009846
2020-04-29 05:00:00,289.91876,283.90033,-1.6630402,-1.5557423
2020-04-29 06:00:00,291.2246,284.17303,-1.4887085,-1.7787495
2020-04-29 07:00:00,292.9948,284.74118,-0.8456421,-2.5441284
2020-04-29 08:00:00,293.33282,284.91626,-0.50064087,-2.7249603
2020-04-29 09:00:00,293.56366,284.91013,-0.3177185,-2.6367645
2020-04-29 10:00:00,293.66138,284.77362,0.24745178,-2.1950378
2020-04-29 11:00:00,292.9056,284.3017,0.70814514,-1.5313568
2020-04-29 12:00:00,291.94006,284.79132,0.942688,-0.21536255
2020-04-29 13:00:00,290.9926,286.09515,0.90567017,0.58558655
2020-04-29 14:00:00,288.99774,285.29382,1.0686188,2.011963
2020-04-29 15:00:00,287.5052,284.70532,0.67407227,2.1570587
2020-04-29 16:00:00,286.5628,284.04404,0.6612091,1.542984
2020-04-29 17:00:00,287.67242,283.27966,1.2528381,-0.30963135
2020-04-29 18:00:00,284.8476,282.81274,2.0161438,0.26008606
2020-04-29 19:00:00,284.03845,282.85236,2.2675629,0.19467163
2020-04-29 20:00:00,283.716,282.66367,2.2697449,-0.09324646
2020-04-29 21:00:00,283.56934,282.68277,2.1234741,-0.29466248
2020-04-29 22:00:00,283.72382,283.24268,2.2914124,-0.23005676
2020-04-29 23:00:00,284.07605,282.9005,2.5503998,-0.478714
2020-04-30 00:00:00,283.9701,283.0868,2.1446686,-0.30944824
2020-04-30 01:00:00,284.03345,283.50568,1.970047,-0.21470642
2020-04-30 02:00:00,284.20123,283.9177,1.712204,-0.5209503
2020-04-30 03:00:00,284.55725,284.3046,1.2288971,-0.6792145
2020-04-30 04:00:00,284.92603,284.67957,0.89123535,-0.89671326
2020-04-30 05:00:00,285.16306,284.5164,0.61924744,-1.0812683
2020-04-30 06:00:00,285.5006,284.81458,0.17236328,-1.3425903
2020-04-30 07:00:00,286.11542,282.3866,0.65031433,-1.7120409
2020-04-30 08:00:00,286.33194,282.33762,0.76849365,-1.7084227
2020-04-30 09:00:00,286.0905,282.5871,0.5830078,-1.3663015
2020-04-30 10:00:00,286.13135,282.907,0.22225952,-0.7828016
2020-04-30 11:00:00,286.47656,282.86237,0.035461426,-0.73559
2020-04-30 12:00:00,286.31134,282.87515,-0.31773376,-0.60903835
2020-04-30 13:00:00,285.95078,283.09174,-0.95329285,-0.48484993
2020-04-30 14:00:00,284.98492,282.89713,-1.5838318,0.37150764
2020-04-30 15:00:00,283.44733,281.73773,-1.5666046,1.6331186
2020-04-30 16:00:00,282.66455,280.5086,-1.0565186,2.324751
2020-04-30 17:00:00,281.71417,279.31497,-0.38598633,2.6794415
2020-04-30 18:00:00,280.8319,278.66577,-0.041778564,2.8693829
2020-04-30 19:00:00,279.6015,277.98773,-0.014892578,3.2031422
2020-04-30 20:00:00,279.27942,277.6638,-0.12335205,3.217987
2020-04-30 21:00:00,278.98145,277.15582,-0.10958862,3.2969513
2020-04-30 22:00:00,278.59808,276.73004,-0.047210693,3.3559113
2020-04-30 23:00:00,278.2168,276.33435,-0.08703613,3.4278412
2020-05-01 00:00:00,277.80475,275.9284,-0.13375854,3.500885
2020-05-01 01:00:00,278.9737,277.0797,-0.1539154,3.2776642
2020-05-01 02:00:00,282.7707,280.88147,-0.18766785,2.2266083
2020-05-01 03:00:00,287.2563,279.78622,-0.62809753,0.6932831
2020-05-01 04:00:00,289.101,279.753,-0.8300476,-0.70274353
2020-05-01 05:00:00,290.2812,280.89252,-0.76823425,-1.3947906
2020-05-01 06:00:00,291.25955,281.76312,-0.76608276,-1.526062
2020-05-01 07:00:00,292.23083,282.81033,-1.5199585,-1.5805664
2020-05-01 08:00:00,292.78168,282.94604,-1.6299438,-1.349823
2020-05-01 09:00:00,293.1232,282.8971,-1.869278,-1.2541809
2020-05-01 10:00:00,293.2791,282.85336,-1.9863281,-1.3814697
2020-05-01 11:00:00,293.04312,282.69827,-2.0882874,-1.5546875
2020-05-01 12:00:00,292.28067,283.03833,-1.8770294,-1.3521118
2020-05-01 13:00:00,291.04477,283.28357,-1.6471405,-0.7115631
2020-05-01 14:00:00,289.1145,283.27576,-1.6396332,0.26179504
2020-05-01 15:00:00,286.89166,281.99854,-1.38237,1.1873016
2020-05-01 16:00:00,286.0728,280.7934,-1.1215668,1.5139618
2020-05-01 17:00:00,285.95532,279.95047,-0.90527344,1.5492401
2020-05-01 18:00:00,286.50073,279.3422,-0.4964447,1.5509949
2020-05-01 19:00:00,286.21783,279.17273,0.1672821,1.6660004
2020-05-01 20:00:00,285.9048,278.79337,0.6374817,1.6275787
2020-05-01 21:00:00,285.9327,278.54767,0.62309265,1.6343079
2020-05-01 22:00:00,286.31512,278.32104,0.38191223,1.6505127
2020-05-01 23:00:00,285.92255,278.08954,0.16189575,1.7749023
2020-05-02 00:00:00,285.3328,277.83054,0.057556152,1.9104252
2020-05-02 01:00:00,284.38885,278.70047,-0.11331177,2.084197
2020-05-02 02:00:00,284.2912,281.29175,-0.075408936,2.1973267
2020-05-02 03:00:00,286.44574,284.16577,-0.06613159,1.277359
2020-05-02 04:00:00,287.51794,282.9955,0.24319458,0.22714424
2020-05-02 05:00:00,288.36325,284.35004,0.008682251,-0.52625465
2020-05-02 06:00:00,289.0984,284.1725,0.23536682,-1.2162638
2020-05-02 07:00:00,290.07913,285.08368,0.11782837,-1.6552525
2020-05-02 08:00:00,290.4312,285.67242,0.1759491,-1.6993294
2020-05-02 09:00:00,290.932,285.9937,0.17982483,-1.793951
2020-05-02 10:00:00,291.16266,285.71692,0.674057,-1.587923
2020-05-02 11:00:00,290.82373,285.81055,0.29333496,-1.2686806
2020-05-02 12:00:00,290.5589,285.90027,0.14224243,-1.0175552
2020-05-02 13:00:00,289.94165,285.71042,-0.5417328,-0.5156517
2020-05-02 14:00:00,288.25507,285.92346,-1.1175995,0.32349205
2020-05-02 15:00:00,285.95203,283.65332,-1.3749695,1.3123131
2020-05-02 16:00:00,285.28735,282.24182,-0.83843994,1.7018452
2020-05-02 17:00:00,284.334,281.02808,0.10095215,2.1306973
2020-05-02 18:00:00,282.9134,279.6267,0.16795349,2.4858856
2020-05-02 19:00:00,281.502,279.04028,-0.49635315,3.096283
2020-05-02 20:00:00,281.4751,278.7964,-0.27261353,3.2820816
2020-05-02 21:00:00,281.3064,278.61298,0.014556885,3.4409142
2020-05-02 22:00:00,281.2234,278.38977,0.26724243,3.4825935
2020-05-02 23:00:00,281.0797,278.07935,0.49699402,3.4659557
2020-05-03 00:00:00,281.54193,277.97897,0.638443,3.2567043
2020-05-03 01:00:00,282.69254,279.1729,0.6019287,2.7869396
2020-05-03 02:00:00,285.42303,282.49176,0.7752838,1.2720528
2020-05-03 03:00:00,289.12717,282.75708,1.7043304,-0.8646641
2020-05-03 04:00:00,289.51147,283.9207,1.656784,-1.2238331
2020-05-03 05:00:00,290.3513,283.82407,1.0338898,-1.4475422
2020-05-03 06:00:00,291.05692,284.39853,0.49124146,-1.7858839
2020-05-03 07:00:00,292.0577,284.5042,1.9684296,-2.7044973
2020-05-03 08:00:00,291.0795,284.87756,1.2964783,-2.4224157
2020-05-03 09:00:00,290.57544,285.3204,1.5390015,-1.5176201
2020-05-03 10:00:00,289.70837,285.36124,2.1976776,-1.4777832
2020-05-03 11:00:00,288.39618,285.44324,1.9796906,-1.5306454
2020-05-03 12:00:00,287.90305,285.81744,1.9756622,-0.60071087
2020-05-03 13:00:00,287.49597,285.54578,1.5339355,0.25862503
2020-05-03 14:00:00,286.59952,284.94946,0.87306213,1.0061569
2020-05-03 15:00:00,285.3482,283.75037,0.30426025,1.660181
2020-05-03 16:00:00,284.65808,282.8309,0.008300781,1.8808441
2020-05-03 17:00:00,283.93945,282.2038,-0.20188904,2.2432137
2020-05-03 18:00:00,283.03116,281.61633,-0.28683472,2.4973316
2020-05-03 19:00:00,282.9214,281.19046,-0.42030334,2.644041
2020-05-03 20:00:00,282.0642,280.45453,-0.34825134,2.7502995
2020-05-03 21:00:00,281.53888,279.79205,-0.29136658,2.858385
2020-05-03 22:00:00,281.05457,279.06805,-0.29541016,3.010727
2020-05-03 23:00:00,280.6983,278.591,-0.24299622,3.1643715
2020-05-04 00:00:00,280.34598,278.31238,-0.11543274,3.2371597
2020-05-04 01:00:00,281.46954,279.69214,-0.08798218,3.0439053
2020-05-04 02:00:00,285.02634,283.0777,-0.27275085,2.1345654
2020-05-04 03:00:00,289.41287,282.10614,-0.7583313,0.8052063
2020-05-04 04:00:00,291.04767,281.02014,-1.2887268,-0.42847252
2020-05-04 05:00:00,292.1312,281.1353,-1.4813995,-1.2201366
2020-05-04 06:00:00,293.00235,281.25095,-1.5806122,-1.3744888
2020-05-04 07:00:00,293.45782,282.08438,-1.2811127,-1.6348171
2020-05-04 08:00:00,293.97443,282.26062,-1.0231323,-1.9099712
2020-05-04 09:00:00,294.21246,282.44376,-0.68592834,-2.0022755
2020-05-04 10:00:00,294.27417,282.39636,-0.4269104,-1.6903114
2020-05-04 11:00:00,294.06097,282.15436,-0.3683014,-1.1574192
2020-05-04 12:00:00,293.7307,282.3919,-0.6481323,-1.0184517
2020-05-04 13:00:00,292.46405,286.06952,-0.9440918,-0.4073515
2020-05-04 14:00:00,290.864,282.61365,-1.0533447,0.8642893
2020-05-04 15:00:00,288.06183,281.4897,-0.6680603,1.8888092
2020-05-04 16:00:00,286.58203,280.7301,-0.3476715,2.2184782
2020-05-04 17:00:00,284.40308,279.95493,0.0763855,2.7557173
2020-05-04 18:00:00,282.7668,279.60944,0.11286926,3.0931807
2020-05-04 19:00:00,282.9627,279.28705,0.52279663,2.8742323
2020-05-04 20:00:00,282.247,279.10547,0.7089844,2.711422
2020-05-04 21:00:00,281.88687,278.86377,0.7644043,2.538247
2020-05-04 22:00:00,281.44724,278.68365,0.5009155,2.5760021
2020-05-04 23:00:00,280.78113,278.3286,0.30125427,2.7121096
2020-05-05 00:00:00,280.351,278.14035,0.2522583,2.7520247
2020-05-05 01:00:00,281.76434,279.65527,0.29432678,2.3528433
2020-05-05 02:00:00,286.1375,283.54852,0.3781128,1.1780272
2020-05-05 03:00:00,289.2895,282.35822,1.0891418,0.06708431
2020-05-05 04:00:00,289.58862,282.59796,1.4303894,-0.4901123
2020-05-05 05:00:00,289.9306,283.06543,1.5673676,-1.0380249
2020-05-05 06:00:00,289.7489,283.20093,1.0479431,-1.0734253
2020-05-05 07:00:00,290.70337,283.21094,-0.0023651123,-1.3023071
2020-05-05 08:00:00,290.86395,282.6584,-0.25447083,-1.5152893
2020-05-05 09:00:00,291.1787,282.21484,-0.44348145,-1.3231201
2020-05-05 10:00:00,291.22025,281.47232,-0.49002075,-1.0053406
2020-05-05 11:00:00,290.90228,281.14893,-0.55467224,-0.74220276
2020-05-05 12:00:00,290.38177,281.46375,-1.0020142,-0.44018555
2020-05-05 13:00:00,289.3897,283.38312,-1.1832275,-0.027023315
2020-05-05 14:00:00,287.7041,282.62234,-1.5428772,-0.15182495
2020-05-05 15:00:00,285.7875,281.61636,-1.7074432,0.6977844
2020-05-05 16:00:00,284.39612,281.15723,-1.3845062,1.4885864
2020-05-05 17:00:00,283.4508,280.74225,-1.0840302,1.7605896
2020-05-05 18:00:00,282.65875,280.01788,-0.8008728,1.9371796
2020-05-05 19:00:00,280.9596,279.1706,-0.28585815,2.9466705
2020-05-05 20:00:00,280.1659,279.02826,-0.19908142,2.9907837
2020-05-05 21:00:00,279.44714,278.4267,-0.19973755,3.0991058
2020-05-05 22:00:00,279.59253,277.7486,-0.23338318,3.0833893
2020-05-05 23:00:00,279.68286,276.87335,-0.24453735,3.0263062
2020-05-06 00:00:00,279.5857,275.9499,-0.20532227,2.9702606
2020-05-06 01:00:00,280.11392,276.4397,-0.1971283,2.6503448
2020-05-06 02:00:00,283.26593,280.7918,-0.29882812,1.4264555
2020-05-06 03:00:00,287.41046,276.38098,-1.1819458,-0.15301514
2020-05-06 04:00:00,288.1125,277.58304,-1.3149719,-0.74195385
2020-05-06 05:00:00,289.11676,278.96973,-0.9427185,-1.0421848
2020-05-06 06:00:00,289.9073,279.8731,-0.5475464,-1.2148438
2020-05-06 07:00:00,290.7388,280.6443,-0.8201752,-1.469101
2020-05-06 08:00:00,291.2769,280.89798,-0.90875244,-1.1706848
2020-05-06 09:00:00,291.59915,280.99084,-1.1803436,-0.9729309
2020-05-06 10:00:00,291.82193,280.89166,-1.5958557,-1.2289124
2020-05-06 11:00:00,291.42548,280.59735,-1.9341431,-1.3209381
2020-05-06 12:00:00,290.56067,280.75458,-1.9694214,-1.0987396
2020-05-06 13:00:00,289.27618,280.4649,-1.8412476,-0.4237976
2020-05-06 14:00:00,287.49524,279.6754,-1.9781494,0.31541443
2020-05-06 15:00:00,285.4504,279.00394,-1.9378815,1.0063171
2020-05-06 16:00:00,284.06482,278.23187,-1.5236053,1.3724365
2020-05-06 17:00:00,284.09644,277.328,-1.3545837,1.1682281
2020-05-06 18:00:00,283.78256,276.50696,-1.2245331,1.3110352
2020-05-06 19:00:00,282.0443,276.30038,-0.62083435,2.16922
2020-05-06 20:00:00,280.93433,275.8905,-0.075805664,2.4793396
2020-05-06 21:00:00,279.69006,275.41486,0.20637512,2.939621
2020-05-06 22:00:00,279.5327,275.3592,0.30647278,3.1322937
2020-05-06 23:00:00,279.3767,274.9622,0.31956482,3.281372
2020-05-07 00:00:00,279.2389,274.24255,0.27900696,3.368637
2020-05-07 01:00:00,280.40683,275.854,0.28782654,3.08844
2020-05-07 02:00:00,284.0871,280.9419,0.28471375,1.9979401
2020-05-07 03:00:00,289.6292,279.01617,0.6825104,-0.19546509
2020-05-07 04:00:00,291.03412,279.20105,0.8141022,-1.2020416
2020-05-07 05:00:00,291.6499,279.89758,0.7910156,-1.6128235
2020-05-07 06:00:00,292.49582,280.36755,0.67126465,-1.8245087
2020-05-07 07:00:00,293.84662,280.6126,0.67344666,-2.3931732
2020-05-07 08:00:00,294.26135,280.65073,1.2146301,-2.5713654
2020-05-07 09:00:00,294.1948,280.54767,1.7227478,-2.6754608
2020-05-07 10:00:00,293.64655,280.59558,2.1792145,-1.8428192
2020-05-07 11:00:00,292.94833,281.40918,1.9953156,-1.226471
2020-05-07 12:00:00,292.43616,282.39044,0.80862427,-1.2587433
2020-05-07 13:00:00,291.1446,285.9373,0.21591187,-0.5624237
2020-05-07 14:00:00,291.43884,280.77814,-0.3952179,0.26560974
2020-05-07 15:00:00,290.73477,280.12646,-0.4156952,0.95181274
2020-05-07 16:00:00,288.5138,279.0628,-0.21351624,1.5751343
2020-05-07 17:00:00,286.08557,277.97284,-0.10681152,2.036026
2020-05-07 18:00:00,286.21954,277.07782,-0.35253906,1.9554749
2020-05-07 19:00:00,283.59143,277.48065,-0.32040405,2.4879913
2020-05-07 20:00:00,282.44775,276.89993,-0.36358643,2.7443695
2020-05-07 21:00:00,281.5305,276.4015,-0.19316101,3.1165466
2020-05-07 22:00:00,281.02295,275.9134,0.0063934326,3.4155731
2020-05-07 23:00:00,280.69965,275.46655,0.09147644,3.583664
2020-05-08 00:00:00,280.71213,275.0123,0.13121033,3.6830444
2020-05-08 01:00:00,282.17413,277.3877,0.16697693,3.4474182
2020-05-08 02:00:00,286.05045,282.76135,0.077804565,2.4426575
2020-05-08 03:00:00,291.39056,284.24057,0.0019836426,0.22802734
2020-05-08 04:00:00,293.98737,281.18552,-0.12188721,-0.9352722
2020-05-08 05:00:00,294.7386,282.02707,-0.018936157,-1.438034
2020-05-08 06:00:00,295.16568,282.64362,-0.02029419,-1.7123566
2020-05-08 07:00:00,296.15286,283.5346,-0.14399719,-1.4800568
2020-05-08 08:00:00,296.6324,283.39542,-0.11682129,-1.2899628
2020-05-08 09:00:00,297.30542,283.1855,-0.38217163,-1.5883484
2020-05-08 10:00:00,296.65332,282.3943,0.19064331,-0.0059051514
2020-05-08 11:00:00,295.6527,284.92316,1.1354523,1.3056183
2020-05-08 12:00:00,294.01,287.05432,0.9607086,2.0441437
2020-05-08 13:00:00,292.19824,286.65155,0.60224915,2.269989
2020-05-08 14:00:00,290.58875,286.20728,0.5939026,2.603119
2020-05-08 15:00:00,288.68378,285.34418,0.21417236,2.723053
2020-05-08 16:00:00,287.18924,284.62656,-0.5139313,2.7015686
2020-05-08 17:00:00,287.0609,282.82532,-1.2894745,2.6488495
2020-05-08 18:00:00,286.353,281.86105,-0.9476166,2.7965698
2020-05-08 19:00:00,284.61243,281.04144,0.123031616,3.3616333
2020-05-08 20:00:00,284.2981,280.5697,0.5249939,3.2661438
2020-05-08 21:00:00,284.39807,280.22797,0.7607422,3.1400604
2020-05-08 22:00:00,284.2981,280.16382,0.7085724,3.0102234
2020-05-08 23:00:00,283.89572,280.06683,0.4060974,2.8989105
2020-05-09 00:00:00,283.39563,280.29822,0.15927124,2.9012756
2020-05-09 01:00:00,284.02567,281.84103,-0.04345703,2.5519714
2020-05-09 02:00:00,286.6474,285.1119,-0.117507935,1.3339844
2020-05-09 03:00:00,289.67603,284.0702,-0.16171265,-0.60487366
2020-05-09 04:00:00,290.0196,284.99896,-0.113479614,-1.138031
2020-05-09 05:00:00,290.59055,285.56183,0.16783142,-1.5863953
2020-05-09 06:00:00,291.02667,285.88025,0.23687744,-1.925415
2020-05-09 07:00:00,291.26248,286.41742,0.47148132,-1.3044281
2020-05-09 08:00:00,291.14078,286.752,0.44792175,-0.8494873
2020-05-09 09:00:00,290.55716,286.25833,0.49969482,-0.20826721
2020-05-09 10:00:00,291.2284,286.5161,-0.37239075,-0.61076355
2020-05-09 11:00:00,290.91052,286.86603,-1.0768127,-0.9217224
2020-05-09 12:00:00,290.7209,286.77072,-0.98236084,-0.8781128
2020-05-09 13:00:00,289.74768,286.0964,-0.26036072,-0.3153839
2020-05-09 14:00:00,287.98813,286.3188,0.391037,-1.0226288
2020-05-09 15:00:00,287.10608,286.1515,-0.16256714,-0.47854614
2020-05-09 16:00:00,285.08328,284.46863,-1.5636749,1.1096039
2020-05-09 17:00:00,284.68854,283.48535,-1.5599976,1.7026672
2020-05-09 18:00:00,284.1622,282.5073,-1.3316498,1.7415466
2020-05-09 19:00:00,284.6375,281.8435,-0.91716003,1.6714172
2020-05-09 20:00:00,285.66843,281.52783,-0.57858276,1.475708
2020-05-09 21:00:00,287.5252,281.78564,0.22535706,1.1923065
2020-05-09 22:00:00,285.23328,282.15308,1.0641632,1.1320801
2020-05-09 23:00:00,284.6787,281.99472,1.1193085,1.155014
2020-05-10 00:00:00,284.63745,281.94244,0.6318512,1.3083038
2020-05-10 01:00:00,286.16113,283.06213,0.33685303,0.5917816
2020-05-10 02:00:00,285.9899,284.69913,0.0496521,-0.5065155
2020-05-10 03:00:00,287.44196,285.2269,0.19232178,-1.308548
2020-05-10 04:00:00,288.1778,285.83832,0.21168518,-1.6812439
2020-05-10 05:00:00,288.90118,286.98575,-0.13485718,-1.8277588
2020-05-10 06:00:00,289.98666,287.755,-0.30278015,-2.0216217
2020-05-10 07:00:00,290.92273,286.6194,-0.23326111,-1.8643799
2020-05-10 08:00:00,291.22455,286.63434,0.15030861,-1.8059082
2020-05-10 09:00:00,291.44214,286.60724,0.35186195,-1.483841
2020-05-10 10:00:00,290.979,286.29324,0.6597576,-1.1251373
2020-05-10 11:00:00,290.48904,286.0651,0.40979195,-1.1399994
2020-05-10 12:00:00,290.1037,285.82288,-0.17528343,-0.4322815
2020-05-10 13:00:00,289.97217,285.41937,-0.35580063,-0.0096588135
2020-05-10 14:00:00,289.1627,284.7439,-0.071884155,-0.34150696
2020-05-10 15:00:00,288.49615,284.4729,-0.7727051,0.45106506
2020-05-10 16:00:00,285.69812,283.04993,-1.0931702,1.2511139
2020-05-10 17:00:00,284.32782,281.84937,-1.0611877,1.7225342
2020-05-10 18:00:00,282.59637,280.44012,-0.7985382,2.457428
2020-05-10 19:00:00,281.60608,278.80273,-0.0007019043,3.148201
2020-05-10 20:00:00,281.59113,278.43506,0.0038604736,3.1140842
2020-05-10 21:00:00,281.4678,277.96997,0.015792847,3.236887
2020-05-10 22:00:00,281.36023,277.6095,0.024139404,3.3018417
2020-05-10 23:00:00,281.20734,277.26852,0.036834717,3.37961
2020-05-11 00:00:00,281.1383,276.99023,-0.02470398,3.4920082
2020-05-11 01:00:00,282.52408,278.93976,-0.04219055,3.2207432
2020-05-11 02:00:00,286.50122,283.94125,-0.16905212,1.9400721
2020-05-11 03:00:00,291.48096,280.96478,-0.82025146,0.03763199
2020-05-11 04:00:00,292.75665,281.80588,-0.81430054,-1.3636379
2020-05-11 05:00:00,293.78223,282.53925,-0.58503723,-1.9939461
2020-05-11 06:00:00,294.601,283.00012,-0.46290588,-2.174571
2020-05-11 07:00:00,295.05493,283.52026,-0.34849548,-2.4571533
2020-05-11 08:00:00,295.174,283.542,-0.19888306,-2.0182037
2020-05-11 09:00:00,295.34552,283.44995,0.31689453,-1.015274
2020-05-11 10:00:00,295.52817,283.80908,0.685791,-0.83903503
2020-05-11 11:00:00,295.55414,283.53793,0.8401489,-0.6540985
2020-05-11 12:00:00,295.11206,284.09198,1.1785278,0.36845398
2020-05-11 13:00:00,293.6919,287.6385,0.9598236,0.7107086
2020-05-11 14:00:00,291.46826,285.3731,0.48286438,1.4066162
2020-05-11 15:00:00,288.06262,283.63263,0.47283936,2.315628
2020-05-11 16:00:00,286.10876,282.8124,0.3119049,2.8468323
2020-05-11 17:00:00,284.63068,282.20953,0.1826477,3.1385498
2020-05-11 18:00:00,284.24594,281.90527,0.1412201,3.2672272
2020-05-11 19:00:00,283.9594,281.6911,0.20767212,3.428482
2020-05-11 20:00:00,283.83362,281.17902,0.14898682,3.4395142
2020-05-11 21:00:00,283.5606,280.52487,0.124069214,3.5195007
2020-05-11 22:00:00,283.32507,279.86816,0.13343811,3.5552673
2020-05-11 23:00:00,283.11768,279.21417,0.16184998,3.5604553
2020-05-12 00:00:00,283.00162,278.70355,0.18132019,3.533722
2020-05-12 01:00:00,284.39975,280.50903,0.14395142,3.1527863
2020-05-12 02:00:00,288.08026,285.23315,0.118392944,1.9759979
2020-05-12 03:00:00,293.11572,283.73193,0.21304321,0.3125763
2020-05-12 04:00:00,294.53836,282.46646,-0.014205933,-0.8084564
2020-05-12 05:00:00,295.38464,283.34637,-0.28938293,-1.295166
2020-05-12 06:00:00,296.11417,283.78793,-0.256485,-1.4477844
2020-05-12 07:00:00,296.2181,284.17056,-0.20956421,-0.96546936
2020-05-12 08:00:00,296.67172,284.11432,-0.27964783,-1.167984
2020-05-12 09:00:00,296.6996,283.40765,0.26101685,-0.20222473
2020-05-12 10:00:00,296.7268,283.72876,-0.030334473,0.73272705
2020-05-12 11:00:00,296.68115,284.58276,0.019012451,0.41877747
2020-05-12 12:00:00,295.8246,284.92462,0.37686157,0.48806763
2020-05-12 13:00:00,294.3985,286.52814,0.35923767,1.919632
2020-05-12 14:00:00,291.1125,286.5325,0.06011963,2.765503
2020-05-12 15:00:00,288.4465,285.94452,0.11872864,3.053772
2020-05-12 16:00:00,287.46466,285.1654,0.18305969,3.1593628
2020-05-12 17:00:00,286.86603,284.42017,0.25842285,3.1706238
2020-05-12 18:00:00,286.1295,283.63507,0.25489807,3.219923
2020-05-12 19:00:00,285.9127,282.9131,0.11512756,3.3649855
2020-05-12 20:00:00,285.35284,282.49286,0.1436615,3.379593
2020-05-12 21:00:00,284.92377,281.91013,0.1960907,3.4171066
2020-05-12 22:00:00,284.74887,281.27954,0.1812439,3.4365234
2020-05-12 23:00:00,284.4433,280.63824,0.084198,3.492691
2020-05-13 00:00:00,284.1828,280.14786,0.1136322,3.5380402
2020-05-13 01:00:00,285.52582,281.83575,0.18229675,3.1721191
2020-05-13 02:00:00,288.93027,286.21136,0.13917542,1.9942474
2020-05-13 03:00:00,293.46533,284.59302,0.48168945,0.023117065
2020-05-13 04:00:00,294.9072,283.08707,0.77667236,-1.2596588
2020-05-13 05:00:00,295.42706,283.17984,0.6023407,-1.8363495
2020-05-13 06:00:00,295.96014,283.3913,0.37765503,-1.9155273
2020-05-13 07:00:00,295.93884,285.6197,0.7466736,-1.5833588
2020-05-13 08:00:00,296.67853,285.7083,1.164093,-1.6055756
2020-05-13 09:00:00,295.9235,285.14944,0.5689087,-1.3474579
2020-05-13 10:00:00,294.857,285.01035,-1.1202087,-0.5808258
2020-05-13 11:00:00,294.62244,285.333,-1.5683289,0.87716675
2020-05-13 12:00:00,294.2568,286.24597,-0.6717987,1.1993713
2020-05-13 13:00:00,293.12994,286.94446,-0.82528687,1.0361786
2020-05-13 14:00:00,291.29156,286.2341,-0.53045654,2.0714874
2020-05-13 15:00:00,289.42615,285.64282,-0.048294067,2.4232635
2020-05-13 16:00:00,288.31396,285.04486,0.1348877,2.6432495
2020-05-13 17:00:00,287.38626,284.524,0.38217163,2.694931
2020-05-13 18:00:00,286.7453,284.0291,0.29338074,2.720398
2020-05-13 19:00:00,287.5511,284.1045,1.6172333,1.5523529
2020-05-13 20:00:00,286.64844,283.63232,0.57722473,1.8229218
2020-05-13 21:00:00,289.7943,283.8692,0.3859558,-0.111709595
2020-05-13 22:00:00,289.1637,284.3405,-0.10253906,-0.40766907
2020-05-13 23:00:00,288.72266,284.45508,-0.47213745,0.05142212
2020-05-14 00:00:00,287.9342,284.43942,-0.98809814,0.33854675
2020-05-14 01:00:00,287.2939,284.17615,-0.8786011,0.020629883
2020-05-14 02:00:00,287.84213,285.8369,-0.79989624,-0.77926636
2020-05-14 03:00:00,288.71234,286.5632,-0.7119751,-1.3360443
2020-05-14 04:00:00,289.2492,286.95093,-0.34191895,-1.7319336
2020-05-14 05:00:00,290.0005,288.0324,0.35276794,-2.1626434
2020-05-14 06:00:00,290.88397,289.7705,1.1213379,-2.214981
2020-05-14 07:00:00,290.22,287.70035,0.647522,-1.5457916
2020-05-14 08:00:00,290.41016,287.84747,1.4341583,-1.9142914
2020-05-14 09:00:00,289.7319,287.7731,2.415619,-0.87835693
2020-05-14 10:00:00,289.21536,287.9525,3.797104,-1.2500458
2020-05-14 11:00:00,287.58856,287.36847,3.6882935,-0.8437805
2020-05-14 12:00:00,286.43634,285.32016,4.810623,-0.4741783
2020-05-14 13:00:00,285.2416,284.14578,4.160507,-0.8052454
2020-05-14 14:00:00,284.45383,283.71942,2.9342957,-1.1708813
2020-05-14 15:00:00,284.17603,283.3942,2.4047089,-0.9757824
2020-05-14 16:00:00,284.03094,283.01074,2.2858582,-0.8958416
2020-05-14 17:00:00,283.88202,282.60834,1.6414948,-0.8523693
2020-05-14 18:00:00,283.4767,282.55243,0.26731873,-0.8222561
2020-05-14 19:00:00,282.81793,281.73718,-0.6845703,-0.42179585
2020-05-14 20:00:00,282.75262,281.75983,-1.1598969,0.16942596
2020-05-14 21:00:00,282.58972,281.62457,-1.3141022,0.47163773
2020-05-14 22:00:00,282.45065,281.40176,-1.4051514,0.6861372
2020-05-14 23:00:00,282.10068,280.86713,-1.6622009,0.85771084
2020-05-15 00:00:00,281.23505,279.9181,-1.6540985,1.017973
2020-05-15 01:00:00,282.32526,280.77975,-1.547699,0.89648247
2020-05-15 02:00:00,284.63544,281.925,-1.6214905,0.106282234
2020-05-15 03:00:00,285.98926,281.96466,-2.0187836,-0.5999079
2020-05-15 04:00:00,286.95624,281.6387,-1.9425354,-1.0960836
2020-05-15 05:00:00,287.78534,281.5639,-1.619751,-1.4168091
2020-05-15 06:00:00,288.714,281.82208,-1.2862091,-1.6018019
2020-05-15 07:00:00,288.97455,282.07285,-1.4102173,-1.8334103
2020-05-15 08:00:00,289.47308,281.9533,-1.3943024,-1.7857695
2020-05-15 09:00:00,289.91882,281.9295,-1.3991394,-1.8967085
2020-05-15 10:00:00,290.10574,281.93176,-1.5191498,-1.9730034
2020-05-15 11:00:00,290.1387,281.86526,-1.42659,-1.7830963
2020-05-15 12:00:00,290.06512,282.07635,-1.023346,-1.5295916
2020-05-15 13:00:00,289.41425,282.66327,-0.5172272,-1.1263523
2020-05-15 14:00:00,288.24847,283.61853,-0.42182922,-0.8882475
2020-05-15 15:00:00,288.5243,281.16266,-0.6138153,-0.40176582
2020-05-15 16:00:00,288.19373,280.79718,-0.45117188,-0.13285255
2020-05-15 17:00:00,287.8709,280.5327,0.1855011,0.37316513
2020-05-15 18:00:00,287.28018,280.2049,0.541626,1.0562449
2020-05-15 19:00:00,284.02866,278.8604,0.48091125,1.7360163
2020-05-15 20:00:00,282.84613,277.97028,0.75737,1.9247742
2020-05-15 21:00:00,281.93988,277.21387,0.7554321,2.1696625
2020-05-15 22:00:00,281.1835,276.412,0.6142578,2.3760376
2020-05-15 23:00:00,280.43735,275.6974,0.4751892,2.544571
2020-05-16 00:00:00,279.60553,275.16846,0.36923218,2.7561188
2020-05-16 01:00:00,280.77887,277.55545,0.29737854,2.4379272
2020-05-16 02:00:00,285.37683,282.54532,0.19277954,1.2926636
2020-05-16 03:00:00,288.78986,279.61304,0.432312,-0.47421265
2020-05-16 04:00:00,289.67328,281.10602,0.56318665,-1.2194672
2020-05-16 05:00:00,290.1153,282.3011,0.79107666,-1.4867249
2020-05-16 06:00:00,290.67847,283.1927,0.84220886,-1.721344
2020-05-16 07:00:00,290.64276,283.12967,0.14665222,-1.7562103
2020-05-16 08:00:00,290.36163,283.20947,0.2030487,-1.5076904
2020-05-16 09:00:00,290.1958,283.57654,0.35568237,-1.0806427
2020-05-16 10:00:00,290.08862,284.0914,0.5699768,-0.814209
2020-05-16 11:00:00,289.576,284.6405,1.0563583,-0.1235199
2020-05-16 12:00:00,289.04004,285.50238,1.367095,0.4418888
2020-05-16 13:00:00,288.34454,285.85187,1.3918915,0.60210323
2020-05-16 14:00:00,287.40436,285.83978,1.2444916,0.39850998
2020-05-16 15:00:00,286.31342,284.74323,1.1013184,0.6117945
2020-05-16 16:00:00,285.90115,283.81195,0.68585205,1.0648184
2020-05-16 17:00:00,286.1483,283.32056,0.41348267,1.1162558
2020-05-16 18:00:00,286.96347,283.18835,0.43026733,0.86138725
2020-05-16 19:00:00,287.75183,281.5298,0.90112495,0.013025284
2020-05-16 20:00:00,287.06244,281.5882,0.6253834,-0.59110546
2020-05-16 21:00:00,286.37115,281.81403,0.12016201,-0.12543869
2020-05-16 22:00:00,285.9823,282.13074,-0.3591175,-0.26431084
2020-05-16 23:00:00,285.3896,282.4237,-0.68007946,-0.35079002
2020-05-17 00:00:00,284.66406,282.28223,-0.8567858,-0.2676401
2020-05-17 01:00:00,284.21655,282.14862,-0.9476986,-0.37205124
2020-05-17 02:00:00,284.83383,283.35947,-0.6793442,-0.7119751
2020-05-17 03:00:00,285.998,283.9986,-0.38329697,-1.2029572
2020-05-17 04:00:00,286.55746,284.34692,0.054642677,-1.514679
2020-05-17 05:00:00,287.36136,284.2328,0.09682846,-1.8713837
2020-05-17 06:00:00,288.03253,285.06418,-0.031614304,-1.9472351
2020-05-17 07:00:00,290.05807,287.01892,0.12886906,-2.2524853
2020-05-17 08:00:00,290.44824,287.0661,0.4402361,-1.979599
2020-05-17 09:00:00,290.50983,286.93402,0.7490444,-1.4603271
2020-05-17 10:00:00,290.77783,285.8169,0.5975733,-1.5177765
2020-05-17 11:00:00,290.62433,285.35168,0.56326294,-1.6780891
2020-05-17 12:00:00,289.75848,285.68045,0.53313446,-1.2640553
2020-05-17 13:00:00,289.05188,285.53687,0.010763168,-0.38804436
2020-05-17 14:00:00,288.2312,285.0402,0.23434067,-0.07482529
2020-05-17 15:00:00,287.32346,284.52682,0.33746147,0.8346977
2020-05-17 16:00:00,285.12204,282.73743,-0.22849083,1.5015335
2020-05-17 17:00:00,284.47577,281.80554,-0.7779732,1.4799347
2020-05-17 18:00:00,284.06415,281.1848,-0.8860302,1.4751072
2020-05-17 19:00:00,281.83313,279.0133,0.087677,2.2869701
2020-05-17 20:00:00,283.03397,278.87488,-0.004348755,1.9200687
2020-05-17 21:00:00,281.0982,278.1468,0.19345093,2.395134
2020-05-17 22:00:00,280.64725,277.32755,-0.08015442,2.546646
2020-05-17 23:00:00,279.7829,277.31927,0.032852173,2.946949
2020-05-18 00:00:00,279.1905,276.81403,0.26542664,3.1878662
2020-05-18 01:00:00,280.70886,278.76074,0.04989624,2.8555756
2020-05-18 02:00:00,284.55096,282.9751,-0.05000305,1.7112427
2020-05-18 03:00:00,288.70026,283.09137,-0.30459595,-0.2578888
2020-05-18 04:00:00,290.04456,284.19897,-0.16667175,-1.1504822
2020-05-18 05:00:00,291.17163,284.83545,-0.028747559,-1.6690521
2020-05-18 06:00:00,292.15247,284.95856,-0.31573486,-1.687088
2020-05-18 07:00:00,292.13776,285.84674,-0.39117432,-1.6119232
2020-05-18 08:00:00,293.1819,285.17627,-0.7094269,-1.8079376
2020-05-18 09:00:00,293.7044,285.0028,-0.643692,-2.3460388
2020-05-18 10:00:00,293.6778,284.95337,-1.1055908,-2.1867828
2020-05-18 11:00:00,293.36655,284.41266,-0.79730225,-1.2235718
2020-05-18 12:00:00,292.07104,284.19452,0.051254272,-0.14912796
2020-05-18 13:00:00,291.87512,284.46906,-0.04710388,0.5891609
2020-05-18 14:00:00,290.85953,283.19214,0.21418762,0.48708534
2020-05-18 15:00:00,286.54437,283.6623,1.6081696,1.8612404
2020-05-18 16:00:00,285.35907,283.35522,1.7394257,1.8046894
2020-05-18 17:00:00,284.53348,282.90472,1.5693512,1.5188503
2020-05-18 18:00:00,283.8844,282.5224,1.4514313,1.3022099
2020-05-18 19:00:00,283.73145,282.36383,1.329071,0.50946426
2020-05-18 20:00:00,283.1936,282.47507,1.3990784,-0.58196926
2020-05-18 21:00:00,282.5208,282.22983,1.4906921,-0.37708282
2020-05-18 22:00:00,282.71808,282.29977,1.195694,-0.26393223
2020-05-18 23:00:00,283.40674,282.4672,0.53463745,-0.61782837
2020-05-19 00:00:00,283.2868,282.58673,-0.18988037,-0.690567
2020-05-19 01:00:00,283.12607,282.82037,-0.34597778,-0.649745
2020-05-19 02:00:00,283.88574,283.1877,-0.05934143,-1.2424965
2020-05-19 03:00:00,284.09357,283.15506,0.025131226,-1.5487785
2020-05-19 04:00:00,284.4293,284.16486,-0.038375854,-1.6984072
2020-05-19 05:00:00,285.01782,284.6712,-0.059768677,-2.0571203
2020-05-19 06:00:00,284.70544,283.97894,-0.008728027,-2.0202065
2020-05-19 07:00:00,285.98956,285.12787,0.27565002,-2.414403
2020-05-19 08:00:00,285.1443,284.0077,0.3083954,-1.8518696
2020-05-19 09:00:00,285.73993,282.16635,-0.24577332,-2.0152092
2020-05-19 10:00:00,285.76282,282.60663,-0.34579468,-1.7650833
2020-05-19 11:00:00,285.8717,282.47485,-0.38998413,-2.053894
2020-05-19 12:00:00,285.10986,282.44788,-0.12625122,-1.6817284
2020-05-19 13:00:00,284.6953,282.4638,-0.09587097,-0.98410034
2020-05-19 14:00:00,284.45856,282.1501,-0.7169342,-0.1036911
2020-05-19 15:00:00,283.1877,281.93988,-1.3407898,0.2893734
2020-05-19 16:00:00,281.72348,280.3703,-1.5501099,0.5611992
2020-05-19 17:00:00,282.43134,280.08197,-1.1097565,0.8156395
2020-05-19 18:00:00,284.12708,280.33737,0.051116943,1.0012665
2020-05-19 19:00:00,284.26733,280.04608,0.25457764,1.018692
2020-05-19 20:00:00,283.6541,279.25354,0.4746704,1.28512
2020-05-19 21:00:00,283.30978,278.90106,0.24679565,1.3990936
2020-05-19 22:00:00,282.14642,278.18335,0.037734985,1.6012115
2020-05-19 23:00:00,280.3655,277.20508,-0.0152282715,1.8956146
2020-05-20 00:00:00,279.00833,276.4706,-0.20776367,2.2218037
2020-05-20 01:00:00,280.14795,277.96088,-0.38842773,1.9673252
2020-05-20 02:00:00,284.41492,282.2969,-0.31861877,0.32678223
2020-05-20 03:00:00,287.03146,282.2557,-0.023513794,-0.81632996
2020-05-20 04:00:00,288.2449,283.09412,0.32106018,-1.3567352
2020-05-20 05:00:00,289.2702,283.72046,0.42811584,-1.5761719
2020-05-20 06:00:00,290.30432,284.14783,0.5076599,-1.58255
2020-05-20 07:00:00,291.0277,284.21027,0.016342163,-1.505188
2020-05-20 08:00:00,291.7881,284.2202,-0.014282227,-1.5700226
2020-05-20 09:00:00,292.1062,284.33557,-0.21536255,-1.524704
2020-05-20 10:00:00,292.0553,284.12476,-0.2616272,-1.5345764
2020-05-20 11:00:00,291.80457,283.58075,0.008270264,-1.4618769
2020-05-20 12:00:00,291.4586,283.40598,0.32377625,-0.64782524
2020-05-20 13:00:00,290.80762,284.64178,0.65130615,-0.36114502
2020-05-20 14:00:00,290.4406,282.16257,0.3398285,-0.28608036
2020-05-20 15:00:00,289.76233,281.90796,-0.5379944,0.67311096
2020-05-20 16:00:00,285.76086,281.42743,-0.5396271,1.817215
2020-05-20 17:00:00,285.5609,280.22205,-0.50582886,1.7376862
2020-05-20 18:00:00,286.56125,279.6183,-0.39494324,1.5457764
2020-05-20 19:00:00,281.03296,277.60208,-0.09831238,2.8447723
2020-05-20 20:00:00,280.4272,276.84497,-0.10472107,2.9920502
2020-05-20 21:00:00,280.01575,276.13672,-0.032455444,3.1712189
2020-05-20 22:00:00,279.7207,275.42627,-0.005142212,3.2994537
2020-05-20 23:00:00,279.61902,274.6822,0.059295654,3.4062958
2020-05-21 00:00:00,279.60416,274.28357,0.16882324,3.4789124
2020-05-21 01:00:00,281.34833,277.3479,0.20225525,3.0965881
2020-05-21 02:00:00,285.8516,283.22745,0.18778992,1.694397
2020-05-21 03:00:00,290.27615,279.79974,0.5420685,-0.55622864
2020-05-21 04:00:00,291.19135,281.34753,0.40960693,-1.3597565
2020-05-21 05:00:00,292.046,282.22513,0.38198853,-1.5752106
2020-05-21 06:00:00,292.7384,282.74725,0.3878479,-1.8578339
2020-05-21 07:00:00,293.30725,283.4664,0.55789185,-1.1073952
2020-05-21 08:00:00,293.8103,283.44556,0.49534607,-0.6513672
2020-05-21 09:00:00,294.36188,283.1311,0.009231567,-1.1762085
2020-05-21 10:00:00,293.97974,282.52777,0.11395264,-1.3057709
2020-05-21 11:00:00,293.31512,282.1255,0.032791138,-0.53479004
2020-05-21 12:00:00,292.8467,281.35745,-0.04714966,-0.15423584
2020-05-21 13:00:00,291.6226,283.76065,0.53533936,0.90634155
2020-05-21 14:00:00,289.35114,284.09235,0.4960785,1.4256134
2020-05-21 15:00:00,287.40585,282.78516,0.42764282,1.6346436
2020-05-21 16:00:00,286.1666,281.59912,-0.19503784,2.000595
2020-05-21 17:00:00,284.43576,280.93964,-0.5111389,2.566574
2020-05-21 18:00:00,283.39404,280.082,-0.5587616,2.684723
2020-05-21 19:00:00,283.32523,280.66382,-0.2484436,2.7840424
2020-05-21 20:00:00,282.63025,279.96637,-0.045333862,2.6773376
2020-05-21 21:00:00,281.73352,279.1183,0.15208435,2.9066925
2020-05-21 22:00:00,281.36353,278.3457,0.20005798,3.0887413
2020-05-21 23:00:00,280.8461,277.8502,0.21875,3.2600212
2020-05-22 00:00:00,280.78552,277.68243,0.14797974,3.337985
2020-05-22 01:00:00,282.62994,279.93463,0.067230225,2.9610767
2020-05-22 02:00:00,287.0737,284.7981,-0.027526855,1.565177
2020-05-22 03:00:00,291.21893,280.37424,-0.21710205,-0.41841316
2020-05-22 04:00:00,292.1845,281.83484,-0.27972412,-1.3089104
2020-05-22 05:00:00,293.0871,282.82397,-0.13285828,-1.4128075
2020-05-22 06:00:00,293.97455,283.19757,0.08041382,-1.4040375
2020-05-22 07:00:00,294.43158,284.0885,-0.05781555,-1.3222656
2020-05-22 08:00:00,294.81927,283.5973,-0.2778778,-0.76524353
2020-05-22 09:00:00,295.41205,283.43463,-0.83888245,-0.31602478
2020-05-22 10:00:00,295.75537,282.7547,-0.9864197,0.030929565
2020-05-22 11:00:00,295.79163,281.95358,-0.85043335,-0.17132568
2020-05-22 12:00:00,295.26648,282.55157,-1.1317596,0.0816803
2020-05-22 13:00:00,294.01093,285.3594,-1.1293488,0.56427
2020-05-22 14:00:00,291.6109,285.65875,-0.87176514,1.4931793
2020-05-22 15:00:00,288.92584,283.68896,-0.4549713,2.3171692
2020-05-22 16:00:00,286.84756,282.51712,-0.11999512,2.821228
2020-05-22 17:00:00,285.24042,281.722,0.063964844,3.0891418
2020-05-22 18:00:00,284.5243,281.177,0.110183716,3.2668915
2020-05-22 19:00:00,284.49768,281.48273,0.0680542,3.384842
2020-05-22 20:00:00,284.24048,281.19525,0.11807251,3.3422394
2020-05-22 21:00:00,283.89948,280.89166,0.12025452,3.4180908
2020-05-22 22:00:00,283.49512,280.52393,0.050460815,3.5123415
2020-05-22 23:00:00,283.08008,280.05463,-0.055480957,3.5838032
2020-05-23 00:00:00,283.05347,279.72464,-0.11680603,3.579504
2020-05-23 01:00:00,284.93115,281.60657,-0.16104126,3.1356182
2020-05-23 02:00:00,289.11084,285.97162,-0.28633118,1.9481449
2020-05-23 03:00:00,293.55212,282.8955,-0.8387451,0.22924805
2020-05-23 04:00:00,294.81183,283.10406,-1.1757812,-0.71765137
2020-05-23 05:00:00,295.91052,284.0387,-1.3503113,-1.2696533
2020-05-23 06:00:00,296.93817,284.67416,-1.4994202,-1.5609436
2020-05-23 07:00:00,297.98886,285.34808,-1.7571716,-1.603468
2020-05-23 08:00:00,298.28345,285.42316,-1.6390076,-1.5791769
2020-05-23 09:00:00,298.2673,285.31897,-1.6480103,-1.0762634
2020-05-23 10:00:00,298.11163,285.55905,-1.5253448,-0.42183208
2020-05-23 11:00:00,298.08557,285.71503,-1.3843231,-0.18854904
2020-05-23 12:00:00,297.71652,286.7803,-1.4029846,0.2545643
2020-05-23 13:00:00,296.42682,289.6049,-1.2080383,0.6011963
2020-05-23 14:00:00,294.41492,287.6211,-1.2726898,0.9334717
2020-05-23 15:00:00,291.02563,285.17017,-1.384552,1.8968048
2020-05-23 16:00:00,288.45862,283.7702,-1.0302429,2.7065277
2020-05-23 17:00:00,287.01807,282.94904,-0.56466675,3.1466827
2020-05-23 18:00:00,285.9426,282.66483,-0.27001953,3.4041595
2020-05-23 19:00:00,285.72733,282.1991,-0.16105652,3.691162
2020-05-23 20:00:00,285.30594,282.00055,-0.17773438,3.705185
2020-05-23 21:00:00,284.92273,281.69122,-0.20146179,3.80867
2020-05-23 22:00:00,284.5992,281.3469,-0.17211914,3.9011078
2020-05-23 23:00:00,284.30573,280.97025,-0.12660217,3.9196014
2020-05-24 00:00:00,284.20377,280.68317,-0.1616211,3.8723755
2020-05-24 01:00:00,286.0417,282.3686,-0.17268372,3.392868
2020-05-24 02:00:00,290.16235,287.12903,-0.1502533,2.230835
2020-05-24 03:00:00,294.99347,286.4721,-0.87150574,0.33486938
2020-05-24 04:00:00,296.93222,284.05316,-1.644867,-0.74998474
2020-05-24 05:00:00,297.77512,285.31586,-2.0824432,-1.1431274
2020-05-24 06:00:00,298.72397,286.54498,-2.2935028,-1.5737
2020-05-24 07:00:00,299.19598,286.8989,-2.2962952,-0.9452667
2020-05-24 08:00:00,299.68048,286.82245,-1.9708405,-1.0379944
2020-05-24 09:00:00,299.60876,286.7827,-1.83638,-1.1962128
2020-05-24 10:00:00,299.6269,286.44214,-2.0233154,-0.5627899
2020-05-24 11:00:00,299.30774,287.1181,-1.9714508,-0.20791626
2020-05-24 12:00:00,298.573,288.08212,-1.6971893,0.2894287
2020-05-24 13:00:00,297.2495,288.9322,-1.5951538,0.94607544
2020-05-24 14:00:00,294.65845,286.4643,-1.2886353,2.4349823
2020-05-24 15:00:00,291.93933,285.2522,-0.700119,2.8989716
2020-05-24 16:00:00,290.7932,284.1014,-1.0347595,2.9402008
2020-05-24 17:00:00,289.8192,283.29297,-0.88731384,3.0703125
2020-05-24 18:00:00,288.40115,282.9516,-0.50109863,3.2344666
2020-05-24 19:00:00,287.8252,282.79602,-0.49972534,3.4111528
2020-05-24 20:00:00,286.79892,282.6048,-0.38565063,3.5107117
2020-05-24 21:00:00,286.07074,282.40808,-0.32933044,3.6525574
2020-05-24 22:00:00,285.6869,282.2175,-0.30055237,3.7516327
2020-05-24 23:00:00,285.33746,281.88293,-0.25801086,3.8024292
2020-05-25 00:00:00,285.1836,281.3806,-0.24313354,3.8237
2020-05-25 01:00:00,286.93326,282.96082,-0.24742126,3.4095612
2020-05-25 02:00:00,290.98032,287.8556,-0.29774475,2.231659
2020-05-25 03:00:00,296.07654,288.315,-0.6824951,0.22756958
2020-05-25 04:00:00,298.1794,284.77228,-1.2875671,-0.72454834
2020-05-25 05:00:00,299.05585,285.83148,-1.5115356,-1.2183838
2020-05-25 06:00:00,300.01035,286.69482,-1.681839,-1.548523
2020-05-25 07:00:00,300.8755,286.90588,-1.8838501,-1.6540527
2020-05-25 08:00:00,300.83093,287.10175,-2.002243,-1.0621796
2020-05-25 09:00:00,301.15228,287.44287,-2.1442413,-1.1607819
2020-05-25 10:00:00,300.82346,287.21936,-2.0130463,-0.2775116
2020-05-25 11:00:00,300.87482,288.3636,-1.3317719,-0.59791565
2020-05-25 12:00:00,300.06406,288.80817,-1.844223,-0.60975647
2020-05-25 13:00:00,298.45245,289.5332,-1.6085052,0.95996094
2020-05-25 14:00:00,295.91205,287.03796,-1.2942352,2.2028503
2020-05-25 15:00:00,293.18008,285.17603,-1.1941833,2.9776306
2020-05-25 16:00:00,291.39545,284.1422,-0.7285156,3.3483734
2020-05-25 17:00:00,289.5927,283.4709,-0.25932312,3.669464
2020-05-25 18:00:00,288.51147,282.74948,-0.055541992,3.8025055
2020-05-25 19:00:00,288.07678,281.58502,-0.03678894,3.945572
2020-05-25 20:00:00,287.6517,280.5805,0.07008362,3.9013367
2020-05-25 21:00:00,287.2333,279.59448,0.1131134,3.9336548
2020-05-25 22:00:00,286.91476,278.66284,0.16181946,3.9733734
2020-05-25 23:00:00,286.6024,277.94116,0.20787048,4.0134277
2020-05-26 00:00:00,286.45538,277.60263,0.23750305,4.0431824
2020-05-26 01:00:00,288.03784,281.3718,0.23158264,3.708847
2020-05-26 02:00:00,291.8987,287.45828,0.12478638,2.6644135
2020-05-26 03:00:00,296.8213,291.03754,0.1377716,0.5369873
2020-05-26 04:00:00,300.57397,282.52536,0.15441895,-0.8469238
2020-05-26 05:00:00,301.1764,284.0488,0.21928406,-1.2117767
2020-05-26 06:00:00,301.90604,284.725,0.15429688,-1.2060242
2020-05-26 07:00:00,302.81247,284.6869,0.007965088,-1.1667633
2020-05-26 08:00:00,303.29767,284.07794,0.13371277,-0.4011078
2020-05-26 09:00:00,303.6806,284.70956,1.2710114,-0.825943
2020-05-26 10:00:00,303.53302,285.29294,0.89149475,0.4454193
2020-05-26 11:00:00,303.10733,287.83112,0.26249695,0.7578888
2020-05-26 12:00:00,302.164,291.05637,0.22930908,1.0249023
2020-05-26 13:00:00,299.9754,292.9509,0.24861145,2.0194244
2020-05-26 14:00:00,296.23108,292.06738,-0.0390625,3.0269318
2020-05-26 15:00:00,293.24362,290.16196,0.06739807,3.4384766
2020-05-26 16:00:00,291.9362,288.6327,0.16217041,3.4909668
2020-05-26 17:00:00,291.08893,287.17145,0.20213318,3.6161194
2020-05-26 18:00:00,290.30316,285.95276,0.11074829,3.7524261
2020-05-26 19:00:00,290.26083,284.66037,0.3009491,3.6291504
2020-05-26 20:00:00,289.75256,284.0738,0.31472778,3.5788422
2020-05-26 21:00:00,289.30667,283.5595,0.26089478,3.5976944
2020-05-26 22:00:00,288.92075,283.16846,0.19450378,3.6202526
2020-05-26 23:00:00,288.69104,282.9292,0.16860962,3.624113
2020-05-27 00:00:00,288.24005,282.8501,0.15299988,3.6239967
2020-05-27 01:00:00,289.74213,285.34882,0.1224823,3.2463074
2020-05-27 02:00:00,293.2732,289.5962,0.105667114,2.1643372
2020-05-27 03:00:00,297.69208,290.39447,0.13981628,1.032898
2020-05-27 04:00:00,299.8867,285.91803,0.23651123,-0.09829712
2020-05-27 05:00:00,300.74753,285.49945,0.16818237,-0.4030304
2020-05-27 06:00:00,301.40564,285.34308,-0.06517029,-0.22903442
2020-05-27 07:00:00,302.05554,282.12683,-0.26815796,0.12194824
2020-05-27 08:00:00,302.36304,281.16785,-0.6080017,0.22867966
2020-05-27 09:00:00,302.42743,280.8094,-0.83232117,0.6526451
2020-05-27 10:00:00,302.19928,281.93265,-0.51474,1.2054234
2020-05-27 11:00:00,301.59467,284.48816,-0.18170166,1.4729481
2020-05-27 12:00:00,300.299,287.3211,-0.23597717,1.8184605
2020-05-27 13:00:00,298.03418,288.09396,-0.19319153,2.4640884
2020-05-27 14:00:00,295.16187,286.06165,-0.124069214,3.2273712
2020-05-27 15:00:00,292.8594,283.60754,-0.21588135,3.5998173
2020-05-27 16:00:00,291.50745,281.89917,-0.20648193,3.7986355
2020-05-27 17:00:00,290.71216,280.26556,-0.1686554,3.8266525
2020-05-27 18:00:00,290.1441,278.74,-0.100250244,3.7706337
2020-05-27 19:00:00,288.6798,278.2603,0.09963989,3.5477848
2020-05-27 20:00:00,287.77032,278.09476,0.10496521,3.5708065
2020-05-27 21:00:00,287.16632,277.76254,0.057250977,3.6157608
2020-05-27 22:00:00,286.8081,277.3582,0.0549469,3.6216125
2020-05-27 23:00:00,286.53036,276.98956,0.07043457,3.627884
2020-05-28 00:00:00,286.3734,276.94745,0.08657837,3.6275578
2020-05-28 01:00:00,287.6938,280.46558,0.07733154,3.2368784
2020-05-28 02:00:00,291.16107,285.05618,0.14735413,2.2375317
2020-05-28 03:00:00,295.77017,285.67044,0.2238617,0.62286377
2020-05-28 04:00:00,297.55762,279.09302,0.36984253,-0.4099064
2020-05-28 05:00:00,298.22968,279.90356,0.57255554,-0.6961384
2020-05-28 06:00:00,298.80884,280.91016,0.47239685,-0.9790039
2020-05-28 07:00:00,299.25815,281.7548,-0.08140564,-0.8497858
2020-05-28 08:00:00,299.38226,282.10672,-0.22875977,-0.7774811
2020-05-28 09:00:00,299.3894,282.45032,-0.48857117,-0.6041002
2020-05-28 10:00:00,299.2191,282.23218,-0.41488647,0.4096117
2020-05-28 11:00:00,299.07477,282.2461,-0.0690155,0.36156368
2020-05-28 12:00:00,298.93347,282.3777,-0.3274994,-0.036346436
2020-05-28 13:00:00,297.477,288.9582,-0.9069061,-0.30706215
2020-05-28 14:00:00,295.70398,286.24207,-1.4567566,0.10726166
2020-05-28 15:00:00,293.0251,283.9331,-1.4681702,1.134305
2020-05-28 16:00:00,290.77356,283.22363,-1.1848145,1.8613434
2020-05-28 17:00:00,289.42798,282.8702,-0.9579315,2.1518707
2020-05-28 18:00:00,288.08295,282.6946,-0.5196991,2.4839325
2020-05-28 19:00:00,287.56927,282.79004,-0.1902771,2.5451813
2020-05-28 20:00:00,286.38403,282.59436,0.0700531,2.7394257
2020-05-28 21:00:00,285.40277,282.56885,0.157547,2.9137573
2020-05-28 22:00:00,285.08984,282.64636,0.14189148,2.989975
2020-05-28 23:00:00,284.7605,282.51077,0.08911133,3.0635834
2020-05-29 00:00:00,284.6872,282.3422,0.021759033,3.0812225
2020-05-29 01:00:00,286.6212,283.97308,-0.023376465,2.6698608
2020-05-29 02:00:00,291.04233,288.3817,-0.10430908,1.2857666
2020-05-29 03:00:00,295.1586,284.54767,-0.51750183,-0.494812
2020-05-29 04:00:00,295.9649,284.7748,-0.47251892,-1.3560791
2020-05-29 05:00:00,296.5963,285.06714,-0.06291199,-1.1440277
2020-05-29 06:00:00,297.20514,284.88434,0.17076111,-0.934021
2020-05-29 07:00:00,297.49805,285.37073,0.84788513,-0.9345856
2020-05-29 08:00:00,298.33435,285.38947,1.3147888,-0.3018036
2020-05-29 09:00:00,298.58374,284.71326,1.1891632,-0.3694458
2020-05-29 10:00:00,298.50403,283.61984,0.33137512,-0.67367554
2020-05-29 11:00:00,298.16583,284.02313,0.18696594,1.0727539
2020-05-29 12:00:00,296.93765,287.26648,0.58729553,1.562027
2020-05-29 13:00:00,294.80875,288.7688,0.3812256,2.068039
2020-05-29 14:00:00,292.73917,289.23108,0.19862366,2.375229
2020-05-29 15:00:00,290.9325,288.42853,0.14524841,2.7204285
2020-05-29 16:00:00,289.52185,287.49622,0.118118286,2.9003143
2020-05-29 17:00:00,288.73474,286.80005,0.17811584,2.9575348
2020-05-29 18:00:00,288.19995,286.0459,0.27156067,3.0012207
2020-05-29 19:00:00,289.15344,284.79352,0.13192749,2.8457184
2020-05-29 20:00:00,288.13196,284.64075,0.10533142,2.8703556
2020-05-29 21:00:00,287.53735,284.43073,0.12434387,2.977829
2020-05-29 22:00:00,286.91968,284.24182,0.08670044,3.1310272
2020-05-29 23:00:00,286.59595,284.1159,0.07495117,3.1765442
2020-05-30 00:00:00,286.8172,284.19296,0.04786682,3.1099548
2020-05-30 01:00:00,288.21826,285.81653,-0.011260986,2.7604218
2020-05-30 02:00:00,290.5201,288.15747,0.028015137,1.8922272
2020-05-30 03:00:00,294.42255,286.94812,0.029251099,0.5234833
2020-05-30 04:00:00,295.68646,284.70343,-0.038482666,-0.35247803
2020-05-30 05:00:00,296.14722,284.11023,0.05519104,0.13848877
2020-05-30 06:00:00,297.0843,283.17715,-0.14608765,-0.2160492
2020-05-30 07:00:00,297.07758,283.14252,-0.44277954,0.13897705
2020-05-30 08:00:00,297.66766,283.17886,-0.6161194,1.083374
2020-05-30 09:00:00,297.61237,284.04514,-0.47200012,1.5371094
2020-05-30 10:00:00,297.50232,284.54736,-0.5060425,1.8524628
2020-05-30 11:00:00,297.04333,284.8743,-0.30545044,2.1403198
2020-05-30 12:00:00,296.5361,285.97543,-0.36584473,2.0657043
2020-05-30 13:00:00,295.24316,286.43732,-0.39038086,2.2800598
2020-05-30 14:00:00,292.8728,285.63696,-0.2637024,2.8607788
2020-05-30 15:00:00,290.56155,284.27893,-0.2096405,3.2902222
2020-05-30 16:00:00,288.99738,283.09814,-0.19381714,3.4149323
2020-05-30 17:00:00,287.93585,281.79718,-0.18031311,3.4893036
2020-05-30 18:00:00,286.99255,280.55466,-0.1532898,3.5353394
2020-05-30 19:00:00,286.93704,279.36224,-0.22111511,3.5851135
2020-05-30 20:00:00,286.18427,278.28836,-0.22003174,3.573349
2020-05-30 21:00:00,285.56396,277.71512,-0.18171692,3.640396
2020-05-30 22:00:00,285.11426,277.27817,-0.15184021,3.6822357
2020-05-30 23:00:00,284.73715,277.03802,-0.14212036,3.6976776
2020-05-31 00:00:00,284.58572,277.22144,-0.12971497,3.6738434
2020-05-31 01:00:00,286.2566,280.80002,-0.10505676,3.2225037
2020-05-31 02:00:00,290.44223,286.77084,-0.2916565,1.9530487
2020-05-31 03:00:00,295.2292,282.7268,-0.85092163,0.2619629
2020-05-31 04:00:00,296.60623,283.1321,-1.5430756,-0.7948303
2020-05-31 05:00:00,297.59317,284.31516,-2.021698,-1.2612915
2020-05-31 06:00:00,298.54626,284.60358,-2.4682617,-1.4176178
2020-05-31 07:00:00,298.78043,284.25946,-2.7786865,-0.5119257
2020-05-31 08:00:00,299.13605,284.54373,-1.6763,0.8992386
2020-05-31 09:00:00,299.679,284.80038,-1.3099213,0.56996155
2020-05-31 10:00:00,299.46313,285.3971,-1.0891571,1.7771912
2020-05-31 11:00:00,298.4895,286.57562,-0.5067291,1.8961029
2020-05-31 12:00:00,297.99188,287.92172,-0.24017334,2.0544434
2020-05-31 13:00:00,296.3489,288.91113,-0.28457642,2.2993774
2020-05-31 14:00:00,293.46512,288.86005,-0.006942749,2.9437714
2020-05-31 15:00:00,291.2705,287.2087,-0.05393982,3.3061676
2020-05-31 16:00:00,289.86066,285.4582,-0.18952942,3.4171753
2020-05-31 17:00:00,288.51855,284.70215,-0.109695435,3.6442413
2020-05-31 18:00:00,287.95706,283.8255,-0.0074157715,3.6734924
2020-05-31 19:00:00,287.27545,283.53888,0.020584106,3.841751
2020-05-31 20:00:00,287.13937,282.9668,0.018493652,3.7149658
2020-05-31 21:00:00,286.90234,282.14648,-0.0052948,3.6734467
2020-05-31 22:00:00,286.58133,281.34903,0.046524048,3.721878
2020-05-31 23:00:00,286.51724,280.54758,0.1317749,3.7131042
2020-06-01 00:00:00,286.4928,280.08032,0.2082367,3.6995697
2020-06-01 01:00:00,288.04742,282.7293,0.23939514,3.2604523
2020-06-01 02:00:00,291.91052,288.2986,0.12617493,1.9887695
2020-06-01 03:00:00,296.74,284.6882,0.3551941,0.04310608
2020-06-01 04:00:00,298.1632,283.49915,0.373703,-1.0318909
2020-06-01 05:00:00,298.93164,284.24814,0.28173828,-1.3990173
2020-06-01 06:00:00,299.70804,284.36218,0.17321777,-1.5304718
2020-06-01 07:00:00,300.14246,284.90317,0.04788208,-0.3491211
2020-06-01 08:00:00,300.83688,284.58038,0.22628784,-0.41526985
2020-06-01 09:00:00,300.70447,284.0943,0.307724,0.10257149
2020-06-01 10:00:00,300.38184,284.87473,1.139389,1.764389
2020-06-01 11:00:00,299.80652,286.96155,0.536499,1.67552
2020-06-01 12:00:00,298.37885,288.78394,0.11264038,1.9072409
2020-06-01 13:00:00,297.00568,290.54147,-0.25708008,1.4889603
2020-06-01 14:00:00,295.22137,289.77652,-1.160965,1.3823471
2020-06-01 15:00:00,292.62598,286.81702,-0.6036072,2.8993511
2020-06-01 16:00:00,290.7453,286.01675,-0.051071167,3.0260582
2020-06-01 17:00:00,289.86523,285.30646,0.115722656,3.098606
2020-06-01 18:00:00,289.281,284.55872,0.20767212,3.2172909
2020-06-01 19:00:00,288.99615,283.89276,0.15170288,3.249549
2020-06-01 20:00:00,288.7896,283.27615,0.32485962,3.225401
2020-06-01 21:00:00,288.7962,282.86813,0.3460846,3.2727785
2020-06-01 22:00:00,288.22717,282.82056,0.14491272,3.352024
2020-06-01 23:00:00,287.94635,282.77383,0.0052337646,3.3955421
2020-06-02 00:00:00,288.06085,282.8843,0.0705719,3.3769436
2020-06-02 01:00:00,289.22003,285.187,-0.017501831,2.959053
2020-06-02 02:00:00,292.6671,288.4035,-0.013519287,1.9374933
2020-06-02 03:00:00,296.04312,287.63184,-0.0116119385,1.0517511
2020-06-02 04:00:00,297.52417,285.46375,-0.440094,-0.5768328
2020-06-02 05:00:00,297.924,285.88715,-0.6218567,-0.8234863
2020-06-02 06:00:00,298.59943,285.5531,-0.42079163,0.115974426
2020-06-02 07:00:00,299.25342,285.14502,-0.27703857,-0.403553
2020-06-02 08:00:00,299.44748,285.0681,-0.9373169,-0.6715479
2020-06-02 09:00:00,299.00287,285.3366,-0.5660858,1.127696
2020-06-02 10:00:00,298.79605,285.1955,-0.31752014,0.1265316
2020-06-02 11:00:00,298.18655,285.357,-0.123916626,0.262887
2020-06-02 12:00:00,297.25345,285.85132,0.01828003,1.003542
2020-06-02 13:00:00,296.27084,288.46332,-0.029556274,1.3906937
2020-06-02 14:00:00,294.29517,288.19952,-0.27960205,2.3666801
2020-06-02 15:00:00,292.22882,287.79224,-0.20785522,2.9004612
2020-06-02 16:00:00,291.10596,286.9604,-0.15034485,3.043314
2020-06-02 17:00:00,290.54175,286.09186,-0.14859009,3.1337948
2020-06-02 18:00:00,289.91757,285.30618,-0.10292053,3.223072
2020-06-02 19:00:00,290.17026,284.39557,-0.18815613,3.231739
2020-06-02 20:00:00,290.07263,283.3627,-0.24617004,3.3537083
2020-06-02 21:00:00,290.37103,282.3897,-0.25187683,3.311863
2020-06-02 22:00:00,289.90582,281.20428,-0.24034119,3.4002
2020-06-02 23:00:00,289.62753,280.0521,-0.18710327,3.425537
2020-06-03 00:00:00,289.02234,279.43994,-0.17991638,3.4295588
2020-06-03 01:00:00,289.7232,282.16315,-0.18367004,3.1753407
2020-06-03 02:00:00,292.3485,286.0028,-0.22447205,2.4142914
2020-06-03 03:00:00,296.4535,286.99268,-0.4512024,1.1446753
2020-06-03 04:00:00,298.48813,282.7536,-0.94667053,0.37696362
2020-06-03 05:00:00,299.09647,282.1808,-1.2312622,0.5123825
2020-06-03 06:00:00,299.9041,282.04523,-1.166153,1.1133137
2020-06-03 07:00:00,300.04193,282.6435,-2.2615051,1.5427113
2020-06-03 08:00:00,300.42004,282.52026,-1.3805542,1.9683876
2020-06-03 09:00:00,300.72348,282.7381,-1.3574829,1.5214996
2020-06-03 10:00:00,300.44116,284.02222,-1.625473,1.6419067
2020-06-03 11:00:00,300.34363,284.57477,-1.2138824,1.9155121
2020-06-03 12:00:00,298.6723,286.5926,-0.5987396,1.9533691
2020-06-03 13:00:00,296.69815,287.3051,-0.3928833,2.459259
2020-06-03 14:00:00,294.71082,286.8067,-0.39323425,2.8191528
2020-06-03 15:00:00,293.29028,285.25638,-0.29580688,3.3726654
2020-06-03 16:00:00,292.06128,284.1971,-0.37327576,3.4268188
2020-06-03 17:00:00,290.6061,284.0412,-0.27818298,3.3673096
2020-06-03 18:00:00,289.5761,283.94528,-0.1502533,3.4919128
2020-06-03 19:00:00,289.1834,284.4897,-0.12200928,3.6138306
2020-06-03 20:00:00,288.53036,284.10046,-0.0740509,3.6076355
2020-06-03 21:00:00,288.11856,283.71637,0.022979736,3.675253
2020-06-03 22:00:00,287.97528,283.34787,0.15071106,3.6444244
2020-06-03 23:00:00,287.63867,282.92706,0.24554443,3.6205626
2020-06-04 00:00:00,287.61407,282.6806,0.27790833,3.5582523
2020-06-04 01:00:00,289.37598,284.87778,0.23564148,3.1082344
2020-06-04 02:00:00,293.10526,289.70044,0.06367493,1.8850889
2020-06-04 03:00:00,297.79523,286.8055,-0.13383484,0.56592655
2020-06-04 04:00:00,299.24045,284.52374,-0.080459595,-0.15614319
2020-06-04 05:00:00,300.03415,284.59003,-0.008270264,-0.6183777
2020-06-04 06:00:00,300.91315,284.2118,0.19483948,-0.78782654
2020-06-04 07:00:00,301.2657,282.86197,0.27946472,0.82984924
2020-06-04 08:00:00,301.87955,281.9895,-0.025512695,0.21881104
2020-06-04 09:00:00,302.5216,280.7824,0.035369873,-0.043945312
2020-06-04 10:00:00,302.45557,280.33188,0.617157,0.48265076
2020-06-04 11:00:00,301.89246,281.14325,0.6185303,1.1653137
2020-06-04 12:00:00,301.21466,284.21893,0.5553436,0.85453796
2020-06-04 13:00:00,299.20215,290.8262,0.39146423,1.2848816
2020-06-04 14:00:00,297.01584,285.7453,0.54904175,2.3114014
2020-06-04 15:00:00,294.10236,283.41278,0.87687683,2.713272
2020-06-04 16:00:00,292.71335,281.45312,0.9760742,2.9719334
2020-06-04 17:00:00,291.35107,280.71158,0.57395935,3.4229326
2020-06-04 18:00:00,290.78787,281.4345,0.2979889,3.663269
2020-06-04 19:00:00,291.9558,281.24542,0.47250366,3.9305964
2020-06-04 20:00:00,292.35223,280.10028,0.42973328,4.1311626
2020-06-04 21:00:00,292.2052,280.27194,0.835907,3.9905949
2020-06-04 22:00:00,291.98218,279.9948,0.89598083,3.6396236
2020-06-04 23:00:00,291.84445,280.26654,0.8105469,3.3010101
2020-06-05 00:00:00,290.57126,280.91132,0.6035919,3.174759
2020-06-05 01:00:00,290.59366,284.78674,0.31282043,2.7774715
2020-06-05 02:00:00,292.8285,289.33163,0.13909912,1.8339443
2020-06-05 03:00:00,296.61194,287.2234,0.6689606,-0.07239151
2020-06-05 04:00:00,297.62665,284.2934,1.7595062,-1.9173145
2020-06-05 05:00:00,296.6081,285.664,1.6886597,-2.2826843
2020-06-05 06:00:00,296.2068,286.50912,1.8162842,-2.58037
2020-06-05 07:00:00,294.00134,287.98694,-1.0286865,-1.5129642
2020-06-05 08:00:00,294.367,288.7057,-1.3468628,-1.9836445
2020-06-05 09:00:00,294.55554,288.85962,-0.5807953,-0.88264465
2020-06-05 10:00:00,294.52158,288.06073,0.3517151,0.31251526
2020-06-05 11:00:00,294.75177,287.06708,1.1233368,-0.35716248
2020-06-05 12:00:00,293.49323,288.38947,-0.25395203,-2.416031
2020-06-05 13:00:00,292.07086,288.22882,-0.9821167,-0.69540405
2020-06-05 14:00:00,291.74075,287.93057,-0.6065674,1.0352325
2020-06-05 15:00:00,291.70795,287.25696,-0.18125916,-0.29304504
2020-06-05 16:00:00,291.27307,287.18268,-0.08314514,0.106918335
2020-06-05 17:00:00,290.11777,286.46567,-0.14950562,1.1173859
2020-06-05 18:00:00,291.0185,286.02176,-0.44631958,0.9292145
2020-06-05 19:00:00,290.98193,285.48566,0.15809631,0.8307953
2020-06-05 20:00:00,290.83682,285.21436,0.15618896,0.72377014
2020-06-05 21:00:00,290.33423,285.13455,0.2511139,0.61894226
2020-06-05 22:00:00,289.9325,285.09314,0.20306396,0.6694946
2020-06-05 23:00:00,289.4979,285.12994,-0.030853271,-0.015258789
2020-06-06 00:00:00,288.9388,284.93292,-0.20913696,-0.24230957
2020-06-06 01:00:00,288.43405,285.21796,0.17367554,-0.15660095
2020-06-06 02:00:00,288.70093,286.5415,0.3018036,-0.3914032
2020-06-06 03:00:00,289.84735,286.31592,-0.12652588,-0.68644714
2020-06-06 04:00:00,290.45236,286.32806,-0.3202057,-1.2374115
2020-06-06 05:00:00,291.5238,285.8199,-0.0821991,-1.4925232
2020-06-06 06:00:00,292.03992,286.43024,-0.13008118,-1.4337463
2020-06-06 07:00:00,292.96432,285.3835,-0.26953125,-1.5593262
2020-06-06 08:00:00,293.30347,285.22406,0.040863037,-1.5623779
2020-06-06 09:00:00,293.49237,284.80353,0.13446045,-1.3179474
2020-06-06 10:00:00,293.80795,284.55444,0.10852051,-0.96383667
2020-06-06 11:00:00,293.66125,284.2005,0.11579895,-0.17567444
2020-06-06 12:00:00,293.3578,283.65326,0.24765015,0.2049408
2020-06-06 13:00:00,293.04102,283.23682,0.38409424,0.66174984
2020-06-06 14:00:00,291.75195,285.21527,0.089035034,0.9125538
2020-06-06 15:00:00,290.63678,283.03247,-0.2893219,1.1844912
2020-06-06 16:00:00,290.3934,282.2611,-0.86772156,1.0027294
2020-06-06 17:00:00,287.9444,281.52203,-1.4388123,1.0068455
2020-06-06 18:00:00,286.50183,280.71133,-1.4312592,1.3004704
2020-06-06 19:00:00,283.41562,280.60938,-0.3644104,2.8903255
2020-06-06 20:00:00,282.9171,280.78745,-0.11437988,3.0647879
2020-06-06 21:00:00,282.43945,280.75854,-0.052261353,3.2076263
2020-06-06 22:00:00,282.3095,280.6403,0.010131836,3.218567
2020-06-06 23:00:00,281.9374,280.30774,0.04586792,3.2554932
2020-06-07 00:00:00,282.5665,280.2082,-0.0008087158,3.0777283
2020-06-07 01:00:00,284.8255,282.21292,-0.059692383,2.2927551
2020-06-07 02:00:00,289.62885,282.874,-0.27642822,0.3244171
2020-06-07 03:00:00,291.47308,281.31586,-0.9086304,-1.2364197
2020-06-07 04:00:00,292.15924,281.0033,-1.1585388,-1.7990265
2020-06-07 05:00:00,293.04425,280.56058,-1.3478699,-1.8867035
2020-06-07 06:00:00,293.92517,280.58228,-1.3100891,-2.1053257
2020-06-07 07:00:00,294.50424,280.8305,-0.7272186,-1.8500853
2020-06-07 08:00:00,294.52887,280.24652,-0.2636261,-1.2481956
2020-06-07 09:00:00,294.99878,280.29428,-0.49887085,-1.1856384
2020-06-07 10:00:00,295.3435,280.3022,-0.8883667,-1.1612539
2020-06-07 11:00:00,295.19965,280.29608,-0.9260254,-0.15880203
2020-06-07 12:00:00,294.99643,280.8381,-0.508667,0.3103695
2020-06-07 13:00:00,294.53983,283.65677,-0.5771179,0.059348106
2020-06-07 14:00:00,294.0204,280.91696,-0.32395935,0.7625036
2020-06-07 15:00:00,292.96585,280.57605,-0.40711975,0.9878788
2020-06-07 16:00:00,292.0011,280.62213,-0.7189331,1.1453495
2020-06-07 17:00:00,290.31226,280.65466,-0.745697,1.4239407
2020-06-07 18:00:00,287.6607,280.65137,-0.71525574,1.8438644
2020-06-07 19:00:00,285.93665,280.75592,-0.6995392,2.1536503
2020-06-07 20:00:00,284.6125,280.7751,-0.4847126,2.49374
2020-06-07 21:00:00,284.4663,281.06766,-0.3340521,2.6789303
2020-06-07 22:00:00,284.43335,281.3606,-0.17773438,2.7294617
2020-06-07 23:00:00,284.5044,281.63574,0.044265747,2.7331505
2020-06-08 00:00:00,284.60596,282.07574,0.21199036,2.7087946
2020-06-08 01:00:00,285.92633,283.72522,0.2591858,2.2019072
2020-06-08 02:00:00,289.06122,286.24234,0.26800537,0.8687887
2020-06-08 03:00:00,291.61395,282.46106,0.16905212,-0.49320698
2020-06-08 04:00:00,292.37457,283.12808,0.33872986,-1.3078079
2020-06-08 05:00:00,292.49738,283.70673,0.50209045,-1.2365017
2020-06-08 06:00:00,292.3404,283.77325,0.5317688,-1.2791367
2020-06-08 07:00:00,290.6703,286.16388,2.0301971,-1.0017538
2020-06-08 08:00:00,290.2341,286.2373,1.2138367,-1.3132496
2020-06-08 09:00:00,290.07632,286.0596,0.4281311,-1.3516388
2020-06-08 10:00:00,290.62408,285.17468,-0.24243164,-1.5837708
2020-06-08 11:00:00,290.01044,284.75674,-0.6351013,-1.0245552
2020-06-08 12:00:00,289.7185,284.49457,-0.95632935,-0.27670097
2020-06-08 13:00:00,290.07846,284.35312,-1.241333,0.1594944
2020-06-08 14:00:00,289.3219,284.75134,-1.3112488,0.5688791
2020-06-08 15:00:00,287.7361,284.24878,-0.9329071,1.4947481
2020-06-08 16:00:00,286.97375,283.64752,-0.6759033,1.8403473
2020-06-08 17:00:00,286.03955,282.9279,-0.37384033,2.0958252
2020-06-08 18:00:00,286.13614,282.56064,0.27201843,1.8517284
2020-06-08 19:00:00,286.56918,281.91394,0.16949463,1.8131943
2020-06-08 20:00:00,288.79163,281.5989,0.37791443,1.2590752
2020-06-08 21:00:00,286.846,282.0991,0.93907166,1.2208691
2020-06-08 22:00:00,288.1311,282.12595,0.93510437,0.7816181
2020-06-08 23:00:00,286.45587,282.44336,1.0550537,0.849905
2020-06-09 00:00:00,286.48108,282.88168,0.9390564,0.5609894
2020-06-09 01:00:00,286.93152,283.40494,0.14794922,-0.09704971
2020-06-09 02:00:00,287.2196,284.46527,-0.38497925,-0.057071686
2020-06-09 03:00:00,287.76093,284.9845,-0.6651001,-0.26721096
2020-06-09 04:00:00,288.31702,285.73376,-0.57514954,-1.1954784
2020-06-09 05:00:00,288.6538,286.088,-0.77583313,-1.2830505
2020-06-09 06:00:00,289.77136,286.31018,-1.2846222,-1.3648987
2020-06-09 07:00:00,291.59103,286.20078,0.05999756,-1.0376434
2020-06-09 08:00:00,291.6864,285.17474,0.43099976,-0.9925537
2020-06-09 09:00:00,292.09192,284.36487,0.5693054,-0.80322266
2020-06-09 10:00:00,292.07037,284.51752,0.53175354,-0.31489563
2020-06-09 11:00:00,292.2198,284.27557,0.3929901,0.0040540695
2020-06-09 12:00:00,292.17126,283.92462,-0.0574646,0.70072556
2020-06-09 13:00:00,291.60287,284.1833,-0.3403015,0.94031715
2020-06-09 14:00:00,290.3875,284.55597,-0.36639404,1.264925
2020-06-09 15:00:00,288.4047,284.1881,-0.2795868,1.9220419
2020-06-09 16:00:00,286.38074,283.2218,-0.1653595,2.300644
2020-06-09 17:00:00,285.24414,282.30328,-0.1327362,2.386509
2020-06-09 18:00:00,284.23535,281.6173,-0.08958435,2.5570831
2020-06-09 19:00:00,288.29755,281.0822,-0.38804626,1.2622032
2020-06-09 20:00:00,286.7567,280.88226,-0.32299805,1.5442209
2020-06-09 21:00:00,284.29407,280.49875,-0.18527222,2.1957445
2020-06-09 22:00:00,283.22455,280.24994,0.061065674,2.82125
2020-06-09 23:00:00,282.70306,280.15973,-0.0014190674,3.0194263
2020-06-10 00:00:00,282.21838,279.99658,0.015960693,3.1206408
2020-06-10 01:00:00,284.2209,282.1645,0.035720825,2.5400257
2020-06-10 02:00:00,288.06363,284.78625,0.19096375,1.2025595
2020-06-10 03:00:00,290.89456,282.1707,0.051605225,-0.577713
2020-06-10 04:00:00,291.27853,283.08673,0.19314575,-1.2609758
2020-06-10 05:00:00,291.48047,283.54443,0.20883179,-1.2378368
2020-06-10 06:00:00,292.27338,283.84485,0.011734009,-1.5405903
2020-06-10 07:00:00,290.9257,285.69403,1.1507263,-1.0802469
2020-06-10 08:00:00,291.2409,285.47955,1.2521667,-0.44709396
2020-06-10 09:00:00,290.84003,285.60645,0.25726318,-1.1315184
2020-06-10 10:00:00,289.07697,285.5022,-1.1085052,-0.95023155
2020-06-10 11:00:00,288.98843,285.40283,-0.6698456,0.34168434
2020-06-10 12:00:00,289.0423,284.77097,-0.8482971,0.34659004
2020-06-10 13:00:00,288.68982,284.56946,-1.1026917,0.20635605
2020-06-10 14:00:00,288.0827,284.43494,-1.1143036,0.20703506
2020-06-10 15:00:00,286.88312,284.06946,-0.96232605,1.0978079
2020-06-10 16:00:00,285.57117,283.2013,-0.8314514,1.5340538
2020-06-10 17:00:00,284.58807,282.30435,-0.7671356,1.7783766
2020-06-10 18:00:00,284.0517,281.55338,-0.81022644,1.9158087
2020-06-10 19:00:00,283.2092,281.26233,-0.020629883,2.8030844
2020-06-10 20:00:00,282.76978,281.04797,-0.07437134,2.7791681
2020-06-10 21:00:00,282.49234,280.60745,-0.08154297,2.879797
2020-06-10 22:00:00,282.2094,280.2889,-0.08705139,2.9203033
2020-06-10 23:00:00,281.67758,279.6362,-0.13873291,3.0800629
2020-06-11 00:00:00,281.85504,279.48608,-0.12385559,3.0515747
2020-06-11 01:00:00,284.0141,281.6299,-0.06478882,2.4071827
2020-06-11 02:00:00,287.40692,283.26126,-0.031402588,1.1442442
2020-06-11 03:00:00,289.84604,278.751,-0.20932007,-0.24239922
2020-06-11 04:00:00,290.63275,279.40134,-0.28320312,-0.3885498
2020-06-11 05:00:00,291.52563,280.48828,-0.2679596,-0.26145935
2020-06-11 06:00:00,292.36493,281.32986,-0.29907227,-0.19743347
2020-06-11 07:00:00,293.0769,282.40796,-0.49057007,-0.21762085
2020-06-11 08:00:00,292.98175,281.93793,-0.37052917,0.4740448
2020-06-11 09:00:00,293.42145,281.42242,-0.50994873,0.71617126
2020-06-11 10:00:00,293.034,280.91205,-0.8301697,-0.6186857
2020-06-11 11:00:00,291.61615,282.8996,-0.89131165,-2.0857306
2020-06-11 12:00:00,290.43777,283.24744,-1.0822601,-0.40501404
2020-06-11 13:00:00,290.04077,282.91168,-0.29821777,1.6131897
2020-06-11 14:00:00,289.4447,282.64264,-0.11550903,2.0009155
2020-06-11 15:00:00,287.27692,281.78558,-0.29301453,2.5478964
2020-06-11 16:00:00,285.6183,281.1139,-0.14576721,2.7455444
2020-06-11 17:00:00,285.14386,280.47235,-0.06932068,2.8155212
2020-06-11 18:00:00,284.2925,279.58453,0.0026245117,2.9904327
2020-06-11 19:00:00,283.94366,279.07056,0.1247406,3.0803833
2020-06-11 20:00:00,283.4154,278.6354,0.12788391,3.086731
2020-06-11 21:00:00,283.0255,278.0552,0.17010498,3.170517
2020-06-11 22:00:00,282.56342,277.39056,0.20774841,3.2362823
2020-06-11 23:00:00,282.14337,276.8269,0.16641235,3.3268585
2020-06-12 00:00:00,282.35837,276.85016,0.13345337,3.2991333
2020-06-12 01:00:00,284.18646,279.8914,0.10101318,2.8657074
2020-06-12 02:00:00,288.1306,283.36652,0.08206177,1.6309204
2020-06-12 03:00:00,292.00214,278.9391,-0.048690796,0.34481812
2020-06-12 04:00:00,293.15857,278.2617,-0.4028473,-0.59106445
2020-06-12 05:00:00,294.00803,279.0379,-0.44303894,-0.9758301
2020-06-12 06:00:00,294.76498,279.29276,-0.48353577,-1.502945
2020-06-12 07:00:00,295.2519,278.90945,-0.6346741,-1.6405029
2020-06-12 08:00:00,295.45734,279.1762,-0.6914215,-1.1217346
2020-06-12 09:00:00,295.75558,279.0229,-0.6058197,-0.4459076
2020-06-12 10:00:00,295.9735,278.46216,-0.5953064,-0.09315491
2020-06-12 11:00:00,295.823,278.25104,-0.5270386,0.26512146
2020-06-12 12:00:00,295.5228,278.28662,-0.66267395,0.43156433
2020-06-12 13:00:00,294.54712,281.33356,-0.71759033,0.9100189
2020-06-12 14:00:00,292.1489,282.96484,-0.5139618,1.7982941
2020-06-12 15:00:00,289.17197,281.18732,-0.14683533,2.5163116
2020-06-12 16:00:00,287.19366,280.20868,-0.23736572,2.728531
2020-06-12 17:00:00,286.31085,279.2928,-0.25143433,2.913971
2020-06-12 18:00:00,285.58386,278.7254,-0.018951416,3.1098175
2020-06-12 19:00:00,284.34308,277.73566,0.093811035,3.4646301
2020-06-12 20:00:00,283.9333,276.9721,0.18865967,3.4724426
2020-06-12 21:00:00,283.61343,276.08115,0.2720642,3.526001
2020-06-12 22:00:00,283.46387,275.28888,0.2861328,3.5255127
2020-06-12 23:00:00,283.29044,274.66458,0.23999023,3.5705414
2020-06-13 00:00:00,283.22665,274.60394,0.16810608,3.5686493
2020-06-13 01:00:00,285.05014,278.75525,0.11001587,3.1683197
2020-06-13 02:00:00,289.06503,284.13776,0.026626587,1.9542694
2020-06-13 03:00:00,294.04694,279.93573,-0.16279602,0.51686096
2020-06-13 04:00:00,295.38483,278.51947,-0.6268463,-0.5815306
2020-06-13 05:00:00,296.24976,279.83875,-0.9634247,-1.208271
2020-06-13 06:00:00,296.98004,280.4555,-1.0544739,-1.5178461
2020-06-13 07:00:00,297.46823,281.02585,-0.7894592,-1.4919262
2020-06-13 08:00:00,297.86115,281.02905,-0.56059265,-1.3750706
2020-06-13 09:00:00,298.35767,280.7471,-0.14474487,-1.1359596
2020-06-13 10:00:00,298.3581,279.74786,-0.2258606,-0.2707367
2020-06-13 11:00:00,297.99185,279.77277,-0.4446106,1.0677805
2020-06-13 12:00:00,296.95114,282.54913,-0.10810852,1.7836676
2020-06-13 13:00:00,295.58932,284.77594,-0.0970459,2.0524445
2020-06-13 14:00:00,293.0409,284.6054,-0.14701843,2.4553041
2020-06-13 15:00:00,289.99774,283.77808,-0.14710999,2.96165
2020-06-13 16:00:00,288.5913,282.75354,-0.0143585205,3.186987
2020-06-13 17:00:00,287.37415,281.57416,0.14176941,3.4105606
2020-06-13 18:00:00,286.50403,280.52887,0.1365509,3.5311775
2020-06-13 19:00:00,286.2572,278.8266,0.15493774,3.6392117
2020-06-13 20:00:00,285.8624,277.88477,0.19746399,3.5842524
2020-06-13 21:00:00,285.54578,277.01874,0.1789856,3.6370296
2020-06-13 22:00:00,285.25998,276.31866,0.12452698,3.7005768
2020-06-13 23:00:00,285.049,275.88528,0.11767578,3.745163
2020-06-14 00:00:00,285.00766,276.17294,0.13084412,3.7280273
2020-06-14 01:00:00,286.66858,280.28818,0.17021179,3.2623138
2020-06-14 02:00:00,290.63586,286.5354,0.109298706,1.9234619
2020-06-14 03:00:00,295.69177,281.46396,-0.013198853,0.33694458
2020-06-14 04:00:00,297.0952,280.34338,-0.36705017,-0.7015686
2020-06-14 05:00:00,297.9909,281.21292,-0.75283813,-1.3127594
2020-06-14 06:00:00,298.6063,281.4958,-0.95970154,-1.4251556
2020-06-14 07:00:00,299.1358,281.4437,-0.743042,-1.2664032
2020-06-14 08:00:00,299.4193,280.99265,-0.60687256,-0.83662415
2020-06-14 09:00:00,299.84024,280.39325,-0.6330719,0.02468872
2020-06-14 10:00:00,300.18842,279.44843,-0.38475037,-0.14724731
2020-06-14 11:00:00,299.53278,279.57642,-0.37057495,0.67445374
2020-06-14 12:00:00,298.32404,283.44266,-0.3360901,1.93789
2020-06-14 13:00:00,296.5063,285.9682,-0.2319336,2.1347961
2020-06-14 14:00:00,294.04688,286.64935,-0.28710938,2.4202948
2020-06-14 15:00:00,291.41046,285.697,-0.14950562,2.9117432
2020-06-14 16:00:00,289.87506,284.57776,-0.013626099,3.1900482
2020-06-14 17:00:00,289.04816,283.43683,0.0539093,3.3581848
2020-06-14 18:00:00,288.5015,282.31274,0.038497925,3.420105
2020-06-14 19:00:00,289.5534,281.82404,0.22409058,3.574646
2020-06-14 20:00:00,289.5517,281.27112,0.147995,3.528122
2020-06-14 21:00:00,289.42474,280.8219,-0.02027893,3.5242767
2020-06-14 22:00:00,288.80267,280.39746,0.020629883,3.3621368
2020-06-14 23:00:00,287.46277,280.51834,0.19049072,3.3723907
2020-06-15 00:00:00,286.65143,280.94376,0.13571167,3.536499
2020-06-15 01:00:00,288.1965,283.76666,0.062942505,3.1667786
2020-06-15 02:00:00,292.02805,288.12305,-0.10423279,2.0019379
2020-06-15 03:00:00,296.51727,285.26868,-0.20985413,0.99331665
2020-06-15 04:00:00,297.73688,283.3605,-0.43521118,-0.49058533
2020-06-15 05:00:00,298.63477,283.65656,-0.6716919,-1.2919922
2020-06-15 06:00:00,298.96106,282.95905,-0.79649353,-0.27348328
2020-06-15 07:00:00,298.67523,283.57996,-1.1098328,-0.9628601
2020-06-15 08:00:00,299.08398,283.9806,-1.1563416,-0.84628296
2020-06-15 09:00:00,299.3596,283.6597,-0.7159424,0.44859314
2020-06-15 10:00:00,299.49933,284.01218,-0.36054993,0.8695984
2020-06-15 11:00:00,298.98428,283.99518,0.14231873,1.0726471
2020-06-15 12:00:00,298.27588,286.2655,-0.6577759,0.60466003
2020-06-15 13:00:00,296.84723,287.08774,-0.5418091,1.8866119
2020-06-15 14:00:00,294.80673,289.04944,-0.20516968,1.633606
2020-06-15 15:00:00,293.23065,286.71777,-0.028030396,1.7106018
2020-06-15 16:00:00,291.38202,285.37482,0.2434082,2.2208538
2020-06-15 17:00:00,289.9927,284.52844,0.4444275,2.7908
2020-06-15 18:00:00,288.81885,284.03015,0.109954834,3.1963825
2020-06-15 19:00:00,288.22662,283.9215,0.19003296,3.4665012
2020-06-15 20:00:00,287.84442,283.4084,0.26693726,3.4702148
2020-06-15 21:00:00,287.46323,282.80774,0.26060486,3.5544434
2020-06-15 22:00:00,286.99353,281.9843,0.17480469,3.7088318
2020-06-15 23:00:00,286.83173,281.24564,0.12728882,3.730667
2020-06-16 00:00:00,286.85873,280.63257,0.13769531,3.6914368
2020-06-16 01:00:00,288.71655,283.21298,0.032440186,3.2454224
2020-06-16 02:00:00,292.36807,287.5656,-0.17182922,2.2769775
2020-06-16 03:00:00,296.75677,287.25708,-0.4513855,1.2413025
2020-06-16 04:00:00,298.55066,284.02557,-1.0542755,0.237854
2020-06-16 05:00:00,299.22015,284.5125,-1.2731934,-0.44348145
2020-06-16 06:00:00,299.9604,284.3708,-1.234024,-0.80792236
2020-06-16 07:00:00,300.0036,282.71222,0.5943451,-0.8275299
2020-06-16 08:00:00,300.5923,282.67963,0.30264282,-0.6110077
2020-06-16 09:00:00,300.9506,282.58295,0.3096466,-1.291687
2020-06-16 10:00:00,299.6198,282.08667,0.18287659,0.71562195
2020-06-16 11:00:00,299.20526,285.05817,0.15327454,2.1243134
2020-06-16 12:00:00,298.07343,287.69873,0.40470886,1.628479
2020-06-16 13:00:00,296.49533,288.99612,0.6864624,1.9909058
2020-06-16 14:00:00,294.28033,287.77557,0.85253906,2.672409
2020-06-16 15:00:00,292.92957,286.2072,0.6485443,2.5617523
2020-06-16 16:00:00,290.90942,286.02527,-0.28694153,2.5894623
2020-06-16 17:00:00,289.90567,284.9922,-0.79273987,2.548584
2020-06-16 18:00:00,288.7911,283.83838,0.08041382,2.506546
2020-06-16 19:00:00,287.7318,283.55243,1.8834534,1.4599762
2020-06-16 20:00:00,287.00607,282.7643,2.2539825,0.7720642
2020-06-16 21:00:00,286.71948,282.32773,2.038208,0.51745605
2020-06-16 22:00:00,286.75372,281.83105,1.8409424,-0.18525696
2020-06-16 23:00:00,286.85352,281.30505,1.648407,-0.22215271
2020-06-17 00:00:00,287.2403,280.8768,1.2775269,-0.42596436
2020-06-17 01:00:00,286.2142,281.4204,0.9369049,-0.94885254
2020-06-17 02:00:00,288.04388,280.65918,0.85435486,-1.6681671
2020-06-17 03:00:00,288.87653,280.54773,0.6538391,-2.2554321
2020-06-17 04:00:00,289.48715,280.65863,0.8168335,-2.184784
2020-06-17 05:00:00,290.09955,281.06476,0.8993683,-2.4294128
2020-06-17 06:00:00,290.73538,281.2412,1.1304321,-2.3549042
2020-06-17 07:00:00,291.28137,281.90564,1.1612701,-2.1053772
2020-06-17 08:00:00,292.29797,282.8191,0.8280792,-1.7306213
2020-06-17 09:00:00,292.66467,283.11536,0.9387665,-1.9356995
2020-06-17 10:00:00,292.66592,282.48877,1.2658234,-1.5930634
2020-06-17 11:00:00,292.7887,282.6657,1.4544983,-1.5014191
2020-06-17 12:00:00,292.0739,282.22134,1.5559235,-1.0794067
2020-06-17 13:00:00,291.54498,282.11365,1.4256287,-0.65411377
2020-06-17 14:00:00,290.4268,284.8611,0.81407166,-0.6608887
2020-06-17 15:00:00,290.6594,281.40387,-0.10850525,-0.7909241
2020-06-17 16:00:00,290.3793,280.41455,-0.09370422,-0.068222046
2020-06-17 17:00:00,288.69513,281.20474,0.12850952,-1.0743866
2020-06-17 18:00:00,286.61993,280.8629,0.33636475,-1.6341095
2020-06-17 19:00:00,287.50964,279.41302,0.16920471,-1.1961517
2020-06-17 20:00:00,287.1772,278.75708,-0.1612854,-1.0081329
2020-06-17 21:00:00,287.14813,278.13416,-0.6087036,-0.45614624
2020-06-17 22:00:00,286.7945,277.87683,-0.8508606,0.15710449
2020-06-17 23:00:00,285.54886,277.67438,-1.0417633,0.7487793
2020-06-18 00:00:00,283.87695,277.56732,-1.180481,1.1621246
2020-06-18 01:00:00,285.82117,279.45752,-1.1586609,0.6699219
2020-06-18 02:00:00,288.27173,280.37024,-1.107254,-0.6138458
2020-06-18 03:00:00,289.41113,279.98108,-0.8594513,-1.487854
2020-06-18 04:00:00,290.16837,279.6947,-0.3340149,-1.5145569
2020-06-18 05:00:00,291.16483,279.83582,-0.21795654,-1.5779572
2020-06-18 06:00:00,292.07306,280.42957,-0.0957489,-1.5379486
2020-06-18 07:00:00,292.95355,281.10556,0.131073,-1.6698761
2020-06-18 08:00:00,293.51834,281.48312,-0.21948242,-1.8112488
2020-06-18 09:00:00,293.74304,281.34448,0.044937134,-1.2017059
2020-06-18 10:00:00,293.97324,281.4629,0.35943604,-0.34747314
2020-06-18 11:00:00,293.75385,281.11847,0.6634979,0.21038818
2020-06-18 12:00:00,293.93146,282.03748,0.7627411,0.6437073
2020-06-18 13:00:00,292.98712,283.1654,0.61605835,1.3068848
2020-06-18 14:00:00,291.62723,284.93375,0.28562927,1.5108948
2020-06-18 15:00:00,289.21533,284.12027,0.13864136,2.2897034
2020-06-18 16:00:00,287.44873,283.81784,0.0642395,2.5326996
2020-06-18 17:00:00,286.63043,283.4601,-0.07545471,2.560501
2020-06-18 18:00:00,286.06604,283.1034,0.011810303,2.610138
2020-06-18 19:00:00,285.24124,281.60062,0.1504364,2.7630768
2020-06-18 20:00:00,284.74576,281.25757,0.11582947,2.7376251
2020-06-18 21:00:00,283.83783,280.66916,0.06715393,2.8965607
2020-06-18 22:00:00,283.65527,280.23898,0.085861206,2.9342651
2020-06-18 23:00:00,283.5234,280.07077,0.093933105,3.017456
2020-06-19 00:00:00,283.84418,280.4382,0.063812256,2.9895935
2020-06-19 01:00:00,285.87302,283.01752,0.018692017,2.426361
2020-06-19 02:00:00,289.7751,285.7431,-0.13044739,1.2485352
2020-06-19 03:00:00,292.9441,281.48157,-0.47872925,-0.13990784
2020-06-19 04:00:00,293.9851,280.97272,-0.7210541,-1.115799
2020-06-19 05:00:00,294.9152,280.8028,-0.7884064,-1.2522278
2020-06-19 06:00:00,295.69604,280.98935,-0.7010956,-1.0057068
2020-06-19 07:00:00,296.15338,282.2866,-0.28356934,-0.7032013
2020-06-19 08:00:00,296.92734,282.27887,0.07119751,-0.733078
2020-06-19 09:00:00,297.03326,282.16284,0.5851135,-0.09158325
2020-06-19 10:00:00,297.01984,282.3802,0.69384766,0.56596375
2020-06-19 11:00:00,296.86813,282.24524,0.8517151,0.9587488
2020-06-19 12:00:00,296.34814,283.47107,0.9411316,1.3563957
2020-06-19 13:00:00,295.14777,284.7257,0.6459961,1.8280582
2020-06-19 14:00:00,293.22015,285.79752,0.2761383,1.8875036
2020-06-19 15:00:00,290.34503,284.81628,0.20909119,2.6790009
2020-06-19 16:00:00,288.44055,283.88483,0.15776062,2.9286957
2020-06-19 17:00:00,287.36246,282.8225,0.16040039,3.0533085
2020-06-19 18:00:00,286.8557,282.12076,0.20265198,3.0741615
2020-06-19 19:00:00,286.50415,282.82208,0.25675964,3.1838531
2020-06-19 20:00:00,285.91837,282.1618,0.33763123,3.2605438
2020-06-19 21:00:00,285.35187,281.63412,0.2840271,3.362259
2020-06-19 22:00:00,285.1765,281.21906,0.21942139,3.4049377
2020-06-19 23:00:00,285.0241,280.7898,0.30215454,3.4048462
2020-06-20 00:00:00,284.9395,280.6019,0.39067078,3.3738708
2020-06-20 01:00:00,286.8167,282.82236,0.26159668,2.9006805
2020-06-20 02:00:00,290.47375,285.65466,0.2589569,1.9278564
2020-06-20 03:00:00,294.0476,284.5957,0.40963745,0.083984375
2020-06-20 04:00:00,294.5349,282.6528,1.1710968,-1.0699921
2020-06-20 05:00:00,295.37305,283.03052,2.2312927,-1.154541
2020-06-20 06:00:00,295.59637,282.83978,2.9719849,-1.2509918
2020-06-20 07:00:00,294.93933,283.69196,3.0394592,-0.8243866
2020-06-20 08:00:00,295.76593,283.89697,2.748825,-0.7325897
2020-06-20 09:00:00,296.1845,283.11792,2.9094543,-0.9200287
2020-06-20 10:00:00,295.99817,282.26147,2.8066711,-0.60395813
2020-06-20 11:00:00,295.8297,281.92892,2.6817474,0.16433716
2020-06-20 12:00:00,295.31573,281.4863,2.0965729,0.676651
2020-06-20 13:00:00,294.77814,282.67822,1.2138062,0.78948975
2020-06-20 14:00:00,294.32404,282.6383,0.71287537,0.4801941
2020-06-20 15:00:00,294.4431,280.09686,0.08531189,0.40515137
2020-06-20 16:00:00,293.82233,279.55292,-0.39434814,0.40979004
2020-06-20 17:00:00,292.63623,279.33917,-0.6499176,1.1283417
2020-06-20 18:00:00,287.85992,279.51263,-0.6279907,1.9978485
2020-06-20 19:00:00,285.60077,280.05945,-0.52168274,2.3982906
2020-06-20 20:00:00,284.0297,279.71548,-0.22257996,2.7695932
2020-06-20 21:00:00,282.932,279.54254,-0.14350891,3.1678705
2020-06-20 22:00:00,282.6068,279.75043,-0.058044434,3.4522524
2020-06-20 23:00:00,282.5259,279.6646,-0.073135376,3.5782623
2020-06-21 00:00:00,282.7792,279.41003,-0.08312988,3.5692902
2020-06-21 01:00:00,285.1109,281.17114,-0.15588379,3.0391998
2020-06-21 02:00:00,289.51108,286.43237,-0.31550598,1.548996
2020-06-21 03:00:00,294.56125,280.53174,-0.777359,-0.2505188
2020-06-21 04:00:00,295.77008,281.2502,-0.8017731,-1.2494202
2020-06-21 05:00:00,296.95856,281.7397,-0.70947266,-1.6195068
2020-06-21 06:00:00,298.10034,281.99252,-0.76872253,-1.6946716
2020-06-21 07:00:00,299.0111,282.59796,-0.67926025,-1.7840729
2020-06-21 08:00:00,299.7697,282.44336,-0.59965515,-1.6219177
2020-06-21 09:00:00,300.33856,282.05652,-0.4129486,-1.1094513
2020-06-21 10:00:00,300.66666,281.63458,-0.14219666,-0.75801086
2020-06-21 11:00:00,300.66544,281.7664,-0.6384735,-0.3517151
2020-06-21 12:00:00,300.4218,283.2334,-1.0910645,-0.32202148
2020-06-21 13:00:00,298.9801,289.25415,-1.2518616,-0.32859802
2020-06-21 14:00:00,297.25684,286.44284,-1.5467834,-0.34399414
2020-06-21 15:00:00,294.167,282.69116,-2.0680237,0.5013428
2020-06-21 16:00:00,291.24524,281.44058,-1.9088287,1.8273468
2020-06-21 17:00:00,289.2246,281.04138,-0.77301025,2.7819214
2020-06-21 18:00:00,287.83047,281.04004,0.05722046,2.9930267
2020-06-21 19:00:00,287.3471,281.9292,0.28570557,3.1595764
2020-06-21 20:00:00,286.62482,281.80988,0.31958008,3.3165436
2020-06-21 21:00:00,286.02655,281.7127,0.19656372,3.4815369
2020-06-21 22:00:00,285.97855,281.52765,0.119781494,3.561493
2020-06-21 23:00:00,285.97885,281.17078,0.15447998,3.5718384
2020-06-22 00:00:00,286.19196,280.89044,0.21362305,3.5383606
2020-06-22 01:00:00,288.15186,283.12103,0.26296997,3.056076
2020-06-22 02:00:00,292.33472,288.8921,0.14582825,1.6572723
2020-06-22 03:00:00,297.79422,283.5307,0.4091339,-0.5346527
2020-06-22 04:00:00,298.68915,284.55466,0.4804077,-1.4092255
2020-06-22 05:00:00,299.4928,284.98828,0.4256134,-1.5750275
2020-06-22 06:00:00,300.1108,284.96307,0.1105957,-1.5793762
2020-06-22 07:00:00,300.99292,285.68304,-0.0051574707,-1.4918365
2020-06-22 08:00:00,301.60883,285.5016,0.095321655,-1.5102234
2020-06-22 09:00:00,301.83594,285.21387,-0.036880493,-1.6541443
2020-06-22 10:00:00,302.38293,284.4215,0.04284668,-1.3063354
2020-06-22 11:00:00,302.56802,284.2568,0.26957703,-1.7207184
2020-06-22 12:00:00,301.19965,287.71198,1.3694153,-0.6752014
2020-06-22 13:00:00,299.43814,287.829,1.4931793,2.2317352
2020-06-22 14:00:00,296.93512,287.65552,0.43823242,2.9351654
2020-06-22 15:00:00,293.8711,287.30664,0.11149597,3.2554169
2020-06-22 16:00:00,292.93646,286.26434,0.049194336,3.2408752
2020-06-22 17:00:00,292.33728,285.15576,0.13304138,3.3442993
2020-06-22 18:00:00,291.7525,284.68658,0.25338745,3.3189392
2020-06-22 19:00:00,290.823,285.19464,0.02470398,3.5053406
2020-06-22 20:00:00,290.82523,284.8533,-0.1821289,3.4456177
2020-06-22 21:00:00,290.81897,284.17703,-0.032424927,3.4890747
2020-06-22 22:00:00,289.93518,283.63675,0.26094055,3.658661
2020-06-22 23:00:00,288.8636,283.52164,0.54299927,3.9092255
2020-06-23 00:00:00,289.71082,283.648,0.32914734,3.9397278
2020-06-23 01:00:00,291.7751,285.29495,0.20846558,3.7404938
2020-06-23 02:00:00,293.56433,287.93167,0.059295654,3.0107574
2020-06-23 03:00:00,296.28354,290.2388,0.109436035,1.8897247
2020-06-23 04:00:00,298.53387,288.0307,0.071258545,-0.500412
2020-06-23 05:00:00,298.24542,286.42926,-0.029830933,-1.2009125
2020-06-23 06:00:00,298.68008,286.59875,0.2746277,-1.1361694
2020-06-23 07:00:00,298.03717,286.6126,-0.5076752,0.66960144
2020-06-23 08:00:00,299.22348,286.3952,-0.47836304,1.0662842
2020-06-23 09:00:00,300.14453,286.0511,0.3324585,-0.29452515
2020-06-23 10:00:00,299.26715,285.72168,2.1542664,-1.5869598
2020-06-23 11:00:00,298.13812,286.85016,1.7634277,1.4455872
2020-06-23 12:00:00,297.27826,286.91473,0.24865723,2.5461884
2020-06-23 13:00:00,296.66586,287.7724,-0.28463745,2.2844849
2020-06-23 14:00:00,295.30106,286.5707,-0.16499329,2.7202454
2020-06-23 15:00:00,293.4364,284.40247,0.0791626,3.2000885
2020-06-23 16:00:00,292.316,282.14935,0.38928223,3.4012604
2020-06-23 17:00:00,291.662,279.9137,0.4914856,3.587555
2020-06-23 18:00:00,290.97278,278.48737,0.3882141,3.5689545
2020-06-23 19:00:00,289.92413,279.21774,0.4600525,3.3015137
2020-06-23 20:00:00,288.8717,278.7531,0.4167633,3.2105255
2020-06-23 21:00:00,287.735,278.49176,0.2943573,3.2341614
2020-06-23 22:00:00,287.08136,278.2887,0.24012756,3.27388
2020-06-23 23:00:00,286.9324,278.37665,0.21836853,3.252182
2020-06-24 00:00:00,287.23642,279.17767,0.31059265,3.1139832
2020-06-24 01:00:00,288.52637,282.60883,0.34179688,2.8423767
2020-06-24 02:00:00,291.43637,285.7271,0.31958008,2.109848
2020-06-24 03:00:00,294.32318,287.33545,0.19636536,1.2753448
2020-06-24 04:00:00,296.35623,283.14417,0.25178528,-0.15483093
2020-06-24 05:00:00,296.9972,282.86832,0.31584167,-0.83958435
2020-06-24 06:00:00,297.72723,283.3717,0.7290039,-0.4479828
2020-06-24 07:00:00,298.94287,283.16547,1.715805,-0.68403625
2020-06-24 08:00:00,299.22095,282.0028,1.2318726,-0.5545597
2020-06-24 09:00:00,299.71802,281.5691,1.7224731,-0.45925903
2020-06-24 10:00:00,298.8479,279.7213,1.975647,0.9421234
2020-06-24 11:00:00,298.25192,281.07013,0.92718506,1.4397736
2020-06-24 12:00:00,297.44574,284.79364,0.77046204,1.2167511
2020-06-24 13:00:00,296.08313,286.4615,1.0283508,1.115509
2020-06-24 14:00:00,294.56296,286.58487,0.49736023,1.4172363
2020-06-24 15:00:00,291.84943,283.42755,-0.048431396,2.3901367
2020-06-24 16:00:00,289.96222,282.59418,-0.1566925,2.7706146
2020-06-24 17:00:00,289.0177,282.6162,0.025726318,2.8131714
2020-06-24 18:00:00,288.2185,282.41602,0.24768066,2.909668
2020-06-24 19:00:00,286.92447,281.04382,0.27874756,3.1951294
2020-06-24 20:00:00,286.2502,280.86084,0.20497131,3.2385864
2020-06-24 21:00:00,285.68893,280.59265,0.12574768,3.3848114
2020-06-24 22:00:00,285.37485,280.33832,0.024536133,3.4400177
2020-06-24 23:00:00,285.13007,280.06683,-0.036972046,3.5250397
2020-06-25 00:00:00,285.21024,280.00226,-0.043670654,3.5124054
2020-06-25 01:00:00,287.2016,282.48676,-0.07644653,2.9836884
2020-06-25 02:00:00,291.19986,287.2801,-0.21000671,1.6322479
2020-06-25 03:00:00,296.0055,281.11816,-0.6139221,-0.035186768
2020-06-25 04:00:00,297.19406,281.09888,-0.80999756,-1.1723328
2020-06-25 05:00:00,298.21173,280.88895,-0.81030273,-1.5704498
2020-06-25 06:00:00,299.13354,280.73395,-0.8418579,-1.623291
2020-06-25 07:00:00,299.75916,279.4906,-0.76368713,-1.8218079
2020-06-25 08:00:00,300.13007,279.0091,-0.6057892,-1.5105743
2020-06-25 09:00:00,300.70374,278.68375,-0.5818329,-1.2292938
2020-06-25 10:00:00,300.9451,278.2867,-0.5154724,-0.95991516
2020-06-25 11:00:00,300.92242,278.1665,-0.6386566,-0.61587524
2020-06-25 12:00:00,300.79514,279.87616,-1.0732117,-0.34472656
2020-06-25 13:00:00,298.99445,289.26465,-1.156784,-0.16552734
2020-06-25 14:00:00,297.75024,284.99255,-1.3031158,0.65204144
2020-06-25 15:00:00,294.45285,281.76404,-0.96681213,1.9962425
2020-06-25 16:00:00,291.461,280.75415,-0.0821991,2.8420048
2020-06-25 17:00:00,289.7166,280.4221,0.32922363,3.1282806
2020-06-25 18:00:00,288.65326,280.49487,0.3815918,3.2776794
2020-06-25 19:00:00,290.68164,279.17688,0.46844482,2.602707
2020-06-25 20:00:00,288.74176,278.93945,0.75115967,2.8783875
2020-06-25 21:00:00,287.30643,279.083,0.588974,3.2151184
2020-06-25 22:00:00,286.67322,279.36786,0.40097046,3.3214111
2020-06-25 23:00:00,286.6408,279.27365,0.42236328,3.4370117
2020-06-26 00:00:00,286.89914,279.72998,0.34225464,3.3203888
2020-06-26 01:00:00,288.43564,282.72675,0.15789795,3.1268158
2020-06-26 02:00:00,292.10815,288.023,0.08305359,1.9850769
2020-06-26 03:00:00,297.5041,284.19623,-0.070495605,0.9164734
2020-06-26 04:00:00,298.93332,281.4222,-0.3165741,-0.108078
2020-06-26 05:00:00,299.93298,281.73575,-0.53082275,-0.89030457
2020-06-26 06:00:00,300.39517,281.53302,-0.44082642,-0.14604187
2020-06-26 07:00:00,301.07468,282.68387,1.0213165,-0.68621826
2020-06-26 08:00:00,301.2645,282.8548,0.8533478,-2.2161102
2020-06-26 09:00:00,300.7837,282.39203,1.4878235,-2.4875946
2020-06-26 10:00:00,299.81854,282.0929,2.2409058,0.21331787
2020-06-26 11:00:00,298.2996,284.13037,1.5157776,1.8980865
2020-06-26 12:00:00,297.154,288.1585,-0.6450348,0.6881256
2020-06-26 13:00:00,297.28656,287.34216,-1.3396912,-0.0022735596
2020-06-26 14:00:00,295.314,286.20013,-1.1448517,2.018341
2020-06-26 15:00:00,292.66083,285.5045,-0.17462158,2.7645874
2020-06-26 16:00:00,291.0614,285.2442,-0.15765381,2.8534546
2020-06-26 17:00:00,290.21674,285.21033,-0.15437317,2.9280853
2020-06-26 18:00:00,289.53815,284.86884,-0.15975952,2.984497
2020-06-26 19:00:00,290.29147,283.49637,-0.6115875,2.9208984
2020-06-26 20:00:00,289.24704,282.98035,0.030014038,2.9744568
2020-06-26 21:00:00,288.38672,283.15417,0.74798584,2.894455
2020-06-26 22:00:00,289.26785,282.35178,2.5145874,1.2923889
2020-06-26 23:00:00,288.8681,283.56082,2.0641022,0.8017578
2020-06-27 00:00:00,288.59888,284.28058,-0.5310669,1.4438934
2020-06-27 01:00:00,288.66492,285.38013,-1.1622009,0.41064453
2020-06-27 02:00:00,289.97034,286.66815,-0.2886963,-0.7105713
2020-06-27 03:00:00,290.26453,286.73007,1.3157349,-1.0276642
2020-06-27 04:00:00,290.40442,286.75952,1.2404633,-1.4553528
2020-06-27 05:00:00,290.90015,286.7065,0.8092499,-1.8679657
2020-06-27 06:00:00,290.95343,286.91217,1.0525055,-2.0697174
2020-06-27 07:00:00,289.22736,287.86932,2.5003204,-2.6077118
2020-06-27 08:00:00,288.47314,286.08746,3.275238,-2.268814
2020-06-27 09:00:00,287.61853,286.3485,2.5157318,-2.5915222
2020-06-27 10:00:00,287.12158,285.64456,1.8301239,-2.3192444
2020-06-27 11:00:00,286.24564,285.09467,1.6376953,-2.0091705
2020-06-27 12:00:00,285.7967,284.11526,0.5507355,-1.1449585
2020-06-27 13:00:00,285.90082,283.67615,-0.24119568,-0.8004761
2020-06-27 14:00:00,286.03235,283.52817,-1.2800293,-0.38739014
2020-06-27 15:00:00,285.60583,283.7992,-1.5192871,-0.62306213
2020-06-27 16:00:00,285.2323,283.3116,-1.7572174,-0.34555054
2020-06-27 17:00:00,284.52008,282.64886,-1.3353577,0.2832489
2020-06-27 18:00:00,284.37076,282.10437,-1.2217102,0.90786743
2020-06-27 19:00:00,284.23715,281.976,-1.0831146,0.55604553
2020-06-27 20:00:00,283.34088,281.37274,-1.1716766,0.9039459
2020-06-27 21:00:00,282.92554,280.8461,-1.5526123,0.5157013
2020-06-27 22:00:00,282.844,280.7614,-1.6207275,0.0046081543
2020-06-27 23:00:00,282.29272,279.97986,-1.5862122,0.14323425
2020-06-28 00:00:00,282.12473,279.21915,-1.4627686,0.31489563
2020-06-28 01:00:00,283.25342,280.54797,-1.1312103,0.19047546
2020-06-28 02:00:00,285.45288,280.11243,-0.7472687,-0.29229736
2020-06-28 03:00:00,286.2634,279.65955,-0.62371826,-0.8626251
2020-06-28 04:00:00,286.68964,279.6319,-0.48477173,-1.3796692
2020-06-28 05:00:00,287.40283,279.5146,-0.92222595,-1.8547516
2020-06-28 06:00:00,287.82907,279.57538,-1.1812592,-1.7916718
2020-06-28 07:00:00,288.9617,280.00653,-0.96640015,-1.6972351
2020-06-28 08:00:00,289.43326,279.75003,-0.48439026,-1.5639038
2020-06-28 09:00:00,289.89148,279.14832,0.34423828,-2.1906586
2020-06-28 10:00:00,288.99078,278.58408,0.8836212,-2.0818176
2020-06-28 11:00:00,287.5643,279.4006,1.0242767,-0.81365967
2020-06-28 12:00:00,286.27744,281.65082,1.2636871,-0.36114502
2020-06-28 13:00:00,285.2555,280.99274,0.60289,-0.43753052
2020-06-28 14:00:00,284.60022,281.65814,-1.1249542,1.3424835
2020-06-28 15:00:00,283.77417,281.1718,-1.6345825,2.3299713
2020-06-28 16:00:00,282.2787,279.6257,-1.1558533,2.5839844
2020-06-28 17:00:00,281.99152,278.98843,-0.954895,2.7977905
2020-06-28 18:00:00,281.70068,278.40784,-0.7395325,2.979477
2020-06-28 19:00:00,280.74854,278.11603,-0.44023132,3.026825
2020-06-28 20:00:00,280.28473,277.70752,-0.38327026,3.1338959
2020-06-28 21:00:00,279.73224,276.976,-0.37564087,3.2978058
2020-06-28 22:00:00,279.1866,276.21448,-0.39588928,3.458603
2020-06-28 23:00:00,279.04996,275.6198,-0.3421173,3.5344696
2020-06-29 00:00:00,278.92368,275.18796,-0.20884705,3.6006622
2020-06-29 01:00:00,280.86627,277.26633,-0.09812927,3.128333
2020-06-29 02:00:00,285.0016,281.57928,-0.18075562,2.0428162
2020-06-29 03:00:00,288.47995,275.77014,-0.73565674,0.5757704
2020-06-29 04:00:00,290.2409,277.1637,-0.85769653,-0.3281498
2020-06-29 05:00:00,291.9126,278.1396,-0.7805176,-0.68957996
2020-06-29 06:00:00,293.17374,278.54163,-0.57025146,-0.8248911
2020-06-29 07:00:00,294.2035,279.4336,-1.0057068,-1.0912199
2020-06-29 08:00:00,294.9323,279.65002,-0.838562,-0.5822735
2020-06-29 09:00:00,295.62222,279.9902,-0.684494,-0.32788372
2020-06-29 10:00:00,296.08423,280.3341,-0.6852417,-0.27450085
2020-06-29 11:00:00,296.27222,280.6123,-0.8674927,-0.2733307
2020-06-29 12:00:00,296.11136,281.15857,-0.7949524,-0.18488693
2020-06-29 13:00:00,295.4779,282.60907,-0.49790955,-0.048469543
2020-06-29 14:00:00,294.84753,281.34863,-0.6575012,-0.43114376
2020-06-29 15:00:00,294.1707,278.6112,-0.6283722,0.09092045
2020-06-29 16:00:00,293.3965,277.4515,-0.54100037,0.99364567
2020-06-29 17:00:00,288.7201,277.6255,-0.337265,2.058237
2020-06-29 18:00:00,285.65393,277.35858,0.026641846,2.7904272
2020-06-29 19:00:00,284.30945,277.84857,0.19500732,3.2588768
2020-06-29 20:00:00,283.85004,277.67657,0.25837708,3.3439903
2020-06-29 21:00:00,283.6917,277.45233,0.2929077,3.4045706
2020-06-29 22:00:00,283.618,276.9569,0.241745,3.4692383
2020-06-29 23:00:00,283.63458,276.41144,0.2315216,3.5674715
2020-06-30 00:00:00,283.84265,276.14172,0.25346375,3.5800571
2020-06-30 01:00:00,285.43787,279.07788,0.2940979,3.2456026
2020-06-30 02:00:00,289.18958,284.14423,0.2985382,2.1808758
2020-06-30 03:00:00,293.6325,280.64212,0.26417542,0.36941338
2020-06-30 04:00:00,295.37115,281.0644,0.4013214,-0.40044403
2020-06-30 05:00:00,296.68152,282.09412,0.5618439,-0.7566681
2020-06-30 06:00:00,297.81232,282.5033,0.8248596,-1.012207
2020-06-30 07:00:00,298.23734,283.70514,0.7553711,-1.2798309
2020-06-30 08:00:00,298.60022,283.9027,1.1644745,-0.97810364
2020-06-30 09:00:00,299.0771,283.83673,1.7477417,-0.57644653
2020-06-30 10:00:00,299.0258,284.44052,2.2450714,0.28941345
2020-06-30 11:00:00,298.7171,285.5483,2.5967407,0.98739624
2020-06-30 12:00:00,297.8341,287.44238,1.8262024,1.5580902
2020-06-30 13:00:00,296.48645,288.60126,0.7859497,2.009842
2020-06-30 14:00:00,293.69635,288.0822,0.62760925,2.8014984
2020-06-30 15:00:00,291.44427,286.78955,0.6698456,3.222046
2020-06-30 16:00:00,290.98776,285.02286,0.5979004,3.178299
2020-06-30 17:00:00,289.932,283.8681,0.31503296,3.1947632
2020-06-30 18:00:00,288.36197,283.3011,0.17524719,3.303238
2020-06-30 19:00:00,287.55078,283.1317,0.20857239,3.3928833
2020-06-30 20:00:00,287.12524,282.42828,0.19075012,3.4154816
2020-06-30 21:00:00,287.10706,282.08017,0.29603577,3.366928
2020-06-30 22:00:00,286.9239,282.18243,0.28442383,3.390747
2020-06-30 23:00:00,287.15442,282.22037,0.14466858,3.3348389
2020-07-01 00:00:00,287.34665,282.57397,0.08711243,3.1679077
2020-07-01 01:00:00,287.88165,284.82617,0.31163025,2.844101
2020-07-01 02:00:00,290.08432,287.85773,0.13044739,1.9372559
2020-07-01 03:00:00,292.80527,288.20312,-0.010681152,0.5977478
2020-07-01 04:00:00,294.0084,285.05566,-0.16477966,-0.59277344
2020-07-01 05:00:00,294.2857,285.34515,-0.4977417,-0.80178833
2020-07-01 06:00:00,294.9603,285.5852,-0.8122101,-0.6993408
2020-07-01 07:00:00,296.14078,283.7921,-0.7333069,0.12918091
2020-07-01 08:00:00,296.77673,284.42798,-0.84872437,0.759079
2020-07-01 09:00:00,297.809,284.48022,-0.9898529,0.28523254
2020-07-01 10:00:00,297.91263,284.64502,-0.9122772,0.10458374
2020-07-01 11:00:00,297.77988,285.2683,-0.51750183,0.35913086
2020-07-01 12:00:00,297.60425,285.83133,0.26937866,0.64038086
2020-07-01 13:00:00,296.6459,287.79315,0.53318787,1.1745758
2020-07-01 14:00:00,294.8545,287.89935,0.5730133,1.8302612
2020-07-01 15:00:00,292.47397,286.62103,0.6127014,2.4549103
2020-07-01 16:00:00,290.3723,285.5715,0.40678406,2.8653107
2020-07-01 17:00:00,288.816,284.8909,0.24142456,3.1403198
2020-07-01 18:00:00,288.47357,284.52332,0.23939514,3.143341
2020-07-01 19:00:00,288.219,283.44366,0.22756958,3.3102722
2020-07-01 20:00:00,287.54242,283.21683,0.07128906,3.4341888
2020-07-01 21:00:00,287.23175,282.9624,0.05796814,3.495407
2020-07-01 22:00:00,286.97046,282.57053,0.0758667,3.538269
2020-07-01 23:00:00,286.5302,282.08386,0.12382507,3.5943756
2020-07-02 00:00:00,286.45642,281.7481,0.17729187,3.6247406
2020-07-02 01:00:00,288.05182,283.74377,0.17660522,3.246048
2020-07-02 02:00:00,291.8592,288.37204,0.012573242,2.155426
2020-07-02 03:00:00,296.57196,286.60895,-0.51156616,0.61717224
2020-07-02 04:00:00,298.3025,283.9744,-0.9040375,0.02961731
2020-07-02 05:00:00,299.12195,283.4484,-0.6255951,-0.48516846
2020-07-02 06:00:00,299.76443,283.24258,-0.52015686,-0.12054443
2020-07-02 07:00:00,300.37076,284.62045,0.13220215,-0.32951355
2020-07-02 08:00:00,300.33655,284.9359,0.08773804,-1.4414368
2020-07-02 09:00:00,300.3866,284.85678,0.511261,-2.126073
2020-07-02 10:00:00,298.93018,285.25458,1.9715271,-1.3152905
2020-07-02 11:00:00,297.96704,285.68567,1.5491028,1.5558033
2020-07-02 12:00:00,296.49725,287.4892,1.7306213,1.7952261
2020-07-02 13:00:00,294.7237,287.4803,1.97229,1.8927689
2020-07-02 14:00:00,293.52173,287.50458,1.5745544,1.1410742
2020-07-02 15:00:00,291.96875,285.8266,2.0520782,-1.1678762
2020-07-02 16:00:00,290.44812,284.8466,1.7501068,-1.2981367
2020-07-02 17:00:00,289.48492,284.16287,2.0550537,-1.3142996
2020-07-02 18:00:00,288.45306,284.72296,1.2987518,-0.74554443
2020-07-02 19:00:00,287.87766,283.29843,0.8594971,-1.3351774
2020-07-02 20:00:00,287.58615,283.58698,0.92822266,-0.98505116
2020-07-02 21:00:00,286.96906,283.44757,0.64871216,-1.0777187
2020-07-02 22:00:00,286.92914,283.20178,0.05116272,-1.0263329
2020-07-02 23:00:00,286.10773,282.94522,-0.5275879,-0.9119415
2020-07-03 00:00:00,285.36356,282.8896,-0.7884064,-0.77120495
2020-07-03 01:00:00,285.05707,283.2241,-0.8886566,-0.63363934
2020-07-03 02:00:00,287.23212,283.80273,-0.9082947,-1.2502108
2020-07-03 03:00:00,288.44217,283.93854,-0.59750366,-1.7142649
2020-07-03 04:00:00,289.91486,283.66516,-0.12109375,-1.962987
2020-07-03 05:00:00,290.91107,283.60492,0.107040405,-2.2154245
2020-07-03 06:00:00,291.90674,283.89703,0.35061646,-2.1537113
2020-07-03 07:00:00,292.94104,284.77454,0.45300293,-2.2099466
2020-07-03 08:00:00,293.5594,285.19275,0.42178345,-1.7674551
2020-07-03 09:00:00,294.06256,285.22318,0.38952637,-1.7505741
2020-07-03 10:00:00,294.00165,284.6424,0.22349548,-1.3165007
2020-07-03 11:00:00,294.33203,284.80768,0.10002136,-0.60656166
2020-07-03 12:00:00,293.9038,284.31598,-0.040405273,-0.17281532
2020-07-03 13:00:00,293.58548,284.6372,-0.41610718,-0.35212708
2020-07-03 14:00:00,292.68536,287.08484,-0.9779968,0.118453026
2020-07-03 15:00:00,291.75073,284.97644,-0.8069458,0.573081
2020-07-03 16:00:00,288.73248,284.2964,-0.4824524,1.8348398
2020-07-03 17:00:00,287.70587,283.53906,-0.059295654,2.0032368
2020-07-03 18:00:00,289.3827,282.9541,-0.022827148,1.5485954
2020-07-03 19:00:00,291.24667,282.75653,-0.08448982,0.7672806
2020-07-03 20:00:00,290.89105,282.702,0.06713867,0.3399334
2020-07-03 21:00:00,290.38956,282.61902,0.5005274,0.3335228
2020-07-03 22:00:00,289.92853,282.53766,0.77887344,0.10616684
2020-07-03 23:00:00,289.30316,282.3713,0.8094702,0.13830376
2020-07-04 00:00:00,288.734,282.21738,0.95718,0.13014793
2020-07-04 01:00:00,288.21298,282.6261,0.9242878,-0.5283203
2020-07-04 02:00:00,289.38013,283.33038,0.7101536,-1.265069
2020-07-04 03:00:00,290.43896,283.0551,0.9868994,-1.8985586
2020-07-04 04:00:00,291.2473,283.23926,1.0741949,-2.2756834
2020-07-04 05:00:00,291.7201,283.31525,1.2199707,-2.438486
2020-07-04 06:00:00,292.28558,283.4911,1.616394,-2.1529217
2020-07-04 07:00:00,293.11322,284.26743,1.2404938,-2.2992039
2020-07-04 08:00:00,293.18622,284.05493,2.077835,-1.9668589
2020-07-04 09:00:00,293.4685,284.17325,2.1007538,-1.4842091
2020-07-04 10:00:00,293.90588,283.31805,1.8307343,-1.3749113
2020-07-04 11:00:00,294.01093,282.57184,1.3477783,-0.9891987
2020-07-04 12:00:00,293.55786,282.10602,0.5649872,0.1486187
2020-07-04 13:00:00,293.14047,283.38086,-0.18313599,1.700058
2020-07-04 14:00:00,291.87292,284.01828,-0.22015381,2.065628
2020-07-04 15:00:00,289.72577,283.90317,-0.1620636,2.4097748
2020-07-04 16:00:00,287.45633,283.82678,-0.07470703,2.6838531
2020-07-04 17:00:00,286.5174,283.37994,-0.017654419,2.6832733
2020-07-04 18:00:00,285.7811,282.6147,-0.04307556,2.79068
2020-07-04 19:00:00,285.08228,282.3518,0.084228516,2.8966827
2020-07-04 20:00:00,284.75873,281.8487,0.042556763,2.819748
2020-07-04 21:00:00,284.6299,281.32126,0.0024414062,2.7328796
2020-07-04 22:00:00,284.25726,280.8022,-0.012634277,2.7862701
2020-07-04 23:00:00,283.77893,280.3836,0.05130005,2.824646
2020-07-05 00:00:00,283.7425,280.30652,0.07858276,2.7846832
2020-07-05 01:00:00,285.14975,282.21207,0.11653137,2.2694397
2020-07-05 02:00:00,289.65887,285.33798,0.08552551,0.37709045
2020-07-05 03:00:00,292.41238,281.96518,0.20762634,-0.7280426
2020-07-05 04:00:00,293.28058,281.94928,0.23480225,-1.4239807
2020-07-05 05:00:00,293.8664,281.99188,0.29371643,-1.857193
2020-07-05 06:00:00,294.15845,281.98914,0.7151642,-1.7337494
2020-07-05 07:00:00,295.29788,283.93134,0.65867615,-1.1737671
2020-07-05 08:00:00,294.7707,283.82788,0.9797363,0.11526489
2020-07-05 09:00:00,294.56128,283.87424,0.5547943,-0.2855072
2020-07-05 10:00:00,294.3256,283.1643,-0.3308258,-0.075683594
2020-07-05 11:00:00,293.86865,283.4955,-0.28556824,0.13674927
2020-07-05 12:00:00,293.3844,283.54233,0.092559814,0.9294586
2020-07-05 13:00:00,292.2623,283.68643,0.58477783,0.97161865
2020-07-05 14:00:00,291.205,286.12366,0.46861267,0.80430603
2020-07-05 15:00:00,290.32257,284.57227,0.30619812,0.6613922
2020-07-05 16:00:00,289.36328,284.92334,0.11859131,0.72232056
2020-07-05 17:00:00,288.8233,284.96555,0.30412292,0.10916138
2020-07-05 18:00:00,287.9388,284.92773,-0.41767883,0.68865967
2020-07-05 19:00:00,285.5407,284.09357,-1.2675323,1.0600281
2020-07-05 20:00:00,284.8415,283.48468,-1.713501,1.1985779
2020-07-05 21:00:00,284.3305,282.80328,-1.2237549,1.5126343
2020-07-05 22:00:00,284.43683,282.38428,-0.6937256,1.60643
2020-07-05 23:00:00,284.67166,281.93616,-0.004135132,1.7014313
2020-07-06 00:00:00,283.07074,281.17426,0.38279724,2.2370605
2020-07-06 01:00:00,284.25232,283.0648,0.20669556,1.8421631
2020-07-06 02:00:00,288.27448,284.8692,0.0116119385,0.7853699
2020-07-06 03:00:00,289.62732,284.72137,-0.07106018,-0.2635498
2020-07-06 04:00:00,291.07227,285.26056,0.13938904,-1.163971
2020-07-06 05:00:00,292.0932,285.3671,0.22094727,-1.4092407
2020-07-06 06:00:00,293.19806,285.65,-0.22698975,-1.2022705
2020-07-06 07:00:00,292.2064,285.4567,-0.62690735,-1.1093903
2020-07-06 08:00:00,293.17493,285.42935,-0.5048981,-0.55192566
2020-07-06 09:00:00,294.13748,285.25232,0.38658142,-0.26730347
2020-07-06 10:00:00,294.55176,284.48944,0.45503235,0.4197998
2020-07-06 11:00:00,294.89532,283.765,0.7680054,0.50497437
2020-07-06 12:00:00,294.5595,283.01056,0.63475037,-0.88349915
2020-07-06 13:00:00,294.05707,283.18176,0.0544281,-1.1507874
2020-07-06 14:00:00,293.80115,281.3471,-0.18406677,0.61317444
2020-07-06 15:00:00,292.78473,281.81335,-0.7194214,0.6233978
2020-07-06 16:00:00,289.76282,282.4718,-1.1936493,1.2282715
2020-07-06 17:00:00,287.54187,282.13782,-0.9410858,2.0135956
2020-07-06 18:00:00,286.18842,281.79785,-0.55506706,2.415802
2020-07-06 19:00:00,284.69693,281.89993,-0.16427612,2.9590912
2020-07-06 20:00:00,284.56763,281.529,-0.12147236,3.0274963
2020-07-06 21:00:00,284.47467,281.11664,-3.4332275e-05,3.0995026
2020-07-06 22:00:00,284.2962,280.66736,0.14123535,3.1966705
2020-07-06 23:00:00,283.95285,280.1393,0.21646118,3.2709198
2020-07-07 00:00:00,283.88025,279.79907,0.13368225,3.3664703
2020-07-07 01:00:00,285.5896,281.9065,0.03215027,2.927658
2020-07-07 02:00:00,289.6861,287.11432,-0.1182251,1.4364471
2020-07-07 03:00:00,294.36383,281.82162,-0.52153015,-0.6391754
2020-07-07 04:00:00,295.4023,282.59747,-0.31887817,-1.5325317
2020-07-07 05:00:00,296.42804,282.99622,-0.3518219,-1.7934723
2020-07-07 06:00:00,297.47528,283.13623,-0.32293224,-1.7140808
2020-07-07 07:00:00,298.3436,283.71716,-0.41056824,-1.647152
2020-07-07 08:00:00,298.81012,283.49854,-0.3733511,-1.3986902
2020-07-07 09:00:00,299.21393,283.2359,-0.22602177,-1.2847452
2020-07-07 10:00:00,299.6925,283.03473,-0.17644405,-0.9253788
2020-07-07 11:00:00,299.8888,282.66327,0.06993389,-0.7992172
2020-07-07 12:00:00,299.24646,282.48157,0.11837292,0.2634945
2020-07-07 13:00:00,298.607,286.20212,-0.24652863,0.9842901
2020-07-07 14:00:00,296.60065,287.77496,-0.15653133,1.2715759
2020-07-07 15:00:00,293.0199,285.20117,0.4873867,2.4576187
2020-07-07 16:00:00,290.60916,284.44244,0.6410055,2.8994904
2020-07-07 17:00:00,289.20972,283.93378,0.49579716,2.9968586
2020-07-07 18:00:00,288.21954,283.42444,0.36422157,3.0707302
2020-07-07 19:00:00,287.80005,282.7746,0.24196148,3.1640968
2020-07-07 20:00:00,287.14886,282.3639,0.31045532,3.126009
2020-07-07 21:00:00,286.7587,281.90646,0.30851173,3.1451817
2020-07-07 22:00:00,286.41846,281.47906,0.32123947,3.1640987
2020-07-07 23:00:00,286.15808,281.04544,0.32391167,3.1865377
2020-07-08 00:00:00,285.9525,280.76868,0.2875824,3.2237854
2020-07-08 01:00:00,287.43658,282.90338,0.19932556,2.7782745
2020-07-08 02:00:00,291.88757,288.2704,0.05307007,1.3736725
2020-07-08 03:00:00,296.3198,284.0525,-0.116241455,-0.59114075
2020-07-08 04:00:00,297.37042,285.16028,-0.118118286,-1.2117662
2020-07-08 05:00:00,298.50818,285.56348,-0.15293884,-1.3919811
2020-07-08 06:00:00,299.68243,285.52625,-0.10887146,-1.6965609
2020-07-08 07:00:00,300.83203,286.24805,-0.087646484,-1.6999054
2020-07-08 08:00:00,301.17352,286.04227,-0.03501892,-1.7487984
2020-07-08 09:00:00,301.49976,285.4747,0.41133118,1.2241821
2020-07-08 10:00:00,301.52765,285.94623,0.16073608,1.0335083
2020-07-08 11:00:00,300.7843,287.13324,0.21737671,2.2390747
2020-07-08 12:00:00,299.58276,288.85284,0.51885986,2.3010864
2020-07-08 13:00:00,297.63382,289.3797,0.09867859,2.8876038
2020-07-08 14:00:00,295.92444,289.3609,-0.13383484,2.9858093
2020-07-08 15:00:00,294.62845,289.02667,-0.09080505,3.1234436
2020-07-08 16:00:00,293.6223,288.418,0.15821838,2.9961348
2020-07-08 17:00:00,292.10498,287.85654,0.30236816,2.9007807
2020-07-08 18:00:00,291.87695,287.14517,0.44192505,2.6013985
2020-07-08 19:00:00,291.26083,286.26447,0.344635,2.8922272
2020-07-08 20:00:00,290.76205,285.97888,0.36895752,2.8201752
2020-07-08 21:00:00,290.35388,285.75696,0.3499298,2.9679852
2020-07-08 22:00:00,290.07275,285.6786,0.20169067,3.024084
2020-07-08 23:00:00,289.73148,285.49823,0.13996887,3.1253815
2020-07-09 00:00:00,289.73077,285.39246,0.10739136,3.107771
2020-07-09 01:00:00,290.69012,286.70798,0.17723083,2.7963676
2020-07-09 02:00:00,292.58023,288.4649,0.14974976,2.3703842
2020-07-09 03:00:00,295.4526,290.40164,0.13528442,1.1724939
2020-07-09 04:00:00,298.34094,286.11957,-0.09631348,-0.04593277
2020-07-09 05:00:00,299.0786,286.11346,-0.33337402,-0.68132114
2020-07-09 06:00:00,299.66016,286.14722,-0.65722656,-1.0958405
2020-07-09 07:00:00,300.76218,283.34552,-0.27404785,-1.1358509
2020-07-09 08:00:00,301.2132,283.03925,-0.20637512,-0.50804615
2020-07-09 09:00:00,301.10974,282.44183,-0.05984497,0.5558233
2020-07-09 10:00:00,300.9632,282.9537,-0.002380371,1.286828
2020-07-09 11:00:00,300.5266,284.77142,0.18869019,1.4003124
2020-07-09 12:00:00,299.75958,285.80252,-0.36953735,-1.9584808
2020-07-09 13:00:00,297.22403,285.9378,-1.7733002,-1.6154938
2020-07-09 14:00:00,295.6435,286.4697,-1.4041901,1.4237518
2020-07-09 15:00:00,293.57507,286.22424,-0.06387329,2.0503693
2020-07-09 16:00:00,292.10028,285.32483,0.3354187,2.3916168
2020-07-09 17:00:00,291.07117,284.65317,0.27908325,2.5347443
2020-07-09 18:00:00,290.23547,284.22845,0.18559265,2.7394867
2020-07-09 19:00:00,289.59766,283.45264,0.15098572,2.8991394
2020-07-09 20:00:00,288.80774,283.3329,0.19851685,3.0160522
2020-07-09 21:00:00,288.31378,283.16586,0.2566681,3.0966187
2020-07-09 22:00:00,287.97278,282.96747,0.24429321,3.1630402
2020-07-09 23:00:00,287.62012,282.71555,0.16482544,3.331277
2020-07-10 00:00:00,287.4912,282.58746,0.09654236,3.4141912
2020-07-10 01:00:00,288.98157,284.5713,0.050994873,2.925233
2020-07-10 02:00:00,292.30316,288.96924,-0.1129303,1.552969
2020-07-10 03:00:00,296.6631,283.912,-0.68208313,0.24624443
2020-07-10 04:00:00,297.4239,283.72888,-1.1921387,0.12784481
2020-07-10 05:00:00,298.11823,284.22235,-0.93315125,-0.6970835
2020-07-10 06:00:00,298.64478,284.4975,-0.7070923,-1.6179495
2020-07-10 07:00:00,295.56097,286.43842,1.8342743,0.24381256
2020-07-10 08:00:00,296.3871,285.84976,1.4660797,0.55358124
2020-07-10 09:00:00,296.79984,285.24133,0.9514313,-1.0905666
2020-07-10 10:00:00,296.3402,285.2567,-0.41319275,-1.1625099
2020-07-10 11:00:00,296.46625,285.3991,-0.10180664,-0.43548012
2020-07-10 12:00:00,296.4176,285.15802,0.49111938,0.40107918
2020-07-10 13:00:00,295.4646,288.35614,-0.3443451,-0.87131023
2020-07-10 14:00:00,294.65985,287.83453,-0.6646271,-0.8455305
2020-07-10 15:00:00,295.33655,284.88013,-0.5638733,-0.3229189
2020-07-10 16:00:00,294.52634,284.96307,-0.6596527,0.6809864
2020-07-10 17:00:00,293.67242,284.8241,-0.22740173,1.2623711
2020-07-10 18:00:00,293.0265,284.71338,0.05670166,1.3638878
2020-07-10 19:00:00,291.85266,284.20435,-0.5554657,1.4022198
2020-07-10 20:00:00,289.37793,283.79675,-0.6572571,2.0823145
2020-07-10 21:00:00,288.8978,283.42133,-0.5498657,2.0809517
2020-07-10 22:00:00,288.77408,282.95413,-0.4895172,2.1534462
2020-07-10 23:00:00,287.91202,282.64703,-0.19914246,2.5095558
2020-07-11 00:00:00,287.1208,282.3609,-0.06845093,2.7787752
2020-07-11 01:00:00,288.33978,284.70837,-0.022750854,2.5768251
2020-07-11 02:00:00,291.6703,288.30713,-0.05757141,1.4247847
2020-07-11 03:00:00,295.3432,284.48688,-0.5953064,0.04416275
2020-07-11 04:00:00,296.49054,283.5461,-1.0661774,-0.50040054
2020-07-11 05:00:00,297.0556,283.4319,-0.9510956,-0.6486645
2020-07-11 06:00:00,297.88446,283.96167,-0.87535095,-0.82641697
2020-07-11 07:00:00,298.37317,283.98822,-0.7601166,-1.2621288
2020-07-11 08:00:00,298.67026,283.9765,-0.8234558,-0.3857622
2020-07-11 09:00:00,298.99017,283.8989,-0.387146,-0.20458889
2020-07-11 10:00:00,299.05792,283.69684,0.2237091,0.33839703
2020-07-11 11:00:00,298.8693,284.7378,0.5014496,0.6587715
2020-07-11 12:00:00,298.75684,285.1933,0.18405151,0.6918297
2020-07-11 13:00:00,297.1517,288.4642,-0.5322113,1.3337917
2020-07-11 14:00:00,295.35495,287.2564,-1.1633301,1.4684467
2020-07-11 15:00:00,293.10422,284.9045,-1.115921,2.2483768
2020-07-11 16:00:00,291.95557,283.82373,-0.56004333,2.6526203
2020-07-11 17:00:00,290.19553,283.56815,-0.26974487,2.9665604
2020-07-11 18:00:00,288.95862,283.58325,-0.23191833,3.0928926
2020-07-11 19:00:00,288.3461,281.8695,0.06037903,3.3113365
2020-07-11 20:00:00,287.9168,281.6333,0.14276123,3.2938452
2020-07-11 21:00:00,287.5891,281.28073,0.18717957,3.325264
2020-07-11 22:00:00,287.2431,280.81903,0.23123169,3.3651733
2020-07-11 23:00:00,286.9978,280.40454,0.22924805,3.370346
2020-07-12 00:00:00,286.88803,280.22516,0.20986938,3.3467712
2020-07-12 01:00:00,288.23383,282.69916,0.1763916,2.9115448
2020-07-12 02:00:00,291.75195,287.56262,0.18911743,1.6070557
2020-07-12 03:00:00,296.6209,282.83218,0.21084595,0.00819397
2020-07-12 04:00:00,297.61346,281.49945,0.010543823,-0.9088898
2020-07-12 05:00:00,298.18607,282.03015,0.08552551,-0.9407501
2020-07-12 06:00:00,298.8852,282.55963,0.09933472,-0.9874878
2020-07-12 07:00:00,299.03497,283.13135,-0.42803955,-1.4288006
2020-07-12 08:00:00,299.08844,283.22107,-0.39518738,-1.2718525
2020-07-12 09:00:00,299.27533,283.45032,-0.44499207,-1.3539944
2020-07-12 10:00:00,299.03107,283.6054,-0.61761475,-1.1201553
2020-07-12 11:00:00,298.71606,283.55328,-0.82102966,-0.2668972
2020-07-12 12:00:00,298.44702,283.9812,-0.6700287,0.3660183
2020-07-12 13:00:00,297.56586,286.65576,-0.63475037,0.9848633
2020-07-12 14:00:00,295.42294,287.53223,-0.61634827,1.547287
2020-07-12 15:00:00,292.45068,285.4566,-0.3709259,2.4420624
2020-07-12 16:00:00,290.62222,285.09576,-0.17182922,2.647873
2020-07-12 17:00:00,289.5929,284.65997,-0.23461914,2.620041
2020-07-12 18:00:00,288.56564,284.1648,-0.26628113,2.6709595
2020-07-12 19:00:00,290.38275,284.22394,-0.85087585,1.7955017
2020-07-12 20:00:00,289.03046,283.78088,-0.6462097,2.113968
2020-07-12 21:00:00,287.67136,283.4458,-0.4286499,2.4066315
2020-07-12 22:00:00,286.40002,283.0637,-0.22302246,2.6326904
2020-07-12 23:00:00,285.41342,282.78088,-0.10171509,2.754776
2020-07-13 00:00:00,284.88696,282.67184,-0.11604309,2.8383331
2020-07-13 01:00:00,286.35727,284.18613,-0.14016724,2.4528809
2020-07-13 02:00:00,291.26263,288.30133,-0.2565155,0.91793823
2020-07-13 03:00:00,295.05298,284.43143,-1.00914,-0.4400177
2020-07-13 04:00:00,296.14752,284.32666,-1.1858368,-1.1831512
2020-07-13 05:00:00,297.139,284.21674,-0.87864685,-1.4875183
2020-07-13 06:00:00,298.04065,284.0375,-0.65005493,-1.6008606
2020-07-13 07:00:00,298.9325,284.62326,-0.9234314,-1.8132172
2020-07-13 08:00:00,299.44922,284.53915,-0.68969727,-1.0319672
2020-07-13 09:00:00,299.7046,284.27567,-0.81204224,-0.30529785
2020-07-13 10:00:00,299.94067,284.45367,-0.73495483,0.6091156
2020-07-13 11:00:00,300.15906,284.66187,-0.47155762,0.21591187
2020-07-13 12:00:00,299.6838,284.99402,-0.5738373,0.51568604
2020-07-13 13:00:00,298.62,290.35565,-0.40148926,0.86479187
2020-07-13 14:00:00,296.70074,288.46002,-0.13856506,1.6309357
2020-07-13 15:00:00,293.862,286.65594,0.10273743,2.6735992
2020-07-13 16:00:00,291.93066,286.7773,0.025863647,2.83432
2020-07-13 17:00:00,291.01227,286.48578,-0.018798828,2.9230194
2020-07-13 18:00:00,290.26868,286.224,0.03704834,2.9170837
2020-07-13 19:00:00,289.83704,285.32068,0.24746704,3.0250244
2020-07-13 20:00:00,288.9932,285.33093,0.29057312,3.0010376
2020-07-13 21:00:00,288.46835,285.21005,0.28929138,3.0063782
2020-07-13 22:00:00,288.20938,285.159,0.25294495,3.0223236
2020-07-13 23:00:00,288.13882,285.118,0.15327454,3.047882
2020-07-14 00:00:00,287.9965,285.0438,0.12409973,3.0531006
2020-07-14 01:00:00,289.13013,286.047,0.13807678,2.6555786
2020-07-14 02:00:00,292.54727,289.48254,0.08345032,1.3508911
2020-07-14 03:00:00,296.55804,286.54553,-0.2399292,-0.24977112
2020-07-14 04:00:00,297.8501,286.05606,-0.6876221,-1.2507019
2020-07-14 05:00:00,298.63083,285.49893,-0.77874756,-1.5802002
2020-07-14 06:00:00,299.31528,285.25415,-0.5122223,-0.66296387
2020-07-14 07:00:00,299.56174,285.967,-0.24334717,0.090270996
2020-07-14 08:00:00,299.8622,285.31677,-0.10359192,-0.24234009
2020-07-14 09:00:00,299.92065,285.83408,0.09161377,1.1942596
2020-07-14 10:00:00,299.91644,286.73672,0.30677795,1.4022064
2020-07-14 11:00:00,299.8648,286.92413,0.3039856,1.6755219
2020-07-14 12:00:00,299.5954,287.563,0.299469,1.530304
2020-07-14 13:00:00,298.3191,289.5531,0.057250977,1.5584106
2020-07-14 14:00:00,296.10352,289.51904,-0.0864563,2.072937
2020-07-14 15:00:00,293.73697,288.98462,-0.16061401,2.4617767
2020-07-14 16:00:00,292.87906,287.8957,-0.38565063,2.3038177
2020-07-14 17:00:00,291.69858,286.8366,-0.43922424,2.2305908
2020-07-14 18:00:00,291.47626,286.10977,-0.45843506,2.042862
2020-07-14 19:00:00,291.71362,283.95227,-1.1927643,1.5953064
2020-07-14 20:00:00,290.7459,283.55615,-0.8226471,1.8911285
2020-07-14 21:00:00,289.19592,283.26984,-0.4957428,2.2597504
2020-07-14 22:00:00,288.0951,283.2443,-0.28829956,2.488183
2020-07-14 23:00:00,287.2165,283.16064,-0.17773438,2.6316414
2020-07-15 00:00:00,286.5519,282.98013,-0.13494873,2.7205353
2020-07-15 01:00:00,287.64862,284.4323,-0.020095825,2.3839722
2020-07-15 02:00:00,292.7363,288.02246,-0.105270386,1.0702362
2020-07-15 03:00:00,296.28055,283.8954,-0.6037445,-0.5329437
2020-07-15 04:00:00,297.4699,283.5479,-0.6236267,-1.3085175
2020-07-15 05:00:00,298.4836,283.2351,-0.33229065,-1.5532684
2020-07-15 06:00:00,299.31128,283.24957,-0.20339966,-1.6852722
2020-07-15 07:00:00,299.6692,283.85522,-0.024658203,-1.3567963
2020-07-15 08:00:00,300.38043,283.6568,0.44334412,-0.6233063
2020-07-15 09:00:00,300.71994,283.20264,0.47164917,-0.6207123
2020-07-15 10:00:00,301.08,282.82227,0.49830627,0.25302124
2020-07-15 11:00:00,300.89453,282.53314,-0.32286072,0.80029297
2020-07-15 12:00:00,300.347,283.30505,-0.0977478,1.3623047
2020-07-15 13:00:00,298.93005,287.73645,0.039413452,1.4925385
2020-07-15 14:00:00,296.48315,287.2693,-0.15126038,2.1629333
2020-07-15 15:00:00,293.49823,286.42566,0.11567688,2.7214355
2020-07-15 16:00:00,292.3711,285.05154,-0.025131226,2.7033997
2020-07-15 17:00:00,291.5569,283.81458,-0.21417236,2.7310486
2020-07-15 18:00:00,290.29956,283.2978,0.019454956,2.905426
2020-07-15 19:00:00,291.39752,283.7426,-0.5256653,2.3845367
2020-07-15 20:00:00,289.68494,283.2185,-0.12594604,2.7217407
2020-07-15 21:00:00,288.13666,282.69574,0.1370697,3.0752563
2020-07-15 22:00:00,287.2657,282.3806,0.21226501,3.2503242
2020-07-15 23:00:00,287.2958,282.15436,0.27905273,3.3009949
2020-07-16 00:00:00,287.49503,281.76443,0.29570007,3.2751312
2020-07-16 01:00:00,288.87384,283.4668,0.24613953,2.9220276
2020-07-16 02:00:00,292.32242,288.19995,0.14900208,1.8104963
2020-07-16 03:00:00,297.63,285.12173,0.109695435,-0.055514336
2020-07-16 04:00:00,299.0722,284.60138,-0.20845032,-1.0908194
2020-07-16 05:00:00,300.0509,284.588,-0.40689087,-1.3610811
2020-07-16 06:00:00,300.85095,284.3058,-0.52871704,-1.325347
2020-07-16 07:00:00,300.69684,285.94885,-0.23799133,-0.9993973
2020-07-16 08:00:00,301.33484,285.4829,-0.014007568,-0.094156265
2020-07-16 09:00:00,301.54407,285.52704,0.2687378,0.4144163
2020-07-16 10:00:00,301.33405,285.98715,-0.34588623,0.8119793
2020-07-16 11:00:00,300.9892,286.4494,-0.7694092,1.1996698
2020-07-16 12:00:00,299.9898,287.59985,-0.73487854,1.6010742
2020-07-16 13:00:00,298.8592,289.20477,-0.5922241,1.1784735
2020-07-16 14:00:00,297.22122,290.42993,-1.336731,0.6344757
2020-07-16 15:00:00,294.7807,287.62024,-2.0582886,1.2535248
2020-07-16 16:00:00,293.08096,286.39764,-1.0685425,2.7403107
2020-07-16 17:00:00,291.44742,286.0351,-0.21940613,3.0786285
2020-07-16 18:00:00,290.53717,285.84903,-0.016952515,3.2082977
2020-07-16 19:00:00,289.84406,285.74023,0.2278595,3.2824707
2020-07-16 20:00:00,289.76398,285.127,0.26649475,3.2858887
2020-07-16 21:00:00,289.65234,284.71503,0.30578613,3.3540344
2020-07-16 22:00:00,289.29156,284.1646,0.33120728,3.3845978
2020-07-16 23:00:00,289.1657,283.63196,0.27748108,3.401947
2020-07-17 00:00:00,289.0074,283.16852,0.22210693,3.4394073
2020-07-17 01:00:00,290.35428,284.8963,0.15455627,3.0547943
2020-07-17 02:00:00,293.692,289.9912,0.003616333,1.8414307
2020-07-17 03:00:00,298.86374,285.568,-0.3078766,-0.119125366
2020-07-17 04:00:00,300.07394,285.29138,-0.21788025,-0.4884491
2020-07-17 05:00:00,301.28174,284.88574,-0.10864258,-0.71128845
2020-07-17 06:00:00,302.1461,284.4941,-0.20022583,-0.8522949
2020-07-17 07:00:00,302.7837,285.29504,-0.18634033,-1.6063385
2020-07-17 08:00:00,302.81836,285.05432,-0.57284546,-2.187561
2020-07-17 09:00:00,302.81653,284.48718,-0.32904053,-0.42196655
2020-07-17 10:00:00,302.61972,283.45544,0.3205719,0.15713501
2020-07-17 11:00:00,302.12817,285.52557,1.4478455,1.8527374
2020-07-17 12:00:00,300.60727,287.8318,1.0743561,2.3005219
2020-07-17 13:00:00,299.47,288.6684,0.5670929,2.1984253
2020-07-17 14:00:00,297.1451,288.9086,-0.16445923,2.591568
2020-07-17 15:00:00,295.29184,289.20297,-0.017105103,2.63591
2020-07-17 16:00:00,293.3882,289.0188,0.11727905,2.944641
2020-07-17 17:00:00,292.7347,288.28336,0.2894745,2.8870392
2020-07-17 18:00:00,292.8443,287.07227,0.30906677,2.7911377
2020-07-17 19:00:00,291.92697,284.34717,-0.021057129,2.9284058
2020-07-17 20:00:00,291.3427,283.8837,0.08529663,2.967392
2020-07-17 21:00:00,290.7615,283.52847,0.12843323,3.0901337
2020-07-17 22:00:00,290.09818,283.16486,0.13224792,3.2192535
2020-07-17 23:00:00,289.80887,282.84515,0.16314697,3.300476
2020-07-18 00:00:00,289.5987,282.63873,0.16061401,3.3504791
2020-07-18 01:00:00,290.78406,284.6361,0.18196106,3.06633
2020-07-18 02:00:00,293.44012,288.768,0.10406494,2.2174377
2020-07-18 03:00:00,298.40234,289.38678,0.06135559,0.87205505
2020-07-18 04:00:00,300.54706,284.87503,-0.12265015,0.5917969
2020-07-18 05:00:00,301.17117,284.31992,-0.11882019,0.41993237
2020-07-18 06:00:00,302.0703,284.15112,0.10295105,0.7531929
2020-07-18 07:00:00,302.51642,283.0325,0.48564148,0.28582668
2020-07-18 08:00:00,303.22656,281.9298,0.7729645,-0.39525414
2020-07-18 09:00:00,303.45312,281.12225,0.8712158,-0.4258423
2020-07-18 10:00:00,303.44406,280.75156,1.0114288,0.28277588
2020-07-18 11:00:00,302.81738,281.92477,0.4906006,0.8358002
2020-07-18 12:00:00,301.89038,286.84686,0.80407715,0.6268463
2020-07-18 13:00:00,302.09918,282.8806,0.4065857,-0.1797638
2020-07-18 14:00:00,300.45862,284.3916,-0.12509155,-1.026413
2020-07-18 15:00:00,300.40564,281.3197,-0.51560974,0.62905884
2020-07-18 16:00:00,294.8031,283.63226,-0.3929901,2.4304657
2020-07-18 17:00:00,292.7224,283.22556,0.05606079,2.9412231
2020-07-18 18:00:00,291.6989,283.09808,0.15341187,3.0835571
2020-07-18 19:00:00,292.03137,282.9356,0.07215881,3.0618134
2020-07-18 20:00:00,291.81592,282.87225,-0.02029419,3.0848846
2020-07-18 21:00:00,291.51236,282.86334,0.03364563,3.164032
2020-07-18 22:00:00,290.95798,282.74506,0.18849182,3.2096558
2020-07-18 23:00:00,290.653,282.65118,0.26693726,3.1858368
2020-07-19 00:00:00,290.10358,282.52298,0.23054504,3.299652
2020-07-19 01:00:00,291.08838,284.76114,0.05342102,3.0906677
2020-07-19 02:00:00,294.46912,288.44714,-0.06251526,2.1572113
2020-07-19 03:00:00,299.3446,287.24207,-0.2803955,1.1291351
2020-07-19 04:00:00,300.6673,283.46844,0.2021637,0.9552307
2020-07-19 05:00:00,301.3769,282.4876,0.76148987,0.49057007
2020-07-19 06:00:00,301.98206,281.3946,2.2248688,-0.2393341
2020-07-19 07:00:00,302.58008,282.01752,1.8265533,-0.15679932
2020-07-19 08:00:00,301.70062,282.5182,1.4962616,0.40673828
2020-07-19 09:00:00,302.40387,281.6432,0.7076874,0.92575073
2020-07-19 10:00:00,302.29263,281.70047,0.29536438,1.2575378
2020-07-19 11:00:00,302.30316,281.3777,-0.11000061,0.4229126
2020-07-19 12:00:00,301.7918,282.82248,-1.313797,-0.45498657
2020-07-19 13:00:00,299.96643,284.97256,-1.8684235,1.0330658
2020-07-19 14:00:00,297.73608,284.05206,-1.1607971,2.1190948
2020-07-19 15:00:00,294.91107,283.12988,-0.32722473,2.671875
2020-07-19 16:00:00,293.01984,282.84247,-0.025634766,2.93956
2020-07-19 17:00:00,291.8142,282.46918,0.08157349,3.1425476
2020-07-19 18:00:00,291.21848,282.10065,0.062088013,3.3103485
2020-07-19 19:00:00,291.0141,282.63974,0.04663086,3.4190369
2020-07-19 20:00:00,290.5504,282.64435,0.014709473,3.4754028
2020-07-19 21:00:00,290.31857,282.63297,0.022949219,3.538391
2020-07-19 22:00:00,290.13422,282.5864,0.014694214,3.586853
2020-07-19 23:00:00,290.10254,282.47656,0.043701172,3.5901794
2020-07-20 00:00:00,290.19537,282.2846,0.10282898,3.5663147
2020-07-20 01:00:00,291.77533,283.72552,-0.05116272,3.2773895
2020-07-20 02:00:00,294.4577,286.76642,-0.25434875,2.5460205
2020-07-20 03:00:00,298.24536,286.9192,-0.48709106,2.0828094
2020-07-20 04:00:00,300.48615,284.3933,-0.99565125,0.7703705
2020-07-20 05:00:00,301.78787,282.22833,-1.3722839,-0.027557373
2020-07-20 06:00:00,301.8166,282.32416,-0.29144287,0.4681549
2020-07-20 07:00:00,302.58667,281.62976,1.5702667,0.2248621
2020-07-20 08:00:00,302.84613,281.7989,1.491745,-0.31839752
2020-07-20 09:00:00,303.18753,281.6482,1.3609009,-0.9114952
2020-07-20 10:00:00,302.84964,281.36786,1.9826813,-1.0289373
2020-07-20 11:00:00,301.74854,282.11127,2.387619,1.1605282
2020-07-20 12:00:00,300.7533,283.7014,1.7951965,2.318533
2020-07-20 13:00:00,299.23148,286.90475,0.4312744,1.9254103
2020-07-20 14:00:00,297.59204,287.4956,0.13188171,1.6363068
2020-07-20 15:00:00,295.21942,286.08405,0.95602417,1.9045
2020-07-20 16:00:00,293.4615,284.6246,1.0527954,2.4327402
2020-07-20 17:00:00,292.68997,283.33423,0.9431305,2.7551022
2020-07-20 18:00:00,291.41605,283.35095,0.13465881,2.9060755
2020-07-20 19:00:00,290.75208,284.08163,0.0692749,3.1429033
2020-07-20 20:00:00,290.66504,284.18832,-0.032302856,3.0198154
2020-07-20 21:00:00,290.33542,284.01663,-0.0068359375,3.044302
2020-07-20 22:00:00,290.13885,283.76007,-0.049907684,3.055007
2020-07-20 23:00:00,290.01117,283.4107,-0.03704834,3.1232128
2020-07-21 00:00:00,290.21402,282.93628,0.045028687,3.3025818
2020-07-21 01:00:00,291.3958,284.20242,0.0667572,3.2156801
2020-07-21 02:00:00,293.60193,286.72583,-0.016052246,2.5704794
2020-07-21 03:00:00,297.03986,287.25433,-0.19793701,1.5622425
2020-07-21 04:00:00,298.9355,284.01117,-0.30096436,0.965045
2020-07-21 05:00:00,299.99475,283.22964,0.403656,-0.06569004
2020-07-21 06:00:00,300.4981,283.32242,1.3106537,-0.6315603
2020-07-21 07:00:00,300.5235,283.75293,1.5720673,-0.5821228
2020-07-21 08:00:00,301.199,283.04764,2.2024078,-0.88952637
2020-07-21 09:00:00,301.51532,282.36646,2.6308594,-0.97927856
2020-07-21 10:00:00,301.38245,282.19177,2.3999634,0.039001465
2020-07-21 11:00:00,300.27222,282.28397,3.0590973,0.13739014
2020-07-21 12:00:00,298.56534,283.92163,1.6012421,2.9136963
2020-07-21 13:00:00,298.03128,284.65823,1.1270294,2.5657349
2020-07-21 14:00:00,296.33957,286.48468,1.0690765,1.511673
2020-07-21 15:00:00,294.25006,285.0551,0.53012085,2.5335236
2020-07-21 16:00:00,292.7563,284.47836,0.18811035,2.6574554
2020-07-21 17:00:00,291.90332,284.4068,0.058517456,2.686142
2020-07-21 18:00:00,290.8069,284.20197,0.043136597,2.8786316
2020-07-21 19:00:00,290.4532,283.5171,-0.063568115,3.1028748
2020-07-21 20:00:00,290.45648,283.3369,-0.07003784,3.078247
2020-07-21 21:00:00,290.31396,282.89725,-0.16040039,3.1986847
2020-07-21 22:00:00,290.23932,282.3963,-0.17056274,3.3098297
2020-07-21 23:00:00,290.14435,281.85873,-0.18424988,3.4077148
2020-07-22 00:00:00,290.58212,281.3482,-0.19500732,3.4987335
2020-07-22 01:00:00,291.3231,282.61896,-0.14331055,3.3669739
2020-07-22 02:00:00,293.64212,285.9062,-0.23768616,2.5028687
2020-07-22 03:00:00,297.5645,284.92798,-0.18894958,1.7970428
2020-07-22 04:00:00,299.56097,282.01294,-0.11729431,0.8048096
2020-07-22 05:00:00,300.71826,281.29175,1.1926575,-0.008026123
2020-07-22 06:00:00,301.20288,280.9563,2.2821503,-0.34631348
2020-07-22 07:00:00,300.18924,280.76202,2.6167145,1.3025818
2020-07-22 08:00:00,300.7303,281.7378,2.2390594,2.5013885
2020-07-22 09:00:00,301.223,281.56134,2.5424347,1.2620697
2020-07-22 10:00:00,301.25146,280.80243,3.7333374,-0.9046478
2020-07-22 11:00:00,299.43274,280.4029,3.7174835,-1.1985474
2020-07-22 12:00:00,298.7212,282.36218,1.951767,1.2981567
2020-07-22 13:00:00,297.88736,286.75406,0.982254,1.2066193
2020-07-22 14:00:00,297.25064,284.74823,0.12783813,1.3806458
2020-07-22 15:00:00,293.9775,283.059,-0.2537384,2.2602386
2020-07-22 16:00:00,291.62524,281.93823,0.02897644,2.759513
2020-07-22 17:00:00,289.9729,281.6701,0.1973877,2.9629002
2020-07-22 18:00:00,289.02457,281.56857,0.17997742,3.0777931
2020-07-22 19:00:00,288.69357,280.27026,-0.092437744,3.2878904
2020-07-22 20:00:00,288.29492,280.16632,-0.049575806,3.3350925
2020-07-22 21:00:00,287.9441,279.982,0.012435913,3.4205484
2020-07-22 22:00:00,287.77246,279.77924,0.11953735,3.4849415
2020-07-22 23:00:00,287.63116,279.64386,0.14961243,3.4854918
2020-07-23 00:00:00,287.62714,279.52325,0.1333313,3.5429134
2020-07-23 01:00:00,288.90753,281.63757,0.05117798,3.2176552
2020-07-23 02:00:00,292.59644,286.8183,-0.1761322,2.1871834
2020-07-23 03:00:00,298.53577,284.23932,-0.48719788,0.5553627
2020-07-23 04:00:00,300.41135,281.3601,-1.0220032,-0.69168663
2020-07-23 05:00:00,301.45062,280.61935,-0.6463623,-1.200943
2020-07-23 06:00:00,302.25137,280.53564,-0.056045532,-1.2853508
2020-07-23 07:00:00,303.03973,280.80057,0.33732605,-1.2131329
2020-07-23 08:00:00,303.4136,281.43878,0.49734497,-1.2491608
2020-07-23 09:00:00,303.573,281.9687,0.4752655,-0.8453884
2020-07-23 10:00:00,303.399,282.10413,0.048599243,-0.48363304
2020-07-23 11:00:00,302.65955,281.65857,0.6636963,1.3273335
2020-07-23 12:00:00,301.1283,284.6772,0.6986389,2.7848663
2020-07-23 13:00:00,299.96008,286.46606,0.5058136,2.3842182
2020-07-23 14:00:00,298.09344,287.64352,0.17906189,2.113514
2020-07-23 15:00:00,294.92926,287.24918,0.030975342,2.755745
2020-07-23 16:00:00,293.38956,287.0808,0.015213013,2.9957886
2020-07-23 17:00:00,292.17096,286.98288,-0.02583313,3.1174011
2020-07-23 18:00:00,291.39822,286.7306,0.038970947,3.2173462
2020-07-23 19:00:00,291.24854,286.79227,0.19615173,3.28833
2020-07-23 20:00:00,290.9276,286.326,0.14678955,3.300766
2020-07-23 21:00:00,290.59637,285.89862,0.2191925,3.2978058
2020-07-23 22:00:00,290.46924,285.46375,0.24034119,3.2810059
2020-07-23 23:00:00,290.09805,285.05103,0.28207397,3.3205872
2020-07-24 00:00:00,289.82513,284.78455,0.44340515,3.132309
2020-07-24 01:00:00,290.98596,285.87347,1.0142517,2.0014496
2020-07-24 02:00:00,293.73065,287.8396,1.7526398,-0.74031067
2020-07-24 03:00:00,295.9546,285.2196,2.2448273,-1.6278076
2020-07-24 04:00:00,296.3103,286.05023,2.1805115,-1.3016815
2020-07-24 05:00:00,296.846,286.46097,1.8668976,-2.2096252
2020-07-24 06:00:00,296.495,287.167,1.7955627,-1.7113953
2020-07-24 07:00:00,298.544,288.72372,0.37139893,-2.1302338
2020-07-24 08:00:00,298.13962,288.9271,0.3368683,-2.0353088
2020-07-24 09:00:00,297.11298,289.96457,-0.28179932,-1.4232635
2020-07-24 10:00:00,296.14526,290.30978,-0.20809937,-0.30607605
2020-07-24 11:00:00,295.4199,289.9007,0.19189453,0.1360321
2020-07-24 12:00:00,294.51468,290.4972,1.0604248,1.2209473
2020-07-24 13:00:00,293.86182,290.60263,-0.15615845,1.2493591
2020-07-24 14:00:00,293.1837,290.57986,-1.1283875,0.61535645
2020-07-24 15:00:00,291.78714,289.34656,-1.6499023,0.8083191
2020-07-24 16:00:00,290.9566,288.53616,-0.598999,1.9828644
2020-07-24 17:00:00,290.2196,287.84567,-0.24201965,2.270523
2020-07-24 18:00:00,289.7702,287.38977,-0.83461,2.3794708
2020-07-24 19:00:00,289.6125,286.4269,-0.68888855,2.6945343
2020-07-24 20:00:00,289.36517,286.1887,-0.23764038,2.7366333
2020-07-24 21:00:00,288.6396,285.8531,0.16320801,2.827896
2020-07-24 22:00:00,288.234,285.71585,0.2828827,2.948639
2020-07-24 23:00:00,287.86975,285.54987,0.10057068,2.9748688
2020-07-25 00:00:00,288.19366,285.32526,-0.01979065,2.9710846
2020-07-25 01:00:00,289.24683,286.45502,0.042922974,2.6411285
2020-07-25 02:00:00,292.64606,290.19336,-0.0831604,1.3026581
2020-07-25 03:00:00,296.55627,286.70416,-0.5293274,-0.6262207
2020-07-25 04:00:00,297.94196,286.408,-0.4634552,-1.0736694
2020-07-25 05:00:00,299.2865,286.36224,-0.47206116,-2.0350037
2020-07-25 06:00:00,299.9816,286.549,-0.3382721,-1.5261841
2020-07-25 07:00:00,300.6129,287.2394,0.16239929,-1.4004669
2020-07-25 08:00:00,301.3463,287.31738,0.11151123,-1.715744
2020-07-25 09:00:00,301.49976,287.33472,0.030548096,-0.52508545
2020-07-25 10:00:00,301.9693,287.0283,-0.03955078,-1.1971588
2020-07-25 11:00:00,301.53195,286.67157,0.00730896,-0.025512695
2020-07-25 12:00:00,301.09875,286.28192,0.20982361,0.36949158
2020-07-25 13:00:00,299.7473,289.09076,0.17056274,1.4587097
2020-07-25 14:00:00,299.4308,288.2544,0.022277832,0.72106934
2020-07-25 15:00:00,295.55695,288.35037,0.19007874,1.8071594
2020-07-25 16:00:00,293.37115,287.42487,0.03526306,2.575409
2020-07-25 17:00:00,291.71576,287.0384,0.334198,2.788803
2020-07-25 18:00:00,290.90875,286.826,0.16131592,2.9994965
2020-07-25 19:00:00,290.55597,285.39178,0.3651886,3.0470428
2020-07-25 20:00:00,289.9993,285.35284,0.40090942,3.1429596
2020-07-25 21:00:00,289.74728,285.15424,0.25801086,3.133377
2020-07-25 22:00:00,289.7945,284.5263,0.21713257,3.0821838
2020-07-25 23:00:00,289.5404,284.00458,0.2210846,3.0756073
2020-07-26 00:00:00,289.36523,283.68466,0.21902466,3.0764313
2020-07-26 01:00:00,290.16077,285.16815,0.16804504,2.775589
2020-07-26 02:00:00,293.54297,289.6034,0.060577393,1.7374878
2020-07-26 03:00:00,298.33472,286.1135,-0.11204529,0.08813286
2020-07-26 04:00:00,299.50665,285.10974,-0.15620422,-0.9606571
2020-07-26 05:00:00,299.67725,286.02164,0.06401062,-1.0303164
2020-07-26 06:00:00,300.57095,286.42157,-0.13955688,-0.993515
2020-07-26 07:00:00,301.416,287.08923,-0.777771,-1.86831
2020-07-26 08:00:00,301.62085,286.54785,0.17869568,-0.61607075
2020-07-26 09:00:00,300.96143,285.80524,0.035324097,-0.15407753
2020-07-26 10:00:00,301.6286,286.18146,0.14425659,0.6710272
2020-07-26 11:00:00,301.25293,286.29785,0.18379211,0.33372688
2020-07-26 12:00:00,300.51523,288.975,-0.13316345,1.406188
2020-07-26 13:00:00,299.22174,292.9058,0.27345276,1.0695763
2020-07-26 14:00:00,300.228,285.94897,-0.19606018,-0.03604698
2020-07-26 15:00:00,295.43707,288.1324,-0.032180786,2.4037914
2020-07-26 16:00:00,293.46606,288.0334,0.3384552,2.1085968
2020-07-26 17:00:00,297.19287,286.03595,0.8148651,0.47265625
2020-07-26 18:00:00,292.5588,287.2349,1.058609,1.6356354
2020-07-26 19:00:00,291.08173,287.22757,0.37957764,2.5880432
2020-07-26 20:00:00,291.09882,286.50693,0.40794373,2.193694
2020-07-26 21:00:00,292.6145,285.92236,-0.22564697,1.4785862
2020-07-26 22:00:00,293.29193,285.7022,-0.4134674,1.2646408
2020-07-26 23:00:00,294.62387,285.45135,-0.15805054,0.6724701
2020-07-27 00:00:00,294.10522,285.89838,0.35961914,0.09512329
2020-07-27 01:00:00,293.61267,286.38422,0.05104065,0.20423889
2020-07-27 02:00:00,293.77435,287.14764,0.025527954,-0.36616516
2020-07-27 03:00:00,293.72018,287.8625,0.32417297,-1.2340393
2020-07-27 04:00:00,293.7752,287.76056,0.5275421,-0.21351624
2020-07-27 05:00:00,294.7479,287.21942,0.7562103,1.0106659
2020-07-27 06:00:00,296.00006,286.5068,0.8786926,0.34310913
2020-07-27 07:00:00,297.72806,285.97058,0.75982666,-0.85661316
2020-07-27 08:00:00,298.33954,285.23212,0.8780823,-0.42608643
2020-07-27 09:00:00,298.45374,284.3211,0.8742218,0.40560913
2020-07-27 10:00:00,298.8142,283.74435,1.2231445,-0.60658264
2020-07-27 11:00:00,298.1635,283.7162,0.25212097,-2.7438965
2020-07-27 12:00:00,297.2724,283.9427,-0.86198425,-1.4066925
2020-07-27 13:00:00,296.33948,287.81006,-0.65379333,0.5016022
2020-07-27 14:00:00,295.0805,287.02618,0.09968567,1.3432617
2020-07-27 15:00:00,293.08575,285.45496,-0.113342285,1.7690096
2020-07-27 16:00:00,291.8794,284.59564,-0.4038086,1.9390345
2020-07-27 17:00:00,290.37335,283.91666,-0.4383545,2.2989063
2020-07-27 18:00:00,288.81168,283.44666,-0.27911377,2.6795158
2020-07-27 19:00:00,287.59735,282.16843,0.018920898,3.3156223
2020-07-27 20:00:00,287.4346,282.35736,-9.1552734e-05,3.3354712
2020-07-27 21:00:00,287.37808,282.3531,0.078201294,3.3896055
2020-07-27 22:00:00,287.24326,282.29785,0.13366699,3.4206152
2020-07-27 23:00:00,287.31717,282.1922,0.19624329,3.4081335
2020-07-28 00:00:00,287.49194,282.1019,0.25935364,3.3843126
2020-07-28 01:00:00,288.61694,283.48517,0.22877502,3.1106825
2020-07-28 02:00:00,291.9284,288.05063,0.13349915,1.9006948
2020-07-28 03:00:00,297.29068,284.4918,0.29940796,0.034493446
2020-07-28 04:00:00,298.44754,282.61346,0.4743042,-1.0251579
2020-07-28 05:00:00,298.73724,282.3993,1.0271301,-0.6789818
2020-07-28 06:00:00,299.72217,282.76685,1.4828949,-0.8150482
2020-07-28 07:00:00,299.55737,284.71448,0.24746704,-0.61068916
2020-07-28 08:00:00,299.70282,284.7707,1.6283264,-1.3074617
2020-07-28 09:00:00,299.7456,284.28967,2.3058014,-1.2363243
2020-07-28 10:00:00,298.94116,284.0711,1.9132233,-0.45992565
2020-07-28 11:00:00,298.92517,284.48785,1.3903503,0.40281677
2020-07-28 12:00:00,298.95007,284.75183,0.9442749,-0.42574024
2020-07-28 13:00:00,297.55905,286.0385,0.60762024,1.3057194
2020-07-28 14:00:00,296.09235,287.22473,-0.109954834,1.418889
2020-07-28 15:00:00,293.55573,285.61353,-0.37052917,2.2536602
2020-07-28 16:00:00,291.5843,285.076,-0.147995,2.7384424
2020-07-28 17:00:00,290.84027,285.20557,-0.0025024414,2.7706451
2020-07-28 18:00:00,289.75232,284.92053,0.024475098,3.0399895
2020-07-28 19:00:00,289.23407,284.5943,-0.24198914,3.2961044
2020-07-28 20:00:00,289.17203,284.3448,-0.19851685,3.2123995
2020-07-28 21:00:00,289.09448,284.17065,-0.115722656,3.2469025
2020-07-28 22:00:00,289.06696,284.1391,-0.043273926,3.2457733
2020-07-28 23:00:00,288.92642,284.10754,-0.045776367,3.2441864
2020-07-29 00:00:00,288.97992,284.0591,-0.10279846,3.2446747
2020-07-29 01:00:00,290.32544,284.82202,-0.036224365,2.970272
2020-07-29 02:00:00,292.76422,286.8894,0.09397888,2.3170881
2020-07-29 03:00:00,296.36026,287.403,0.56015015,0.6521721
2020-07-29 04:00:00,297.75546,284.5617,1.3738098,-1.6898565
2020-07-29 05:00:00,297.8603,284.71637,1.7500153,-2.5142317
2020-07-29 06:00:00,297.92145,284.76465,1.7520599,-2.3899956
2020-07-29 07:00:00,298.08148,285.479,1.1990356,-2.7452726
2020-07-29 08:00:00,296.85312,285.83228,1.9044495,-1.2009287
2020-07-29 09:00:00,296.76904,286.63284,2.1642609,0.2898407
2020-07-29 10:00:00,297.45004,285.8525,2.410263,-3.1443195
2020-07-29 11:00:00,295.3103,285.13354,2.360321,-1.5164318
2020-07-29 12:00:00,295.27252,285.35962,1.0437164,1.2293348
2020-07-29 13:00:00,294.87033,286.77118,0.1616869,1.2884235
2020-07-29 14:00:00,293.72208,286.5197,-0.39360237,1.3232031
2020-07-29 15:00:00,291.63492,285.82468,-0.3029251,1.9963541
2020-07-29 16:00:00,289.55798,285.01917,-0.059066772,2.4960108
2020-07-29 17:00:00,288.7162,284.8551,0.04265976,2.5112505
2020-07-29 18:00:00,288.03546,284.5052,0.05032158,2.5910225
2020-07-29 19:00:00,287.49353,284.95,-0.06268501,2.618741
2020-07-29 20:00:00,287.14517,284.406,-0.15624142,2.6018343
2020-07-29 21:00:00,286.58502,283.4959,-0.21474552,2.7140207
2020-07-29 22:00:00,286.12573,282.93057,-0.14247799,2.8255825
2020-07-29 23:00:00,286.06635,282.70428,-0.17142105,2.927106
2020-07-30 00:00:00,286.12823,282.54245,-0.2424469,2.9786978
2020-07-30 01:00:00,287.29108,283.53452,-0.25761795,2.68709
2020-07-30 02:00:00,291.16595,286.89612,-0.36538982,1.3181276
2020-07-30 03:00:00,295.51257,283.3614,-1.0177917,-0.661499
2020-07-30 04:00:00,296.9018,283.45187,-1.4243164,-1.6430588
2020-07-30 05:00:00,298.14307,283.09662,-1.4447174,-2.0962658
2020-07-30 06:00:00,299.13632,282.67303,-1.40625,-2.3518467
2020-07-30 07:00:00,299.34247,284.22794,-1.4678955,-2.025197
2020-07-30 08:00:00,300.1616,284.25305,-1.3623047,-1.700531
2020-07-30 09:00:00,300.75806,284.1795,-1.199707,-1.5757599
2020-07-30 10:00:00,301.11728,284.11792,-1.1129913,-1.7176819
2020-07-30 11:00:00,301.03107,284.1875,-1.2200775,-1.5764618
2020-07-30 12:00:00,300.6233,284.97693,-1.4568024,-1.3328552
2020-07-30 13:00:00,299.35916,287.40552,-1.3603973,-1.08815
2020-07-30 14:00:00,297.36237,286.77176,-1.4969482,-0.81894875
2020-07-30 15:00:00,295.4304,284.85764,-1.8193512,-0.2272911
2020-07-30 16:00:00,293.57843,284.16177,-2.0192566,0.31475925
2020-07-30 17:00:00,292.71945,283.85052,-1.7073364,1.0432844
2020-07-30 18:00:00,293.28165,283.427,-1.0704193,1.40024
2020-07-30 19:00:00,295.9129,283.17285,-0.67163086,1.1921291
2020-07-30 20:00:00,296.30676,282.9478,-0.2757511,0.84121704
2020-07-30 21:00:00,296.10834,282.81305,0.3078766,0.58491516
2020-07-30 22:00:00,295.7099,282.63983,0.62049866,0.77149963
2020-07-30 23:00:00,295.3272,282.49994,0.7187195,1.2851105
2020-07-31 00:00:00,295.12894,282.9136,0.6278534,1.1961517
2020-07-31 01:00:00,292.68488,283.87952,0.8781433,1.333725
2020-07-31 02:00:00,294.32318,286.14844,0.8699188,0.6596222
2020-07-31 03:00:00,295.29657,287.27313,0.76620483,-0.46348572
2020-07-31 04:00:00,295.6748,288.27682,0.6370239,-0.44502258
2020-07-31 05:00:00,296.20337,289.09296,0.014312744,-0.47833252
2020-07-31 06:00:00,296.323,289.4287,-0.17538452,-0.7802925
2020-07-31 07:00:00,297.50018,289.73117,0.8616638,-1.5460777
2020-07-31 08:00:00,297.15762,289.1069,1.1605225,-1.1663494
2020-07-31 09:00:00,296.72803,288.675,0.7750702,-1.6886587
2020-07-31 10:00:00,296.2157,288.1855,1.1035919,-0.88386536
2020-07-31 11:00:00,295.9453,287.57303,1.0872192,-0.3209839
2020-07-31 12:00:00,295.83563,286.93622,-0.13899231,0.07518005
2020-07-31 13:00:00,294.9167,286.9469,-0.82707214,0.46366882
2020-07-31 14:00:00,293.5899,287.0869,-1.013794,0.9268036
2020-07-31 15:00:00,292.0318,286.69495,-1.9711609,1.0558624
2020-07-31 16:00:00,291.2539,286.94556,-1.9667358,1.3556366
2020-07-31 17:00:00,290.36954,286.62283,-1.5831757,1.7153931
2020-07-31 18:00:00,289.59634,286.27942,-0.6405487,2.2005615
2020-07-31 19:00:00,291.88928,285.23083,0.13635254,1.3247986
2020-07-31 20:00:00,290.78543,285.27612,0.39401245,1.5356598
2020-07-31 21:00:00,291.77942,285.2566,0.29013062,1.3212128
2020-07-31 22:00:00,293.05725,285.146,0.085510254,0.9318695
2020-07-31 23:00:00,292.97632,285.1364,0.018417358,0.64108276
2020-08-01 00:00:00,292.57562,285.39847,0.3682251,0.34727478
2020-08-01 01:00:00,289.87372,285.7879,0.8258972,1.2674131
2020-08-01 02:00:00,292.35187,287.37073,0.6052704,-0.00064086914
2020-08-01 03:00:00,293.34692,288.14774,0.38786316,-1.3581467
2020-08-01 04:00:00,293.96295,288.05136,0.6309509,-1.4480295
2020-08-01 05:00:00,295.0393,287.97815,0.44276428,-1.5519867
2020-08-01 06:00:00,296.24503,288.10068,-0.031723022,-1.8154602
2020-08-01 07:00:00,296.85077,288.91006,-0.4192505,-1.5532837
2020-08-01 08:00:00,297.75226,289.1507,-0.45532227,-1.5821381
2020-08-01 09:00:00,297.83075,289.83063,0.48937988,-1.008606
2020-08-01 10:00:00,297.8503,288.9027,1.0317993,-0.95628357
2020-08-01 11:00:00,296.6893,289.47577,1.0596008,0.7905121
2020-08-01 12:00:00,295.5199,289.7117,1.00354,0.6815338
2020-08-01 13:00:00,294.4245,289.8118,0.690155,1.6186981
2020-08-01 14:00:00,293.7785,289.23462,0.025756836,1.629776
2020-08-01 15:00:00,292.4218,288.79382,-0.502655,1.5208282
2020-08-01 16:00:00,292.47845,287.14423,-0.6815796,1.3221588
2020-08-01 17:00:00,291.99234,286.45178,-1.6057892,0.20492554
2020-08-01 18:00:00,291.89844,286.25238,-1.2910461,0.70147705
2020-08-01 19:00:00,293.8435,286.06287,0.14300537,0.2112341
2020-08-01 20:00:00,293.05603,286.09943,1.0449524,0.096681595
2020-08-01 21:00:00,291.0289,285.49017,1.4878845,0.65916157
2020-08-01 22:00:00,289.77438,285.38727,1.7099152,0.49321556
2020-08-01 23:00:00,288.2144,285.25378,1.7736969,0.7996559
2020-08-02 00:00:00,289.24832,285.62152,1.4068146,0.6453991
2020-08-02 01:00:00,287.97086,286.10065,1.5978394,-0.650527
2020-08-02 02:00:00,289.8253,287.66373,0.13743591,-0.93418026
2020-08-02 03:00:00,291.2281,288.18848,-0.54060364,-1.0874023
2020-08-02 04:00:00,292.26093,288.37482,-0.184021,-1.6268005
2020-08-02 05:00:00,293.1624,288.67078,0.37234497,-1.6042023
2020-08-02 06:00:00,294.14136,289.07703,0.3963623,-1.7669373
2020-08-02 07:00:00,296.28607,287.91754,0.15240479,-1.6008148
2020-08-02 08:00:00,296.5859,288.92395,0.4765625,-2.1684265
2020-08-02 09:00:00,296.13696,289.75403,0.5284424,-0.6103821
2020-08-02 10:00:00,295.91095,289.26605,0.1120882,0.1269226
2020-08-02 11:00:00,295.76315,288.49127,-0.10216904,0.25784302
2020-08-02 12:00:00,294.75885,288.33377,0.3077879,1.153305
2020-08-02 13:00:00,293.38434,289.11496,-0.2451582,1.8339539
2020-08-02 14:00:00,293.07947,289.90277,-0.4214115,0.64482117
2020-08-02 15:00:00,292.55963,288.0679,-0.06742096,0.48973083
2020-08-02 16:00:00,289.9391,287.27753,-0.5887842,1.5212555
2020-08-02 17:00:00,289.54175,286.41718,-0.9690399,1.0956879
2020-08-02 18:00:00,288.46744,285.3938,-1.4963703,1.0394897
2020-08-02 19:00:00,287.96875,285.3738,-0.13790321,1.6112366
2020-08-02 20:00:00,288.21472,285.0343,-0.65805244,1.4158173
2020-08-02 21:00:00,287.1676,284.20068,-0.45414543,1.8710327
2020-08-02 22:00:00,287.6556,283.84717,-0.25699615,1.8006287
2020-08-02 23:00:00,287.62347,283.6101,-0.21535015,1.8629303
2020-08-03 00:00:00,287.20877,283.39606,-0.0790863,2.0112915
2020-08-03 01:00:00,286.4041,284.22577,0.35856628,2.3660889
2020-08-03 02:00:00,290.1085,287.96207,0.23432922,1.2867279
2020-08-03 03:00:00,293.55048,287.2414,0.25642395,-0.58340454
2020-08-03 04:00:00,294.71924,287.51602,0.04536438,-1.3975525
2020-08-03 05:00:00,295.80902,287.8161,0.04107666,-1.706955
2020-08-03 06:00:00,296.67703,287.99585,0.05114746,-1.3237457
2020-08-03 07:00:00,297.01828,287.76483,-0.00079345703,-1.8536835
2020-08-03 08:00:00,297.03857,287.9326,0.9689636,-0.894104
2020-08-03 09:00:00,297.06592,287.9976,0.89038086,0.47932434
2020-08-03 10:00:00,297.2533,286.8388,0.5357361,-1.3929443
2020-08-03 11:00:00,296.93024,286.1821,-0.34823608,-0.86309814
2020-08-03 12:00:00,296.8164,286.30258,-0.7405243,-0.04876709
2020-08-03 13:00:00,296.21698,287.82922,-1.1387787,-0.56211853
2020-08-03 14:00:00,294.84415,286.9422,-1.1686401,-0.09187317
2020-08-03 15:00:00,294.26465,285.3541,-1.0435333,0.6213989
2020-08-03 16:00:00,293.83847,284.92447,-0.75942993,1.0672607
2020-08-03 17:00:00,292.66058,284.70575,-0.45889282,1.4342041
2020-08-03 18:00:00,291.5307,284.38068,-0.54278564,1.6021423
2020-08-03 19:00:00,289.8287,283.2431,-0.40879822,2.098526
2020-08-03 20:00:00,288.49994,282.96368,-0.24128723,2.4293518
2020-08-03 21:00:00,287.2553,282.99884,0.04171753,2.9627838
2020-08-03 22:00:00,286.8031,283.24414,0.14518738,3.2235107
2020-08-03 23:00:00,286.53357,283.37872,0.16349792,3.3500214
2020-08-04 00:00:00,286.20016,283.11768,0.10827637,3.4372559
2020-08-04 01:00:00,287.35065,284.12366,0.09802246,3.1873627
2020-08-04 02:00:00,290.94403,287.8663,0.11029053,1.9812164
2020-08-04 03:00:00,295.71417,285.6314,0.27124023,-0.2880249
2020-08-04 04:00:00,297.11163,284.80444,0.13510132,-1.2372437
2020-08-04 05:00:00,297.79047,284.9864,-0.05834961,-1.2655487
2020-08-04 06:00:00,298.518,285.15143,0.05581665,-1.1588745
2020-08-04 07:00:00,299.91827,286.09436,-0.075805664,-0.7114868
2020-08-04 08:00:00,300.60736,285.88287,0.3088379,-1.4308319
2020-08-04 09:00:00,300.6153,285.63843,0.8385773,0.010040283
2020-08-04 10:00:00,300.70013,285.7295,0.6033478,0.06687927
2020-08-04 11:00:00,300.49603,285.5838,0.4689331,0.3478546
2020-08-04 12:00:00,299.47424,287.2683,0.46917725,1.9230499
2020-08-04 13:00:00,298.3713,289.6877,0.50865173,1.4484558
2020-08-04 14:00:00,295.99567,289.148,0.282135,2.0574188
2020-08-04 15:00:00,293.21625,288.62335,0.24351501,2.766922
2020-08-04 16:00:00,291.40976,288.21927,0.19746399,2.948578
2020-08-04 17:00:00,290.61725,287.43365,0.14311218,2.963913
2020-08-04 18:00:00,290.0531,286.62488,0.16511536,3.0257568
2020-08-04 19:00:00,289.7118,286.1089,0.23878479,3.1911469
2020-08-04 20:00:00,289.38132,285.54657,0.28289795,3.1512604
2020-08-04 21:00:00,289.0055,284.8815,0.2612152,3.2338715
2020-08-04 22:00:00,288.69583,284.29785,0.19073486,3.3196106
2020-08-04 23:00:00,288.4931,283.85834,0.1819458,3.3972168
2020-08-05 00:00:00,288.27002,283.51013,0.15055847,3.460434
2020-08-05 01:00:00,289.08258,284.53613,0.19125366,3.2700806
2020-08-05 02:00:00,292.24945,288.74948,0.16351318,2.1998596
2020-08-05 03:00:00,297.22064,287.9244,0.37754822,0.43467712
2020-08-05 04:00:00,299.27936,284.76123,0.47886658,0.5977173
2020-08-05 05:00:00,300.34174,284.4989,0.38319397,-0.06072998
2020-08-05 06:00:00,301.01285,284.46515,-0.010192871,-0.03322792
2020-08-05 07:00:00,301.3996,285.8969,-0.30203247,-1.1651306
2020-08-05 08:00:00,302.04852,286.10272,-0.6259613,-1.4673157
2020-08-05 09:00:00,301.8799,285.59436,-0.42312622,0.56463623
2020-08-05 10:00:00,301.3619,287.05817,0.41107178,1.5730762
2020-08-05 11:00:00,300.49728,287.71866,0.63079834,2.0752048
2020-08-05 12:00:00,300.20337,288.7791,0.270401,1.1059313
2020-08-05 13:00:00,298.75717,289.8094,-0.22271729,1.8515434
2020-08-05 14:00:00,296.44647,288.92075,-0.061904907,2.4804268
2020-08-05 15:00:00,294.0241,288.4557,-0.06097412,2.6537247
2020-08-05 16:00:00,292.63824,287.81857,-0.15419006,2.780243
2020-08-05 17:00:00,291.35974,287.1522,0.07234192,3.007885
2020-08-05 18:00:00,290.47723,286.55957,0.13441467,3.1327782
2020-08-05 19:00:00,290.3651,286.11188,0.20759583,3.2291183
2020-08-05 20:00:00,289.97717,285.67493,0.1837616,3.2026205
2020-08-05 21:00:00,289.861,285.20975,0.13978577,3.258957
2020-08-05 22:00:00,289.43637,284.6931,0.10253906,3.4037094
2020-08-05 23:00:00,289.19604,284.20044,0.14006042,3.4834766
2020-08-06 00:00:00,289.11804,283.7082,0.15653992,3.508563
2020-08-06 01:00:00,290.03168,284.64728,0.08772278,3.300417
2020-08-06 02:00:00,293.05432,288.73743,-0.05607605,2.3552551
2020-08-06 03:00:00,298.0571,289.7802,-0.24897766,0.7170887
2020-08-06 04:00:00,300.67786,285.19324,-0.8448181,-0.3662815
2020-08-06 05:00:00,301.5965,285.5865,-0.9929199,-1.0055122
2020-08-06 06:00:00,302.3072,285.52155,-0.8292084,-1.3469629
2020-08-06 07:00:00,302.89114,285.36804,-0.7266083,-0.6604309
2020-08-06 08:00:00,303.54175,284.95563,-0.47994995,-0.70162964
2020-08-06 09:00:00,303.97128,284.9428,-0.32981873,-0.37062073
2020-08-06 10:00:00,304.1931,284.81985,-0.3428192,-0.14378357
2020-08-06 11:00:00,304.19714,284.65558,-0.37449646,0.005065918
2020-08-06 12:00:00,303.2218,287.93106,-0.646225,0.97273254
2020-08-06 13:00:00,301.11444,291.27966,-0.3879242,1.5587616
2020-08-06 14:00:00,297.97565,288.73093,0.011260986,2.6206055
2020-08-06 15:00:00,295.10706,288.39954,0.16546631,3.0768337
2020-08-06 16:00:00,293.70706,288.22897,0.111083984,3.2173853
2020-08-06 17:00:00,292.8932,287.81696,0.12716675,3.293601
2020-08-06 18:00:00,292.28223,287.25275,0.21151733,3.3357534
2020-08-06 19:00:00,291.8534,285.76984,0.37680054,3.3204765
2020-08-06 20:00:00,291.54547,284.9525,0.43772888,3.2029514
2020-08-06 21:00:00,291.1662,284.43024,0.4131012,3.2635317
2020-08-06 22:00:00,290.4488,284.0888,0.35862732,3.3831863
2020-08-06 23:00:00,290.11456,283.7677,0.33317566,3.4243584
2020-08-07 00:00:00,289.9286,283.4214,0.30607605,3.4464226
2020-08-07 01:00:00,290.57343,284.5802,0.28425598,3.2456684
2020-08-07 02:00:00,293.32104,288.7979,0.24066162,2.3013554
2020-08-07 03:00:00,299.0985,288.56424,0.38113403,0.16887379
2020-08-07 04:00:00,301.28976,285.8341,0.36434937,-0.98629093
2020-08-07 05:00:00,302.11597,286.61945,0.052444458,-1.434267
2020-08-07 06:00:00,303.07208,286.61475,-0.2664795,-1.4673882
2020-08-07 07:00:00,303.51724,287.43738,-0.058258057,-1.7656698
2020-08-07 08:00:00,303.93842,287.27158,-0.084625244,-1.4669971
2020-08-07 09:00:00,304.40906,287.03607,-0.4557953,-1.286499
2020-08-07 10:00:00,304.17914,286.3009,0.16874695,0.5832443
2020-08-07 11:00:00,304.39746,286.6117,0.5228729,0.5899601
2020-08-07 12:00:00,303.76642,290.067,0.79330444,0.2915058
2020-08-07 13:00:00,301.92487,292.84885,0.87101746,0.6898308
2020-08-07 14:00:00,299.1267,288.19568,0.24302673,2.5991383
2020-08-07 15:00:00,295.49426,288.32062,0.17027283,3.1116905
2020-08-07 16:00:00,294.3584,288.02023,0.32078552,3.0144453
2020-08-07 17:00:00,294.11465,287.14362,0.6096649,2.8432465
2020-08-07 18:00:00,293.09708,286.79926,0.780777,2.885436
2020-08-07 19:00:00,292.4422,286.5061,0.41246033,2.6647024
2020-08-07 20:00:00,292.08643,285.8013,0.0146484375,2.6059303
2020-08-07 21:00:00,291.5537,285.10266,-0.31411743,2.637413
2020-08-07 22:00:00,291.04257,284.50165,-0.15376282,2.6319294
2020-08-07 23:00:00,290.61926,284.09976,0.1882019,2.6692
2020-08-08 00:00:00,289.87653,283.79138,0.33796692,2.9283905
2020-08-08 01:00:00,290.0403,285.54388,-0.01739502,2.9293518
2020-08-08 02:00:00,293.19934,289.91388,-0.08288574,2.1218605
2020-08-08 03:00:00,298.4634,289.3011,-0.03501892,0.70926285
2020-08-08 04:00:00,300.07904,287.29596,-0.36102295,-0.1888485
2020-08-08 05:00:00,301.19147,286.91562,-0.48106384,-0.99393463
2020-08-08 06:00:00,301.3179,287.40027,-0.6921387,0.05717659
2020-08-08 07:00:00,301.20148,286.66437,-0.6195526,-1.8414497
2020-08-08 08:00:00,301.78748,285.99805,-1.4120026,-0.76966476
2020-08-08 09:00:00,302.1844,285.2759,-1.9349518,-1.0378428
2020-08-08 10:00:00,302.2246,285.5097,-1.6631622,0.053308487
2020-08-08 11:00:00,301.77963,285.61273,-0.7577667,0.98207283
2020-08-08 12:00:00,301.61545,288.57047,-0.18780518,0.93092823
2020-08-08 13:00:00,300.36465,291.9147,-0.2744751,-0.9812584
2020-08-08 14:00:00,298.04578,288.2256,0.40766907,1.3854713
2020-08-08 15:00:00,295.51273,288.09402,0.8848419,2.339035
2020-08-08 16:00:00,293.64444,287.74316,0.6361847,2.4829464
2020-08-08 17:00:00,292.7867,287.90857,0.0901947,2.6002483
2020-08-08 18:00:00,292.48755,288.3449,0.46343994,2.1078463
2020-08-08 19:00:00,297.583,284.3396,0.099609375,-0.37902832
2020-08-08 20:00:00,294.78918,285.15543,-0.7637634,-1.203476
2020-08-08 21:00:00,293.20996,285.09674,-1.3677979,-0.9376221
2020-08-08 22:00:00,293.81146,283.8661,-1.3206329,-0.21179199
2020-08-08 23:00:00,294.58356,283.36084,-0.7064667,0.88812256
2020-08-09 00:00:00,291.4915,283.8203,-0.16445923,1.7524414
2020-08-09 01:00:00,291.68286,284.54813,-0.14427185,1.614914
2020-08-09 02:00:00,292.39734,287.036,0.100982666,1.2402802
2020-08-09 03:00:00,293.48727,288.37592,-0.08125305,1.0357056
2020-08-09 04:00:00,294.3662,288.71985,-0.8982239,-0.036209106
2020-08-09 05:00:00,295.18695,288.79926,-1.2579346,-0.5944519
2020-08-09 06:00:00,296.9746,288.6994,-1.4585876,-0.824646
2020-08-09 07:00:00,298.23077,288.93872,-1.4354553,-1.7246704
2020-08-09 08:00:00,298.5992,288.39154,-0.40597534,-0.72410583
2020-08-09 09:00:00,299.0571,288.25134,0.4016571,-0.51779175
2020-08-09 10:00:00,299.75018,287.4375,0.42056274,-1.4007721
2020-08-09 11:00:00,298.77164,286.7942,1.6027832,-0.7559204
2020-08-09 12:00:00,297.8332,287.2359,1.871872,0.06413269
2020-08-09 13:00:00,296.85364,288.6998,1.1768036,1.1015472
2020-08-09 14:00:00,295.32993,288.55737,0.924057,1.1306763
2020-08-09 15:00:00,292.53308,287.0687,0.784729,2.0917053
2020-08-09 16:00:00,291.16998,286.4672,0.2648468,2.431778
2020-08-09 17:00:00,290.22418,285.98047,0.13557434,2.5548706
2020-08-09 18:00:00,289.58765,285.4978,0.1804657,2.6085205
2020-08-09 19:00:00,288.77087,284.8702,-0.11329651,2.9824066
2020-08-09 20:00:00,288.3801,284.48038,-0.17076111,3.0456543
2020-08-09 21:00:00,288.1854,284.1538,-0.11683655,3.160263
2020-08-09 22:00:00,288.08798,283.974,-0.018814087,3.206787
2020-08-09 23:00:00,287.80768,283.713,0.022140503,3.286255
2020-08-10 00:00:00,287.97144,283.45068,0.03703308,3.3091125
2020-08-10 01:00:00,288.7207,284.30035,0.017715454,3.1869507
2020-08-10 02:00:00,291.74182,287.469,-0.0098724365,2.264145
2020-08-10 03:00:00,296.47845,288.08685,0.030639648,0.83506775
2020-08-10 04:00:00,298.40717,283.70947,-0.017410278,-0.39117432
2020-08-10 05:00:00,299.13733,283.65985,-0.1186676,-0.80607605
2020-08-10 06:00:00,299.88824,283.3935,-0.46751404,-1.1956635
2020-08-10 07:00:00,300.31418,284.7689,-0.044143677,-1.0202827
2020-08-10 08:00:00,300.99335,285.06927,-0.3734131,-1.5354633
2020-08-10 09:00:00,300.8319,284.89267,-0.30189514,-0.78170586
2020-08-10 10:00:00,301.03467,284.80835,0.48594666,0.031954765
2020-08-10 11:00:00,301.14218,285.0063,1.5585938,-1.6316471
2020-08-10 12:00:00,299.45386,285.3814,1.370575,-0.7321224
2020-08-10 13:00:00,298.23264,286.47723,0.60749817,2.080392
2020-08-10 14:00:00,295.909,287.0395,0.27772522,2.0450535
2020-08-10 15:00:00,293.41205,286.333,0.1592102,2.6209555
2020-08-10 16:00:00,291.62534,285.91083,0.18940735,2.8859081
2020-08-10 17:00:00,290.891,285.83163,0.19656372,2.8837948
2020-08-10 18:00:00,290.1261,285.44952,0.14929199,2.9478874
2020-08-10 19:00:00,289.666,285.45544,0.16368103,2.9630594
2020-08-10 20:00:00,289.79187,284.9037,0.11790466,2.9097853
2020-08-10 21:00:00,289.12958,284.63702,0.07128906,3.0743484
2020-08-10 22:00:00,288.81454,284.22766,0.075424194,3.132286
2020-08-10 23:00:00,288.7956,283.30493,0.017791748,3.1732578
2020-08-11 00:00:00,288.88858,282.69745,-0.027633667,3.2405434
2020-08-11 01:00:00,288.96533,283.61523,0.11633301,3.1879673
2020-08-11 02:00:00,291.5396,287.7158,0.064315796,2.2032166
2020-08-11 03:00:00,296.6153,289.92734,-0.43399048,0.10584068
2020-08-11 04:00:00,299.29974,284.11426,-0.54348755,-1.0599108
2020-08-11 05:00:00,299.82162,283.79523,0.13114929,-1.7383118
2020-08-11 06:00:00,300.2486,283.84857,0.66542053,-2.1262512
2020-08-11 07:00:00,300.3922,285.39188,-0.24081421,-2.7544708
2020-08-11 08:00:00,300.0017,283.82144,-0.58673096,-2.5183868
2020-08-11 09:00:00,300.0946,284.03488,-0.14823914,-1.0988159
2020-08-11 10:00:00,300.12897,283.6131,0.48588562,-0.90504456
2020-08-11 11:00:00,299.80573,283.34747,1.3335876,-2.4469118
2020-08-11 12:00:00,298.28345,284.2213,2.5853882,-0.33973694
2020-08-11 13:00:00,296.94217,285.25836,2.183197,-0.4434967
2020-08-11 14:00:00,294.66354,285.72845,1.659256,-0.7161102
2020-08-11 15:00:00,293.2727,285.662,0.81648254,1.3855591
2020-08-11 16:00:00,291.9987,285.5434,0.247818,1.9665833
2020-08-11 17:00:00,290.97073,285.55313,0.14234924,1.9046631
2020-08-11 18:00:00,290.5468,285.17328,-0.082962036,2.0294342
2020-08-11 19:00:00,288.81308,284.096,-0.38824463,2.5698395
2020-08-11 20:00:00,288.66833,284.00555,-0.38635254,2.2994232
2020-08-11 21:00:00,289.8908,283.4211,-0.5980072,1.7136688
2020-08-11 22:00:00,293.08826,282.28925,-0.95199585,0.7679901
2020-08-11 23:00:00,293.06662,281.96964,-0.9062958,0.5297699
2020-08-12 00:00:00,292.81952,281.68845,-0.6244812,0.7385254
2020-08-12 01:00:00,292.5053,281.19525,-0.401886,0.87571716
2020-08-12 02:00:00,293.2315,281.5371,0.0064697266,0.17260742
2020-08-12 03:00:00,294.32144,282.15808,0.10543823,-0.9344177
2020-08-12 04:00:00,295.5302,281.9807,0.72288513,-1.7763977
2020-08-12 05:00:00,296.27832,282.1335,0.8552551,-2.0101166
2020-08-12 06:00:00,297.13052,282.40045,0.9497223,-2.18013
2020-08-12 07:00:00,297.89264,285.1953,0.5184326,-2.0937347
2020-08-12 08:00:00,298.17554,284.7043,0.68392944,-1.7793732
2020-08-12 09:00:00,299.0395,285.04785,0.68673706,-1.646637
2020-08-12 10:00:00,298.74445,283.87646,0.8963165,-0.9475708
2020-08-12 11:00:00,298.66168,283.6477,1.4481049,-0.247818
2020-08-12 12:00:00,298.21243,284.951,1.1756134,-0.29411316
2020-08-12 13:00:00,296.69693,286.40985,0.74601746,1.2524872
2020-08-12 14:00:00,294.8974,286.1591,-0.08050537,1.4351501
2020-08-12 15:00:00,292.86346,285.13354,-0.25416565,1.8268433
2020-08-12 16:00:00,291.22534,284.4451,0.011367798,2.1321564
2020-08-12 17:00:00,289.88013,284.4464,0.27426147,2.4010315
2020-08-12 18:00:00,289.08978,284.43488,0.5121765,2.3746185
2020-08-12 19:00:00,288.81003,284.38824,0.2693329,2.3889923
2020-08-12 20:00:00,288.62848,283.89694,0.32687378,2.2972307
2020-08-12 21:00:00,289.3144,283.50873,0.41090393,1.9391642
2020-08-12 22:00:00,292.17114,282.83954,0.06248474,1.3512688
2020-08-12 23:00:00,293.24298,282.7051,-0.4958954,0.9432392
2020-08-13 00:00:00,291.56012,282.9386,-0.516037,1.3416548
2020-08-13 01:00:00,291.1084,283.2708,-0.44728088,1.3917866
2020-08-13 02:00:00,293.4568,283.43817,-0.15861511,-0.131711
2020-08-13 03:00:00,294.06482,284.7553,0.18496704,-0.9248371
2020-08-13 04:00:00,294.84985,283.8988,0.3125,-1.6346931
2020-08-13 05:00:00,295.11484,282.86792,0.70913696,-2.2957916
2020-08-13 06:00:00,294.92114,282.16125,2.0084229,-2.7554836
2020-08-13 07:00:00,295.31696,282.65173,1.6655273,-2.539627
2020-08-13 08:00:00,294.88885,282.1082,2.4177399,-2.4994516
2020-08-13 09:00:00,292.5346,283.33606,2.3664856,-0.8171997
2020-08-13 10:00:00,292.49786,283.68478,1.1690826,-0.030441284
2020-08-13 11:00:00,292.96625,283.77087,-0.4740448,-0.94947815
2020-08-13 12:00:00,292.6209,283.27408,-0.7539978,-1.1504211
2020-08-13 13:00:00,291.5056,285.5283,-0.12684631,-0.7695923
2020-08-13 14:00:00,291.59924,283.99976,-0.27093506,0.6849518
2020-08-13 15:00:00,289.72458,284.58688,-0.8162384,1.4288635
2020-08-13 16:00:00,288.48535,283.73636,-0.72372437,1.7794342
2020-08-13 17:00:00,286.70474,282.71216,-0.4479065,2.3646183
2020-08-13 18:00:00,285.34528,282.2076,-0.22172546,2.748413
2020-08-13 19:00:00,284.78943,282.52325,-0.083465576,2.9146729
2020-08-13 20:00:00,285.20187,282.7533,-0.15312195,2.926941
2020-08-13 21:00:00,285.31885,282.69547,-0.18891907,3.0053253
2020-08-13 22:00:00,285.5061,282.7436,-0.22015381,3.0874176
2020-08-13 23:00:00,285.45886,282.5448,-0.20211792,3.2373657
2020-08-14 00:00:00,285.99097,281.41418,-0.16622925,3.4122314
2020-08-14 01:00:00,286.83563,281.3856,-0.04472351,3.3603058
2020-08-14 02:00:00,289.4934,283.7441,-0.08218384,2.5738525
2020-08-14 03:00:00,293.50568,285.1157,0.011764526,0.95799255
2020-08-14 04:00:00,296.04028,281.54062,-0.085006714,-0.8337097
2020-08-14 05:00:00,297.04218,281.97205,-0.22872925,-1.4789124
2020-08-14 06:00:00,297.8671,281.7822,-0.11979675,-1.5625
2020-08-14 07:00:00,298.22824,281.9923,0.00039672852,-1.5054779
2020-08-14 08:00:00,298.69592,281.99432,0.19804382,-1.1143188
2020-08-14 09:00:00,298.9895,281.94153,0.4709015,-0.47470093
2020-08-14 10:00:00,299.26413,281.71545,0.46270752,-0.038116455
2020-08-14 11:00:00,299.1748,281.278,0.53926086,0.22642517
2020-08-14 12:00:00,298.8315,281.98273,0.78034973,0.5112915
2020-08-14 13:00:00,297.3731,286.8474,0.736557,0.85647583
2020-08-14 14:00:00,294.7004,283.93372,0.45646667,1.7055511
2020-08-14 15:00:00,291.05847,282.95605,0.17805481,2.6226196
2020-08-14 16:00:00,288.93768,282.80792,0.13716125,2.942398
2020-08-14 17:00:00,287.82202,282.92456,0.21627808,3.1242828
2020-08-14 18:00:00,287.24802,282.84528,0.21525574,3.2445068
2020-08-14 19:00:00,287.35312,282.095,0.22506714,3.2296448
2020-08-14 20:00:00,286.87915,282.02808,0.22183228,3.208252
2020-08-14 21:00:00,286.6493,281.6693,0.2270546,3.2038116
2020-08-14 22:00:00,286.54214,281.26624,0.21306038,3.256897
2020-08-14 23:00:00,286.33105,280.99854,0.18936157,3.2870178
2020-08-15 00:00:00,286.05157,280.6888,0.13794804,3.3502655
2020-08-15 01:00:00,286.584,281.3701,0.1347351,3.2152405
2020-08-15 02:00:00,289.66614,285.4071,0.10763264,2.263504
2020-08-15 03:00:00,295.51147,286.96808,0.18061352,0.053359985
2020-08-15 04:00:00,297.95682,282.35876,0.16362858,-1.1798859
2020-08-15 05:00:00,298.8659,281.6856,-0.07649517,-1.5139465
2020-08-15 06:00:00,299.7005,281.0462,-0.114886284,-1.6875153
2020-08-15 07:00:00,300.29132,281.89853,-0.5133972,-1.0744171
2020-08-15 08:00:00,300.95892,281.77676,-0.27748108,-0.5556946
2020-08-15 09:00:00,301.2089,281.5021,0.57318115,0.15985107
2020-08-15 10:00:00,301.4411,282.1311,0.8851471,0.7570286
2020-08-15 11:00:00,301.46747,282.00525,0.71910095,-0.19812584
2020-08-15 12:00:00,300.99463,283.25513,0.6143036,-0.24107456
2020-08-15 13:00:00,298.8285,286.29788,0.16473389,1.9054108
2020-08-15 14:00:00,295.57733,285.64038,0.28364563,2.7158146
2020-08-15 15:00:00,293.1281,286.24847,0.19793701,2.8952274
2020-08-15 16:00:00,291.75378,286.61053,0.16252136,2.9807024
2020-08-15 17:00:00,290.6742,286.5631,0.29745483,2.9973621
2020-08-15 18:00:00,290.1228,286.264,0.267807,2.9808903
2020-08-15 19:00:00,289.8893,284.03705,0.36735535,3.0775871
2020-08-15 20:00:00,289.25275,283.68872,0.40689087,3.15757
2020-08-15 21:00:00,288.7725,283.5316,0.32815552,3.2936783
2020-08-15 22:00:00,288.4001,283.38428,0.2895813,3.3838768
2020-08-15 23:00:00,288.2511,283.24316,0.25289917,3.4508247
2020-08-16 00:00:00,288.29156,283.15173,0.21559143,3.4750443
2020-08-16 01:00:00,288.8087,283.701,0.20005798,3.3846989
2020-08-16 02:00:00,291.80347,287.40265,0.15034485,2.4596634
2020-08-16 03:00:00,297.37442,289.2829,0.3264618,0.29142952
2020-08-16 04:00:00,300.1239,285.09543,0.5656891,-1.0091505
2020-08-16 05:00:00,300.9193,284.85175,0.48214722,-1.3277655
2020-08-16 06:00:00,301.85013,284.75806,0.458313,-1.6738462
2020-08-16 07:00:00,302.1983,285.5295,0.65805054,-1.8115311
2020-08-16 08:00:00,302.41724,285.174,0.5550232,-1.7415361
2020-08-16 09:00:00,301.93585,285.0769,1.9299316,1.4564896
2020-08-16 10:00:00,301.49548,286.91644,2.0201263,1.3359528
2020-08-16 11:00:00,301.311,287.83334,2.2127228,0.05210495
2020-08-16 12:00:00,299.89154,287.15128,2.4326935,0.4721861
2020-08-16 13:00:00,298.09036,287.45163,1.9484863,-0.14233398
2020-08-16 14:00:00,296.21753,285.86304,0.94906616,-1.3423061
2020-08-16 15:00:00,297.00537,283.78598,-0.1361084,0.09926033
2020-08-16 16:00:00,294.45718,285.42688,-0.7108002,1.025526
2020-08-16 17:00:00,293.63547,285.10638,-1.2662811,0.7546272
2020-08-16 18:00:00,293.6057,285.28384,-0.79823303,1.1759558
2020-08-16 19:00:00,291.55746,285.305,-1.3369751,1.6264334
2020-08-16 20:00:00,289.77295,285.18402,-0.13182068,2.6126804
2020-08-16 21:00:00,289.40698,285.46683,-0.12019348,2.6593227
2020-08-16 22:00:00,289.5351,285.3571,-0.23254395,2.7325287
2020-08-16 23:00:00,289.63922,285.34808,-0.0907135,2.725586
2020-08-17 00:00:00,289.40186,285.06598,-0.12556458,2.808731
2020-08-17 01:00:00,289.33188,285.22382,-0.04345703,2.8507385
2020-08-17 02:00:00,291.7232,288.43723,-0.008087158,2.006424
2020-08-17 03:00:00,297.52002,288.50464,-0.16622925,-0.14614868
2020-08-17 04:00:00,299.28775,286.49066,-0.34957886,-1.3621216
2020-08-17 05:00:00,300.162,286.35797,-0.2875061,-1.9411011
2020-08-17 06:00:00,300.74918,286.39685,-0.059310913,-1.27211
2020-08-17 07:00:00,301.278,286.5444,-0.036514282,-1.5151978
2020-08-17 08:00:00,301.89178,286.4784,-0.2736206,-0.9735565
2020-08-17 09:00:00,302.62903,286.15524,-0.7305298,-2.3036652
2020-08-17 10:00:00,302.1291,284.6952,-0.57899475,-1.6475983
2020-08-17 11:00:00,301.51556,284.49506,1.040268,-0.08887386
2020-08-17 12:00:00,300.17032,287.86865,1.1848145,1.3215456
2020-08-17 13:00:00,298.3432,290.9213,1.0795135,0.9523144
2020-08-17 14:00:00,299.2706,287.27762,0.22238159,0.41749954
2020-08-17 15:00:00,297.9662,286.768,0.2661438,0.7056742
2020-08-17 16:00:00,296.88843,286.7276,-0.0154418945,0.7594261
2020-08-17 17:00:00,293.93796,287.09125,-1.5068817,0.39151096
2020-08-17 18:00:00,291.1948,286.97797,-1.853653,1.3783503
2020-08-17 19:00:00,292.2265,284.94678,0.33192444,1.7543344
2020-08-17 20:00:00,291.70886,285.0868,1.8524323,0.56692123
2020-08-17 21:00:00,289.75714,285.24545,2.3762207,-0.837801
2020-08-17 22:00:00,289.6762,285.50317,1.6581726,-0.87483597
2020-08-17 23:00:00,289.41437,286.11328,1.0835876,-0.97467995
2020-08-18 00:00:00,288.5286,286.53485,0.72839355,-1.1541243
2020-08-18 01:00:00,287.42432,286.34506,0.7003174,-1.445427
2020-08-18 02:00:00,288.23764,286.8325,0.83677673,-1.8713446
2020-08-18 03:00:00,288.0827,286.54602,0.8009796,-1.9832106
2020-08-18 04:00:00,287.86823,286.03076,0.81562805,-2.0065308
2020-08-18 05:00:00,287.5948,285.58774,0.6230316,-1.727521
2020-08-18 06:00:00,287.82755,285.50058,0.37615967,-1.5405788
2020-08-18 07:00:00,288.56427,286.35767,-0.7305298,-0.72639847
2020-08-18 08:00:00,289.19897,286.69733,-1.4717865,-0.037952423
2020-08-18 09:00:00,289.73065,286.49542,-2.2264252,-0.27243614
2020-08-18 10:00:00,290.5713,285.6634,-2.6003723,0.21650791
2020-08-18 11:00:00,291.54047,284.48065,-2.5326385,0.40795135
2020-08-18 12:00:00,292.04776,284.002,-2.1315765,1.1661482
2020-08-18 13:00:00,291.65448,284.49576,-1.6673889,0.80107117
2020-08-18 14:00:00,290.33792,283.92633,-1.3069,1.8761444
2020-08-18 15:00:00,289.25482,283.8957,-0.6792755,2.1551666
2020-08-18 16:00:00,288.12433,283.66528,-0.5005951,2.2312775
2020-08-18 17:00:00,287.41846,283.154,-0.47087097,2.2689667
2020-08-18 18:00:00,286.8949,282.71234,-0.41505432,2.2730865
2020-08-18 19:00:00,286.4156,283.00665,-0.59140015,2.3649359
2020-08-18 20:00:00,286.50665,282.90405,-0.3704834,2.1795788
2020-08-18 21:00:00,286.8747,282.44836,-0.48292542,1.9192991
2020-08-18 22:00:00,288.1766,281.82623,-0.41297913,1.5793343
2020-08-18 23:00:00,290.3344,281.43216,-0.058044434,1.2223349
2020-08-19 00:00:00,290.62952,281.23422,-0.047195435,0.9324007
2020-08-19 01:00:00,290.74738,281.54834,-0.044677734,1.2373829
2020-08-19 02:00:00,291.56073,281.91174,0.095184326,0.1488142
2020-08-19 03:00:00,291.9875,282.72876,0.3120575,-0.925642
2020-08-19 04:00:00,293.1653,282.10684,0.48939514,-1.563302
2020-08-19 05:00:00,294.04117,281.59705,0.3554535,-1.7177439
2020-08-19 06:00:00,294.84802,281.7817,0.64212036,-1.7421665
2020-08-19 07:00:00,294.86325,282.34723,0.13409424,-1.9592428
2020-08-19 08:00:00,295.43414,282.66626,0.12265015,-1.4068651
2020-08-19 09:00:00,295.93716,283.03558,0.20458984,-1.2153444
2020-08-19 10:00:00,296.27936,283.4613,0.2499237,-0.8720026
2020-08-19 11:00:00,296.64667,283.57684,0.21342468,-0.85366344
2020-08-19 12:00:00,295.7299,282.68417,0.32455444,-0.29633808
2020-08-19 13:00:00,294.407,287.6494,0.363739,0.80649567
2020-08-19 14:00:00,292.41345,285.574,0.30618286,1.3746853
2020-08-19 15:00:00,289.8651,284.54187,0.013458252,2.42031
2020-08-19 16:00:00,288.1296,284.31174,-0.11276245,2.6268167
2020-08-19 17:00:00,287.36243,283.5708,-0.18699646,2.713211
2020-08-19 18:00:00,286.88824,283.09888,-0.10293579,2.7825317
2020-08-19 19:00:00,286.76892,282.53558,-0.005264282,2.8202667
2020-08-19 20:00:00,285.99915,282.2353,0.16690063,2.8533983
2020-08-19 21:00:00,285.72626,282.0837,0.26843262,2.8551197
2020-08-19 22:00:00,285.24036,281.77618,0.33203125,2.9459343
2020-08-19 23:00:00,284.90018,281.5282,0.343338,2.9606762
2020-08-20 00:00:00,284.67825,281.2613,0.37928772,2.9623203
2020-08-20 01:00:00,285.12054,281.68384,0.3848877,2.7408638
2020-08-20 02:00:00,288.42792,285.08203,0.32881165,1.6397486
2020-08-20 03:00:00,293.26425,283.45258,0.76623535,-0.75253296
2020-08-20 04:00:00,294.27692,283.55936,0.7931366,-1.1262245
2020-08-20 05:00:00,295.47708,284.09116,0.8588867,-1.8079987
2020-08-20 06:00:00,296.41754,284.632,0.8119354,-1.6348886
2020-08-20 07:00:00,296.903,285.01007,0.65867615,-1.5677319
2020-08-20 08:00:00,297.44476,284.84924,0.24935913,-1.7390938
2020-08-20 09:00:00,297.85504,284.3731,0.821167,-1.2225056
2020-08-20 10:00:00,297.64728,284.08716,1.3514862,-0.6445055
2020-08-20 11:00:00,297.11597,283.5228,1.7582397,0.045503616
2020-08-20 12:00:00,295.93225,283.82513,1.9452972,1.092308
2020-08-20 13:00:00,294.18994,284.41357,1.4134521,1.4497204
2020-08-20 14:00:00,292.2161,284.6828,0.69966125,1.9556789
2020-08-20 15:00:00,290.45786,285.17383,0.0073547363,2.237278
2020-08-20 16:00:00,289.3667,285.43835,-0.31591797,2.3764496
2020-08-20 17:00:00,288.45026,285.026,-0.2518158,2.5159712
2020-08-20 18:00:00,287.77734,284.6803,-0.12458801,2.5494318
2020-08-20 19:00:00,286.77893,284.60565,0.16323853,2.9761295
2020-08-20 20:00:00,286.45514,284.11093,0.18455505,2.933854
2020-08-20 21:00:00,286.51962,283.78036,0.14755249,2.8439665
2020-08-20 22:00:00,286.34814,282.94336,0.09020996,2.8139153
2020-08-20 23:00:00,286.12357,282.23584,-0.004486084,2.7639294
2020-08-21 00:00:00,286.07855,281.87012,-0.07777405,2.650813
2020-08-21 01:00:00,286.11328,282.05746,-0.032821655,2.3989143
2020-08-21 02:00:00,289.1419,284.04803,-0.04119873,1.4789324
2020-08-21 03:00:00,292.39758,284.85004,-0.27722168,0.030177116
2020-08-21 04:00:00,294.19928,282.8092,0.23434448,-0.6261015
2020-08-21 05:00:00,294.94553,282.45728,0.98506165,-1.3625183
2020-08-21 06:00:00,295.36563,282.09665,0.537735,-1.8749542
2020-08-21 07:00:00,295.7717,281.6912,0.7157898,-1.6687527
2020-08-21 08:00:00,296.0865,281.00024,0.7710266,-1.7080965
2020-08-21 09:00:00,296.36853,280.76935,0.86294556,-1.1528625
2020-08-21 10:00:00,296.71597,281.19672,0.5146637,-1.0983734
2020-08-21 11:00:00,296.35486,280.84686,0.37506104,-0.44024658
2020-08-21 12:00:00,296.11975,281.26108,-0.4651947,0.50847054
2020-08-21 13:00:00,294.7367,284.14877,-1.0267639,1.2115297
2020-08-21 14:00:00,292.169,283.55994,-0.92485046,2.005948
2020-08-21 15:00:00,289.97952,283.49374,-0.64323425,2.4634266
2020-08-21 16:00:00,288.3526,283.3991,-0.52459717,2.722021
2020-08-21 17:00:00,287.44843,283.1867,-0.2706604,2.7544603
2020-08-21 18:00:00,286.54883,282.71545,0.0023651123,2.8405046
2020-08-21 19:00:00,286.18756,281.83176,0.09996033,3.0016174
2020-08-21 20:00:00,285.73105,281.52435,0.14556885,3.0299683
2020-08-21 21:00:00,285.55664,281.24133,0.21795654,3.0831242
2020-08-21 22:00:00,285.2857,280.8615,0.2712555,3.1678066
2020-08-21 23:00:00,285.0574,280.50528,0.3299408,3.2196188
2020-08-22 00:00:00,284.90802,280.16574,0.41555786,3.225113
2020-08-22 01:00:00,285.1855,280.34424,0.5136566,3.0665588
2020-08-22 02:00:00,287.99854,283.99686,0.5371399,1.9980679
2020-08-22 03:00:00,293.8509,283.86356,1.1021118,-0.47483063
2020-08-22 04:00:00,295.49286,283.02203,1.1610107,-1.5505371
2020-08-22 05:00:00,296.5962,283.38138,0.8686676,-2.125
2020-08-22 06:00:00,297.6203,283.43286,0.7334137,-2.2574615
2020-08-22 07:00:00,298.9322,284.59128,0.3231659,-2.3750153
2020-08-22 08:00:00,299.56085,284.4559,0.3811798,-2.4351044
2020-08-22 09:00:00,299.8827,284.16425,0.2855835,-1.914978
2020-08-22 10:00:00,300.0713,283.94684,0.96195984,-1.6340485
2020-08-22 11:00:00,299.98685,283.81952,1.0568848,-1.221283
2020-08-22 12:00:00,299.47995,285.226,0.80166626,-1.1778107
2020-08-22 13:00:00,298.52386,287.32416,0.7908478,-0.42895508
2020-08-22 14:00:00,295.8105,284.88242,0.9529114,1.3256989
2020-08-22 15:00:00,292.66757,283.6654,0.9703369,2.1334076
2020-08-22 16:00:00,292.11017,282.60736,1.0072021,2.0662384
2020-08-22 17:00:00,292.2814,281.60434,0.9697113,1.8795776
2020-08-22 18:00:00,291.69434,281.04947,0.7092743,1.9836426
2020-08-22 19:00:00,295.13068,280.70276,0.5016937,1.5098419
2020-08-22 20:00:00,295.37668,280.13892,0.05831909,1.4576263
2020-08-22 21:00:00,294.9787,279.78125,-0.27749634,1.5413513
2020-08-22 22:00:00,293.1503,279.57385,-0.2728119,1.7195587
2020-08-22 23:00:00,291.87387,279.29047,-0.042037964,1.8907623
2020-08-23 00:00:00,290.9256,278.94495,0.09385681,2.0205536
2020-08-23 01:00:00,290.4515,278.9741,0.19273376,2.0759277
2020-08-23 02:00:00,295.0564,278.78046,0.12849426,1.2068939
2020-08-23 03:00:00,295.005,286.61337,0.09944153,-0.51968384
2020-08-23 04:00:00,297.81476,281.36108,0.49829102,-1.4567719
2020-08-23 05:00:00,298.59552,281.90192,0.67141724,-2.0017242
2020-08-23 06:00:00,299.4191,282.3119,0.6348877,-2.0708923
2020-08-23 07:00:00,300.55356,282.8044,0.4429016,-2.3132477
2020-08-23 08:00:00,300.90747,282.8255,0.11618042,-1.7183533
2020-08-23 09:00:00,301.4638,283.02478,0.37091064,-1.3959808
2020-08-23 10:00:00,301.7497,283.10068,0.44117737,-1.1238098
2020-08-23 11:00:00,301.90356,283.25388,0.29403687,-1.1766815
2020-08-23 12:00:00,301.05664,287.57053,0.52664185,-0.87545776
2020-08-23 13:00:00,300.31778,286.5019,0.95565796,-0.32511902
2020-08-23 14:00:00,296.47675,284.9123,1.166748,1.6386719
2020-08-23 15:00:00,293.6234,284.15155,0.8542938,2.4591064
2020-08-23 16:00:00,292.10574,283.6242,0.5510254,2.6440582
2020-08-23 17:00:00,291.74982,282.9723,0.2914276,2.568634
2020-08-23 18:00:00,290.71252,282.4479,-0.05783081,2.829605
2020-08-23 19:00:00,289.13007,284.4607,0.016540527,3.583252
2020-08-23 20:00:00,289.61917,284.34082,0.012145996,3.5334473
2020-08-23 21:00:00,290.0367,283.92883,0.12272644,3.5800629
2020-08-23 22:00:00,290.46857,283.44183,0.21743774,3.5856934
2020-08-23 23:00:00,290.77893,282.88483,0.1505127,3.563095
2020-08-24 00:00:00,290.89246,282.24866,0.12971497,3.5799103
2020-08-24 01:00:00,291.06274,282.72745,0.1852417,3.550171
2020-08-24 02:00:00,293.27234,285.99445,0.18043518,2.9121704
2020-08-24 03:00:00,297.93066,292.06433,0.05873108,1.2602539
2020-08-24 04:00:00,302.7132,284.06192,0.14450073,-0.55677795
2020-08-24 05:00:00,303.68347,285.44232,0.78974915,-1.5895844
2020-08-24 06:00:00,304.23706,285.90665,1.6250305,-1.8206329
2020-08-24 07:00:00,303.33795,286.68515,3.749298,-0.06808472
2020-08-24 08:00:00,303.51233,286.7894,3.134964,-0.9815674
2020-08-24 09:00:00,302.99292,287.42004,0.38023376,-0.42581177
2020-08-24 10:00:00,303.9043,286.42474,-2.3589935,-0.041732788
2020-08-24 11:00:00,303.85532,286.917,-2.760666,-0.3011322
2020-08-24 12:00:00,302.16193,289.22958,-1.6790009,0.495636
2020-08-24 13:00:00,300.31567,290.01624,0.6127777,2.3123627
2020-08-24 14:00:00,297.14362,289.68286,0.3557434,2.7736597
2020-08-24 15:00:00,295.0625,288.4665,-0.6309662,3.0603771
2020-08-24 16:00:00,295.0194,287.09235,-0.86058044,3.064292
2020-08-24 17:00:00,293.1443,286.86407,-0.17501831,3.2789764
2020-08-24 18:00:00,291.7812,285.95953,0.027420044,3.4045458
2020-08-24 19:00:00,293.00226,284.73453,0.29315186,3.1403036
2020-08-24 20:00:00,292.08234,284.28738,1.6262207,2.6070747
2020-08-24 21:00:00,292.04327,283.79565,1.2935791,2.0893574
2020-08-24 22:00:00,296.79095,282.66525,0.68421936,0.6190672
2020-08-24 23:00:00,296.28418,282.49615,-0.46878052,0.2615776
2020-08-25 00:00:00,295.3181,282.47772,-1.0525665,0.085536
2020-08-25 01:00:00,294.31598,282.36737,-1.0625305,0.0784893
2020-08-25 02:00:00,293.93274,284.19092,-0.74832153,-0.6058016
2020-08-25 03:00:00,295.2639,284.51123,-0.4756317,-1.8672247
2020-08-25 04:00:00,295.6823,284.68683,-0.25584412,-2.1251354
2020-08-25 05:00:00,296.3551,284.95465,0.23594666,-2.299162
2020-08-25 06:00:00,296.54175,285.02066,0.5223694,-2.679225
2020-08-25 07:00:00,296.588,284.4815,1.0639954,-2.4298391
2020-08-25 08:00:00,296.76733,284.68573,1.651886,-2.4357328
2020-08-25 09:00:00,296.44788,284.92853,1.1807556,-1.9434805
2020-08-25 10:00:00,296.6126,285.2364,0.9871521,-1.9416647
2020-08-25 11:00:00,296.09717,285.21695,0.89393616,-1.9923143
2020-08-25 12:00:00,295.03076,285.42657,0.5855255,-0.53381443
2020-08-25 13:00:00,293.97168,287.1598,0.07496643,0.822505
2020-08-25 14:00:00,292.41754,288.28644,-0.3157959,1.2170801
2020-08-25 15:00:00,291.2798,288.68323,-0.80960083,0.6218109
2020-08-25 16:00:00,290.2302,288.23483,-1.6933441,-0.14323044
2020-08-25 17:00:00,289.70398,287.8219,-1.852951,0.8373022
2020-08-25 18:00:00,289.4618,287.34225,-1.7422943,1.0641985
2020-08-25 19:00:00,289.11694,286.43607,-1.246872,0.961936
2020-08-25 20:00:00,288.87036,285.77875,-0.98532104,1.239522
2020-08-25 21:00:00,288.9513,285.22177,-0.9728241,1.2107563
2020-08-25 22:00:00,288.4707,284.86313,-0.6661835,1.5716982
2020-08-25 23:00:00,290.84952,284.919,-0.3405304,1.2574005
2020-08-26 00:00:00,291.26147,284.87158,-0.001876831,1.2846832
2020-08-26 01:00:00,290.01846,284.30707,0.1144104,1.4396057
2020-08-26 02:00:00,292.0815,285.59732,0.15115356,0.58776855
2020-08-26 03:00:00,293.19495,286.387,0.17671204,-0.9118042
2020-08-26 04:00:00,294.45477,286.54688,0.26119995,-1.8079529
2020-08-26 05:00:00,295.0885,286.7383,0.3028717,-2.0441895
2020-08-26 06:00:00,295.82697,286.2248,0.63975525,-2.0815125
2020-08-26 07:00:00,295.86426,286.41156,0.4355011,-2.3160095
2020-08-26 08:00:00,296.59967,286.25983,0.3824005,-2.6955414
2020-08-26 09:00:00,296.1682,285.79132,1.029419,-2.7514496
2020-08-26 10:00:00,295.30478,285.83533,1.3914948,-2.175537
2020-08-26 11:00:00,294.64117,285.03333,2.0346222,-1.4117126
2020-08-26 12:00:00,293.2995,286.40186,2.5476685,-0.28785706
2020-08-26 13:00:00,291.90875,287.75482,2.7950134,-0.46391392
2020-08-26 14:00:00,290.62665,287.38535,3.6038818,-0.89172935
2020-08-26 15:00:00,288.9725,286.09088,3.8860626,-0.9466553
2020-08-26 16:00:00,287.51892,284.4814,4.2820587,-1.1057129
2020-08-26 17:00:00,286.1643,283.85995,3.5239563,-0.96580505
2020-08-26 18:00:00,285.69562,283.53723,1.4864349,-0.4482727
2020-08-26 19:00:00,286.24988,284.943,-0.12843323,-1.0770874
2020-08-26 20:00:00,286.32053,285.0052,-0.107162476,-0.94644165
2020-08-26 21:00:00,286.34918,285.01752,0.41204834,-1.3368778
2020-08-26 22:00:00,286.01254,284.67334,0.74684143,-1.5333891
2020-08-26 23:00:00,285.61694,284.56885,0.61035156,-1.2684326
2020-08-27 00:00:00,285.38684,284.4154,0.18424988,-0.86776733
2020-08-27 01:00:00,285.50107,284.30103,-0.59602356,-0.57554626
2020-08-27 02:00:00,286.01453,284.51184,-0.36190796,-0.61073303
2020-08-27 03:00:00,286.3881,284.51996,0.08898926,-1.1768494
2020-08-27 04:00:00,287.09335,284.49725,0.0022583008,-1.6324615
2020-08-27 05:00:00,287.84802,284.5626,0.17462158,-1.8361053
2020-08-27 06:00:00,288.39005,284.3761,0.2169342,-1.673645
2020-08-27 07:00:00,288.51227,285.25458,-0.00022888184,-1.632679
2020-08-27 08:00:00,288.31165,285.75818,0.42321777,-1.7826195
2020-08-27 09:00:00,288.75293,286.42804,0.6555157,-1.5575209
2020-08-27 10:00:00,288.70392,286.15698,0.8885727,-0.90799713
2020-08-27 11:00:00,288.50827,285.364,0.7553339,-0.6756449
2020-08-27 12:00:00,289.14642,285.44403,0.76472855,-0.8243332
2020-08-27 13:00:00,288.36536,284.93774,0.54888916,-0.9207306
2020-08-27 14:00:00,287.87244,284.73117,0.05607605,-0.06968689
2020-08-27 15:00:00,288.1709,284.66577,-0.08848572,-0.2705841
2020-08-27 16:00:00,287.42358,284.71463,-0.11717224,-0.5419779
2020-08-27 17:00:00,287.02463,284.58734,-0.34188843,0.3897648
2020-08-27 18:00:00,285.56198,283.363,-0.41175842,1.3306856
2020-08-27 19:00:00,284.50482,281.72833,-0.76664734,1.4160271
2020-08-27 20:00:00,284.4544,280.84793,-0.47888184,1.5808859
2020-08-27 21:00:00,284.32953,280.1126,-0.3439026,1.6817684
2020-08-27 22:00:00,283.38483,279.42023,-0.21827698,1.8825731
2020-08-27 23:00:00,282.22986,278.68152,-0.11920166,2.1596813
2020-08-28 00:00:00,280.93085,278.1037,-0.1318512,2.563366
2020-08-28 01:00:00,280.8263,278.73315,-0.082733154,2.7287388
2020-08-28 02:00:00,283.85095,282.393,-0.11956787,1.9095135
2020-08-28 03:00:00,289.5589,281.52103,-0.5483551,0.009319305
2020-08-28 04:00:00,291.2029,281.17392,-0.8698883,-0.83552647
2020-08-28 05:00:00,292.46576,281.75424,-0.7111969,-1.14573
2020-08-28 06:00:00,293.59625,282.1058,-0.5302124,-1.3571854
2020-08-28 07:00:00,294.41565,282.5812,-0.986557,-1.7310162
2020-08-28 08:00:00,294.94495,282.58435,-0.89727783,-1.635107
2020-08-28 09:00:00,295.29413,282.47754,-0.81362915,-1.4786854
2020-08-28 10:00:00,295.4038,282.24164,-0.8711395,-1.0637989
2020-08-28 11:00:00,295.36954,282.07477,-0.94288635,-0.43841362
2020-08-28 12:00:00,295.01324,282.5385,-0.82359314,0.30197144
2020-08-28 13:00:00,293.52924,285.5008,-0.6055908,1.034339
2020-08-28 14:00:00,290.8636,283.95984,-0.38181877,1.8190479
2020-08-28 15:00:00,288.61255,283.22723,-0.36619568,2.290907
2020-08-28 16:00:00,286.8981,282.47266,-0.5326767,2.5407867
2020-08-28 17:00:00,285.78204,281.81293,-0.535635,2.6522827
2020-08-28 18:00:00,284.9278,281.38303,-0.38279724,2.7697449
2020-08-28 19:00:00,286.0874,280.66403,-0.34428406,2.3951416
2020-08-28 20:00:00,285.42218,280.334,-0.13024902,2.44516
2020-08-28 21:00:00,284.3264,279.94995,-0.09111023,2.636797
2020-08-28 22:00:00,283.1073,279.6363,-0.12705994,2.9503117
2020-08-28 23:00:00,282.4912,279.72284,-0.06846619,3.1823025
2020-08-29 00:00:00,282.40472,279.91022,-0.11265564,3.30719
2020-08-29 01:00:00,282.80426,280.12927,-0.0990448,3.2612915
2020-08-29 02:00:00,285.47864,282.60345,-0.08430481,2.4213104
2020-08-29 03:00:00,290.93698,286.12317,-0.36376953,0.25413513
2020-08-29 04:00:00,294.44482,282.07114,-0.4706726,-1.2373352
2020-08-29 05:00:00,295.55933,282.40332,-0.5501709,-1.7519073
2020-08-29 06:00:00,296.6053,282.62524,-0.45535278,-1.9585266
2020-08-29 07:00:00,297.54272,283.09464,-0.9080963,-2.31073
2020-08-29 08:00:00,298.01526,282.71515,-0.7241211,-2.2559662
2020-08-29 09:00:00,298.3103,282.56134,-0.4667511,-1.697855
2020-08-29 10:00:00,298.29514,282.45538,-0.14181519,-1.243103
2020-08-29 11:00:00,298.15906,282.2539,0.08100891,-0.9382477
2020-08-29 12:00:00,297.68848,281.30463,0.08905029,-0.37290955
2020-08-29 13:00:00,297.50134,280.35434,0.021713257,0.0496521
2020-08-29 14:00:00,296.38757,280.5686,0.028778076,0.81681824
2020-08-29 15:00:00,294.5588,281.19196,0.29730225,1.355484
2020-08-29 16:00:00,294.26993,280.98825,0.23027039,1.3578033
2020-08-29 17:00:00,293.39032,280.98846,0.24620056,1.4618378
2020-08-29 18:00:00,292.32147,280.9508,0.20788574,1.5697937
2020-08-29 19:00:00,291.8169,280.37616,-0.1537323,1.6289864
2020-08-29 20:00:00,289.55792,280.3487,0.13916016,1.9084778
2020-08-29 21:00:00,288.73358,280.31482,0.43399048,1.9883118
2020-08-29 22:00:00,288.59558,280.266,0.411438,2.0065918
2020-08-29 23:00:00,289.04376,280.20996,0.14863586,1.9471283
2020-08-30 00:00:00,289.0855,280.11,-0.08973694,1.9268036
2020-08-30 01:00:00,289.16577,280.15375,-0.049591064,1.9140778
2020-08-30 02:00:00,292.89978,280.83167,0.036392212,1.1230316
2020-08-30 03:00:00,292.25244,286.4118,0.20562744,-0.5463257
2020-08-30 04:00:00,295.11755,282.94806,0.3996277,-1.2190704
2020-08-30 05:00:00,295.93912,283.27557,0.64979553,-1.226944
2020-08-30 06:00:00,296.9156,283.73645,0.7726593,-1.6409302
2020-08-30 07:00:00,297.6642,284.08026,0.9584961,-1.3162384
2020-08-30 08:00:00,298.04504,283.73563,0.97958374,-1.1655579
2020-08-30 09:00:00,298.317,283.81995,0.9293213,-0.45747375
2020-08-30 10:00:00,298.10013,283.43774,1.2160034,0.19729614
2020-08-30 11:00:00,297.7125,283.32706,1.0037537,1.0411682
2020-08-30 12:00:00,297.04523,285.28802,0.5649414,1.2975006
2020-08-30 13:00:00,295.2185,286.84973,0.32991028,1.7097931
2020-08-30 14:00:00,291.9944,285.6443,0.27041626,2.6078186
2020-08-30 15:00:00,289.8935,285.4759,0.15802002,2.846527
2020-08-30 16:00:00,288.58728,284.94653,0.102996826,2.9820404
2020-08-30 17:00:00,288.12305,284.13196,0.12220764,2.9167328
2020-08-30 18:00:00,287.56363,283.33472,0.17375183,2.9503784
2020-08-30 19:00:00,286.94287,282.56293,0.2301178,3.048111
2020-08-30 20:00:00,286.5526,282.08606,0.29014587,3.0144043
2020-08-30 21:00:00,286.1715,281.5952,0.3527069,3.1319733
2020-08-30 22:00:00,285.7979,281.10724,0.3832245,3.233673
2020-08-30 23:00:00,285.58548,280.54114,0.4080963,3.2774658
2020-08-31 00:00:00,285.4649,279.85477,0.35365295,3.333725
2020-08-31 01:00:00,285.64407,279.6781,0.3283844,3.2824097
2020-08-31 02:00:00,288.03366,282.68335,0.30345154,2.556488
2020-08-31 03:00:00,293.89008,286.4901,0.23530579,0.5254822
2020-08-31 04:00:00,297.06607,282.80548,0.13546753,-0.9793854
2020-08-31 05:00:00,298.11996,283.7711,-0.056152344,-1.5993805
2020-08-31 06:00:00,299.12213,284.279,-0.059509277,-1.9344788
2020-08-31 07:00:00,299.80145,285.34604,0.39933777,-2.0807037
2020-08-31 08:00:00,300.04846,285.23666,1.0173645,-1.4924011
2020-08-31 09:00:00,300.34894,285.07736,1.3439026,-1.5759888
2020-08-31 10:00:00,300.02063,284.4489,0.684433,-1.6047821
2020-08-31 11:00:00,298.753,285.80133,1.4502716,0.31863403
2020-08-31 12:00:00,297.3858,286.59534,1.582489,1.45961
2020-08-31 13:00:00,295.9182,286.24652,1.6310883,1.4667044
2020-08-31 14:00:00,294.46814,286.51068,1.504837,0.4078865
2020-08-31 15:00:00,293.41437,285.24078,1.114212,-1.1041012
2020-08-31 16:00:00,294.0277,284.2157,0.21116638,-0.54247093
2020-08-31 17:00:00,293.66797,284.40155,-0.2959137,-0.28616714
2020-08-31 18:00:00,291.88654,284.53302,-0.06492615,-1.2145615
2020-08-31 19:00:00,289.14886,283.74292,-0.8008423,1.6279812
2020-08-31 20:00:00,292.22003,283.1947,-1.040329,0.79747677
2020-08-31 21:00:00,290.07605,282.9289,-1.0358887,1.2784853
2020-08-31 22:00:00,288.9486,282.37927,-0.83532715,1.7200203
2020-08-31 23:00:00,288.97656,281.97794,-0.6257324,1.8397379
2020-09-01 00:00:00,289.83716,281.748,-0.475708,1.7597084
2020-09-01 01:00:00,289.77985,281.90265,-0.15118408,1.7991838
2020-09-01 02:00:00,293.0383,283.22137,-0.12123108,0.85313225
2020-09-01 03:00:00,293.24884,286.40253,-0.029571533,-0.45942116
2020-09-01 04:00:00,294.30075,286.42035,-0.07321167,-1.0994034
2020-09-01 05:00:00,295.2169,286.07562,-0.18409729,-1.4423199
2020-09-01 06:00:00,296.11032,286.03345,-0.30387878,-1.8364792
2020-09-01 07:00:00,296.67932,286.2712,0.39865112,-1.4205103
2020-09-01 08:00:00,297.1926,286.56708,0.22157288,-1.344099
2020-09-01 09:00:00,296.72247,286.2174,-0.44352722,-0.65771866
2020-09-01 10:00:00,296.9801,285.82812,0.20809937,-1.6368504
2020-09-01 11:00:00,296.24463,285.16458,-0.18138123,-0.8743286
2020-09-01 12:00:00,296.0645,284.95746,-1.0309296,-0.7299652
2020-09-01 13:00:00,294.4844,285.73834,-1.4982605,-0.5510254
2020-09-01 14:00:00,292.3342,286.6479,-1.5522156,1.1037598
2020-09-01 15:00:00,291.0255,285.95975,-0.85014343,1.8381195
2020-09-01 16:00:00,290.20056,285.42767,-0.67370605,1.9706421
2020-09-01 17:00:00,289.25226,284.874,-0.56741333,2.1861267
2020-09-01 18:00:00,288.3816,284.3288,-0.5885773,2.3501892
2020-09-01 19:00:00,289.33142,283.674,-0.84994507,1.8091793
2020-09-01 20:00:00,289.11517,283.19147,-0.31330872,1.9936047
2020-09-01 21:00:00,288.73334,282.8499,-0.041931152,2.0976944
2020-09-01 22:00:00,287.78656,282.39536,0.13658142,2.334258
2020-09-01 23:00:00,287.61844,282.01028,0.1492157,2.3520355
2020-09-02 00:00:00,287.6573,281.74377,0.10308838,2.3184814
2020-09-02 01:00:00,287.9282,281.7257,0.011306763,2.286087
2020-09-02 02:00:00,291.005,283.3636,-0.053451538,1.6463318
2020-09-02 03:00:00,293.5133,287.95193,-0.24673462,-0.40353394
2020-09-02 04:00:00,296.3115,285.32962,-0.015823364,-1.2847595
2020-09-02 05:00:00,297.24573,285.75433,0.0836792,-1.693924
2020-09-02 06:00:00,298.20496,285.95514,0.43806458,-1.9347382
2020-09-02 07:00:00,298.6615,286.77707,1.2449036,-1.2720795
2020-09-02 08:00:00,299.72208,286.50366,1.2137146,-1.4751282
2020-09-02 09:00:00,299.6842,285.6164,1.1103821,-1.2121277
2020-09-02 10:00:00,300.1684,285.35638,0.45941162,-1.3683319
2020-09-02 11:00:00,299.5094,284.66876,0.3799286,-0.28782654
2020-09-02 12:00:00,298.797,288.38223,0.75283813,0.6282196
2020-09-02 13:00:00,297.1422,289.16418,0.8756561,0.89242554
2020-09-02 14:00:00,294.20258,286.49792,1.4762726,1.7876434
2020-09-02 15:00:00,292.27875,285.6558,1.4748993,2.2504883
2020-09-02 16:00:00,291.28384,285.9936,0.6467743,2.52314
2020-09-02 17:00:00,289.89948,285.99487,0.4864807,2.4435768
2020-09-02 18:00:00,289.50208,285.22598,0.4970703,2.3851337
2020-09-02 19:00:00,294.36926,283.63815,-0.45814514,0.9263916
2020-09-02 20:00:00,294.25372,283.30658,-0.3304596,0.3147354
2020-09-02 21:00:00,293.8166,282.96674,-0.30775452,-0.10356712
2020-09-02 22:00:00,293.12964,282.65076,-0.42718506,-0.28046417
2020-09-02 23:00:00,292.48544,282.3706,-0.04498291,0.014370918
2020-09-03 00:00:00,292.2141,282.1923,0.07879639,0.11434078
2020-09-03 01:00:00,291.8056,282.10645,0.02508545,-0.24244785
2020-09-03 02:00:00,291.49686,283.2804,-0.27378845,-0.43036652
2020-09-03 03:00:00,292.29736,284.3838,-0.26029968,-1.0066147
2020-09-03 04:00:00,292.58398,284.69733,-0.12207031,-1.1909151
2020-09-03 05:00:00,292.72723,285.70776,-0.15110779,-0.39440632
2020-09-03 06:00:00,292.42398,286.69934,-0.6592865,-0.44710445
2020-09-03 07:00:00,293.31262,287.3585,-0.75042725,0.29228115
2020-09-03 08:00:00,294.47827,286.16583,-0.5233917,-0.39583588
2020-09-03 09:00:00,294.97278,285.41583,-0.19697571,-0.29899597
2020-09-03 10:00:00,295.1499,284.0022,0.30467224,-0.0519228
2020-09-03 11:00:00,294.95587,282.86224,0.5905762,0.20878601
2020-09-03 12:00:00,294.0953,284.85202,-0.008514404,1.7122202
2020-09-03 13:00:00,292.56262,285.4894,-0.35714722,1.8445759
2020-09-03 14:00:00,290.19916,284.59375,-0.34017944,2.4968214
2020-09-03 15:00:00,288.61926,284.21927,0.010253906,2.7327728
2020-09-03 16:00:00,287.93915,283.86246,0.052230835,2.894989
2020-09-03 17:00:00,287.56958,283.4501,-0.027328491,2.9769592
2020-09-03 18:00:00,287.20685,282.69937,-0.10044861,3.0636292
2020-09-03 19:00:00,286.75818,282.28467,-0.17579651,3.4096832
2020-09-03 20:00:00,287.1577,281.3562,-0.19241333,3.350113
2020-09-03 21:00:00,287.44086,280.5429,-0.18510437,3.4549713
2020-09-03 22:00:00,287.4103,279.8154,-0.17845154,3.5734406
2020-09-03 23:00:00,287.58154,279.19342,-0.17514038,3.5920258
2020-09-04 00:00:00,287.31793,278.41895,-0.16404724,3.6805267
2020-09-04 01:00:00,287.8998,278.86884,-0.18374634,3.6801605
2020-09-04 02:00:00,289.25244,280.8058,-0.21870422,3.3373413
2020-09-04 03:00:00,292.419,285.4381,-0.28448486,2.0100098
2020-09-04 04:00:00,296.76343,280.51447,-0.62831116,0.72314453
2020-09-04 05:00:00,297.52933,279.69934,-0.2340393,-0.41197205
2020-09-04 06:00:00,297.989,280.0232,0.4915161,-0.64530945
2020-09-04 07:00:00,298.20572,281.23904,1.7012634,-1.0799866
2020-09-04 08:00:00,298.70947,281.2508,1.983551,-1.1099472
2020-09-04 09:00:00,298.22797,281.27118,1.8429565,-1.0329943
2020-09-04 10:00:00,298.26407,281.54553,1.6214447,-0.56401634
2020-09-04 11:00:00,297.99396,282.31268,1.5596619,0.069241524
2020-09-04 12:00:00,297.17252,282.64197,1.716568,-0.08039665
2020-09-04 13:00:00,294.8816,282.11884,1.212677,1.7152042
2020-09-04 14:00:00,292.1482,281.9992,0.28852844,2.8606262
2020-09-04 15:00:00,290.91425,281.97876,-0.1104126,3.2605953
2020-09-04 16:00:00,290.14697,282.30414,-0.13615417,3.1165066
2020-09-04 17:00:00,289.04572,282.17328,-0.041534424,3.0837307
2020-09-04 18:00:00,287.92908,281.80328,0.031539917,2.9458961
2020-09-04 19:00:00,286.7852,282.53156,0.11567688,2.8494282
2020-09-04 20:00:00,286.24023,281.99353,0.08178711,2.851118
2020-09-04 21:00:00,285.65414,281.36154,0.122283936,2.9873934
2020-09-04 22:00:00,285.4728,280.93753,0.1428833,3.0767498
2020-09-04 23:00:00,285.2447,280.61346,0.11540222,3.162384
2020-09-05 00:00:00,284.87372,280.25958,0.12788391,3.246292
2020-09-05 01:00:00,284.8036,279.99503,0.16964722,3.250824
2020-09-05 02:00:00,287.03232,282.41486,0.16001892,2.5286713
2020-09-05 03:00:00,292.2162,285.88654,0.20701599,0.6966858
2020-09-05 04:00:00,295.16266,281.89636,0.18974304,-0.5188904
2020-09-05 05:00:00,295.93896,281.81735,0.32278442,-0.8140564
2020-09-05 06:00:00,296.7874,281.80432,0.5887604,-0.7879791
2020-09-05 07:00:00,297.13312,282.5215,-0.44302368,-1.0767365
2020-09-05 08:00:00,297.22388,282.4126,-0.44540405,-1.6815491
2020-09-05 09:00:00,296.82968,281.67676,-0.108291626,-0.66812134
2020-09-05 10:00:00,297.0971,281.4657,-0.039916992,-0.6677704
2020-09-05 11:00:00,296.68634,281.27905,-0.06410217,-0.44647217
2020-09-05 12:00:00,296.24896,284.14407,-0.44581604,0.11857605
2020-09-05 13:00:00,295.3775,282.66843,-0.923996,-0.016677856
2020-09-05 14:00:00,294.13174,280.8263,-1.1242828,0.4342041
2020-09-05 15:00:00,291.96686,281.49573,-1.0503845,1.2023315
2020-09-05 16:00:00,290.7959,281.46338,-0.69311523,1.6198273
2020-09-05 17:00:00,289.51532,281.18317,-0.47105408,1.8715363
2020-09-05 18:00:00,291.44394,280.39496,-0.22434998,1.4995728
2020-09-05 19:00:00,292.31012,279.7397,-0.5487976,1.3361969
2020-09-05 20:00:00,292.24402,279.3592,-0.34062195,1.3638611
2020-09-05 21:00:00,291.9765,278.9595,0.07458496,1.4028625
2020-09-05 22:00:00,289.9496,278.63483,0.6118927,1.5982056
2020-09-05 23:00:00,288.3365,278.28806,1.1213837,1.5979614
2020-09-06 00:00:00,288.59967,277.93277,1.2350311,1.4151154
2020-09-06 01:00:00,288.0738,277.9264,1.0601349,1.559433
2020-09-06 02:00:00,288.16296,280.19812,0.65411377,1.7100677
2020-09-06 03:00:00,292.6451,278.88794,0.2137909,0.16926575
2020-09-06 04:00:00,293.8394,279.6058,0.5332489,-1.2760725
2020-09-06 05:00:00,294.46912,280.1686,0.9022064,-2.2160187
2020-09-06 06:00:00,294.71375,280.4018,1.1051178,-2.8634033
2020-09-06 07:00:00,294.4933,282.13715,1.9143677,-3.0595856
2020-09-06 08:00:00,294.504,281.78452,2.2839355,-2.8650208
2020-09-06 09:00:00,293.52548,281.01807,2.2212067,-2.3703003
2020-09-06 10:00:00,293.2558,280.12988,2.5782013,-2.471634
2020-09-06 11:00:00,292.26086,278.82684,2.7145233,-2.8526917
2020-09-06 12:00:00,290.60052,278.2682,2.928833,-1.9898224
2020-09-06 13:00:00,288.93488,279.0692,2.2073822,-0.7800293
2020-09-06 14:00:00,288.18896,280.07904,1.0818024,-0.5405121
2020-09-06 15:00:00,286.52075,281.98505,0.5104523,-1.3095245
2020-09-06 16:00:00,285.9774,281.96558,-0.20211792,-0.6698456
2020-09-06 17:00:00,285.49472,282.35413,-0.94573975,-0.24005127
2020-09-06 18:00:00,284.88928,282.37277,-1.2304993,-0.18003845
2020-09-06 19:00:00,284.53052,280.28192,-0.9843292,-0.5560913
2020-09-06 20:00:00,284.2317,279.90424,-0.80999756,-0.58303833
2020-09-06 21:00:00,283.85364,279.75873,-0.61465454,-0.69425964
2020-09-06 22:00:00,283.48425,279.5683,-0.6214142,-0.77578735
2020-09-06 23:00:00,283.15833,279.23682,-0.7145386,-0.590271
2020-09-07 00:00:00,282.78937,279.05103,-0.84609985,-0.60261154
2020-09-07 01:00:00,282.068,278.24982,-0.81629944,-0.6283703
2020-09-07 02:00:00,282.79523,278.20755,-0.4124756,-0.8962383
2020-09-07 03:00:00,283.91553,275.3221,0.064453125,-1.4680214
2020-09-07 04:00:00,284.68927,274.2574,0.41990662,-1.5365906
2020-09-07 05:00:00,285.34735,274.04163,0.3262024,-1.3713531
2020-09-07 06:00:00,286.714,274.3482,0.035629272,-1.3604126
2020-09-07 07:00:00,288.13373,275.62646,-0.4096527,-1.4063416
2020-09-07 08:00:00,289.22955,276.10156,-0.75723267,-1.1433716
2020-09-07 09:00:00,290.2397,276.53287,-0.7847748,-1.0195618
2020-09-07 10:00:00,290.59906,276.5391,-0.806427,-1.41156
2020-09-07 11:00:00,290.5885,276.4978,-0.87854004,-1.2389374
2020-09-07 12:00:00,290.14404,276.23645,-0.9938812,-1.0437622
2020-09-07 13:00:00,288.9549,279.3271,-0.8082428,-0.36679077
2020-09-07 14:00:00,288.81085,275.5996,-0.47207642,0.5964813
2020-09-07 15:00:00,288.58307,275.40985,-0.04573059,0.9474182
2020-09-07 16:00:00,288.3959,274.8958,0.46029663,0.72340393
2020-09-07 17:00:00,287.88824,274.30002,0.9500122,0.6542969
2020-09-07 18:00:00,286.39563,273.87476,1.3208923,0.6806793
2020-09-07 19:00:00,285.31995,274.2066,1.1510315,0.9598999
2020-09-07 20:00:00,282.89337,274.0599,1.2337189,1.425415
2020-09-07 21:00:00,282.59384,273.88617,1.0803833,1.5905762
2020-09-07 22:00:00,283.99512,273.61572,0.85658264,1.4041901
2020-09-07 23:00:00,283.85522,273.44885,0.6243286,1.529419
2020-09-08 00:00:00,284.56006,273.27496,0.5093384,1.470459
2020-09-08 01:00:00,285.3678,273.2187,0.62319946,1.2914276
2020-09-08 02:00:00,285.7782,273.90683,0.8542328,0.63064575
2020-09-08 03:00:00,286.60358,277.2007,0.873703,-0.6462097
2020-09-08 04:00:00,288.542,275.7461,0.99546814,-1.3934326
2020-09-08 05:00:00,289.73822,276.1266,0.8952484,-1.7299347
2020-09-08 06:00:00,290.94247,276.571,0.8091736,-1.9054565
2020-09-08 07:00:00,292.26004,277.3376,0.5769806,-2.1288452
2020-09-08 08:00:00,292.97784,277.14142,0.771286,-1.8536987
2020-09-08 09:00:00,293.37665,276.99408,1.0183105,-1.558075
2020-09-08 10:00:00,293.47266,276.90338,1.0399323,-1.3092346
2020-09-08 11:00:00,293.18542,276.7116,0.94633484,-1.1123352
2020-09-08 12:00:00,292.6496,277.0103,0.81985474,-0.6848297
2020-09-08 13:00:00,291.5514,278.12402,0.8280487,0.16238403
2020-09-08 14:00:00,288.48987,278.15634,0.84391785,1.3872986
2020-09-08 15:00:00,287.53687,277.41547,0.73876953,1.5849152
2020-09-08 16:00:00,290.07147,275.67285,0.5863037,1.1586609
2020-09-08 17:00:00,289.75577,275.14395,0.32832336,0.95770264
2020-09-08 18:00:00,289.26495,274.8581,0.06086731,0.9359894
2020-09-08 19:00:00,288.68793,275.1521,-0.0069732666,0.81710815
2020-09-08 20:00:00,288.29138,274.99625,0.019317627,1.1573639
2020-09-08 21:00:00,288.0141,274.8518,0.105545044,1.2250366
2020-09-08 22:00:00,287.8719,274.726,0.15316772,1.2731171
2020-09-08 23:00:00,287.67252,274.6644,0.2172699,1.3055267
2020-09-09 00:00:00,287.43085,274.60016,0.07713318,1.4091339
2020-09-09 01:00:00,287.26123,274.72775,-0.15486145,1.5072651
2020-09-09 02:00:00,288.01202,275.37122,-0.2598114,0.9603863
2020-09-09 03:00:00,287.90527,281.7624,0.042892456,-0.5556593
2020-09-09 04:00:00,290.7956,277.48267,0.3607025,-1.3590736
2020-09-09 05:00:00,291.86926,277.48538,0.35258484,-1.6145945
2020-09-09 06:00:00,292.788,277.64465,0.33154297,-1.8568125
2020-09-09 07:00:00,293.84897,278.51715,0.3774109,-1.9467869
2020-09-09 08:00:00,294.11755,278.41992,0.68888855,-1.4027357
2020-09-09 09:00:00,294.39264,278.37787,0.70466614,-1.014884
2020-09-09 10:00:00,294.6301,278.45782,0.74372864,-0.8077097
2020-09-09 11:00:00,294.35895,278.0166,0.7719574,-0.4216118
2020-09-09 12:00:00,293.6997,278.14484,0.8388214,0.19276142
2020-09-09 13:00:00,291.6578,281.33215,0.4806366,1.2903566
2020-09-09 14:00:00,288.6687,280.43066,0.44561768,2.1463175
2020-09-09 15:00:00,286.79565,280.76883,0.47779846,2.3557281
2020-09-09 16:00:00,285.44897,280.6301,0.46383667,2.4862213
2020-09-09 17:00:00,284.28915,280.3443,0.47476196,2.6109848
2020-09-09 18:00:00,283.74234,280.08813,0.3678131,2.5438213
2020-09-09 19:00:00,283.13818,279.50195,0.20443726,2.7518845
2020-09-09 20:00:00,282.70282,279.30115,0.18623352,2.712616
2020-09-09 21:00:00,282.3477,279.21106,0.22857666,2.7635193
2020-09-09 22:00:00,282.08142,279.21814,0.24072266,2.772293
2020-09-09 23:00:00,281.91718,279.21008,0.23332214,2.7816162
2020-09-10 00:00:00,281.66272,279.1068,0.12426758,2.776535
2020-09-10 01:00:00,282.10107,279.37286,0.07319641,2.62146
2020-09-10 02:00:00,285.03644,281.48337,0.07243347,1.8131866
2020-09-10 03:00:00,290.2516,283.01575,0.06100464,-0.09539986
2020-09-10 04:00:00,292.26077,281.54114,-0.048095703,-1.1810474
2020-09-10 05:00:00,293.0854,281.51334,0.03668213,-1.5074701
2020-09-10 06:00:00,293.87515,281.67407,0.17610168,-1.7036486
2020-09-10 07:00:00,294.30728,281.748,0.121795654,-1.7928619
2020-09-10 08:00:00,294.64777,281.63654,0.38008118,-1.5644131
2020-09-10 09:00:00,294.80515,281.32965,0.40498352,-1.1254673
2020-09-10 10:00:00,294.37515,280.8538,0.31326294,-0.6646118
2020-09-10 11:00:00,294.27997,280.74655,0.2982025,-0.084293365
2020-09-10 12:00:00,293.8294,284.9192,0.26016235,0.55318165
2020-09-10 13:00:00,294.06644,280.3606,-0.0032043457,0.18794441
2020-09-10 14:00:00,293.1754,280.34116,-0.31150818,-0.001657486
2020-09-10 15:00:00,291.87677,280.38702,-1.0133057,0.48090363
2020-09-10 16:00:00,287.83282,280.33597,-1.4503784,1.3549538
2020-09-10 17:00:00,285.95026,280.01443,-1.2156525,1.9037657
2020-09-10 18:00:00,285.56644,279.87228,-0.8152466,2.060791
2020-09-10 19:00:00,284.31213,279.3672,-0.3334961,2.4092407
2020-09-10 20:00:00,282.86035,279.17255,-0.097732544,2.7893982
2020-09-10 21:00:00,282.2373,279.25668,0.015167236,3.0807037
2020-09-10 22:00:00,282.10043,279.50763,0.0045776367,3.2439575
2020-09-10 23:00:00,282.3893,279.56964,-0.062088013,3.303894
2020-09-11 00:00:00,282.26672,279.18225,-0.061691284,3.4328613
2020-09-11 01:00:00,282.30777,278.80576,-0.02658081,3.4798737
2020-09-11 02:00:00,284.62646,280.17126,-0.020248413,2.7992096
2020-09-11 03:00:00,291.32803,282.0412,-0.22245789,0.84942627
2020-09-11 04:00:00,293.63052,279.54236,-0.18548584,-0.9203186
2020-09-11 05:00:00,294.80865,280.23096,0.35456848,-1.5114441
2020-09-11 06:00:00,295.56824,280.7391,0.5930176,-1.6126099
2020-09-11 07:00:00,296.42676,281.56885,0.45109558,-1.552166
2020-09-11 08:00:00,297.0002,281.53436,0.35247803,-1.7218409
2020-09-11 09:00:00,297.38818,281.06177,0.5179138,-1.6864653
2020-09-11 10:00:00,297.0146,280.25006,0.99905396,-0.65655136
2020-09-11 11:00:00,296.7243,279.8755,0.90586853,-0.5235853
2020-09-11 12:00:00,295.37784,286.8023,0.9189148,-0.12682629
2020-09-11 13:00:00,295.07538,279.30188,0.640625,0.78118896
2020-09-11 14:00:00,289.9936,281.6095,0.54615784,2.1593475
2020-09-11 15:00:00,287.80353,280.69543,0.45521545,2.5818787
2020-09-11 16:00:00,286.50793,279.66333,0.1981659,2.7865143
2020-09-11 17:00:00,285.755,279.50342,0.1876831,2.821106
2020-09-11 18:00:00,285.1565,279.3869,0.18984985,2.9188232
2020-09-11 19:00:00,284.66675,279.30444,0.13700867,3.1674194
2020-09-11 20:00:00,284.2848,278.76575,0.13670349,3.2336578
2020-09-11 21:00:00,284.1056,278.1526,0.20959473,3.3587036
2020-09-11 22:00:00,283.90982,277.54477,0.26080322,3.4457703
2020-09-11 23:00:00,283.8329,276.95172,0.31402588,3.520813
2020-09-12 00:00:00,283.787,276.42908,0.34022522,3.5420074
2020-09-12 01:00:00,283.92795,276.48047,0.40101624,3.5446892
2020-09-12 02:00:00,285.83307,279.0226,0.407547,2.8885193
2020-09-12 03:00:00,291.98083,282.79248,0.81404114,0.74279976
2020-09-12 04:00:00,294.90692,280.10785,2.5925903,-1.5850363
2020-09-12 05:00:00,294.36417,280.56165,3.5005493,-1.705226
2020-09-12 06:00:00,294.59583,280.90863,3.3463593,-1.6843653
2020-09-12 07:00:00,295.17603,280.40656,3.1124878,-2.8084583
2020-09-12 08:00:00,294.60504,280.3064,2.9342957,-2.499298
2020-09-12 09:00:00,293.7583,280.69995,2.993637,-2.8018856
2020-09-12 10:00:00,292.94067,281.2411,2.7755432,-2.8414345
2020-09-12 11:00:00,291.51562,281.44403,2.3321228,-3.0302925
2020-09-12 12:00:00,290.123,281.48865,1.9411469,-2.4350262
2020-09-12 13:00:00,288.568,281.49957,1.7859039,-0.826293
2020-09-12 14:00:00,287.21408,282.98563,1.0088348,0.392004
2020-09-12 15:00:00,285.8932,282.83823,-0.3728485,1.2518997
2020-09-12 16:00:00,284.50696,281.9516,-0.80226135,1.7617226
2020-09-12 17:00:00,284.21442,281.8235,-0.790802,1.8487587
2020-09-12 18:00:00,283.48376,281.29663,-0.6800842,2.1325111
2020-09-12 19:00:00,286.7336,280.66696,-0.8543701,1.0714569
2020-09-12 20:00:00,286.9776,280.51587,-1.0979156,0.8276062
2020-09-12 21:00:00,285.88394,280.1552,-1.359726,0.73602295
2020-09-12 22:00:00,284.7433,279.66534,-1.4608307,0.93299866
2020-09-12 23:00:00,283.67206,279.006,-1.5104675,1.2309208
2020-09-13 00:00:00,282.51703,278.20197,-1.4251099,1.6927185
2020-09-13 01:00:00,281.5852,277.632,-1.2450104,2.0489807
2020-09-13 02:00:00,283.02063,279.5199,-0.9231262,1.8536835
2020-09-13 03:00:00,288.06738,281.63196,-1.3385925,0.1103611
2020-09-13 04:00:00,290.8284,278.7729,-1.5971375,-1.0347977
2020-09-13 05:00:00,292.18152,278.38348,-1.2334442,-1.6528511
2020-09-13 06:00:00,293.41278,278.47098,-0.84155273,-1.9472809
2020-09-13 07:00:00,294.16437,279.3197,-0.76564026,-2.0569763
2020-09-13 08:00:00,295.03668,279.30774,-0.49638367,-2.0612946
2020-09-13 09:00:00,295.46637,279.24365,-0.5041504,-1.8415833
2020-09-13 10:00:00,295.5545,278.9569,-0.51878357,-1.6573181
2020-09-13 11:00:00,295.37396,278.76068,-0.42466736,-1.3877563
2020-09-13 12:00:00,294.5447,280.82196,-0.32054138,-0.9300842
2020-09-13 13:00:00,294.3178,276.98566,0.21247864,-0.19772339
2020-09-13 14:00:00,292.47128,277.71982,0.90652466,0.97317505
2020-09-13 15:00:00,290.87714,277.79404,1.0563507,1.1820679
2020-09-13 16:00:00,292.2598,276.91193,0.85569763,1.069519
2020-09-13 17:00:00,291.67358,276.6124,0.5258026,1.1395569
2020-09-13 18:00:00,291.13965,276.38144,0.3153534,1.1624908
2020-09-13 19:00:00,288.30542,276.19824,-0.09957886,1.7805634
2020-09-13 20:00:00,286.94073,276.19727,0.12271118,1.9877167
2020-09-13 21:00:00,286.90723,276.06146,0.2800293,1.9835052
2020-09-13 22:00:00,287.24783,275.8714,0.30490112,1.9219513
2020-09-13 23:00:00,288.101,275.6416,0.23439026,1.7984161
2020-09-14 00:00:00,288.8791,275.4002,0.15180969,1.7081604
2020-09-14 01:00:00,288.79364,275.2865,0.11264038,1.7162628
2020-09-14 02:00:00,290.30945,275.3783,0.09341431,1.2626038
2020-09-14 03:00:00,291.44696,276.6438,0.19638062,-0.31422424
2020-09-14 04:00:00,292.84915,278.5797,0.5966339,-1.2268524
2020-09-14 05:00:00,293.9936,279.35004,0.6907196,-1.8046265
2020-09-14 06:00:00,295.0111,279.6294,0.68392944,-2.2432861
2020-09-14 07:00:00,295.79095,279.54175,0.6748657,-2.0758972
2020-09-14 08:00:00,296.38055,279.3725,0.8694916,-1.8888397
2020-09-14 09:00:00,296.21912,278.93658,1.1762543,-1.6419983
2020-09-14 10:00:00,296.2197,278.79248,1.2618866,-0.753479
2020-09-14 11:00:00,295.97156,278.7328,1.0529327,-0.40696716
2020-09-14 12:00:00,294.7776,282.72083,1.2826843,0.31637573
2020-09-14 13:00:00,292.0819,281.13586,1.5802612,1.0789337
2020-09-14 14:00:00,289.22455,279.43817,1.424118,2.328415
2020-09-14 15:00:00,287.3051,279.65408,0.84425354,2.4720154
2020-09-14 16:00:00,285.88898,280.07535,0.59843445,2.4562073
2020-09-14 17:00:00,285.71973,279.776,0.43696594,2.2568817
2020-09-14 18:00:00,286.7508,279.38824,0.27127075,1.827774
2020-09-14 19:00:00,285.81012,278.58615,0.13545227,2.022293
2020-09-14 20:00:00,284.39914,278.6372,0.57240295,2.2243652
2020-09-14 21:00:00,283.13776,278.90094,0.5102234,2.4243622
2020-09-14 22:00:00,282.4748,279.27838,0.2137909,2.6318207
2020-09-14 23:00:00,282.13373,279.74432,-0.15792847,2.8360443
2020-09-15 00:00:00,281.61725,279.6159,-0.04586792,3.0251617
2020-09-15 01:00:00,282.0799,280.17694,-0.017440796,2.9868164
2020-09-15 02:00:00,283.71957,281.8374,-0.061706543,2.6118774
2020-09-15 03:00:00,288.80322,285.46118,-0.20162964,1.1525726
2020-09-15 04:00:00,292.4372,280.38544,-0.90104675,-0.3408661
2020-09-15 05:00:00,293.44424,279.8482,-0.73750305,-0.79289246
2020-09-15 06:00:00,294.42944,280.033,-0.062408447,-1.2319946
2020-09-15 07:00:00,295.51,279.11597,-0.38624573,-2.0462341
2020-09-15 08:00:00,295.8631,279.11804,-0.5106201,-2.1520233
2020-09-15 09:00:00,296.0905,278.99866,-0.6201172,-2.3109283
2020-09-15 10:00:00,296.0147,278.68665,-0.9080353,-2.6299744
2020-09-15 11:00:00,295.37018,278.61127,-0.89759827,-2.279831
2020-09-15 12:00:00,294.247,281.9838,-0.5669098,-1.2420197
2020-09-15 13:00:00,293.93585,278.33316,-0.040100098,-0.5534363
2020-09-15 14:00:00,292.93546,277.9473,0.684906,1.0916901
2020-09-15 15:00:00,289.97903,277.98923,0.64764404,1.7428284
2020-09-15 16:00:00,289.84454,277.4051,0.3353119,1.8558197
2020-09-15 17:00:00,291.0827,276.77255,0.27778625,1.6868439
2020-09-15 18:00:00,291.10324,276.39035,0.3427124,1.6751862
2020-09-15 19:00:00,285.85034,276.30872,0.24902344,2.5571136
2020-09-15 20:00:00,285.79214,275.9256,0.371521,2.4499207
2020-09-15 21:00:00,285.39648,275.55804,0.51065063,2.4358215
2020-09-15 22:00:00,285.66296,275.2081,0.5713806,2.2703247
2020-09-15 23:00:00,286.27643,274.83545,0.47564697,2.0778046
2020-09-16 00:00:00,285.7682,274.53516,0.2554779,2.1483002
2020-09-16 01:00:00,284.78003,274.45862,-0.026763916,2.2776031
2020-09-16 02:00:00,286.10828,275.5526,-0.2962036,2.0236359
2020-09-16 03:00:00,291.86932,275.66254,-0.8713379,0.23487854
2020-09-16 04:00:00,293.44672,277.26294,-0.9202728,-1.0711212
2020-09-16 05:00:00,294.7185,278.496,-0.89590454,-1.9258575
2020-09-16 06:00:00,295.7655,279.0681,-0.7424774,-2.5517578
2020-09-16 07:00:00,296.70886,279.23193,-0.6521301,-3.5353394
2020-09-16 08:00:00,297.1396,279.1881,-0.22842407,-3.8867035
2020-09-16 09:00:00,297.0472,278.78238,0.1683197,-3.8502045
2020-09-16 10:00:00,296.838,278.68384,0.5964813,-2.8000488
2020-09-16 11:00:00,296.49838,278.55786,0.781723,-2.4927979
2020-09-16 12:00:00,295.00507,281.83032,0.7780304,-1.4002228
2020-09-16 13:00:00,292.8009,279.9413,1.4819183,-0.8275299
2020-09-16 14:00:00,290.24377,278.28717,1.9324646,-0.19107056
2020-09-16 15:00:00,289.58292,277.21384,1.7362976,0.44525146
2020-09-16 16:00:00,291.29907,275.9956,1.3669586,0.32099915
2020-09-16 17:00:00,291.27066,275.49158,1.0723572,0.15519714
2020-09-16 18:00:00,290.7119,275.22614,0.7314453,0.23492432
2020-09-16 19:00:00,290.62067,274.10956,0.46739197,0.25382996
2020-09-16 20:00:00,290.24637,273.81677,0.102767944,0.50619507
2020-09-16 21:00:00,290.101,273.50195,-0.12898254,0.31704712
2020-09-16 22:00:00,289.83673,273.24512,-0.024719238,0.32585144
2020-09-16 23:00:00,289.5421,273.149,0.5397949,0.27288818
2020-09-17 00:00:00,289.04636,273.169,0.6939392,0.09895325
2020-09-17 01:00:00,288.34268,273.06967,0.36134338,0.062042236
2020-09-17 02:00:00,288.21643,273.30804,-0.12834167,-0.33587646
2020-09-17 03:00:00,287.64355,278.3254,-0.3242798,-0.9760437
2020-09-17 04:00:00,290.2754,276.0222,-0.28512573,-1.822586
2020-09-17 05:00:00,291.18146,276.51453,-0.122299194,-2.1272736
2020-09-17 06:00:00,291.7005,277.03436,-0.100631714,-2.8049927
2020-09-17 07:00:00,292.67322,276.70627,0.68659973,-4.3756256
2020-09-17 08:00:00,292.49097,276.97607,1.057373,-4.325409
2020-09-17 09:00:00,291.99097,277.2754,2.0189972,-2.8174896
2020-09-17 10:00:00,291.30225,277.26477,1.7674408,-2.9334106
2020-09-17 11:00:00,290.59137,277.0134,1.8663025,-3.0796967
2020-09-17 12:00:00,288.6859,277.17807,2.0465393,-2.8187103
2020-09-17 13:00:00,286.88452,277.33026,1.5449371,-2.6215363
2020-09-17 14:00:00,285.36227,278.17328,0.9291992,-2.498703
2020-09-17 15:00:00,284.237,278.76855,0.65104675,-2.3846893
2020-09-17 16:00:00,283.1884,279.65326,0.50657654,-2.222519
2020-09-17 17:00:00,282.48773,280.31586,0.5414429,-2.2245178
2020-09-17 18:00:00,281.72726,280.98724,0.42892456,-2.0952148
2020-09-17 19:00:00,280.30072,279.8239,0.572464,-1.9624481
2020-09-17 20:00:00,280.0294,279.25238,0.54389954,-1.6619263
2020-09-17 21:00:00,279.8432,279.0515,-0.0043640137,-1.4697571
2020-09-17 22:00:00,279.61444,279.19037,-1.2172089,-0.669754
2020-09-17 23:00:00,279.284,278.67236,-2.1894684,-0.16241455
2020-09-18 00:00:00,279.40094,278.66577,-1.9879303,0.41799927
2020-09-18 01:00:00,279.22748,278.1834,-1.7717896,0.25639343
2020-09-18 02:00:00,279.54184,278.2588,-1.5277405,0.18058777
2020-09-18 03:00:00,282.1694,278.55212,-1.6895599,-0.5231018
2020-09-18 04:00:00,284.07697,277.4896,-1.6022186,-1.4855194
2020-09-18 05:00:00,285.42322,276.1455,-1.1801453,-2.0119324
2020-09-18 06:00:00,286.45074,275.4583,-0.7136841,-2.453354
2020-09-18 07:00:00,287.01666,275.67188,-0.5407562,-2.746109
2020-09-18 08:00:00,287.43945,275.46655,-0.36608887,-2.672943
2020-09-18 09:00:00,287.79144,275.22726,-0.14163208,-2.6807709
2020-09-18 10:00:00,287.781,274.70636,-0.06434631,-2.5895386
2020-09-18 11:00:00,287.241,274.01462,0.081344604,-2.169098
2020-09-18 12:00:00,286.50018,273.34415,0.2782898,-1.3810272
2020-09-18 13:00:00,285.5433,276.60516,0.66204834,-0.04837036
2020-09-18 14:00:00,284.8324,275.00665,0.7669983,0.4472351
2020-09-18 15:00:00,285.30347,273.48975,0.18269348,0.37939453
2020-09-18 16:00:00,284.7837,274.65723,-0.11439514,0.59552
2020-09-18 17:00:00,284.3424,275.9151,-0.5663452,0.29859924
2020-09-18 18:00:00,283.02066,277.4236,-0.89068604,0.5350189
2020-09-18 19:00:00,281.18402,277.99954,-0.2909546,1.1357574
2020-09-18 20:00:00,280.2572,278.53745,-0.020370483,1.5087433
2020-09-18 21:00:00,280.25378,278.92227,-0.014846802,1.6634674
2020-09-18 22:00:00,280.35178,279.27838,-0.17251587,1.5708618
2020-09-18 23:00:00,280.50836,279.265,-0.24395752,1.4167328
2020-09-19 00:00:00,280.7201,278.87878,-0.28579712,1.2476044
2020-09-19 01:00:00,282.11853,278.4677,-0.43614197,0.849411
2020-09-19 02:00:00,282.42435,278.70593,-0.8641815,0.2579956
2020-09-19 03:00:00,283.01773,280.08948,-1.0137482,-0.23812866
2020-09-19 04:00:00,284.1842,278.98328,-1.633728,-0.6804199
2020-09-19 05:00:00,284.42618,278.57797,-1.7985382,-1.057724
2020-09-19 06:00:00,285.1853,278.0531,-2.0194244,-1.2337799
2020-09-19 07:00:00,287.61865,277.6976,-1.4213104,-1.6897125
2020-09-19 08:00:00,288.01917,277.71515,-1.1316986,-1.5384674
2020-09-19 09:00:00,288.2876,277.63885,-1.1891174,-1.7349701
2020-09-19 10:00:00,288.084,277.44553,-1.3543243,-1.7685242
2020-09-19 11:00:00,287.65436,277.35568,-1.2602081,-1.5082855
2020-09-19 12:00:00,286.95453,277.5296,-0.8592987,-1.3076172
2020-09-19 13:00:00,285.52466,278.98694,-0.43234253,-0.897995
2020-09-19 14:00:00,285.25928,277.14227,-0.49098206,-0.4256134
2020-09-19 15:00:00,284.9204,276.8094,-0.7780609,0.38020802
2020-09-19 16:00:00,283.5952,276.4516,-0.8176727,1.1075621
2020-09-19 17:00:00,281.33185,275.75125,-0.61105347,1.7088003
2020-09-19 18:00:00,279.80493,274.99954,-0.3988495,2.1932344
2020-09-19 19:00:00,279.68494,274.63226,-0.38642883,2.240058
2020-09-19 20:00:00,278.60315,274.05328,-0.36447144,2.5596905
2020-09-19 21:00:00,277.6817,273.41864,0.04876709,2.9808846
2020-09-19 22:00:00,277.287,272.7785,0.21421814,3.2632446
2020-09-19 23:00:00,277.32718,271.94073,0.15429688,3.4460297
2020-09-20 00:00:00,277.64838,270.86365,0.12324524,3.556961
2020-09-20 01:00:00,277.56055,269.83682,0.058685303,3.733368
2020-09-20 02:00:00,279.53052,271.10272,0.006713867,3.4185333
2020-09-20 03:00:00,283.98468,276.14026,-0.15533447,2.3636627
2020-09-20 04:00:00,288.7734,272.6329,-0.898468,1.0114899
2020-09-20 05:00:00,290.92365,273.16196,-0.9468231,-0.10380554
2020-09-20 06:00:00,292.64328,273.956,-0.48143005,-0.48828125
2020-09-20 07:00:00,294.0429,273.73895,-0.15518188,-0.6889496
2020-09-20 08:00:00,294.7963,274.40955,0.44628906,-0.8047943
2020-09-20 09:00:00,295.24475,274.9177,0.894989,-1.0546722
2020-09-20 10:00:00,295.1942,275.2984,1.0704346,-1.3034058
2020-09-20 11:00:00,294.6501,276.2503,0.7418823,-1.207016
2020-09-20 12:00:00,293.1368,281.45575,0.66075134,-0.675766
2020-09-20 13:00:00,292.87665,274.7182,0.5607605,0.72029114
2020-09-20 14:00:00,286.72974,275.53818,0.2749176,2.4390411
2020-09-20 15:00:00,284.0404,274.28818,0.07583618,3.2346802
2020-09-20 16:00:00,282.31677,273.76727,0.08956909,3.6074982
2020-09-20 17:00:00,281.59592,273.49115,0.1534729,3.8071594
2020-09-20 18:00:00,281.48456,272.96396,0.2287445,3.857544
2020-09-20 19:00:00,281.39755,272.78177,0.12620544,3.9616852
2020-09-20 20:00:00,281.428,271.79227,0.1729126,3.8689423
2020-09-20 21:00:00,281.31976,270.79108,0.21006775,3.8592377
2020-09-20 22:00:00,281.1409,269.8134,0.21125793,3.881775
2020-09-20 23:00:00,280.97278,268.948,0.20137024,3.9147797
2020-09-21 00:00:00,280.93274,268.2267,0.16098022,3.925354
2020-09-21 01:00:00,280.91522,268.2861,0.11602783,3.9169312
2020-09-21 02:00:00,282.4762,271.12048,0.0904541,3.495636
2020-09-21 03:00:00,286.2033,278.21478,0.039474487,2.2305012
2020-09-21 04:00:00,291.2979,274.8777,-0.36863708,-0.11076355
2020-09-21 05:00:00,292.96848,275.33478,-0.19448853,-1.0879412
2020-09-21 06:00:00,293.99646,275.63394,-0.008300781,-1.6337585
2020-09-21 07:00:00,294.5031,276.01587,0.119018555,-2.1212463
2020-09-21 08:00:00,294.7885,276.30374,0.18721008,-2.033783
2020-09-21 09:00:00,294.9788,276.4986,0.36192322,-2.0421143
2020-09-21 10:00:00,294.81476,276.59015,0.41558838,-2.0426636
2020-09-21 11:00:00,294.29346,276.838,0.520874,-1.6984406
2020-09-21 12:00:00,292.8345,280.51617,0.7757721,-1.2411346
2020-09-21 13:00:00,290.8636,278.39606,1.2814789,-0.59646606
2020-09-21 14:00:00,289.65674,276.41663,1.5267334,0.0949707
2020-09-21 15:00:00,290.0555,275.06787,1.3423004,0.4535675
2020-09-21 16:00:00,289.787,274.52045,1.2160187,0.7677326
2020-09-21 17:00:00,287.7482,274.53528,1.5194855,0.7299347
2020-09-21 18:00:00,284.69946,274.88116,1.7900848,1.1876907
2020-09-21 19:00:00,283.5694,274.65536,2.3303528,0.6698761
2020-09-21 20:00:00,282.77774,274.9898,2.1221008,0.9997101
2020-09-21 21:00:00,283.43652,274.95865,1.0782166,1.5203857
2020-09-21 22:00:00,286.86737,274.18127,0.09637451,0.94602966
2020-09-21 23:00:00,286.41168,274.14948,-0.7299957,0.8121948
2020-09-22 00:00:00,285.97314,274.07965,-0.00079345703,0.75180054
2020-09-22 01:00:00,284.9671,273.84595,0.41841125,0.19996643
2020-09-22 02:00:00,284.5005,274.42334,0.40019226,-0.14607239
2020-09-22 03:00:00,284.5667,279.14972,0.30101013,-0.6602173
2020-09-22 04:00:00,286.7916,277.23828,0.30775452,-1.2225037
2020-09-22 05:00:00,288.18378,277.7514,0.3947754,-1.7079926
2020-09-22 06:00:00,289.29535,278.14325,0.61203,-2.1148376
2020-09-22 07:00:00,290.06613,279.41757,0.6223602,-2.4638367
2020-09-22 08:00:00,290.4438,279.53668,0.8928833,-2.403305
2020-09-22 09:00:00,290.60492,279.45813,1.3178711,-2.1612396
2020-09-22 10:00:00,290.45645,279.15338,1.5931549,-2.1747131
2020-09-22 11:00:00,289.65155,278.64566,1.6968842,-1.8628998
2020-09-22 12:00:00,288.5349,278.52505,1.2761078,-0.865448
2020-09-22 13:00:00,287.14423,279.60468,1.2178802,-0.2832737
2020-09-22 14:00:00,286.4217,278.8465,0.99897766,-0.32578468
2020-09-22 15:00:00,286.88788,277.3317,0.12437439,-0.38628006
2020-09-22 16:00:00,286.2608,277.10596,-0.23370361,-0.5234337
2020-09-22 17:00:00,285.59717,276.8739,0.12234497,-0.4055786
2020-09-22 18:00:00,285.09558,276.6167,0.67918396,-0.2674408
2020-09-22 19:00:00,284.83823,276.38727,0.7666931,-0.08412361
2020-09-22 20:00:00,284.3101,276.0548,1.016922,0.07650566
2020-09-22 21:00:00,283.83014,275.78116,0.9862213,0.1869297
2020-09-22 22:00:00,283.35242,275.51654,0.88864136,0.38613892
2020-09-22 23:00:00,282.8999,275.32828,0.8813324,0.38034058
2020-09-23 00:00:00,282.3941,275.19232,0.9211273,0.62994385
2020-09-23 01:00:00,282.20056,275.0181,0.65696716,0.79862976
2020-09-23 02:00:00,282.42438,275.34955,0.5054321,-0.28199387
2020-09-23 03:00:00,283.1172,277.61523,0.3187561,-0.7802353
2020-09-23 04:00:00,284.86047,276.96555,0.2772522,-0.9176369
2020-09-23 05:00:00,286.76163,277.5232,-0.031341553,-1.0906982
2020-09-23 06:00:00,288.104,278.16992,-0.063064575,-1.8777924
2020-09-23 07:00:00,289.10062,278.8958,0.47453308,-2.127945
2020-09-23 08:00:00,289.37762,278.89618,0.52479553,-1.607193
2020-09-23 09:00:00,289.6712,278.75574,0.4913025,-1.141571
2020-09-23 10:00:00,289.9269,278.8164,0.2984314,-1.499054
2020-09-23 11:00:00,289.62213,278.62238,0.22140503,-1.4486542
2020-09-23 12:00:00,289.0093,278.6652,0.63674927,-1.3347778
2020-09-23 13:00:00,287.35748,280.07288,0.8705139,-0.044326782
2020-09-23 14:00:00,286.4656,278.20874,0.1394043,1.213562
2020-09-23 15:00:00,287.48578,277.3592,-0.3953247,0.49362183
2020-09-23 16:00:00,287.0426,276.96457,-0.1920929,0.1197052
2020-09-23 17:00:00,286.58313,276.66888,0.4159851,0.36141968
2020-09-23 18:00:00,286.20898,276.4272,0.82722473,0.42163086
2020-09-23 19:00:00,285.65698,276.50427,0.9450531,0.039489746
2020-09-23 20:00:00,285.17526,276.3247,0.85595703,0.46290588
2020-09-23 21:00:00,284.9638,276.06708,0.5447998,0.8331909
2020-09-23 22:00:00,284.68408,275.92206,0.24726868,-0.020858765
2020-09-23 23:00:00,283.91302,275.98465,0.12727356,-0.22998047
2020-09-24 00:00:00,283.62888,275.93182,-0.36672974,0.44078064
2020-09-24 01:00:00,283.43604,275.77344,-1.0391998,0.5909271
2020-09-24 02:00:00,283.37753,276.0597,-0.9598236,0.091537476
2020-09-24 03:00:00,283.50232,278.3729,-0.92388916,-0.66345215
2020-09-24 04:00:00,286.14062,276.7782,-0.64785767,-1.533905
2020-09-24 05:00:00,287.4132,275.8916,-0.3265381,-1.9548645
2020-09-24 06:00:00,288.58026,275.71,-0.080200195,-2.1881866
2020-09-24 07:00:00,289.54572,276.0261,0.19837952,-2.703186
2020-09-24 08:00:00,289.9801,275.91376,0.3819275,-2.524063
2020-09-24 09:00:00,290.23666,275.79825,0.30290222,-2.2157745
2020-09-24 10:00:00,290.30197,275.6196,0.26382446,-1.933136
2020-09-24 11:00:00,289.8519,275.1334,0.29896545,-1.7562103
2020-09-24 12:00:00,288.88766,275.54553,0.014663696,-1.2527313
2020-09-24 13:00:00,287.75446,276.07117,-0.5530548,-0.45761108
2020-09-24 14:00:00,286.5896,275.0661,-0.9468231,0.7253418
2020-09-24 15:00:00,284.9197,275.07565,-0.94984436,1.2881927
2020-09-24 16:00:00,284.57373,274.87704,-0.9556885,1.3432922
2020-09-24 17:00:00,284.46906,274.68787,-0.9661865,1.3202515
2020-09-24 18:00:00,283.86407,274.44934,-1.0623322,1.3080902
2020-09-24 19:00:00,285.62878,274.66907,-0.8152466,0.5190315
2020-09-24 20:00:00,284.54474,274.29803,-1.1023102,0.83374023
2020-09-24 21:00:00,283.66858,273.91418,-1.0756378,1.1338196
2020-09-24 22:00:00,283.42847,273.63452,-0.97639465,1.2379761
2020-09-24 23:00:00,282.88895,273.3793,-1.0034943,1.2782135
2020-09-25 00:00:00,280.94186,273.1817,-1.0859833,1.5692291
2020-09-25 01:00:00,280.03876,273.0974,-1.144104,1.7149811
2020-09-25 02:00:00,280.83737,274.00775,-1.0023041,1.5526123
2020-09-25 03:00:00,284.55624,276.22952,-0.48513794,-0.031677246
2020-09-25 04:00:00,286.96832,274.5904,-0.16142273,-1.465744
2020-09-25 05:00:00,287.9868,275.09045,0.11634827,-1.986084
2020-09-25 06:00:00,288.8062,275.80826,0.21347046,-2.2756348
2020-09-25 07:00:00,289.40875,276.8604,0.25283813,-2.509735
2020-09-25 08:00:00,289.79974,277.15143,0.42941284,-2.3456116
2020-09-25 09:00:00,289.78375,277.25143,0.5944214,-1.9970093
2020-09-25 10:00:00,289.68204,277.15417,0.6242523,-1.7196198
2020-09-25 11:00:00,289.21033,276.82324,0.7292023,-1.4629364
2020-09-25 12:00:00,288.43808,276.70386,1.0675964,-0.93440247
2020-09-25 13:00:00,287.23993,276.83765,1.6940308,-0.24836731
2020-09-25 14:00:00,285.38177,276.97748,2.0074615,0.33888245
2020-09-25 15:00:00,283.9939,277.0511,1.926239,0.07243347
2020-09-25 16:00:00,283.67004,276.22662,1.4584808,-0.5114441
2020-09-25 17:00:00,285.05542,274.6803,0.8398895,-0.5070038
2020-09-25 18:00:00,284.44812,274.22113,0.47283936,-0.13116455
2020-09-25 19:00:00,283.71732,273.96814,-0.03640747,-0.046325684
2020-09-25 20:00:00,283.37958,273.77148,0.0058135986,0.19319153
2020-09-25 21:00:00,283.01758,273.76132,0.2926178,0.3985138
2020-09-25 22:00:00,282.65088,274.0719,0.55570984,0.50605774
2020-09-25 23:00:00,282.41943,274.3968,0.503479,0.43441772
2020-09-26 00:00:00,282.2283,274.70996,0.4567566,0.33473206
2020-09-26 01:00:00,282.0985,275.0219,0.5913849,0.21476746
2020-09-26 02:00:00,281.9592,275.2998,0.6659851,0.005464554
2020-09-26 03:00:00,282.46344,275.92657,0.5335541,-0.89663506
2020-09-26 04:00:00,283.85406,274.75342,0.28868103,-1.6709747
2020-09-26 05:00:00,284.62234,274.4177,0.31962585,-2.0606422
2020-09-26 06:00:00,285.06763,274.17236,0.48880005,-1.9793615
2020-09-26 07:00:00,285.94073,274.41296,0.18083191,-2.3842316
2020-09-26 08:00:00,286.07336,273.93948,0.28422546,-1.9732666
2020-09-26 09:00:00,286.30032,273.71487,0.2600708,-1.6877747
2020-09-26 10:00:00,286.6399,273.7143,0.21936035,-1.4387512
2020-09-26 11:00:00,286.42517,273.53296,0.1595459,-1.4099426
2020-09-26 12:00:00,285.86865,273.41516,0.053207397,-1.2784882
2020-09-26 13:00:00,284.43253,275.92075,-0.07749939,-1.1376495
2020-09-26 14:00:00,284.18918,273.22858,-0.23143005,-0.87734985
2020-09-26 15:00:00,283.43884,272.64163,-0.5713043,-0.6604614
2020-09-26 16:00:00,282.8631,272.34564,-1.0081024,-0.29197693
2020-09-26 17:00:00,282.19302,272.05637,-1.099472,-0.19763184
2020-09-26 18:00:00,282.38226,271.74704,-0.90068054,0.16795349
2020-09-26 19:00:00,282.55383,271.68686,-0.8656769,0.024780273
2020-09-26 20:00:00,282.47827,271.7946,-0.5988922,0.34899902
2020-09-26 21:00:00,282.52237,271.9262,-0.22866821,-0.19924927
2020-09-26 22:00:00,282.14777,271.83252,0.43486023,-0.37826538
2020-09-26 23:00:00,280.90576,272.0877,1.1205444,-0.3706665
2020-09-27 00:00:00,280.2836,272.2946,1.1806641,-0.2641449
2020-09-27 01:00:00,278.94757,273.46698,1.3838043,-0.42977905
2020-09-27 02:00:00,278.86917,274.98114,1.3703003,-0.25282288
2020-09-27 03:00:00,280.7356,274.20816,1.4542236,-0.7735596
2020-09-27 04:00:00,281.1976,274.44058,1.3114624,-1.0485535
2020-09-27 05:00:00,282.23782,274.49695,1.0853577,-1.380249
2020-09-27 06:00:00,282.71747,274.4726,0.7173157,-1.4478416
2020-09-27 07:00:00,283.65646,274.92102,0.5626831,-1.7062683
2020-09-27 08:00:00,284.04456,274.88968,0.39424133,-1.4841995
2020-09-27 09:00:00,284.71634,274.6645,0.3562622,-1.515481
2020-09-27 10:00:00,284.78,274.2661,0.30955505,-1.3092871
2020-09-27 11:00:00,284.75256,273.94025,0.26838684,-1.1289644
2020-09-27 12:00:00,284.30682,274.02905,0.39968872,-0.6111193
2020-09-27 13:00:00,284.0042,273.60626,0.42834473,-0.41700745
2020-09-27 14:00:00,283.79034,272.97888,0.10823059,-0.32214355
2020-09-27 15:00:00,283.39197,272.6352,-0.09786987,-0.3276062
2020-09-27 16:00:00,282.72595,272.3155,-0.2601776,0.0473938
2020-09-27 17:00:00,282.28088,272.1258,-0.40150452,0.45973206
2020-09-27 18:00:00,281.716,272.09656,-0.49249268,0.93811035
2020-09-27 19:00:00,281.42236,272.57605,-0.6221466,1.046505
2020-09-27 20:00:00,279.29358,272.68954,-0.41947937,1.5116863
2020-09-27 21:00:00,279.74136,272.92438,-0.33091736,1.4335747
2020-09-27 22:00:00,279.04865,273.01013,-0.20578003,1.5680857
2020-09-27 23:00:00,278.24338,272.9228,-0.13334656,1.7375107
2020-09-28 00:00:00,277.85733,272.92725,-0.055740356,1.8227997
2020-09-28 01:00:00,278.3877,273.19495,0.12168884,1.7212219
2020-09-28 02:00:00,280.09656,273.99713,0.28416443,1.3144379
2020-09-28 03:00:00,281.27307,276.37946,0.21395874,0.24095154
2020-09-28 04:00:00,283.5254,275.17957,0.024429321,-0.8578491
2020-09-28 05:00:00,284.83383,275.526,0.17835999,-1.5079956
2020-09-28 06:00:00,285.89935,275.58325,0.3549347,-1.7848969
2020-09-28 07:00:00,286.37396,275.44952,0.23434448,-2.1107178
2020-09-28 08:00:00,286.8745,275.3405,0.4635315,-1.9395237
2020-09-28 09:00:00,286.97955,275.11975,0.65441895,-1.6594315
2020-09-28 10:00:00,286.89325,274.6555,0.7474823,-1.4119043
2020-09-28 11:00:00,286.5105,274.27664,0.9288025,-1.1076136
2020-09-28 12:00:00,286.04797,274.30316,0.9950104,-0.61835384
2020-09-28 13:00:00,284.60815,276.27563,0.9179535,-0.36789322
2020-09-28 14:00:00,284.93066,273.27106,0.37225342,-0.08621216
2020-09-28 15:00:00,284.34497,272.97702,-0.12677002,0.3669281
2020-09-28 16:00:00,283.5926,272.87482,-0.3699646,0.9841614
2020-09-28 17:00:00,280.57495,272.94482,-0.32969666,1.6511993
2020-09-28 18:00:00,278.56674,272.90366,-0.14720154,2.026413
2020-09-28 19:00:00,279.97125,273.74957,-0.40008545,1.6628876
2020-09-28 20:00:00,278.17035,273.76794,-0.24414062,1.9946594
2020-09-28 21:00:00,276.64383,273.76242,-0.06376648,2.4500275
2020-09-28 22:00:00,276.36636,273.90375,0.05355835,2.5717773
2020-09-28 23:00:00,276.3145,274.07187,0.15228271,2.7215118
2020-09-29 00:00:00,276.5923,274.23706,0.1567688,2.651184
2020-09-29 01:00:00,276.63235,274.11765,0.1560669,2.540619
2020-09-29 02:00:00,277.48352,274.85834,0.10101318,2.130783
2020-09-29 03:00:00,281.81567,277.35303,-0.0892334,0.95635986
2020-09-29 04:00:00,284.59332,275.38263,-0.3144989,-0.20854187
2020-09-29 05:00:00,286.05487,275.93604,-0.24024963,-1.1580963
2020-09-29 06:00:00,286.93115,276.07788,-0.19425964,-1.4423065
2020-09-29 07:00:00,287.34708,275.61157,-0.5358734,-1.5434113
2020-09-29 08:00:00,287.9594,275.47818,-0.25386047,-1.5061188
2020-09-29 09:00:00,288.2541,275.18396,-0.09046936,-1.456543
2020-09-29 10:00:00,288.23102,274.623,-0.090042114,-1.4673615
2020-09-29 11:00:00,287.72336,273.87732,-0.205719,-1.4152832
2020-09-29 12:00:00,286.79755,273.9952,-0.14927673,-1.2252045
2020-09-29 13:00:00,285.11673,274.507,-0.26579285,-0.9415741
2020-09-29 14:00:00,284.79437,271.8652,-0.75227356,-0.06314087
2020-09-29 15:00:00,283.17432,271.80154,-1.3129883,0.41848755
2020-09-29 16:00:00,281.42197,272.02783,-1.3626099,0.912323
2020-09-29 17:00:00,281.4453,272.09842,-1.1131439,1.0978088
2020-09-29 18:00:00,281.9088,272.11597,-0.8524475,1.1818542
2020-09-29 19:00:00,282.7425,272.394,-0.23521423,0.97991943
2020-09-29 20:00:00,282.3675,272.37024,-0.1559906,1.3238373
2020-09-29 21:00:00,281.0876,272.4937,-0.14758301,1.5457153
2020-09-29 22:00:00,281.2478,272.61884,-0.026779175,1.532547
2020-09-29 23:00:00,280.88116,272.83533,-0.15855408,1.6081085
2020-09-30 00:00:00,280.45447,272.8199,0.024276733,1.6941528
2020-09-30 01:00:00,280.2809,272.88776,0.42793274,1.6583252
2020-09-30 02:00:00,281.05304,273.22595,0.64959717,1.3960266
2020-09-30 03:00:00,282.66397,275.19406,0.7766113,0.27807617
2020-09-30 04:00:00,284.90295,273.85138,1.0523529,-0.5097351
2020-09-30 05:00:00,286.03525,273.6836,1.4435883,-1.3188171
2020-09-30 06:00:00,286.46176,273.07196,1.7748566,-1.601944
2020-09-30 07:00:00,286.8774,273.2927,1.548584,-1.8079071
2020-09-30 08:00:00,287.01025,272.68195,1.8923035,-1.9189148
2020-09-30 09:00:00,286.76587,271.7475,1.8550568,-2.152176
2020-09-30 10:00:00,286.00122,270.79175,1.7007446,-1.9607544
2020-09-30 11:00:00,285.22485,270.26947,1.71875,-1.8250732
2020-09-30 12:00:00,284.2148,269.87518,1.5137024,-1.644455
2020-09-30 13:00:00,282.8432,269.82477,1.1864471,-1.328186
2020-09-30 14:00:00,281.73248,270.57278,0.86473083,-1.1243439
2020-09-30 15:00:00,280.9273,272.0881,0.6128998,-1.0556335
2020-09-30 16:00:00,280.5405,272.17786,0.26393127,-1.0589752
2020-09-30 17:00:00,280.15784,271.92603,0.12147522,-1.0242004
2020-09-30 18:00:00,279.86353,271.87543,0.16047668,-1.0242615
2020-09-30 19:00:00,279.69135,272.0824,0.65457153,-1.1382141
2020-09-30 20:00:00,279.60596,272.18134,0.5863342,-1.0479126
2020-09-30 21:00:00,279.45523,272.06058,0.42364502,-0.9764252
2020-09-30 22:00:00,279.72498,271.34393,-0.07762146,-0.59317017
2020-09-30 23:00:00,279.84656,270.83606,-0.4847412,-0.09170532
2020-10-01 00:00:00,279.87683,270.77118,-0.48161316,0.63990784
2020-10-01 01:00:00,278.82697,271.74393,-0.41703796,1.1883287
2020-10-01 02:00:00,278.79584,272.62152,-0.67907715,1.1226225
2020-10-01 03:00:00,281.62628,274.42316,-0.49935913,0.37306213
2020-10-01 04:00:00,283.97504,273.2285,-0.29188538,-0.87994576
2020-10-01 05:00:00,285.23993,273.82773,0.04095459,-1.4842405
2020-10-01 06:00:00,286.2422,274.2786,0.33636475,-1.579114
2020-10-01 07:00:00,287.20795,274.11884,0.52667236,-1.9263983
2020-10-01 08:00:00,287.322,273.74707,0.5974426,-1.7616119
2020-10-01 09:00:00,287.7129,273.5,0.6860962,-1.5827923
2020-10-01 10:00:00,287.7691,273.07986,0.6479645,-1.4968758
2020-10-01 11:00:00,287.46014,272.536,0.6737366,-1.2171631
2020-10-01 12:00:00,286.67722,273.6669,0.79953,-0.8474121
2020-10-01 13:00:00,285.96024,272.25616,0.650177,-0.37271118
2020-10-01 14:00:00,285.80304,270.33978,0.17822266,0.15119934
2020-10-01 15:00:00,285.39368,269.60828,-0.31681824,0.2631836
2020-10-01 16:00:00,284.85367,269.2159,-0.5965576,0.50006104
2020-10-01 17:00:00,284.0525,269.29367,-0.5812073,1.2905426
2020-10-01 18:00:00,280.59406,269.89032,-0.21931458,1.9107361
2020-10-01 19:00:00,278.05664,270.86658,0.14042664,2.486435
2020-10-01 20:00:00,277.38898,270.76855,0.17202759,2.5952606
2020-10-01 21:00:00,276.43994,270.59412,0.2830658,2.7474976
2020-10-01 22:00:00,275.79596,270.36084,0.27708435,2.8600006
2020-10-01 23:00:00,275.35394,270.14655,0.3230896,2.9279175
2020-10-02 00:00:00,275.17673,269.91965,0.38346863,2.9157257
2020-10-02 01:00:00,275.3118,269.91205,0.43295288,2.819046
2020-10-02 02:00:00,276.6595,271.25952,0.41830444,2.4214172
2020-10-02 03:00:00,281.94006,274.2005,0.4061737,1.0638123
2020-10-02 04:00:00,284.55978,272.99585,0.7584076,-0.51197815
2020-10-02 05:00:00,285.81287,273.85822,0.87838745,-1.2128754
2020-10-02 06:00:00,286.7449,274.40244,0.877121,-1.6007385
2020-10-02 07:00:00,287.5368,274.56177,1.2016449,-1.6364241
2020-10-02 08:00:00,287.69427,275.1466,1.1378937,-1.6378651
2020-10-02 09:00:00,287.51874,275.5138,0.9871216,-1.4326763
2020-10-02 10:00:00,287.02997,276.11688,0.43893433,-0.776947
2020-10-02 11:00:00,286.4312,276.94986,-0.23426819,0.18536377
2020-10-02 12:00:00,285.77826,278.02695,-0.7334137,0.46765137
2020-10-02 13:00:00,283.88312,278.88013,-0.622345,1.0662537
2020-10-02 14:00:00,282.46173,277.92682,-0.35932922,1.677002
2020-10-02 15:00:00,281.2531,277.41394,-0.109054565,2.0113678
2020-10-02 16:00:00,279.80603,276.7063,-0.14204407,2.4738255
2020-10-02 17:00:00,278.85724,276.37335,-0.06690979,2.6846066
2020-10-02 18:00:00,277.8484,275.68658,-0.0096588135,2.9060574
2020-10-02 19:00:00,277.0736,274.65033,0.14770508,3.2098618
2020-10-02 20:00:00,277.18295,274.52457,0.1373291,3.1725855
2020-10-02 21:00:00,277.10437,274.27905,0.16688538,3.191125
2020-10-02 22:00:00,277.09677,274.10764,0.17738342,3.1523743
2020-10-02 23:00:00,276.95084,273.8282,0.18435669,3.1695786
2020-10-03 00:00:00,276.9428,273.6515,0.177948,3.1549444
2020-10-03 01:00:00,276.94763,273.59012,0.1892395,3.1414404
2020-10-03 02:00:00,277.80972,274.09064,0.23898315,2.834733
2020-10-03 03:00:00,280.8637,277.46338,0.25228882,1.816761
2020-10-03 04:00:00,284.67157,276.76886,0.45002747,-0.16281319
2020-10-03 05:00:00,286.0101,276.9329,0.22619629,-1.3236694
2020-10-03 06:00:00,286.33136,276.5725,0.37667847,-1.7214661
2020-10-03 07:00:00,287.3455,275.37604,0.47377014,-1.4792652
2020-10-03 08:00:00,287.33856,276.34094,0.33825684,-1.4515781
2020-10-03 09:00:00,287.009,276.41632,0.15609741,-1.3229218
2020-10-03 10:00:00,286.633,276.55182,0.07336426,-1.2081013
2020-10-03 11:00:00,285.79456,276.91962,0.11759949,-0.8092747
2020-10-03 12:00:00,284.69678,278.13586,0.11317444,-0.37034988
2020-10-03 13:00:00,284.00912,278.47583,-0.09919739,0.0841465
2020-10-03 14:00:00,281.467,278.6454,-0.5793915,1.5231962
2020-10-03 15:00:00,280.70358,278.0897,-0.42980957,1.7334633
2020-10-03 16:00:00,280.16504,277.64728,-0.44909668,1.7594509
2020-10-03 17:00:00,279.7408,277.26678,-0.926651,1.7321978
2020-10-03 18:00:00,278.68582,276.57388,-0.9591217,2.2002544
2020-10-03 19:00:00,277.1742,274.74216,0.09855652,2.9931622
2020-10-03 20:00:00,276.9804,274.4406,0.10543823,3.0623436
2020-10-03 21:00:00,276.65308,274.06335,0.157547,3.1708288
2020-10-03 22:00:00,276.5058,273.85452,0.17602539,3.2190247
2020-10-03 23:00:00,276.15552,273.53076,0.15415955,3.3142242
2020-10-04 00:00:00,275.28464,272.73126,0.12915039,3.3838043
2020-10-04 01:00:00,275.6767,272.9389,0.11238098,3.3993225
2020-10-04 02:00:00,276.78613,273.7859,0.08262634,3.1507416
2020-10-04 03:00:00,280.44678,276.94547,0.051376343,2.0793762
2020-10-04 04:00:00,284.62723,274.46204,-0.24865723,0.045532227
2020-10-04 05:00:00,286.20758,274.40625,-0.25028992,-0.8194275
2020-10-04 06:00:00,287.4201,274.444,-0.10739136,-1.2158813
2020-10-04 07:00:00,288.292,275.2663,0.1113739,-1.6953583
2020-10-04 08:00:00,288.73352,275.31982,0.41983032,-1.6481934
2020-10-04 09:00:00,288.86838,275.28293,0.64805603,-1.4289856
2020-10-04 10:00:00,288.72437,275.15936,0.7345581,-1.2402954
2020-10-04 11:00:00,288.2294,275.06122,0.66882324,-0.8770294
2020-10-04 12:00:00,286.99976,277.53748,1.1278229,-0.2746582
2020-10-04 13:00:00,284.50616,276.1309,1.2714233,0.88217163
2020-10-04 14:00:00,282.19672,275.252,0.6839752,2.0177612
2020-10-04 15:00:00,280.43134,274.71884,0.09373474,2.4618835
2020-10-04 16:00:00,279.2423,274.067,-0.27452087,2.7380943
2020-10-04 17:00:00,278.0999,273.65588,-0.041381836,2.9701538
2020-10-04 18:00:00,277.5343,273.4048,0.17198181,2.9637604
2020-10-04 19:00:00,277.26633,274.34167,0.21470642,3.067337
2020-10-04 20:00:00,277.25714,274.1999,0.14962769,2.9955444
2020-10-04 21:00:00,276.9323,273.786,0.19210815,3.1263885
2020-10-04 22:00:00,276.75827,273.45642,0.19525146,3.1939392
2020-10-04 23:00:00,276.7829,273.1548,0.19869995,3.158783
2020-10-05 00:00:00,276.76636,272.85638,0.14894104,3.2086334
2020-10-05 01:00:00,276.4438,272.40186,0.1174469,3.2611237
2020-10-05 02:00:00,277.04443,272.61127,0.15351868,3.106964
2020-10-05 03:00:00,280.58362,275.7002,0.09526062,2.0503082
2020-10-05 04:00:00,284.68814,274.50598,-0.019317627,-0.016952515
2020-10-05 05:00:00,286.07782,274.9082,0.12828064,-0.8814392
2020-10-05 06:00:00,287.3458,275.17572,0.28729248,-1.3409424
2020-10-05 07:00:00,288.2099,276.03674,0.174057,-1.8437958
2020-10-05 08:00:00,288.5828,276.07452,0.33906555,-1.9039612
2020-10-05 09:00:00,288.69238,276.01877,0.5467529,-1.8499908
2020-10-05 10:00:00,288.43686,275.8305,0.5675354,-1.704361
2020-10-05 11:00:00,287.78668,275.6283,0.31263733,-1.3331604
2020-10-05 12:00:00,286.46216,278.7462,0.16079712,-0.92288876
2020-10-05 13:00:00,285.74887,275.27356,0.16809082,-0.062381744
2020-10-05 14:00:00,285.31122,274.71548,0.26449585,0.4993763
2020-10-05 15:00:00,284.63818,274.23682,0.31108093,0.68234634
2020-10-05 16:00:00,284.0937,273.94983,0.46572876,0.7244377
2020-10-05 17:00:00,283.5519,273.8147,0.62683105,0.6108608
2020-10-05 18:00:00,283.01193,273.68787,0.66233826,0.73201275
2020-10-05 19:00:00,283.05316,273.16077,0.8511505,0.51659584
2020-10-05 20:00:00,281.87848,273.06955,1.3031158,0.48522377
2020-10-05 21:00:00,278.8288,272.49344,1.6856079,0.76267433
2020-10-05 22:00:00,276.644,272.1311,2.204895,0.2947712
2020-10-05 23:00:00,275.6452,271.86462,2.393509,-0.29692078
2020-10-06 00:00:00,275.16464,271.7539,2.1261597,-0.7090893
2020-10-06 01:00:00,274.39325,271.95203,1.8855743,-1.1648769
2020-10-06 02:00:00,274.83838,273.255,1.7461853,-1.2219467
2020-10-06 03:00:00,275.5218,274.42502,2.455902,-1.4456482
2020-10-06 04:00:00,275.01556,274.49048,2.9122314,-0.9916229
2020-10-06 05:00:00,274.40198,273.2528,3.3967285,-0.7494049
2020-10-06 06:00:00,274.70782,273.5828,2.8500824,-0.8681793
2020-10-06 07:00:00,274.6452,273.56287,1.5592346,-0.7489319
2020-10-06 08:00:00,276.08923,273.51376,0.9458771,-0.80693054
2020-10-06 09:00:00,277.3329,273.82184,0.26611328,-1.2598572
2020-10-06 10:00:00,278.04755,273.86652,-0.38764954,-1.385437
2020-10-06 11:00:00,277.84933,273.70538,-1.0698547,-0.9933624
2020-10-06 12:00:00,277.16492,273.48462,-1.3774109,-0.5673542
2020-10-06 13:00:00,275.95776,273.04987,-1.67276,0.13847542
2020-10-06 14:00:00,274.854,272.17487,-1.4360352,1.4367485
2020-10-06 15:00:00,273.72623,270.9923,-1.033905,1.8067846
2020-10-06 16:00:00,272.60034,269.42596,-0.7017517,2.162593
2020-10-06 17:00:00,271.68863,268.26965,-0.1897583,2.5229492
2020-10-06 18:00:00,271.0897,267.68494,0.065216064,2.7478714
2020-10-06 19:00:00,270.55255,267.87183,0.15637207,3.0600758
2020-10-06 20:00:00,270.77057,267.82513,0.20451355,3.060749
2020-10-06 21:00:00,270.98807,267.7091,0.21850586,3.0480595
2020-10-06 22:00:00,271.52692,267.81497,0.1875763,2.8984985
2020-10-06 23:00:00,271.409,267.4842,0.17208862,2.933258
2020-10-07 00:00:00,271.84982,267.58563,0.1278534,2.815567
2020-10-07 01:00:00,271.97964,267.66626,0.18415833,2.7785444
2020-10-07 02:00:00,273.01578,268.89117,0.18190002,2.3714447
2020-10-07 03:00:00,277.55707,272.25836,0.24523926,0.81736755
2020-10-07 04:00:00,279.9107,270.23846,0.5428467,-0.5570221
2020-10-07 05:00:00,281.25635,270.96155,0.77645874,-1.0196381
2020-10-07 06:00:00,282.69067,271.60236,0.91362,-1.2237234
2020-10-07 07:00:00,283.9508,271.9206,0.388031,-1.4682846
2020-10-07 08:00:00,284.65662,272.27637,0.4844818,-1.3270092
2020-10-07 09:00:00,285.04517,272.46362,0.58428955,-1.2383881
2020-10-07 10:00:00,285.01456,272.3579,0.47836304,-1.243576
2020-10-07 11:00:00,284.47144,272.17157,0.3099823,-1.0462952
2020-10-07 12:00:00,283.3051,275.43863,0.30726624,-0.7217026
2020-10-07 13:00:00,282.77747,271.1823,0.22692871,0.24867249
2020-10-07 14:00:00,282.3401,270.3389,0.052642822,0.6861267
2020-10-07 15:00:00,281.83344,269.66675,-0.15223694,0.8291626
2020-10-07 16:00:00,281.302,269.16205,-0.15513611,1.2051086
2020-10-07 17:00:00,280.32074,268.7332,-0.028045654,1.5201263
2020-10-07 18:00:00,280.0294,268.39154,0.19107056,1.5373383
2020-10-07 19:00:00,277.37595,268.4048,-0.15219116,1.9043121
2020-10-07 20:00:00,276.06195,268.13068,-0.2686615,2.167221
2020-10-07 21:00:00,275.7353,267.9264,-0.24375916,2.2336273
2020-10-07 22:00:00,276.1939,267.82092,-0.21200562,2.090149
2020-10-07 23:00:00,276.4253,267.7116,-0.22219849,1.9964447
2020-10-08 00:00:00,276.25055,267.55035,-0.21795654,1.9914856
2020-10-08 01:00:00,276.3621,267.55692,-0.199646,2.0212708
2020-10-08 02:00:00,276.28647,267.8556,-0.17182922,2.0426483
2020-10-08 03:00:00,279.5034,269.40317,0.04269409,1.2208099
2020-10-08 04:00:00,281.59735,269.47522,0.072280884,-0.28982544
2020-10-08 05:00:00,283.24374,269.40723,0.096069336,-0.94703674
2020-10-08 06:00:00,284.58582,269.6742,0.2199707,-1.3586273
2020-10-08 07:00:00,285.78076,271.04144,0.15353394,-1.7763824
2020-10-08 08:00:00,286.286,271.18246,0.58058167,-1.8805847
2020-10-08 09:00:00,286.2506,271.15607,0.89120483,-2.1387024
2020-10-08 10:00:00,285.78082,270.92615,0.92315674,-1.8839264
2020-10-08 11:00:00,284.90558,270.88818,0.763443,-1.4040375
2020-10-08 12:00:00,283.59943,271.91003,1.0421448,-0.9264221
2020-10-08 13:00:00,281.8618,272.02185,1.1587524,-0.7675171
2020-10-08 14:00:00,282.08148,270.21207,0.7802429,-0.6726227
2020-10-08 15:00:00,281.8697,269.54102,0.29776,-0.7872925
2020-10-08 16:00:00,281.26843,269.39523,0.1285553,-0.88723755
2020-10-08 17:00:00,280.89362,269.18832,-0.07115173,-0.8262634
2020-10-08 18:00:00,280.6771,268.82175,-0.15597534,-0.6276398
2020-10-08 19:00:00,279.86288,269.71576,0.055786133,-0.8507471
2020-10-08 20:00:00,279.4305,269.6698,0.3605652,-0.89106655
2020-10-08 21:00:00,278.68274,269.85754,0.6174774,-1.0365171
2020-10-08 22:00:00,277.62823,270.244,0.7763519,-1.0142365
2020-10-08 23:00:00,277.3866,270.10278,0.7308502,-0.91786194
2020-10-09 00:00:00,277.33646,270.0689,0.6023865,-0.87145996
2020-10-09 01:00:00,277.12262,270.33237,0.25050354,-0.8331909
2020-10-09 02:00:00,277.0581,270.6644,-0.062164307,-0.65167236
2020-10-09 03:00:00,277.54272,271.93155,-0.32243347,-0.5934601
2020-10-09 04:00:00,279.18506,270.5074,-0.5058899,-0.9793091
2020-10-09 05:00:00,280.23532,271.17377,-0.4835968,-1.2209167
2020-10-09 06:00:00,281.36237,271.90277,-0.39416504,-1.6205292
2020-10-09 07:00:00,282.37848,272.51663,-0.66993713,-1.7366638
2020-10-09 08:00:00,282.50073,272.65454,-0.37049866,-1.4359131
2020-10-09 09:00:00,282.61823,272.90338,-0.05102539,-1.2294464
2020-10-09 10:00:00,282.56757,273.18143,0.16116333,-0.94651794
2020-10-09 11:00:00,282.39597,273.47223,0.41656494,-0.65592957
2020-10-09 12:00:00,281.85565,273.83975,0.92671204,-0.061294556
2020-10-09 13:00:00,280.54675,275.6277,0.8598175,0.61820984
2020-10-09 14:00:00,280.4571,274.39005,0.7701111,0.5452728
2020-10-09 15:00:00,280.5997,273.8311,0.5454407,-0.30192566
2020-10-09 16:00:00,280.11353,273.52167,0.38801575,-0.26408386
2020-10-09 17:00:00,279.71014,273.22977,0.36764526,-0.025432587
2020-10-09 18:00:00,279.43665,273.05182,0.19419861,0.2336235
2020-10-09 19:00:00,278.8379,272.97913,0.07791138,0.6455231
2020-10-09 20:00:00,278.26132,272.485,0.16461182,1.3438416
2020-10-09 21:00:00,276.95587,271.71475,0.2813568,1.5396576
2020-10-09 22:00:00,275.64746,270.91403,0.3316803,1.7688293
2020-10-09 23:00:00,275.15643,270.4289,0.1929779,1.8551483
2020-10-10 00:00:00,275.0882,270.15683,0.18330383,1.8286772
2020-10-10 01:00:00,275.2312,270.05917,0.25193787,1.7684155
2020-10-10 02:00:00,276.54462,270.51465,0.29074097,1.4730015
2020-10-10 03:00:00,278.64648,272.0326,0.2545166,0.4197731
2020-10-10 04:00:00,279.6586,273.03278,0.19082642,-0.6356745
2020-10-10 05:00:00,280.9926,273.49908,0.3934784,-1.0951204
2020-10-10 06:00:00,281.99603,273.73282,0.48150635,-1.4587107
2020-10-10 07:00:00,282.5069,274.83124,0.455307,-1.7199183
2020-10-10 08:00:00,282.85553,274.48376,0.3991089,-1.5277815
2020-10-10 09:00:00,283.04678,274.19684,0.44252014,-1.4301586
2020-10-10 10:00:00,283.13046,273.69614,0.4414978,-1.3389673
2020-10-10 11:00:00,282.5962,273.0727,0.5189972,-1.0490646
2020-10-10 12:00:00,281.84235,273.09198,0.8889923,-0.729599
2020-10-10 13:00:00,280.23825,273.4895,1.1356659,-0.1883297
2020-10-10 14:00:00,280.54977,271.83154,1.0334015,0.17243576
2020-10-10 15:00:00,280.31128,271.3211,0.8493805,0.49014091
2020-10-10 16:00:00,279.9628,271.0506,0.5982666,0.6279602
2020-10-10 17:00:00,279.6943,270.90253,0.4007721,0.5989075
2020-10-10 18:00:00,279.46924,270.73596,0.25273132,0.77897644
2020-10-10 19:00:00,278.89764,270.33008,0.41352844,1.053833
2020-10-10 20:00:00,278.77783,270.30594,0.34991455,1.2276611
2020-10-10 21:00:00,278.60852,270.27155,0.25479126,1.2590485
2020-10-10 22:00:00,278.43625,270.24188,-0.03717041,1.3553085
2020-10-10 23:00:00,276.84613,269.82736,-0.17330933,1.5568295
2020-10-11 00:00:00,276.36816,269.5789,-0.4549713,1.5741539
2020-10-11 01:00:00,274.95328,269.01025,-0.58314514,1.763874
2020-10-11 02:00:00,275.10513,269.21204,-0.58044434,1.7362309
2020-10-11 03:00:00,278.65076,270.23474,-0.45158386,0.5441723
2020-10-11 04:00:00,279.83948,270.49112,-0.100357056,-0.8113556
2020-10-11 05:00:00,281.13895,269.84146,0.19535828,-1.305069
2020-10-11 06:00:00,282.27374,269.50034,0.36517334,-1.4929047
2020-10-11 07:00:00,283.01477,269.58807,0.42564392,-1.5858307
2020-10-11 08:00:00,283.59717,269.3222,0.5068054,-1.4136009
2020-10-11 09:00:00,283.9326,268.9825,0.410141,-1.485733
2020-10-11 10:00:00,283.75934,268.35678,0.21914673,-1.3328562
2020-10-11 11:00:00,283.01654,268.07114,0.13435364,-0.94197464
2020-10-11 12:00:00,282.15436,269.24106,0.34933472,-0.4257145
2020-10-11 13:00:00,281.62103,267.1408,0.50567627,0.33764648
2020-10-11 14:00:00,281.29364,266.67984,0.4293518,0.7532549
2020-10-11 15:00:00,281.07446,266.35107,0.35932922,0.5127077
2020-10-11 16:00:00,280.6697,266.02084,0.22773743,0.63880444
2020-10-11 17:00:00,280.3372,265.99054,-0.05078125,1.2281675
2020-10-11 18:00:00,277.8752,266.46094,-0.4385376,1.6469297
2020-10-11 19:00:00,276.3769,266.82657,-0.5733185,1.761138
2020-10-11 20:00:00,274.84924,267.07336,-0.62986755,2.098958
2020-10-11 21:00:00,273.14227,267.24713,-0.43588257,2.5833263
2020-10-11 22:00:00,272.4703,267.787,-0.29266357,2.9193726
2020-10-11 23:00:00,272.38702,268.61487,-0.20353699,3.0796232
2020-10-12 00:00:00,272.43134,269.35846,-0.16523743,3.228942
2020-10-12 01:00:00,272.51093,270.12054,-0.15791321,3.3484964
2020-10-12 02:00:00,273.27838,270.98828,-0.12878418,3.1827736
2020-10-12 03:00:00,276.45996,273.29303,-0.1587677,2.2472382
2020-10-12 04:00:00,280.78287,272.8549,-0.4199829,0.4401245
2020-10-12 05:00:00,282.59094,270.58948,-0.5571289,-0.4658966
2020-10-12 06:00:00,284.00653,270.33066,-0.37620544,-0.907074
2020-10-12 07:00:00,284.74066,269.8108,-0.14924622,-1.2514038
2020-10-12 08:00:00,285.29657,269.63586,-0.1453247,-1.0918427
2020-10-12 09:00:00,285.5448,269.4929,-0.23384094,-0.96355057
2020-10-12 10:00:00,285.49524,269.31296,-0.33164978,-0.8218384
2020-10-12 11:00:00,284.966,269.6415,-0.22192383,-0.41293335
2020-10-12 12:00:00,284.47656,268.69916,0.087142944,0.2750244
2020-10-12 13:00:00,282.08392,269.55853,0.18017578,1.3665314
2020-10-12 14:00:00,278.63934,269.49725,0.058029175,2.1949005
2020-10-12 15:00:00,276.45868,269.2007,0.0024871826,2.703003
2020-10-12 16:00:00,274.9051,269.22336,0.05934143,2.9992065
2020-10-12 17:00:00,274.13385,269.33173,-0.001876831,3.174347
2020-10-12 18:00:00,273.9478,269.44754,-0.038848877,3.2642374
2020-10-12 19:00:00,274.01678,269.71362,0.054351807,3.3867645
2020-10-12 20:00:00,273.9566,269.89334,0.034866333,3.3355865
2020-10-12 21:00:00,273.9201,269.94092,0.027618408,3.3887749
2020-10-12 22:00:00,273.89355,269.86713,0.006011963,3.4152508
2020-10-12 23:00:00,273.84427,269.64322,0.010879517,3.4277124
2020-10-13 00:00:00,273.84674,269.21317,0.028030396,3.438552
2020-10-13 01:00:00,273.8216,268.6794,0.042160034,3.4415321
2020-10-13 02:00:00,274.4425,268.6969,0.047973633,3.267807
2020-10-13 03:00:00,277.59796,271.75052,0.10786438,2.388794
2020-10-13 04:00:00,282.5739,273.09576,-0.04322815,0.55674744
2020-10-13 05:00:00,284.5166,269.85065,0.05885315,-0.5219269
2020-10-13 06:00:00,285.7125,270.56735,0.2000122,-0.81190014
2020-10-13 07:00:00,287.15344,271.71576,0.046188354,-1.0787401
2020-10-13 08:00:00,287.77917,271.93964,0.22749329,-1.0818176
2020-10-13 09:00:00,288.068,272.0655,0.36680603,-1.1145477
2020-10-13 10:00:00,287.8723,271.96954,0.50198364,-1.0412302
2020-10-13 11:00:00,287.14752,273.01788,0.7481079,-0.5877991
2020-10-13 12:00:00,285.35074,274.688,1.1793976,-0.11994171
2020-10-13 13:00:00,282.8069,272.0775,1.1935425,1.0934458
2020-10-13 14:00:00,280.6833,270.8965,0.8438873,1.8896484
2020-10-13 15:00:00,278.4382,270.2428,0.41152954,2.477295
2020-10-13 16:00:00,276.46356,269.75256,0.11540222,2.9346466
2020-10-13 17:00:00,275.45227,269.5042,0.052703857,3.1710205
2020-10-13 18:00:00,274.92236,269.46643,0.07495117,3.2881927
2020-10-13 19:00:00,275.01828,269.6377,0.14167786,3.404272
2020-10-13 20:00:00,274.83014,269.78033,0.09951782,3.3981953
2020-10-13 21:00:00,274.7035,269.74493,0.08807373,3.4217129
2020-10-13 22:00:00,274.682,269.40924,0.09442139,3.4308624
2020-10-13 23:00:00,274.58246,268.89453,0.12012482,3.4350262
2020-10-14 00:00:00,274.5232,268.3177,0.12556458,3.454029
2020-10-14 01:00:00,274.3957,267.8722,0.12335205,3.459381
2020-10-14 02:00:00,274.91077,268.12244,0.12678528,3.328764
2020-10-14 03:00:00,278.12,271.70032,0.12324524,2.5076551
2020-10-14 04:00:00,283.71313,272.9466,0.05088806,0.9551277
2020-10-14 05:00:00,285.87378,269.6789,0.22554016,-0.1875515
2020-10-14 06:00:00,287.02075,270.73126,0.52589417,-0.7635689
2020-10-14 07:00:00,288.07507,272.03748,0.6191864,-1.264349
2020-10-14 08:00:00,288.5228,272.3706,0.92959595,-1.149107
2020-10-14 09:00:00,288.65033,272.59912,1.1508789,-1.1311569
2020-10-14 10:00:00,288.3567,272.68546,1.144043,-0.9174833
2020-10-14 11:00:00,287.62427,273.75986,1.0628662,-0.22664452
2020-10-14 12:00:00,285.7848,275.9231,1.2486115,0.3292179
2020-10-14 13:00:00,283.83923,273.07257,1.0013885,1.1397829
2020-10-14 14:00:00,282.59787,272.04797,0.48210144,1.6964493
2020-10-14 15:00:00,280.74374,271.54092,0.06619263,2.0892687
2020-10-14 16:00:00,278.646,271.1391,-0.0957489,2.4768066
2020-10-14 17:00:00,276.62134,270.74155,-0.10154724,2.9631748
2020-10-14 18:00:00,275.73486,270.36707,-0.017730713,3.2213135
2020-10-14 19:00:00,275.8043,270.6629,0.13916016,3.2894135
2020-10-14 20:00:00,275.44934,270.5992,0.13742065,3.279358
2020-10-14 21:00:00,275.31015,270.5603,0.1343689,3.3407898
2020-10-14 22:00:00,275.2252,270.537,0.0947876,3.352188
2020-10-14 23:00:00,275.39435,270.59235,0.045562744,3.3338318
2020-10-15 00:00:00,275.5348,270.61142,0.041870117,3.3132324
2020-10-15 01:00:00,275.58905,270.591,0.0756073,3.314682
2020-10-15 02:00:00,276.1808,271.0028,0.073516846,3.1554108
2020-10-15 03:00:00,278.97052,273.771,0.10646057,2.3981476
2020-10-15 04:00:00,284.17017,276.14343,0.10823059,0.69529724
2020-10-15 05:00:00,286.37543,272.73108,0.13500977,-0.45634747
2020-10-15 06:00:00,287.59003,273.48828,0.3532257,-0.9398279
2020-10-15 07:00:00,288.7563,274.53827,0.6946411,-1.414587
2020-10-15 08:00:00,289.1958,274.74554,0.9557562,-1.295557
2020-10-15 09:00:00,289.27393,274.7682,1.0995121,-1.1815624
2020-10-15 10:00:00,289.08246,274.6546,0.99447536,-0.9357109
2020-10-15 11:00:00,288.33875,275.42203,1.0720987,-0.24493408
2020-10-15 12:00:00,286.4779,277.03873,1.2844458,0.46037292
2020-10-15 13:00:00,283.5938,274.73163,1.1557598,1.4889069
2020-10-15 14:00:00,281.9672,273.60132,0.6808548,1.9954376
2020-10-15 15:00:00,280.70773,272.9967,0.39447212,2.2409973
2020-10-15 16:00:00,279.38672,272.57935,0.13003922,2.5041962
2020-10-15 17:00:00,277.8655,272.1173,0.0068092346,2.8735352
2020-10-15 18:00:00,276.99332,271.82355,0.04703331,3.1304169
2020-10-15 19:00:00,276.35327,271.80792,0.1855135,3.370285
2020-10-15 20:00:00,276.30695,271.76645,0.22270966,3.3607483
2020-10-15 21:00:00,276.2282,271.67645,0.21994019,3.3869324
2020-10-15 22:00:00,276.2384,271.57825,0.21174335,3.3846588
2020-10-15 23:00:00,276.18896,271.42682,0.17441845,3.408722
2020-10-16 00:00:00,276.1407,271.27295,0.16918182,3.4174652
2020-10-16 01:00:00,276.15173,271.10645,0.15018082,3.4334106
2020-10-16 02:00:00,276.55093,271.26508,0.17664051,3.3250675
2020-10-16 03:00:00,279.51965,273.9218,0.21884441,2.5621357
2020-10-16 04:00:00,284.98123,276.98578,0.21738243,0.90353584
2020-10-16 05:00:00,287.49377,273.614,0.11178589,-0.42192078
2020-10-16 06:00:00,288.67285,274.66248,0.26971436,-0.8433609
2020-10-16 07:00:00,289.82532,275.22,0.400589,-1.1996527
2020-10-16 08:00:00,290.34283,275.595,0.65634155,-1.0788193
2020-10-16 09:00:00,290.5351,275.8131,0.8542175,-1.0576248
2020-10-16 10:00:00,290.3615,275.92453,0.92041016,-0.86445045
2020-10-16 11:00:00,289.63098,276.91345,1.0677795,-0.3678589
2020-10-16 12:00:00,287.8128,277.5102,1.1712189,0.034931183
2020-10-16 13:00:00,285.59613,275.2696,0.95462036,1.2518787
2020-10-16 14:00:00,283.0771,274.22876,0.6344452,2.0452728
2020-10-16 15:00:00,281.3988,273.43866,0.4543152,2.425583
2020-10-16 16:00:00,279.3378,272.71405,0.3164978,2.8810158
2020-10-16 17:00:00,277.93634,271.9594,0.236969,3.2840233
2020-10-16 18:00:00,277.21436,271.23602,0.21864319,3.478571
2020-10-16 19:00:00,277.08856,271.11172,0.24285889,3.6563034
2020-10-16 20:00:00,277.269,270.51843,0.24772644,3.6055298
2020-10-16 21:00:00,277.27475,269.8896,0.2866211,3.610136
2020-10-16 22:00:00,277.2812,269.2578,0.29328918,3.6067047
2020-10-16 23:00:00,277.16638,268.61505,0.3079071,3.6177025
2020-10-17 00:00:00,277.05893,267.97537,0.3206482,3.632578
2020-10-17 01:00:00,276.98297,267.49963,0.30618286,3.6272287
2020-10-17 02:00:00,277.37558,267.8648,0.28822327,3.5141096
2020-10-17 03:00:00,280.1837,271.46332,0.29515076,2.8007479
2020-10-17 04:00:00,285.15527,277.1807,0.3193512,1.2844458
2020-10-17 05:00:00,288.21884,271.63007,0.2584839,-0.348773
2020-10-17 06:00:00,289.31665,273.61194,0.443985,-0.8703499
2020-10-17 07:00:00,290.11774,274.63098,0.82585144,-1.2281342
2020-10-17 08:00:00,290.62286,275.39337,1.016098,-1.2985077
2020-10-17 09:00:00,290.70102,275.71365,1.1134033,-1.1638641
2020-10-17 10:00:00,290.4267,275.87997,1.0996094,-0.8607025
2020-10-17 11:00:00,289.59497,276.9709,1.1648712,-0.21005249
2020-10-17 12:00:00,287.43835,276.6897,1.4690857,1.4984131
2020-10-17 13:00:00,283.9699,275.54266,0.7175598,2.8620605
2020-10-17 14:00:00,281.353,274.77356,0.27505493,3.1607208
2020-10-17 15:00:00,279.9403,273.98727,0.18031311,3.3356476
2020-10-17 16:00:00,279.51776,273.3443,0.18649292,3.403183
2020-10-17 17:00:00,279.07037,272.95724,0.16896057,3.4993286
2020-10-17 18:00:00,278.68866,272.71692,0.11526489,3.5738525
2020-10-17 19:00:00,278.77142,272.48804,0.1618805,3.5725098
2020-10-17 20:00:00,278.5487,272.28107,0.16981506,3.5260773
2020-10-17 21:00:00,278.20923,272.14117,0.1531372,3.5267944
2020-10-17 22:00:00,277.9474,272.0063,0.12867737,3.5623503
2020-10-17 23:00:00,277.7212,271.84943,0.074401855,3.5977821
2020-10-18 00:00:00,277.50415,271.6277,0.060028076,3.6346436
2020-10-18 01:00:00,277.3745,271.4552,0.07096863,3.6616058
2020-10-18 02:00:00,277.70776,271.54483,0.08963013,3.5740356
2020-10-18 03:00:00,280.66833,273.79172,0.1025238,2.8513794
2020-10-18 04:00:00,285.39838,278.16687,0.17436218,1.4573822
2020-10-18 05:00:00,288.65582,273.2423,0.22851562,-0.16223145
2020-10-18 06:00:00,289.66455,273.94836,0.37634277,-0.7217865
2020-10-18 07:00:00,290.3628,274.56354,0.4146881,-0.9788666
2020-10-18 08:00:00,290.69012,274.792,0.48049927,-1.0314789
2020-10-18 09:00:00,290.68823,274.96118,0.46273804,-1.0229187
2020-10-18 10:00:00,290.35876,275.06918,0.35791016,-0.7805939
2020-10-18 11:00:00,289.72534,274.99683,0.28067017,-0.41352844
2020-10-18 12:00:00,289.03018,274.54395,0.15737915,0.1459961
2020-10-18 13:00:00,285.8435,275.00842,0.1274414,1.5396271
2020-10-18 14:00:00,282.1579,274.56317,0.20143127,2.4345245
2020-10-18 15:00:00,279.78595,274.2871,0.23358154,2.8766632
2020-10-18 16:00:00,278.3288,274.09674,0.16236877,3.163682
2020-10-18 17:00:00,277.76837,274.1269,0.108428955,3.3678246
2020-10-18 18:00:00,277.6681,274.0985,0.082473755,3.4212885
2020-10-18 19:00:00,277.81976,274.3064,0.13000488,3.4473352
2020-10-18 20:00:00,277.73718,273.96503,0.07286072,3.4722633
2020-10-18 21:00:00,277.63223,273.50684,0.04310608,3.5166235
2020-10-18 22:00:00,277.47986,272.9043,0.014389038,3.5357885
2020-10-18 23:00:00,277.37054,272.18918,-0.020889282,3.578083
2020-10-19 00:00:00,277.27393,271.25092,-0.05316162,3.6393108
2020-10-19 01:00:00,277.04218,269.7774,-0.09080505,3.7075405
2020-10-19 02:00:00,277.40778,269.07452,-0.10191345,3.6758823
2020-10-19 03:00:00,280.34387,271.13678,-0.09927368,3.0706062
2020-10-19 04:00:00,284.98874,276.77478,-0.020431519,1.8329105
2020-10-19 05:00:00,289.2232,270.3524,-0.5235901,0.26421165
2020-10-19 06:00:00,290.57526,271.27548,-0.5984192,-0.6352062
2020-10-19 07:00:00,291.75,272.92688,-0.8712311,-1.0940208
2020-10-19 08:00:00,292.5027,273.31622,-0.8644867,-1.1817846
2020-10-19 09:00:00,292.8798,273.47943,-0.79733276,-1.2092705
2020-10-19 10:00:00,292.67413,274.15222,-0.4637146,-1.0966263
2020-10-19 11:00:00,291.33673,279.47058,-0.05860901,-0.88372993
2020-10-19 12:00:00,290.82153,273.01144,0.18237305,0.062892914
2020-10-19 13:00:00,287.12915,273.092,0.12794495,1.7834206
2020-10-19 14:00:00,282.2481,272.42023,0.16999817,2.9624748
2020-10-19 15:00:00,280.53622,271.47034,0.18649292,3.444952
2020-10-19 16:00:00,279.52625,270.68866,0.19551086,3.6868496
2020-10-19 17:00:00,279.42126,269.66022,0.20588684,3.8842955
2020-10-19 18:00:00,279.5006,268.3208,0.20202637,3.9627476
2020-10-19 19:00:00,279.2765,267.41614,0.18786621,4.2092867
2020-10-19 20:00:00,279.6056,265.6925,0.22384644,4.120224
2020-10-19 21:00:00,279.7162,263.8662,0.24468994,4.145645
2020-10-19 22:00:00,279.74466,262.0932,0.24636841,4.156189
2020-10-19 23:00:00,279.67218,260.54102,0.24557495,4.2027655
2020-10-20 00:00:00,279.63324,259.256,0.22994995,4.225054
2020-10-20 01:00:00,279.56097,258.46997,0.26474,4.2520094
2020-10-20 02:00:00,279.86517,259.8169,0.2626648,4.1747036
2020-10-20 03:00:00,282.43823,265.5089,0.30923462,3.5660706
2020-10-20 04:00:00,286.44168,274.0675,0.46418762,2.2840424
2020-10-20 05:00:00,291.18567,270.8384,0.90667725,0.05845642
2020-10-20 06:00:00,292.73062,269.67245,1.1412659,-0.8871765
2020-10-20 07:00:00,294.8599,271.21243,0.8809204,-1.3313818
2020-10-20 08:00:00,295.0828,271.786,1.2675629,-1.5347939
2020-10-20 09:00:00,294.64047,272.44446,1.5518188,-1.6231441
2020-10-20 10:00:00,293.5915,274.05212,1.5254974,-1.2361908
2020-10-20 11:00:00,291.36688,275.81082,1.8417969,-0.5024872
2020-10-20 12:00:00,287.9617,273.83148,2.2805634,1.0299902
2020-10-20 13:00:00,284.59784,272.7666,1.7689667,2.0273285
2020-10-20 14:00:00,282.84607,271.7442,1.1642151,2.1445465
2020-10-20 15:00:00,283.00043,270.47076,0.57055664,2.059784
2020-10-20 16:00:00,281.76758,269.62476,0.24589539,2.3230133
2020-10-20 17:00:00,279.83807,268.8236,0.068725586,2.7398071
2020-10-20 18:00:00,278.02396,267.93738,0.029968262,3.1986542
2020-10-20 19:00:00,277.43768,266.82373,-0.048446655,3.733861
2020-10-20 20:00:00,277.6692,265.65735,-0.045654297,3.808035
2020-10-20 21:00:00,277.6903,264.37704,-0.008331299,3.905426
2020-10-20 22:00:00,277.64746,263.09125,0.0095825195,3.9680786
2020-10-20 23:00:00,277.70245,261.90942,0.010696411,4.0196533
2020-10-21 00:00:00,277.7604,260.88538,-0.0137786865,4.0499725
2020-10-21 01:00:00,278.01917,260.5973,-0.0017547607,4.049511
2020-10-21 02:00:00,278.35236,261.71567,0.030807495,3.970584
2020-10-21 03:00:00,281.03983,267.03326,0.043289185,3.3425808
2020-10-21 04:00:00,285.30347,275.63556,0.09919739,2.0580797
2020-10-21 05:00:00,290.00793,269.01093,-0.26541138,-0.051867485
2020-10-21 06:00:00,291.1391,270.5081,-0.38414,-0.9095154
2020-10-21 07:00:00,292.19855,269.67593,0.120529175,-1.1184387
2020-10-21 08:00:00,292.58334,270.5985,0.13690186,-1.1938782
2020-10-21 09:00:00,292.55942,271.12845,0.11053467,-1.016098
2020-10-21 10:00:00,292.21054,271.64984,-0.061691284,-0.59095764
2020-10-21 11:00:00,291.75177,271.9654,-0.17106628,-0.13375854
2020-10-21 12:00:00,290.80304,271.65613,-0.30786133,0.9197998
2020-10-21 13:00:00,285.04245,272.21753,0.008560181,2.3362732
2020-10-21 14:00:00,282.2586,270.97235,0.3097992,2.9087372
2020-10-21 15:00:00,280.47333,270.1969,0.3875885,3.1956177
2020-10-21 16:00:00,279.36914,269.7847,0.21730042,3.3844604
2020-10-21 17:00:00,278.70074,269.54572,0.09184265,3.4710083
2020-10-21 18:00:00,278.46985,269.41827,0.040267944,3.484436
2020-10-21 19:00:00,278.35013,269.52725,0.13085938,3.5337372
2020-10-21 20:00:00,278.264,269.50275,0.11088562,3.4254456
2020-10-21 21:00:00,277.97858,269.42978,0.09063721,3.4513245
2020-10-21 22:00:00,277.75635,269.31842,-0.0013580322,3.4582367
2020-10-21 23:00:00,277.62793,269.13226,-0.008575439,3.420578
2020-10-22 00:00:00,277.55463,268.9757,0.18795776,3.2359924
2020-10-22 01:00:00,277.69006,268.77527,0.26934814,3.0476074
2020-10-22 02:00:00,277.952,269.787,0.041488647,2.8624878
2020-10-22 03:00:00,279.55295,272.97003,0.062927246,2.0327148
2020-10-22 04:00:00,283.50946,271.42282,1.6258545,-1.1598511
2020-10-22 05:00:00,283.47537,270.77405,2.4867249,-2.0670624
2020-10-22 06:00:00,283.2907,271.76782,2.0472717,-2.1566095
2020-10-22 07:00:00,283.58817,272.64264,0.8435364,-2.5903168
2020-10-22 08:00:00,283.6599,273.2786,0.41397095,-2.2284393
2020-10-22 09:00:00,283.5491,273.56757,0.010696411,-2.2399921
2020-10-22 10:00:00,283.20245,273.65915,-0.005722046,-2.2021332
2020-10-22 11:00:00,282.26807,273.5829,0.05569458,-1.7623329
2020-10-22 12:00:00,281.126,273.78668,0.11529541,-1.3435917
2020-10-22 13:00:00,279.91953,274.1073,-0.14216614,-0.9319477
2020-10-22 14:00:00,279.5515,273.84308,-0.4164734,-0.746912
2020-10-22 15:00:00,279.20908,273.59372,-0.45768738,-0.6669159
2020-10-22 16:00:00,279.2906,273.3995,-0.39118958,-0.3199768
2020-10-22 17:00:00,279.1715,273.32126,-0.41783142,-0.01927185
2020-10-22 18:00:00,279.12448,273.3121,-0.15028381,-0.0789032
2020-10-22 19:00:00,279.20013,273.172,0.3196869,-0.031635284
2020-10-22 20:00:00,278.6112,273.12766,1.0938263,-0.021734238
2020-10-22 21:00:00,276.14618,272.8227,1.6321869,-0.2700596
2020-10-22 22:00:00,276.48572,273.13394,1.3502197,-0.04302597
2020-10-22 23:00:00,276.70227,273.3971,1.0491486,-0.4976406
2020-10-23 00:00:00,276.43695,273.67126,0.66056824,-0.65841484
2020-10-23 01:00:00,276.00256,273.68488,0.41403198,-0.7157688
2020-10-23 02:00:00,275.75473,274.01477,0.14057922,-0.83932495
2020-10-23 03:00:00,276.0606,274.83023,0.05091858,-0.9945698
2020-10-23 04:00:00,276.4397,275.1731,0.15232849,-1.0961075
2020-10-23 05:00:00,276.77203,275.38974,0.42836,-1.3341599
2020-10-23 06:00:00,276.68634,275.52933,0.62083435,-1.5095224
2020-10-23 07:00:00,277.05365,275.82916,0.5010376,-1.7604103
2020-10-23 08:00:00,276.75778,275.5899,0.2324524,-1.4505053
2020-10-23 09:00:00,276.47733,275.2954,-0.0970459,-1.2507229
2020-10-23 10:00:00,276.3239,275.07153,-0.11566162,-1.1322556
2020-10-23 11:00:00,276.07104,274.80072,-0.085861206,-0.8418541
2020-10-23 12:00:00,276.0116,274.5708,-0.029586792,-0.5410538
2020-10-23 13:00:00,276.00076,274.58298,-0.06427002,-0.5351124
2020-10-23 14:00:00,275.85773,274.518,-0.18296814,-0.7564335
2020-10-23 15:00:00,275.625,274.5727,-0.30213928,-0.8078604
2020-10-23 16:00:00,275.05774,274.61823,-0.6230316,-0.85594654
2020-10-23 17:00:00,274.83014,274.5848,-0.81710815,-0.7271366
2020-10-23 18:00:00,274.43405,274.24512,-1.0281067,-0.5817785
2020-10-23 19:00:00,274.3672,274.1443,-1.1056519,-0.4559021
2020-10-23 20:00:00,274.5557,274.20602,-1.2495575,-0.4088354
2020-10-23 21:00:00,274.17282,273.76733,-1.3039265,-0.2802601
2020-10-23 22:00:00,273.32898,272.8545,-1.4129486,0.13427734
2020-10-23 23:00:00,272.78625,272.01324,-1.4329004,0.3948841
2020-10-24 00:00:00,272.68268,271.71814,-1.4972715,0.545928
2020-10-24 01:00:00,272.8458,271.73764,-1.4751902,0.676239
2020-10-24 02:00:00,272.76007,271.51117,-1.5089703,0.7072296
2020-10-24 03:00:00,274.59155,272.85205,-1.3485622,0.17111206
2020-10-24 04:00:00,275.49188,272.85492,-1.3382263,-0.42292786
2020-10-24 05:00:00,277.15524,273.06775,-1.0713348,-0.8609009
2020-10-24 06:00:00,278.47253,273.07532,-0.8124676,-1.2633362
2020-10-24 07:00:00,279.80627,273.36594,-0.5727844,-1.7125397
2020-10-24 08:00:00,280.4884,273.43176,-0.40013123,-1.5230408
2020-10-24 09:00:00,280.78888,273.4497,-0.2811947,-1.4761963
2020-10-24 10:00:00,280.64996,273.31104,-0.25624084,-1.4393768
2020-10-24 11:00:00,280.05994,273.327,-0.14076233,-1.0279388
2020-10-24 12:00:00,279.05457,273.74176,0.008422852,-0.57676697
2020-10-24 13:00:00,278.7907,272.60834,-0.07818031,0.22779846
2020-10-24 14:00:00,278.5116,272.23108,-0.37790108,0.767334
2020-10-24 15:00:00,276.29672,271.18362,-0.64138985,1.4114532
2020-10-24 16:00:00,273.84485,269.8512,-0.83732986,2.0335999
2020-10-24 17:00:00,272.84448,268.96515,-0.70041466,2.411911
2020-10-24 18:00:00,272.1924,268.2153,-0.30302238,2.7081604
2020-10-24 19:00:00,272.6142,268.1394,0.099990845,2.5833435
2020-10-24 20:00:00,272.4666,267.59973,0.18177795,2.614441
2020-10-24 21:00:00,271.99707,267.20367,0.15757751,2.7758026
2020-10-24 22:00:00,271.70477,266.8109,0.053813934,3.0005798
2020-10-24 23:00:00,271.4318,266.2509,-0.113061905,3.201828
2020-10-25 00:00:00,271.53613,265.76355,-0.19590187,3.3009338
2020-10-25 01:00:00,271.646,265.50607,-0.2043171,3.4015503
2020-10-25 02:00:00,271.914,265.46634,-0.22792244,3.4201488
2020-10-25 03:00:00,274.49377,267.8215,-0.23635864,2.802782
2020-10-25 04:00:00,278.80835,271.01315,-0.41307068,1.1931877
2020-10-25 05:00:00,281.15112,268.55273,-0.05517578,-0.2953701
2020-10-25 06:00:00,282.38605,270.1997,0.41331482,-0.7990303
2020-10-25 07:00:00,283.9769,270.50433,0.08465576,-0.97213554
2020-10-25 08:00:00,284.6491,271.19324,0.058807373,-0.8131561
2020-10-25 09:00:00,284.99274,271.52878,-0.046417236,-0.6957092
2020-10-25 10:00:00,284.85083,271.6327,0.024017334,-0.8111572
2020-10-25 11:00:00,284.0293,272.97302,0.518631,-0.68955994
2020-10-25 12:00:00,282.64368,272.68848,0.9582062,0.13960266
2020-10-25 13:00:00,279.2384,271.41586,1.0303192,1.6045532
2020-10-25 14:00:00,277.31143,270.16937,0.4752655,2.2727356
2020-10-25 15:00:00,275.78528,269.33118,-0.15751648,2.6176147
2020-10-25 16:00:00,274.36172,268.5675,-0.34487915,3.0976562
2020-10-25 17:00:00,273.68005,267.92145,-0.17243958,3.3353271
2020-10-25 18:00:00,273.5776,267.22437,-0.005874634,3.4310913
2020-10-25 19:00:00,273.49152,266.76062,0.06869507,3.7572021
2020-10-25 20:00:00,273.84647,266.12457,0.11671448,3.6760406
2020-10-25 21:00:00,274.16846,265.60498,0.09805298,3.731781
2020-10-25 22:00:00,274.0655,265.09827,0.04437256,3.8289795
2020-10-25 23:00:00,273.96997,264.6215,0.0761261,3.895111
2020-10-26 00:00:00,273.70538,264.10474,0.10575867,3.950714
2020-10-26 01:00:00,273.63434,263.64886,0.063934326,3.9892578
2020-10-26 02:00:00,273.76483,263.82788,0.009597778,4.011307
2020-10-26 03:00:00,276.36243,267.03583,-0.006500244,3.5088043
2020-10-26 04:00:00,280.80768,272.75702,-0.061782837,2.4333496
2020-10-26 05:00:00,284.8255,269.21716,-0.5679321,0.7210541
2020-10-26 06:00:00,286.4385,268.81976,-0.7818756,-0.24078369
2020-10-26 07:00:00,288.10443,270.40384,-0.41363525,-0.7355194
2020-10-26 08:00:00,288.67444,271.21875,-0.5303955,-0.6465149
2020-10-26 09:00:00,288.87927,271.86414,-0.30911255,-0.84114075
2020-10-26 10:00:00,288.45874,273.12878,0.36418152,-0.87934875
2020-10-26 11:00:00,286.9074,277.20264,1.1580048,-0.6235962
2020-10-26 12:00:00,284.4064,273.33438,1.433197,0.57922363
2020-10-26 13:00:00,281.46017,271.33786,1.1764832,1.8388824
2020-10-26 14:00:00,280.03232,270.0735,0.69122314,2.219696
2020-10-26 15:00:00,279.8461,269.5726,0.117767334,2.2963257
2020-10-26 16:00:00,278.6516,269.53687,-0.6080322,2.6575775
2020-10-26 17:00:00,278.96472,268.65408,-0.69866943,3.3005981
2020-10-26 18:00:00,278.74475,267.79883,-0.26106262,3.611374
2020-10-26 19:00:00,279.40118,267.2115,-0.052612305,3.9336548
2020-10-26 20:00:00,279.41638,266.68896,0.09814453,3.9165192
2020-10-26 21:00:00,279.3227,266.48004,0.088897705,3.8624268
2020-10-26 22:00:00,278.9639,266.48953,0.050827026,3.8056183
2020-10-26 23:00:00,278.37357,266.66464,0.026885986,3.8036194
2020-10-27 00:00:00,277.662,266.8424,0.05328369,3.850937
2020-10-27 01:00:00,277.17114,266.8792,0.085372925,3.9584503
2020-10-27 02:00:00,277.4513,267.35184,0.121917725,3.998001
2020-10-27 03:00:00,280.3908,269.4809,0.14976501,3.6175385
2020-10-27 04:00:00,283.9701,273.2909,0.04220581,2.8329163
2020-10-27 05:00:00,287.8214,275.51694,-0.20347595,1.8724213
2020-10-27 06:00:00,289.81033,272.2829,-0.4527893,0.6409607
2020-10-27 07:00:00,290.33862,273.52573,-0.26419067,-0.47886658
2020-10-27 08:00:00,290.60992,273.85883,0.32995605,-0.9200134
2020-10-27 09:00:00,290.37103,273.85303,0.93370056,-1.3799591
2020-10-27 10:00:00,289.4643,274.1475,0.8991852,-1.302475
2020-10-27 11:00:00,287.7694,278.0416,0.72909546,-0.92463684
2020-10-27 12:00:00,285.78864,274.24466,1.3958588,-0.3453064
2020-10-27 13:00:00,282.91705,273.62604,1.8793182,0.43611145
2020-10-27 14:00:00,281.28857,272.7442,1.6456909,1.24263
2020-10-27 15:00:00,280.60028,272.2073,2.012207,-0.36878967
2020-10-27 16:00:00,278.62292,272.0988,1.778656,-1.1290741
2020-10-27 17:00:00,277.3067,272.26657,1.5895844,-1.0429077
2020-10-27 18:00:00,276.74384,272.43027,1.3202057,-1.0812979
2020-10-27 19:00:00,276.45947,272.53598,0.539917,-1.3999939
2020-10-27 20:00:00,276.06268,272.6374,0.34550476,-1.322422
2020-10-27 21:00:00,275.34186,272.57428,0.19778442,-1.3481579
2020-10-27 22:00:00,274.47675,272.4133,0.21464539,-1.4709187
2020-10-27 23:00:00,274.097,272.52057,0.09779358,-1.3109932
2020-10-28 00:00:00,274.01434,272.82538,-0.22306824,-0.94337463
2020-10-28 01:00:00,273.0003,272.0185,-0.31263733,-0.8407898
2020-10-28 02:00:00,273.04028,272.12598,-0.009567261,-0.5685425
2020-10-28 03:00:00,273.51666,272.39246,-0.063934326,-0.73939514
2020-10-28 04:00:00,273.95184,272.82874,0.03543091,-0.90478516
2020-10-28 05:00:00,275.02002,273.1446,-0.014129639,-1.1090546
2020-10-28 06:00:00,276.21,273.53345,-0.1269226,-1.3750639
2020-10-28 07:00:00,277.34454,272.89758,0.54577637,-1.8850403
2020-10-28 08:00:00,277.60687,272.79868,0.63171387,-2.0203094
2020-10-28 09:00:00,277.36615,272.82117,0.6236725,-1.9288788
2020-10-28 10:00:00,276.4632,273.02493,0.5370636,-1.692297
2020-10-28 11:00:00,275.63623,273.24576,0.56030273,-1.3291702
2020-10-28 12:00:00,274.59467,273.30896,0.44082642,-0.8909626
2020-10-28 13:00:00,273.5714,272.83093,0.38728333,-0.28823853
2020-10-28 14:00:00,273.22153,272.9121,0.37904358,0.22300911
2020-10-28 15:00:00,273.18207,273.04004,0.27867126,0.10473633
2020-10-28 16:00:00,273.21164,272.95593,-0.009796143,-0.35820007
2020-10-28 17:00:00,273.19812,272.9295,-0.17277527,-0.43675232
2020-10-28 18:00:00,272.83286,272.71637,0.0031738281,-0.43841553
2020-10-28 19:00:00,272.24875,272.13623,0.43711853,-0.68813896
2020-10-28 20:00:00,272.1662,271.87738,0.21669006,-0.93130684
2020-10-28 21:00:00,271.99756,271.83618,-0.2738495,-0.66267395
2020-10-28 22:00:00,271.76038,271.62973,-0.56181335,-0.41017056
2020-10-28 23:00:00,271.8142,271.6781,-0.7709656,-0.1851654
2020-10-29 00:00:00,271.96405,271.64392,-1.0314331,0.05761528
2020-10-29 01:00:00,271.72064,271.13336,-1.2380066,0.33553314
2020-10-29 02:00:00,271.91785,270.94952,-1.0086517,0.4846096
2020-10-29 03:00:00,273.17282,271.98578,-0.6532135,0.23084068
2020-10-29 04:00:00,274.4436,271.84363,-0.9344177,-0.4319172
2020-10-29 05:00:00,276.10907,271.30188,-0.757782,-0.6855316
2020-10-29 06:00:00,276.6504,272.35742,-0.29655457,-0.935812
2020-10-29 07:00:00,278.83966,271.73645,-0.18835449,-1.3575134
2020-10-29 08:00:00,279.45056,271.75244,0.08583069,-1.4564056
2020-10-29 09:00:00,279.86438,271.72412,0.21022034,-1.5808105
2020-10-29 10:00:00,279.54736,271.42514,0.16815186,-1.5378952
2020-10-29 11:00:00,278.82196,271.47394,0.18235779,-1.164093
2020-10-29 12:00:00,277.5688,271.41614,0.28564453,-0.6065998
2020-10-29 13:00:00,277.35757,270.50586,0.1481781,0.3198185
2020-10-29 14:00:00,277.14062,270.1488,-0.1270752,0.97183037
2020-10-29 15:00:00,274.75433,269.0907,-0.2319336,1.6435642
2020-10-29 16:00:00,273.13654,268.05774,-0.3310852,2.0800514
2020-10-29 17:00:00,271.99362,267.12073,-0.39082336,2.4768066
2020-10-29 18:00:00,271.3316,266.18298,-0.30732727,2.8523655
2020-10-29 19:00:00,270.75174,264.68848,-0.0037384033,3.297741
2020-10-29 20:00:00,270.79993,263.84772,-0.005554199,3.38443
2020-10-29 21:00:00,270.78973,263.4118,-0.02796936,3.47435
2020-10-29 22:00:00,270.8551,263.1503,-0.099227905,3.5046692
2020-10-29 23:00:00,270.94727,262.91144,-0.15609741,3.5310516
2020-10-30 00:00:00,271.00287,262.6587,-0.19125366,3.5618668
2020-10-30 01:00:00,271.15286,262.48972,-0.18371582,3.5807676
2020-10-30 02:00:00,271.372,262.70465,-0.15568542,3.5785809
2020-10-30 03:00:00,273.6397,264.90906,-0.11793518,3.1281357
2020-10-30 04:00:00,277.8576,268.95764,-0.119644165,1.9747658
2020-10-30 05:00:00,280.6198,264.59372,-0.25912476,0.08245468
2020-10-30 06:00:00,281.78506,265.78632,-0.13668823,-0.5782776
2020-10-30 07:00:00,283.4165,266.92712,-0.21287537,-0.84495544
2020-10-30 08:00:00,284.06693,267.71756,-0.051589966,-0.9002075
2020-10-30 09:00:00,284.38666,268.1616,0.14245605,-0.8926239
2020-10-30 10:00:00,284.14746,269.264,0.24472046,-0.762619
2020-10-30 11:00:00,283.26215,270.0954,0.39193726,-0.5058899
2020-10-30 12:00:00,282.60535,268.27234,0.3905487,0.3707428
2020-10-30 13:00:00,280.01764,267.8861,0.25976562,1.6008453
2020-10-30 14:00:00,275.73376,267.21057,-0.0049743652,2.432846
2020-10-30 15:00:00,273.40457,266.373,-0.15470886,2.9844818
2020-10-30 16:00:00,272.73776,265.3789,-0.17764187,3.3335571
2020-10-30 17:00:00,272.32016,264.3396,-0.14453125,3.5413818
2020-10-30 18:00:00,272.23126,263.41724,-0.10543823,3.6467896
2020-10-30 19:00:00,271.742,262.71533,-0.0137786865,3.940689
2020-10-30 20:00:00,272.03693,261.93378,-0.037582397,3.8563843
2020-10-30 21:00:00,272.13434,261.25372,-0.042388916,3.8757477
2020-10-30 22:00:00,272.1646,260.66565,-0.026489258,3.887268
2020-10-30 23:00:00,272.24304,260.05322,-0.036895752,3.86586
2020-10-31 00:00:00,272.30408,259.4311,-0.065979004,3.8378754
2020-10-31 01:00:00,272.34427,258.86057,-0.1129303,3.841507
2020-10-31 02:00:00,272.42377,259.20093,-0.1403656,3.8397522
2020-10-31 03:00:00,274.60205,262.82666,-0.15423584,3.4452057
2020-10-31 04:00:00,278.76678,269.1764,-0.17648315,2.4692078
2020-10-31 05:00:00,282.67215,265.5746,-0.4386902,0.71492004
2020-10-31 06:00:00,284.09644,263.6486,-0.26542664,-0.3093109
2020-10-31 07:00:00,285.28146,265.8292,-0.12617493,-0.72206116
2020-10-31 08:00:00,285.81018,266.91626,0.17053223,-0.7732239
2020-10-31 09:00:00,285.94955,267.54663,0.34339905,-0.7341156
2020-10-31 10:00:00,285.56,269.64783,0.431015,-0.3526001
2020-10-31 11:00:00,284.6016,270.90186,0.61024475,-0.13484192
2020-10-31 12:00:00,283.79074,267.40112,0.5200958,0.83815
2020-10-31 13:00:00,279.3426,267.28748,0.27593994,1.9980164
2020-10-31 14:00:00,275.64804,266.18167,0.061309814,2.781845
2020-10-31 15:00:00,274.00897,264.84528,-0.06149292,3.2845001
2020-10-31 16:00:00,273.2437,263.49237,-0.113357544,3.5665436
2020-10-31 17:00:00,272.96225,262.4251,-0.10899353,3.700348
2020-10-31 18:00:00,272.93396,261.5242,-0.06878662,3.7819061
2020-10-31 19:00:00,272.6952,260.1966,0.07362366,4.0214996
2020-10-31 20:00:00,272.95703,259.3955,0.04949951,3.9433289
2020-10-31 21:00:00,272.9913,258.688,0.032165527,3.9532623
2020-10-31 22:00:00,272.965,258.0634,0.029937744,3.950882
2020-10-31 23:00:00,273.0134,257.39917,0.021652222,3.9466705
2020-11-01 00:00:00,273.07034,256.81476,0.02067566,3.9283752
2020-11-01 01:00:00,273.2527,256.47998,0.014572144,3.9052277
2020-11-01 02:00:00,273.45435,257.27554,-0.033233643,3.8573608
2020-11-01 03:00:00,275.6028,262.25842,-0.0798645,3.4207764
2020-11-01 04:00:00,279.4311,269.55225,-0.15026855,2.4643402
2020-11-01 05:00:00,283.4054,266.64374,-0.48669434,0.83906555
2020-11-01 06:00:00,284.88397,265.14624,-0.44404602,-0.17079163
2020-11-01 07:00:00,285.73236,265.30188,-0.055984497,-0.6069336
2020-11-01 08:00:00,286.21747,266.6894,0.13246155,-0.68296814
2020-11-01 09:00:00,286.31717,267.61853,0.32603455,-0.6218109
2020-11-01 10:00:00,285.85648,270.17505,0.2719574,-0.11491394
2020-11-01 11:00:00,284.69983,273.64185,0.37451172,0.7212219
2020-11-01 12:00:00,280.59695,269.5406,0.15470886,2.134842
2020-11-01 13:00:00,277.15738,266.75635,-0.06588745,2.9747314
2020-11-01 14:00:00,275.50433,264.7475,-0.07337952,3.5227966
2020-11-01 15:00:00,274.59717,263.27185,-0.010437012,3.7567902
2020-11-01 16:00:00,274.14136,261.9026,0.0028686523,3.8637238
2020-11-01 17:00:00,273.9347,260.6723,0.0027313232,3.9391785
2020-11-01 18:00:00,273.8512,259.61435,0.016647339,3.9719086
2020-11-01 19:00:00,273.9643,259.0633,0.09951782,4.0548553
2020-11-01 20:00:00,274.2445,258.5233,0.040420532,3.9752197
2020-11-01 21:00:00,274.34027,258.24097,0.011566162,3.9533386
2020-11-01 22:00:00,274.45367,258.1626,0.015396118,3.9242706
2020-11-01 23:00:00,274.74176,258.33368,-0.0024871826,3.8675385
2020-11-02 00:00:00,274.66132,258.46127,-0.02659607,3.8598022
2020-11-02 01:00:00,274.96344,258.91675,-0.04676819,3.8178864
2020-11-02 02:00:00,275.12854,260.1596,-0.059432983,3.8103943
2020-11-02 03:00:00,276.87012,264.52136,-0.07032776,3.4469604
2020-11-02 04:00:00,280.43805,271.11725,-0.08917236,2.592102
2020-11-02 05:00:00,284.6776,271.67206,-0.10990906,1.4279022
2020-11-02 06:00:00,286.63147,263.99756,-0.10972595,0.08711243
2020-11-02 07:00:00,287.02335,265.045,-0.12651062,-0.5101013
2020-11-02 08:00:00,287.35406,266.1435,-0.019180298,-0.41133118
2020-11-02 09:00:00,287.4193,266.89984,0.13749695,-0.2803192
2020-11-02 10:00:00,287.0384,269.8484,0.19593811,-0.0791626
2020-11-02 11:00:00,286.3127,270.54675,0.5812683,0.43873596
2020-11-02 12:00:00,281.47348,269.59528,0.75398254,2.1178284
2020-11-02 13:00:00,278.03278,266.94186,0.36927795,3.1220093
2020-11-02 14:00:00,276.25882,265.71442,0.15438843,3.4855194
2020-11-02 15:00:00,275.31976,264.7909,0.14622498,3.577713
2020-11-02 16:00:00,275.17017,263.96945,0.11480713,3.5863647
2020-11-02 17:00:00,275.1112,263.2663,0.07687378,3.5893555
2020-11-02 18:00:00,275.26312,262.7713,0.07357788,3.5568085
2020-11-02 19:00:00,275.0884,262.44434,0.14863586,3.602478
2020-11-02 20:00:00,274.7811,261.8354,0.10076904,3.56633
2020-11-02 21:00:00,274.43097,261.223,0.048690796,3.5822296
2020-11-02 22:00:00,274.18875,260.71948,-0.006713867,3.584732
2020-11-02 23:00:00,273.793,260.2358,-0.050308228,3.6274872
2020-11-03 00:00:00,273.57074,259.81952,-0.060638428,3.6610413
2020-11-03 01:00:00,273.40997,259.47357,-0.0716095,3.6886444
2020-11-03 02:00:00,273.43817,260.16507,-0.08163452,3.7006989
2020-11-03 03:00:00,275.5061,264.3581,-0.105270386,3.2727814
2020-11-03 04:00:00,279.48364,271.42712,-0.11647034,2.23938
2020-11-03 05:00:00,283.73834,267.54956,-0.20179749,0.702301
2020-11-03 06:00:00,284.98514,265.17044,-0.32678223,-0.20922852
2020-11-03 07:00:00,285.52243,266.30182,-0.443985,-0.5613861
2020-11-03 08:00:00,286.0111,267.24457,-0.14845276,-0.5981903
2020-11-03 09:00:00,286.0554,267.92923,0.17756653,-0.7705078
2020-11-03 10:00:00,285.59082,270.1029,0.23873901,-0.5939331
2020-11-03 11:00:00,284.70865,272.0828,0.54618835,-0.13075256
2020-11-03 12:00:00,281.94775,269.85675,0.68281555,1.3291473
2020-11-03 13:00:00,278.20514,268.44058,0.5662689,2.302536
2020-11-03 14:00:00,275.60095,267.18982,0.4011078,2.840088
2020-11-03 15:00:00,274.1427,266.08606,0.19276428,3.143692
2020-11-03 16:00:00,273.4367,265.16214,0.10282898,3.314865
2020-11-03 17:00:00,273.09888,264.40613,0.040863037,3.3821716
2020-11-03 18:00:00,272.79834,263.73953,0.051712036,3.4436646
2020-11-03 19:00:00,273.14197,263.80573,0.07652283,3.3509674
2020-11-03 20:00:00,272.8582,263.47214,0.121806145,3.2824097
2020-11-03 21:00:00,272.55542,263.26624,0.1281128,3.2846375
2020-11-03 22:00:00,272.29047,263.0924,0.08988953,3.3314362
2020-11-03 23:00:00,272.21835,262.90656,0.06199646,3.3877716
2020-11-04 00:00:00,272.28064,262.8057,0.0115356445,3.4110718
2020-11-04 01:00:00,272.42206,262.84253,0.018928528,3.3957214
2020-11-04 02:00:00,272.5312,263.44208,0.02687645,3.3861084
2020-11-04 03:00:00,274.64368,266.53363,-0.018000603,2.8807983
2020-11-04 04:00:00,278.6354,272.5987,-0.066737175,1.7927399
2020-11-04 05:00:00,282.26163,265.52515,-0.062561035,0.32891846
2020-11-04 06:00:00,283.14697,266.32526,-0.16977882,-0.5516968
2020-11-04 07:00:00,283.65198,267.43326,-0.28344536,-0.6164093
2020-11-04 08:00:00,284.15863,268.18884,-0.12864399,-0.7094574
2020-11-04 09:00:00,284.2649,268.63992,-0.033883095,-0.5917511
2020-11-04 10:00:00,284.00433,269.0332,0.0050201416,-0.6041374
2020-11-04 11:00:00,283.27368,270.70618,-0.04039097,-0.6342163
2020-11-04 12:00:00,282.75357,268.81506,-0.07278633,0.3327942
2020-11-04 13:00:00,279.91174,268.74182,-0.1299324,1.6096954
2020-11-04 14:00:00,276.85376,267.90894,-0.12565613,2.298355
2020-11-04 15:00:00,275.1949,267.12827,-0.09140015,2.6267242
2020-11-04 16:00:00,273.74695,266.4156,-0.010749817,2.9427948
2020-11-04 17:00:00,272.72827,265.6676,0.0057764053,3.2378693
2020-11-04 18:00:00,272.25882,264.91083,-0.05426216,3.4263458
2020-11-04 19:00:00,272.34454,264.17517,-0.014861107,3.660324
2020-11-04 20:00:00,272.76862,263.10486,-0.08666515,3.6231537
2020-11-04 21:00:00,272.86554,261.982,-0.108673096,3.6659546
2020-11-04 22:00:00,272.9402,260.9698,-0.14000225,3.6869354
2020-11-04 23:00:00,272.97736,260.12918,-0.12378597,3.6986542
2020-11-05 00:00:00,272.9427,259.3893,-0.12328434,3.7471313
2020-11-05 01:00:00,272.79388,258.4933,-0.12608147,3.7581635
2020-11-05 02:00:00,272.76855,258.58673,-0.13449955,3.7752228
2020-11-05 03:00:00,274.7411,262.38794,-0.12523079,3.3633728
2020-11-05 04:00:00,278.641,269.61688,-0.19026947,2.3271942
2020-11-05 05:00:00,282.5891,267.18796,-0.4784336,0.3726654
2020-11-05 06:00:00,284.02457,263.4729,-0.33139992,-0.42601013
2020-11-05 07:00:00,285.21075,265.45935,-0.20830536,-0.8441467
2020-11-05 08:00:00,285.76614,266.28458,-0.03554821,-0.8982086
2020-11-05 09:00:00,285.92908,266.846,0.15930462,-0.94104004
2020-11-05 10:00:00,285.40515,269.2096,0.43428898,-0.60749817
2020-11-05 11:00:00,284.34705,269.02747,0.73672485,-0.36387634
2020-11-05 12:00:00,283.4428,266.79477,0.7127228,0.66889954
2020-11-05 13:00:00,280.14374,266.6593,0.3148346,1.7858734
2020-11-05 14:00:00,277.35022,265.80206,-0.2177124,2.327835
2020-11-05 15:00:00,275.08868,264.96967,-0.51514053,2.7322083
2020-11-05 16:00:00,273.40546,264.18103,-0.5126915,3.1310272
2020-11-05 17:00:00,272.81586,263.21643,-0.30054092,3.377655
2020-11-05 18:00:00,272.5413,261.89642,-0.20166016,3.519287
2020-11-05 19:00:00,272.41983,259.6792,0.03753662,3.7332306
2020-11-05 20:00:00,273.04593,258.83905,-0.013549805,3.671646
2020-11-05 21:00:00,273.34222,257.9931,-0.049057007,3.6961517
2020-11-05 22:00:00,273.48553,257.13385,-0.091049194,3.7442932
2020-11-05 23:00:00,273.5622,256.24792,-0.11816406,3.789566
2020-11-06 00:00:00,273.63092,255.36887,-0.12574768,3.838852
2020-11-06 01:00:00,273.71014,254.72762,-0.12068176,3.877243
2020-11-06 02:00:00,273.78906,254.48415,-0.13616562,3.9005432
2020-11-06 03:00:00,275.73187,259.2896,-0.13483429,3.552246
2020-11-06 04:00:00,279.9219,268.54138,-0.15284729,2.6099396
2020-11-06 05:00:00,283.45627,272.71387,-0.35058594,0.963974
2020-11-06 06:00:00,285.79498,263.11453,-0.3031311,-0.17927551
2020-11-06 07:00:00,286.44922,265.6952,-0.029251099,-0.68800354
2020-11-06 08:00:00,286.81082,267.26178,0.11734009,-0.7756958
2020-11-06 09:00:00,286.83533,268.2775,0.22355652,-0.7558136
2020-11-06 10:00:00,286.29074,270.17462,0.19424438,-0.38189697
2020-11-06 11:00:00,285.7138,268.99622,0.31573486,0.32026672
2020-11-06 12:00:00,281.72427,269.3086,0.1433258,1.7691193
2020-11-06 13:00:00,278.25464,267.37323,-0.12857056,2.5018005
2020-11-06 14:00:00,275.3406,265.5349,-0.26956177,3.1178284
2020-11-06 15:00:00,274.1019,264.24435,-0.19610596,3.543579
2020-11-06 16:00:00,273.8651,262.86853,-0.16729736,3.8193054
2020-11-06 17:00:00,273.72247,261.55475,-0.13583374,3.918457
2020-11-06 18:00:00,273.69977,260.36847,-0.107055664,4.016342
2020-11-06 19:00:00,273.57977,258.60794,0.025665283,4.212219
2020-11-06 20:00:00,273.70447,257.9265,0.010284424,4.169815
2020-11-06 21:00:00,273.7149,257.49426,-0.00881958,4.2179565
2020-11-06 22:00:00,273.6538,257.27838,-0.04298401,4.2360992
2020-11-06 23:00:00,273.62012,257.2956,-0.07156372,4.2653046
2020-11-07 00:00:00,273.6856,257.45087,-0.09992981,4.2746124
2020-11-07 01:00:00,273.93393,257.80743,-0.12599182,4.3029175
2020-11-07 02:00:00,274.0907,258.15875,-0.16079712,4.3112946
2020-11-07 03:00:00,276.18265,261.86755,-0.17723083,4.0035706
2020-11-07 04:00:00,280.40094,268.96716,-0.19058228,3.2623596
2020-11-07 05:00:00,284.78534,273.86957,-0.33688354,2.2638855
2020-11-07 06:00:00,287.7755,268.59384,-0.86479187,0.91593933
2020-11-07 07:00:00,289.01495,267.62592,-1.0118713,-0.089782715
2020-11-07 08:00:00,289.516,269.0553,-1.13237,-0.22546387
2020-11-07 09:00:00,289.6524,272.24188,-0.9864807,-0.1981659
2020-11-07 10:00:00,288.86676,276.80618,-0.86631775,-0.051315308
2020-11-07 11:00:00,289.10645,270.1419,-0.54267883,0.6544342
2020-11-07 12:00:00,282.90308,270.43484,-0.20826721,2.4032288
2020-11-07 13:00:00,278.79037,267.842,-0.12232971,3.6315308
2020-11-07 14:00:00,276.49792,265.99536,-0.020507812,4.079132
2020-11-07 15:00:00,276.112,264.32434,-0.031951904,4.2406464
2020-11-07 16:00:00,276.92535,263.05127,-0.0594635,4.214203
2020-11-07 17:00:00,277.7931,262.06927,-0.045715332,4.2068787
2020-11-07 18:00:00,278.3459,261.17682,-0.041900635,4.259445
2020-11-07 19:00:00,280.18097,258.39453,-0.06536865,4.4684753
2020-11-07 20:00:00,280.7797,258.2777,-0.11631775,4.486435
2020-11-07 21:00:00,281.16028,258.95438,-0.17919922,4.598404
2020-11-07 22:00:00,281.61298,259.91724,-0.21699524,4.6377373
2020-11-07 23:00:00,282.12286,260.84592,-0.21496582,4.5981236
2020-11-08 00:00:00,282.28107,261.51422,-0.21299744,4.6011267
2020-11-08 01:00:00,282.3349,262.1157,-0.17488098,4.6104803
2020-11-08 02:00:00,282.30508,263.58054,-0.13583374,4.6099586
2020-11-08 03:00:00,283.30743,266.82022,-0.13468933,4.385068
2020-11-08 04:00:00,285.8958,271.35516,-0.062561035,3.7312584
2020-11-08 05:00:00,289.17633,275.8501,-0.11933899,2.8309212
2020-11-08 06:00:00,292.0565,277.64175,-0.23492432,2.0991669
2020-11-08 07:00:00,293.2649,277.0011,-0.37039185,1.7211914
2020-11-08 08:00:00,293.82532,277.26562,-0.7141876,1.1788177
2020-11-08 09:00:00,293.49805,278.70013,-1.06633,0.95778275
2020-11-08 10:00:00,292.20392,283.73813,-0.9939728,0.81466866
2020-11-08 11:00:00,292.8282,276.52197,0.11578369,0.575325
2020-11-08 12:00:00,289.4546,276.5666,1.1757507,1.1461124
2020-11-08 13:00:00,284.58484,275.98547,2.1698456,1.3576622
2020-11-08 14:00:00,282.3111,275.466,2.6857452,1.0315838
2020-11-08 15:00:00,281.5071,274.85464,2.534317,0.1967392
2020-11-08 16:00:00,280.6297,274.1781,2.2081146,-0.019460678
2020-11-08 17:00:00,279.16034,273.3755,2.2023315,-0.35464287
2020-11-08 18:00:00,278.06036,272.3236,2.0046082,-0.6949377
2020-11-08 19:00:00,278.07785,272.61282,1.2419586,-1.4290257
2020-11-08 20:00:00,275.89398,272.1583,1.2421112,-1.9137402
2020-11-08 21:00:00,274.8664,272.03964,0.94944763,-2.061164
2020-11-08 22:00:00,274.4557,272.5422,0.86216736,-1.6898651
2020-11-08 23:00:00,274.31357,273.18314,0.607254,-1.2926283
2020-11-09 00:00:00,273.57007,273.09125,0.38502502,-1.65343
2020-11-09 01:00:00,273.43262,272.93646,0.22337341,-1.4327507
2020-11-09 02:00:00,273.28015,272.86725,-0.16870117,-0.93045807
2020-11-09 03:00:00,273.3355,272.97284,-0.5532532,-0.78282547
2020-11-09 04:00:00,273.56735,273.23938,-0.7307129,-0.74731445
2020-11-09 05:00:00,274.00146,273.38644,-1.1155548,-0.9355774
2020-11-09 06:00:00,274.59937,273.59427,-1.2646637,-1.1239929
2020-11-09 07:00:00,275.6842,273.98462,-1.1976624,-1.49296
2020-11-09 08:00:00,276.29953,274.07935,-0.9928894,-1.4941654
2020-11-09 09:00:00,276.60223,273.63446,-0.88012695,-1.5282688
2020-11-09 10:00:00,276.81244,273.2146,-0.6967621,-1.4423246
2020-11-09 11:00:00,276.14032,273.23517,-0.1313324,-1.0800171
2020-11-09 12:00:00,275.5108,273.1189,-0.010131836,-0.4703102
2020-11-09 13:00:00,275.65656,272.85107,-0.19831848,0.66529465
2020-11-09 14:00:00,276.15833,272.29065,-0.39341736,0.8339367
2020-11-09 15:00:00,275.7315,271.52353,-0.46447754,1.1166039
2020-11-09 16:00:00,276.25436,270.95038,-0.23046875,1.2580414
2020-11-09 17:00:00,277.06885,270.66986,0.010192871,1.2135963
2020-11-09 18:00:00,277.30563,270.35938,0.08782959,1.1276722
2020-11-09 19:00:00,277.71716,270.5627,-0.21006775,0.77129173
2020-11-09 20:00:00,277.2742,270.46796,-0.3410492,1.0381031
2020-11-09 21:00:00,277.14484,270.2919,-0.3746338,0.8056183
2020-11-09 22:00:00,276.9402,270.31976,-0.53926086,0.4623146
2020-11-09 23:00:00,276.58505,270.19016,-0.4962616,0.24386024
2020-11-10 00:00:00,276.20557,270.11148,-0.3302765,0.21035194
2020-11-10 01:00:00,276.00287,270.0328,-0.39427185,0.19842815
2020-11-10 02:00:00,275.77258,269.93744,-0.54359436,0.15305614
2020-11-10 03:00:00,275.8081,269.92084,-0.7926178,0.25
2020-11-10 04:00:00,276.39893,271.67715,-1.0125427,0.06960869
2020-11-10 05:00:00,277.90424,272.00308,-1.1733398,-0.39511776
2020-11-10 06:00:00,279.20074,272.56186,-0.98435974,-0.7967205
2020-11-10 07:00:00,280.3444,272.3802,-0.4638672,-1.2583199
2020-11-10 08:00:00,280.98715,272.5598,-0.51467896,-1.2537651
2020-11-10 09:00:00,281.28766,272.656,-0.53619385,-1.2742443
2020-11-10 10:00:00,280.99863,272.69366,-0.4328766,-1.1624575
2020-11-10 11:00:00,280.2223,273.4436,-0.10171509,-0.7591858
2020-11-10 12:00:00,279.8444,272.21637,0.08143616,0.21000385
2020-11-10 13:00:00,279.60092,271.79456,0.2745514,0.8342991
2020-11-10 14:00:00,279.28012,271.3587,0.1634674,1.2623692
2020-11-10 15:00:00,276.98114,270.35638,-0.32640076,1.7220459
2020-11-10 16:00:00,275.42606,269.4885,-0.8135071,1.9405212
2020-11-10 17:00:00,274.43488,269.09354,-1.0734406,2.1494904
2020-11-10 18:00:00,273.32336,268.757,-0.9650574,2.589981
2020-11-10 19:00:00,272.54144,268.1313,-0.080078125,3.5577545
2020-11-10 20:00:00,272.86285,268.26117,-0.12295532,3.565033
2020-11-10 21:00:00,273.28287,268.1217,-0.12690735,3.5685272
2020-11-10 22:00:00,273.47952,267.85477,-0.1184845,3.5811615
2020-11-10 23:00:00,273.6993,267.5603,-0.1257782,3.5798645
2020-11-11 00:00:00,273.96307,267.3131,-0.17271423,3.5687103
2020-11-11 01:00:00,274.12305,267.0766,-0.20730591,3.5786438
2020-11-11 02:00:00,274.30316,266.9731,-0.16540527,3.5631104
2020-11-11 03:00:00,275.79507,268.21106,-0.14151001,3.1150208
2020-11-11 04:00:00,278.7605,272.7027,-0.23260498,1.9127045
2020-11-11 05:00:00,282.20184,269.9949,-0.59532166,0.019638062
2020-11-11 06:00:00,283.1804,271.14594,-0.43510437,-0.7995758
2020-11-11 07:00:00,284.9097,271.19098,0.54341125,-1.2642365
2020-11-11 08:00:00,285.00165,271.5252,0.54229736,-1.3923035
2020-11-11 09:00:00,284.6079,271.96173,0.4256134,-1.5165253
2020-11-11 10:00:00,283.65457,272.7617,0.33848572,-1.3017731
2020-11-11 11:00:00,282.01056,275.33575,0.4141693,-1.1181641
2020-11-11 12:00:00,281.1863,272.85583,0.38609314,-0.7053528
2020-11-11 13:00:00,281.09576,272.07526,-0.06072998,-0.43381977
2020-11-11 14:00:00,280.73746,271.89886,-0.42704773,-0.23483086
2020-11-11 15:00:00,280.46762,271.87177,-0.79322815,-0.05961418
2020-11-11 16:00:00,278.9254,272.0172,-1.2942963,0.2559147
2020-11-11 17:00:00,278.03052,271.94922,-1.4112091,0.529068
2020-11-11 18:00:00,278.1713,271.88516,-1.3752899,0.49917603
2020-11-11 19:00:00,280.50684,271.4637,-0.96577454,0.8724823
2020-11-11 20:00:00,280.58966,271.2975,-0.46116638,0.95251465
2020-11-11 21:00:00,280.65027,271.30286,0.099853516,0.18988037
2020-11-11 22:00:00,279.7894,271.58862,0.8985138,-0.20132446
2020-11-11 23:00:00,278.26654,271.8673,1.1906891,-0.3237152
2020-11-12 00:00:00,278.13525,272.1911,0.8283539,-0.42808533
2020-11-12 01:00:00,277.83347,272.47427,0.053756714,-0.4779358
2020-11-12 02:00:00,277.2713,272.5965,-0.6213379,-0.23200607
2020-11-12 03:00:00,276.6823,272.65552,-0.9401703,-0.33660126
2020-11-12 04:00:00,276.36145,274.2524,-0.66722107,-0.5446396
2020-11-12 05:00:00,278.08987,273.89865,-1.0083313,-0.90185547
2020-11-12 06:00:00,278.89087,274.73376,-1.1172333,-1.2524414
2020-11-12 07:00:00,280.13092,275.6857,-0.42826843,-2.3139954
2020-11-12 08:00:00,280.07837,275.891,-0.16023254,-2.2177124
2020-11-12 09:00:00,279.58646,276.29028,0.2132721,-2.1593475
2020-11-12 10:00:00,278.6314,277.06107,0.56285095,-2.0033722
2020-11-12 11:00:00,277.53937,277.03363,0.74053955,-2.0918026
2020-11-12 12:00:00,275.91522,275.3673,0.96029663,-2.0446796
2020-11-12 13:00:00,274.13162,274.0575,1.0628967,-1.7742786
2020-11-12 14:00:00,273.33124,273.19644,1.0333252,-1.5475073
2020-11-12 15:00:00,272.94925,272.84882,0.7846985,-1.581131
2020-11-12 16:00:00,272.551,272.40527,0.57522583,-1.512207
2020-11-12 17:00:00,272.33395,271.98688,0.46514893,-1.4049988
2020-11-12 18:00:00,272.15533,271.7604,0.38171387,-1.4257917
2020-11-12 19:00:00,272.27744,271.9284,0.81396484,-1.5278349
2020-11-12 20:00:00,271.97992,271.6376,0.5893097,-1.3348961
2020-11-12 21:00:00,271.81155,271.4218,0.39379883,-1.2656784
2020-11-12 22:00:00,271.6056,271.1943,0.18229675,-1.1581345
2020-11-12 23:00:00,270.8013,270.3997,0.0060577393,-1.1119242
2020-11-13 00:00:00,271.1267,270.68036,0.0005493164,-1.0773897
2020-11-13 01:00:00,270.87775,270.34833,0.009048462,-0.9943247
2020-11-13 02:00:00,270.61316,270.02808,0.19311523,-0.8692198
2020-11-13 03:00:00,270.52844,269.89285,0.45924377,-0.78009605
2020-11-13 04:00:00,271.13074,270.02948,0.5357208,-1.0571823
2020-11-13 05:00:00,271.30472,270.0667,0.54963684,-1.3288574
2020-11-13 06:00:00,273.2637,271.1098,0.49742126,-1.7084045
2020-11-13 07:00:00,274.0128,271.4638,0.48077393,-1.793747
2020-11-13 08:00:00,274.47632,271.5263,0.6211853,-1.872879
2020-11-13 09:00:00,274.4444,271.4432,0.7000885,-1.9097748
2020-11-13 10:00:00,274.12766,271.37103,0.58943176,-1.6621599
2020-11-13 11:00:00,273.20477,270.82642,0.42781067,-1.1980705
2020-11-13 12:00:00,272.94016,270.12427,0.48513794,-0.77841187
2020-11-13 13:00:00,273.174,270.00476,0.6996002,-0.38276672
2020-11-13 14:00:00,272.8769,269.77188,0.88098145,-0.10726929
2020-11-13 15:00:00,272.61182,269.5523,1.0389404,0.19789124
2020-11-13 16:00:00,272.4071,269.37695,0.9963989,0.29530144
2020-11-13 17:00:00,272.19315,269.18588,0.9831848,0.3435974
2020-11-13 18:00:00,272.11737,269.02826,0.9690552,0.21313477
2020-11-13 19:00:00,272.42468,268.75735,1.0185242,0.11883545
2020-11-13 20:00:00,272.14386,268.76953,1.0951385,0.100494385
2020-11-13 21:00:00,271.807,268.63882,1.1448975,0.078704834
2020-11-13 22:00:00,271.52948,268.44446,1.150589,-0.07470703
2020-11-13 23:00:00,271.2248,268.4685,1.0247498,-0.13674927
2020-11-14 00:00:00,271.08588,268.45734,0.80355835,-0.14785767
2020-11-14 01:00:00,271.33398,268.8241,0.67329407,-0.3605194
2020-11-14 02:00:00,271.19165,268.89807,0.5929413,-0.47714233
2020-11-14 03:00:00,271.32858,269.1305,0.46157837,-0.5852051
2020-11-14 04:00:00,270.84814,268.92023,0.5677643,-1.059494
2020-11-14 05:00:00,270.59122,269.18518,0.63256836,-1.3675232
2020-11-14 06:00:00,272.0158,270.29547,0.5761719,-1.5993195
2020-11-14 07:00:00,272.94604,270.72525,0.79582214,-1.9901276
2020-11-14 08:00:00,272.98758,270.6201,0.78074646,-2.1276398
2020-11-14 09:00:00,272.8316,270.58752,0.45106506,-2.0265045
2020-11-14 10:00:00,272.55957,270.66217,0.13876343,-1.8356218
2020-11-14 11:00:00,271.74048,270.53113,0.18711853,-1.4580488
2020-11-14 12:00:00,270.69385,269.81995,0.38345337,-1.1213264
2020-11-14 13:00:00,270.58508,269.8305,0.52363586,-0.84396553
2020-11-14 14:00:00,270.4784,269.73047,0.5471649,-0.5145855
2020-11-14 15:00:00,270.91174,269.8779,0.4564972,-0.26514244
2020-11-14 16:00:00,270.99646,269.73718,0.5184479,-0.2050705
2020-11-14 17:00:00,271.15018,269.61694,0.65071106,-0.024889946
2020-11-14 18:00:00,271.38977,269.47668,0.7177124,0.15784168
2020-11-14 19:00:00,272.563,270.64856,-0.37402344,0.046691895
2020-11-14 20:00:00,272.5699,270.54208,-0.6280365,0.06085205
2020-11-14 21:00:00,272.57812,270.133,-0.6699829,-0.23939514
2020-11-14 22:00:00,272.33655,269.6519,-0.67988586,-0.5031452
2020-11-14 23:00:00,272.04498,269.18817,-0.6470337,-0.6441345
2020-11-15 00:00:00,271.67728,268.78784,-0.524704,-0.82759094
2020-11-15 01:00:00,271.66653,268.74173,-0.48068237,-0.8115015
2020-11-15 02:00:00,271.36444,268.39227,-0.49679565,-0.74731445
2020-11-15 03:00:00,271.2729,268.2395,-0.57289124,-0.7199402
2020-11-15 04:00:00,270.51898,267.32144,-0.802948,-1.3399506
2020-11-15 05:00:00,269.4749,266.9759,-0.96188354,-1.8594055
2020-11-15 06:00:00,271.743,268.96298,-0.8230438,-2.0216522
2020-11-15 07:00:00,272.45093,269.66235,-0.73283386,-2.150177
2020-11-15 08:00:00,272.65195,269.84222,-0.69140625,-2.0622559
2020-11-15 09:00:00,272.8624,270.13873,-0.7300873,-2.0579376
2020-11-15 10:00:00,272.5884,270.19046,-0.6598511,-1.785675
2020-11-15 11:00:00,271.786,269.86652,-0.23709106,-1.2792969
2020-11-15 12:00:00,271.46155,269.3872,0.02545166,-0.91026306
2020-11-15 13:00:00,271.52887,269.54395,0.39753723,-0.5593567
2020-11-15 14:00:00,271.4027,269.67654,0.48709106,-0.31462097
2020-11-15 15:00:00,271.25537,269.6573,0.42260742,-0.019683838
2020-11-15 16:00:00,271.19104,269.542,0.27001953,0.18045044
2020-11-15 17:00:00,271.16556,269.3958,0.0496521,0.43502808
2020-11-15 18:00:00,271.29474,269.31058,-0.119888306,0.53985596
2020-11-15 19:00:00,270.85718,269.42932,-0.34262085,1.2692261
2020-11-15 20:00:00,269.36957,268.0661,-0.48443604,1.7328033
2020-11-15 21:00:00,267.93338,266.17142,-0.5432129,2.0324097
2020-11-15 22:00:00,266.40317,264.2564,-0.5851135,2.2540283
2020-11-15 23:00:00,265.54565,262.93225,-0.7196655,2.3862915
2020-11-16 00:00:00,264.283,261.48022,-0.85380554,2.6071472
2020-11-16 01:00:00,263.14575,259.9179,-0.8940582,2.8074188
2020-11-16 02:00:00,262.97296,259.30066,-0.75379944,2.8983612
2020-11-16 03:00:00,264.76923,260.0984,-0.5167389,2.6613464
2020-11-16 04:00:00,271.09064,262.68704,-0.08792114,1.8519363
2020-11-16 05:00:00,274.21558,263.645,0.6264343,-0.19354534
2020-11-16 06:00:00,272.43738,265.92444,1.9855347,-1.3491383
2020-11-16 07:00:00,271.6923,267.6482,2.0151215,-1.8289957
2020-11-16 08:00:00,270.7097,267.68842,1.8147278,-2.0444202
2020-11-16 09:00:00,269.54254,267.04944,1.8229523,-2.159048
2020-11-16 10:00:00,268.17548,265.8785,1.4325409,-2.013071
2020-11-16 11:00:00,266.96045,264.79123,0.9530792,-1.8050699
2020-11-16 12:00:00,265.42975,263.5686,0.64271545,-1.706975
2020-11-16 13:00:00,264.59656,262.5005,0.4191742,-1.504591
2020-11-16 14:00:00,264.67926,262.43152,0.2811737,-1.4548063
2020-11-16 15:00:00,264.17822,261.92926,0.1870575,-1.4475098
2020-11-16 16:00:00,263.42844,261.33612,0.06135559,-1.3000946
2020-11-16 17:00:00,263.12936,260.90894,-0.10513306,-1.2857361
2020-11-16 18:00:00,263.1232,260.69626,-0.19390869,-1.207367
2020-11-16 19:00:00,262.48914,260.21576,-0.049575806,-1.3219757
2020-11-16 20:00:00,262.49744,260.34387,-0.07435608,-1.1005859
2020-11-16 21:00:00,262.51416,260.47318,-0.10040283,-0.9871521
2020-11-16 22:00:00,262.71924,260.5252,-0.1559143,-0.8530426
2020-11-16 23:00:00,263.03076,260.69196,-0.13694763,-0.66612244
2020-11-17 00:00:00,262.96106,260.7236,-0.07624817,-0.25602722
2020-11-17 01:00:00,262.66068,260.1023,-0.10183716,-0.030975342
2020-11-17 02:00:00,262.8154,260.0487,-0.106658936,-0.052612305
2020-11-17 03:00:00,263.32007,260.0323,-0.07917786,-0.30799866
2020-11-17 04:00:00,264.04602,259.44073,-0.09385681,-0.80859375
2020-11-17 05:00:00,264.22992,259.22592,-0.026519775,-1.1143131
2020-11-17 06:00:00,265.6021,261.13403,0.032089233,-1.236351
2020-11-17 07:00:00,267.13953,262.05585,0.36097717,-1.5740356
2020-11-17 08:00:00,267.57147,262.36874,0.49386597,-1.4997692
2020-11-17 09:00:00,267.7334,262.50677,0.5675659,-1.5375214
2020-11-17 10:00:00,267.4878,262.636,0.53344727,-1.4945393
2020-11-17 11:00:00,266.42822,262.80945,0.48918152,-1.1335297
2020-11-17 12:00:00,266.08234,261.2709,0.49447632,-0.7812424
2020-11-17 13:00:00,266.24036,261.1198,0.5178375,-0.5060768
2020-11-17 14:00:00,266.03754,261.00534,0.5108948,-0.42986107
2020-11-17 15:00:00,265.9259,260.92917,0.41871643,-0.46832848
2020-11-17 16:00:00,265.73505,260.83594,0.39653015,-0.41031837
2020-11-17 17:00:00,265.2773,260.7545,0.44429016,0.021856308
2020-11-17 18:00:00,265.50638,260.71896,0.3356018,0.05868435
2020-11-17 19:00:00,265.54846,260.81543,0.51088715,-0.27464294
2020-11-17 20:00:00,265.42694,260.8012,0.8375864,-0.11042023
2020-11-17 21:00:00,264.93732,260.63464,1.020792,-0.22699738
2020-11-17 22:00:00,264.54514,260.48462,0.97613144,-0.3529663
2020-11-17 23:00:00,264.35724,260.45276,0.87915516,-0.3872528
2020-11-18 00:00:00,264.36462,260.54724,0.6762543,-0.44187164
2020-11-18 01:00:00,264.4004,260.61548,0.6034241,-0.42725754
2020-11-18 02:00:00,264.36395,260.68372,0.5625305,-0.47134972
2020-11-18 03:00:00,264.4475,260.7432,0.6517334,-0.442688
2020-11-18 04:00:00,264.4751,260.77234,0.8204651,-0.73077965
2020-11-18 05:00:00,265.1714,261.96768,0.9244995,-0.97859
2020-11-18 06:00:00,266.45258,262.40903,0.9794159,-1.1449432
2020-11-18 07:00:00,266.94092,263.01617,1.1243896,-1.655426
2020-11-18 08:00:00,267.0834,263.23535,1.1285706,-1.7220612
2020-11-18 09:00:00,266.9841,263.32257,1.0927734,-1.731781
2020-11-18 10:00:00,266.73187,263.34302,0.80978394,-1.697113
2020-11-18 11:00:00,265.82605,263.20428,0.71536255,-1.2783203
2020-11-18 12:00:00,264.8183,262.22592,0.85336304,-0.8490906
2020-11-18 13:00:00,264.72992,262.03925,0.953537,-0.59246254
2020-11-18 14:00:00,264.63873,261.997,1.0831299,-0.4753418
2020-11-18 15:00:00,264.24796,261.82867,1.2584534,-0.43901157
2020-11-18 16:00:00,264.03174,261.71368,1.3530273,-0.38222694
2020-11-18 17:00:00,263.73184,261.51566,1.4318237,-0.42051697
2020-11-18 18:00:00,263.47772,261.4017,1.4008484,-0.5047455
2020-11-18 19:00:00,262.95288,260.90936,1.2225494,-0.8518219
2020-11-18 20:00:00,262.6222,260.83496,1.2787628,-0.82463074
2020-11-18 21:00:00,262.09933,260.5381,1.2542267,-0.90930176
2020-11-18 22:00:00,261.68823,260.27606,1.1541901,-1.0110474
2020-11-18 23:00:00,261.0064,259.6413,1.2056274,-1.0608063
2020-11-19 00:00:00,261.04727,259.73553,1.0829468,-1.0779266
2020-11-19 01:00:00,261.3405,260.108,0.8736572,-1.1089172
2020-11-19 02:00:00,261.08136,259.9134,0.6875763,-0.9810791
2020-11-19 03:00:00,261.16925,259.9834,0.58833313,-1.0834198
2020-11-19 04:00:00,261.40268,259.86658,0.3692932,-1.3531799
2020-11-19 05:00:00,261.33887,259.43756,0.27381897,-1.5620422
2020-11-19 06:00:00,263.48785,260.9247,0.2814026,-1.6789856
2020-11-19 07:00:00,264.49164,261.69727,0.86590576,-1.817318
2020-11-19 08:00:00,264.625,261.96985,0.9302826,-1.8215961
2020-11-19 09:00:00,264.44077,261.9119,0.77752686,-1.8492966
2020-11-19 10:00:00,264.01096,261.7088,0.5679321,-1.5579128
2020-11-19 11:00:00,262.84177,260.9333,0.6193695,-1.2696285
2020-11-19 12:00:00,261.95258,260.354,0.53938293,-0.9268036
2020-11-19 13:00:00,261.9796,260.53897,0.34927368,-0.6450424
2020-11-19 14:00:00,261.66248,260.3094,-0.15235901,-0.48125267
2020-11-19 15:00:00,261.48972,260.19653,-0.40248108,-0.015350342
2020-11-19 16:00:00,261.66147,260.16357,-0.2210083,0.20452881
2020-11-19 17:00:00,261.91437,259.9245,0.023361206,0.11254883
2020-11-19 18:00:00,262.01447,259.98224,0.22105408,0.29382324
2020-11-19 19:00:00,262.57513,258.99622,0.9344177,0.87724304
2020-11-19 20:00:00,262.72418,258.42767,0.8917999,1.13031
2020-11-19 21:00:00,262.7475,258.07358,0.9532013,0.9078369
2020-11-19 22:00:00,262.5045,257.71204,0.9278259,1.0805206
2020-11-19 23:00:00,262.3855,257.21277,0.6586609,1.3146057
2020-11-20 00:00:00,262.4053,256.77264,0.28479004,1.5094299
2020-11-20 01:00:00,262.55133,256.16446,-0.10093689,1.7449188
2020-11-20 02:00:00,262.5125,255.53659,-0.37358093,1.7978821
2020-11-20 03:00:00,262.87564,255.04294,-0.46089172,1.7594604
2020-11-20 04:00:00,264.4434,255.40721,-0.347229,0.6936493
2020-11-20 05:00:00,265.24564,255.70842,-0.08467102,-0.21951294
2020-11-20 06:00:00,265.6239,256.19916,0.29486084,-0.7148285
2020-11-20 07:00:00,266.47986,258.77264,0.7745514,-1.0411224
2020-11-20 08:00:00,267.23193,259.5155,0.87065125,-1.0325165
2020-11-20 09:00:00,267.3595,260.26123,0.76556396,-1.1767273
2020-11-20 10:00:00,266.6394,261.8535,0.7064667,-1.0370789
2020-11-20 11:00:00,266.28415,258.67023,0.6259155,-0.4673767
2020-11-20 12:00:00,266.02435,257.80536,0.67889404,0.27345276
2020-11-20 13:00:00,265.65588,257.3466,0.59465027,0.7180176
2020-11-20 14:00:00,265.41785,257.0673,0.39587402,0.78266907
2020-11-20 15:00:00,265.2187,256.84735,0.19592285,1.1126709
2020-11-20 16:00:00,265.2411,256.60907,0.05583191,1.3531647
2020-11-20 17:00:00,265.26855,256.49295,-0.019363403,1.419754
2020-11-20 18:00:00,265.25278,256.29028,0.037078857,1.5180969
2020-11-20 19:00:00,265.19217,255.93463,0.73391724,1.3952465
2020-11-20 20:00:00,264.91888,255.61394,0.8647156,1.3730097
2020-11-20 21:00:00,264.6445,255.3498,0.9432831,1.0078592
2020-11-20 22:00:00,264.23465,255.06738,0.86227417,0.90127945
2020-11-20 23:00:00,263.75916,254.79634,0.828125,0.8848553
2020-11-21 00:00:00,263.3319,254.57983,0.66397095,0.7078476
2020-11-21 01:00:00,263.01685,254.53604,0.2122345,0.902483
2020-11-21 02:00:00,262.90646,254.55177,-0.2966919,1.0824127
2020-11-21 03:00:00,263.11615,254.85632,-0.7118225,1.2698212
2020-11-21 04:00:00,263.87402,255.59741,-0.99687195,0.98106384
2020-11-21 05:00:00,264.76074,256.55243,-1.1850586,0.40367126
2020-11-21 06:00:00,265.0762,259.19482,-1.0641632,-0.07695007
2020-11-21 07:00:00,267.94327,260.66504,-0.29393005,-0.78060913
2020-11-21 08:00:00,269.0135,260.65942,0.02229309,-0.82476807
2020-11-21 09:00:00,269.17603,261.9887,0.3275299,-1.0520172
2020-11-21 10:00:00,268.46893,262.96277,0.43743896,-0.837307
2020-11-21 11:00:00,268.3977,259.68948,0.5683441,0.037433624
2020-11-21 12:00:00,267.83258,259.17618,0.42559814,0.85912704
2020-11-21 13:00:00,267.49716,258.63525,0.1237793,1.311369
2020-11-21 14:00:00,267.24332,258.07428,-0.05255127,1.629221
2020-11-21 15:00:00,267.1559,257.554,0.053497314,1.6630096
2020-11-21 16:00:00,267.03015,257.1066,0.22418213,1.5898647
2020-11-21 17:00:00,266.8385,256.6493,0.35665894,1.541008
2020-11-21 18:00:00,266.6985,256.21588,0.50205994,1.5080452
2020-11-21 19:00:00,266.4782,255.92555,0.5812378,1.8175468
2020-11-21 20:00:00,266.33344,255.65775,0.72343445,1.3988419
2020-11-21 21:00:00,266.005,255.42017,0.7830963,1.1201954
2020-11-21 22:00:00,265.6247,255.12965,0.7709961,1.0592003
2020-11-21 23:00:00,265.3673,254.81305,0.6274872,1.1672068
2020-11-22 00:00:00,265.2254,254.53137,0.28207397,1.062458
2020-11-22 01:00:00,265.278,254.49063,0.09118652,1.2576599
2020-11-22 02:00:00,265.3412,254.25233,0.017944336,1.3996124
2020-11-22 03:00:00,265.59912,254.05852,0.11203003,1.4131317
2020-11-22 04:00:00,266.31265,254.09097,0.17088318,1.1095734
2020-11-22 05:00:00,267.0439,254.46848,0.13722229,0.3223877
2020-11-22 06:00:00,267.78955,255.04884,0.118118286,-0.20991516
2020-11-22 07:00:00,268.87485,258.99753,0.84158325,-0.95684814
2020-11-22 08:00:00,269.25946,259.9627,1.1502533,-0.9680519
2020-11-22 09:00:00,269.00555,261.066,1.2198486,-1.0521936
2020-11-22 10:00:00,268.25198,262.25555,1.2780914,-0.7375946
2020-11-22 11:00:00,266.49286,262.32053,1.3354034,-0.2021637
2020-11-22 12:00:00,264.87317,259.43945,1.431076,0.6629753
2020-11-22 13:00:00,266.23425,259.17072,1.1285095,0.9417553
2020-11-22 14:00:00,266.11142,258.85645,0.86483765,1.0447483
2020-11-22 15:00:00,266.05878,258.7036,0.9603882,0.9887848
2020-11-22 16:00:00,265.86304,258.64844,1.0827026,0.87689304
2020-11-22 17:00:00,265.65787,258.76825,1.0501556,0.7271986
2020-11-22 18:00:00,265.37915,258.89566,0.79608154,0.69433975
2020-11-22 19:00:00,264.95377,261.3559,0.6141815,0.7094078
2020-11-22 20:00:00,264.71277,261.3333,0.43963623,1.0731354
2020-11-22 21:00:00,264.7299,261.18372,0.19418335,1.2279816
2020-11-22 22:00:00,264.761,261.17682,-0.016036987,1.1981659
2020-11-22 23:00:00,264.75732,261.22238,-0.26409912,1.305542
2020-11-23 00:00:00,264.88885,261.34113,-0.4495697,1.3288879
2020-11-23 01:00:00,264.57324,261.37036,-0.7209625,1.5561829
2020-11-23 02:00:00,262.84314,259.94843,-0.9319153,1.8126984
2020-11-23 03:00:00,262.75986,259.546,-1.1802979,1.8380585
2020-11-23 04:00:00,264.09134,260.26807,-1.3247375,1.5715942
2020-11-23 05:00:00,266.22375,262.22668,-1.6477814,0.65237427
2020-11-23 06:00:00,268.48483,264.61563,-1.6267853,-0.20263672
2020-11-23 07:00:00,269.24908,264.59036,-1.1213226,-0.7162323
2020-11-23 08:00:00,269.7326,264.91776,-1.0466614,-0.5850477
2020-11-23 09:00:00,269.7647,266.32712,-0.8550873,-0.44861603
2020-11-23 10:00:00,270.25436,263.79495,-0.38856506,0.0016384125
2020-11-23 11:00:00,269.36725,263.08014,-0.042556763,1.2361889
2020-11-23 12:00:00,265.00266,259.75854,-0.05757141,2.36899
2020-11-23 13:00:00,261.4146,256.2552,-0.07368469,3.1390228
2020-11-23 14:00:00,257.9887,253.59052,0.0041656494,3.6079597
2020-11-23 15:00:00,256.34985,252.73868,-0.0046539307,3.8743992
2020-11-23 16:00:00,256.5523,252.69308,0.036743164,3.9498692
2020-11-23 17:00:00,257.33337,253.15419,0.079956055,3.9031544
2020-11-23 18:00:00,258.11322,253.62123,0.13427734,3.8231678
2020-11-23 19:00:00,259.58258,255.08867,0.24505615,3.3661041
2020-11-23 20:00:00,260.69653,255.87682,0.20863342,3.091507
2020-11-23 21:00:00,261.48502,256.21317,0.1452179,2.9224854
2020-11-23 22:00:00,262.1593,256.10345,0.06361389,2.7338715
2020-11-23 23:00:00,262.7,254.94891,-0.118515015,2.5241356
2020-11-24 00:00:00,263.6681,253.70651,-0.35488892,2.2971811
2020-11-24 01:00:00,262.4214,252.6277,-0.4454956,2.6017237
2020-11-24 02:00:00,260.91028,251.50316,-0.34384155,2.9751034
2020-11-24 03:00:00,259.79208,251.13249,-0.21043396,3.2312584
2020-11-24 04:00:00,260.79852,253.63972,-0.043945312,3.0399008
2020-11-24 05:00:00,264.37738,256.74387,0.02229309,2.448597
2020-11-24 06:00:00,269.94946,256.81696,0.1335144,1.3525486
2020-11-24 07:00:00,271.1422,261.80048,0.14646912,0.93574524
2020-11-24 08:00:00,272.92847,258.09497,0.3533783,-0.17462158
2020-11-24 09:00:00,273.34073,258.53317,0.31567383,-0.039031982
2020-11-24 10:00:00,273.2835,258.5978,0.3426361,0.502594
2020-11-24 11:00:00,271.31924,259.58374,0.0809021,1.4797363
2020-11-24 12:00:00,266.54727,258.6658,-0.2763214,2.7005463
2020-11-24 13:00:00,263.3387,255.24268,-0.22341919,3.5512695
2020-11-24 14:00:00,260.27322,254.6888,-0.14682007,3.8770905
2020-11-24 15:00:00,259.29153,254.2594,-0.12484741,4.0303345
2020-11-24 16:00:00,259.466,254.30403,-0.045410156,4.087448
2020-11-24 17:00:00,259.78827,254.43411,-0.019302368,4.074463
2020-11-24 18:00:00,260.05798,254.48541,0.020355225,4.0554504
2020-11-24 19:00:00,260.466,254.92128,0.09550476,4.035034
2020-11-24 20:00:00,261.20068,255.52225,0.048294067,3.907425
2020-11-24 21:00:00,262.02695,256.4272,0.024520874,3.77919
2020-11-24 22:00:00,262.59912,257.02533,-0.0063934326,3.711197
2020-11-24 23:00:00,262.98022,257.55127,-0.02330017,3.6421509
2020-11-25 00:00:00,263.4953,258.29865,-0.056289673,3.587326
2020-11-25 01:00:00,263.18872,257.9756,-0.05229187,3.6888733
2020-11-25 02:00:00,262.8996,257.7805,-0.02961731,3.7381592
2020-11-25 03:00:00,262.93683,257.79858,-0.0046081543,3.730957
2020-11-25 04:00:00,264.6521,259.5859,0.06462097,3.3536072
2020-11-25 05:00:00,267.52344,262.53345,0.11462402,2.6869354
2020-11-25 06:00:00,271.33032,263.94342,0.28941345,1.565155
2020-11-25 07:00:00,274.83398,259.32745,0.6239929,-0.14444351
2020-11-25 08:00:00,274.59845,266.45477,0.8070526,-0.80546
2020-11-25 09:00:00,274.30875,267.75354,0.8321991,-0.8541393
2020-11-25 10:00:00,273.77646,267.68225,1.0033264,-0.46987534
2020-11-25 11:00:00,272.36523,264.7469,1.4383087,0.15285683
2020-11-25 12:00:00,271.21497,262.8513,1.4209137,0.9121876
2020-11-25 13:00:00,271.87085,261.27448,0.94573975,1.166172
2020-11-25 14:00:00,273.015,260.12543,0.39945984,1.1889639
2020-11-25 15:00:00,272.79993,259.82892,-0.005218506,1.2933722
2020-11-25 16:00:00,272.45007,259.40857,-0.13424683,1.569149
2020-11-25 17:00:00,272.26868,258.9723,-0.0023498535,1.7233124
2020-11-25 18:00:00,272.2849,258.8104,0.2262268,1.495163
2020-11-25 19:00:00,272.11002,259.97397,0.8773804,0.96484375
2020-11-25 20:00:00,271.92065,260.14227,0.8644409,0.7588959
2020-11-25 21:00:00,271.6167,260.36353,0.24238586,0.43417358
2020-11-25 22:00:00,271.36438,260.6601,-0.5933075,0.22589111
2020-11-25 23:00:00,270.5357,260.77206,-0.83399963,0.77326965
2020-11-26 00:00:00,269.498,260.4475,-0.99238586,1.365799
2020-11-26 01:00:00,267.10657,259.62415,-0.9586792,1.8561954
2020-11-26 02:00:00,265.11908,259.0041,-0.8579712,2.3530521
2020-11-26 03:00:00,264.31116,259.06598,-0.9896393,2.5798883
2020-11-26 04:00:00,266.18552,260.64026,-0.9150238,2.2673159
2020-11-26 05:00:00,270.40924,262.83862,-1.0894165,1.2822742
2020-11-26 06:00:00,271.97467,266.42374,-1.6229706,0.20423889
2020-11-26 07:00:00,274.5454,266.7742,-1.5609741,-0.30619812
2020-11-26 08:00:00,274.71173,268.53882,-1.5091095,-0.5476837
2020-11-26 09:00:00,274.62994,269.54034,-1.211029,-0.70158386
2020-11-26 10:00:00,274.9655,267.4032,-1.0093689,-0.3020172
2020-11-26 11:00:00,272.5082,265.27768,-1.2139893,1.3832245
2020-11-26 12:00:00,268.71948,262.60114,-0.8493347,2.9630737
2020-11-26 13:00:00,265.9887,260.906,-0.34225464,3.568695
2020-11-26 14:00:00,265.37927,261.4485,-0.20205879,3.6841583
2020-11-26 15:00:00,266.20636,262.23956,-0.11891937,3.7468414
2020-11-26 16:00:00,267.61072,263.52228,-0.080345154,3.6664429
2020-11-26 17:00:00,268.85724,264.63757,-0.05731201,3.5729218
2020-11-26 18:00:00,269.4826,265.0741,-0.016540527,3.5809479
2020-11-26 19:00:00,269.9131,265.7221,-0.005722046,3.7770538
2020-11-26 20:00:00,270.54825,266.47314,-0.083236694,3.7010193
2020-11-26 21:00:00,271.25262,267.32843,-0.13822937,3.607071
2020-11-26 22:00:00,271.71625,267.7659,-0.112091064,3.596222
2020-11-26 23:00:00,271.89404,267.98514,-0.05731201,3.5969238
2020-11-27 00:00:00,272.29694,268.54324,-0.059580803,3.5322113
2020-11-27 01:00:00,272.2003,268.43842,0.028623581,3.5495605
2020-11-27 02:00:00,272.0406,268.2646,0.10084534,3.572876
2020-11-27 03:00:00,272.19812,268.21918,0.11074829,3.5265503
2020-11-27 04:00:00,273.71585,269.61035,0.12387085,3.122757
2020-11-27 05:00:00,275.59225,271.0187,0.18811035,2.6085358
2020-11-27 06:00:00,277.46063,271.51343,0.11079407,1.7526245
2020-11-27 07:00:00,280.34137,271.16547,0.044778824,1.377533
2020-11-27 08:00:00,282.40485,269.53287,0.21503639,0.13392639
2020-11-27 09:00:00,282.10944,269.70566,0.6398926,0.16403198
2020-11-27 10:00:00,280.64575,270.0728,1.0505028,0.8718109
2020-11-27 11:00:00,279.5156,269.85675,1.0223408,1.2490997
2020-11-27 12:00:00,279.56226,269.18124,0.4559307,1.508667
2020-11-27 13:00:00,279.5985,268.18787,-0.61816597,1.5137329
2020-11-27 14:00:00,276.32968,268.19635,-1.3291407,1.8212585
2020-11-27 15:00:00,275.31577,267.91638,-1.3333893,2.107895
2020-11-27 16:00:00,275.9532,267.33932,-0.81155396,2.1195526
2020-11-27 17:00:00,278.9029,267.4217,-0.39855957,1.7576752
2020-11-27 18:00:00,276.46967,267.22504,-1.2654572,1.8030701
2020-11-27 19:00:00,275.38687,267.17264,-1.3388977,1.8070984
2020-11-27 20:00:00,272.66644,267.0464,-1.4902039,2.5830536
2020-11-27 21:00:00,272.36703,267.8786,-0.67167664,3.1899567
2020-11-27 22:00:00,272.37384,268.94522,-0.04510498,3.4682617
2020-11-27 23:00:00,272.5303,269.52783,0.08518219,3.6355438
2020-11-28 00:00:00,272.97794,270.0044,0.22457695,3.5540466
2020-11-28 01:00:00,273.86566,270.44098,1.060791,2.9415436
2020-11-28 02:00:00,275.23975,270.50598,3.4034882,0.82566833
2020-11-28 03:00:00,274.28918,271.0808,3.2866364,-1.9806213
2020-11-28 04:00:00,272.8809,272.09253,0.75328064,-1.2458954
2020-11-28 05:00:00,272.86865,272.67212,-0.19571877,-1.4637756
2020-11-28 06:00:00,272.6145,272.46228,-0.29639912,-1.8709869
2020-11-28 07:00:00,272.10822,271.74872,-0.37018585,-2.2333984
2020-11-28 08:00:00,271.47723,270.9301,-0.9283247,-1.6657562
2020-11-28 09:00:00,271.15857,270.2782,-1.8998127,-0.9028473
2020-11-28 10:00:00,271.01086,270.11713,-2.1758728,-0.96466064
2020-11-28 11:00:00,270.3731,269.59647,-2.0480804,-0.7178345
2020-11-28 12:00:00,270.05566,268.98138,-1.9196167,-0.14615631
2020-11-28 13:00:00,269.76483,268.60138,-1.7324524,-0.05336094
2020-11-28 14:00:00,269.29495,268.19452,-1.5765686,-0.38721275
2020-11-28 15:00:00,268.50934,267.52948,-1.3797302,-0.5347595
2020-11-28 16:00:00,267.81363,266.9186,-1.3901062,-0.5405016
2020-11-28 17:00:00,267.45746,266.72012,-1.2257538,-0.72900105
2020-11-28 18:00:00,267.0039,266.42828,-1.0643921,-0.9793072
2020-11-28 19:00:00,267.00043,266.35526,-0.75842285,-1.3504696
2020-11-28 20:00:00,266.6209,265.97015,-0.8116913,-1.3007736
2020-11-28 21:00:00,266.33932,265.52118,-1.0129089,-1.1084614
2020-11-28 22:00:00,265.9626,265.05396,-1.2479706,-0.9386234
2020-11-28 23:00:00,266.0228,265.00702,-1.3598175,-0.5698881
2020-11-29 00:00:00,266.1281,265.06805,-1.3345337,0.018677711
2020-11-29 01:00:00,264.9157,263.64062,-1.3638,0.4843111
2020-11-29 02:00:00,264.6087,262.77533,-1.4930115,0.60855865
2020-11-29 03:00:00,264.29413,262.02118,-1.5638733,0.75180054
2020-11-29 04:00:00,265.92773,262.48718,-1.3678274,0.5450134
2020-11-29 05:00:00,267.68777,263.0711,-1.0696278,-0.074523926
2020-11-29 06:00:00,268.30182,263.1583,-0.68113613,-0.68595886
2020-11-29 07:00:00,267.51364,263.74658,0.2418518,-1.2274323
2020-11-29 08:00:00,267.77927,263.96667,0.2587738,-1.194046
2020-11-29 09:00:00,267.8761,264.065,0.34186268,-1.1681366
2020-11-29 10:00:00,268.0559,264.16364,0.37188435,-0.8534546
2020-11-29 11:00:00,267.4673,263.9442,0.43406677,0.05116272
2020-11-29 12:00:00,267.23627,263.62036,0.16741943,1.0879517
2020-11-29 13:00:00,267.15753,262.86932,-0.16033936,1.6786499
2020-11-29 14:00:00,264.72626,260.6516,-0.29533386,2.1122684
2020-11-29 15:00:00,262.82556,258.7741,-0.24137878,2.4866724
2020-11-29 16:00:00,262.94702,258.02618,-0.17710876,2.5294209
2020-11-29 17:00:00,263.36356,257.7052,-0.19041443,2.4911652
2020-11-29 18:00:00,263.48752,257.3377,-0.17752075,2.473297
2020-11-29 19:00:00,267.68387,258.55737,-0.1506195,1.8085632
2020-11-29 20:00:00,267.8037,258.52118,-0.09277344,1.5005798
2020-11-29 21:00:00,267.58478,258.27948,-0.105895996,1.75667
2020-11-29 22:00:00,267.55258,258.01324,-0.1730957,1.9342728
2020-11-29 23:00:00,266.9798,257.42755,-0.23571777,2.129136
2020-11-30 00:00:00,265.56488,256.31424,-0.19371033,2.3430643
2020-11-30 01:00:00,265.2043,255.58235,-0.16627502,2.4169407
2020-11-30 02:00:00,263.95435,254.48784,-0.17417908,2.5824375
2020-11-30 03:00:00,263.27087,253.56458,-0.22917175,2.6854687
2020-11-30 04:00:00,265.81888,253.93993,-0.0635376,2.3748245
2020-11-30 05:00:00,269.4485,254.65889,0.16017151,1.4624786
2020-11-30 06:00:00,270.01672,254.93823,0.2796631,0.55516624
2020-11-30 07:00:00,269.58374,255.18779,0.22375488,-0.19686317
2020-11-30 08:00:00,269.9554,256.01108,0.25056458,0.18088818
2020-11-30 09:00:00,270.4599,256.40857,0.2144928,0.269989
2020-11-30 10:00:00,270.48895,256.32138,0.16142273,0.76490784
2020-11-30 11:00:00,269.82074,255.86214,0.15640259,1.6906891
2020-11-30 12:00:00,265.1032,254.03975,-0.09901428,2.6016693
2020-11-30 13:00:00,263.03644,252.20972,-0.18034363,3.0616608
2020-11-30 14:00:00,261.23178,250.6659,-0.13189697,3.403717
2020-11-30 15:00:00,259.36035,249.98763,-0.04701233,3.6649933
2020-11-30 16:00:00,258.23547,250.51744,-0.037399292,3.8067627
2020-11-30 17:00:00,258.03723,250.9206,-0.071517944,3.7926483
2020-11-30 18:00:00,258.44754,251.32109,-0.17080688,3.7275543
2020-11-30 19:00:00,258.54016,251.3052,-0.1149292,3.6171875
2020-11-30 20:00:00,259.24997,251.27304,-0.2690735,3.5133667
2020-11-30 21:00:00,260.03943,251.23138,-0.30870056,3.4234467
2020-11-30 22:00:00,260.7409,251.22742,-0.37806702,3.3594055
2020-11-30 23:00:00,261.5313,251.56076,-0.4118805,3.2801208
2020-12-01 00:00:00,262.3228,250.97887,-0.48947144,3.2015533
2020-12-01 01:00:00,263.24622,250.56445,-0.6358795,3.098709
2020-12-01 02:00:00,264.39258,250.39899,-0.6966095,2.9325104
2020-12-01 03:00:00,266.0593,250.30373,-0.7856598,2.7015533
2020-12-01 04:00:00,270.1337,250.8437,-0.8920288,2.0546112
2020-12-01 05:00:00,272.87262,251.32591,-1.0312195,1.539032
2020-12-01 06:00:00,274.3584,252.2417,-0.98779297,1.0529785
2020-12-01 07:00:00,275.1255,257.1737,-0.26333618,0.50224495
2020-12-01 08:00:00,275.48627,256.8537,-0.17747498,0.17704391
2020-12-01 09:00:00,275.5915,257.17032,0.23831177,0.5140438
2020-12-01 10:00:00,275.2287,256.94165,0.3601532,1.2672119
2020-12-01 11:00:00,272.40396,257.68817,0.058166504,2.0260162
2020-12-01 12:00:00,268.65808,257.0499,-0.15563965,2.833374
2020-12-01 13:00:00,266.2732,256.5011,-0.18119812,3.327423
2020-12-01 14:00:00,264.4016,257.24725,-0.1320343,3.6535645
2020-12-01 15:00:00,263.72565,258.56863,-0.11042786,3.8198395
2020-12-01 16:00:00,263.2712,258.9405,-0.060012817,3.9480133
2020-12-01 17:00:00,263.19,259.10168,-0.021591187,4.000473
2020-12-01 18:00:00,263.50397,259.56018,-0.025909424,3.9807892
2020-12-01 19:00:00,264.58142,261.00586,0.054229736,4.108841
2020-12-01 20:00:00,265.36493,261.72137,-0.018981934,4.0816193
2020-12-01 21:00:00,266.0371,262.43973,-0.039794922,4.03833
2020-12-01 22:00:00,266.53125,262.99945,-0.06515503,4.032089
2020-12-01 23:00:00,266.42923,262.9326,-0.050192833,4.100754
2020-12-02 00:00:00,266.7288,263.3056,-0.06728077,4.104492
2020-12-02 01:00:00,267.0484,263.72302,-0.07662678,4.1405487
2020-12-02 02:00:00,267.0498,263.6581,-0.035042763,4.180374
2020-12-02 03:00:00,267.47424,264.01077,-0.005162239,4.1246643
2020-12-02 04:00:00,268.91907,265.2702,0.018360138,3.7986603
2020-12-02 05:00:00,270.828,266.948,0.006795883,3.346466
2020-12-02 06:00:00,272.58905,268.47937,0.09132576,2.7535858
2020-12-02 07:00:00,273.9673,269.42285,0.18988705,2.4319458
2020-12-02 08:00:00,278.1403,268.0808,0.112213135,1.4985199
2020-12-02 09:00:00,279.8078,266.90067,0.1522417,0.74775696
2020-12-02 10:00:00,279.60825,266.53934,0.22406197,1.150528
2020-12-02 11:00:00,277.3431,266.2177,0.31571388,1.7906799
2020-12-02 12:00:00,274.00415,265.3045,0.13165665,2.438919
2020-12-02 13:00:00,272.42926,264.19983,-0.13953495,2.7888336
2020-12-02 14:00:00,271.52722,263.47968,-0.14569283,2.9226685
2020-12-02 15:00:00,270.95532,263.23654,-0.07594299,2.981186
2020-12-02 16:00:00,270.3521,263.15448,-0.07217407,3.0569
2020-12-02 17:00:00,269.33096,262.39603,-0.054351807,3.1912994
2020-12-02 18:00:00,268.77844,262.68927,-0.16931152,3.2595367
2020-12-02 19:00:00,267.2317,264.6855,-0.06895447,3.7270355
2020-12-02 20:00:00,267.9578,265.17035,-0.107055664,3.6736908
2020-12-02 21:00:00,267.84143,265.01636,-0.061203003,3.788742
2020-12-02 22:00:00,267.71802,264.8952,-0.014007568,3.884674
2020-12-02 23:00:00,268.1336,265.31638,-0.020217896,3.832428
2020-12-03 00:00:00,268.39087,265.43085,-0.07380676,3.8293152
2020-12-03 01:00:00,268.323,265.26703,-0.009429932,3.825348
2020-12-03 02:00:00,268.75992,265.5589,0.15536499,3.616333
2020-12-03 03:00:00,268.73883,265.2843,0.2837677,3.439911
2020-12-03 04:00:00,269.57965,265.78973,0.42211914,2.831894
2020-12-03 05:00:00,275.93622,266.93234,0.6084137,1.3522339
2020-12-03 06:00:00,276.5645,266.88202,0.58773804,-0.66711426
2020-12-03 07:00:00,275.29236,269.16797,1.1756897,-0.8362427
2020-12-03 08:00:00,275.8553,269.31906,0.55474854,-0.8371582
2020-12-03 09:00:00,276.03357,269.46887,0.10404968,-0.7790222
2020-12-03 10:00:00,275.7874,269.41785,-0.12071228,-0.45358276
2020-12-03 11:00:00,275.32593,269.2605,-0.37364197,0.25772095
2020-12-03 12:00:00,274.83978,268.78986,-0.611969,1.1135101
2020-12-03 13:00:00,273.6056,267.6654,-0.67674255,1.5594025
2020-12-03 14:00:00,272.05838,266.46924,-0.69454956,1.8364105
2020-12-03 15:00:00,271.09586,265.6037,-0.62675476,2.0259552
2020-12-03 16:00:00,270.79425,265.22644,-0.6998291,2.0376434
2020-12-03 17:00:00,272.1216,265.56342,-0.6864624,1.8593597
2020-12-03 18:00:00,273.6373,266.2362,-0.69306946,1.5805664
2020-12-03 19:00:00,274.35022,265.3341,0.09980774,1.3978119
2020-12-03 20:00:00,273.79645,265.39032,0.28451538,1.3177948
2020-12-03 21:00:00,273.48224,265.40472,0.44056702,1.0945892
2020-12-03 22:00:00,273.12952,265.51175,0.54293823,0.99394226
2020-12-03 23:00:00,272.8244,265.61902,0.7832184,1.0739288
2020-12-04 00:00:00,272.33008,265.94302,0.92951965,1.1023407
2020-12-04 01:00:00,271.84488,266.25653,0.948349,1.1967773
2020-12-04 02:00:00,271.50037,266.76068,1.0950775,1.0417175
2020-12-04 03:00:00,271.21066,267.21973,1.2340546,0.9421816
2020-12-04 04:00:00,270.4361,267.34668,1.4216156,0.5891619
2020-12-04 05:00:00,269.72293,267.40234,1.5273895,0.14739323
2020-12-04 06:00:00,269.7732,268.25702,1.4749756,-0.3233919
2020-12-04 07:00:00,271.35193,270.28845,1.7324066,-0.8720646
2020-12-04 08:00:00,271.86926,270.96783,1.5162048,-0.91106796
2020-12-04 09:00:00,271.64847,270.8858,1.2849884,-0.9277344
2020-12-04 10:00:00,271.026,270.47177,1.2597961,-0.74220276
2020-12-04 11:00:00,269.89386,269.43964,1.4078369,-0.39668274
2020-12-04 12:00:00,269.75726,269.32336,1.1472473,0.023757935
2020-12-04 13:00:00,270.43225,270.03876,0.5426941,0.10244751
2020-12-04 14:00:00,270.31082,269.99966,-0.3672638,0.039093018
2020-12-04 15:00:00,269.9813,269.74265,-0.95532227,0.17251587
2020-12-04 16:00:00,269.92096,269.64447,-1.1606216,-0.14718628
2020-12-04 17:00:00,269.82452,269.4823,-0.9571533,-0.26550293
2020-12-04 18:00:00,269.4798,269.07715,-0.62913513,-0.06137085
2020-12-04 19:00:00,269.78235,269.52454,-0.22756958,-0.10925293
2020-12-04 20:00:00,269.58307,269.3028,0.09931946,-0.020874023
2020-12-04 21:00:00,269.385,269.02515,0.3673401,0.25027466
2020-12-04 22:00:00,269.20374,268.5869,0.5536499,0.5541382
2020-12-04 23:00:00,269.10614,267.86734,0.7075348,0.8691559
2020-12-05 00:00:00,269.186,267.17316,0.9785309,0.68925476
2020-12-05 01:00:00,268.55292,266.5205,1.4852905,0.59594345
2020-12-05 02:00:00,266.0863,264.61038,1.9630127,0.6364775
2020-12-05 03:00:00,264.30893,262.85754,2.2483978,0.72113514
2020-12-05 04:00:00,264.3139,262.63446,2.2403107,0.47319221
2020-12-05 05:00:00,265.24768,263.63544,2.1270752,-0.3638773
2020-12-05 06:00:00,266.10406,264.5513,1.8588562,-0.7763462
2020-12-05 07:00:00,266.83502,265.12408,1.7710114,-1.0170345
2020-12-05 08:00:00,267.3205,265.61145,1.6162262,-0.8764744
2020-12-05 09:00:00,267.65616,265.73285,1.3937073,-0.7380829
2020-12-05 10:00:00,267.86176,265.5866,1.2645569,-0.55319214
2020-12-05 11:00:00,268.39883,265.8322,1.0031586,-0.04185486
2020-12-05 12:00:00,268.25272,265.513,0.63264465,0.72129154
2020-12-05 13:00:00,268.15125,264.90277,0.4210205,1.1340437
2020-12-05 14:00:00,267.9716,264.03903,0.49645996,1.5083904
2020-12-05 15:00:00,266.78766,262.31937,0.6395416,1.923584
2020-12-05 16:00:00,264.4068,260.14752,0.7381897,2.3003998
2020-12-05 17:00:00,264.29132,259.5442,0.884079,2.2944183
2020-12-05 18:00:00,263.25293,258.84766,0.84939575,2.41922
2020-12-05 19:00:00,257.55875,254.39268,0.1770935,3.559637
2020-12-05 20:00:00,257.63367,254.28062,0.21040344,3.4787292
2020-12-05 21:00:00,258.13507,254.49326,0.26367188,3.360794
2020-12-05 22:00:00,258.52826,254.8189,0.24780273,3.2831879
2020-12-05 23:00:00,258.9159,255.02899,0.16734314,3.165329
2020-12-06 00:00:00,259.4217,255.31036,0.1043396,3.066803
2020-12-06 01:00:00,260.13574,255.47678,0.05885315,2.9587812
2020-12-06 02:00:00,261.17255,255.47235,0.023529053,2.8418617
2020-12-06 03:00:00,263.544,255.93877,0.04486084,2.5586815
2020-12-06 04:00:00,268.10098,257.54443,-0.111953735,1.8618183
2020-12-06 05:00:00,269.5429,258.41968,-0.35125732,1.2929382
2020-12-06 06:00:00,270.3216,259.28497,-0.28318787,0.776886
2020-12-06 07:00:00,271.70123,259.23755,0.60121155,-0.08895874
2020-12-06 08:00:00,271.89233,259.83926,0.57769775,-0.45002747
2020-12-06 09:00:00,271.93384,260.32755,0.43920898,-0.3562622
2020-12-06 10:00:00,271.66766,260.5047,0.3764038,-0.054840088
2020-12-06 11:00:00,271.29492,260.18457,0.3665161,0.5108948
2020-12-06 12:00:00,270.78522,259.7806,0.12011719,1.2199554
2020-12-06 13:00:00,270.5478,259.4397,-0.09687805,1.6533356
2020-12-06 14:00:00,270.3512,259.12244,-0.12339783,1.8317566
2020-12-06 15:00:00,269.6184,258.68475,-0.19168091,1.9336395
2020-12-06 16:00:00,267.74078,257.93686,-0.15100098,2.2492523
2020-12-06 17:00:00,265.68066,257.09125,-0.15698242,2.5487366
2020-12-06 18:00:00,266.18948,257.20547,-0.22627258,2.489502
2020-12-06 19:00:00,258.65814,253.98196,-0.005340576,3.6326141
2020-12-06 20:00:00,259.7743,254.65962,0.07923889,3.3406982
2020-12-06 21:00:00,261.94678,255.43755,0.23512268,2.8702698
2020-12-06 22:00:00,266.09338,256.46497,0.4640503,2.2879486
2020-12-06 23:00:00,268.07474,257.35736,0.58781433,1.8019409
2020-12-07 00:00:00,267.53784,257.44623,0.377182,1.816452
2020-12-07 01:00:00,267.25482,257.27588,0.16517639,1.7056122
2020-12-07 02:00:00,267.03693,257.40417,0.0090789795,1.6314087
2020-12-07 03:00:00,266.72595,257.43915,0.013061523,1.7610626
2020-12-07 04:00:00,267.0541,257.59747,0.22094727,1.4593964
2020-12-07 05:00:00,267.63568,257.87537,0.44337463,0.5592499
2020-12-07 06:00:00,268.04666,258.47476,0.5203552,-0.47509766
2020-12-07 07:00:00,267.8376,260.24643,0.25559998,-0.88223267
2020-12-07 08:00:00,268.07086,260.94788,0.19927979,-0.6798096
2020-12-07 09:00:00,268.21198,261.371,0.017471313,-0.6660919
2020-12-07 10:00:00,268.02203,261.6395,-0.25437927,-0.27157593
2020-12-07 11:00:00,267.94086,261.83762,-0.3222046,0.22317505
2020-12-07 12:00:00,267.74258,261.91565,-0.19798279,0.6933594
2020-12-07 13:00:00,267.6402,261.52258,-0.12745667,1.0036192
2020-12-07 14:00:00,267.66614,261.43237,-0.13023376,0.86613464
2020-12-07 15:00:00,267.56042,261.34756,0.05026245,0.8067312
2020-12-07 16:00:00,267.4572,261.2349,0.4337616,0.7065754
2020-12-07 17:00:00,267.1257,260.95493,0.7194977,0.7372408
2020-12-07 18:00:00,266.66464,260.59143,0.86286926,1.0078278
2020-12-07 19:00:00,267.18445,259.43228,0.83206177,0.99980164
2020-12-07 20:00:00,266.90704,259.24786,0.53549194,1.2249451
2020-12-07 21:00:00,266.8659,259.36902,0.3047638,0.93281555
2020-12-07 22:00:00,266.79456,259.4478,0.17063904,0.8413391
2020-12-07 23:00:00,266.85794,259.3414,0.12315369,0.8865967
2020-12-08 00:00:00,266.8628,259.2249,0.07173157,0.9703522
2020-12-08 01:00:00,267.0299,258.99387,-0.03869629,1.3453064
2020-12-08 02:00:00,267.29303,258.7724,-0.13931274,1.366394
2020-12-08 03:00:00,267.21204,258.56143,-0.107177734,1.7301636
2020-12-08 04:00:00,268.06445,258.43442,0.15159607,1.345932
2020-12-08 05:00:00,268.73932,258.411,0.6274109,0.5610199
2020-12-08 06:00:00,269.1272,258.69507,1.0229645,0.1878357
2020-12-08 07:00:00,270.63028,259.52408,1.1115875,-0.21995544
2020-12-08 08:00:00,270.51154,260.01443,1.3298798,-0.08947754
2020-12-08 09:00:00,270.38446,260.64078,1.3602142,-0.13890076
2020-12-08 10:00:00,270.22095,260.9587,1.3423157,0.061309814
2020-12-08 11:00:00,270.12323,260.91644,1.3285522,0.5969696
2020-12-08 12:00:00,270.24463,260.80298,1.0718536,0.93873596
2020-12-08 13:00:00,270.00842,260.57565,0.61499023,1.2201843
2020-12-08 14:00:00,270.00073,260.2823,0.28619385,1.4234314
2020-12-08 15:00:00,270.09238,260.0344,0.24438477,1.4792328
2020-12-08 16:00:00,270.14984,259.85614,0.338974,1.584198
2020-12-08 17:00:00,270.1799,259.65002,0.43553162,1.6127167
2020-12-08 18:00:00,270.21747,259.49197,0.44152832,1.6283569
2020-12-08 19:00:00,269.17053,259.07556,-0.022583008,2.1395721
2020-12-08 20:00:00,268.1954,258.73358,0.05810547,2.3620605
2020-12-08 21:00:00,268.01373,258.73608,0.20436096,2.3986359
2020-12-08 22:00:00,268.63,259.092,0.2795868,2.3198547
2020-12-08 23:00:00,268.3285,259.09418,0.19282532,2.370407
2020-12-09 00:00:00,268.42398,259.20956,0.018035889,2.3817291
2020-12-09 01:00:00,267.22513,258.89142,-0.09988403,2.583664
2020-12-09 02:00:00,265.4571,258.15723,-0.14508057,2.8457794
2020-12-09 03:00:00,264.33347,257.67413,-0.13349915,3.047348
2020-12-09 04:00:00,266.57422,258.70282,-0.06817627,2.6632843
2020-12-09 05:00:00,272.05292,260.6369,0.0814209,1.5594482
2020-12-09 06:00:00,272.73572,260.8255,0.31736755,0.8357544
2020-12-09 07:00:00,272.87848,262.473,0.91374207,0.22543335
2020-12-09 08:00:00,273.0945,262.74127,0.92866516,-0.2322998
2020-12-09 09:00:00,272.92032,262.95697,0.739563,-0.35704422
2020-12-09 10:00:00,272.511,262.9466,0.5796051,0.20744419
2020-12-09 11:00:00,272.08215,262.6969,0.5483551,0.85540676
2020-12-09 12:00:00,271.5864,262.22955,0.4577179,1.4534445
2020-12-09 13:00:00,271.25946,261.72955,0.1844635,1.6615477
2020-12-09 14:00:00,270.7023,261.07364,-0.1554718,1.9524078
2020-12-09 15:00:00,269.8969,260.32068,-0.30729675,2.101036
2020-12-09 16:00:00,269.00845,259.5687,-0.24790955,2.254284
2020-12-09 17:00:00,269.34143,259.3322,-0.1230011,2.25778
2020-12-09 18:00:00,269.3197,258.97888,0.039367676,2.3006153
2020-12-09 19:00:00,270.45776,259.30994,0.24267578,2.1100807
2020-12-09 20:00:00,270.9099,259.1433,0.26400757,1.8659267
2020-12-09 21:00:00,270.92105,258.8446,0.3243866,1.6049633
2020-12-09 22:00:00,270.77548,258.51807,0.34173584,1.4484634
2020-12-09 23:00:00,270.58112,258.2587,0.17100525,1.5520954
2020-12-10 00:00:00,270.27707,257.9527,-0.2281189,1.9251957
2020-12-10 01:00:00,268.23584,257.04196,-0.36187744,2.3930817
2020-12-10 02:00:00,268.2009,256.84857,-0.22930908,2.4203281
2020-12-10 03:00:00,269.02563,257.09753,-0.08717346,2.3455257
2020-12-10 04:00:00,271.14923,257.7744,0.050613403,1.9486122
2020-12-10 05:00:00,272.2375,258.02017,0.44578552,1.0108223
2020-12-10 06:00:00,272.5719,258.21326,0.73831177,0.3183174
2020-12-10 07:00:00,272.41565,260.8723,0.68518066,0.87601185
2020-12-10 08:00:00,273.1684,261.2013,0.77316284,0.40639496
2020-12-10 09:00:00,273.35876,261.4804,0.77064514,0.349411
2020-12-10 10:00:00,273.23694,261.42615,0.79800415,1.0694008
2020-12-10 11:00:00,271.93176,260.9049,0.7567444,1.6923227
2020-12-10 12:00:00,269.35876,259.77545,0.6386566,2.2458382
2020-12-10 13:00:00,268.5565,258.99405,0.51008606,2.4917068
2020-12-10 14:00:00,268.59515,258.46368,0.4922943,2.5144825
2020-12-10 15:00:00,268.57574,257.9234,0.5196533,2.5186615
2020-12-10 16:00:00,268.59872,257.40564,0.4878235,2.5171967
2020-12-10 17:00:00,268.86133,257.06653,0.38557434,2.5035858
2020-12-10 18:00:00,268.70297,256.67462,0.27339172,2.5509338
2020-12-10 19:00:00,262.1864,255.15419,0.28974915,3.394455
2020-12-10 20:00:00,261.16974,254.97035,0.26585388,3.5390778
2020-12-10 21:00:00,260.13116,255.28238,0.23025513,3.6542492
2020-12-10 22:00:00,259.5084,255.48715,0.20388794,3.7350464
2020-12-10 23:00:00,259.1242,255.50992,0.21711731,3.7507172
2020-12-11 00:00:00,258.97217,255.57944,0.21624756,3.7817345
2020-12-11 01:00:00,258.8628,255.40198,0.24258423,3.7844982
2020-12-11 02:00:00,258.99207,255.33862,0.27590942,3.7305126
2020-12-11 03:00:00,259.43378,255.53139,0.28125,3.6247063
2020-12-11 04:00:00,261.63617,257.16885,0.25949097,3.217741
2020-12-11 05:00:00,265.6405,259.5307,0.3231964,2.636425
2020-12-11 06:00:00,271.75366,260.78705,0.6060791,1.7532082
2020-12-11 07:00:00,273.6209,260.4876,1.1867828,0.17726898
2020-12-11 08:00:00,273.25385,261.21448,1.425003,0.033672333
2020-12-11 09:00:00,272.99707,261.84232,1.5074921,0.2237215
2020-12-11 10:00:00,272.2611,262.00537,1.5002289,0.73960114
2020-12-11 11:00:00,270.2209,261.15894,1.4877014,1.4958858
2020-12-11 12:00:00,269.83148,259.95886,1.1174011,1.8751602
2020-12-11 13:00:00,271.23364,259.34534,0.7252197,1.9041424
2020-12-11 14:00:00,271.96875,258.76733,0.5332184,1.9062691
2020-12-11 15:00:00,270.8706,257.8957,0.499588,2.0784073
2020-12-11 16:00:00,270.1996,257.33423,0.5621033,2.1705055
2020-12-11 17:00:00,270.16553,257.3159,0.67878723,2.1642113
2020-12-11 18:00:00,270.47366,257.31238,0.7648163,2.1115894
2020-12-11 19:00:00,269.9547,256.98462,0.7594147,2.024685
2020-12-11 20:00:00,270.48566,256.97144,0.71113586,1.9893951
2020-12-11 21:00:00,270.41302,256.69595,0.6513519,1.923523
2020-12-11 22:00:00,270.3449,256.45218,0.5732422,1.921051
2020-12-11 23:00:00,270.23163,256.22214,0.60357666,1.9741364
2020-12-12 00:00:00,270.0748,256.09512,0.6356964,2.0840607
2020-12-12 01:00:00,269.71027,255.89981,0.69447327,2.11792
2020-12-12 02:00:00,269.85858,255.92108,0.66119385,2.0735931
2020-12-12 03:00:00,269.66983,255.84456,0.5031738,2.0374603
2020-12-12 04:00:00,270.07254,255.97656,0.43019104,1.6734924
2020-12-12 05:00:00,270.76434,256.2216,0.8451538,0.91278076
2020-12-12 06:00:00,271.06647,256.4679,1.3907623,0.44374084
2020-12-12 07:00:00,270.05548,258.2745,1.4612274,-0.22894287
2020-12-12 08:00:00,269.14767,259.7726,1.6795044,0.036743164
2020-12-12 09:00:00,268.89124,260.5641,1.6866302,0.057159424
2020-12-12 10:00:00,268.38516,260.44727,1.6676941,0.560379
2020-12-12 11:00:00,267.00644,259.48383,1.7299042,1.1624756
2020-12-12 12:00:00,266.8117,258.60828,1.4918518,1.4727478
2020-12-12 13:00:00,268.37463,258.64795,1.2407074,1.4706726
2020-12-12 14:00:00,268.8631,258.52228,0.98635864,1.615036
2020-12-12 15:00:00,268.93768,258.15985,0.79148865,1.7763519
2020-12-12 16:00:00,268.92902,257.73145,0.76908875,1.7348022
2020-12-12 17:00:00,268.83545,257.2846,0.7425537,1.762497
2020-12-12 18:00:00,268.84064,256.92697,0.7529297,1.7353516
2020-12-12 19:00:00,268.43784,257.03574,0.6548462,1.7733154
2020-12-12 20:00:00,268.597,256.64612,0.5202484,1.8634949
2020-12-12 21:00:00,268.4267,256.4891,0.4367981,1.9411011
2020-12-12 22:00:00,268.35767,256.29993,0.2696991,1.9996548
2020-12-12 23:00:00,268.50076,256.092,0.23675537,2.036459
2020-12-13 00:00:00,268.0768,255.72888,0.19581604,2.186245
2020-12-13 01:00:00,265.65552,254.76749,0.10925293,2.4663887
2020-12-13 02:00:00,263.62994,253.90208,0.008026123,2.7155704
2020-12-13 03:00:00,263.46484,253.66371,-7.6293945e-05,2.7410135
2020-12-13 04:00:00,267.18945,254.86282,0.057388306,2.2464685
2020-12-13 05:00:00,269.5734,255.65417,0.44415283,1.3330164
2020-12-13 06:00:00,270.14932,256.06628,1.0396118,0.7048044
2020-12-13 07:00:00,269.93866,257.89563,1.192131,-0.23602772
2020-12-13 08:00:00,269.64557,258.71744,1.4329529,0.050201416
2020-12-13 09:00:00,269.61218,259.28644,1.4500427,0.046173096
2020-12-13 10:00:00,269.67426,259.3233,1.3215027,0.36418152
2020-12-13 11:00:00,268.9299,258.98422,1.3507385,0.9345398
2020-12-13 12:00:00,267.88858,258.22418,1.0286407,1.5860138
2020-12-13 13:00:00,268.09265,257.74213,0.7349396,1.815033
2020-12-13 14:00:00,268.13425,257.25027,0.5664978,1.926651
2020-12-13 15:00:00,267.50995,256.52856,0.53163147,2.0529175
2020-12-13 16:00:00,267.14777,255.94804,0.5389099,2.12648
2020-12-13 17:00:00,266.79373,255.42342,0.56814575,2.1894379
2020-12-13 18:00:00,266.88055,255.26622,0.5947113,2.197235
2020-12-13 19:00:00,266.27332,254.62305,0.43258667,2.3104553
2020-12-13 20:00:00,266.6035,254.4275,0.27130127,2.3179626
2020-12-13 21:00:00,265.9656,253.93864,0.16835022,2.4042358
2020-12-13 22:00:00,265.8455,253.66377,0.12541199,2.4096832
2020-12-13 23:00:00,265.49112,253.34387,0.1561737,2.4346619
2020-12-14 00:00:00,264.60303,252.74083,0.24609375,2.562149
2020-12-14 01:00:00,264.41812,252.4231,0.3393097,2.6066284
2020-12-14 02:00:00,264.06567,252.0318,0.30265808,2.6365204
2020-12-14 03:00:00,262.8584,251.41942,0.16557312,2.74646
2020-12-14 04:00:00,264.5607,252.02177,0.15422058,2.4717865
2020-12-14 05:00:00,268.2713,252.97429,0.29467773,1.5825043
2020-12-14 06:00:00,268.9237,253.17612,0.6856079,0.7827606
2020-12-14 07:00:00,268.79053,255.68785,1.0695648,-0.27290344
2020-12-14 08:00:00,268.8626,256.20654,1.243515,0.09764099
2020-12-14 09:00:00,268.81372,256.5775,1.2516251,-0.005645752
2020-12-14 10:00:00,268.79346,256.49823,1.0332937,0.5924835
2020-12-14 11:00:00,268.45325,255.85565,0.86885643,1.2796783
2020-12-14 12:00:00,268.026,254.88617,0.58410263,1.6528473
2020-12-14 13:00:00,267.7931,253.9246,0.28422165,1.7358246
2020-12-14 14:00:00,267.65637,253.06898,0.1605835,1.9339447
2020-12-14 15:00:00,267.57675,252.14746,0.17140198,2.0374603
2020-12-14 16:00:00,267.4998,251.26845,0.22773743,2.1042786
2020-12-14 17:00:00,267.37283,250.41084,0.23545837,2.1688232
2020-12-14 18:00:00,266.9281,249.938,0.20419312,2.2355194
2020-12-14 19:00:00,266.4477,250.59836,0.3411255,2.1960144
2020-12-14 20:00:00,266.2901,250.3289,0.2779541,2.2377777
2020-12-14 21:00:00,266.7445,250.41519,0.20922852,2.1824493
2020-12-14 22:00:00,266.7448,250.34242,0.20373535,2.1609182
2020-12-14 23:00:00,266.799,250.21837,0.17590332,2.032507
2020-12-15 00:00:00,266.94135,250.09976,0.16877747,2.0909815
2020-12-15 01:00:00,266.76953,250.11067,0.10374451,2.2205515
2020-12-15 02:00:00,263.01196,249.22923,0.042266846,2.6016264
2020-12-15 03:00:00,261.97055,249.048,0.004211426,2.688055
2020-12-15 04:00:00,265.56903,250.15005,0.11317444,2.2505627
2020-12-15 05:00:00,267.4721,250.83392,0.39460754,1.3054657
2020-12-15 06:00:00,268.0879,251.38098,0.7007904,0.7445526
2020-12-15 07:00:00,268.67212,253.58052,0.8746338,-0.21688652
2020-12-15 08:00:00,268.59235,254.8545,1.1473846,-0.32344055
2020-12-15 09:00:00,268.42914,255.86232,1.2187586,-0.22116852
2020-12-15 10:00:00,268.66473,255.95131,1.1393032,0.13570595
2020-12-15 11:00:00,268.21118,255.84729,1.1898975,0.8285389
2020-12-15 12:00:00,267.72043,255.40215,1.0174675,1.3718262
2020-12-15 13:00:00,267.55292,254.75887,0.7473011,1.5028381
2020-12-15 14:00:00,267.37088,253.9882,0.4875183,1.6557922
2020-12-15 15:00:00,267.21988,253.11824,0.30743408,1.8398285
2020-12-15 16:00:00,267.1657,252.31674,0.19355774,1.9055634
2020-12-15 17:00:00,267.13315,251.58609,0.14698792,2.0476074
2020-12-15 18:00:00,267.10327,251.24599,0.10244751,2.1232586
2020-12-15 19:00:00,265.3833,251.09334,0.16532898,2.3392563
2020-12-15 20:00:00,266.3061,251.35225,0.06489563,2.2763405
2020-12-15 21:00:00,266.5582,251.27026,-0.008544922,2.2654781
2020-12-15 22:00:00,266.68948,251.01686,0.03138733,2.2883549
2020-12-15 23:00:00,263.50745,250.00423,0.12887573,2.5813026
2020-12-16 00:00:00,260.87305,249.20552,0.16545105,2.9112473
2020-12-16 01:00:00,260.81375,249.1836,0.1803894,2.9362793
2020-12-16 02:00:00,261.0169,249.18982,0.19429016,2.9001923
2020-12-16 03:00:00,261.16882,249.20525,0.15483093,2.8709717
2020-12-16 04:00:00,264.03687,250.20734,0.15687561,2.4611053
2020-12-16 05:00:00,267.8867,251.39233,0.1980133,1.5633087
2020-12-16 06:00:00,268.615,251.8891,0.29595947,0.89505005
2020-12-16 07:00:00,269.02942,255.2215,0.35386658,-0.060836792
2020-12-16 08:00:00,269.4823,255.72917,0.5259094,-0.16474915
2020-12-16 09:00:00,269.67017,256.23175,0.6921387,-0.17210388
2020-12-16 10:00:00,269.50665,256.28683,0.7127838,0.30577087
2020-12-16 11:00:00,269.14386,255.88914,0.8638153,0.85466003
2020-12-16 12:00:00,268.6966,255.2196,0.6529541,1.5249481
2020-12-16 13:00:00,268.53162,254.41739,0.34596252,1.7930298
2020-12-16 14:00:00,267.4146,253.59065,0.0967865,2.0891724
2020-12-16 15:00:00,264.88287,252.48387,-0.047058105,2.4723969
2020-12-16 16:00:00,263.91452,252.13768,-0.10295105,2.6452942
2020-12-16 17:00:00,263.01337,251.76962,-0.12583923,2.7971191
2020-12-16 18:00:00,262.04498,251.42133,-0.10308838,2.9498749
2020-12-16 19:00:00,259.90198,251.09229,0.050308228,3.2670746
2020-12-16 20:00:00,259.8004,250.99287,0.03895569,3.2740173
2020-12-16 21:00:00,259.71167,250.86392,0.045059204,3.2891235
2020-12-16 22:00:00,259.46204,250.71306,0.037872314,3.3425598
2020-12-16 23:00:00,258.8246,250.48653,-0.032577515,3.4512634
2020-12-17 00:00:00,257.2892,250.3549,-0.1421051,3.682373
2020-12-17 01:00:00,255.797,251.02013,-0.16537476,3.919281
2020-12-17 02:00:00,254.99242,251.30728,-0.092041016,4.063263
2020-12-17 03:00:00,255.0842,251.66014,-0.035202026,4.1082916
2020-12-17 04:00:00,257.00977,253.37257,0.045440674,3.7463226
2020-12-17 05:00:00,260.77768,256.19348,0.110809326,3.1261292
2020-12-17 06:00:00,266.32855,258.20953,0.14634705,2.2504425
2020-12-17 07:00:00,270.9845,257.91882,0.25926208,1.1898499
2020-12-17 08:00:00,271.8908,257.44916,0.1421051,0.36254883
2020-12-17 09:00:00,272.3086,257.424,-0.1800232,0.113983154
2020-12-17 10:00:00,272.28452,257.17834,-0.48526,0.3721161
2020-12-17 11:00:00,271.69177,256.9286,-0.5011749,1.3865204
2020-12-17 12:00:00,266.26337,255.43318,-0.39331055,2.5908203
2020-12-17 13:00:00,261.9769,253.42738,-0.31159973,3.4636993
2020-12-17 14:00:00,259.29645,253.16885,-0.1503601,4.037323
2020-12-17 15:00:00,258.37524,253.38814,-0.039260864,4.2425823
2020-12-17 16:00:00,258.1881,253.27164,0.006942749,4.3629456
2020-12-17 17:00:00,258.24377,253.1777,0.0639801,4.443802
2020-12-17 18:00:00,258.37036,253.07744,0.096710205,4.4723053
2020-12-17 19:00:00,258.2661,252.83226,0.10682678,4.6097717
2020-12-17 20:00:00,258.65067,252.88867,0.010543823,4.5539246
2020-12-17 21:00:00,258.7497,252.85503,-0.034347534,4.600601
2020-12-17 22:00:00,258.8706,252.85017,-0.014099121,4.6614075
2020-12-17 23:00:00,258.98834,252.8642,0.01701355,4.69928
2020-12-18 00:00:00,259.18427,252.9086,0.040725708,4.7113647
2020-12-18 01:00:00,259.6194,253.23146,0.03543091,4.696213
2020-12-18 02:00:00,260.15527,253.75752,0.00010681152,4.6665497
2020-12-18 03:00:00,260.73334,254.32187,-0.012969971,4.611267
2020-12-18 04:00:00,262.5567,256.42505,-0.008956909,4.304596
2020-12-18 05:00:00,265.3462,259.6793,-0.020339966,3.7986298
2020-12-18 06:00:00,268.0247,262.70038,-0.05770874,3.2659912
2020-12-18 07:00:00,269.82928,264.27203,0.013458252,2.8907318
2020-12-18 08:00:00,271.35443,264.26614,-0.05166626,2.2571564
2020-12-18 09:00:00,272.9549,261.7552,-0.22523499,1.8596954
2020-12-18 10:00:00,272.28296,260.2886,-0.42648315,2.095108
2020-12-18 11:00:00,268.8942,258.86285,-0.37756348,3.0228577
2020-12-18 12:00:00,265.95135,257.16736,-0.2849245,4.108719
2020-12-18 13:00:00,263.7884,257.80737,-0.07077789,4.523697
2020-12-18 14:00:00,263.17627,257.22885,-0.052520752,4.7336426
2020-12-18 15:00:00,263.1534,256.83115,-0.036629677,4.8615875
2020-12-18 16:00:00,263.18884,256.6115,-0.022033691,4.938431
2020-12-18 17:00:00,263.26685,256.4906,-0.01411438,4.993515
2020-12-18 18:00:00,263.35727,256.45172,-0.0262146,5.028427
2020-12-18 19:00:00,263.3766,256.4305,-0.038894653,5.1176996
2020-12-18 20:00:00,263.63556,256.47534,-0.02758789,5.0616856
2020-12-18 21:00:00,263.77887,256.53705,-0.02217102,5.0592604
2020-12-18 22:00:00,263.88498,256.61255,-0.017974854,5.063861
2020-12-18 23:00:00,264.01654,256.7126,0.0012664795,5.063896
2020-12-19 00:00:00,264.17914,256.83252,0.067611694,5.033618
2020-12-19 01:00:00,264.26132,256.84006,0.14323425,4.9333715
2020-12-19 02:00:00,264.36108,256.90442,0.1556549,4.8460255
2020-12-19 03:00:00,264.54028,257.1175,0.07208252,4.73641
2020-12-19 04:00:00,266.2345,259.10736,0.080322266,4.3331203
2020-12-19 05:00:00,268.68396,261.7245,0.25846863,3.6754923
2020-12-19 06:00:00,270.849,263.06384,0.5045471,2.6159906
2020-12-19 07:00:00,276.59528,257.1517,0.38835144,1.0515327
2020-12-19 08:00:00,276.96118,255.74013,-0.34448242,0.06895256
2020-12-19 09:00:00,276.69873,256.04544,-0.99261475,0.119565964
2020-12-19 10:00:00,274.22107,260.67352,-1.4663239,0.76217175
2020-12-19 11:00:00,271.39062,261.13684,-1.7182312,1.7091856
2020-12-19 12:00:00,268.67566,259.46005,-1.4356384,2.8123713
2020-12-19 13:00:00,267.08478,258.9085,-0.7305145,3.4934444
2020-12-19 14:00:00,266.8861,259.7734,-0.4099579,3.679161
2020-12-19 15:00:00,266.73523,260.1798,-0.37275696,3.7426558
2020-12-19 16:00:00,266.47708,260.50455,-0.2155304,3.9162703
2020-12-19 17:00:00,266.04468,260.79382,0.11277771,3.953761
2020-12-19 18:00:00,265.79758,260.497,0.28424072,3.898035
2020-12-19 19:00:00,266.0912,261.02704,0.40652466,3.8367853
2020-12-19 20:00:00,266.87308,261.15683,0.19039917,3.442237
2020-12-19 21:00:00,267.46942,261.04398,0.108291626,2.944025
2020-12-19 22:00:00,274.20837,259.15115,0.8136139,0.78209877
2020-12-19 23:00:00,272.9203,258.8639,0.7355499,0.42993164
2020-12-20 00:00:00,272.26385,258.59787,0.52267456,0.830719
2020-12-20 01:00:00,271.15366,258.0083,0.47503662,0.3273468
2020-12-20 02:00:00,270.24838,258.09943,0.5078125,0.35705566
2020-12-20 03:00:00,269.50726,258.40967,-0.0041656494,0.55929565
2020-12-20 04:00:00,269.6128,259.21387,-0.72031784,0.12362671
2020-12-20 05:00:00,269.55713,260.66058,-0.9159136,-0.42715454
2020-12-20 06:00:00,269.12982,262.66602,-0.66543484,-0.6710663
2020-12-20 07:00:00,269.06992,266.00644,0.34500313,-1.34729
2020-12-20 08:00:00,268.92755,267.2008,0.29329205,-1.3239136
2020-12-20 09:00:00,268.9364,267.39154,0.18681717,-1.2154694
2020-12-20 10:00:00,268.5586,266.99115,0.18069458,-1.2496796
2020-12-20 11:00:00,268.0424,266.43085,0.18882847,-1.2554321
2020-12-20 12:00:00,267.46063,266.06686,0.25585938,-1.1673431
2020-12-20 13:00:00,267.64078,266.55624,0.14994812,-0.66096497
2020-12-20 14:00:00,267.37634,266.1548,0.24339962,-0.60157776
2020-12-20 15:00:00,266.95352,265.81174,0.45335293,-0.5265045
2020-12-20 16:00:00,266.65076,265.52863,0.37819004,-0.37173462
2020-12-20 17:00:00,266.43814,265.22318,0.19910336,-0.12045288
2020-12-20 18:00:00,266.1906,265.09998,0.123189926,-0.016601562
2020-12-20 19:00:00,265.6475,264.63107,0.046186447,-1.1134491
2020-12-20 20:00:00,265.43927,264.3406,-0.40512943,-0.86520386
2020-12-20 21:00:00,265.21094,264.1458,-0.6843853,-0.39897156
2020-12-20 22:00:00,264.98514,263.76483,-0.6710777,-0.24346924
2020-12-20 23:00:00,264.84808,263.70932,-0.7506218,-0.29588318
2020-12-21 00:00:00,264.77197,263.51892,-0.9627285,-0.2129364
2020-12-21 01:00:00,264.6644,263.2861,-1.1410952,-0.109451294
2020-12-21 02:00:00,264.4787,262.9312,-1.3132639,0.22161865
2020-12-21 03:00:00,263.75372,262.01797,-1.4129963,0.7212982
2020-12-21 04:00:00,263.4588,261.2033,-1.3845978,0.96665955
2020-12-21 05:00:00,265.08392,261.8719,-1.2835693,0.69947815
2020-12-21 06:00:00,267.02795,262.75525,-1.1678467,0.23661804
2020-12-21 07:00:00,267.899,263.22903,-0.75564575,-0.6864929
2020-12-21 08:00:00,268.72467,263.38303,-0.42651367,-0.7377777
2020-12-21 09:00:00,269.1974,263.57056,-0.13694763,-0.880249
2020-12-21 10:00:00,269.70935,263.3397,0.09779358,-0.6997528
2020-12-21 11:00:00,269.3993,263.03265,0.5102234,0.38093567
2020-12-21 12:00:00,268.97632,262.24335,0.69436646,1.523346
2020-12-21 13:00:00,268.78577,261.43195,0.5900879,1.7842407
2020-12-21 14:00:00,267.00732,259.7121,0.4225464,2.238123
2020-12-21 15:00:00,266.79315,258.65076,0.27230835,2.3979816
2020-12-21 16:00:00,266.70068,257.61108,0.042404175,2.5246296
2020-12-21 17:00:00,267.0929,256.76215,-0.2359314,2.5457172
2020-12-21 18:00:00,267.01953,255.88536,-0.26441956,2.635971
2020-12-21 19:00:00,264.61703,253.46594,-0.08218384,2.9227018
2020-12-21 20:00:00,265.8391,253.42953,-0.18806458,2.7094727
2020-12-21 21:00:00,266.76608,253.48524,-0.15838623,2.5928688
2020-12-21 22:00:00,268.06134,253.8332,-0.16178894,2.4173107
2020-12-21 23:00:00,267.4237,253.68037,-0.32937622,2.47509
2020-12-22 00:00:00,265.69516,253.2029,-0.60617065,2.675806
2020-12-22 01:00:00,264.13382,252.85124,-0.8149109,2.9724789
2020-12-22 02:00:00,263.0415,252.42067,-0.85687256,3.203289
2020-12-22 03:00:00,262.41846,252.19891,-0.7096863,3.3923569
2020-12-22 04:00:00,263.63812,253.06711,-0.49887085,3.2207966
2020-12-22 05:00:00,267.5855,254.63252,-0.30091858,2.6099396
2020-12-22 06:00:00,273.32376,255.09131,-0.03125,1.3314209
2020-12-22 07:00:00,273.49872,256.50183,0.4899292,0.17353821
2020-12-22 08:00:00,273.6022,257.83777,0.6032562,-0.016952515
2020-12-22 09:00:00,273.6715,258.76318,0.7999115,0.27127075
2020-12-22 10:00:00,273.53314,259.1594,0.93074036,0.73341274
2020-12-22 11:00:00,273.14905,259.0932,0.88790894,1.4221697
2020-12-22 12:00:00,271.4389,258.2551,0.56422424,2.0093536
2020-12-22 13:00:00,270.32056,257.18073,0.1446228,2.3191586
2020-12-22 14:00:00,269.1947,256.05103,-0.08618164,2.5319357
2020-12-22 15:00:00,268.4774,255.20119,-0.119384766,2.6740332
2020-12-22 16:00:00,268.14035,254.38208,-0.15515137,2.749382
2020-12-22 17:00:00,267.96143,253.76613,-0.09776306,2.7987347
2020-12-22 18:00:00,268.4433,253.40855,-0.055099487,2.7319927
2020-12-22 19:00:00,267.3371,252.27806,0.043823242,2.8744392
2020-12-22 20:00:00,268.06927,252.151,-0.05581665,2.7704697
2020-12-22 21:00:00,268.77875,252.00009,-0.031021118,2.6745415
2020-12-22 22:00:00,269.55676,251.95343,-0.026992798,2.5760956
2020-12-22 23:00:00,270.30283,251.93823,-0.06913757,2.4669342
2020-12-23 00:00:00,270.49802,251.88611,-0.14297485,2.410904
2020-12-23 01:00:00,270.09808,251.77034,-0.27772522,2.427719
2020-12-23 02:00:00,269.16675,251.49603,-0.37768555,2.4921265
2020-12-23 03:00:00,268.69836,251.26743,-0.37730408,2.5331116
2020-12-23 04:00:00,270.59985,251.68243,-0.37239075,2.288681
2020-12-23 05:00:00,272.28125,252.22961,-0.20655823,1.4441528
2020-12-23 06:00:00,272.8391,252.83655,0.05709839,0.048814774
2020-12-23 07:00:00,273.53036,256.89218,0.98075867,0.79725647
2020-12-23 08:00:00,273.8168,257.76562,1.1838531,-0.038742065
2020-12-23 09:00:00,273.06247,259.0073,1.4024048,-0.24450684
2020-12-23 10:00:00,272.4157,259.47272,1.556427,0.07727051
2020-12-23 11:00:00,271.42706,259.35236,1.6549988,0.6823273
2020-12-23 12:00:00,271.05597,259.0094,1.4043579,1.2424316
2020-12-23 13:00:00,271.4361,258.79575,0.95503235,1.3397217
2020-12-23 14:00:00,271.2543,258.56464,0.6027069,1.3926849
2020-12-23 15:00:00,271.16965,258.23907,0.35411072,1.4803314
2020-12-23 16:00:00,271.11002,257.98383,0.1914978,1.4741898
2020-12-23 17:00:00,271.02112,257.80823,0.10560608,1.5089874
2020-12-23 18:00:00,271.0067,257.6004,0.2128601,1.6009436
2020-12-23 19:00:00,270.84607,256.4037,0.69117737,1.4795227
2020-12-23 20:00:00,270.6114,256.04022,0.5394745,1.5499115
2020-12-23 21:00:00,270.42554,255.74536,0.25726318,1.4743652
2020-12-23 22:00:00,270.25812,255.48225,-0.01512146,1.5491486
2020-12-23 23:00:00,270.08124,255.50676,-0.11878967,1.4310303
2020-12-24 00:00:00,269.72992,255.94287,-0.0107421875,1.4126587
2020-12-24 01:00:00,269.48267,256.17554,-0.18616772,1.59935
2020-12-24 02:00:00,268.72974,256.07062,-0.6457386,1.9851685
2020-12-24 03:00:00,266.44397,255.37462,-0.78352356,2.374817
2020-12-24 04:00:00,265.64313,255.19461,-0.71965027,2.541626
2020-12-24 05:00:00,267.67706,256.16095,-0.5443115,2.3327332
2020-12-24 06:00:00,271.04398,257.52567,-0.39537048,1.8337708
2020-12-24 07:00:00,273.3755,256.99866,0.66978455,-0.19335938
2020-12-24 08:00:00,273.39484,258.13245,0.92331696,-0.43595886
2020-12-24 09:00:00,273.28625,258.9001,0.6973276,-0.31628418
2020-12-24 10:00:00,273.0728,259.1618,0.15167713,0.06980896
2020-12-24 11:00:00,272.7735,259.02893,-0.3733406,0.78182983
2020-12-24 12:00:00,272.00052,258.53632,-0.5218277,1.7857971
2020-12-24 13:00:00,269.53458,257.32788,-0.47196102,2.3180847
2020-12-24 14:00:00,266.98633,255.95418,-0.3808899,2.8170776
2020-12-24 15:00:00,266.3875,255.31805,-0.37149048,2.9952087
2020-12-24 16:00:00,267.01663,255.51636,-0.42765808,2.95961
2020-12-24 17:00:00,268.00208,255.74583,-0.30107117,2.8519135
2020-12-24 18:00:00,270.1197,256.13635,0.008010864,2.5462933
2020-12-24 19:00:00,264.05804,256.53662,0.12757874,3.5197449
2020-12-24 20:00:00,264.50818,257.0288,-0.09324646,3.4323406
2020-12-24 21:00:00,264.43518,257.62433,-0.23045349,3.4882355
2020-12-24 22:00:00,263.99908,257.445,-0.008102417,3.5748901
2020-12-24 23:00:00,264.4563,257.91745,0.16557312,3.4324188
2020-12-25 00:00:00,265.5223,258.81958,-0.032959938,3.2566986
2020-12-25 01:00:00,266.36737,258.7906,-0.1638174,3.145172
2020-12-25 02:00:00,268.57495,258.90366,-0.18269444,2.7098389
2020-12-25 03:00:00,271.06073,259.37683,-0.20707893,2.3188934
2020-12-25 04:00:00,272.81305,260.0082,-0.3242607,2.0541687
2020-12-25 05:00:00,274.98578,260.6153,-0.20863152,1.2548828
2020-12-25 06:00:00,275.5469,260.75446,-0.109903336,0.15028381
2020-12-25 07:00:00,275.9704,263.75726,0.41091728,-0.3413849
2020-12-25 08:00:00,276.29608,263.5036,0.083167076,-0.5599823
2020-12-25 09:00:00,276.38196,263.6344,0.07408333,-0.40548706
2020-12-25 10:00:00,276.30902,263.77905,0.0009784698,0.22468567
2020-12-25 11:00:00,276.17303,263.3035,0.13519287,0.8299103
2020-12-25 12:00:00,275.48242,262.53473,0.16687012,1.7986755
2020-12-25 13:00:00,272.45523,261.16113,0.013885498,2.3822174
2020-12-25 14:00:00,273.05792,260.68094,0.11445618,2.3360596
2020-12-25 15:00:00,274.0194,260.5581,-0.16343689,2.2238007
2020-12-25 16:00:00,273.0897,260.14545,-0.67922974,2.2519073
2020-12-25 17:00:00,274.27527,260.107,-0.35839844,2.1617584
2020-12-25 18:00:00,275.52448,260.12228,0.32077026,1.8319702
2020-12-25 19:00:00,275.39993,259.91528,0.79537964,1.8551636
2020-12-25 20:00:00,275.49677,260.1229,0.45181274,1.4287415
2020-12-25 21:00:00,275.07846,260.24243,-0.026351929,1.1826477
2020-12-25 22:00:00,274.61768,260.53217,-0.44161987,1.3878326
2020-12-25 23:00:00,274.11066,261.12793,-0.7372894,1.3531647
2020-12-26 00:00:00,273.85376,261.1753,-0.5251312,1.3525543
2020-12-26 01:00:00,273.66846,261.27286,-0.41166687,1.4442139
2020-12-26 02:00:00,273.4746,261.31775,-0.443161,1.2265015
2020-12-26 03:00:00,273.0669,261.5188,-0.3665161,1.120758
2020-12-26 04:00:00,273.0332,261.79068,-0.5571289,1.0025024
2020-12-26 05:00:00,273.30917,262.21326,-0.46887207,0.36795044
2020-12-26 06:00:00,273.5797,262.48178,0.10644531,-0.23391724
2020-12-26 07:00:00,274.6032,263.5874,0.114608765,-0.47184753
2020-12-26 08:00:00,274.9632,263.99316,0.25517273,-0.41659546
2020-12-26 09:00:00,275.1188,264.60727,0.665329,-0.58032227
2020-12-26 10:00:00,274.31497,265.25568,1.2618408,-0.2800293
2020-12-26 11:00:00,272.7704,264.845,1.5385895,0.7005005
2020-12-26 12:00:00,271.89734,263.98254,1.2242737,1.4625397
2020-12-26 13:00:00,272.43323,263.35605,0.9575348,1.6106415
2020-12-26 14:00:00,273.73404,263.3393,0.89897156,1.3978271
2020-12-26 15:00:00,273.5908,263.234,0.76930237,1.2312012
2020-12-26 16:00:00,273.33856,263.06107,0.6136322,1.3466339
2020-12-26 17:00:00,272.9095,262.58423,0.3650818,1.7873993
2020-12-26 18:00:00,272.84918,262.18585,0.37051392,1.8124695
2020-12-26 19:00:00,267.89532,260.67804,0.64527893,2.5851746
2020-12-26 20:00:00,268.13116,260.64636,0.8000946,2.4373016
2020-12-26 21:00:00,267.49503,260.2042,0.93240356,2.4743347
2020-12-26 22:00:00,266.61975,259.43652,0.91596985,2.594101
2020-12-26 23:00:00,265.70526,258.78894,0.87475586,2.7292175
2020-12-27 00:00:00,264.55164,258.46686,0.6929321,2.895462
2020-12-27 01:00:00,264.44354,259.09824,0.55877686,2.8901978
2020-12-27 02:00:00,264.0081,259.03864,0.49404907,2.9397888
2020-12-27 03:00:00,264.0681,259.01752,0.56785583,2.8984985
2020-12-27 04:00:00,265.53284,260.41803,0.6126404,2.5933228
2020-12-27 05:00:00,269.2588,262.10223,0.67219543,1.9601593
2020-12-27 06:00:00,273.32593,262.32922,0.70928955,0.41912842
2020-12-27 07:00:00,273.4218,261.79333,0.74087524,-0.7767639
2020-12-27 08:00:00,272.9352,263.11118,1.3054962,-0.55229187
2020-12-27 09:00:00,272.29388,264.5111,1.4121704,-0.5851288
2020-12-27 10:00:00,272.69684,264.6836,1.3596191,-0.30421448
2020-12-27 11:00:00,272.0321,264.4152,1.4403534,0.69499207
2020-12-27 12:00:00,270.1868,263.08606,1.1177216,1.6287842
2020-12-27 13:00:00,270.57605,262.39502,0.7903595,1.8189392
2020-12-27 14:00:00,270.3855,261.5027,0.5955353,1.96138
2020-12-27 15:00:00,268.72998,259.9295,0.40046692,2.2612
2020-12-27 16:00:00,267.70624,258.42245,0.2421112,2.4557495
2020-12-27 17:00:00,267.97397,257.46558,0.18447876,2.4308624
2020-12-27 18:00:00,268.62225,256.8374,0.17332458,2.366272
2020-12-27 19:00:00,268.2929,255.60434,0.32276917,2.4048615
2020-12-27 20:00:00,268.86682,254.81256,0.10882568,2.359909
2020-12-27 21:00:00,266.84924,253.22404,-0.2997589,2.5533752
2020-12-27 22:00:00,265.5979,252.16953,-0.40670776,2.723816
2020-12-27 23:00:00,263.8252,251.44344,-0.37680054,2.9453125
2020-12-28 00:00:00,262.01956,250.9569,-0.46603394,3.182541
2020-12-28 01:00:00,260.85025,250.40186,-0.55952454,3.2707672
2020-12-28 02:00:00,261.3107,250.62437,-0.4846344,3.19693
2020-12-28 03:00:00,262.57794,251.27779,-0.49848938,3.0000458
2020-12-28 04:00:00,266.77344,252.81467,-0.54455566,2.3723297
2020-12-28 05:00:00,270.35056,254.04811,-0.3675232,1.2963562
2020-12-28 06:00:00,270.8424,255.23592,0.17396545,-0.07191467
2020-12-28 07:00:00,271.5025,258.20248,0.96287537,-0.51078796
2020-12-28 08:00:00,271.0453,259.8305,1.0393829,-0.58869934
2020-12-28 09:00:00,271.11304,260.7249,0.8422241,-0.7051239
2020-12-28 10:00:00,271.46228,261.07794,0.6435089,-0.4980774
2020-12-28 11:00:00,270.90314,261.27182,0.68573,0.09321594
2020-12-28 12:00:00,270.4007,261.19476,0.9437256,0.572937
2020-12-28 13:00:00,269.84888,261.17645,1.0788269,0.5602722
2020-12-28 14:00:00,269.266,261.2256,0.90302086,0.5489044
2020-12-28 15:00:00,268.80713,261.11298,0.76871777,0.6298828
2020-12-28 16:00:00,268.32214,260.9836,0.8363495,0.6250458
2020-12-28 17:00:00,267.8172,260.83173,0.86861897,0.7211609
2020-12-28 18:00:00,267.45428,260.6366,0.5550537,0.96875
2020-12-28 19:00:00,267.74005,259.6959,0.4659481,0.8332672
2020-12-28 20:00:00,267.33112,259.44788,0.084747314,1.2637634
2020-12-28 21:00:00,267.21954,259.0426,-0.0012512207,1.4868622
2020-12-28 22:00:00,267.29248,258.78088,0.008314133,1.5007172
2020-12-28 23:00:00,267.36816,258.39722,0.122795105,1.6347504
2020-12-29 00:00:00,267.61407,257.89575,0.06608009,1.6509552
2020-12-29 01:00:00,268.07758,257.67273,-0.093803406,1.8244476
2020-12-29 02:00:00,268.26688,257.20184,-0.2671795,1.892334
2020-12-29 03:00:00,268.47253,256.9665,-0.35152817,1.9436798
2020-12-29 04:00:00,269.03125,256.96582,-0.33226585,1.6962585
2020-12-29 05:00:00,269.9178,257.57446,-0.3786173,1.0636749
2020-12-29 06:00:00,270.50784,258.9935,-0.5963955,0.13224792
2020-12-29 07:00:00,271.31018,258.66217,0.16218185,-0.61131287
2020-12-29 08:00:00,271.404,260.36093,0.30703926,-0.8523407
2020-12-29 09:00:00,271.3782,261.48358,0.22617531,-0.8361511
2020-12-29 10:00:00,271.076,262.12622,-0.107336044,-0.5156708
2020-12-29 11:00:00,270.4922,262.43945,-0.55133057,0.1733551
2020-12-29 12:00:00,269.88452,262.36386,-0.7090702,1.1824646
2020-12-29 13:00:00,269.0498,261.53467,-0.7440052,1.7858582
2020-12-29 14:00:00,267.68176,260.26218,-0.7524376,2.12677
2020-12-29 15:00:00,267.24237,259.37573,-0.623003,2.2916565
2020-12-29 16:00:00,265.56305,257.89966,-0.34410095,2.6392517
2020-12-29 17:00:00,264.52448,256.5513,-0.1423912,2.8722992
2020-12-29 18:00:00,264.8335,256.1057,0.0168581,2.8132782
2020-12-29 19:00:00,269.7491,257.3761,-0.04028511,2.1444092
2020-12-29 20:00:00,269.95853,257.09525,-0.14834785,2.1270142
2020-12-29 21:00:00,268.94937,256.04474,-0.11611366,2.3383636
2020-12-29 22:00:00,269.83667,255.43439,-0.08058643,2.2296143
2020-12-29 23:00:00,269.73328,254.621,-0.076966286,2.2365875
2020-12-30 00:00:00,269.14166,253.42284,-0.122657776,2.3379517
2020-12-30 01:00:00,269.6894,252.6467,-0.115626335,2.231079
2020-12-30 02:00:00,269.6153,252.13835,-0.028320312,1.7154999
2020-12-30 03:00:00,269.30606,252.0662,-0.00680542,1.5284424
2020-12-30 04:00:00,269.37567,252.17264,0.03881836,1.4639282
2020-12-30 05:00:00,270.11902,252.80693,0.03164673,0.6057434
2020-12-30 06:00:00,270.4037,254.42734,-0.067855835,-0.15386963
2020-12-30 07:00:00,270.73077,256.52838,0.08000183,-0.61320496
2020-12-30 08:00:00,271.16812,258.3752,0.17178345,-0.5164337
2020-12-30 09:00:00,271.41373,259.66788,0.17201233,-0.5721283
2020-12-30 10:00:00,271.28647,260.44028,0.117370605,-0.3965149
2020-12-30 11:00:00,270.86325,260.80536,0.22053528,0.07487488
2020-12-30 12:00:00,270.09317,260.78412,0.6891632,0.7861786
2020-12-30 13:00:00,269.56308,260.27573,0.9315796,1.4509277
2020-12-30 14:00:00,269.23895,259.6104,0.93040466,1.510849
2020-12-30 15:00:00,268.8642,259.06174,0.8540039,1.5098419
2020-12-30 16:00:00,268.5375,258.5386,0.6901245,1.5201416
2020-12-30 17:00:00,268.2921,257.8949,0.5104065,1.6302032
2020-12-30 18:00:00,268.2422,257.11084,0.3839569,1.7920685
2020-12-30 19:00:00,267.41968,252.7846,0.12081909,2.371231
2020-12-30 20:00:00,267.95108,252.39905,0.008117676,2.3537931
2020-12-30 21:00:00,268.02747,252.3355,-0.027877808,2.3729954
2020-12-30 22:00:00,267.693,252.02805,-0.011291504,2.4379635
2020-12-30 23:00:00,268.2782,251.90648,0.016433716,2.3993979
2020-12-31 00:00:00,268.4934,251.69363,-0.06704712,2.397993
2020-12-31 01:00:00,268.03552,251.3145,-0.23677063,2.4631748
2020-12-31 02:00:00,266.47327,250.64256,-0.31452942,2.6667175
2020-12-31 03:00:00,265.15234,250.10376,-0.36106873,2.850525
2020-12-31 04:00:00,267.0874,250.66469,-0.30282593,2.604599
2020-12-31 05:00:00,271.46597,251.21985,-0.22135925,1.7081757
2020-12-31 06:00:00,272.48352,251.49095,0.008544922,0.3423462
2020-12-31 07:00:00,272.27957,255.169,0.23934937,0.15766907
2020-12-31 08:00:00,272.60834,256.59985,0.22720337,-0.45602417
2020-12-31 09:00:00,272.7522,257.77875,0.3905182,-0.552475
2020-12-31 10:00:00,272.4757,258.5304,0.585495,-0.2964325
2020-12-31 11:00:00,271.7644,258.99652,0.9715576,0.5205231
2020-12-31 12:00:00,270.35797,258.72632,1.1258545,1.5485382
2020-12-31 13:00:00,269.3347,257.70242,0.9219818,1.9551544
2020-12-31 14:00:00,269.83704,256.7546,0.6157837,2.022705
2020-12-31 15:00:00,270.14545,255.67123,0.4935913,2.0231323
2020-12-31 16:00:00,270.06433,254.4992,0.40499878,2.0598907
2020-12-31 17:00:00,269.90775,253.29996,0.28422546,2.0838776
2020-12-31 18:00:00,269.84863,252.17982,0.20391083,2.0799408
2020-12-31 19:00:00,269.94196,250.03082,0.11297321,2.056778
2020-12-31 20:00:00,270.0197,249.5925,0.03528118,1.9916992
2020-12-31 21:00:00,270.2281,249.10939,-0.021279335,1.9705963
2020-12-31 22:00:00,270.37552,248.64131,-0.045638084,1.9021912
2020-12-31 23:00:00,270.52527,248.54628,-0.0583086,1.8635864
