datetime,blh
2020-01-01 00:00:00,21.24501
2020-01-01 01:00:00,20.336502
2020-01-01 02:00:00,18.531557
2020-01-01 03:00:00,19.896873
2020-01-01 04:00:00,20.291458
2020-01-01 05:00:00,19.948395
2020-01-01 06:00:00,20.861801
2020-01-01 07:00:00,21.227982
2020-01-01 08:00:00,47.768127
2020-01-01 09:00:00,53.453995
2020-01-01 10:00:00,41.571335
2020-01-01 11:00:00,32.458405
2020-01-01 12:00:00,28.77948
2020-01-01 13:00:00,27.99765
2020-01-01 14:00:00,22.349655
2020-01-01 15:00:00,20.235931
2020-01-01 16:00:00,20.004059
2020-01-01 17:00:00,19.759518
2020-01-01 18:00:00,19.787342
2020-01-01 19:00:00,19.335804
2020-01-01 20:00:00,18.899368
2020-01-01 21:00:00,18.409975
2020-01-01 22:00:00,17.82589
2020-01-01 23:00:00,17.591576
2020-01-02 00:00:00,17.812376
2020-01-02 01:00:00,17.975216
2020-01-02 02:00:00,17.940128
2020-01-02 03:00:00,18.528528
2020-01-02 04:00:00,18.883732
2020-01-02 05:00:00,18.96725
2020-01-02 06:00:00,18.847904
2020-01-02 07:00:00,21.765213
2020-01-02 08:00:00,29.2398
2020-01-02 09:00:00,46.259575
2020-01-02 10:00:00,28.311188
2020-01-02 11:00:00,25.859756
2020-01-02 12:00:00,27.285172
2020-01-02 13:00:00,21.234188
2020-01-02 14:00:00,21.275513
2020-01-02 15:00:00,23.541264
2020-01-02 16:00:00,21.291939
2020-01-02 17:00:00,15.191586
2020-01-02 18:00:00,14.184037
2020-01-02 19:00:00,13.9240675
2020-01-02 20:00:00,13.897598
2020-01-02 21:00:00,13.488111
2020-01-02 22:00:00,16.624916
2020-01-02 23:00:00,22.719265
2020-01-03 00:00:00,28.963413
2020-01-03 01:00:00,20.713125
2020-01-03 02:00:00,11.943071
2020-01-03 03:00:00,11.914748
2020-01-03 04:00:00,15.346752
2020-01-03 05:00:00,18.253002
2020-01-03 06:00:00,54.905823
2020-01-03 07:00:00,89.0133
2020-01-03 08:00:00,119.02779
2020-01-03 09:00:00,121.80609
2020-01-03 10:00:00,55.645927
2020-01-03 11:00:00,27.264774
2020-01-03 12:00:00,24.334124
2020-01-03 13:00:00,20.304356
2020-01-03 14:00:00,21.81555
2020-01-03 15:00:00,21.388466
2020-01-03 16:00:00,20.582767
2020-01-03 17:00:00,20.610382
2020-01-03 18:00:00,17.335377
2020-01-03 19:00:00,15.573256
2020-01-03 20:00:00,15.379706
2020-01-03 21:00:00,15.470199
2020-01-03 22:00:00,16.155716
2020-01-03 23:00:00,15.237961
2020-01-04 00:00:00,16.035946
2020-01-04 01:00:00,15.807166
2020-01-04 02:00:00,16.60083
2020-01-04 03:00:00,15.841322
2020-01-04 04:00:00,16.130184
2020-01-04 05:00:00,16.779743
2020-01-04 06:00:00,17.250107
2020-01-04 07:00:00,36.542313
2020-01-04 08:00:00,98.787476
2020-01-04 09:00:00,110.202255
2020-01-04 10:00:00,55.74095
2020-01-04 11:00:00,38.917343
2020-01-04 12:00:00,28.58603
2020-01-04 13:00:00,22.724854
2020-01-04 14:00:00,23.50827
2020-01-04 15:00:00,23.653374
2020-01-04 16:00:00,24.765862
2020-01-04 17:00:00,24.154621
2020-01-04 18:00:00,22.927937
2020-01-04 19:00:00,21.795044
2020-01-04 20:00:00,20.930128
2020-01-04 21:00:00,20.086462
2020-01-04 22:00:00,18.64259
2020-01-04 23:00:00,18.264015
2020-01-05 00:00:00,17.44542
2020-01-05 01:00:00,17.015957
2020-01-05 02:00:00,17.495255
2020-01-05 03:00:00,18.74951
2020-01-05 04:00:00,20.127956
2020-01-05 05:00:00,21.235615
2020-01-05 06:00:00,22.022263
2020-01-05 07:00:00,25.203888
2020-01-05 08:00:00,69.7498
2020-01-05 09:00:00,84.01309
2020-01-05 10:00:00,60.90001
2020-01-05 11:00:00,40.856094
2020-01-05 12:00:00,39.38066
2020-01-05 13:00:00,28.869751
2020-01-05 14:00:00,18.141397
2020-01-05 15:00:00,16.2179
2020-01-05 16:00:00,15.950771
2020-01-05 17:00:00,15.894407
2020-01-05 18:00:00,15.9910965
2020-01-05 19:00:00,15.623099
2020-01-05 20:00:00,15.6281805
2020-01-05 21:00:00,15.773458
2020-01-05 22:00:00,16.499668
2020-01-05 23:00:00,15.737595
2020-01-06 00:00:00,15.312262
2020-01-06 01:00:00,15.263903
2020-01-06 02:00:00,15.4994
2020-01-06 03:00:00,16.033121
2020-01-06 04:00:00,17.315311
2020-01-06 05:00:00,18.559502
2020-01-06 06:00:00,19.860617
2020-01-06 07:00:00,27.903824
2020-01-06 08:00:00,62.94879
2020-01-06 09:00:00,103.11607
2020-01-06 10:00:00,59.72682
2020-01-06 11:00:00,65.963776
2020-01-06 12:00:00,70.64577
2020-01-06 13:00:00,40.201538
2020-01-06 14:00:00,47.746407
2020-01-06 15:00:00,29.068546
2020-01-06 16:00:00,18.589447
2020-01-06 17:00:00,13.23735
2020-01-06 18:00:00,13.691376
2020-01-06 19:00:00,17.633324
2020-01-06 20:00:00,21.969475
2020-01-06 21:00:00,22.95601
2020-01-06 22:00:00,17.120018
2020-01-06 23:00:00,12.390184
2020-01-07 00:00:00,16.695929
2020-01-07 01:00:00,19.494888
2020-01-07 02:00:00,18.922535
2020-01-07 03:00:00,15.616322
2020-01-07 04:00:00,15.139849
2020-01-07 05:00:00,28.764973
2020-01-07 06:00:00,57.645245
2020-01-07 07:00:00,104.39874
2020-01-07 08:00:00,135.32492
2020-01-07 09:00:00,137.56927
2020-01-07 10:00:00,119.56555
2020-01-07 11:00:00,90.01282
2020-01-07 12:00:00,67.84198
2020-01-07 13:00:00,68.99246
2020-01-07 14:00:00,66.92749
2020-01-07 15:00:00,66.35478
2020-01-07 16:00:00,64.08919
2020-01-07 17:00:00,62.31357
2020-01-07 18:00:00,60.087036
2020-01-07 19:00:00,60.139282
2020-01-07 20:00:00,61.2679
2020-01-07 21:00:00,58.73015
2020-01-07 22:00:00,75.30722
2020-01-07 23:00:00,56.79193
2020-01-08 00:00:00,50.98349
2020-01-08 01:00:00,55.75009
2020-01-08 02:00:00,62.033066
2020-01-08 03:00:00,66.41139
2020-01-08 04:00:00,75.278656
2020-01-08 05:00:00,81.45184
2020-01-08 06:00:00,108.431564
2020-01-08 07:00:00,164.9664
2020-01-08 08:00:00,186.08862
2020-01-08 09:00:00,197.15556
2020-01-08 10:00:00,162.07483
2020-01-08 11:00:00,137.77838
2020-01-08 12:00:00,93.13228
2020-01-08 13:00:00,75.62836
2020-01-08 14:00:00,70.840866
2020-01-08 15:00:00,57.000305
2020-01-08 16:00:00,44.964066
2020-01-08 17:00:00,36.36
2020-01-08 18:00:00,33.947372
2020-01-08 19:00:00,35.814316
2020-01-08 20:00:00,29.867737
2020-01-08 21:00:00,31.005234
2020-01-08 22:00:00,37.53224
2020-01-08 23:00:00,34.604614
2020-01-09 00:00:00,29.857925
2020-01-09 01:00:00,22.462234
2020-01-09 02:00:00,18.525497
2020-01-09 03:00:00,20.203737
2020-01-09 04:00:00,20.845173
2020-01-09 05:00:00,19.421234
2020-01-09 06:00:00,26.646057
2020-01-09 07:00:00,53.58589
2020-01-09 08:00:00,68.897156
2020-01-09 09:00:00,68.85887
2020-01-09 10:00:00,43.18921
2020-01-09 11:00:00,44.649307
2020-01-09 12:00:00,34.44893
2020-01-09 13:00:00,30.909836
2020-01-09 14:00:00,29.247879
2020-01-09 15:00:00,25.73375
2020-01-09 16:00:00,26.29486
2020-01-09 17:00:00,27.343933
2020-01-09 18:00:00,25.190186
2020-01-09 19:00:00,20.12445
2020-01-09 20:00:00,19.90862
2020-01-09 21:00:00,20.913822
2020-01-09 22:00:00,21.251762
2020-01-09 23:00:00,19.481674
2020-01-10 00:00:00,19.720516
2020-01-10 01:00:00,20.214394
2020-01-10 02:00:00,19.098888
2020-01-10 03:00:00,19.045
2020-01-10 04:00:00,19.5124
2020-01-10 05:00:00,19.775087
2020-01-10 06:00:00,21.684977
2020-01-10 07:00:00,20.059738
2020-01-10 08:00:00,25.168854
2020-01-10 09:00:00,39.869812
2020-01-10 10:00:00,43.243057
2020-01-10 11:00:00,34.835907
2020-01-10 12:00:00,32.630966
2020-01-10 13:00:00,28.367813
2020-01-10 14:00:00,23.68634
2020-01-10 15:00:00,22.649551
2020-01-10 16:00:00,22.85553
2020-01-10 17:00:00,22.343369
2020-01-10 18:00:00,22.795975
2020-01-10 19:00:00,23.976715
2020-01-10 20:00:00,23.216614
2020-01-10 21:00:00,21.548338
2020-01-10 22:00:00,20.986984
2020-01-10 23:00:00,19.449238
2020-01-11 00:00:00,18.337046
2020-01-11 01:00:00,18.722736
2020-01-11 02:00:00,19.917618
2020-01-11 03:00:00,21.459873
2020-01-11 04:00:00,23.282486
2020-01-11 05:00:00,23.081787
2020-01-11 06:00:00,23.1566
2020-01-11 07:00:00,23.659332
2020-01-11 08:00:00,38.28337
2020-01-11 09:00:00,66.49028
2020-01-11 10:00:00,71.18858
2020-01-11 11:00:00,51.96057
2020-01-11 12:00:00,42.46878
2020-01-11 13:00:00,40.64157
2020-01-11 14:00:00,36.69757
2020-01-11 15:00:00,32.1333
2020-01-11 16:00:00,23.554375
2020-01-11 17:00:00,24.290472
2020-01-11 18:00:00,31.92043
2020-01-11 19:00:00,30.094948
2020-01-11 20:00:00,29.715338
2020-01-11 21:00:00,27.908583
2020-01-11 22:00:00,27.153118
2020-01-11 23:00:00,23.024803
2020-01-12 00:00:00,21.289555
2020-01-12 01:00:00,18.508717
2020-01-12 02:00:00,23.670364
2020-01-12 03:00:00,28.092407
2020-01-12 04:00:00,26.388535
2020-01-12 05:00:00,19.003311
2020-01-12 06:00:00,62.647614
2020-01-12 07:00:00,99.52008
2020-01-12 08:00:00,124.55945
2020-01-12 09:00:00,117.66106
2020-01-12 10:00:00,73.62436
2020-01-12 11:00:00,62.206085
2020-01-12 12:00:00,35.525238
2020-01-12 13:00:00,33.79584
2020-01-12 14:00:00,28.826555
2020-01-12 15:00:00,16.699783
2020-01-12 16:00:00,13.899833
2020-01-12 17:00:00,18.748531
2020-01-12 18:00:00,27.939884
2020-01-12 19:00:00,34.94931
2020-01-12 20:00:00,34.054047
2020-01-12 21:00:00,28.62896
2020-01-12 22:00:00,28.28501
2020-01-12 23:00:00,32.333252
2020-01-13 00:00:00,26.809826
2020-01-13 01:00:00,25.269382
2020-01-13 02:00:00,27.92532
2020-01-13 03:00:00,26.531141
2020-01-13 04:00:00,26.129028
2020-01-13 05:00:00,61.475677
2020-01-13 06:00:00,110.95059
2020-01-13 07:00:00,153.06789
2020-01-13 08:00:00,187.76045
2020-01-13 09:00:00,164.79926
2020-01-13 10:00:00,134.43712
2020-01-13 11:00:00,102.24672
2020-01-13 12:00:00,81.29918
2020-01-13 13:00:00,64.21956
2020-01-13 14:00:00,46.29364
2020-01-13 15:00:00,49.893127
2020-01-13 16:00:00,33.554493
2020-01-13 17:00:00,24.909756
2020-01-13 18:00:00,32.509975
2020-01-13 19:00:00,46.228233
2020-01-13 20:00:00,44.875603
2020-01-13 21:00:00,41.317192
2020-01-13 22:00:00,52.821945
2020-01-13 23:00:00,57.978718
2020-01-14 00:00:00,45.999554
2020-01-14 01:00:00,34.711376
2020-01-14 02:00:00,27.89981
2020-01-14 03:00:00,24.519245
2020-01-14 04:00:00,35.090363
2020-01-14 05:00:00,50.172913
2020-01-14 06:00:00,94.04814
2020-01-14 07:00:00,129.53445
2020-01-14 08:00:00,145.88606
2020-01-14 09:00:00,148.39038
2020-01-14 10:00:00,134.91777
2020-01-14 11:00:00,115.955
2020-01-14 12:00:00,86.07034
2020-01-14 13:00:00,68.71651
2020-01-14 14:00:00,54.90277
2020-01-14 15:00:00,39.357346
2020-01-14 16:00:00,29.135483
2020-01-14 17:00:00,25.971527
2020-01-14 18:00:00,25.530258
2020-01-14 19:00:00,25.340958
2020-01-14 20:00:00,25.111237
2020-01-14 21:00:00,25.54979
2020-01-14 22:00:00,30.29274
2020-01-14 23:00:00,26.580124
2020-01-15 00:00:00,23.77008
2020-01-15 01:00:00,23.682648
2020-01-15 02:00:00,27.582474
2020-01-15 03:00:00,28.736115
2020-01-15 04:00:00,26.583405
2020-01-15 05:00:00,28.386887
2020-01-15 06:00:00,46.017548
2020-01-15 07:00:00,89.06676
2020-01-15 08:00:00,125.76915
2020-01-15 09:00:00,133.4952
2020-01-15 10:00:00,84.436066
2020-01-15 11:00:00,74.439606
2020-01-15 12:00:00,46.973495
2020-01-15 13:00:00,50.07773
2020-01-15 14:00:00,42.86444
2020-01-15 15:00:00,38.605515
2020-01-15 16:00:00,51.869278
2020-01-15 17:00:00,52.275513
2020-01-15 18:00:00,40.046616
2020-01-15 19:00:00,40.917404
2020-01-15 20:00:00,39.413345
2020-01-15 21:00:00,37.379517
2020-01-15 22:00:00,34.147736
2020-01-15 23:00:00,42.552185
2020-01-16 00:00:00,43.64183
2020-01-16 01:00:00,39.69748
2020-01-16 02:00:00,36.625473
2020-01-16 03:00:00,37.232483
2020-01-16 04:00:00,46.77649
2020-01-16 05:00:00,71.31343
2020-01-16 06:00:00,83.96855
2020-01-16 07:00:00,134.10979
2020-01-16 08:00:00,178.35551
2020-01-16 09:00:00,160.99579
2020-01-16 10:00:00,152.2884
2020-01-16 11:00:00,100.15723
2020-01-16 12:00:00,59.198044
2020-01-16 13:00:00,38.775833
2020-01-16 14:00:00,26.805496
2020-01-16 15:00:00,24.36766
2020-01-16 16:00:00,20.629702
2020-01-16 17:00:00,17.779419
2020-01-16 18:00:00,16.533253
2020-01-16 19:00:00,17.285473
2020-01-16 20:00:00,21.377922
2020-01-16 21:00:00,21.450218
2020-01-16 22:00:00,18.872307
2020-01-16 23:00:00,18.17525
2020-01-17 00:00:00,18.546616
2020-01-17 01:00:00,19.124008
2020-01-17 02:00:00,18.620886
2020-01-17 03:00:00,18.319824
2020-01-17 04:00:00,18.104794
2020-01-17 05:00:00,17.80717
2020-01-17 06:00:00,18.249363
2020-01-17 07:00:00,18.093964
2020-01-17 08:00:00,25.376495
2020-01-17 09:00:00,53.351807
2020-01-17 10:00:00,36.63118
2020-01-17 11:00:00,28.66838
2020-01-17 12:00:00,22.603088
2020-01-17 13:00:00,18.611738
2020-01-17 14:00:00,18.980762
2020-01-17 15:00:00,19.272268
2020-01-17 16:00:00,19.532873
2020-01-17 17:00:00,19.905567
2020-01-17 18:00:00,20.102873
2020-01-17 19:00:00,19.311125
2020-01-17 20:00:00,18.690704
2020-01-17 21:00:00,18.40545
2020-01-17 22:00:00,20.991947
2020-01-17 23:00:00,20.751245
2020-01-18 00:00:00,20.243517
2020-01-18 01:00:00,20.336102
2020-01-18 02:00:00,20.471678
2020-01-18 03:00:00,20.694008
2020-01-18 04:00:00,20.395287
2020-01-18 05:00:00,19.660496
2020-01-18 06:00:00,21.543259
2020-01-18 07:00:00,28.907576
2020-01-18 08:00:00,42.05476
2020-01-18 09:00:00,45.80928
2020-01-18 10:00:00,35.187027
2020-01-18 11:00:00,34.829987
2020-01-18 12:00:00,24.316921
2020-01-18 13:00:00,22.926533
2020-01-18 14:00:00,22.287046
2020-01-18 15:00:00,21.284586
2020-01-18 16:00:00,21.678608
2020-01-18 17:00:00,20.483734
2020-01-18 18:00:00,20.848387
2020-01-18 19:00:00,21.09985
2020-01-18 20:00:00,21.547716
2020-01-18 21:00:00,21.542114
2020-01-18 22:00:00,21.273415
2020-01-18 23:00:00,20.47209
2020-01-19 00:00:00,19.840305
2020-01-19 01:00:00,20.108408
2020-01-19 02:00:00,20.050438
2020-01-19 03:00:00,20.43467
2020-01-19 04:00:00,20.142883
2020-01-19 05:00:00,18.824825
2020-01-19 06:00:00,17.452494
2020-01-19 07:00:00,20.482506
2020-01-19 08:00:00,64.23705
2020-01-19 09:00:00,75.11592
2020-01-19 10:00:00,18.223354
2020-01-19 11:00:00,23.983578
2020-01-19 12:00:00,16.458193
2020-01-19 13:00:00,15.610309
2020-01-19 14:00:00,16.109715
2020-01-19 15:00:00,18.894154
2020-01-19 16:00:00,20.620575
2020-01-19 17:00:00,21.309902
2020-01-19 18:00:00,23.011173
2020-01-19 19:00:00,24.365284
2020-01-19 20:00:00,23.819334
2020-01-19 21:00:00,20.917564
2020-01-19 22:00:00,14.482634
2020-01-19 23:00:00,12.005882
2020-01-20 00:00:00,13.65123
2020-01-20 01:00:00,14.560681
2020-01-20 02:00:00,13.988003
2020-01-20 03:00:00,14.202774
2020-01-20 04:00:00,16.75447
2020-01-20 05:00:00,33.189407
2020-01-20 06:00:00,72.3533
2020-01-20 07:00:00,126.291245
2020-01-20 08:00:00,179.11165
2020-01-20 09:00:00,160.75946
2020-01-20 10:00:00,119.68199
2020-01-20 11:00:00,76.25925
2020-01-20 12:00:00,29.627792
2020-01-20 13:00:00,19.143902
2020-01-20 14:00:00,15.275463
2020-01-20 15:00:00,13.269515
2020-01-20 16:00:00,14.662962
2020-01-20 17:00:00,16.120865
2020-01-20 18:00:00,17.108324
2020-01-20 19:00:00,18.36995
2020-01-20 20:00:00,19.003338
2020-01-20 21:00:00,18.158243
2020-01-20 22:00:00,21.753231
2020-01-20 23:00:00,16.95552
2020-01-21 00:00:00,17.78417
2020-01-21 01:00:00,18.725264
2020-01-21 02:00:00,20.86148
2020-01-21 03:00:00,20.524323
2020-01-21 04:00:00,18.528486
2020-01-21 05:00:00,22.934029
2020-01-21 06:00:00,58.68184
2020-01-21 07:00:00,97.21538
2020-01-21 08:00:00,124.45958
2020-01-21 09:00:00,141.48462
2020-01-21 10:00:00,100.00127
2020-01-21 11:00:00,72.02312
2020-01-21 12:00:00,40.205154
2020-01-21 13:00:00,32.649216
2020-01-21 14:00:00,29.963623
2020-01-21 15:00:00,24.862549
2020-01-21 16:00:00,19.01837
2020-01-21 17:00:00,15.943751
2020-01-21 18:00:00,17.16095
2020-01-21 19:00:00,17.69017
2020-01-21 20:00:00,17.12204
2020-01-21 21:00:00,16.733856
2020-01-21 22:00:00,20.200562
2020-01-21 23:00:00,17.258877
2020-01-22 00:00:00,18.21959
2020-01-22 01:00:00,19.8788
2020-01-22 02:00:00,18.658504
2020-01-22 03:00:00,20.741924
2020-01-22 04:00:00,19.581207
2020-01-22 05:00:00,27.497784
2020-01-22 06:00:00,63.896927
2020-01-22 07:00:00,103.68547
2020-01-22 08:00:00,137.02711
2020-01-22 09:00:00,134.491
2020-01-22 10:00:00,87.33734
2020-01-22 11:00:00,82.07756
2020-01-22 12:00:00,58.96866
2020-01-22 13:00:00,45.509926
2020-01-22 14:00:00,37.759945
2020-01-22 15:00:00,30.228592
2020-01-22 16:00:00,25.886627
2020-01-22 17:00:00,26.653595
2020-01-22 18:00:00,25.99524
2020-01-22 19:00:00,23.643082
2020-01-22 20:00:00,22.08226
2020-01-22 21:00:00,22.06865
2020-01-22 22:00:00,24.332687
2020-01-22 23:00:00,23.839508
2020-01-23 00:00:00,24.642197
2020-01-23 01:00:00,26.32042
2020-01-23 02:00:00,26.045563
2020-01-23 03:00:00,25.642975
2020-01-23 04:00:00,24.08052
2020-01-23 05:00:00,28.908783
2020-01-23 06:00:00,35.30185
2020-01-23 07:00:00,64.4749
2020-01-23 08:00:00,104.232574
2020-01-23 09:00:00,103.75334
2020-01-23 10:00:00,85.81775
2020-01-23 11:00:00,53.660095
2020-01-23 12:00:00,50.691757
2020-01-23 13:00:00,48.19867
2020-01-23 14:00:00,44.185333
2020-01-23 15:00:00,43.035324
2020-01-23 16:00:00,45.30075
2020-01-23 17:00:00,50.959442
2020-01-23 18:00:00,52.4881
2020-01-23 19:00:00,50.334198
2020-01-23 20:00:00,45.80435
2020-01-23 21:00:00,41.2695
2020-01-23 22:00:00,47.149094
2020-01-23 23:00:00,41.672073
2020-01-24 00:00:00,34.460876
2020-01-24 01:00:00,32.127106
2020-01-24 02:00:00,32.345963
2020-01-24 03:00:00,33.6644
2020-01-24 04:00:00,37.808685
2020-01-24 05:00:00,55.972336
2020-01-24 06:00:00,78.59592
2020-01-24 07:00:00,87.37717
2020-01-24 08:00:00,81.12111
2020-01-24 09:00:00,72.317474
2020-01-24 10:00:00,111.1071
2020-01-24 11:00:00,289.495
2020-01-24 12:00:00,275.10693
2020-01-24 13:00:00,217.86732
2020-01-24 14:00:00,36.56736
2020-01-24 15:00:00,66.15793
2020-01-24 16:00:00,99.025055
2020-01-24 17:00:00,91.43518
2020-01-24 18:00:00,59.16452
2020-01-24 19:00:00,38.526337
2020-01-24 20:00:00,33.777603
2020-01-24 21:00:00,36.950195
2020-01-24 22:00:00,42.973846
2020-01-24 23:00:00,46.3107
2020-01-25 00:00:00,59.308304
2020-01-25 01:00:00,49.765354
2020-01-25 02:00:00,49.84458
2020-01-25 03:00:00,62.215225
2020-01-25 04:00:00,90.70421
2020-01-25 05:00:00,181.72589
2020-01-25 06:00:00,258.9439
2020-01-25 07:00:00,226.32512
2020-01-25 08:00:00,226.89796
2020-01-25 09:00:00,239.03972
2020-01-25 10:00:00,193.63708
2020-01-25 11:00:00,152.43726
2020-01-25 12:00:00,91.89719
2020-01-25 13:00:00,80.98685
2020-01-25 14:00:00,105.28989
2020-01-25 15:00:00,69.80211
2020-01-25 16:00:00,58.437073
2020-01-25 17:00:00,40.68784
2020-01-25 18:00:00,38.268463
2020-01-25 19:00:00,59.343826
2020-01-25 20:00:00,85.32924
2020-01-25 21:00:00,114.31189
2020-01-25 22:00:00,116.471985
2020-01-25 23:00:00,115.234344
2020-01-26 00:00:00,101.185104
2020-01-26 01:00:00,65.66049
2020-01-26 02:00:00,65.504974
2020-01-26 03:00:00,63.938705
2020-01-26 04:00:00,69.13074
2020-01-26 05:00:00,89.61055
2020-01-26 06:00:00,126.95108
2020-01-26 07:00:00,165.00157
2020-01-26 08:00:00,181.2729
2020-01-26 09:00:00,178.31117
2020-01-26 10:00:00,127.12033
2020-01-26 11:00:00,79.97002
2020-01-26 12:00:00,44.215088
2020-01-26 13:00:00,32.445496
2020-01-26 14:00:00,34.85742
2020-01-26 15:00:00,36.28952
2020-01-26 16:00:00,42.905273
2020-01-26 17:00:00,42.31282
2020-01-26 18:00:00,40.183456
2020-01-26 19:00:00,37.561264
2020-01-26 20:00:00,42.05179
2020-01-26 21:00:00,83.44188
2020-01-26 22:00:00,66.805115
2020-01-26 23:00:00,56.297165
2020-01-27 00:00:00,24.563019
2020-01-27 01:00:00,21.325455
2020-01-27 02:00:00,23.02301
2020-01-27 03:00:00,33.866837
2020-01-27 04:00:00,50.85077
2020-01-27 05:00:00,57.36583
2020-01-27 06:00:00,65.331665
2020-01-27 07:00:00,95.1756
2020-01-27 08:00:00,135.89885
2020-01-27 09:00:00,163.25194
2020-01-27 10:00:00,167.96785
2020-01-27 11:00:00,199.45595
2020-01-27 12:00:00,151.08337
2020-01-27 13:00:00,105.625244
2020-01-27 14:00:00,64.56029
2020-01-27 15:00:00,57.856277
2020-01-27 16:00:00,50.16687
2020-01-27 17:00:00,44.335236
2020-01-27 18:00:00,48.71675
2020-01-27 19:00:00,58.687363
2020-01-27 20:00:00,69.4592
2020-01-27 21:00:00,87.15149
2020-01-27 22:00:00,89.08203
2020-01-27 23:00:00,113.223526
2020-01-28 00:00:00,103.9848
2020-01-28 01:00:00,82.47301
2020-01-28 02:00:00,56.599503
2020-01-28 03:00:00,49.65471
2020-01-28 04:00:00,48.191925
2020-01-28 05:00:00,54.672928
2020-01-28 06:00:00,73.38408
2020-01-28 07:00:00,130.30971
2020-01-28 08:00:00,147.85725
2020-01-28 09:00:00,136.27505
2020-01-28 10:00:00,128.13425
2020-01-28 11:00:00,105.478516
2020-01-28 12:00:00,65.84383
2020-01-28 13:00:00,45.723557
2020-01-28 14:00:00,35.924545
2020-01-28 15:00:00,33.25107
2020-01-28 16:00:00,32.036118
2020-01-28 17:00:00,25.812195
2020-01-28 18:00:00,19.760056
2020-01-28 19:00:00,19.667236
2020-01-28 20:00:00,20.109932
2020-01-28 21:00:00,21.47987
2020-01-28 22:00:00,26.106522
2020-01-28 23:00:00,20.645384
2020-01-29 00:00:00,17.571648
2020-01-29 01:00:00,17.342976
2020-01-29 02:00:00,19.126608
2020-01-29 03:00:00,18.340242
2020-01-29 04:00:00,19.440928
2020-01-29 05:00:00,17.297848
2020-01-29 06:00:00,23.4057
2020-01-29 07:00:00,42.52418
2020-01-29 08:00:00,54.68445
2020-01-29 09:00:00,65.024124
2020-01-29 10:00:00,80.09366
2020-01-29 11:00:00,45.61464
2020-01-29 12:00:00,24.79523
2020-01-29 13:00:00,23.37704
2020-01-29 14:00:00,23.486385
2020-01-29 15:00:00,22.161549
2020-01-29 16:00:00,21.149605
2020-01-29 17:00:00,19.946419
2020-01-29 18:00:00,19.704226
2020-01-29 19:00:00,19.149689
2020-01-29 20:00:00,18.673132
2020-01-29 21:00:00,19.60672
2020-01-29 22:00:00,20.12488
2020-01-29 23:00:00,21.265614
2020-01-30 00:00:00,21.429127
2020-01-30 01:00:00,20.654305
2020-01-30 02:00:00,19.59843
2020-01-30 03:00:00,19.110424
2020-01-30 04:00:00,19.493187
2020-01-30 05:00:00,20.83392
2020-01-30 06:00:00,25.694504
2020-01-30 07:00:00,34.07512
2020-01-30 08:00:00,42.40851
2020-01-30 09:00:00,43.016174
2020-01-30 10:00:00,29.734894
2020-01-30 11:00:00,24.93901
2020-01-30 12:00:00,24.44852
2020-01-30 13:00:00,24.861267
2020-01-30 14:00:00,24.594372
2020-01-30 15:00:00,23.453468
2020-01-30 16:00:00,21.202377
2020-01-30 17:00:00,19.674728
2020-01-30 18:00:00,18.998398
2020-01-30 19:00:00,18.709023
2020-01-30 20:00:00,18.556152
2020-01-30 21:00:00,18.569992
2020-01-30 22:00:00,18.84469
2020-01-30 23:00:00,18.65992
2020-01-31 00:00:00,18.561378
2020-01-31 01:00:00,18.893663
2020-01-31 02:00:00,18.773258
2020-01-31 03:00:00,18.852837
2020-01-31 04:00:00,18.677725
2020-01-31 05:00:00,19.024555
2020-01-31 06:00:00,21.83871
2020-01-31 07:00:00,61.00865
2020-01-31 08:00:00,91.98128
2020-01-31 09:00:00,90.60487
2020-01-31 10:00:00,75.72597
2020-01-31 11:00:00,54.725174
2020-01-31 12:00:00,28.620247
2020-01-31 13:00:00,23.015633
2020-01-31 14:00:00,22.596584
2020-01-31 15:00:00,22.023819
2020-01-31 16:00:00,21.873333
2020-01-31 17:00:00,21.906109
2020-01-31 18:00:00,21.732517
2020-01-31 19:00:00,21.19754
2020-01-31 20:00:00,20.600748
2020-01-31 21:00:00,19.76867
2020-01-31 22:00:00,21.668522
2020-01-31 23:00:00,20.31499
2020-02-01 00:00:00,19.489609
2020-02-01 01:00:00,18.827305
2020-02-01 02:00:00,18.698498
2020-02-01 03:00:00,19.139233
2020-02-01 04:00:00,19.632933
2020-02-01 05:00:00,19.853188
2020-02-01 06:00:00,20.504879
2020-02-01 07:00:00,20.010956
2020-02-01 08:00:00,33.10486
2020-02-01 09:00:00,73.32359
2020-02-01 10:00:00,55.617676
2020-02-01 11:00:00,40.721558
2020-02-01 12:00:00,33.686584
2020-02-01 13:00:00,27.282784
2020-02-01 14:00:00,23.92654
2020-02-01 15:00:00,22.90052
2020-02-01 16:00:00,22.029585
2020-02-01 17:00:00,21.514973
2020-02-01 18:00:00,21.08002
2020-02-01 19:00:00,21.139868
2020-02-01 20:00:00,21.095322
2020-02-01 21:00:00,21.068394
2020-02-01 22:00:00,21.578451
2020-02-01 23:00:00,21.257065
2020-02-02 00:00:00,20.83361
2020-02-02 01:00:00,20.381996
2020-02-02 02:00:00,20.27474
2020-02-02 03:00:00,20.467112
2020-02-02 04:00:00,20.990086
2020-02-02 05:00:00,20.975185
2020-02-02 06:00:00,21.364298
2020-02-02 07:00:00,22.113586
2020-02-02 08:00:00,28.381836
2020-02-02 09:00:00,61.261414
2020-02-02 10:00:00,55.43393
2020-02-02 11:00:00,43.627914
2020-02-02 12:00:00,30.881987
2020-02-02 13:00:00,25.258606
2020-02-02 14:00:00,22.850994
2020-02-02 15:00:00,22.934515
2020-02-02 16:00:00,22.730679
2020-02-02 17:00:00,23.123714
2020-02-02 18:00:00,23.107746
2020-02-02 19:00:00,22.783775
2020-02-02 20:00:00,21.99575
2020-02-02 21:00:00,21.75122
2020-02-02 22:00:00,21.23611
2020-02-02 23:00:00,20.720139
2020-02-03 00:00:00,21.038418
2020-02-03 01:00:00,21.214724
2020-02-03 02:00:00,21.45914
2020-02-03 03:00:00,21.279816
2020-02-03 04:00:00,21.257776
2020-02-03 05:00:00,21.29449
2020-02-03 06:00:00,20.88638
2020-02-03 07:00:00,27.42538
2020-02-03 08:00:00,113.13518
2020-02-03 09:00:00,146.36455
2020-02-03 10:00:00,142.13734
2020-02-03 11:00:00,140.63055
2020-02-03 12:00:00,119.02278
2020-02-03 13:00:00,72.77902
2020-02-03 14:00:00,34.01533
2020-02-03 15:00:00,21.964115
2020-02-03 16:00:00,23.076347
2020-02-03 17:00:00,30.525835
2020-02-03 18:00:00,36.139416
2020-02-03 19:00:00,31.057537
2020-02-03 20:00:00,24.127918
2020-02-03 21:00:00,25.120098
2020-02-03 22:00:00,28.241913
2020-02-03 23:00:00,24.237259
2020-02-04 00:00:00,21.683205
2020-02-04 01:00:00,21.972124
2020-02-04 02:00:00,21.935343
2020-02-04 03:00:00,20.58548
2020-02-04 04:00:00,22.318546
2020-02-04 05:00:00,30.867313
2020-02-04 06:00:00,62.353516
2020-02-04 07:00:00,161.12216
2020-02-04 08:00:00,208.68402
2020-02-04 09:00:00,219.89807
2020-02-04 10:00:00,194.61041
2020-02-04 11:00:00,85.074554
2020-02-04 12:00:00,40.371048
2020-02-04 13:00:00,22.25415
2020-02-04 14:00:00,17.936172
2020-02-04 15:00:00,18.828903
2020-02-04 16:00:00,21.958954
2020-02-04 17:00:00,21.732216
2020-02-04 18:00:00,23.11707
2020-02-04 19:00:00,22.332815
2020-02-04 20:00:00,21.158745
2020-02-04 21:00:00,20.505367
2020-02-04 22:00:00,20.42101
2020-02-04 23:00:00,19.294182
2020-02-05 00:00:00,19.531275
2020-02-05 01:00:00,19.797775
2020-02-05 02:00:00,20.056461
2020-02-05 03:00:00,20.374954
2020-02-05 04:00:00,21.485506
2020-02-05 05:00:00,20.633902
2020-02-05 06:00:00,22.479736
2020-02-05 07:00:00,70.82771
2020-02-05 08:00:00,130.58398
2020-02-05 09:00:00,98.74922
2020-02-05 10:00:00,62.646484
2020-02-05 11:00:00,33.105362
2020-02-05 12:00:00,24.19881
2020-02-05 13:00:00,23.484589
2020-02-05 14:00:00,21.771069
2020-02-05 15:00:00,20.565731
2020-02-05 16:00:00,20.655739
2020-02-05 17:00:00,20.9037
2020-02-05 18:00:00,20.510336
2020-02-05 19:00:00,20.036583
2020-02-05 20:00:00,19.604488
2020-02-05 21:00:00,20.004566
2020-02-05 22:00:00,17.961666
2020-02-05 23:00:00,20.001474
2020-02-06 00:00:00,20.914822
2020-02-06 01:00:00,21.648663
2020-02-06 02:00:00,21.811022
2020-02-06 03:00:00,21.923336
2020-02-06 04:00:00,20.17851
2020-02-06 05:00:00,49.755676
2020-02-06 06:00:00,361.7135
2020-02-06 07:00:00,401.42212
2020-02-06 08:00:00,385.22705
2020-02-06 09:00:00,341.3474
2020-02-06 10:00:00,226.51068
2020-02-06 11:00:00,98.84068
2020-02-06 12:00:00,57.939743
2020-02-06 13:00:00,32.61064
2020-02-06 14:00:00,30.578201
2020-02-06 15:00:00,29.408035
2020-02-06 16:00:00,26.908554
2020-02-06 17:00:00,26.907562
2020-02-06 18:00:00,26.68277
2020-02-06 19:00:00,26.095581
2020-02-06 20:00:00,24.55835
2020-02-06 21:00:00,24.618057
2020-02-06 22:00:00,24.23146
2020-02-06 23:00:00,24.421722
2020-02-07 00:00:00,25.738073
2020-02-07 01:00:00,27.128155
2020-02-07 02:00:00,29.352097
2020-02-07 03:00:00,30.95369
2020-02-07 04:00:00,32.465897
2020-02-07 05:00:00,37.50641
2020-02-07 06:00:00,50.353195
2020-02-07 07:00:00,73.955505
2020-02-07 08:00:00,107.638794
2020-02-07 09:00:00,116.190994
2020-02-07 10:00:00,91.580475
2020-02-07 11:00:00,67.967834
2020-02-07 12:00:00,58.468323
2020-02-07 13:00:00,50.900238
2020-02-07 14:00:00,43.041748
2020-02-07 15:00:00,36.703842
2020-02-07 16:00:00,30.528244
2020-02-07 17:00:00,34.82544
2020-02-07 18:00:00,36.821808
2020-02-07 19:00:00,34.96013
2020-02-07 20:00:00,32.708603
2020-02-07 21:00:00,31.76094
2020-02-07 22:00:00,35.06813
2020-02-07 23:00:00,32.18805
2020-02-08 00:00:00,30.835022
2020-02-08 01:00:00,30.313843
2020-02-08 02:00:00,30.335007
2020-02-08 03:00:00,29.916336
2020-02-08 04:00:00,28.94603
2020-02-08 05:00:00,32.924072
2020-02-08 06:00:00,63.586807
2020-02-08 07:00:00,85.773605
2020-02-08 08:00:00,95.10477
2020-02-08 09:00:00,101.425934
2020-02-08 10:00:00,96.02783
2020-02-08 11:00:00,69.28131
2020-02-08 12:00:00,54.806458
2020-02-08 13:00:00,46.11679
2020-02-08 14:00:00,37.66266
2020-02-08 15:00:00,29.36493
2020-02-08 16:00:00,28.262909
2020-02-08 17:00:00,28.554413
2020-02-08 18:00:00,26.842087
2020-02-08 19:00:00,26.516922
2020-02-08 20:00:00,26.854477
2020-02-08 21:00:00,26.904877
2020-02-08 22:00:00,28.234253
2020-02-08 23:00:00,28.105957
2020-02-09 00:00:00,27.907257
2020-02-09 01:00:00,28.429016
2020-02-09 02:00:00,29.636719
2020-02-09 03:00:00,30.995407
2020-02-09 04:00:00,33.319122
2020-02-09 05:00:00,36.395844
2020-02-09 06:00:00,60.981262
2020-02-09 07:00:00,103.144806
2020-02-09 08:00:00,130.87834
2020-02-09 09:00:00,142.10382
2020-02-09 10:00:00,116.78967
2020-02-09 11:00:00,115.90314
2020-02-09 12:00:00,67.666534
2020-02-09 13:00:00,53.837723
2020-02-09 14:00:00,51.262573
2020-02-09 15:00:00,32.844772
2020-02-09 16:00:00,350.41602
2020-02-09 17:00:00,64.11333
2020-02-09 18:00:00,69.977005
2020-02-09 19:00:00,72.85162
2020-02-09 20:00:00,70.059814
2020-02-09 21:00:00,76.27023
2020-02-09 22:00:00,83.66118
2020-02-09 23:00:00,76.61301
2020-02-10 00:00:00,79.242966
2020-02-10 01:00:00,83.478
2020-02-10 02:00:00,79.63747
2020-02-10 03:00:00,75.20589
2020-02-10 04:00:00,89.280106
2020-02-10 05:00:00,114.71472
2020-02-10 06:00:00,188.50262
2020-02-10 07:00:00,262.08395
2020-02-10 08:00:00,314.63098
2020-02-10 09:00:00,308.66357
2020-02-10 10:00:00,273.6338
2020-02-10 11:00:00,186.2428
2020-02-10 12:00:00,142.17465
2020-02-10 13:00:00,124.38045
2020-02-10 14:00:00,148.76602
2020-02-10 15:00:00,139.99852
2020-02-10 16:00:00,104.2836
2020-02-10 17:00:00,72.83537
2020-02-10 18:00:00,86.57387
2020-02-10 19:00:00,87.43153
2020-02-10 20:00:00,93.90228
2020-02-10 21:00:00,93.6525
2020-02-10 22:00:00,87.32039
2020-02-10 23:00:00,86.04828
2020-02-11 00:00:00,73.78212
2020-02-11 01:00:00,67.87105
2020-02-11 02:00:00,82.09773
2020-02-11 03:00:00,81.238235
2020-02-11 04:00:00,112.22046
2020-02-11 05:00:00,143.93497
2020-02-11 06:00:00,175.82869
2020-02-11 07:00:00,207.63538
2020-02-11 08:00:00,237.15211
2020-02-11 09:00:00,238.85622
2020-02-11 10:00:00,188.42761
2020-02-11 11:00:00,121.19998
2020-02-11 12:00:00,55.520096
2020-02-11 13:00:00,35.925613
2020-02-11 14:00:00,31.828583
2020-02-11 15:00:00,26.091614
2020-02-11 16:00:00,24.32103
2020-02-11 17:00:00,28.084457
2020-02-11 18:00:00,29.444275
2020-02-11 19:00:00,28.414246
2020-02-11 20:00:00,27.308212
2020-02-11 21:00:00,26.771103
2020-02-11 22:00:00,33.089676
2020-02-11 23:00:00,36.50493
2020-02-12 00:00:00,33.16014
2020-02-12 01:00:00,37.229904
2020-02-12 02:00:00,36.526672
2020-02-12 03:00:00,34.166885
2020-02-12 04:00:00,34.25534
2020-02-12 05:00:00,34.2464
2020-02-12 06:00:00,38.507294
2020-02-12 07:00:00,71.61165
2020-02-12 08:00:00,108.79367
2020-02-12 09:00:00,156.43973
2020-02-12 10:00:00,98.06827
2020-02-12 11:00:00,108.94211
2020-02-12 12:00:00,61.027847
2020-02-12 13:00:00,38.783173
2020-02-12 14:00:00,35.408783
2020-02-12 15:00:00,31.655258
2020-02-12 16:00:00,26.69629
2020-02-12 17:00:00,26.225418
2020-02-12 18:00:00,34.158665
2020-02-12 19:00:00,70.46675
2020-02-12 20:00:00,79.706955
2020-02-12 21:00:00,103.408646
2020-02-12 22:00:00,66.69052
2020-02-12 23:00:00,45.43814
2020-02-13 00:00:00,28.193062
2020-02-13 01:00:00,27.678219
2020-02-13 02:00:00,32.312904
2020-02-13 03:00:00,28.722183
2020-02-13 04:00:00,83.15843
2020-02-13 05:00:00,124.32922
2020-02-13 06:00:00,138.94742
2020-02-13 07:00:00,179.97723
2020-02-13 08:00:00,243.36511
2020-02-13 09:00:00,214.75484
2020-02-13 10:00:00,198.57288
2020-02-13 11:00:00,138.45253
2020-02-13 12:00:00,98.54091
2020-02-13 13:00:00,69.61249
2020-02-13 14:00:00,56.56154
2020-02-13 15:00:00,58.14975
2020-02-13 16:00:00,41.54648
2020-02-13 17:00:00,25.42836
2020-02-13 18:00:00,37.563248
2020-02-13 19:00:00,34.920715
2020-02-13 20:00:00,24.95514
2020-02-13 21:00:00,23.846573
2020-02-13 22:00:00,25.553436
2020-02-13 23:00:00,29.16954
2020-02-14 00:00:00,24.357986
2020-02-14 01:00:00,28.922623
2020-02-14 02:00:00,25.74263
2020-02-14 03:00:00,27.34021
2020-02-14 04:00:00,38.82527
2020-02-14 05:00:00,79.558975
2020-02-14 06:00:00,145.16757
2020-02-14 07:00:00,167.71106
2020-02-14 08:00:00,209.20535
2020-02-14 09:00:00,230.38188
2020-02-14 10:00:00,224.97575
2020-02-14 11:00:00,112.57445
2020-02-14 12:00:00,52.3347
2020-02-14 13:00:00,45.081314
2020-02-14 14:00:00,51.6147
2020-02-14 15:00:00,46.93779
2020-02-14 16:00:00,37.61203
2020-02-14 17:00:00,31.583054
2020-02-14 18:00:00,27.559479
2020-02-14 19:00:00,22.488327
2020-02-14 20:00:00,21.42703
2020-02-14 21:00:00,20.706661
2020-02-14 22:00:00,21.66159
2020-02-14 23:00:00,21.900818
2020-02-15 00:00:00,21.063156
2020-02-15 01:00:00,21.030437
2020-02-15 02:00:00,21.18652
2020-02-15 03:00:00,21.09908
2020-02-15 04:00:00,21.124695
2020-02-15 05:00:00,23.244797
2020-02-15 06:00:00,85.078705
2020-02-15 07:00:00,142.07819
2020-02-15 08:00:00,165.95348
2020-02-15 09:00:00,167.83392
2020-02-15 10:00:00,154.29707
2020-02-15 11:00:00,59.437088
2020-02-15 12:00:00,27.44841
2020-02-15 13:00:00,30.612202
2020-02-15 14:00:00,37.77793
2020-02-15 15:00:00,51.972263
2020-02-15 16:00:00,80.379
2020-02-15 17:00:00,268.17822
2020-02-15 18:00:00,273.06482
2020-02-15 19:00:00,41.58943
2020-02-15 20:00:00,30.188187
2020-02-15 21:00:00,53.714836
2020-02-15 22:00:00,63.794235
2020-02-15 23:00:00,109.25795
2020-02-16 00:00:00,120.48044
2020-02-16 01:00:00,102.89397
2020-02-16 02:00:00,104.75838
2020-02-16 03:00:00,103.44673
2020-02-16 04:00:00,166.07652
2020-02-16 05:00:00,262.01135
2020-02-16 06:00:00,326.6123
2020-02-16 07:00:00,430.55737
2020-02-16 08:00:00,516.15063
2020-02-16 09:00:00,459.48975
2020-02-16 10:00:00,378.5327
2020-02-16 11:00:00,276.58472
2020-02-16 12:00:00,101.95047
2020-02-16 13:00:00,56.14418
2020-02-16 14:00:00,47.96698
2020-02-16 15:00:00,46.13344
2020-02-16 16:00:00,44.911575
2020-02-16 17:00:00,40.248383
2020-02-16 18:00:00,33.537354
2020-02-16 19:00:00,29.733124
2020-02-16 20:00:00,28.432587
2020-02-16 21:00:00,29.489319
2020-02-16 22:00:00,33.666428
2020-02-16 23:00:00,38.6131
2020-02-17 00:00:00,52.58705
2020-02-17 01:00:00,44.217453
2020-02-17 02:00:00,36.846455
2020-02-17 03:00:00,31.182083
2020-02-17 04:00:00,48.051468
2020-02-17 05:00:00,81.88982
2020-02-17 06:00:00,133.10458
2020-02-17 07:00:00,172.42358
2020-02-17 08:00:00,210.71776
2020-02-17 09:00:00,235.60251
2020-02-17 10:00:00,214.69812
2020-02-17 11:00:00,150.28737
2020-02-17 12:00:00,81.38937
2020-02-17 13:00:00,44.926987
2020-02-17 14:00:00,35.277252
2020-02-17 15:00:00,34.41272
2020-02-17 16:00:00,32.20662
2020-02-17 17:00:00,31.437302
2020-02-17 18:00:00,32.07405
2020-02-17 19:00:00,35.306915
2020-02-17 20:00:00,42.041702
2020-02-17 21:00:00,47.703445
2020-02-17 22:00:00,40.977615
2020-02-17 23:00:00,54.536697
2020-02-18 00:00:00,60.37755
2020-02-18 01:00:00,63.820923
2020-02-18 02:00:00,61.718536
2020-02-18 03:00:00,59.441795
2020-02-18 04:00:00,94.306305
2020-02-18 05:00:00,139.91365
2020-02-18 06:00:00,199.97475
2020-02-18 07:00:00,248.67972
2020-02-18 08:00:00,276.78864
2020-02-18 09:00:00,277.03333
2020-02-18 10:00:00,291.52176
2020-02-18 11:00:00,268.02942
2020-02-18 12:00:00,213.60486
2020-02-18 13:00:00,172.74841
2020-02-18 14:00:00,164.1134
2020-02-18 15:00:00,132.95322
2020-02-18 16:00:00,105.68884
2020-02-18 17:00:00,51.25656
2020-02-18 18:00:00,19.214066
2020-02-18 19:00:00,15.74018
2020-02-18 20:00:00,17.618713
2020-02-18 21:00:00,18.600328
2020-02-18 22:00:00,18.064041
2020-02-18 23:00:00,15.192997
2020-02-19 00:00:00,15.622383
2020-02-19 01:00:00,17.33854
2020-02-19 02:00:00,19.554718
2020-02-19 03:00:00,20.142748
2020-02-19 04:00:00,18.335865
2020-02-19 05:00:00,51.70671
2020-02-19 06:00:00,102.19232
2020-02-19 07:00:00,131.94562
2020-02-19 08:00:00,163.12431
2020-02-19 09:00:00,160.77576
2020-02-19 10:00:00,174.99866
2020-02-19 11:00:00,130.51543
2020-02-19 12:00:00,47.960587
2020-02-19 13:00:00,20.401093
2020-02-19 14:00:00,15.454484
2020-02-19 15:00:00,14.994876
2020-02-19 16:00:00,17.545279
2020-02-19 17:00:00,21.276287
2020-02-19 18:00:00,22.856335
2020-02-19 19:00:00,20.789757
2020-02-19 20:00:00,18.872944
2020-02-19 21:00:00,20.107761
2020-02-19 22:00:00,20.588608
2020-02-19 23:00:00,21.115194
2020-02-20 00:00:00,20.94121
2020-02-20 01:00:00,20.847351
2020-02-20 02:00:00,20.740932
2020-02-20 03:00:00,20.743067
2020-02-20 04:00:00,20.077457
2020-02-20 05:00:00,18.567822
2020-02-20 06:00:00,27.586992
2020-02-20 07:00:00,43.210026
2020-02-20 08:00:00,50.928604
2020-02-20 09:00:00,53.80873
2020-02-20 10:00:00,36.50688
2020-02-20 11:00:00,29.070404
2020-02-20 12:00:00,24.766586
2020-02-20 13:00:00,25.018948
2020-02-20 14:00:00,22.115414
2020-02-20 15:00:00,19.433895
2020-02-20 16:00:00,18.909607
2020-02-20 17:00:00,18.099403
2020-02-20 18:00:00,19.161184
2020-02-20 19:00:00,20.786024
2020-02-20 20:00:00,20.820019
2020-02-20 21:00:00,20.117903
2020-02-20 22:00:00,22.247442
2020-02-20 23:00:00,21.282398
2020-02-21 00:00:00,21.140112
2020-02-21 01:00:00,20.611128
2020-02-21 02:00:00,20.202085
2020-02-21 03:00:00,20.321712
2020-02-21 04:00:00,20.815077
2020-02-21 05:00:00,22.569519
2020-02-21 06:00:00,28.265717
2020-02-21 07:00:00,25.02211
2020-02-21 08:00:00,49.975067
2020-02-21 09:00:00,93.627945
2020-02-21 10:00:00,77.971466
2020-02-21 11:00:00,58.05162
2020-02-21 12:00:00,36.654343
2020-02-21 13:00:00,22.034143
2020-02-21 14:00:00,18.586128
2020-02-21 15:00:00,19.736376
2020-02-21 16:00:00,21.715816
2020-02-21 17:00:00,21.029129
2020-02-21 18:00:00,20.681873
2020-02-21 19:00:00,21.291496
2020-02-21 20:00:00,20.833546
2020-02-21 21:00:00,20.416035
2020-02-21 22:00:00,20.988142
2020-02-21 23:00:00,23.570456
2020-02-22 00:00:00,28.03254
2020-02-22 01:00:00,29.388943
2020-02-22 02:00:00,26.71523
2020-02-22 03:00:00,25.467121
2020-02-22 04:00:00,24.985458
2020-02-22 05:00:00,23.16977
2020-02-22 06:00:00,58.23842
2020-02-22 07:00:00,275.6729
2020-02-22 08:00:00,389.03323
2020-02-22 09:00:00,331.09164
2020-02-22 10:00:00,233.53293
2020-02-22 11:00:00,184.4462
2020-02-22 12:00:00,118.1418
2020-02-22 13:00:00,104.49768
2020-02-22 14:00:00,111.32216
2020-02-22 15:00:00,103.26082
2020-02-22 16:00:00,89.174255
2020-02-22 17:00:00,91.54167
2020-02-22 18:00:00,87.319626
2020-02-22 19:00:00,72.741425
2020-02-22 20:00:00,63.790024
2020-02-22 21:00:00,63.136322
2020-02-22 22:00:00,61.01175
2020-02-22 23:00:00,90.34625
2020-02-23 00:00:00,73.627945
2020-02-23 01:00:00,69.1646
2020-02-23 02:00:00,61.822067
2020-02-23 03:00:00,66.10237
2020-02-23 04:00:00,85.683
2020-02-23 05:00:00,102.35666
2020-02-23 06:00:00,128.92865
2020-02-23 07:00:00,165.53586
2020-02-23 08:00:00,198.34503
2020-02-23 09:00:00,198.08522
2020-02-23 10:00:00,158.06877
2020-02-23 11:00:00,115.94954
2020-02-23 12:00:00,56.776123
2020-02-23 13:00:00,35.44818
2020-02-23 14:00:00,37.71219
2020-02-23 15:00:00,38.503418
2020-02-23 16:00:00,33.83177
2020-02-23 17:00:00,33.130203
2020-02-23 18:00:00,31.310364
2020-02-23 19:00:00,32.229996
2020-02-23 20:00:00,33.180298
2020-02-23 21:00:00,31.545826
2020-02-23 22:00:00,26.019901
2020-02-23 23:00:00,32.665756
2020-02-24 00:00:00,24.760529
2020-02-24 01:00:00,23.52903
2020-02-24 02:00:00,22.553051
2020-02-24 03:00:00,21.684649
2020-02-24 04:00:00,19.810146
2020-02-24 05:00:00,16.847572
2020-02-24 06:00:00,122.080475
2020-02-24 07:00:00,207.3073
2020-02-24 08:00:00,226.97104
2020-02-24 09:00:00,248.17871
2020-02-24 10:00:00,139.11781
2020-02-24 11:00:00,123.08031
2020-02-24 12:00:00,113.72188
2020-02-24 13:00:00,112.32329
2020-02-24 14:00:00,83.34474
2020-02-24 15:00:00,40.691498
2020-02-24 16:00:00,43.724075
2020-02-24 17:00:00,53.7919
2020-02-24 18:00:00,41.888947
2020-02-24 19:00:00,34.295563
2020-02-24 20:00:00,23.57515
2020-02-24 21:00:00,21.674225
2020-02-24 22:00:00,40.236435
2020-02-24 23:00:00,29.245483
2020-02-25 00:00:00,25.237785
2020-02-25 01:00:00,24.715958
2020-02-25 02:00:00,23.601181
2020-02-25 03:00:00,27.900177
2020-02-25 04:00:00,38.44969
2020-02-25 05:00:00,102.03223
2020-02-25 06:00:00,252.24928
2020-02-25 07:00:00,345.08044
2020-02-25 08:00:00,414.88916
2020-02-25 09:00:00,397.10034
2020-02-25 10:00:00,274.31958
2020-02-25 11:00:00,131.79999
2020-02-25 12:00:00,47.394485
2020-02-25 13:00:00,31.051102
2020-02-25 14:00:00,37.321716
2020-02-25 15:00:00,34.59738
2020-02-25 16:00:00,43.348618
2020-02-25 17:00:00,42.274704
2020-02-25 18:00:00,45.313477
2020-02-25 19:00:00,45.753204
2020-02-25 20:00:00,45.761917
2020-02-25 21:00:00,45.450058
2020-02-25 22:00:00,36.192734
2020-02-25 23:00:00,36.516907
2020-02-26 00:00:00,41.72699
2020-02-26 01:00:00,44.28192
2020-02-26 02:00:00,44.69052
2020-02-26 03:00:00,51.366074
2020-02-26 04:00:00,62.165863
2020-02-26 05:00:00,88.46036
2020-02-26 06:00:00,126.83595
2020-02-26 07:00:00,186.35753
2020-02-26 08:00:00,239.54886
2020-02-26 09:00:00,234.89665
2020-02-26 10:00:00,253.75464
2020-02-26 11:00:00,158.5758
2020-02-26 12:00:00,85.62686
2020-02-26 13:00:00,66.24614
2020-02-26 14:00:00,56.111404
2020-02-26 15:00:00,49.19258
2020-02-26 16:00:00,50.240234
2020-02-26 17:00:00,53.64099
2020-02-26 18:00:00,56.531433
2020-02-26 19:00:00,70.20963
2020-02-26 20:00:00,74.88563
2020-02-26 21:00:00,162.22054
2020-02-26 22:00:00,161.31247
2020-02-26 23:00:00,253.78955
2020-02-27 00:00:00,264.25305
2020-02-27 01:00:00,195.56721
2020-02-27 02:00:00,143.44885
2020-02-27 03:00:00,124.67728
2020-02-27 04:00:00,132.46962
2020-02-27 05:00:00,159.5752
2020-02-27 06:00:00,171.4162
2020-02-27 07:00:00,191.61397
2020-02-27 08:00:00,163.61221
2020-02-27 09:00:00,157.06813
2020-02-27 10:00:00,131.49756
2020-02-27 11:00:00,135.31734
2020-02-27 12:00:00,99.08342
2020-02-27 13:00:00,55.10785
2020-02-27 14:00:00,46.210266
2020-02-27 15:00:00,40.36949
2020-02-27 16:00:00,36.7433
2020-02-27 17:00:00,27.029406
2020-02-27 18:00:00,28.747128
2020-02-27 19:00:00,22.66939
2020-02-27 20:00:00,18.71124
2020-02-27 21:00:00,18.894855
2020-02-27 22:00:00,15.60927
2020-02-27 23:00:00,17.01139
2020-02-28 00:00:00,15.623012
2020-02-28 01:00:00,15.059032
2020-02-28 02:00:00,15.179268
2020-02-28 03:00:00,17.24956
2020-02-28 04:00:00,15.266436
2020-02-28 05:00:00,91.6228
2020-02-28 06:00:00,296.3531
2020-02-28 07:00:00,348.84775
2020-02-28 08:00:00,361.4629
2020-02-28 09:00:00,362.33398
2020-02-28 10:00:00,294.76382
2020-02-28 11:00:00,243.72388
2020-02-28 12:00:00,74.28
2020-02-28 13:00:00,17.656284
2020-02-28 14:00:00,12.710433
2020-02-28 15:00:00,17.824501
2020-02-28 16:00:00,19.976204
2020-02-28 17:00:00,21.640545
2020-02-28 18:00:00,21.012085
2020-02-28 19:00:00,21.27018
2020-02-28 20:00:00,19.99697
2020-02-28 21:00:00,19.957401
2020-02-28 22:00:00,18.460548
2020-02-28 23:00:00,18.132294
2020-02-29 00:00:00,17.667707
2020-02-29 01:00:00,16.811502
2020-02-29 02:00:00,15.433833
2020-02-29 03:00:00,15.2060795
2020-02-29 04:00:00,17.130358
2020-02-29 05:00:00,80.17975
2020-02-29 06:00:00,188.79967
2020-02-29 07:00:00,286.39532
2020-02-29 08:00:00,370.37842
2020-02-29 09:00:00,400.90826
2020-02-29 10:00:00,204.57108
2020-02-29 11:00:00,118.90509
2020-02-29 12:00:00,38.008804
2020-02-29 13:00:00,16.800648
2020-02-29 14:00:00,21.426434
2020-02-29 15:00:00,21.858791
2020-02-29 16:00:00,19.224373
2020-02-29 17:00:00,16.865211
2020-02-29 18:00:00,16.264805
2020-02-29 19:00:00,16.090988
2020-02-29 20:00:00,16.342789
2020-02-29 21:00:00,16.355877
2020-02-29 22:00:00,16.766788
2020-02-29 23:00:00,15.9188
2020-03-01 00:00:00,15.867264
2020-03-01 01:00:00,16.179144
2020-03-01 02:00:00,16.78235
2020-03-01 03:00:00,18.986694
2020-03-01 04:00:00,23.111862
2020-03-01 05:00:00,91.972755
2020-03-01 06:00:00,200.76808
2020-03-01 07:00:00,294.62482
2020-03-01 08:00:00,356.32056
2020-03-01 09:00:00,390.001
2020-03-01 10:00:00,264.319
2020-03-01 11:00:00,66.806244
2020-03-01 12:00:00,17.081402
2020-03-01 13:00:00,20.609865
2020-03-01 14:00:00,19.825176
2020-03-01 15:00:00,16.451118
2020-03-01 16:00:00,16.549503
2020-03-01 17:00:00,17.745173
2020-03-01 18:00:00,18.524635
2020-03-01 19:00:00,19.558434
2020-03-01 20:00:00,20.107067
2020-03-01 21:00:00,20.584549
2020-03-01 22:00:00,19.687614
2020-03-01 23:00:00,20.350584
2020-03-02 00:00:00,20.9985
2020-03-02 01:00:00,20.663363
2020-03-02 02:00:00,20.699558
2020-03-02 03:00:00,22.419449
2020-03-02 04:00:00,25.567852
2020-03-02 05:00:00,92.16032
2020-03-02 06:00:00,283.10443
2020-03-02 07:00:00,433.0044
2020-03-02 08:00:00,560.9429
2020-03-02 09:00:00,616.4093
2020-03-02 10:00:00,425.97833
2020-03-02 11:00:00,179.55005
2020-03-02 12:00:00,38.869324
2020-03-02 13:00:00,18.662987
2020-03-02 14:00:00,21.669346
2020-03-02 15:00:00,16.54964
2020-03-02 16:00:00,15.346536
2020-03-02 17:00:00,15.319075
2020-03-02 18:00:00,15.267492
2020-03-02 19:00:00,15.505955
2020-03-02 20:00:00,16.13852
2020-03-02 21:00:00,17.8866
2020-03-02 22:00:00,31.32637
2020-03-02 23:00:00,20.854008
2020-03-03 00:00:00,20.762032
2020-03-03 01:00:00,18.546268
2020-03-03 02:00:00,27.441158
2020-03-03 03:00:00,44.094536
2020-03-03 04:00:00,67.4898
2020-03-03 05:00:00,102.370346
2020-03-03 06:00:00,167.53677
2020-03-03 07:00:00,216.69026
2020-03-03 08:00:00,219.4302
2020-03-03 09:00:00,228.44197
2020-03-03 10:00:00,198.713
2020-03-03 11:00:00,180.72919
2020-03-03 12:00:00,150.5243
2020-03-03 13:00:00,108.0901
2020-03-03 14:00:00,84.448074
2020-03-03 15:00:00,61.45781
2020-03-03 16:00:00,50.763947
2020-03-03 17:00:00,49.511726
2020-03-03 18:00:00,48.36228
2020-03-03 19:00:00,46.90802
2020-03-03 20:00:00,41.81301
2020-03-03 21:00:00,42.765324
2020-03-03 22:00:00,61.88858
2020-03-03 23:00:00,39.60913
2020-03-04 00:00:00,31.591978
2020-03-04 01:00:00,25.330679
2020-03-04 02:00:00,23.229443
2020-03-04 03:00:00,22.83942
2020-03-04 04:00:00,85.63332
2020-03-04 05:00:00,200.63219
2020-03-04 06:00:00,301.6529
2020-03-04 07:00:00,482.19797
2020-03-04 08:00:00,620.4154
2020-03-04 09:00:00,678.9651
2020-03-04 10:00:00,535.0471
2020-03-04 11:00:00,391.56842
2020-03-04 12:00:00,185.2256
2020-03-04 13:00:00,46.125683
2020-03-04 14:00:00,11.758413
2020-03-04 15:00:00,18.313702
2020-03-04 16:00:00,21.065002
2020-03-04 17:00:00,19.959213
2020-03-04 18:00:00,18.809284
2020-03-04 19:00:00,16.386667
2020-03-04 20:00:00,15.330617
2020-03-04 21:00:00,15.057325
2020-03-04 22:00:00,15.495212
2020-03-04 23:00:00,15.507216
2020-03-05 00:00:00,16.166855
2020-03-05 01:00:00,16.996452
2020-03-05 02:00:00,17.523045
2020-03-05 03:00:00,15.956977
2020-03-05 04:00:00,88.03454
2020-03-05 05:00:00,149.16344
2020-03-05 06:00:00,301.35892
2020-03-05 07:00:00,472.57227
2020-03-05 08:00:00,602.3866
2020-03-05 09:00:00,698.1794
2020-03-05 10:00:00,550.0394
2020-03-05 11:00:00,328.9411
2020-03-05 12:00:00,154.73335
2020-03-05 13:00:00,84.55661
2020-03-05 14:00:00,67.30463
2020-03-05 15:00:00,65.575195
2020-03-05 16:00:00,102.128006
2020-03-05 17:00:00,248.46759
2020-03-05 18:00:00,294.1916
2020-03-05 19:00:00,295.81213
2020-03-05 20:00:00,211.8547
2020-03-05 21:00:00,70.60446
2020-03-05 22:00:00,28.65982
2020-03-05 23:00:00,47.577927
2020-03-06 00:00:00,72.872986
2020-03-06 01:00:00,92.77222
2020-03-06 02:00:00,106.15912
2020-03-06 03:00:00,146.70612
2020-03-06 04:00:00,181.35187
2020-03-06 05:00:00,235.58719
2020-03-06 06:00:00,326.7771
2020-03-06 07:00:00,277.87097
2020-03-06 08:00:00,269.6242
2020-03-06 09:00:00,216.9963
2020-03-06 10:00:00,200.57425
2020-03-06 11:00:00,159.92921
2020-03-06 12:00:00,80.95465
2020-03-06 13:00:00,34.865555
2020-03-06 14:00:00,59.328476
2020-03-06 15:00:00,36.86673
2020-03-06 16:00:00,27.411743
2020-03-06 17:00:00,37.561035
2020-03-06 18:00:00,44.129395
2020-03-06 19:00:00,61.759552
2020-03-06 20:00:00,73.92056
2020-03-06 21:00:00,80.43242
2020-03-06 22:00:00,101.47557
2020-03-06 23:00:00,125.5724
2020-03-07 00:00:00,164.72
2020-03-07 01:00:00,155.0187
2020-03-07 02:00:00,163.71332
2020-03-07 03:00:00,170.5029
2020-03-07 04:00:00,219.18239
2020-03-07 05:00:00,264.18195
2020-03-07 06:00:00,284.73566
2020-03-07 07:00:00,287.55145
2020-03-07 08:00:00,299.8177
2020-03-07 09:00:00,320.94556
2020-03-07 10:00:00,336.19092
2020-03-07 11:00:00,267.0606
2020-03-07 12:00:00,158.51346
2020-03-07 13:00:00,69.27115
2020-03-07 14:00:00,28.3806
2020-03-07 15:00:00,17.765732
2020-03-07 16:00:00,17.232471
2020-03-07 17:00:00,19.429459
2020-03-07 18:00:00,18.102238
2020-03-07 19:00:00,16.230682
2020-03-07 20:00:00,18.33332
2020-03-07 21:00:00,17.950573
2020-03-07 22:00:00,19.56651
2020-03-07 23:00:00,16.915728
2020-03-08 00:00:00,16.873873
2020-03-08 01:00:00,17.280453
2020-03-08 02:00:00,17.057587
2020-03-08 03:00:00,17.404877
2020-03-08 04:00:00,14.397572
2020-03-08 05:00:00,47.427704
2020-03-08 06:00:00,132.23575
2020-03-08 07:00:00,186.84914
2020-03-08 08:00:00,186.97621
2020-03-08 09:00:00,182.52252
2020-03-08 10:00:00,261.94592
2020-03-08 11:00:00,205.21417
2020-03-08 12:00:00,70.85104
2020-03-08 13:00:00,19.490236
2020-03-08 14:00:00,15.45013
2020-03-08 15:00:00,15.506058
2020-03-08 16:00:00,16.312447
2020-03-08 17:00:00,17.381475
2020-03-08 18:00:00,17.726234
2020-03-08 19:00:00,19.273914
2020-03-08 20:00:00,19.952286
2020-03-08 21:00:00,19.711878
2020-03-08 22:00:00,22.21307
2020-03-08 23:00:00,16.229328
2020-03-09 00:00:00,17.587635
2020-03-09 01:00:00,15.5929575
2020-03-09 02:00:00,17.154675
2020-03-09 03:00:00,19.75315
2020-03-09 04:00:00,67.218
2020-03-09 05:00:00,160.70349
2020-03-09 06:00:00,212.42995
2020-03-09 07:00:00,263.44128
2020-03-09 08:00:00,307.07745
2020-03-09 09:00:00,318.28027
2020-03-09 10:00:00,306.68927
2020-03-09 11:00:00,224.77063
2020-03-09 12:00:00,79.388245
2020-03-09 13:00:00,38.32082
2020-03-09 14:00:00,35.589912
2020-03-09 15:00:00,25.172415
2020-03-09 16:00:00,15.261464
2020-03-09 17:00:00,15.825154
2020-03-09 18:00:00,16.910381
2020-03-09 19:00:00,17.012592
2020-03-09 20:00:00,18.176418
2020-03-09 21:00:00,18.869946
2020-03-09 22:00:00,15.425898
2020-03-09 23:00:00,17.198866
2020-03-10 00:00:00,18.826626
2020-03-10 01:00:00,20.334358
2020-03-10 02:00:00,20.581875
2020-03-10 03:00:00,19.585012
2020-03-10 04:00:00,117.11024
2020-03-10 05:00:00,234.12714
2020-03-10 06:00:00,319.5055
2020-03-10 07:00:00,455.68378
2020-03-10 08:00:00,513.6974
2020-03-10 09:00:00,522.30206
2020-03-10 10:00:00,449.2036
2020-03-10 11:00:00,294.4206
2020-03-10 12:00:00,76.91533
2020-03-10 13:00:00,27.301409
2020-03-10 14:00:00,25.984507
2020-03-10 15:00:00,23.510517
2020-03-10 16:00:00,21.754845
2020-03-10 17:00:00,20.036165
2020-03-10 18:00:00,17.185827
2020-03-10 19:00:00,15.458745
2020-03-10 20:00:00,15.296465
2020-03-10 21:00:00,15.526142
2020-03-10 22:00:00,15.775557
2020-03-10 23:00:00,15.185645
2020-03-11 00:00:00,15.477014
2020-03-11 01:00:00,16.372156
2020-03-11 02:00:00,16.87784
2020-03-11 03:00:00,19.9339
2020-03-11 04:00:00,59.51756
2020-03-11 05:00:00,242.72476
2020-03-11 06:00:00,374.49078
2020-03-11 07:00:00,541.2611
2020-03-11 08:00:00,632.9514
2020-03-11 09:00:00,649.78485
2020-03-11 10:00:00,585.15173
2020-03-11 11:00:00,443.5391
2020-03-11 12:00:00,109.196526
2020-03-11 13:00:00,27.873413
2020-03-11 14:00:00,14.056062
2020-03-11 15:00:00,18.364819
2020-03-11 16:00:00,20.416058
2020-03-11 17:00:00,19.78391
2020-03-11 18:00:00,16.681404
2020-03-11 19:00:00,15.108116
2020-03-11 20:00:00,14.721218
2020-03-11 21:00:00,14.754949
2020-03-11 22:00:00,15.231317
2020-03-11 23:00:00,15.020882
2020-03-12 00:00:00,14.987117
2020-03-12 01:00:00,15.455941
2020-03-12 02:00:00,15.365692
2020-03-12 03:00:00,15.928189
2020-03-12 04:00:00,89.807
2020-03-12 05:00:00,229.82666
2020-03-12 06:00:00,349.12244
2020-03-12 07:00:00,470.42575
2020-03-12 08:00:00,559.8001
2020-03-12 09:00:00,635.4672
2020-03-12 10:00:00,580.61487
2020-03-12 11:00:00,439.37158
2020-03-12 12:00:00,190.17331
2020-03-12 13:00:00,78.453
2020-03-12 14:00:00,57.65599
2020-03-12 15:00:00,43.66109
2020-03-12 16:00:00,37.40779
2020-03-12 17:00:00,41.222992
2020-03-12 18:00:00,50.27816
2020-03-12 19:00:00,69.99759
2020-03-12 20:00:00,75.5918
2020-03-12 21:00:00,74.78496
2020-03-12 22:00:00,70.93162
2020-03-12 23:00:00,54.946594
2020-03-13 00:00:00,69.64833
2020-03-13 01:00:00,80.122955
2020-03-13 02:00:00,68.46823
2020-03-13 03:00:00,90.007675
2020-03-13 04:00:00,192.11212
2020-03-13 05:00:00,283.21323
2020-03-13 06:00:00,437.31024
2020-03-13 07:00:00,609.25903
2020-03-13 08:00:00,762.78345
2020-03-13 09:00:00,794.0935
2020-03-13 10:00:00,628.45874
2020-03-13 11:00:00,448.126
2020-03-13 12:00:00,148.00247
2020-03-13 13:00:00,36.50743
2020-03-13 14:00:00,17.016624
2020-03-13 15:00:00,19.413116
2020-03-13 16:00:00,23.305897
2020-03-13 17:00:00,22.712906
2020-03-13 18:00:00,18.755325
2020-03-13 19:00:00,17.753277
2020-03-13 20:00:00,17.77927
2020-03-13 21:00:00,18.36919
2020-03-13 22:00:00,17.074028
2020-03-13 23:00:00,18.537178
2020-03-14 00:00:00,18.87511
2020-03-14 01:00:00,19.635765
2020-03-14 02:00:00,21.336731
2020-03-14 03:00:00,24.093529
2020-03-14 04:00:00,33.83771
2020-03-14 05:00:00,221.3503
2020-03-14 06:00:00,418.61975
2020-03-14 07:00:00,536.01306
2020-03-14 08:00:00,712.0353
2020-03-14 09:00:00,790.5066
2020-03-14 10:00:00,707.8181
2020-03-14 11:00:00,397.89465
2020-03-14 12:00:00,113.73888
2020-03-14 13:00:00,29.457352
2020-03-14 14:00:00,31.0056
2020-03-14 15:00:00,32.80622
2020-03-14 16:00:00,35.105495
2020-03-14 17:00:00,32.4942
2020-03-14 18:00:00,24.35812
2020-03-14 19:00:00,18.57412
2020-03-14 20:00:00,16.074488
2020-03-14 21:00:00,17.056183
2020-03-14 22:00:00,22.63602
2020-03-14 23:00:00,19.961454
2020-03-15 00:00:00,18.01856
2020-03-15 01:00:00,19.472176
2020-03-15 02:00:00,22.30753
2020-03-15 03:00:00,28.027431
2020-03-15 04:00:00,54.915924
2020-03-15 05:00:00,239.65048
2020-03-15 06:00:00,512.8972
2020-03-15 07:00:00,736.26697
2020-03-15 08:00:00,892.21094
2020-03-15 09:00:00,931.3013
2020-03-15 10:00:00,746.1922
2020-03-15 11:00:00,615.4382
2020-03-15 12:00:00,116.87685
2020-03-15 13:00:00,50.949677
2020-03-15 14:00:00,28.781403
2020-03-15 15:00:00,25.004635
2020-03-15 16:00:00,24.158216
2020-03-15 17:00:00,22.676876
2020-03-15 18:00:00,21.515057
2020-03-15 19:00:00,20.849876
2020-03-15 20:00:00,20.732857
2020-03-15 21:00:00,21.084888
2020-03-15 22:00:00,21.598948
2020-03-15 23:00:00,20.413914
2020-03-16 00:00:00,18.74147
2020-03-16 01:00:00,17.529068
2020-03-16 02:00:00,18.651268
2020-03-16 03:00:00,23.48253
2020-03-16 04:00:00,36.426636
2020-03-16 05:00:00,207.93391
2020-03-16 06:00:00,324.3017
2020-03-16 07:00:00,463.9662
2020-03-16 08:00:00,562.0427
2020-03-16 09:00:00,614.55615
2020-03-16 10:00:00,517.7401
2020-03-16 11:00:00,252.04402
2020-03-16 12:00:00,58.776413
2020-03-16 13:00:00,21.729626
2020-03-16 14:00:00,23.150738
2020-03-16 15:00:00,19.461702
2020-03-16 16:00:00,16.446026
2020-03-16 17:00:00,17.098944
2020-03-16 18:00:00,18.085693
2020-03-16 19:00:00,18.689392
2020-03-16 20:00:00,19.366488
2020-03-16 21:00:00,20.12463
2020-03-16 22:00:00,17.523811
2020-03-16 23:00:00,22.738941
2020-03-17 00:00:00,24.900818
2020-03-17 01:00:00,25.045956
2020-03-17 02:00:00,25.64998
2020-03-17 03:00:00,30.827034
2020-03-17 04:00:00,52.36746
2020-03-17 05:00:00,210.77245
2020-03-17 06:00:00,508.52228
2020-03-17 07:00:00,699.9175
2020-03-17 08:00:00,845.69867
2020-03-17 09:00:00,888.5249
2020-03-17 10:00:00,919.1372
2020-03-17 11:00:00,422.0222
2020-03-17 12:00:00,144.0758
2020-03-17 13:00:00,69.96908
2020-03-17 14:00:00,36.875984
2020-03-17 15:00:00,27.856344
2020-03-17 16:00:00,25.11482
2020-03-17 17:00:00,23.428005
2020-03-17 18:00:00,18.831179
2020-03-17 19:00:00,16.593378
2020-03-17 20:00:00,16.763638
2020-03-17 21:00:00,17.313707
2020-03-17 22:00:00,14.34724
2020-03-17 23:00:00,14.454299
2020-03-18 00:00:00,14.943597
2020-03-18 01:00:00,15.496271
2020-03-18 02:00:00,15.270055
2020-03-18 03:00:00,18.504374
2020-03-18 04:00:00,232.18343
2020-03-18 05:00:00,439.3773
2020-03-18 06:00:00,616.6689
2020-03-18 07:00:00,776.9001
2020-03-18 08:00:00,765.75684
2020-03-18 09:00:00,790.04517
2020-03-18 10:00:00,626.1067
2020-03-18 11:00:00,578.516
2020-03-18 12:00:00,243.83844
2020-03-18 13:00:00,27.30392
2020-03-18 14:00:00,28.786282
2020-03-18 15:00:00,22.891533
2020-03-18 16:00:00,19.844463
2020-03-18 17:00:00,17.731838
2020-03-18 18:00:00,17.062115
2020-03-18 19:00:00,16.274715
2020-03-18 20:00:00,16.228811
2020-03-18 21:00:00,16.448753
2020-03-18 22:00:00,16.118334
2020-03-18 23:00:00,16.505035
2020-03-19 00:00:00,16.279465
2020-03-19 01:00:00,15.447663
2020-03-19 02:00:00,16.408356
2020-03-19 03:00:00,19.458698
2020-03-19 04:00:00,180.50023
2020-03-19 05:00:00,353.65982
2020-03-19 06:00:00,571.18024
2020-03-19 07:00:00,730.46265
2020-03-19 08:00:00,824.86426
2020-03-19 09:00:00,837.87964
2020-03-19 10:00:00,466.5298
2020-03-19 11:00:00,531.86255
2020-03-19 12:00:00,354.03073
2020-03-19 13:00:00,77.27219
2020-03-19 14:00:00,73.705185
2020-03-19 15:00:00,68.41994
2020-03-19 16:00:00,49.369934
2020-03-19 17:00:00,30.543793
2020-03-19 18:00:00,21.028553
2020-03-19 19:00:00,20.754501
2020-03-19 20:00:00,15.615638
2020-03-19 21:00:00,18.645628
2020-03-19 22:00:00,16.266167
2020-03-19 23:00:00,18.854515
2020-03-20 00:00:00,20.850416
2020-03-20 01:00:00,19.420311
2020-03-20 02:00:00,19.91422
2020-03-20 03:00:00,23.401993
2020-03-20 04:00:00,181.57733
2020-03-20 05:00:00,327.06378
2020-03-20 06:00:00,480.11584
2020-03-20 07:00:00,667.4951
2020-03-20 08:00:00,788.6721
2020-03-20 09:00:00,845.45654
2020-03-20 10:00:00,788.29346
2020-03-20 11:00:00,637.4519
2020-03-20 12:00:00,261.0277
2020-03-20 13:00:00,31.237055
2020-03-20 14:00:00,24.652073
2020-03-20 15:00:00,26.466423
2020-03-20 16:00:00,20.45375
2020-03-20 17:00:00,19.57839
2020-03-20 18:00:00,19.308887
2020-03-20 19:00:00,18.615124
2020-03-20 20:00:00,18.515373
2020-03-20 21:00:00,18.73936
2020-03-20 22:00:00,17.262161
2020-03-20 23:00:00,19.113245
2020-03-21 00:00:00,18.545189
2020-03-21 01:00:00,18.164022
2020-03-21 02:00:00,19.078583
2020-03-21 03:00:00,22.233456
2020-03-21 04:00:00,123.954956
2020-03-21 05:00:00,397.54895
2020-03-21 06:00:00,627.1203
2020-03-21 07:00:00,664.67847
2020-03-21 08:00:00,707.8192
2020-03-21 09:00:00,500.23746
2020-03-21 10:00:00,572.6234
2020-03-21 11:00:00,320.2067
2020-03-21 12:00:00,122.77232
2020-03-21 13:00:00,70.19617
2020-03-21 14:00:00,40.16948
2020-03-21 15:00:00,50.635193
2020-03-21 16:00:00,67.28032
2020-03-21 17:00:00,78.45819
2020-03-21 18:00:00,84.42055
2020-03-21 19:00:00,83.14957
2020-03-21 20:00:00,83.99495
2020-03-21 21:00:00,79.35228
2020-03-21 22:00:00,78.84993
2020-03-21 23:00:00,74.129196
2020-03-22 00:00:00,77.58754
2020-03-22 01:00:00,81.7995
2020-03-22 02:00:00,96.95012
2020-03-22 03:00:00,171.32928
2020-03-22 04:00:00,291.1688
2020-03-22 05:00:00,449.42432
2020-03-22 06:00:00,657.6587
2020-03-22 07:00:00,642.395
2020-03-22 08:00:00,646.5991
2020-03-22 09:00:00,696.6687
2020-03-22 10:00:00,646.667
2020-03-22 11:00:00,621.2717
2020-03-22 12:00:00,377.86688
2020-03-22 13:00:00,91.83469
2020-03-22 14:00:00,59.419937
2020-03-22 15:00:00,59.50241
2020-03-22 16:00:00,62.643875
2020-03-22 17:00:00,46.84433
2020-03-22 18:00:00,33.50447
2020-03-22 19:00:00,36.381485
2020-03-22 20:00:00,38.118942
2020-03-22 21:00:00,31.030193
2020-03-22 22:00:00,41.59379
2020-03-22 23:00:00,58.73045
2020-03-23 00:00:00,97.08977
2020-03-23 01:00:00,90.60018
2020-03-23 02:00:00,88.74455
2020-03-23 03:00:00,116.91195
2020-03-23 04:00:00,239.86928
2020-03-23 05:00:00,384.24634
2020-03-23 06:00:00,387.49023
2020-03-23 07:00:00,445.53418
2020-03-23 08:00:00,520.8423
2020-03-23 09:00:00,565.8401
2020-03-23 10:00:00,599.38135
2020-03-23 11:00:00,527.74976
2020-03-23 12:00:00,385.5899
2020-03-23 13:00:00,262.3343
2020-03-23 14:00:00,166.97946
2020-03-23 15:00:00,119.623215
2020-03-23 16:00:00,96.45874
2020-03-23 17:00:00,65.493645
2020-03-23 18:00:00,45.787033
2020-03-23 19:00:00,35.284546
2020-03-23 20:00:00,31.379623
2020-03-23 21:00:00,34.342087
2020-03-23 22:00:00,18.57529
2020-03-23 23:00:00,15.971386
2020-03-24 00:00:00,20.660711
2020-03-24 01:00:00,20.460579
2020-03-24 02:00:00,40.96695
2020-03-24 03:00:00,96.45708
2020-03-24 04:00:00,261.64
2020-03-24 05:00:00,413.30804
2020-03-24 06:00:00,538.69604
2020-03-24 07:00:00,632.7965
2020-03-24 08:00:00,755.23926
2020-03-24 09:00:00,889.1116
2020-03-24 10:00:00,804.2871
2020-03-24 11:00:00,669.1135
2020-03-24 12:00:00,507.84155
2020-03-24 13:00:00,238.42119
2020-03-24 14:00:00,111.61368
2020-03-24 15:00:00,94.52077
2020-03-24 16:00:00,42.191833
2020-03-24 17:00:00,25.335648
2020-03-24 18:00:00,21.254257
2020-03-24 19:00:00,24.62204
2020-03-24 20:00:00,27.098175
2020-03-24 21:00:00,26.83078
2020-03-24 22:00:00,27.680832
2020-03-24 23:00:00,22.012955
2020-03-25 00:00:00,21.321533
2020-03-25 01:00:00,16.97844
2020-03-25 02:00:00,17.698578
2020-03-25 03:00:00,52.72763
2020-03-25 04:00:00,280.80975
2020-03-25 05:00:00,499.45972
2020-03-25 06:00:00,707.14795
2020-03-25 07:00:00,807.3279
2020-03-25 08:00:00,871.42236
2020-03-25 09:00:00,901.16846
2020-03-25 10:00:00,799.5105
2020-03-25 11:00:00,592.8374
2020-03-25 12:00:00,451.6437
2020-03-25 13:00:00,193.98369
2020-03-25 14:00:00,128.2281
2020-03-25 15:00:00,116.86911
2020-03-25 16:00:00,41.168842
2020-03-25 17:00:00,37.117508
2020-03-25 18:00:00,24.542053
2020-03-25 19:00:00,16.694641
2020-03-25 20:00:00,24.557724
2020-03-25 21:00:00,20.743546
2020-03-25 22:00:00,59.70998
2020-03-25 23:00:00,67.1434
2020-03-26 00:00:00,58.62355
2020-03-26 01:00:00,38.36554
2020-03-26 02:00:00,45.323593
2020-03-26 03:00:00,142.69125
2020-03-26 04:00:00,279.50653
2020-03-26 05:00:00,381.1075
2020-03-26 06:00:00,455.54944
2020-03-26 07:00:00,498.07434
2020-03-26 08:00:00,519.3502
2020-03-26 09:00:00,487.4901
2020-03-26 10:00:00,525.7261
2020-03-26 11:00:00,409.302
2020-03-26 12:00:00,241.34978
2020-03-26 13:00:00,97.116806
2020-03-26 14:00:00,58.775497
2020-03-26 15:00:00,42.03348
2020-03-26 16:00:00,32.07448
2020-03-26 17:00:00,24.82167
2020-03-26 18:00:00,26.672775
2020-03-26 19:00:00,26.300629
2020-03-26 20:00:00,30.130661
2020-03-26 21:00:00,38.323563
2020-03-26 22:00:00,40.81398
2020-03-26 23:00:00,28.346909
2020-03-27 00:00:00,23.230392
2020-03-27 01:00:00,17.776749
2020-03-27 02:00:00,18.453487
2020-03-27 03:00:00,27.650555
2020-03-27 04:00:00,246.28421
2020-03-27 05:00:00,432.7606
2020-03-27 06:00:00,576.22644
2020-03-27 07:00:00,720.62915
2020-03-27 08:00:00,830.8811
2020-03-27 09:00:00,869.78564
2020-03-27 10:00:00,803.0088
2020-03-27 11:00:00,667.47
2020-03-27 12:00:00,274.35666
2020-03-27 13:00:00,78.96066
2020-03-27 14:00:00,51.6678
2020-03-27 15:00:00,53.615067
2020-03-27 16:00:00,47.345284
2020-03-27 17:00:00,36.71912
2020-03-27 18:00:00,28.830503
2020-03-27 19:00:00,24.776268
2020-03-27 20:00:00,25.307594
2020-03-27 21:00:00,25.394913
2020-03-27 22:00:00,25.234127
2020-03-27 23:00:00,24.132372
2020-03-28 00:00:00,26.982725
2020-03-28 01:00:00,40.16494
2020-03-28 02:00:00,61.726616
2020-03-28 03:00:00,171.6524
2020-03-28 04:00:00,225.0596
2020-03-28 05:00:00,336.5266
2020-03-28 06:00:00,363.75342
2020-03-28 07:00:00,356.02954
2020-03-28 08:00:00,322.41998
2020-03-28 09:00:00,339.26978
2020-03-28 10:00:00,259.1123
2020-03-28 11:00:00,202.92436
2020-03-28 12:00:00,153.90749
2020-03-28 13:00:00,94.320435
2020-03-28 14:00:00,71.59749
2020-03-28 15:00:00,81.29065
2020-03-28 16:00:00,85.190414
2020-03-28 17:00:00,73.54469
2020-03-28 18:00:00,52.091446
2020-03-28 19:00:00,80.27989
2020-03-28 20:00:00,105.59233
2020-03-28 21:00:00,113.88394
2020-03-28 22:00:00,98.04729
2020-03-28 23:00:00,59.552673
2020-03-29 00:00:00,78.148575
2020-03-29 01:00:00,23.682526
2020-03-29 02:00:00,30.583847
2020-03-29 03:00:00,226.5759
2020-03-29 04:00:00,348.25763
2020-03-29 05:00:00,556.68884
2020-03-29 06:00:00,758.135
2020-03-29 07:00:00,909.3469
2020-03-29 08:00:00,1106.3418
2020-03-29 09:00:00,1098.96
2020-03-29 10:00:00,757.7029
2020-03-29 11:00:00,606.1406
2020-03-29 12:00:00,423.99164
2020-03-29 13:00:00,113.36694
2020-03-29 14:00:00,46.465828
2020-03-29 15:00:00,48.63124
2020-03-29 16:00:00,49.752254
2020-03-29 17:00:00,36.57394
2020-03-29 18:00:00,26.772953
2020-03-29 19:00:00,21.135164
2020-03-29 20:00:00,17.563393
2020-03-29 21:00:00,16.617474
2020-03-29 22:00:00,17.35346
2020-03-29 23:00:00,14.832867
2020-03-30 00:00:00,17.364395
2020-03-30 01:00:00,17.360308
2020-03-30 02:00:00,17.041916
2020-03-30 03:00:00,26.346691
2020-03-30 04:00:00,191.81865
2020-03-30 05:00:00,358.5539
2020-03-30 06:00:00,559.57056
2020-03-30 07:00:00,749.21924
2020-03-30 08:00:00,885.72485
2020-03-30 09:00:00,926.71655
2020-03-30 10:00:00,796.3098
2020-03-30 11:00:00,644.0234
2020-03-30 12:00:00,230.04657
2020-03-30 13:00:00,47.68103
2020-03-30 14:00:00,13.841848
2020-03-30 15:00:00,22.02153
2020-03-30 16:00:00,25.335358
2020-03-30 17:00:00,24.921362
2020-03-30 18:00:00,19.99466
2020-03-30 19:00:00,17.241062
2020-03-30 20:00:00,16.464325
2020-03-30 21:00:00,16.515224
2020-03-30 22:00:00,17.12067
2020-03-30 23:00:00,16.159218
2020-03-31 00:00:00,16.319546
2020-03-31 01:00:00,16.112667
2020-03-31 02:00:00,17.477673
2020-03-31 03:00:00,19.984829
2020-03-31 04:00:00,58.168777
2020-03-31 05:00:00,319.74445
2020-03-31 06:00:00,495.94775
2020-03-31 07:00:00,650.89325
2020-03-31 08:00:00,770.51
2020-03-31 09:00:00,786.17114
2020-03-31 10:00:00,720.611
2020-03-31 11:00:00,478.44806
2020-03-31 12:00:00,221.16716
2020-03-31 13:00:00,61.76358
2020-03-31 14:00:00,26.20534
2020-03-31 15:00:00,18.365868
2020-03-31 16:00:00,19.351313
2020-03-31 17:00:00,17.142803
2020-03-31 18:00:00,20.144375
2020-03-31 19:00:00,21.299793
2020-03-31 20:00:00,22.526154
2020-03-31 21:00:00,23.258266
2020-03-31 22:00:00,32.078335
2020-03-31 23:00:00,31.318579
2020-04-01 00:00:00,65.78348
2020-04-01 01:00:00,122.147224
2020-04-01 02:00:00,142.93138
2020-04-01 03:00:00,145.98051
2020-04-01 04:00:00,148.21768
2020-04-01 05:00:00,194.96098
2020-04-01 06:00:00,245.05608
2020-04-01 07:00:00,206.02255
2020-04-01 08:00:00,233.36476
2020-04-01 09:00:00,226.69193
2020-04-01 10:00:00,186.53105
2020-04-01 11:00:00,172.88202
2020-04-01 12:00:00,141.9958
2020-04-01 13:00:00,80.472626
2020-04-01 14:00:00,28.283308
2020-04-01 15:00:00,20.716263
2020-04-01 16:00:00,17.199066
2020-04-01 17:00:00,21.318665
2020-04-01 18:00:00,20.585133
2020-04-01 19:00:00,25.20441
2020-04-01 20:00:00,32.810757
2020-04-01 21:00:00,31.533833
2020-04-01 22:00:00,84.648895
2020-04-01 23:00:00,58.27928
2020-04-02 00:00:00,72.8698
2020-04-02 01:00:00,81.21391
2020-04-02 02:00:00,78.19113
2020-04-02 03:00:00,141.58961
2020-04-02 04:00:00,207.06245
2020-04-02 05:00:00,195.6896
2020-04-02 06:00:00,293.1328
2020-04-02 07:00:00,321.0175
2020-04-02 08:00:00,328.8341
2020-04-02 09:00:00,396.3188
2020-04-02 10:00:00,350.674
2020-04-02 11:00:00,308.86493
2020-04-02 12:00:00,223.53899
2020-04-02 13:00:00,87.04083
2020-04-02 14:00:00,46.727356
2020-04-02 15:00:00,47.23001
2020-04-02 16:00:00,30.16156
2020-04-02 17:00:00,17.497238
2020-04-02 18:00:00,13.768273
2020-04-02 19:00:00,15.388193
2020-04-02 20:00:00,19.35392
2020-04-02 21:00:00,18.9725
2020-04-02 22:00:00,27.160028
2020-04-02 23:00:00,23.364307
2020-04-03 00:00:00,18.646454
2020-04-03 01:00:00,18.372324
2020-04-03 02:00:00,21.551975
2020-04-03 03:00:00,33.759476
2020-04-03 04:00:00,75.21965
2020-04-03 05:00:00,365.17032
2020-04-03 06:00:00,505.02655
2020-04-03 07:00:00,691.2666
2020-04-03 08:00:00,633.45044
2020-04-03 09:00:00,666.17163
2020-04-03 10:00:00,901.1262
2020-04-03 11:00:00,750.9888
2020-04-03 12:00:00,323.2844
2020-04-03 13:00:00,97.28958
2020-04-03 14:00:00,28.976776
2020-04-03 15:00:00,25.313175
2020-04-03 16:00:00,19.683952
2020-04-03 17:00:00,17.879963
2020-04-03 18:00:00,18.692812
2020-04-03 19:00:00,19.034405
2020-04-03 20:00:00,19.441475
2020-04-03 21:00:00,19.33555
2020-04-03 22:00:00,15.789303
2020-04-03 23:00:00,19.105764
2020-04-04 00:00:00,19.74675
2020-04-04 01:00:00,22.728437
2020-04-04 02:00:00,26.408463
2020-04-04 03:00:00,36.41928
2020-04-04 04:00:00,136.9976
2020-04-04 05:00:00,414.89194
2020-04-04 06:00:00,720.1387
2020-04-04 07:00:00,901.0935
2020-04-04 08:00:00,1056.5903
2020-04-04 09:00:00,1110.3525
2020-04-04 10:00:00,1320.6494
2020-04-04 11:00:00,612.0664
2020-04-04 12:00:00,243.1907
2020-04-04 13:00:00,84.08491
2020-04-04 14:00:00,31.547237
2020-04-04 15:00:00,21.258148
2020-04-04 16:00:00,18.672813
2020-04-04 17:00:00,18.269573
2020-04-04 18:00:00,19.069357
2020-04-04 19:00:00,19.056648
2020-04-04 20:00:00,19.337898
2020-04-04 21:00:00,20.236565
2020-04-04 22:00:00,16.373932
2020-04-04 23:00:00,19.363487
2020-04-05 00:00:00,20.019737
2020-04-05 01:00:00,20.898912
2020-04-05 02:00:00,22.980183
2020-04-05 03:00:00,31.651934
2020-04-05 04:00:00,358.8226
2020-04-05 05:00:00,549.84845
2020-04-05 06:00:00,724.23425
2020-04-05 07:00:00,825.375
2020-04-05 08:00:00,924.5608
2020-04-05 09:00:00,879.3866
2020-04-05 10:00:00,675.6543
2020-04-05 11:00:00,424.53754
2020-04-05 12:00:00,259.1029
2020-04-05 13:00:00,66.297585
2020-04-05 14:00:00,29.700932
2020-04-05 15:00:00,40.80277
2020-04-05 16:00:00,55.33393
2020-04-05 17:00:00,74.27431
2020-04-05 18:00:00,56.876167
2020-04-05 19:00:00,37.24221
2020-04-05 20:00:00,21.047886
2020-04-05 21:00:00,21.053719
2020-04-05 22:00:00,37.571297
2020-04-05 23:00:00,28.591293
2020-04-06 00:00:00,34.985065
2020-04-06 01:00:00,41.284386
2020-04-06 02:00:00,63.35579
2020-04-06 03:00:00,144.7911
2020-04-06 04:00:00,257.0096
2020-04-06 05:00:00,230.73271
2020-04-06 06:00:00,366.74615
2020-04-06 07:00:00,529.1386
2020-04-06 08:00:00,663.60364
2020-04-06 09:00:00,667.0762
2020-04-06 10:00:00,707.4487
2020-04-06 11:00:00,597.8682
2020-04-06 12:00:00,351.93884
2020-04-06 13:00:00,131.2166
2020-04-06 14:00:00,27.37898
2020-04-06 15:00:00,25.022095
2020-04-06 16:00:00,22.381584
2020-04-06 17:00:00,24.648012
2020-04-06 18:00:00,24.433998
2020-04-06 19:00:00,22.683968
2020-04-06 20:00:00,19.820354
2020-04-06 21:00:00,16.935173
2020-04-06 22:00:00,24.060654
2020-04-06 23:00:00,19.053436
2020-04-07 00:00:00,15.819662
2020-04-07 01:00:00,15.258245
2020-04-07 02:00:00,15.787242
2020-04-07 03:00:00,22.344831
2020-04-07 04:00:00,242.20595
2020-04-07 05:00:00,391.64658
2020-04-07 06:00:00,498.6455
2020-04-07 07:00:00,686.3345
2020-04-07 08:00:00,791.3176
2020-04-07 09:00:00,729.3025
2020-04-07 10:00:00,706.5803
2020-04-07 11:00:00,417.12952
2020-04-07 12:00:00,285.91064
2020-04-07 13:00:00,84.299225
2020-04-07 14:00:00,46.253834
2020-04-07 15:00:00,55.726204
2020-04-07 16:00:00,78.441505
2020-04-07 17:00:00,128.63509
2020-04-07 18:00:00,165.15617
2020-04-07 19:00:00,167.86057
2020-04-07 20:00:00,112.43687
2020-04-07 21:00:00,80.32541
2020-04-07 22:00:00,88.04462
2020-04-07 23:00:00,104.75639
2020-04-08 00:00:00,114.371765
2020-04-08 01:00:00,130.52866
2020-04-08 02:00:00,196.22728
2020-04-08 03:00:00,208.20235
2020-04-08 04:00:00,212.49243
2020-04-08 05:00:00,248.74121
2020-04-08 06:00:00,271.97266
2020-04-08 07:00:00,294.66016
2020-04-08 08:00:00,327.9148
2020-04-08 09:00:00,319.23315
2020-04-08 10:00:00,298.4854
2020-04-08 11:00:00,281.82733
2020-04-08 12:00:00,219.63821
2020-04-08 13:00:00,149.68175
2020-04-08 14:00:00,98.618774
2020-04-08 15:00:00,102.55769
2020-04-08 16:00:00,150.01828
2020-04-08 17:00:00,240.16052
2020-04-08 18:00:00,258.22498
2020-04-08 19:00:00,286.32812
2020-04-08 20:00:00,326.42468
2020-04-08 21:00:00,270.8828
2020-04-08 22:00:00,268.54013
2020-04-08 23:00:00,277.4583
2020-04-09 00:00:00,285.11536
2020-04-09 01:00:00,275.48813
2020-04-09 02:00:00,298.38605
2020-04-09 03:00:00,431.28906
2020-04-09 04:00:00,457.11206
2020-04-09 05:00:00,491.03156
2020-04-09 06:00:00,473.68726
2020-04-09 07:00:00,421.74875
2020-04-09 08:00:00,433.03696
2020-04-09 09:00:00,433.81592
2020-04-09 10:00:00,394.30933
2020-04-09 11:00:00,310.46826
2020-04-09 12:00:00,181.3693
2020-04-09 13:00:00,113.289825
2020-04-09 14:00:00,109.00981
2020-04-09 15:00:00,90.16896
2020-04-09 16:00:00,67.282
2020-04-09 17:00:00,50.416412
2020-04-09 18:00:00,47.92836
2020-04-09 19:00:00,41.645905
2020-04-09 20:00:00,40.22148
2020-04-09 21:00:00,29.313828
2020-04-09 22:00:00,33.439545
2020-04-09 23:00:00,25.336319
2020-04-10 00:00:00,18.136082
2020-04-10 01:00:00,16.921406
2020-04-10 02:00:00,16.846178
2020-04-10 03:00:00,28.656052
2020-04-10 04:00:00,112.02205
2020-04-10 05:00:00,157.76654
2020-04-10 06:00:00,181.38374
2020-04-10 07:00:00,227.10393
2020-04-10 08:00:00,270.76257
2020-04-10 09:00:00,303.22552
2020-04-10 10:00:00,279.91644
2020-04-10 11:00:00,232.10152
2020-04-10 12:00:00,164.66447
2020-04-10 13:00:00,67.71498
2020-04-10 14:00:00,38.33716
2020-04-10 15:00:00,42.19513
2020-04-10 16:00:00,36.574966
2020-04-10 17:00:00,34.76091
2020-04-10 18:00:00,30.592896
2020-04-10 19:00:00,29.038513
2020-04-10 20:00:00,29.955353
2020-04-10 21:00:00,24.019531
2020-04-10 22:00:00,27.828415
2020-04-10 23:00:00,20.777863
2020-04-11 00:00:00,16.792435
2020-04-11 01:00:00,16.463547
2020-04-11 02:00:00,15.804091
2020-04-11 03:00:00,16.602814
2020-04-11 04:00:00,29.595459
2020-04-11 05:00:00,184.00601
2020-04-11 06:00:00,220.63594
2020-04-11 07:00:00,285.86322
2020-04-11 08:00:00,331.05176
2020-04-11 09:00:00,337.07678
2020-04-11 10:00:00,355.74203
2020-04-11 11:00:00,256.4115
2020-04-11 12:00:00,114.02585
2020-04-11 13:00:00,64.27042
2020-04-11 14:00:00,59.844315
2020-04-11 15:00:00,42.93341
2020-04-11 16:00:00,44.40309
2020-04-11 17:00:00,41.982635
2020-04-11 18:00:00,43.98584
2020-04-11 19:00:00,50.975418
2020-04-11 20:00:00,50.247528
2020-04-11 21:00:00,48.30278
2020-04-11 22:00:00,48.83026
2020-04-11 23:00:00,39.82216
2020-04-12 00:00:00,35.082382
2020-04-12 01:00:00,43.56334
2020-04-12 02:00:00,73.47168
2020-04-12 03:00:00,95.31911
2020-04-12 04:00:00,167.21982
2020-04-12 05:00:00,282.3747
2020-04-12 06:00:00,432.82007
2020-04-12 07:00:00,653.1969
2020-04-12 08:00:00,721.8994
2020-04-12 09:00:00,613.26166
2020-04-12 10:00:00,456.1477
2020-04-12 11:00:00,333.85608
2020-04-12 12:00:00,154.68967
2020-04-12 13:00:00,95.43671
2020-04-12 14:00:00,65.49419
2020-04-12 15:00:00,73.16872
2020-04-12 16:00:00,78.716675
2020-04-12 17:00:00,68.66832
2020-04-12 18:00:00,52.393024
2020-04-12 19:00:00,43.449936
2020-04-12 20:00:00,42.217865
2020-04-12 21:00:00,56.16432
2020-04-12 22:00:00,48.316544
2020-04-12 23:00:00,62.87088
2020-04-13 00:00:00,63.014603
2020-04-13 01:00:00,50.020874
2020-04-13 02:00:00,82.56766
2020-04-13 03:00:00,140.2198
2020-04-13 04:00:00,196.33916
2020-04-13 05:00:00,227.41669
2020-04-13 06:00:00,205.92145
2020-04-13 07:00:00,237.25235
2020-04-13 08:00:00,321.01245
2020-04-13 09:00:00,269.89557
2020-04-13 10:00:00,233.1863
2020-04-13 11:00:00,203.93633
2020-04-13 12:00:00,186.48596
2020-04-13 13:00:00,57.896526
2020-04-13 14:00:00,71.79202
2020-04-13 15:00:00,103.174286
2020-04-13 16:00:00,116.9491
2020-04-13 17:00:00,126.55376
2020-04-13 18:00:00,106.589005
2020-04-13 19:00:00,75.57204
2020-04-13 20:00:00,59.935776
2020-04-13 21:00:00,62.808334
2020-04-13 22:00:00,84.009445
2020-04-13 23:00:00,57.556793
2020-04-14 00:00:00,34.771317
2020-04-14 01:00:00,50.807556
2020-04-14 02:00:00,67.910355
2020-04-14 03:00:00,171.1621
2020-04-14 04:00:00,306.09454
2020-04-14 05:00:00,409.52002
2020-04-14 06:00:00,501.89423
2020-04-14 07:00:00,511.81323
2020-04-14 08:00:00,310.72113
2020-04-14 09:00:00,338.40594
2020-04-14 10:00:00,311.70483
2020-04-14 11:00:00,241.79124
2020-04-14 12:00:00,167.75894
2020-04-14 13:00:00,150.56535
2020-04-14 14:00:00,116.499084
2020-04-14 15:00:00,123.87935
2020-04-14 16:00:00,157.9719
2020-04-14 17:00:00,138.37372
2020-04-14 18:00:00,114.49048
2020-04-14 19:00:00,120.09662
2020-04-14 20:00:00,102.141754
2020-04-14 21:00:00,116.249405
2020-04-14 22:00:00,176.31271
2020-04-14 23:00:00,203.39102
2020-04-15 00:00:00,189.24992
2020-04-15 01:00:00,157.3165
2020-04-15 02:00:00,190.69377
2020-04-15 03:00:00,231.58003
2020-04-15 04:00:00,260.60944
2020-04-15 05:00:00,248.85327
2020-04-15 06:00:00,280.90295
2020-04-15 07:00:00,374.87598
2020-04-15 08:00:00,435.21582
2020-04-15 09:00:00,387.1574
2020-04-15 10:00:00,403.88647
2020-04-15 11:00:00,386.87427
2020-04-15 12:00:00,272.5879
2020-04-15 13:00:00,165.85011
2020-04-15 14:00:00,91.55153
2020-04-15 15:00:00,75.6405
2020-04-15 16:00:00,57.15886
2020-04-15 17:00:00,41.827286
2020-04-15 18:00:00,61.13275
2020-04-15 19:00:00,50.228104
2020-04-15 20:00:00,28.140495
2020-04-15 21:00:00,32.67926
2020-04-15 22:00:00,43.168396
2020-04-15 23:00:00,30.823685
2020-04-16 00:00:00,55.20842
2020-04-16 01:00:00,36.27089
2020-04-16 02:00:00,94.640625
2020-04-16 03:00:00,247.18909
2020-04-16 04:00:00,390.1819
2020-04-16 05:00:00,567.8347
2020-04-16 06:00:00,828.3633
2020-04-16 07:00:00,947.3557
2020-04-16 08:00:00,910.71094
2020-04-16 09:00:00,879.2302
2020-04-16 10:00:00,577.8982
2020-04-16 11:00:00,531.53394
2020-04-16 12:00:00,298.97803
2020-04-16 13:00:00,135.45392
2020-04-16 14:00:00,48.889755
2020-04-16 15:00:00,37.196854
2020-04-16 16:00:00,34.94016
2020-04-16 17:00:00,32.757187
2020-04-16 18:00:00,29.583878
2020-04-16 19:00:00,25.007645
2020-04-16 20:00:00,21.356369
2020-04-16 21:00:00,18.809326
2020-04-16 22:00:00,17.541275
2020-04-16 23:00:00,16.94156
2020-04-17 00:00:00,15.750162
2020-04-17 01:00:00,24.562113
2020-04-17 02:00:00,26.0439
2020-04-17 03:00:00,151.60117
2020-04-17 04:00:00,366.8046
2020-04-17 05:00:00,499.46826
2020-04-17 06:00:00,579.1438
2020-04-17 07:00:00,709.08496
2020-04-17 08:00:00,819.22266
2020-04-17 09:00:00,754.8235
2020-04-17 10:00:00,698.17017
2020-04-17 11:00:00,643.47974
2020-04-17 12:00:00,497.7727
2020-04-17 13:00:00,199.62122
2020-04-17 14:00:00,51.91057
2020-04-17 15:00:00,30.689423
2020-04-17 16:00:00,23.923737
2020-04-17 17:00:00,19.602509
2020-04-17 18:00:00,20.247217
2020-04-17 19:00:00,20.693935
2020-04-17 20:00:00,20.063961
2020-04-17 21:00:00,20.378235
2020-04-17 22:00:00,21.24088
2020-04-17 23:00:00,21.809383
2020-04-18 00:00:00,22.25232
2020-04-18 01:00:00,21.506393
2020-04-18 02:00:00,25.93385
2020-04-18 03:00:00,156.63106
2020-04-18 04:00:00,490.6902
2020-04-18 05:00:00,727.8843
2020-04-18 06:00:00,887.926
2020-04-18 07:00:00,1019.0681
2020-04-18 08:00:00,1168.0349
2020-04-18 09:00:00,1143.3726
2020-04-18 10:00:00,1076.8013
2020-04-18 11:00:00,729.15796
2020-04-18 12:00:00,355.0663
2020-04-18 13:00:00,60.21039
2020-04-18 14:00:00,19.591393
2020-04-18 15:00:00,22.405273
2020-04-18 16:00:00,17.528362
2020-04-18 17:00:00,16.637257
2020-04-18 18:00:00,17.044691
2020-04-18 19:00:00,17.079361
2020-04-18 20:00:00,17.277351
2020-04-18 21:00:00,17.073502
2020-04-18 22:00:00,15.420826
2020-04-18 23:00:00,17.197517
2020-04-19 00:00:00,17.106892
2020-04-19 01:00:00,18.298523
2020-04-19 02:00:00,22.89288
2020-04-19 03:00:00,61.735733
2020-04-19 04:00:00,407.3518
2020-04-19 05:00:00,625.7825
2020-04-19 06:00:00,848.9475
2020-04-19 07:00:00,1056.5378
2020-04-19 08:00:00,1180.3125
2020-04-19 09:00:00,1182.1206
2020-04-19 10:00:00,727.1904
2020-04-19 11:00:00,627.3142
2020-04-19 12:00:00,585.9068
2020-04-19 13:00:00,116.56802
2020-04-19 14:00:00,33.401688
2020-04-19 15:00:00,21.73384
2020-04-19 16:00:00,18.540783
2020-04-19 17:00:00,17.989746
2020-04-19 18:00:00,17.794619
2020-04-19 19:00:00,17.333372
2020-04-19 20:00:00,16.886654
2020-04-19 21:00:00,16.605236
2020-04-19 22:00:00,17.82307
2020-04-19 23:00:00,17.010925
2020-04-20 00:00:00,16.122566
2020-04-20 01:00:00,17.42305
2020-04-20 02:00:00,19.03769
2020-04-20 03:00:00,41.74585
2020-04-20 04:00:00,304.70227
2020-04-20 05:00:00,555.76697
2020-04-20 06:00:00,742.3904
2020-04-20 07:00:00,903.9585
2020-04-20 08:00:00,1015.3054
2020-04-20 09:00:00,1081.9265
2020-04-20 10:00:00,913.8286
2020-04-20 11:00:00,649.86646
2020-04-20 12:00:00,417.2619
2020-04-20 13:00:00,138.33752
2020-04-20 14:00:00,42.508347
2020-04-20 15:00:00,31.713577
2020-04-20 16:00:00,22.505943
2020-04-20 17:00:00,19.376898
2020-04-20 18:00:00,17.587677
2020-04-20 19:00:00,17.261524
2020-04-20 20:00:00,17.468193
2020-04-20 21:00:00,18.991957
2020-04-20 22:00:00,16.524183
2020-04-20 23:00:00,17.493418
2020-04-21 00:00:00,17.352314
2020-04-21 01:00:00,18.174068
2020-04-21 02:00:00,22.895294
2020-04-21 03:00:00,48.33159
2020-04-21 04:00:00,385.30298
2020-04-21 05:00:00,582.98804
2020-04-21 06:00:00,789.51465
2020-04-21 07:00:00,962.05176
2020-04-21 08:00:00,1077.935
2020-04-21 09:00:00,1093.5378
2020-04-21 10:00:00,842.5962
2020-04-21 11:00:00,583.90796
2020-04-21 12:00:00,409.9325
2020-04-21 13:00:00,75.98042
2020-04-21 14:00:00,25.716335
2020-04-21 15:00:00,23.64531
2020-04-21 16:00:00,23.599152
2020-04-21 17:00:00,22.858313
2020-04-21 18:00:00,21.362476
2020-04-21 19:00:00,20.508629
2020-04-21 20:00:00,20.265522
2020-04-21 21:00:00,20.137083
2020-04-21 22:00:00,20.676407
2020-04-21 23:00:00,18.0601
2020-04-22 00:00:00,16.190895
2020-04-22 01:00:00,17.350723
2020-04-22 02:00:00,22.371946
2020-04-22 03:00:00,43.18837
2020-04-22 04:00:00,346.0025
2020-04-22 05:00:00,661.7666
2020-04-22 06:00:00,824.48145
2020-04-22 07:00:00,981.54785
2020-04-22 08:00:00,1063.815
2020-04-22 09:00:00,1123.227
2020-04-22 10:00:00,1159.0537
2020-04-22 11:00:00,538.87
2020-04-22 12:00:00,107.58746
2020-04-22 13:00:00,38.351913
2020-04-22 14:00:00,23.21634
2020-04-22 15:00:00,22.7182
2020-04-22 16:00:00,20.915554
2020-04-22 17:00:00,19.661808
2020-04-22 18:00:00,19.654991
2020-04-22 19:00:00,19.683891
2020-04-22 20:00:00,20.091347
2020-04-22 21:00:00,20.508213
2020-04-22 22:00:00,20.098598
2020-04-22 23:00:00,22.165155
2020-04-23 00:00:00,20.82561
2020-04-23 01:00:00,20.997828
2020-04-23 02:00:00,23.740059
2020-04-23 03:00:00,43.13057
2020-04-23 04:00:00,219.93965
2020-04-23 05:00:00,434.77826
2020-04-23 06:00:00,661.8408
2020-04-23 07:00:00,822.0427
2020-04-23 08:00:00,943.2886
2020-04-23 09:00:00,968.9802
2020-04-23 10:00:00,864.8804
2020-04-23 11:00:00,504.24463
2020-04-23 12:00:00,316.3554
2020-04-23 13:00:00,144.30632
2020-04-23 14:00:00,28.745056
2020-04-23 15:00:00,24.21297
2020-04-23 16:00:00,18.945904
2020-04-23 17:00:00,18.153969
2020-04-23 18:00:00,18.523584
2020-04-23 19:00:00,18.896603
2020-04-23 20:00:00,18.568306
2020-04-23 21:00:00,18.015102
2020-04-23 22:00:00,17.468481
2020-04-23 23:00:00,17.966724
2020-04-24 00:00:00,17.603184
2020-04-24 01:00:00,18.951088
2020-04-24 02:00:00,21.082245
2020-04-24 03:00:00,30.00264
2020-04-24 04:00:00,153.83643
2020-04-24 05:00:00,378.83417
2020-04-24 06:00:00,586.4426
2020-04-24 07:00:00,771.2351
2020-04-24 08:00:00,890.1323
2020-04-24 09:00:00,900.00684
2020-04-24 10:00:00,733.3345
2020-04-24 11:00:00,632.07153
2020-04-24 12:00:00,288.65408
2020-04-24 13:00:00,123.824524
2020-04-24 14:00:00,46.30207
2020-04-24 15:00:00,26.87048
2020-04-24 16:00:00,19.490139
2020-04-24 17:00:00,17.204586
2020-04-24 18:00:00,16.902777
2020-04-24 19:00:00,16.806484
2020-04-24 20:00:00,16.7744
2020-04-24 21:00:00,15.890837
2020-04-24 22:00:00,18.415623
2020-04-24 23:00:00,15.402235
2020-04-25 00:00:00,18.332031
2020-04-25 01:00:00,47.66669
2020-04-25 02:00:00,171.92224
2020-04-25 03:00:00,251.41212
2020-04-25 04:00:00,385.82263
2020-04-25 05:00:00,554.4866
2020-04-25 06:00:00,616.82495
2020-04-25 07:00:00,501.34985
2020-04-25 08:00:00,472.29126
2020-04-25 09:00:00,531.437
2020-04-25 10:00:00,441.41382
2020-04-25 11:00:00,364.7284
2020-04-25 12:00:00,288.94904
2020-04-25 13:00:00,110.095566
2020-04-25 14:00:00,52.212585
2020-04-25 15:00:00,43.25842
2020-04-25 16:00:00,34.967773
2020-04-25 17:00:00,23.904495
2020-04-25 18:00:00,31.778503
2020-04-25 19:00:00,50.907562
2020-04-25 20:00:00,61.644684
2020-04-25 21:00:00,39.53746
2020-04-25 22:00:00,42.1024
2020-04-25 23:00:00,28.824402
2020-04-26 00:00:00,26.563477
2020-04-26 01:00:00,34.74225
2020-04-26 02:00:00,92.17609
2020-04-26 03:00:00,209.1466
2020-04-26 04:00:00,339.70575
2020-04-26 05:00:00,426.551
2020-04-26 06:00:00,419.27954
2020-04-26 07:00:00,478.156
2020-04-26 08:00:00,530.99243
2020-04-26 09:00:00,542.0122
2020-04-26 10:00:00,403.55194
2020-04-26 11:00:00,279.92798
2020-04-26 12:00:00,138.60721
2020-04-26 13:00:00,84.92816
2020-04-26 14:00:00,47.16147
2020-04-26 15:00:00,28.273697
2020-04-26 16:00:00,25.76548
2020-04-26 17:00:00,24.046154
2020-04-26 18:00:00,20.152348
2020-04-26 19:00:00,17.097404
2020-04-26 20:00:00,17.56474
2020-04-26 21:00:00,18.874489
2020-04-26 22:00:00,16.142374
2020-04-26 23:00:00,15.086255
2020-04-27 00:00:00,14.9885
2020-04-27 01:00:00,16.033388
2020-04-27 02:00:00,18.013403
2020-04-27 03:00:00,49.308807
2020-04-27 04:00:00,283.97076
2020-04-27 05:00:00,403.43506
2020-04-27 06:00:00,562.26685
2020-04-27 07:00:00,732.7749
2020-04-27 08:00:00,887.71655
2020-04-27 09:00:00,914.8342
2020-04-27 10:00:00,552.1417
2020-04-27 11:00:00,377.82806
2020-04-27 12:00:00,180.5165
2020-04-27 13:00:00,178.06767
2020-04-27 14:00:00,33.76174
2020-04-27 15:00:00,28.242828
2020-04-27 16:00:00,20.002995
2020-04-27 17:00:00,18.678463
2020-04-27 18:00:00,19.715958
2020-04-27 19:00:00,20.45872
2020-04-27 20:00:00,21.177135
2020-04-27 21:00:00,21.79186
2020-04-27 22:00:00,20.372242
2020-04-27 23:00:00,21.85552
2020-04-28 00:00:00,23.345123
2020-04-28 01:00:00,24.497257
2020-04-28 02:00:00,25.966877
2020-04-28 03:00:00,31.911505
2020-04-28 04:00:00,474.37726
2020-04-28 05:00:00,963.02563
2020-04-28 06:00:00,1151.345
2020-04-28 07:00:00,1215.6963
2020-04-28 08:00:00,1139.3362
2020-04-28 09:00:00,873.35864
2020-04-28 10:00:00,743.48975
2020-04-28 11:00:00,564.5366
2020-04-28 12:00:00,344.16174
2020-04-28 13:00:00,174.01537
2020-04-28 14:00:00,297.60593
2020-04-28 15:00:00,320.83908
2020-04-28 16:00:00,248.36926
2020-04-28 17:00:00,176.7398
2020-04-28 18:00:00,160.5277
2020-04-28 19:00:00,115.77779
2020-04-28 20:00:00,87.2298
2020-04-28 21:00:00,103.20607
2020-04-28 22:00:00,130.82373
2020-04-28 23:00:00,117.49263
2020-04-29 00:00:00,107.94577
2020-04-29 01:00:00,121.83507
2020-04-29 02:00:00,154.62921
2020-04-29 03:00:00,222.32716
2020-04-29 04:00:00,409.4366
2020-04-29 05:00:00,704.7195
2020-04-29 06:00:00,976.0437
2020-04-29 07:00:00,882.95044
2020-04-29 08:00:00,919.72754
2020-04-29 09:00:00,847.98413
2020-04-29 10:00:00,881.01196
2020-04-29 11:00:00,883.67944
2020-04-29 12:00:00,492.85254
2020-04-29 13:00:00,182.51637
2020-04-29 14:00:00,44.131554
2020-04-29 15:00:00,18.682281
2020-04-29 16:00:00,53.37416
2020-04-29 17:00:00,81.35597
2020-04-29 18:00:00,126.43501
2020-04-29 19:00:00,176.27875
2020-04-29 20:00:00,227.76682
2020-04-29 21:00:00,259.89624
2020-04-29 22:00:00,282.56573
2020-04-29 23:00:00,227.35707
2020-04-30 00:00:00,229.609
2020-04-30 01:00:00,262.02075
2020-04-30 02:00:00,293.63052
2020-04-30 03:00:00,355.90186
2020-04-30 04:00:00,318.61127
2020-04-30 05:00:00,280.41504
2020-04-30 06:00:00,351.07764
2020-04-30 07:00:00,407.9651
2020-04-30 08:00:00,310.37573
2020-04-30 09:00:00,336.32007
2020-04-30 10:00:00,344.2649
2020-04-30 11:00:00,285.8039
2020-04-30 12:00:00,169.03424
2020-04-30 13:00:00,137.86555
2020-04-30 14:00:00,132.2605
2020-04-30 15:00:00,52.53691
2020-04-30 16:00:00,31.831251
2020-04-30 17:00:00,27.058456
2020-04-30 18:00:00,19.985363
2020-04-30 19:00:00,17.003502
2020-04-30 20:00:00,17.555676
2020-04-30 21:00:00,18.162985
2020-04-30 22:00:00,18.012962
2020-04-30 23:00:00,18.354847
2020-05-01 00:00:00,17.13071
2020-05-01 01:00:00,19.370209
2020-05-01 02:00:00,31.104507
2020-05-01 03:00:00,203.8045
2020-05-01 04:00:00,393.8453
2020-05-01 05:00:00,621.6787
2020-05-01 06:00:00,843.3159
2020-05-01 07:00:00,1025.0896
2020-05-01 08:00:00,1024.4094
2020-05-01 09:00:00,952.68555
2020-05-01 10:00:00,1047.3242
2020-05-01 11:00:00,772.7136
2020-05-01 12:00:00,527.6669
2020-05-01 13:00:00,257.48166
2020-05-01 14:00:00,170.1267
2020-05-01 15:00:00,58.24373
2020-05-01 16:00:00,29.726427
2020-05-01 17:00:00,31.226566
2020-05-01 18:00:00,22.307106
2020-05-01 19:00:00,17.024445
2020-05-01 20:00:00,18.488075
2020-05-01 21:00:00,20.64028
2020-05-01 22:00:00,23.985592
2020-05-01 23:00:00,26.00299
2020-05-02 00:00:00,23.392166
2020-05-02 01:00:00,30.951385
2020-05-02 02:00:00,38.201553
2020-05-02 03:00:00,93.65445
2020-05-02 04:00:00,219.11324
2020-05-02 05:00:00,329.2868
2020-05-02 06:00:00,473.75977
2020-05-02 07:00:00,622.51685
2020-05-02 08:00:00,683.2124
2020-05-02 09:00:00,726.34863
2020-05-02 10:00:00,556.0344
2020-05-02 11:00:00,552.5447
2020-05-02 12:00:00,309.27502
2020-05-02 13:00:00,107.80133
2020-05-02 14:00:00,67.28485
2020-05-02 15:00:00,26.842123
2020-05-02 16:00:00,28.6366
2020-05-02 17:00:00,30.732899
2020-05-02 18:00:00,21.468002
2020-05-02 19:00:00,21.67367
2020-05-02 20:00:00,20.15424
2020-05-02 21:00:00,17.335535
2020-05-02 22:00:00,16.625069
2020-05-02 23:00:00,16.772987
2020-05-03 00:00:00,14.980106
2020-05-03 01:00:00,16.60753
2020-05-03 02:00:00,23.626694
2020-05-03 03:00:00,247.62509
2020-05-03 04:00:00,423.198
2020-05-03 05:00:00,621.3091
2020-05-03 06:00:00,882.2124
2020-05-03 07:00:00,664.95264
2020-05-03 08:00:00,582.66846
2020-05-03 09:00:00,468.10352
2020-05-03 10:00:00,498.8943
2020-05-03 11:00:00,344.761
2020-05-03 12:00:00,291.2202
2020-05-03 13:00:00,186.62993
2020-05-03 14:00:00,122.38724
2020-05-03 15:00:00,57.41841
2020-05-03 16:00:00,40.549057
2020-05-03 17:00:00,33.31253
2020-05-03 18:00:00,35.187347
2020-05-03 19:00:00,29.636688
2020-05-03 20:00:00,24.135513
2020-05-03 21:00:00,23.719147
2020-05-03 22:00:00,23.064005
2020-05-03 23:00:00,22.171165
2020-05-04 00:00:00,17.954113
2020-05-04 01:00:00,21.417542
2020-05-04 02:00:00,33.2359
2020-05-04 03:00:00,295.7395
2020-05-04 04:00:00,544.4883
2020-05-04 05:00:00,786.4048
2020-05-04 06:00:00,921.7683
2020-05-04 07:00:00,1046.3572
2020-05-04 08:00:00,1127.865
2020-05-04 09:00:00,1086.1606
2020-05-04 10:00:00,1145.365
2020-05-04 11:00:00,970.9758
2020-05-04 12:00:00,607.96216
2020-05-04 13:00:00,268.57065
2020-05-04 14:00:00,41.410187
2020-05-04 15:00:00,20.367786
2020-05-04 16:00:00,20.034214
2020-05-04 17:00:00,23.457027
2020-05-04 18:00:00,21.581333
2020-05-04 19:00:00,19.799671
2020-05-04 20:00:00,18.16143
2020-05-04 21:00:00,18.117004
2020-05-04 22:00:00,25.134045
2020-05-04 23:00:00,21.597454
2020-05-05 00:00:00,20.034058
2020-05-05 01:00:00,22.260464
2020-05-05 02:00:00,102.05414
2020-05-05 03:00:00,309.27264
2020-05-05 04:00:00,401.19336
2020-05-05 05:00:00,511.44043
2020-05-05 06:00:00,504.4895
2020-05-05 07:00:00,606.7201
2020-05-05 08:00:00,682.16693
2020-05-05 09:00:00,692.08575
2020-05-05 10:00:00,814.03796
2020-05-05 11:00:00,483.6844
2020-05-05 12:00:00,267.9608
2020-05-05 13:00:00,331.86017
2020-05-05 14:00:00,231.33182
2020-05-05 15:00:00,166.50713
2020-05-05 16:00:00,68.42787
2020-05-05 17:00:00,33.372677
2020-05-05 18:00:00,23.832273
2020-05-05 19:00:00,22.919155
2020-05-05 20:00:00,24.35884
2020-05-05 21:00:00,20.078375
2020-05-05 22:00:00,21.536125
2020-05-05 23:00:00,21.836546
2020-05-06 00:00:00,17.858448
2020-05-06 01:00:00,19.301422
2020-05-06 02:00:00,25.086992
2020-05-06 03:00:00,304.4121
2020-05-06 04:00:00,449.3484
2020-05-06 05:00:00,618.32837
2020-05-06 06:00:00,772.2295
2020-05-06 07:00:00,880.68506
2020-05-06 08:00:00,1003.32495
2020-05-06 09:00:00,1031.8474
2020-05-06 10:00:00,918.84033
2020-05-06 11:00:00,873.6582
2020-05-06 12:00:00,440.511
2020-05-06 13:00:00,275.8612
2020-05-06 14:00:00,166.98044
2020-05-06 15:00:00,159.20604
2020-05-06 16:00:00,104.77673
2020-05-06 17:00:00,76.7108
2020-05-06 18:00:00,53.428604
2020-05-06 19:00:00,30.582077
2020-05-06 20:00:00,23.363876
2020-05-06 21:00:00,19.873306
2020-05-06 22:00:00,22.537075
2020-05-06 23:00:00,18.806648
2020-05-07 00:00:00,18.11614
2020-05-07 01:00:00,16.801193
2020-05-07 02:00:00,17.254898
2020-05-07 03:00:00,197.07263
2020-05-07 04:00:00,366.4441
2020-05-07 05:00:00,565.5427
2020-05-07 06:00:00,757.16724
2020-05-07 07:00:00,920.8135
2020-05-07 08:00:00,1182.6619
2020-05-07 09:00:00,1154.9502
2020-05-07 10:00:00,886.14233
2020-05-07 11:00:00,733.86914
2020-05-07 12:00:00,522.60645
2020-05-07 13:00:00,128.5672
2020-05-07 14:00:00,24.30394
2020-05-07 15:00:00,15.912314
2020-05-07 16:00:00,19.521957
2020-05-07 17:00:00,17.139236
2020-05-07 18:00:00,19.365875
2020-05-07 19:00:00,21.949844
2020-05-07 20:00:00,21.07637
2020-05-07 21:00:00,19.049902
2020-05-07 22:00:00,25.656185
2020-05-07 23:00:00,18.852695
2020-05-08 00:00:00,17.011889
2020-05-08 01:00:00,17.320343
2020-05-08 02:00:00,19.541004
2020-05-08 03:00:00,287.5288
2020-05-08 04:00:00,505.46655
2020-05-08 05:00:00,770.72046
2020-05-08 06:00:00,960.2268
2020-05-08 07:00:00,1078.1912
2020-05-08 08:00:00,1153.0498
2020-05-08 09:00:00,951.7761
2020-05-08 10:00:00,771.86304
2020-05-08 11:00:00,495.16235
2020-05-08 12:00:00,299.9378
2020-05-08 13:00:00,266.41138
2020-05-08 14:00:00,173.56442
2020-05-08 15:00:00,25.308334
2020-05-08 16:00:00,33.471725
2020-05-08 17:00:00,44.72133
2020-05-08 18:00:00,23.730942
2020-05-08 19:00:00,18.914684
2020-05-08 20:00:00,19.06202
2020-05-08 21:00:00,24.276703
2020-05-08 22:00:00,39.369324
2020-05-08 23:00:00,47.3067
2020-05-09 00:00:00,22.61905
2020-05-09 01:00:00,22.243973
2020-05-09 02:00:00,35.14862
2020-05-09 03:00:00,315.97284
2020-05-09 04:00:00,569.6826
2020-05-09 05:00:00,632.1138
2020-05-09 06:00:00,719.0386
2020-05-09 07:00:00,911.0742
2020-05-09 08:00:00,620.0847
2020-05-09 09:00:00,492.82324
2020-05-09 10:00:00,540.15894
2020-05-09 11:00:00,406.89136
2020-05-09 12:00:00,415.4026
2020-05-09 13:00:00,163.46112
2020-05-09 14:00:00,93.632324
2020-05-09 15:00:00,39.87738
2020-05-09 16:00:00,81.54076
2020-05-09 17:00:00,59.89743
2020-05-09 18:00:00,47.52144
2020-05-09 19:00:00,42.82013
2020-05-09 20:00:00,34.838104
2020-05-09 21:00:00,23.129517
2020-05-09 22:00:00,57.156883
2020-05-09 23:00:00,41.885162
2020-05-10 00:00:00,37.108902
2020-05-10 01:00:00,42.91925
2020-05-10 02:00:00,166.20985
2020-05-10 03:00:00,291.63116
2020-05-10 04:00:00,491.54712
2020-05-10 05:00:00,557.4934
2020-05-10 06:00:00,731.89404
2020-05-10 07:00:00,709.1738
2020-05-10 08:00:00,605.6294
2020-05-10 09:00:00,473.08105
2020-05-10 10:00:00,428.50073
2020-05-10 11:00:00,515.7938
2020-05-10 12:00:00,282.49115
2020-05-10 13:00:00,109.827286
2020-05-10 14:00:00,56.70842
2020-05-10 15:00:00,61.321884
2020-05-10 16:00:00,50.94969
2020-05-10 17:00:00,31.300552
2020-05-10 18:00:00,22.012894
2020-05-10 19:00:00,18.80809
2020-05-10 20:00:00,17.883347
2020-05-10 21:00:00,17.500599
2020-05-10 22:00:00,20.32319
2020-05-10 23:00:00,18.8589
2020-05-11 00:00:00,17.244434
2020-05-11 01:00:00,22.382706
2020-05-11 02:00:00,53.275604
2020-05-11 03:00:00,387.22998
2020-05-11 04:00:00,641.468
2020-05-11 05:00:00,855.6106
2020-05-11 06:00:00,994.42993
2020-05-11 07:00:00,1055.9675
2020-05-11 08:00:00,1043.2688
2020-05-11 09:00:00,1103.4307
2020-05-11 10:00:00,1087.2878
2020-05-11 11:00:00,960.9939
2020-05-11 12:00:00,638.8367
2020-05-11 13:00:00,432.04468
2020-05-11 14:00:00,119.220505
2020-05-11 15:00:00,47.648376
2020-05-11 16:00:00,29.13861
2020-05-11 17:00:00,23.775402
2020-05-11 18:00:00,21.239765
2020-05-11 19:00:00,20.901398
2020-05-11 20:00:00,20.266783
2020-05-11 21:00:00,19.306376
2020-05-11 22:00:00,19.395693
2020-05-11 23:00:00,19.260302
2020-05-12 00:00:00,18.65883
2020-05-12 01:00:00,20.729544
2020-05-12 02:00:00,55.110474
2020-05-12 03:00:00,375.06415
2020-05-12 04:00:00,563.19385
2020-05-12 05:00:00,764.0393
2020-05-12 06:00:00,889.1929
2020-05-12 07:00:00,957.8994
2020-05-12 08:00:00,871.208
2020-05-12 09:00:00,815.10986
2020-05-12 10:00:00,1044.3721
2020-05-12 11:00:00,724.99713
2020-05-12 12:00:00,378.53662
2020-05-12 13:00:00,123.763855
2020-05-12 14:00:00,26.354507
2020-05-12 15:00:00,26.850302
2020-05-12 16:00:00,19.616898
2020-05-12 17:00:00,18.367157
2020-05-12 18:00:00,19.452503
2020-05-12 19:00:00,21.229494
2020-05-12 20:00:00,20.825018
2020-05-12 21:00:00,20.60109
2020-05-12 22:00:00,19.985794
2020-05-12 23:00:00,19.738167
2020-05-13 00:00:00,17.775372
2020-05-13 01:00:00,18.792576
2020-05-13 02:00:00,27.562958
2020-05-13 03:00:00,470.85724
2020-05-13 04:00:00,618.5005
2020-05-13 05:00:00,730.6587
2020-05-13 06:00:00,869.9812
2020-05-13 07:00:00,835.1443
2020-05-13 08:00:00,793.39526
2020-05-13 09:00:00,844.36035
2020-05-13 10:00:00,502.9204
2020-05-13 11:00:00,574.0322
2020-05-13 12:00:00,274.8616
2020-05-13 13:00:00,190.2295
2020-05-13 14:00:00,32.034363
2020-05-13 15:00:00,17.516266
2020-05-13 16:00:00,30.09761
2020-05-13 17:00:00,27.325378
2020-05-13 18:00:00,54.078384
2020-05-13 19:00:00,58.556946
2020-05-13 20:00:00,20.989304
2020-05-13 21:00:00,68.93619
2020-05-13 22:00:00,73.072464
2020-05-13 23:00:00,100.8288
2020-05-14 00:00:00,44.22361
2020-05-14 01:00:00,72.77179
2020-05-14 02:00:00,145.63269
2020-05-14 03:00:00,190.41208
2020-05-14 04:00:00,222.9735
2020-05-14 05:00:00,240.57306
2020-05-14 06:00:00,310.04102
2020-05-14 07:00:00,309.82913
2020-05-14 08:00:00,342.95532
2020-05-14 09:00:00,423.06226
2020-05-14 10:00:00,455.78296
2020-05-14 11:00:00,600.9043
2020-05-14 12:00:00,854.10986
2020-05-14 13:00:00,760.69214
2020-05-14 14:00:00,603.3911
2020-05-14 15:00:00,516.4691
2020-05-14 16:00:00,402.0699
2020-05-14 17:00:00,366.07855
2020-05-14 18:00:00,222.41719
2020-05-14 19:00:00,66.282486
2020-05-14 20:00:00,72.84453
2020-05-14 21:00:00,71.43982
2020-05-14 22:00:00,97.76193
2020-05-14 23:00:00,108.36812
2020-05-15 00:00:00,101.628494
2020-05-15 01:00:00,128.45087
2020-05-15 02:00:00,179.29208
2020-05-15 03:00:00,243.67834
2020-05-15 04:00:00,305.89368
2020-05-15 05:00:00,429.3852
2020-05-15 06:00:00,511.65344
2020-05-15 07:00:00,608.3264
2020-05-15 08:00:00,591.60767
2020-05-15 09:00:00,571.6426
2020-05-15 10:00:00,529.38544
2020-05-15 11:00:00,535.64294
2020-05-15 12:00:00,480.76904
2020-05-15 13:00:00,235.67015
2020-05-15 14:00:00,107.85591
2020-05-15 15:00:00,32.008224
2020-05-15 16:00:00,23.9906
2020-05-15 17:00:00,15.687917
2020-05-15 18:00:00,14.386977
2020-05-15 19:00:00,20.932524
2020-05-15 20:00:00,21.833958
2020-05-15 21:00:00,22.488905
2020-05-15 22:00:00,24.53344
2020-05-15 23:00:00,23.735336
2020-05-16 00:00:00,17.800686
2020-05-16 01:00:00,17.207203
2020-05-16 02:00:00,20.954895
2020-05-16 03:00:00,231.51944
2020-05-16 04:00:00,395.8152
2020-05-16 05:00:00,528.98413
2020-05-16 06:00:00,546.2556
2020-05-16 07:00:00,671.2075
2020-05-16 08:00:00,710.8296
2020-05-16 09:00:00,397.9984
2020-05-16 10:00:00,333.54706
2020-05-16 11:00:00,257.57562
2020-05-16 12:00:00,120.03902
2020-05-16 13:00:00,164.66718
2020-05-16 14:00:00,125.26538
2020-05-16 15:00:00,73.53256
2020-05-16 16:00:00,56.76671
2020-05-16 17:00:00,84.95433
2020-05-16 18:00:00,56.135803
2020-05-16 19:00:00,63.68692
2020-05-16 20:00:00,55.346634
2020-05-16 21:00:00,28.825516
2020-05-16 22:00:00,35.79001
2020-05-16 23:00:00,45.850845
2020-05-17 00:00:00,72.57387
2020-05-17 01:00:00,79.72937
2020-05-17 02:00:00,156.64809
2020-05-17 03:00:00,284.99023
2020-05-17 04:00:00,384.9734
2020-05-17 05:00:00,502.62378
2020-05-17 06:00:00,612.2815
2020-05-17 07:00:00,779.30176
2020-05-17 08:00:00,694.90356
2020-05-17 09:00:00,708.9448
2020-05-17 10:00:00,589.4309
2020-05-17 11:00:00,590.99365
2020-05-17 12:00:00,508.02368
2020-05-17 13:00:00,233.3404
2020-05-17 14:00:00,61.9485
2020-05-17 15:00:00,17.222183
2020-05-17 16:00:00,13.775168
2020-05-17 17:00:00,35.296944
2020-05-17 18:00:00,22.037994
2020-05-17 19:00:00,24.388805
2020-05-17 20:00:00,21.348007
2020-05-17 21:00:00,20.319773
2020-05-17 22:00:00,21.122864
2020-05-17 23:00:00,26.489372
2020-05-18 00:00:00,19.980335
2020-05-18 01:00:00,17.821106
2020-05-18 02:00:00,40.047745
2020-05-18 03:00:00,264.8371
2020-05-18 04:00:00,509.67944
2020-05-18 05:00:00,760.05664
2020-05-18 06:00:00,810.5166
2020-05-18 07:00:00,923.4524
2020-05-18 08:00:00,1086.5752
2020-05-18 09:00:00,1060.6926
2020-05-18 10:00:00,988.1001
2020-05-18 11:00:00,935.57446
2020-05-18 12:00:00,509.8523
2020-05-18 13:00:00,321.1352
2020-05-18 14:00:00,76.46231
2020-05-18 15:00:00,129.57838
2020-05-18 16:00:00,273.65503
2020-05-18 17:00:00,181.93025
2020-05-18 18:00:00,93.35683
2020-05-18 19:00:00,128.89821
2020-05-18 20:00:00,109.209305
2020-05-18 21:00:00,88.96121
2020-05-18 22:00:00,105.04225
2020-05-18 23:00:00,63.521667
2020-05-19 00:00:00,54.55913
2020-05-19 01:00:00,85.40671
2020-05-19 02:00:00,210.46875
2020-05-19 03:00:00,275.2765
2020-05-19 04:00:00,329.8108
2020-05-19 05:00:00,252.7409
2020-05-19 06:00:00,531.73535
2020-05-19 07:00:00,473.2019
2020-05-19 08:00:00,582.28784
2020-05-19 09:00:00,660.093
2020-05-19 10:00:00,482.38574
2020-05-19 11:00:00,399.80566
2020-05-19 12:00:00,370.95776
2020-05-19 13:00:00,214.37732
2020-05-19 14:00:00,137.81082
2020-05-19 15:00:00,111.23691
2020-05-19 16:00:00,81.60573
2020-05-19 17:00:00,42.78717
2020-05-19 18:00:00,23.217438
2020-05-19 19:00:00,19.015533
2020-05-19 20:00:00,21.654236
2020-05-19 21:00:00,22.878387
2020-05-19 22:00:00,17.620941
2020-05-19 23:00:00,25.350616
2020-05-20 00:00:00,26.632828
2020-05-20 01:00:00,26.26207
2020-05-20 02:00:00,123.0426
2020-05-20 03:00:00,416.4077
2020-05-20 04:00:00,583.76514
2020-05-20 05:00:00,689.41284
2020-05-20 06:00:00,831.45605
2020-05-20 07:00:00,983.5742
2020-05-20 08:00:00,1038.334
2020-05-20 09:00:00,913.5945
2020-05-20 10:00:00,716.1201
2020-05-20 11:00:00,518.8533
2020-05-20 12:00:00,320.22534
2020-05-20 13:00:00,241.02911
2020-05-20 14:00:00,67.966995
2020-05-20 15:00:00,44.21411
2020-05-20 16:00:00,43.998047
2020-05-20 17:00:00,22.35781
2020-05-20 18:00:00,17.06224
2020-05-20 19:00:00,17.072052
2020-05-20 20:00:00,17.227934
2020-05-20 21:00:00,17.123095
2020-05-20 22:00:00,17.287615
2020-05-20 23:00:00,18.275267
2020-05-21 00:00:00,17.442757
2020-05-21 01:00:00,18.409092
2020-05-21 02:00:00,32.452835
2020-05-21 03:00:00,370.2273
2020-05-21 04:00:00,633.6809
2020-05-21 05:00:00,859.37646
2020-05-21 06:00:00,1034.1824
2020-05-21 07:00:00,998.5051
2020-05-21 08:00:00,982.23
2020-05-21 09:00:00,894.23193
2020-05-21 10:00:00,829.8096
2020-05-21 11:00:00,425.563
2020-05-21 12:00:00,335.52582
2020-05-21 13:00:00,221.24232
2020-05-21 14:00:00,97.4485
2020-05-21 15:00:00,91.57399
2020-05-21 16:00:00,55.890488
2020-05-21 17:00:00,43.812363
2020-05-21 18:00:00,45.859497
2020-05-21 19:00:00,47.17253
2020-05-21 20:00:00,34.26004
2020-05-21 21:00:00,18.411346
2020-05-21 22:00:00,19.500809
2020-05-21 23:00:00,16.648876
2020-05-22 00:00:00,17.086992
2020-05-22 01:00:00,20.689716
2020-05-22 02:00:00,94.32028
2020-05-22 03:00:00,396.1565
2020-05-22 04:00:00,669.7864
2020-05-22 05:00:00,846.49414
2020-05-22 06:00:00,899.7715
2020-05-22 07:00:00,1047.2285
2020-05-22 08:00:00,1094.0198
2020-05-22 09:00:00,1130.919
2020-05-22 10:00:00,1070.5881
2020-05-22 11:00:00,1036.7163
2020-05-22 12:00:00,595.8252
2020-05-22 13:00:00,353.11066
2020-05-22 14:00:00,67.22603
2020-05-22 15:00:00,28.035645
2020-05-22 16:00:00,22.658127
2020-05-22 17:00:00,18.978043
2020-05-22 18:00:00,18.403637
2020-05-22 19:00:00,17.60093
2020-05-22 20:00:00,17.618233
2020-05-22 21:00:00,17.524296
2020-05-22 22:00:00,18.552916
2020-05-22 23:00:00,20.50664
2020-05-23 00:00:00,22.956772
2020-05-23 01:00:00,26.239395
2020-05-23 02:00:00,47.13272
2020-05-23 03:00:00,373.67682
2020-05-23 04:00:00,562.01855
2020-05-23 05:00:00,734.41895
2020-05-23 06:00:00,879.48193
2020-05-23 07:00:00,947.26636
2020-05-23 08:00:00,811.1941
2020-05-23 09:00:00,957.42554
2020-05-23 10:00:00,895.9878
2020-05-23 11:00:00,843.18823
2020-05-23 12:00:00,593.4309
2020-05-23 13:00:00,209.18567
2020-05-23 14:00:00,49.088806
2020-05-23 15:00:00,34.81307
2020-05-23 16:00:00,29.347141
2020-05-23 17:00:00,25.380333
2020-05-23 18:00:00,22.23268
2020-05-23 19:00:00,20.350658
2020-05-23 20:00:00,19.316072
2020-05-23 21:00:00,19.080423
2020-05-23 22:00:00,20.370693
2020-05-23 23:00:00,20.909195
2020-05-24 00:00:00,18.365341
2020-05-24 01:00:00,19.71939
2020-05-24 02:00:00,26.176437
2020-05-24 03:00:00,345.80872
2020-05-24 04:00:00,584.6067
2020-05-24 05:00:00,764.9768
2020-05-24 06:00:00,892.8037
2020-05-24 07:00:00,792.5957
2020-05-24 08:00:00,1018.9143
2020-05-24 09:00:00,1019.5769
2020-05-24 10:00:00,789.9995
2020-05-24 11:00:00,671.33057
2020-05-24 12:00:00,652.29004
2020-05-24 13:00:00,310.1819
2020-05-24 14:00:00,69.43906
2020-05-24 15:00:00,30.395935
2020-05-24 16:00:00,31.402567
2020-05-24 17:00:00,36.734276
2020-05-24 18:00:00,26.065403
2020-05-24 19:00:00,24.12367
2020-05-24 20:00:00,21.06195
2020-05-24 21:00:00,18.350422
2020-05-24 22:00:00,18.059633
2020-05-24 23:00:00,18.38693
2020-05-25 00:00:00,18.725586
2020-05-25 01:00:00,21.890366
2020-05-25 02:00:00,27.556915
2020-05-25 03:00:00,237.66302
2020-05-25 04:00:00,475.83545
2020-05-25 05:00:00,670.2134
2020-05-25 06:00:00,854.89746
2020-05-25 07:00:00,1004.5049
2020-05-25 08:00:00,1093.8113
2020-05-25 09:00:00,888.8977
2020-05-25 10:00:00,751.5906
2020-05-25 11:00:00,667.85986
2020-05-25 12:00:00,444.9375
2020-05-25 13:00:00,269.56238
2020-05-25 14:00:00,69.80522
2020-05-25 15:00:00,33.94557
2020-05-25 16:00:00,22.57016
2020-05-25 17:00:00,21.841568
2020-05-25 18:00:00,19.913235
2020-05-25 19:00:00,18.395367
2020-05-25 20:00:00,17.811504
2020-05-25 21:00:00,18.022963
2020-05-25 22:00:00,19.069925
2020-05-25 23:00:00,18.466469
2020-05-26 00:00:00,18.174793
2020-05-26 01:00:00,17.687004
2020-05-26 02:00:00,19.054245
2020-05-26 03:00:00,140.32959
2020-05-26 04:00:00,461.45898
2020-05-26 05:00:00,666.81226
2020-05-26 06:00:00,852.876
2020-05-26 07:00:00,1141.6743
2020-05-26 08:00:00,1200.7002
2020-05-26 09:00:00,1043.5295
2020-05-26 10:00:00,713.2246
2020-05-26 11:00:00,422.08163
2020-05-26 12:00:00,292.16687
2020-05-26 13:00:00,46.48529
2020-05-26 14:00:00,30.87027
2020-05-26 15:00:00,20.683777
2020-05-26 16:00:00,19.971962
2020-05-26 17:00:00,22.633533
2020-05-26 18:00:00,19.408485
2020-05-26 19:00:00,19.72525
2020-05-26 20:00:00,19.548512
2020-05-26 21:00:00,20.264193
2020-05-26 22:00:00,20.13894
2020-05-26 23:00:00,20.629967
2020-05-27 00:00:00,20.008205
2020-05-27 01:00:00,22.182186
2020-05-27 02:00:00,31.130386
2020-05-27 03:00:00,272.39285
2020-05-27 04:00:00,630.27734
2020-05-27 05:00:00,899.2263
2020-05-27 06:00:00,1078.8647
2020-05-27 07:00:00,1154.2373
2020-05-27 08:00:00,1227.9177
2020-05-27 09:00:00,1164.739
2020-05-27 10:00:00,1710.498
2020-05-27 11:00:00,943.13477
2020-05-27 12:00:00,630.5957
2020-05-27 13:00:00,474.9116
2020-05-27 14:00:00,52.96422
2020-05-27 15:00:00,27.600174
2020-05-27 16:00:00,24.324112
2020-05-27 17:00:00,24.298315
2020-05-27 18:00:00,22.909195
2020-05-27 19:00:00,20.698689
2020-05-27 20:00:00,21.354454
2020-05-27 21:00:00,21.51183
2020-05-27 22:00:00,18.711662
2020-05-27 23:00:00,21.510231
2020-05-28 00:00:00,22.194416
2020-05-28 01:00:00,23.529175
2020-05-28 02:00:00,39.856583
2020-05-28 03:00:00,310.79883
2020-05-28 04:00:00,605.12256
2020-05-28 05:00:00,791.7512
2020-05-28 06:00:00,997.5796
2020-05-28 07:00:00,1395.3713
2020-05-28 08:00:00,1293.4077
2020-05-28 09:00:00,1435.7979
2020-05-28 10:00:00,1249.0203
2020-05-28 11:00:00,1321.6985
2020-05-28 12:00:00,903.2383
2020-05-28 13:00:00,378.60938
2020-05-28 14:00:00,173.15419
2020-05-28 15:00:00,72.76271
2020-05-28 16:00:00,54.007233
2020-05-28 17:00:00,38.68367
2020-05-28 18:00:00,31.263954
2020-05-28 19:00:00,27.461182
2020-05-28 20:00:00,22.141537
2020-05-28 21:00:00,19.571308
2020-05-28 22:00:00,20.610771
2020-05-28 23:00:00,17.597069
2020-05-29 00:00:00,17.635769
2020-05-29 01:00:00,20.36399
2020-05-29 02:00:00,43.50331
2020-05-29 03:00:00,362.8145
2020-05-29 04:00:00,557.1555
2020-05-29 05:00:00,786.92017
2020-05-29 06:00:00,956.0012
2020-05-29 07:00:00,1000.0845
2020-05-29 08:00:00,1012.47
2020-05-29 09:00:00,1089.5042
2020-05-29 10:00:00,1335.79
2020-05-29 11:00:00,1159.1052
2020-05-29 12:00:00,397.0144
2020-05-29 13:00:00,206.32573
2020-05-29 14:00:00,128.32951
2020-05-29 15:00:00,77.027954
2020-05-29 16:00:00,28.275406
2020-05-29 17:00:00,31.513184
2020-05-29 18:00:00,28.581482
2020-05-29 19:00:00,27.461594
2020-05-29 20:00:00,22.4487
2020-05-29 21:00:00,20.739044
2020-05-29 22:00:00,19.054077
2020-05-29 23:00:00,23.427826
2020-05-30 00:00:00,22.042267
2020-05-30 01:00:00,23.83223
2020-05-30 02:00:00,133.89769
2020-05-30 03:00:00,415.98767
2020-05-30 04:00:00,707.4944
2020-05-30 05:00:00,983.8887
2020-05-30 06:00:00,1034.1162
2020-05-30 07:00:00,1126.7312
2020-05-30 08:00:00,1299.3398
2020-05-30 09:00:00,1040.0063
2020-05-30 10:00:00,1031.3667
2020-05-30 11:00:00,653.5073
2020-05-30 12:00:00,621.2842
2020-05-30 13:00:00,416.03436
2020-05-30 14:00:00,40.99176
2020-05-30 15:00:00,23.014328
2020-05-30 16:00:00,21.567047
2020-05-30 17:00:00,23.767105
2020-05-30 18:00:00,24.30812
2020-05-30 19:00:00,24.309982
2020-05-30 20:00:00,23.301746
2020-05-30 21:00:00,22.770538
2020-05-30 22:00:00,20.688484
2020-05-30 23:00:00,21.760077
2020-05-31 00:00:00,21.500618
2020-05-31 01:00:00,22.269165
2020-05-31 02:00:00,35.671295
2020-05-31 03:00:00,428.5254
2020-05-31 04:00:00,737.98267
2020-05-31 05:00:00,1078.7048
2020-05-31 06:00:00,1309.252
2020-05-31 07:00:00,1387.3247
2020-05-31 08:00:00,1034.7234
2020-05-31 09:00:00,1094.0513
2020-05-31 10:00:00,815.24927
2020-05-31 11:00:00,625.9009
2020-05-31 12:00:00,460.3662
2020-05-31 13:00:00,95.43303
2020-05-31 14:00:00,25.206116
2020-05-31 15:00:00,27.019226
2020-05-31 16:00:00,20.985107
2020-05-31 17:00:00,25.918488
2020-05-31 18:00:00,24.343628
2020-05-31 19:00:00,24.82051
2020-05-31 20:00:00,23.683704
2020-05-31 21:00:00,20.861198
2020-05-31 22:00:00,19.153992
2020-05-31 23:00:00,19.40134
2020-06-01 00:00:00,20.325184
2020-06-01 01:00:00,22.97221
2020-06-01 02:00:00,40.601074
2020-06-01 03:00:00,401.08508
2020-06-01 04:00:00,670.6919
2020-06-01 05:00:00,901.1831
2020-06-01 06:00:00,1054.7246
2020-06-01 07:00:00,1234.5188
2020-06-01 08:00:00,1245.0398
2020-06-01 09:00:00,981.3982
2020-06-01 10:00:00,840.14307
2020-06-01 11:00:00,309.43463
2020-06-01 12:00:00,245.29877
2020-06-01 13:00:00,91.22496
2020-06-01 14:00:00,57.148575
2020-06-01 15:00:00,36.014587
2020-06-01 16:00:00,32.03911
2020-06-01 17:00:00,26.729202
2020-06-01 18:00:00,19.499084
2020-06-01 19:00:00,19.465149
2020-06-01 20:00:00,18.39531
2020-06-01 21:00:00,18.231155
2020-06-01 22:00:00,31.594421
2020-06-01 23:00:00,35.110245
2020-06-02 00:00:00,42.600555
2020-06-02 01:00:00,50.02092
2020-06-02 02:00:00,104.80977
2020-06-02 03:00:00,360.06024
2020-06-02 04:00:00,685.92017
2020-06-02 05:00:00,835.33496
2020-06-02 06:00:00,959.33374
2020-06-02 07:00:00,1099.7253
2020-06-02 08:00:00,1333.1975
2020-06-02 09:00:00,918.12476
2020-06-02 10:00:00,1156.9736
2020-06-02 11:00:00,756.76074
2020-06-02 12:00:00,416.591
2020-06-02 13:00:00,263.62134
2020-06-02 14:00:00,84.25891
2020-06-02 15:00:00,39.05191
2020-06-02 16:00:00,31.169052
2020-06-02 17:00:00,29.944763
2020-06-02 18:00:00,26.067028
2020-06-02 19:00:00,25.991684
2020-06-02 20:00:00,30.672043
2020-06-02 21:00:00,31.047455
2020-06-02 22:00:00,45.09819
2020-06-02 23:00:00,35.824257
2020-06-03 00:00:00,33.302692
2020-06-03 01:00:00,34.50479
2020-06-03 02:00:00,53.37996
2020-06-03 03:00:00,305.84073
2020-06-03 04:00:00,600.1958
2020-06-03 05:00:00,897.5032
2020-06-03 06:00:00,1055.8
2020-06-03 07:00:00,1118.3164
2020-06-03 08:00:00,1170.0305
2020-06-03 09:00:00,1209.5508
2020-06-03 10:00:00,887.2456
2020-06-03 11:00:00,776.0354
2020-06-03 12:00:00,358.01196
2020-06-03 13:00:00,146.2953
2020-06-03 14:00:00,36.72722
2020-06-03 15:00:00,24.95845
2020-06-03 16:00:00,20.241776
2020-06-03 17:00:00,22.802505
2020-06-03 18:00:00,23.443893
2020-06-03 19:00:00,23.84201
2020-06-03 20:00:00,24.290329
2020-06-03 21:00:00,27.316635
2020-06-03 22:00:00,26.008148
2020-06-03 23:00:00,31.317825
2020-06-04 00:00:00,30.985468
2020-06-04 01:00:00,30.778625
2020-06-04 02:00:00,68.218414
2020-06-04 03:00:00,435.6621
2020-06-04 04:00:00,753.2849
2020-06-04 05:00:00,879.5857
2020-06-04 06:00:00,1058.6016
2020-06-04 07:00:00,1143.1548
2020-06-04 08:00:00,1317.8545
2020-06-04 09:00:00,1472.9834
2020-06-04 10:00:00,1923.0222
2020-06-04 11:00:00,994.37256
2020-06-04 12:00:00,687.28784
2020-06-04 13:00:00,558.79346
2020-06-04 14:00:00,181.95456
2020-06-04 15:00:00,510.95227
2020-06-04 16:00:00,425.858
2020-06-04 17:00:00,47.80255
2020-06-04 18:00:00,44.37204
2020-06-04 19:00:00,43.008804
2020-06-04 20:00:00,49.508743
2020-06-04 21:00:00,55.537125
2020-06-04 22:00:00,81.49904
2020-06-04 23:00:00,73.16696
2020-06-05 00:00:00,51.83795
2020-06-05 01:00:00,46.021835
2020-06-05 02:00:00,160.78467
2020-06-05 03:00:00,828.6188
2020-06-05 04:00:00,726.55835
2020-06-05 05:00:00,840.583
2020-06-05 06:00:00,693.22314
2020-06-05 07:00:00,876.5029
2020-06-05 08:00:00,904.0383
2020-06-05 09:00:00,722.6157
2020-06-05 10:00:00,546.3303
2020-06-05 11:00:00,849.0679
2020-06-05 12:00:00,526.9802
2020-06-05 13:00:00,405.46826
2020-06-05 14:00:00,341.8169
2020-06-05 15:00:00,89.104294
2020-06-05 16:00:00,75.99049
2020-06-05 17:00:00,87.28566
2020-06-05 18:00:00,76.88414
2020-06-05 19:00:00,32.723633
2020-06-05 20:00:00,31.064056
2020-06-05 21:00:00,30.074738
2020-06-05 22:00:00,34.81079
2020-06-05 23:00:00,38.618378
2020-06-06 00:00:00,124.9978
2020-06-06 01:00:00,187.06996
2020-06-06 02:00:00,273.3589
2020-06-06 03:00:00,379.9978
2020-06-06 04:00:00,483.3518
2020-06-06 05:00:00,756.386
2020-06-06 06:00:00,968.9248
2020-06-06 07:00:00,920.3523
2020-06-06 08:00:00,940.0884
2020-06-06 09:00:00,998.92944
2020-06-06 10:00:00,891.0342
2020-06-06 11:00:00,1204.9612
2020-06-06 12:00:00,758.2761
2020-06-06 13:00:00,669.45483
2020-06-06 14:00:00,247.68811
2020-06-06 15:00:00,149.21237
2020-06-06 16:00:00,64.062485
2020-06-06 17:00:00,63.94046
2020-06-06 18:00:00,32.133755
2020-06-06 19:00:00,26.892868
2020-06-06 20:00:00,20.008383
2020-06-06 21:00:00,23.666595
2020-06-06 22:00:00,18.04396
2020-06-06 23:00:00,20.241425
2020-06-07 00:00:00,17.09134
2020-06-07 01:00:00,19.097046
2020-06-07 02:00:00,254.76106
2020-06-07 03:00:00,493.0808
2020-06-07 04:00:00,645.8447
2020-06-07 05:00:00,701.09717
2020-06-07 06:00:00,823.1074
2020-06-07 07:00:00,836.3457
2020-06-07 08:00:00,813.17065
2020-06-07 09:00:00,926.79834
2020-06-07 10:00:00,904.3406
2020-06-07 11:00:00,913.05273
2020-06-07 12:00:00,759.3408
2020-06-07 13:00:00,434.01
2020-06-07 14:00:00,169.74405
2020-06-07 15:00:00,27.102875
2020-06-07 16:00:00,33.41368
2020-06-07 17:00:00,36.89862
2020-06-07 18:00:00,28.454346
2020-06-07 19:00:00,36.34189
2020-06-07 20:00:00,30.412933
2020-06-07 21:00:00,33.644882
2020-06-07 22:00:00,33.475403
2020-06-07 23:00:00,23.03482
2020-06-08 00:00:00,23.627808
2020-06-08 01:00:00,30.146027
2020-06-08 02:00:00,61.56421
2020-06-08 03:00:00,434.68384
2020-06-08 04:00:00,512.5066
2020-06-08 05:00:00,515.2881
2020-06-08 06:00:00,569.59644
2020-06-08 07:00:00,526.3772
2020-06-08 08:00:00,507.9231
2020-06-08 09:00:00,555.03906
2020-06-08 10:00:00,268.07928
2020-06-08 11:00:00,447.885
2020-06-08 12:00:00,280.36108
2020-06-08 13:00:00,211.929
2020-06-08 14:00:00,129.0989
2020-06-08 15:00:00,63.545715
2020-06-08 16:00:00,43.726425
2020-06-08 17:00:00,61.257492
2020-06-08 18:00:00,38.943527
2020-06-08 19:00:00,38.186893
2020-06-08 20:00:00,52.545364
2020-06-08 21:00:00,41.4693
2020-06-08 22:00:00,99.51319
2020-06-08 23:00:00,171.57153
2020-06-09 00:00:00,207.97804
2020-06-09 01:00:00,280.29407
2020-06-09 02:00:00,204.21997
2020-06-09 03:00:00,297.04236
2020-06-09 04:00:00,391.5476
2020-06-09 05:00:00,446.81055
2020-06-09 06:00:00,705.9263
2020-06-09 07:00:00,953.4148
2020-06-09 08:00:00,1084.4001
2020-06-09 09:00:00,671.8045
2020-06-09 10:00:00,496.90942
2020-06-09 11:00:00,540.69653
2020-06-09 12:00:00,263.4917
2020-06-09 13:00:00,289.71094
2020-06-09 14:00:00,204.18594
2020-06-09 15:00:00,54.22809
2020-06-09 16:00:00,26.539368
2020-06-09 17:00:00,40.008053
2020-06-09 18:00:00,32.94806
2020-06-09 19:00:00,41.545868
2020-06-09 20:00:00,39.52333
2020-06-09 21:00:00,35.05545
2020-06-09 22:00:00,50.426697
2020-06-09 23:00:00,37.919083
2020-06-10 00:00:00,20.519226
2020-06-10 01:00:00,20.448563
2020-06-10 02:00:00,202.84563
2020-06-10 03:00:00,419.8584
2020-06-10 04:00:00,554.99585
2020-06-10 05:00:00,911.4966
2020-06-10 06:00:00,884.39355
2020-06-10 07:00:00,767.04614
2020-06-10 08:00:00,718.4346
2020-06-10 09:00:00,441.45947
2020-06-10 10:00:00,612.96124
2020-06-10 11:00:00,264.35413
2020-06-10 12:00:00,359.167
2020-06-10 13:00:00,271.78418
2020-06-10 14:00:00,221.2379
2020-06-10 15:00:00,50.218445
2020-06-10 16:00:00,22.926788
2020-06-10 17:00:00,17.28946
2020-06-10 18:00:00,18.681465
2020-06-10 19:00:00,19.090164
2020-06-10 20:00:00,16.41121
2020-06-10 21:00:00,17.472595
2020-06-10 22:00:00,17.71817
2020-06-10 23:00:00,23.086655
2020-06-11 00:00:00,26.271362
2020-06-11 01:00:00,29.922897
2020-06-11 02:00:00,143.07468
2020-06-11 03:00:00,366.12524
2020-06-11 04:00:00,634.5874
2020-06-11 05:00:00,884.5764
2020-06-11 06:00:00,1003.09863
2020-06-11 07:00:00,939.8779
2020-06-11 08:00:00,1158.269
2020-06-11 09:00:00,920.14746
2020-06-11 10:00:00,604.39795
2020-06-11 11:00:00,425.97144
2020-06-11 12:00:00,381.1918
2020-06-11 13:00:00,251.79439
2020-06-11 14:00:00,82.70528
2020-06-11 15:00:00,28.896454
2020-06-11 16:00:00,23.183718
2020-06-11 17:00:00,24.109055
2020-06-11 18:00:00,22.67181
2020-06-11 19:00:00,21.187168
2020-06-11 20:00:00,21.131191
2020-06-11 21:00:00,22.03524
2020-06-11 22:00:00,17.498163
2020-06-11 23:00:00,21.10656
2020-06-12 00:00:00,22.391556
2020-06-12 01:00:00,27.540817
2020-06-12 02:00:00,192.9818
2020-06-12 03:00:00,433.01636
2020-06-12 04:00:00,774.66235
2020-06-12 05:00:00,1004.00635
2020-06-12 06:00:00,1262.4097
2020-06-12 07:00:00,1357.5771
2020-06-12 08:00:00,1325.8508
2020-06-12 09:00:00,1416.5171
2020-06-12 10:00:00,1355.2837
2020-06-12 11:00:00,954.8872
2020-06-12 12:00:00,708.2014
2020-06-12 13:00:00,405.02206
2020-06-12 14:00:00,135.26645
2020-06-12 15:00:00,25.323532
2020-06-12 16:00:00,22.386795
2020-06-12 17:00:00,21.986343
2020-06-12 18:00:00,21.655533
2020-06-12 19:00:00,19.960135
2020-06-12 20:00:00,19.037727
2020-06-12 21:00:00,19.107166
2020-06-12 22:00:00,17.747314
2020-06-12 23:00:00,21.247236
2020-06-13 00:00:00,23.458424
2020-06-13 01:00:00,25.94115
2020-06-13 02:00:00,56.16565
2020-06-13 03:00:00,487.48044
2020-06-13 04:00:00,763.0945
2020-06-13 05:00:00,935.8755
2020-06-13 06:00:00,1092.4524
2020-06-13 07:00:00,1200.55
2020-06-13 08:00:00,1218.3042
2020-06-13 09:00:00,1204.4465
2020-06-13 10:00:00,1183.4297
2020-06-13 11:00:00,899.6743
2020-06-13 12:00:00,605.6018
2020-06-13 13:00:00,475.02097
2020-06-13 14:00:00,135.43227
2020-06-13 15:00:00,27.447144
2020-06-13 16:00:00,21.363144
2020-06-13 17:00:00,19.828627
2020-06-13 18:00:00,19.639917
2020-06-13 19:00:00,18.946499
2020-06-13 20:00:00,18.900616
2020-06-13 21:00:00,19.375166
2020-06-13 22:00:00,19.645475
2020-06-13 23:00:00,21.733377
2020-06-14 00:00:00,21.088577
2020-06-14 01:00:00,22.243647
2020-06-14 02:00:00,35.97455
2020-06-14 03:00:00,492.11523
2020-06-14 04:00:00,744.3418
2020-06-14 05:00:00,1061.0286
2020-06-14 06:00:00,1154.1941
2020-06-14 07:00:00,1263.7942
2020-06-14 08:00:00,1191.6775
2020-06-14 09:00:00,1256.7654
2020-06-14 10:00:00,942.85986
2020-06-14 11:00:00,303.648
2020-06-14 12:00:00,238.79617
2020-06-14 13:00:00,246.69472
2020-06-14 14:00:00,63.276382
2020-06-14 15:00:00,68.197205
2020-06-14 16:00:00,51.253113
2020-06-14 17:00:00,48.71103
2020-06-14 18:00:00,47.79622
2020-06-14 19:00:00,49.69835
2020-06-14 20:00:00,49.807083
2020-06-14 21:00:00,46.266098
2020-06-14 22:00:00,45.895462
2020-06-14 23:00:00,43.279617
2020-06-15 00:00:00,41.363235
2020-06-15 01:00:00,43.486633
2020-06-15 02:00:00,134.74533
2020-06-15 03:00:00,406.4611
2020-06-15 04:00:00,717.23926
2020-06-15 05:00:00,958.97754
2020-06-15 06:00:00,1041.4338
2020-06-15 07:00:00,1155.7559
2020-06-15 08:00:00,896.43604
2020-06-15 09:00:00,959.88916
2020-06-15 10:00:00,1024.5217
2020-06-15 11:00:00,789.10254
2020-06-15 12:00:00,496.7854
2020-06-15 13:00:00,282.08618
2020-06-15 14:00:00,158.96098
2020-06-15 15:00:00,49.636444
2020-06-15 16:00:00,29.142197
2020-06-15 17:00:00,26.942596
2020-06-15 18:00:00,26.676514
2020-06-15 19:00:00,24.888458
2020-06-15 20:00:00,24.212326
2020-06-15 21:00:00,24.237701
2020-06-15 22:00:00,26.5103
2020-06-15 23:00:00,31.747345
2020-06-16 00:00:00,40.742157
2020-06-16 01:00:00,54.685745
2020-06-16 02:00:00,279.6902
2020-06-16 03:00:00,475.4131
2020-06-16 04:00:00,619.5747
2020-06-16 05:00:00,1055.4854
2020-06-16 06:00:00,1327.4153
2020-06-16 07:00:00,1517.148
2020-06-16 08:00:00,1393.6582
2020-06-16 09:00:00,1115.5029
2020-06-16 10:00:00,458.4624
2020-06-16 11:00:00,597.676
2020-06-16 12:00:00,518.8469
2020-06-16 13:00:00,296.0183
2020-06-16 14:00:00,150.34276
2020-06-16 15:00:00,37.55493
2020-06-16 16:00:00,32.649216
2020-06-16 17:00:00,36.30504
2020-06-16 18:00:00,26.524124
2020-06-16 19:00:00,56.198975
2020-06-16 20:00:00,74.515
2020-06-16 21:00:00,84.91261
2020-06-16 22:00:00,108.069534
2020-06-16 23:00:00,117.95154
2020-06-17 00:00:00,126.46332
2020-06-17 01:00:00,221.94759
2020-06-17 02:00:00,376.25974
2020-06-17 03:00:00,544.5403
2020-06-17 04:00:00,700.9656
2020-06-17 05:00:00,734.7329
2020-06-17 06:00:00,808.9949
2020-06-17 07:00:00,925.0161
2020-06-17 08:00:00,808.54224
2020-06-17 09:00:00,890.17065
2020-06-17 10:00:00,862.34204
2020-06-17 11:00:00,730.8379
2020-06-17 12:00:00,839.26904
2020-06-17 13:00:00,537.3899
2020-06-17 14:00:00,361.17194
2020-06-17 15:00:00,147.91234
2020-06-17 16:00:00,100.13916
2020-06-17 17:00:00,142.89923
2020-06-17 18:00:00,114.21153
2020-06-17 19:00:00,86.434235
2020-06-17 20:00:00,59.676514
2020-06-17 21:00:00,50.977432
2020-06-17 22:00:00,48.189896
2020-06-17 23:00:00,87.08217
2020-06-18 00:00:00,81.76477
2020-06-18 01:00:00,122.68239
2020-06-18 02:00:00,291.88318
2020-06-18 03:00:00,462.26733
2020-06-18 04:00:00,614.084
2020-06-18 05:00:00,598.8552
2020-06-18 06:00:00,787.3987
2020-06-18 07:00:00,777.2837
2020-06-18 08:00:00,1319.2126
2020-06-18 09:00:00,985.2822
2020-06-18 10:00:00,774.0095
2020-06-18 11:00:00,440.30273
2020-06-18 12:00:00,718.48486
2020-06-18 13:00:00,285.85516
2020-06-18 14:00:00,123.10129
2020-06-18 15:00:00,83.198364
2020-06-18 16:00:00,31.094376
2020-06-18 17:00:00,41.0222
2020-06-18 18:00:00,22.659958
2020-06-18 19:00:00,22.839691
2020-06-18 20:00:00,19.589981
2020-06-18 21:00:00,19.367416
2020-06-18 22:00:00,27.609634
2020-06-18 23:00:00,27.534134
2020-06-19 00:00:00,24.50142
2020-06-19 01:00:00,31.534515
2020-06-19 02:00:00,158.27493
2020-06-19 03:00:00,510.3479
2020-06-19 04:00:00,798.5908
2020-06-19 05:00:00,975.76636
2020-06-19 06:00:00,1059.0925
2020-06-19 07:00:00,1231.6138
2020-06-19 08:00:00,1274.1252
2020-06-19 09:00:00,1181.3933
2020-06-19 10:00:00,1193.6995
2020-06-19 11:00:00,466.53735
2020-06-19 12:00:00,586.12256
2020-06-19 13:00:00,262.73022
2020-06-19 14:00:00,69.58899
2020-06-19 15:00:00,24.535172
2020-06-19 16:00:00,22.229538
2020-06-19 17:00:00,25.455948
2020-06-19 18:00:00,21.06903
2020-06-19 19:00:00,22.317886
2020-06-19 20:00:00,23.713043
2020-06-19 21:00:00,21.98909
2020-06-19 22:00:00,21.07985
2020-06-19 23:00:00,55.391052
2020-06-20 00:00:00,72.487976
2020-06-20 01:00:00,81.08206
2020-06-20 02:00:00,258.84387
2020-06-20 03:00:00,806.79346
2020-06-20 04:00:00,1067.7004
2020-06-20 05:00:00,1455.4551
2020-06-20 06:00:00,1639.8142
2020-06-20 07:00:00,1666.2126
2020-06-20 08:00:00,2052.554
2020-06-20 09:00:00,1626.6086
2020-06-20 10:00:00,1355.3369
2020-06-20 11:00:00,1132.4707
2020-06-20 12:00:00,1094.8335
2020-06-20 13:00:00,699.9663
2020-06-20 14:00:00,390.86517
2020-06-20 15:00:00,50.378693
2020-06-20 16:00:00,55.87883
2020-06-20 17:00:00,49.73477
2020-06-20 18:00:00,40.067505
2020-06-20 19:00:00,31.992306
2020-06-20 20:00:00,24.587418
2020-06-20 21:00:00,19.502342
2020-06-20 22:00:00,19.580246
2020-06-20 23:00:00,20.465067
2020-06-21 00:00:00,22.606878
2020-06-21 01:00:00,28.938583
2020-06-21 02:00:00,49.790802
2020-06-21 03:00:00,382.7837
2020-06-21 04:00:00,633.4475
2020-06-21 05:00:00,831.01514
2020-06-21 06:00:00,965.08936
2020-06-21 07:00:00,1076.8779
2020-06-21 08:00:00,1114.9265
2020-06-21 09:00:00,1083.0798
2020-06-21 10:00:00,966.1455
2020-06-21 11:00:00,837.8015
2020-06-21 12:00:00,694.7781
2020-06-21 13:00:00,402.56396
2020-06-21 14:00:00,138.44739
2020-06-21 15:00:00,74.23625
2020-06-21 16:00:00,50.546112
2020-06-21 17:00:00,32.231903
2020-06-21 18:00:00,22.457903
2020-06-21 19:00:00,19.651089
2020-06-21 20:00:00,17.46962
2020-06-21 21:00:00,17.236961
2020-06-21 22:00:00,18.64826
2020-06-21 23:00:00,16.65038
2020-06-22 00:00:00,16.826948
2020-06-22 01:00:00,17.965729
2020-06-22 02:00:00,25.503494
2020-06-22 03:00:00,347.87585
2020-06-22 04:00:00,609.37354
2020-06-22 05:00:00,752.95825
2020-06-22 06:00:00,1042.1812
2020-06-22 07:00:00,1011.8574
2020-06-22 08:00:00,1025.5034
2020-06-22 09:00:00,1069.9922
2020-06-22 10:00:00,1012.27783
2020-06-22 11:00:00,938.2075
2020-06-22 12:00:00,826.4768
2020-06-22 13:00:00,694.1274
2020-06-22 14:00:00,136.85529
2020-06-22 15:00:00,26.538742
2020-06-22 16:00:00,16.94682
2020-06-22 17:00:00,20.613464
2020-06-22 18:00:00,25.332916
2020-06-22 19:00:00,26.52861
2020-06-22 20:00:00,27.197067
2020-06-22 21:00:00,23.85614
2020-06-22 22:00:00,22.196411
2020-06-22 23:00:00,39.506332
2020-06-23 00:00:00,72.589424
2020-06-23 01:00:00,81.68289
2020-06-23 02:00:00,160.87457
2020-06-23 03:00:00,321.32684
2020-06-23 04:00:00,778.42017
2020-06-23 05:00:00,687.40186
2020-06-23 06:00:00,676.41455
2020-06-23 07:00:00,941.8701
2020-06-23 08:00:00,869.8579
2020-06-23 09:00:00,1386.5789
2020-06-23 10:00:00,429.85498
2020-06-23 11:00:00,494.4817
2020-06-23 12:00:00,351.29834
2020-06-23 13:00:00,792.95734
2020-06-23 14:00:00,95.66438
2020-06-23 15:00:00,50.74655
2020-06-23 16:00:00,49.564804
2020-06-23 17:00:00,56.66649
2020-06-23 18:00:00,46.12372
2020-06-23 19:00:00,32.260803
2020-06-23 20:00:00,26.884766
2020-06-23 21:00:00,23.169205
2020-06-23 22:00:00,24.063004
2020-06-23 23:00:00,26.275345
2020-06-24 00:00:00,30.09732
2020-06-24 01:00:00,50.238968
2020-06-24 02:00:00,117.25926
2020-06-24 03:00:00,302.347
2020-06-24 04:00:00,929.5676
2020-06-24 05:00:00,1351.9263
2020-06-24 06:00:00,1824.9631
2020-06-24 07:00:00,1941.7361
2020-06-24 08:00:00,2344.2952
2020-06-24 09:00:00,2073.2092
2020-06-24 10:00:00,1590.0391
2020-06-24 11:00:00,782.00854
2020-06-24 12:00:00,769.55786
2020-06-24 13:00:00,578.26025
2020-06-24 14:00:00,183.17592
2020-06-24 15:00:00,27.984146
2020-06-24 16:00:00,24.006907
2020-06-24 17:00:00,21.010101
2020-06-24 18:00:00,19.927597
2020-06-24 19:00:00,19.970387
2020-06-24 20:00:00,19.443495
2020-06-24 21:00:00,18.905373
2020-06-24 22:00:00,18.72113
2020-06-24 23:00:00,23.454834
2020-06-25 00:00:00,25.451195
2020-06-25 01:00:00,36.518814
2020-06-25 02:00:00,107.14758
2020-06-25 03:00:00,509.50708
2020-06-25 04:00:00,799.01196
2020-06-25 05:00:00,1009.9424
2020-06-25 06:00:00,1207.6653
2020-06-25 07:00:00,1286.0242
2020-06-25 08:00:00,1331.4333
2020-06-25 09:00:00,1275.0425
2020-06-25 10:00:00,1116.3813
2020-06-25 11:00:00,1062.408
2020-06-25 12:00:00,848.31665
2020-06-25 13:00:00,393.99692
2020-06-25 14:00:00,33.39711
2020-06-25 15:00:00,18.412037
2020-06-25 16:00:00,19.16716
2020-06-25 17:00:00,20.217148
2020-06-25 18:00:00,23.938446
2020-06-25 19:00:00,23.98056
2020-06-25 20:00:00,19.076202
2020-06-25 21:00:00,17.390472
2020-06-25 22:00:00,20.63768
2020-06-25 23:00:00,24.877045
2020-06-26 00:00:00,17.366207
2020-06-26 01:00:00,22.778051
2020-06-26 02:00:00,104.05226
2020-06-26 03:00:00,642.19946
2020-06-26 04:00:00,866.87524
2020-06-26 05:00:00,1425.219
2020-06-26 06:00:00,1538.7537
2020-06-26 07:00:00,1892.9797
2020-06-26 08:00:00,1676.4841
2020-06-26 09:00:00,1340.1389
2020-06-26 10:00:00,999.31445
2020-06-26 11:00:00,801.99585
2020-06-26 12:00:00,643.3887
2020-06-26 13:00:00,331.38037
2020-06-26 14:00:00,138.79364
2020-06-26 15:00:00,85.7767
2020-06-26 16:00:00,43.08017
2020-06-26 17:00:00,33.782715
2020-06-26 18:00:00,42.259247
2020-06-26 19:00:00,41.859146
2020-06-26 20:00:00,33.26033
2020-06-26 21:00:00,35.805832
2020-06-26 22:00:00,248.90126
2020-06-26 23:00:00,247.59831
2020-06-27 00:00:00,85.10893
2020-06-27 01:00:00,178.98409
2020-06-27 02:00:00,272.5795
2020-06-27 03:00:00,310.27075
2020-06-27 04:00:00,485.938
2020-06-27 05:00:00,751.59595
2020-06-27 06:00:00,897.5813
2020-06-27 07:00:00,612.9497
2020-06-27 08:00:00,653.0403
2020-06-27 09:00:00,724.9995
2020-06-27 10:00:00,414.7588
2020-06-27 11:00:00,262.5027
2020-06-27 12:00:00,308.76868
2020-06-27 13:00:00,288.18115
2020-06-27 14:00:00,185.83276
2020-06-27 15:00:00,118.41441
2020-06-27 16:00:00,121.404816
2020-06-27 17:00:00,135.44928
2020-06-27 18:00:00,138.25668
2020-06-27 19:00:00,147.4383
2020-06-27 20:00:00,95.04866
2020-06-27 21:00:00,171.04547
2020-06-27 22:00:00,143.69794
2020-06-27 23:00:00,98.896515
2020-06-28 00:00:00,120.30922
2020-06-28 01:00:00,150.80179
2020-06-28 02:00:00,251.89246
2020-06-28 03:00:00,427.85107
2020-06-28 04:00:00,587.18774
2020-06-28 05:00:00,735.4783
2020-06-28 06:00:00,700.8518
2020-06-28 07:00:00,744.3845
2020-06-28 08:00:00,839.39307
2020-06-28 09:00:00,798.3379
2020-06-28 10:00:00,581.011
2020-06-28 11:00:00,517.29004
2020-06-28 12:00:00,331.81122
2020-06-28 13:00:00,224.06174
2020-06-28 14:00:00,179.5645
2020-06-28 15:00:00,120.70981
2020-06-28 16:00:00,68.51633
2020-06-28 17:00:00,49.79297
2020-06-28 18:00:00,36.26509
2020-06-28 19:00:00,26.702515
2020-06-28 20:00:00,23.095226
2020-06-28 21:00:00,21.784988
2020-06-28 22:00:00,22.02598
2020-06-28 23:00:00,23.472046
2020-06-29 00:00:00,22.925776
2020-06-29 01:00:00,25.362823
2020-06-29 02:00:00,32.258453
2020-06-29 03:00:00,101.71939
2020-06-29 04:00:00,379.27612
2020-06-29 05:00:00,542.83307
2020-06-29 06:00:00,695.33984
2020-06-29 07:00:00,806.2239
2020-06-29 08:00:00,860.604
2020-06-29 09:00:00,832.5996
2020-06-29 10:00:00,717.4165
2020-06-29 11:00:00,576.45703
2020-06-29 12:00:00,326.55786
2020-06-29 13:00:00,130.49551
2020-06-29 14:00:00,78.24745
2020-06-29 15:00:00,34.645905
2020-06-29 16:00:00,26.673813
2020-06-29 17:00:00,25.918167
2020-06-29 18:00:00,22.170446
2020-06-29 19:00:00,17.264479
2020-06-29 20:00:00,16.316828
2020-06-29 21:00:00,15.869181
2020-06-29 22:00:00,16.281662
2020-06-29 23:00:00,16.031872
2020-06-30 00:00:00,16.62638
2020-06-30 01:00:00,16.405838
2020-06-30 02:00:00,16.037502
2020-06-30 03:00:00,52.600357
2020-06-30 04:00:00,220.10208
2020-06-30 05:00:00,366.19922
2020-06-30 06:00:00,423.604
2020-06-30 07:00:00,405.31104
2020-06-30 08:00:00,414.12598
2020-06-30 09:00:00,649.49316
2020-06-30 10:00:00,534.6863
2020-06-30 11:00:00,462.719
2020-06-30 12:00:00,296.04382
2020-06-30 13:00:00,90.869385
2020-06-30 14:00:00,67.94487
2020-06-30 15:00:00,45.455597
2020-06-30 16:00:00,36.680267
2020-06-30 17:00:00,31.982574
2020-06-30 18:00:00,31.431976
2020-06-30 19:00:00,28.345322
2020-06-30 20:00:00,24.486954
2020-06-30 21:00:00,28.180084
2020-06-30 22:00:00,31.900803
2020-06-30 23:00:00,63.113632
2020-07-01 00:00:00,63.489075
2020-07-01 01:00:00,57.481216
2020-07-01 02:00:00,66.54254
2020-07-01 03:00:00,123.00485
2020-07-01 04:00:00,682.94617
2020-07-01 05:00:00,862.40625
2020-07-01 06:00:00,636.4319
2020-07-01 07:00:00,782.1045
2020-07-01 08:00:00,906.21313
2020-07-01 09:00:00,947.67456
2020-07-01 10:00:00,1024.4487
2020-07-01 11:00:00,536.7383
2020-07-01 12:00:00,444.92993
2020-07-01 13:00:00,214.26614
2020-07-01 14:00:00,82.63397
2020-07-01 15:00:00,46.32538
2020-07-01 16:00:00,21.830032
2020-07-01 17:00:00,16.910187
2020-07-01 18:00:00,19.110779
2020-07-01 19:00:00,21.413193
2020-07-01 20:00:00,27.245483
2020-07-01 21:00:00,29.759613
2020-07-01 22:00:00,34.59572
2020-07-01 23:00:00,32.07286
2020-07-02 00:00:00,23.64479
2020-07-02 01:00:00,23.377182
2020-07-02 02:00:00,62.989716
2020-07-02 03:00:00,235.20872
2020-07-02 04:00:00,703.781
2020-07-02 05:00:00,1021.3074
2020-07-02 06:00:00,1259.002
2020-07-02 07:00:00,1391.344
2020-07-02 08:00:00,1637.9109
2020-07-02 09:00:00,1466.7803
2020-07-02 10:00:00,705.8557
2020-07-02 11:00:00,726.2617
2020-07-02 12:00:00,839.5034
2020-07-02 13:00:00,497.74487
2020-07-02 14:00:00,316.16595
2020-07-02 15:00:00,291.63605
2020-07-02 16:00:00,255.0982
2020-07-02 17:00:00,140.25539
2020-07-02 18:00:00,110.14087
2020-07-02 19:00:00,143.8315
2020-07-02 20:00:00,251.32973
2020-07-02 21:00:00,179.62506
2020-07-02 22:00:00,73.028305
2020-07-02 23:00:00,96.810455
2020-07-03 00:00:00,70.35121
2020-07-03 01:00:00,115.18071
2020-07-03 02:00:00,278.84766
2020-07-03 03:00:00,455.5547
2020-07-03 04:00:00,595.8689
2020-07-03 05:00:00,780.68994
2020-07-03 06:00:00,846.52026
2020-07-03 07:00:00,941.9812
2020-07-03 08:00:00,1052.4097
2020-07-03 09:00:00,1055.928
2020-07-03 10:00:00,951.5205
2020-07-03 11:00:00,792.8716
2020-07-03 12:00:00,494.39868
2020-07-03 13:00:00,436.98047
2020-07-03 14:00:00,174.02846
2020-07-03 15:00:00,65.28526
2020-07-03 16:00:00,32.11978
2020-07-03 17:00:00,29.907776
2020-07-03 18:00:00,32.31859
2020-07-03 19:00:00,18.120087
2020-07-03 20:00:00,13.200852
2020-07-03 21:00:00,20.644104
2020-07-03 22:00:00,39.220936
2020-07-03 23:00:00,24.018414
2020-07-04 00:00:00,32.014748
2020-07-04 01:00:00,101.53522
2020-07-04 02:00:00,328.19226
2020-07-04 03:00:00,462.31738
2020-07-04 04:00:00,687.2964
2020-07-04 05:00:00,717.625
2020-07-04 06:00:00,932.4004
2020-07-04 07:00:00,857.5227
2020-07-04 08:00:00,997.6079
2020-07-04 09:00:00,932.32983
2020-07-04 10:00:00,909.91113
2020-07-04 11:00:00,953.2554
2020-07-04 12:00:00,584.70166
2020-07-04 13:00:00,406.41577
2020-07-04 14:00:00,168.95218
2020-07-04 15:00:00,25.745667
2020-07-04 16:00:00,23.411057
2020-07-04 17:00:00,21.242188
2020-07-04 18:00:00,19.032242
2020-07-04 19:00:00,18.822174
2020-07-04 20:00:00,16.883667
2020-07-04 21:00:00,16.012836
2020-07-04 22:00:00,23.988075
2020-07-04 23:00:00,21.515244
2020-07-05 00:00:00,24.524292
2020-07-05 01:00:00,26.709076
2020-07-05 02:00:00,124.223694
2020-07-05 03:00:00,496.65698
2020-07-05 04:00:00,603.636
2020-07-05 05:00:00,689.30396
2020-07-05 06:00:00,798.04517
2020-07-05 07:00:00,877.3906
2020-07-05 08:00:00,925.4429
2020-07-05 09:00:00,639.19727
2020-07-05 10:00:00,505.9873
2020-07-05 11:00:00,530.6201
2020-07-05 12:00:00,438.74243
2020-07-05 13:00:00,170.7219
2020-07-05 14:00:00,149.65675
2020-07-05 15:00:00,97.13103
2020-07-05 16:00:00,59.966843
2020-07-05 17:00:00,51.833725
2020-07-05 18:00:00,112.97928
2020-07-05 19:00:00,114.20564
2020-07-05 20:00:00,75.38548
2020-07-05 21:00:00,70.09277
2020-07-05 22:00:00,73.41351
2020-07-05 23:00:00,58.1084
2020-07-06 00:00:00,31.147095
2020-07-06 01:00:00,85.05023
2020-07-06 02:00:00,206.67233
2020-07-06 03:00:00,357.0205
2020-07-06 04:00:00,504.60034
2020-07-06 05:00:00,636.14087
2020-07-06 06:00:00,655.52783
2020-07-06 07:00:00,729.5681
2020-07-06 08:00:00,847.01025
2020-07-06 09:00:00,1069.3484
2020-07-06 10:00:00,1124.471
2020-07-06 11:00:00,935.6907
2020-07-06 12:00:00,801.5869
2020-07-06 13:00:00,542.56104
2020-07-06 14:00:00,320.3224
2020-07-06 15:00:00,45.304474
2020-07-06 16:00:00,41.203644
2020-07-06 17:00:00,27.320145
2020-07-06 18:00:00,22.77356
2020-07-06 19:00:00,22.091904
2020-07-06 20:00:00,21.76712
2020-07-06 21:00:00,19.892715
2020-07-06 22:00:00,19.633442
2020-07-06 23:00:00,23.64273
2020-07-07 00:00:00,30.006409
2020-07-07 01:00:00,37.13234
2020-07-07 02:00:00,54.922333
2020-07-07 03:00:00,431.36987
2020-07-07 04:00:00,617.9231
2020-07-07 05:00:00,801.60913
2020-07-07 06:00:00,957.1565
2020-07-07 07:00:00,1079.1584
2020-07-07 08:00:00,1095.2693
2020-07-07 09:00:00,1063.6138
2020-07-07 10:00:00,1056.6709
2020-07-07 11:00:00,937.865
2020-07-07 12:00:00,521.77
2020-07-07 13:00:00,292.75833
2020-07-07 14:00:00,64.800476
2020-07-07 15:00:00,27.676468
2020-07-07 16:00:00,40.31534
2020-07-07 17:00:00,17.290771
2020-07-07 18:00:00,15.647111
2020-07-07 19:00:00,15.515096
2020-07-07 20:00:00,15.282829
2020-07-07 21:00:00,15.672813
2020-07-07 22:00:00,16.816547
2020-07-07 23:00:00,15.44569
2020-07-08 00:00:00,15.046082
2020-07-08 01:00:00,15.850103
2020-07-08 02:00:00,20.417389
2020-07-08 03:00:00,361.27945
2020-07-08 04:00:00,577.16284
2020-07-08 05:00:00,863.5779
2020-07-08 06:00:00,995.4785
2020-07-08 07:00:00,1133.2168
2020-07-08 08:00:00,1041.5342
2020-07-08 09:00:00,1109.9746
2020-07-08 10:00:00,1187.3115
2020-07-08 11:00:00,420.8457
2020-07-08 12:00:00,289.53076
2020-07-08 13:00:00,142.3546
2020-07-08 14:00:00,45.278168
2020-07-08 15:00:00,29.743256
2020-07-08 16:00:00,31.136292
2020-07-08 17:00:00,21.695847
2020-07-08 18:00:00,20.944153
2020-07-08 19:00:00,23.466995
2020-07-08 20:00:00,22.586197
2020-07-08 21:00:00,23.387054
2020-07-08 22:00:00,35.49208
2020-07-08 23:00:00,32.965652
2020-07-09 00:00:00,28.065735
2020-07-09 01:00:00,25.538696
2020-07-09 02:00:00,35.331665
2020-07-09 03:00:00,478.136
2020-07-09 04:00:00,726.44385
2020-07-09 05:00:00,1020.2405
2020-07-09 06:00:00,1170.2766
2020-07-09 07:00:00,1327.7795
2020-07-09 08:00:00,1568.6965
2020-07-09 09:00:00,1624.1272
2020-07-09 10:00:00,1118.7971
2020-07-09 11:00:00,640.3323
2020-07-09 12:00:00,798.1924
2020-07-09 13:00:00,556.46606
2020-07-09 14:00:00,172.42458
2020-07-09 15:00:00,24.21579
2020-07-09 16:00:00,23.252548
2020-07-09 17:00:00,24.607193
2020-07-09 18:00:00,22.322418
2020-07-09 19:00:00,19.730286
2020-07-09 20:00:00,19.244186
2020-07-09 21:00:00,19.849121
2020-07-09 22:00:00,18.791256
2020-07-09 23:00:00,19.532623
2020-07-10 00:00:00,21.12999
2020-07-10 01:00:00,29.309448
2020-07-10 02:00:00,85.723404
2020-07-10 03:00:00,703.53735
2020-07-10 04:00:00,743.42773
2020-07-10 05:00:00,765.15063
2020-07-10 06:00:00,692.1929
2020-07-10 07:00:00,813.96436
2020-07-10 08:00:00,865.96924
2020-07-10 09:00:00,751.3247
2020-07-10 10:00:00,701.3086
2020-07-10 11:00:00,720.4392
2020-07-10 12:00:00,563.71655
2020-07-10 13:00:00,389.98502
2020-07-10 14:00:00,331.1916
2020-07-10 15:00:00,157.28345
2020-07-10 16:00:00,72.64772
2020-07-10 17:00:00,38.597366
2020-07-10 18:00:00,31.93518
2020-07-10 19:00:00,46.93123
2020-07-10 20:00:00,56.387604
2020-07-10 21:00:00,52.01921
2020-07-10 22:00:00,68.9211
2020-07-10 23:00:00,34.07608
2020-07-11 00:00:00,24.693024
2020-07-11 01:00:00,28.586472
2020-07-11 02:00:00,184.13762
2020-07-11 03:00:00,499.1062
2020-07-11 04:00:00,756.8086
2020-07-11 05:00:00,1005.30493
2020-07-11 06:00:00,1318.8083
2020-07-11 07:00:00,1411.6838
2020-07-11 08:00:00,1112.2515
2020-07-11 09:00:00,1157.6914
2020-07-11 10:00:00,821.20166
2020-07-11 11:00:00,829.0415
2020-07-11 12:00:00,867.8125
2020-07-11 13:00:00,615.0957
2020-07-11 14:00:00,321.68976
2020-07-11 15:00:00,33.476807
2020-07-11 16:00:00,24.503494
2020-07-11 17:00:00,21.214838
2020-07-11 18:00:00,20.39918
2020-07-11 19:00:00,19.374931
2020-07-11 20:00:00,18.487404
2020-07-11 21:00:00,18.381699
2020-07-11 22:00:00,18.691608
2020-07-11 23:00:00,19.559258
2020-07-12 00:00:00,20.399586
2020-07-12 01:00:00,22.714043
2020-07-12 02:00:00,131.8337
2020-07-12 03:00:00,458.08057
2020-07-12 04:00:00,734.2173
2020-07-12 05:00:00,1061.5085
2020-07-12 06:00:00,1140.1289
2020-07-12 07:00:00,1392.7522
2020-07-12 08:00:00,1565.6401
2020-07-12 09:00:00,1575.9233
2020-07-12 10:00:00,1162.6746
2020-07-12 11:00:00,1251.8228
2020-07-12 12:00:00,1063.6814
2020-07-12 13:00:00,543.647
2020-07-12 14:00:00,205.87434
2020-07-12 15:00:00,60.838837
2020-07-12 16:00:00,36.72583
2020-07-12 17:00:00,50.604874
2020-07-12 18:00:00,59.620316
2020-07-12 19:00:00,41.705544
2020-07-12 20:00:00,38.127113
2020-07-12 21:00:00,29.790264
2020-07-12 22:00:00,26.775402
2020-07-12 23:00:00,19.014156
2020-07-13 00:00:00,18.25401
2020-07-13 01:00:00,19.968872
2020-07-13 02:00:00,38.486954
2020-07-13 03:00:00,384.32864
2020-07-13 04:00:00,640.69775
2020-07-13 05:00:00,862.5796
2020-07-13 06:00:00,953.6323
2020-07-13 07:00:00,988.55176
2020-07-13 08:00:00,1062.0222
2020-07-13 09:00:00,1078.2502
2020-07-13 10:00:00,972.21265
2020-07-13 11:00:00,859.8008
2020-07-13 12:00:00,706.9529
2020-07-13 13:00:00,175.37994
2020-07-13 14:00:00,27.614288
2020-07-13 15:00:00,17.860962
2020-07-13 16:00:00,16.886662
2020-07-13 17:00:00,16.586699
2020-07-13 18:00:00,17.274628
2020-07-13 19:00:00,16.230951
2020-07-13 20:00:00,16.43985
2020-07-13 21:00:00,16.00252
2020-07-13 22:00:00,24.80539
2020-07-13 23:00:00,24.763931
2020-07-14 00:00:00,16.511986
2020-07-14 01:00:00,21.856663
2020-07-14 02:00:00,34.725983
2020-07-14 03:00:00,422.64795
2020-07-14 04:00:00,639.8806
2020-07-14 05:00:00,833.70044
2020-07-14 06:00:00,781.3164
2020-07-14 07:00:00,904.022
2020-07-14 08:00:00,948.7937
2020-07-14 09:00:00,1278.978
2020-07-14 10:00:00,714.22217
2020-07-14 11:00:00,701.69556
2020-07-14 12:00:00,758.64526
2020-07-14 13:00:00,446.2019
2020-07-14 14:00:00,206.9175
2020-07-14 15:00:00,126.35063
2020-07-14 16:00:00,198.21489
2020-07-14 17:00:00,156.77838
2020-07-14 18:00:00,83.537415
2020-07-14 19:00:00,51.9894
2020-07-14 20:00:00,38.71877
2020-07-14 21:00:00,31.576283
2020-07-14 22:00:00,26.513998
2020-07-14 23:00:00,21.36723
2020-07-15 00:00:00,16.2597
2020-07-15 01:00:00,19.398716
2020-07-15 02:00:00,89.17085
2020-07-15 03:00:00,439.07935
2020-07-15 04:00:00,638.719
2020-07-15 05:00:00,864.7788
2020-07-15 06:00:00,1073.9014
2020-07-15 07:00:00,1249.4019
2020-07-15 08:00:00,1416.2649
2020-07-15 09:00:00,1430.1855
2020-07-15 10:00:00,1319.6035
2020-07-15 11:00:00,1189.4365
2020-07-15 12:00:00,903.6162
2020-07-15 13:00:00,544.2776
2020-07-15 14:00:00,238.19373
2020-07-15 15:00:00,33.24507
2020-07-15 16:00:00,36.36081
2020-07-15 17:00:00,39.499176
2020-07-15 18:00:00,34.06781
2020-07-15 19:00:00,29.295746
2020-07-15 20:00:00,25.504116
2020-07-15 21:00:00,19.527218
2020-07-15 22:00:00,24.75755
2020-07-15 23:00:00,20.671429
2020-07-16 00:00:00,17.265953
2020-07-16 01:00:00,21.26886
2020-07-16 02:00:00,50.971634
2020-07-16 03:00:00,385.7798
2020-07-16 04:00:00,676.0698
2020-07-16 05:00:00,935.23755
2020-07-16 06:00:00,416.9798
2020-07-16 07:00:00,1281.7932
2020-07-16 08:00:00,1389.2668
2020-07-16 09:00:00,1406.2742
2020-07-16 10:00:00,231.70811
2020-07-16 11:00:00,962.74194
2020-07-16 12:00:00,531.5786
2020-07-16 13:00:00,293.63965
2020-07-16 14:00:00,49.493393
2020-07-16 15:00:00,26.62082
2020-07-16 16:00:00,21.645508
2020-07-16 17:00:00,23.953125
2020-07-16 18:00:00,20.154678
2020-07-16 19:00:00,16.85704
2020-07-16 20:00:00,17.480606
2020-07-16 21:00:00,17.560356
2020-07-16 22:00:00,30.790985
2020-07-16 23:00:00,26.849472
2020-07-17 00:00:00,23.655563
2020-07-17 01:00:00,23.21744
2020-07-17 02:00:00,39.141357
2020-07-17 03:00:00,453.29907
2020-07-17 04:00:00,733.3428
2020-07-17 05:00:00,960.676
2020-07-17 06:00:00,1100.1604
2020-07-17 07:00:00,1339.6924
2020-07-17 08:00:00,1179.6316
2020-07-17 09:00:00,1060.8572
2020-07-17 10:00:00,1117.9402
2020-07-17 11:00:00,551.697
2020-07-17 12:00:00,660.67456
2020-07-17 13:00:00,309.30432
2020-07-17 14:00:00,198.87569
2020-07-17 15:00:00,33.74478
2020-07-17 16:00:00,21.469193
2020-07-17 17:00:00,19.514847
2020-07-17 18:00:00,18.149887
2020-07-17 19:00:00,16.920853
2020-07-17 20:00:00,18.035278
2020-07-17 21:00:00,17.878632
2020-07-17 22:00:00,33.49785
2020-07-17 23:00:00,43.076355
2020-07-18 00:00:00,40.74707
2020-07-18 01:00:00,39.23004
2020-07-18 02:00:00,93.8802
2020-07-18 03:00:00,363.85815
2020-07-18 04:00:00,623.9512
2020-07-18 05:00:00,920.073
2020-07-18 06:00:00,1156.1714
2020-07-18 07:00:00,1434.4812
2020-07-18 08:00:00,1414.0645
2020-07-18 09:00:00,1355.2114
2020-07-18 10:00:00,1717.7336
2020-07-18 11:00:00,910.39844
2020-07-18 12:00:00,704.0598
2020-07-18 13:00:00,426.02057
2020-07-18 14:00:00,338.1074
2020-07-18 15:00:00,108.034805
2020-07-18 16:00:00,169.84341
2020-07-18 17:00:00,61.985336
2020-07-18 18:00:00,16.687115
2020-07-18 19:00:00,17.458084
2020-07-18 20:00:00,20.573349
2020-07-18 21:00:00,23.812943
2020-07-18 22:00:00,21.465363
2020-07-18 23:00:00,30.86171
2020-07-19 00:00:00,30.25528
2020-07-19 01:00:00,40.198105
2020-07-19 02:00:00,106.186264
2020-07-19 03:00:00,583.6465
2020-07-19 04:00:00,1110.4226
2020-07-19 05:00:00,1712.364
2020-07-19 06:00:00,2320.1704
2020-07-19 07:00:00,2491.0518
2020-07-19 08:00:00,2539.3882
2020-07-19 09:00:00,2116.7056
2020-07-19 10:00:00,2123.1975
2020-07-19 11:00:00,1937.4285
2020-07-19 12:00:00,1140.3359
2020-07-19 13:00:00,743.7256
2020-07-19 14:00:00,602.1205
2020-07-19 15:00:00,36.952652
2020-07-19 16:00:00,22.959732
2020-07-19 17:00:00,21.577972
2020-07-19 18:00:00,24.299118
2020-07-19 19:00:00,25.37233
2020-07-19 20:00:00,25.188873
2020-07-19 21:00:00,25.7417
2020-07-19 22:00:00,28.221695
2020-07-19 23:00:00,31.651733
2020-07-20 00:00:00,40.167385
2020-07-20 01:00:00,45.294617
2020-07-20 02:00:00,56.56427
2020-07-20 03:00:00,740.9379
2020-07-20 04:00:00,965.5525
2020-07-20 05:00:00,649.06104
2020-07-20 06:00:00,1619.5632
2020-07-20 07:00:00,2225.8303
2020-07-20 08:00:00,1639.3169
2020-07-20 09:00:00,1544.7141
2020-07-20 10:00:00,2204.203
2020-07-20 11:00:00,1006.8247
2020-07-20 12:00:00,813.1138
2020-07-20 13:00:00,513.94604
2020-07-20 14:00:00,176.60051
2020-07-20 15:00:00,63.4169
2020-07-20 16:00:00,50.111877
2020-07-20 17:00:00,35.912018
2020-07-20 18:00:00,28.328522
2020-07-20 19:00:00,35.351746
2020-07-20 20:00:00,37.41313
2020-07-20 21:00:00,33.56111
2020-07-20 22:00:00,38.21019
2020-07-20 23:00:00,36.81099
2020-07-21 00:00:00,40.173187
2020-07-21 01:00:00,70.03453
2020-07-21 02:00:00,203.31963
2020-07-21 03:00:00,339.2605
2020-07-21 04:00:00,700.3069
2020-07-21 05:00:00,1525.2427
2020-07-21 06:00:00,1745.0652
2020-07-21 07:00:00,2084.6885
2020-07-21 08:00:00,2320.8103
2020-07-21 09:00:00,2319.4495
2020-07-21 10:00:00,1848.251
2020-07-21 11:00:00,1641.2471
2020-07-21 12:00:00,1009.7627
2020-07-21 13:00:00,1784.0391
2020-07-21 14:00:00,613.7534
2020-07-21 15:00:00,156.72984
2020-07-21 16:00:00,118.63017
2020-07-21 17:00:00,52.503387
2020-07-21 18:00:00,42.411255
2020-07-21 19:00:00,38.884155
2020-07-21 20:00:00,38.903137
2020-07-21 21:00:00,42.71608
2020-07-21 22:00:00,51.989487
2020-07-21 23:00:00,52.996857
2020-07-22 00:00:00,51.37584
2020-07-22 01:00:00,62.38298
2020-07-22 02:00:00,90.9501
2020-07-22 03:00:00,562.2978
2020-07-22 04:00:00,1258.127
2020-07-22 05:00:00,2532.518
2020-07-22 06:00:00,1885.4121
2020-07-22 07:00:00,1989.0933
2020-07-22 08:00:00,2548.5464
2020-07-22 09:00:00,2886.3062
2020-07-22 10:00:00,1992.3191
2020-07-22 11:00:00,1275.2002
2020-07-22 12:00:00,1859.9385
2020-07-22 13:00:00,1889.6985
2020-07-22 14:00:00,658.06885
2020-07-22 15:00:00,34.561264
2020-07-22 16:00:00,22.79602
2020-07-22 17:00:00,21.597488
2020-07-22 18:00:00,23.375927
2020-07-22 19:00:00,24.679108
2020-07-22 20:00:00,24.395615
2020-07-22 21:00:00,23.526176
2020-07-22 22:00:00,21.238548
2020-07-22 23:00:00,22.53915
2020-07-23 00:00:00,23.839096
2020-07-23 01:00:00,26.01733
2020-07-23 02:00:00,41.58644
2020-07-23 03:00:00,477.54272
2020-07-23 04:00:00,790.39844
2020-07-23 05:00:00,1010.2363
2020-07-23 06:00:00,1462.7444
2020-07-23 07:00:00,1828.2029
2020-07-23 08:00:00,1920.2151
2020-07-23 09:00:00,1817.0461
2020-07-23 10:00:00,2182.0398
2020-07-23 11:00:00,1155.8518
2020-07-23 12:00:00,527.6221
2020-07-23 13:00:00,321.61438
2020-07-23 14:00:00,84.28252
2020-07-23 15:00:00,34.738113
2020-07-23 16:00:00,25.120636
2020-07-23 17:00:00,19.912811
2020-07-23 18:00:00,17.61938
2020-07-23 19:00:00,17.946945
2020-07-23 20:00:00,19.058197
2020-07-23 21:00:00,19.054459
2020-07-23 22:00:00,25.798447
2020-07-23 23:00:00,28.261734
2020-07-24 00:00:00,33.53085
2020-07-24 01:00:00,81.41025
2020-07-24 02:00:00,403.7582
2020-07-24 03:00:00,467.71875
2020-07-24 04:00:00,475.11963
2020-07-24 05:00:00,624.0532
2020-07-24 06:00:00,806.2468
2020-07-24 07:00:00,888.6111
2020-07-24 08:00:00,750.0405
2020-07-24 09:00:00,682.81445
2020-07-24 10:00:00,542.0962
2020-07-24 11:00:00,538.3513
2020-07-24 12:00:00,230.06538
2020-07-24 13:00:00,260.00272
2020-07-24 14:00:00,153.20776
2020-07-24 15:00:00,83.47276
2020-07-24 16:00:00,53.711823
2020-07-24 17:00:00,40.264755
2020-07-24 18:00:00,31.482864
2020-07-24 19:00:00,25.283829
2020-07-24 20:00:00,21.958008
2020-07-24 21:00:00,18.50354
2020-07-24 22:00:00,32.92592
2020-07-24 23:00:00,26.02156
2020-07-25 00:00:00,20.960129
2020-07-25 01:00:00,31.369339
2020-07-25 02:00:00,98.12439
2020-07-25 03:00:00,421.0481
2020-07-25 04:00:00,557.635
2020-07-25 05:00:00,825.6853
2020-07-25 06:00:00,943.10767
2020-07-25 07:00:00,953.5869
2020-07-25 08:00:00,1116.0149
2020-07-25 09:00:00,1307.3645
2020-07-25 10:00:00,846.92163
2020-07-25 11:00:00,686.3474
2020-07-25 12:00:00,595.98755
2020-07-25 13:00:00,313.58655
2020-07-25 14:00:00,84.93111
2020-07-25 15:00:00,45.005783
2020-07-25 16:00:00,32.006058
2020-07-25 17:00:00,20.378376
2020-07-25 18:00:00,18.126053
2020-07-25 19:00:00,18.785538
2020-07-25 20:00:00,18.32457
2020-07-25 21:00:00,16.461708
2020-07-25 22:00:00,27.588852
2020-07-25 23:00:00,29.628006
2020-07-26 00:00:00,17.480742
2020-07-26 01:00:00,25.007736
2020-07-26 02:00:00,88.95418
2020-07-26 03:00:00,201.55193
2020-07-26 04:00:00,525.12646
2020-07-26 05:00:00,853.0654
2020-07-26 06:00:00,1032.541
2020-07-26 07:00:00,1074.4658
2020-07-26 08:00:00,1085.9778
2020-07-26 09:00:00,1016.9802
2020-07-26 10:00:00,788.48315
2020-07-26 11:00:00,526.2759
2020-07-26 12:00:00,396.50024
2020-07-26 13:00:00,211.92378
2020-07-26 14:00:00,89.76511
2020-07-26 15:00:00,39.033188
2020-07-26 16:00:00,19.981995
2020-07-26 17:00:00,22.586334
2020-07-26 18:00:00,32.486404
2020-07-26 19:00:00,26.131363
2020-07-26 20:00:00,22.645432
2020-07-26 21:00:00,31.893112
2020-07-26 22:00:00,32.191406
2020-07-26 23:00:00,49.65358
2020-07-27 00:00:00,187.24014
2020-07-27 01:00:00,203.71904
2020-07-27 02:00:00,196.00565
2020-07-27 03:00:00,337.44678
2020-07-27 04:00:00,534.2698
2020-07-27 05:00:00,732.8816
2020-07-27 06:00:00,1421.8728
2020-07-27 07:00:00,1516.6323
2020-07-27 08:00:00,1576.7979
2020-07-27 09:00:00,1447.7026
2020-07-27 10:00:00,1368.334
2020-07-27 11:00:00,834.95166
2020-07-27 12:00:00,634.9829
2020-07-27 13:00:00,470.82104
2020-07-27 14:00:00,211.63057
2020-07-27 15:00:00,53.701508
2020-07-27 16:00:00,38.260757
2020-07-27 17:00:00,24.961838
2020-07-27 18:00:00,20.483246
2020-07-27 19:00:00,20.649212
2020-07-27 20:00:00,21.112762
2020-07-27 21:00:00,20.20102
2020-07-27 22:00:00,18.342823
2020-07-27 23:00:00,21.845856
2020-07-28 00:00:00,22.937302
2020-07-28 01:00:00,26.943527
2020-07-28 02:00:00,89.69061
2020-07-28 03:00:00,442.13672
2020-07-28 04:00:00,831.3069
2020-07-28 05:00:00,1122.4856
2020-07-28 06:00:00,1107.4734
2020-07-28 07:00:00,1114.7627
2020-07-28 08:00:00,772.59106
2020-07-28 09:00:00,1228.187
2020-07-28 10:00:00,1160.6621
2020-07-28 11:00:00,959.4414
2020-07-28 12:00:00,617.6199
2020-07-28 13:00:00,417.68005
2020-07-28 14:00:00,151.59749
2020-07-28 15:00:00,123.798996
2020-07-28 16:00:00,60.13495
2020-07-28 17:00:00,33.197952
2020-07-28 18:00:00,28.03981
2020-07-28 19:00:00,27.426025
2020-07-28 20:00:00,24.731277
2020-07-28 21:00:00,24.247833
2020-07-28 22:00:00,34.17093
2020-07-28 23:00:00,51.38089
2020-07-29 00:00:00,59.538803
2020-07-29 01:00:00,75.72563
2020-07-29 02:00:00,101.52107
2020-07-29 03:00:00,321.85815
2020-07-29 04:00:00,961.7988
2020-07-29 05:00:00,1099.8726
2020-07-29 06:00:00,1214.7134
2020-07-29 07:00:00,1230.5981
2020-07-29 08:00:00,989.43115
2020-07-29 09:00:00,927.3489
2020-07-29 10:00:00,740.8762
2020-07-29 11:00:00,687.0764
2020-07-29 12:00:00,548.5215
2020-07-29 13:00:00,341.8081
2020-07-29 14:00:00,118.91484
2020-07-29 15:00:00,45.671844
2020-07-29 16:00:00,26.043732
2020-07-29 17:00:00,22.93988
2020-07-29 18:00:00,25.369354
2020-07-29 19:00:00,21.130753
2020-07-29 20:00:00,21.030193
2020-07-29 21:00:00,21.879505
2020-07-29 22:00:00,20.703552
2020-07-29 23:00:00,19.982014
2020-07-30 00:00:00,22.800873
2020-07-30 01:00:00,29.561325
2020-07-30 02:00:00,70.65347
2020-07-30 03:00:00,427.53345
2020-07-30 04:00:00,755.2649
2020-07-30 05:00:00,990.2942
2020-07-30 06:00:00,1164.9526
2020-07-30 07:00:00,1253.8184
2020-07-30 08:00:00,1298.4543
2020-07-30 09:00:00,1256.9675
2020-07-30 10:00:00,1155.1382
2020-07-30 11:00:00,1101.0645
2020-07-30 12:00:00,970.6343
2020-07-30 13:00:00,532.5408
2020-07-30 14:00:00,170.58519
2020-07-30 15:00:00,123.76021
2020-07-30 16:00:00,188.88591
2020-07-30 17:00:00,149.59586
2020-07-30 18:00:00,87.50488
2020-07-30 19:00:00,38.946625
2020-07-30 20:00:00,30.971298
2020-07-30 21:00:00,19.907028
2020-07-30 22:00:00,33.157486
2020-07-30 23:00:00,23.580612
2020-07-31 00:00:00,19.050812
2020-07-31 01:00:00,27.71045
2020-07-31 02:00:00,49.375
2020-07-31 03:00:00,223.56912
2020-07-31 04:00:00,395.96948
2020-07-31 05:00:00,600.89404
2020-07-31 06:00:00,576.74585
2020-07-31 07:00:00,678.3638
2020-07-31 08:00:00,732.27783
2020-07-31 09:00:00,984.0227
2020-07-31 10:00:00,757.2344
2020-07-31 11:00:00,633.74585
2020-07-31 12:00:00,445.95386
2020-07-31 13:00:00,152.96338
2020-07-31 14:00:00,105.703674
2020-07-31 15:00:00,74.76279
2020-07-31 16:00:00,97.09085
2020-07-31 17:00:00,59.64125
2020-07-31 18:00:00,38.15033
2020-07-31 19:00:00,30.029434
2020-07-31 20:00:00,25.938263
2020-07-31 21:00:00,25.269455
2020-07-31 22:00:00,37.402115
2020-07-31 23:00:00,27.702332
2020-08-01 00:00:00,36.433426
2020-08-01 01:00:00,46.184402
2020-08-01 02:00:00,97.984375
2020-08-01 03:00:00,328.35352
2020-08-01 04:00:00,385.5752
2020-08-01 05:00:00,604.86865
2020-08-01 06:00:00,714.2876
2020-08-01 07:00:00,662.94434
2020-08-01 08:00:00,464.64697
2020-08-01 09:00:00,494.77637
2020-08-01 10:00:00,449.70972
2020-08-01 11:00:00,324.70605
2020-08-01 12:00:00,335.28735
2020-08-01 13:00:00,168.57019
2020-08-01 14:00:00,90.103226
2020-08-01 15:00:00,41.12738
2020-08-01 16:00:00,27.843018
2020-08-01 17:00:00,35.8752
2020-08-01 18:00:00,25.732193
2020-08-01 19:00:00,20.319633
2020-08-01 20:00:00,47.09221
2020-08-01 21:00:00,59.75969
2020-08-01 22:00:00,64.211685
2020-08-01 23:00:00,47.421326
2020-08-02 00:00:00,63.699768
2020-08-02 01:00:00,85.8409
2020-08-02 02:00:00,182.02312
2020-08-02 03:00:00,329.10132
2020-08-02 04:00:00,537.4148
2020-08-02 05:00:00,706.4983
2020-08-02 06:00:00,840.0249
2020-08-02 07:00:00,913.0945
2020-08-02 08:00:00,532.5864
2020-08-02 09:00:00,457.84448
2020-08-02 10:00:00,695.2622
2020-08-02 11:00:00,375.78296
2020-08-02 12:00:00,391.6543
2020-08-02 13:00:00,179.84996
2020-08-02 14:00:00,234.19438
2020-08-02 15:00:00,88.39351
2020-08-02 16:00:00,27.950958
2020-08-02 17:00:00,21.34845
2020-08-02 18:00:00,39.215347
2020-08-02 19:00:00,26.802246
2020-08-02 20:00:00,31.184525
2020-08-02 21:00:00,31.288696
2020-08-02 22:00:00,46.318222
2020-08-02 23:00:00,21.737091
2020-08-03 00:00:00,15.667561
2020-08-03 01:00:00,26.886185
2020-08-03 02:00:00,125.50888
2020-08-03 03:00:00,353.70972
2020-08-03 04:00:00,590.63745
2020-08-03 05:00:00,826.2107
2020-08-03 06:00:00,1041.7817
2020-08-03 07:00:00,953.59595
2020-08-03 08:00:00,838.55054
2020-08-03 09:00:00,832.64746
2020-08-03 10:00:00,581.3413
2020-08-03 11:00:00,805.3596
2020-08-03 12:00:00,802.81006
2020-08-03 13:00:00,405.24634
2020-08-03 14:00:00,142.54059
2020-08-03 15:00:00,65.7708
2020-08-03 16:00:00,43.043137
2020-08-03 17:00:00,44.34192
2020-08-03 18:00:00,37.032074
2020-08-03 19:00:00,33.29222
2020-08-03 20:00:00,37.399704
2020-08-03 21:00:00,32.766342
2020-08-03 22:00:00,24.100266
2020-08-03 23:00:00,29.90625
2020-08-04 00:00:00,27.263977
2020-08-04 01:00:00,28.294739
2020-08-04 02:00:00,55.750687
2020-08-04 03:00:00,395.20044
2020-08-04 04:00:00,623.88086
2020-08-04 05:00:00,814.8425
2020-08-04 06:00:00,941.7754
2020-08-04 07:00:00,1080.0454
2020-08-04 08:00:00,1154.2102
2020-08-04 09:00:00,1303.2183
2020-08-04 10:00:00,1347.0261
2020-08-04 11:00:00,556.9707
2020-08-04 12:00:00,408.79956
2020-08-04 13:00:00,198.36833
2020-08-04 14:00:00,45.31517
2020-08-04 15:00:00,23.749878
2020-08-04 16:00:00,24.154358
2020-08-04 17:00:00,24.60228
2020-08-04 18:00:00,20.26149
2020-08-04 19:00:00,19.341217
2020-08-04 20:00:00,17.764694
2020-08-04 21:00:00,17.824902
2020-08-04 22:00:00,24.43393
2020-08-04 23:00:00,22.185501
2020-08-05 00:00:00,20.342148
2020-08-05 01:00:00,21.538254
2020-08-05 02:00:00,28.148148
2020-08-05 03:00:00,288.38885
2020-08-05 04:00:00,556.7285
2020-08-05 05:00:00,936.1631
2020-08-05 06:00:00,1153.669
2020-08-05 07:00:00,1199.3093
2020-08-05 08:00:00,1216.7524
2020-08-05 09:00:00,1183.4407
2020-08-05 10:00:00,442.6006
2020-08-05 11:00:00,464.72046
2020-08-05 12:00:00,331.33032
2020-08-05 13:00:00,183.24704
2020-08-05 14:00:00,30.502106
2020-08-05 15:00:00,24.542679
2020-08-05 16:00:00,24.059189
2020-08-05 17:00:00,19.92154
2020-08-05 18:00:00,19.958984
2020-08-05 19:00:00,18.85086
2020-08-05 20:00:00,17.966862
2020-08-05 21:00:00,18.214481
2020-08-05 22:00:00,21.125038
2020-08-05 23:00:00,21.025036
2020-08-06 00:00:00,21.025978
2020-08-06 01:00:00,23.14132
2020-08-06 02:00:00,28.129211
2020-08-06 03:00:00,363.74255
2020-08-06 04:00:00,701.4563
2020-08-06 05:00:00,890.1406
2020-08-06 06:00:00,1112.8301
2020-08-06 07:00:00,1407.0515
2020-08-06 08:00:00,1441.105
2020-08-06 09:00:00,1359.8958
2020-08-06 10:00:00,1411.8384
2020-08-06 11:00:00,1288.0134
2020-08-06 12:00:00,806.8428
2020-08-06 13:00:00,406.68787
2020-08-06 14:00:00,31.090729
2020-08-06 15:00:00,21.522964
2020-08-06 16:00:00,21.211151
2020-08-06 17:00:00,19.119137
2020-08-06 18:00:00,17.039528
2020-08-06 19:00:00,16.177197
2020-08-06 20:00:00,15.888502
2020-08-06 21:00:00,16.225609
2020-08-06 22:00:00,15.809491
2020-08-06 23:00:00,15.574326
2020-08-07 00:00:00,15.794338
2020-08-07 01:00:00,16.059296
2020-08-07 02:00:00,17.328644
2020-08-07 03:00:00,336.13306
2020-08-07 04:00:00,576.5344
2020-08-07 05:00:00,821.8303
2020-08-07 06:00:00,1107.3411
2020-08-07 07:00:00,1218.2664
2020-08-07 08:00:00,1427.8196
2020-08-07 09:00:00,936.58374
2020-08-07 10:00:00,938.02026
2020-08-07 11:00:00,700.8635
2020-08-07 12:00:00,525.62573
2020-08-07 13:00:00,182.00946
2020-08-07 14:00:00,41.781204
2020-08-07 15:00:00,27.302322
2020-08-07 16:00:00,32.751022
2020-08-07 17:00:00,31.900833
2020-08-07 18:00:00,22.747162
2020-08-07 19:00:00,18.033676
2020-08-07 20:00:00,21.870422
2020-08-07 21:00:00,29.000854
2020-08-07 22:00:00,26.160889
2020-08-07 23:00:00,22.155598
2020-08-08 00:00:00,16.488705
2020-08-08 01:00:00,24.685486
2020-08-08 02:00:00,53.172302
2020-08-08 03:00:00,352.8728
2020-08-08 04:00:00,567.5786
2020-08-08 05:00:00,671.40845
2020-08-08 06:00:00,1046.9563
2020-08-08 07:00:00,980.26
2020-08-08 08:00:00,1039.7722
2020-08-08 09:00:00,851.78906
2020-08-08 10:00:00,843.8657
2020-08-08 11:00:00,416.77734
2020-08-08 12:00:00,378.8225
2020-08-08 13:00:00,228.04341
2020-08-08 14:00:00,96.942764
2020-08-08 15:00:00,53.033142
2020-08-08 16:00:00,51.917343
2020-08-08 17:00:00,27.972229
2020-08-08 18:00:00,33.55638
2020-08-08 19:00:00,99.82573
2020-08-08 20:00:00,120.04413
2020-08-08 21:00:00,90.20079
2020-08-08 22:00:00,95.00342
2020-08-08 23:00:00,67.156235
2020-08-09 00:00:00,36.970688
2020-08-09 01:00:00,65.90607
2020-08-09 02:00:00,179.23907
2020-08-09 03:00:00,336.5974
2020-08-09 04:00:00,468.93774
2020-08-09 05:00:00,628.063
2020-08-09 06:00:00,868.51733
2020-08-09 07:00:00,924.6653
2020-08-09 08:00:00,1065.2173
2020-08-09 09:00:00,1155.7478
2020-08-09 10:00:00,945.95557
2020-08-09 11:00:00,642.58374
2020-08-09 12:00:00,321.1372
2020-08-09 13:00:00,304.49286
2020-08-09 14:00:00,121.679184
2020-08-09 15:00:00,45.729675
2020-08-09 16:00:00,33.463028
2020-08-09 17:00:00,20.685898
2020-08-09 18:00:00,19.933182
2020-08-09 19:00:00,20.674042
2020-08-09 20:00:00,21.459412
2020-08-09 21:00:00,21.240128
2020-08-09 22:00:00,22.84555
2020-08-09 23:00:00,25.620773
2020-08-10 00:00:00,31.415894
2020-08-10 01:00:00,43.85028
2020-08-10 02:00:00,103.0305
2020-08-10 03:00:00,399.44604
2020-08-10 04:00:00,713.1294
2020-08-10 05:00:00,1011.1067
2020-08-10 06:00:00,1152.1646
2020-08-10 07:00:00,1416.6252
2020-08-10 08:00:00,1404.0579
2020-08-10 09:00:00,1355.2634
2020-08-10 10:00:00,943.7361
2020-08-10 11:00:00,595.5283
2020-08-10 12:00:00,403.2798
2020-08-10 13:00:00,305.10132
2020-08-10 14:00:00,53.330383
2020-08-10 15:00:00,51.016464
2020-08-10 16:00:00,51.436935
2020-08-10 17:00:00,37.371918
2020-08-10 18:00:00,27.851547
2020-08-10 19:00:00,27.082886
2020-08-10 20:00:00,27.777344
2020-08-10 21:00:00,27.891602
2020-08-10 22:00:00,25.398392
2020-08-10 23:00:00,26.709457
2020-08-11 00:00:00,21.38124
2020-08-11 01:00:00,27.57013
2020-08-11 02:00:00,62.05861
2020-08-11 03:00:00,300.6919
2020-08-11 04:00:00,744.8811
2020-08-11 05:00:00,940.44116
2020-08-11 06:00:00,1378.5889
2020-08-11 07:00:00,1147.3718
2020-08-11 08:00:00,1236.1794
2020-08-11 09:00:00,1186.4001
2020-08-11 10:00:00,1339.094
2020-08-11 11:00:00,933.13477
2020-08-11 12:00:00,606.34546
2020-08-11 13:00:00,487.42773
2020-08-11 14:00:00,241.36069
2020-08-11 15:00:00,149.82559
2020-08-11 16:00:00,124.33981
2020-08-11 17:00:00,65.13835
2020-08-11 18:00:00,29.850311
2020-08-11 19:00:00,23.146011
2020-08-11 20:00:00,24.113937
2020-08-11 21:00:00,21.343422
2020-08-11 22:00:00,27.841125
2020-08-11 23:00:00,24.507446
2020-08-12 00:00:00,24.103561
2020-08-12 01:00:00,41.626205
2020-08-12 02:00:00,180.18077
2020-08-12 03:00:00,417.87695
2020-08-12 04:00:00,640.8286
2020-08-12 05:00:00,807.3467
2020-08-12 06:00:00,944.88745
2020-08-12 07:00:00,1019.3369
2020-08-12 08:00:00,1170.3926
2020-08-12 09:00:00,1296.6416
2020-08-12 10:00:00,1081.6672
2020-08-12 11:00:00,757.74927
2020-08-12 12:00:00,566.4907
2020-08-12 13:00:00,390.75586
2020-08-12 14:00:00,96.005905
2020-08-12 15:00:00,44.99237
2020-08-12 16:00:00,33.670013
2020-08-12 17:00:00,21.663177
2020-08-12 18:00:00,23.085495
2020-08-12 19:00:00,19.945816
2020-08-12 20:00:00,18.6716
2020-08-12 21:00:00,22.424301
2020-08-12 22:00:00,36.744392
2020-08-12 23:00:00,46.351166
2020-08-13 00:00:00,57.09178
2020-08-13 01:00:00,61.3667
2020-08-13 02:00:00,141.99179
2020-08-13 03:00:00,295.73657
2020-08-13 04:00:00,484.43677
2020-08-13 05:00:00,542.7783
2020-08-13 06:00:00,791.2522
2020-08-13 07:00:00,1177.5339
2020-08-13 08:00:00,977.9221
2020-08-13 09:00:00,771.3225
2020-08-13 10:00:00,677.5991
2020-08-13 11:00:00,551.51465
2020-08-13 12:00:00,488.60205
2020-08-13 13:00:00,307.8413
2020-08-13 14:00:00,219.04272
2020-08-13 15:00:00,82.035614
2020-08-13 16:00:00,37.479523
2020-08-13 17:00:00,28.691177
2020-08-13 18:00:00,24.806747
2020-08-13 19:00:00,22.972733
2020-08-13 20:00:00,24.513718
2020-08-13 21:00:00,26.598953
2020-08-13 22:00:00,28.495178
2020-08-13 23:00:00,33.82837
2020-08-14 00:00:00,40.2872
2020-08-14 01:00:00,51.66771
2020-08-14 02:00:00,66.61012
2020-08-14 03:00:00,325.2788
2020-08-14 04:00:00,666.2307
2020-08-14 05:00:00,907.8052
2020-08-14 06:00:00,1230.0583
2020-08-14 07:00:00,1288.5015
2020-08-14 08:00:00,1263.3823
2020-08-14 09:00:00,1251.166
2020-08-14 10:00:00,1219.4905
2020-08-14 11:00:00,1247.4902
2020-08-14 12:00:00,869.9192
2020-08-14 13:00:00,429.81567
2020-08-14 14:00:00,79.34955
2020-08-14 15:00:00,30.455185
2020-08-14 16:00:00,28.406448
2020-08-14 17:00:00,20.882515
2020-08-14 18:00:00,17.546062
2020-08-14 19:00:00,16.948124
2020-08-14 20:00:00,16.861645
2020-08-14 21:00:00,17.426315
2020-08-14 22:00:00,20.400732
2020-08-14 23:00:00,21.526875
2020-08-15 00:00:00,22.97831
2020-08-15 01:00:00,22.009628
2020-08-15 02:00:00,26.054474
2020-08-15 03:00:00,446.06805
2020-08-15 04:00:00,645.31177
2020-08-15 05:00:00,881.2422
2020-08-15 06:00:00,1094.9282
2020-08-15 07:00:00,1182.5281
2020-08-15 08:00:00,1422.9026
2020-08-15 09:00:00,1420.8113
2020-08-15 10:00:00,1287.3267
2020-08-15 11:00:00,1140.5398
2020-08-15 12:00:00,462.50073
2020-08-15 13:00:00,207.89459
2020-08-15 14:00:00,71.00816
2020-08-15 15:00:00,29.310928
2020-08-15 16:00:00,17.242785
2020-08-15 17:00:00,15.629279
2020-08-15 18:00:00,15.418224
2020-08-15 19:00:00,15.928525
2020-08-15 20:00:00,16.803535
2020-08-15 21:00:00,17.47462
2020-08-15 22:00:00,20.852463
2020-08-15 23:00:00,19.149529
2020-08-16 00:00:00,18.699604
2020-08-16 01:00:00,19.990215
2020-08-16 02:00:00,24.92398
2020-08-16 03:00:00,286.9538
2020-08-16 04:00:00,638.82056
2020-08-16 05:00:00,841.6194
2020-08-16 06:00:00,1035.9993
2020-08-16 07:00:00,1180.4114
2020-08-16 08:00:00,1078.3984
2020-08-16 09:00:00,1025.5264
2020-08-16 10:00:00,1172.0042
2020-08-16 11:00:00,780.3948
2020-08-16 12:00:00,504.57202
2020-08-16 13:00:00,364.77203
2020-08-16 14:00:00,165.98512
2020-08-16 15:00:00,27.14029
2020-08-16 16:00:00,38.4382
2020-08-16 17:00:00,45.165344
2020-08-16 18:00:00,39.161545
2020-08-16 19:00:00,37.40976
2020-08-16 20:00:00,24.650589
2020-08-16 21:00:00,21.899887
2020-08-16 22:00:00,55.458694
2020-08-16 23:00:00,48.680954
2020-08-17 00:00:00,43.839752
2020-08-17 01:00:00,31.129059
2020-08-17 02:00:00,33.841293
2020-08-17 03:00:00,393.11328
2020-08-17 04:00:00,611.3096
2020-08-17 05:00:00,834.10645
2020-08-17 06:00:00,906.7119
2020-08-17 07:00:00,1041.1096
2020-08-17 08:00:00,1223.0815
2020-08-17 09:00:00,1189.7449
2020-08-17 10:00:00,901.4343
2020-08-17 11:00:00,677.0708
2020-08-17 12:00:00,452.77075
2020-08-17 13:00:00,267.16623
2020-08-17 14:00:00,73.67062
2020-08-17 15:00:00,42.95172
2020-08-17 16:00:00,42.500717
2020-08-17 17:00:00,28.077042
2020-08-17 18:00:00,25.337065
2020-08-17 19:00:00,26.060623
2020-08-17 20:00:00,43.159092
2020-08-17 21:00:00,161.17809
2020-08-17 22:00:00,242.88678
2020-08-17 23:00:00,195.82108
2020-08-18 00:00:00,278.0039
2020-08-18 01:00:00,359.94186
2020-08-18 02:00:00,339.2438
2020-08-18 03:00:00,245.60481
2020-08-18 04:00:00,218.81276
2020-08-18 05:00:00,259.31836
2020-08-18 06:00:00,302.21655
2020-08-18 07:00:00,424.52612
2020-08-18 08:00:00,326.18408
2020-08-18 09:00:00,386.1267
2020-08-18 10:00:00,339.3755
2020-08-18 11:00:00,340.62036
2020-08-18 12:00:00,314.27612
2020-08-18 13:00:00,187.51903
2020-08-18 14:00:00,101.74045
2020-08-18 15:00:00,88.19493
2020-08-18 16:00:00,60.63971
2020-08-18 17:00:00,36.460922
2020-08-18 18:00:00,32.059708
2020-08-18 19:00:00,28.932924
2020-08-18 20:00:00,27.004517
2020-08-18 21:00:00,30.604279
2020-08-18 22:00:00,33.058533
2020-08-18 23:00:00,20.139023
2020-08-19 00:00:00,29.25148
2020-08-19 01:00:00,29.558838
2020-08-19 02:00:00,45.668427
2020-08-19 03:00:00,366.34766
2020-08-19 04:00:00,530.88696
2020-08-19 05:00:00,678.053
2020-08-19 06:00:00,807.0344
2020-08-19 07:00:00,839.1294
2020-08-19 08:00:00,872.7024
2020-08-19 09:00:00,941.79834
2020-08-19 10:00:00,909.5454
2020-08-19 11:00:00,714.437
2020-08-19 12:00:00,515.239
2020-08-19 13:00:00,283.4077
2020-08-19 14:00:00,45.874847
2020-08-19 15:00:00,26.406906
2020-08-19 16:00:00,31.95224
2020-08-19 17:00:00,18.575073
2020-08-19 18:00:00,17.22087
2020-08-19 19:00:00,17.748825
2020-08-19 20:00:00,15.664434
2020-08-19 21:00:00,15.737836
2020-08-19 22:00:00,18.657196
2020-08-19 23:00:00,17.416075
2020-08-20 00:00:00,16.86238
2020-08-20 01:00:00,18.176834
2020-08-20 02:00:00,25.175858
2020-08-20 03:00:00,367.60156
2020-08-20 04:00:00,607.2302
2020-08-20 05:00:00,763.76807
2020-08-20 06:00:00,1049.1252
2020-08-20 07:00:00,1047.1243
2020-08-20 08:00:00,1458.4187
2020-08-20 09:00:00,1173.5183
2020-08-20 10:00:00,832.14014
2020-08-20 11:00:00,589.99585
2020-08-20 12:00:00,437.62085
2020-08-20 13:00:00,348.58765
2020-08-20 14:00:00,136.43643
2020-08-20 15:00:00,54.646545
2020-08-20 16:00:00,38.32808
2020-08-20 17:00:00,34.898453
2020-08-20 18:00:00,31.165436
2020-08-20 19:00:00,25.368195
2020-08-20 20:00:00,19.961685
2020-08-20 21:00:00,16.718653
2020-08-20 22:00:00,19.71762
2020-08-20 23:00:00,16.968018
2020-08-21 00:00:00,17.36604
2020-08-21 01:00:00,25.701761
2020-08-21 02:00:00,97.41522
2020-08-21 03:00:00,430.74316
2020-08-21 04:00:00,701.3479
2020-08-21 05:00:00,683.7749
2020-08-21 06:00:00,905.7007
2020-08-21 07:00:00,1105.8174
2020-08-21 08:00:00,1035.7964
2020-08-21 09:00:00,1004.17456
2020-08-21 10:00:00,1012.67285
2020-08-21 11:00:00,642.73926
2020-08-21 12:00:00,465.44922
2020-08-21 13:00:00,298.7199
2020-08-21 14:00:00,78.91496
2020-08-21 15:00:00,46.88333
2020-08-21 16:00:00,26.240036
2020-08-21 17:00:00,19.754013
2020-08-21 18:00:00,18.519684
2020-08-21 19:00:00,17.314941
2020-08-21 20:00:00,17.258457
2020-08-21 21:00:00,16.938457
2020-08-21 22:00:00,18.16507
2020-08-21 23:00:00,16.154968
2020-08-22 00:00:00,15.727294
2020-08-22 01:00:00,16.00563
2020-08-22 02:00:00,18.042175
2020-08-22 03:00:00,275.49835
2020-08-22 04:00:00,519.1948
2020-08-22 05:00:00,757.22925
2020-08-22 06:00:00,949.3423
2020-08-22 07:00:00,1130.459
2020-08-22 08:00:00,1170.9365
2020-08-22 09:00:00,1170.9246
2020-08-22 10:00:00,1054.9563
2020-08-22 11:00:00,830.489
2020-08-22 12:00:00,563.96045
2020-08-22 13:00:00,232.30469
2020-08-22 14:00:00,43.605164
2020-08-22 15:00:00,26.407028
2020-08-22 16:00:00,27.053207
2020-08-22 17:00:00,28.595337
2020-08-22 18:00:00,29.086502
2020-08-22 19:00:00,22.540176
2020-08-22 20:00:00,20.781235
2020-08-22 21:00:00,22.047531
2020-08-22 22:00:00,24.995636
2020-08-22 23:00:00,21.617695
2020-08-23 00:00:00,24.006649
2020-08-23 01:00:00,21.94316
2020-08-23 02:00:00,17.14656
2020-08-23 03:00:00,244.80379
2020-08-23 04:00:00,518.81006
2020-08-23 05:00:00,743.22
2020-08-23 06:00:00,919.8093
2020-08-23 07:00:00,1060.8655
2020-08-23 08:00:00,1017.1194
2020-08-23 09:00:00,1024.2634
2020-08-23 10:00:00,808.70776
2020-08-23 11:00:00,720.01636
2020-08-23 12:00:00,488.94775
2020-08-23 13:00:00,224.25482
2020-08-23 14:00:00,27.580322
2020-08-23 15:00:00,19.434006
2020-08-23 16:00:00,17.416904
2020-08-23 17:00:00,16.650875
2020-08-23 18:00:00,17.848118
2020-08-23 19:00:00,19.25721
2020-08-23 20:00:00,19.59293
2020-08-23 21:00:00,18.658459
2020-08-23 22:00:00,26.532135
2020-08-23 23:00:00,26.828918
2020-08-24 00:00:00,23.468842
2020-08-24 01:00:00,21.538212
2020-08-24 02:00:00,24.106415
2020-08-24 03:00:00,56.232986
2020-08-24 04:00:00,817.2434
2020-08-24 05:00:00,1120.2126
2020-08-24 06:00:00,1212.6797
2020-08-24 07:00:00,1098.1216
2020-08-24 08:00:00,1100.6409
2020-08-24 09:00:00,699.1289
2020-08-24 10:00:00,444.44922
2020-08-24 11:00:00,530.25635
2020-08-24 12:00:00,310.4109
2020-08-24 13:00:00,123.69493
2020-08-24 14:00:00,29.475204
2020-08-24 15:00:00,20.226486
2020-08-24 16:00:00,87.44005
2020-08-24 17:00:00,92.98131
2020-08-24 18:00:00,38.236893
2020-08-24 19:00:00,30.858948
2020-08-24 20:00:00,42.54303
2020-08-24 21:00:00,32.354416
2020-08-24 22:00:00,36.696167
2020-08-24 23:00:00,15.262579
2020-08-25 00:00:00,19.679916
2020-08-25 01:00:00,38.992294
2020-08-25 02:00:00,114.33482
2020-08-25 03:00:00,587.46655
2020-08-25 04:00:00,795.60596
2020-08-25 05:00:00,971.4138
2020-08-25 06:00:00,915.4409
2020-08-25 07:00:00,974.2803
2020-08-25 08:00:00,817.25684
2020-08-25 09:00:00,665.50635
2020-08-25 10:00:00,694.60156
2020-08-25 11:00:00,685.2732
2020-08-25 12:00:00,527.0996
2020-08-25 13:00:00,229.81245
2020-08-25 14:00:00,113.42871
2020-08-25 15:00:00,110.65152
2020-08-25 16:00:00,71.35799
2020-08-25 17:00:00,62.89592
2020-08-25 18:00:00,54.40796
2020-08-25 19:00:00,60.401657
2020-08-25 20:00:00,61.168564
2020-08-25 21:00:00,39.02292
2020-08-25 22:00:00,31.286316
2020-08-25 23:00:00,13.03104
2020-08-26 00:00:00,15.69429
2020-08-26 01:00:00,36.540443
2020-08-26 02:00:00,115.602005
2020-08-26 03:00:00,311.49902
2020-08-26 04:00:00,563.2842
2020-08-26 05:00:00,637.38916
2020-08-26 06:00:00,765.9075
2020-08-26 07:00:00,918.0679
2020-08-26 08:00:00,975.00366
2020-08-26 09:00:00,845.94824
2020-08-26 10:00:00,715.6682
2020-08-26 11:00:00,551.67773
2020-08-26 12:00:00,270.68
2020-08-26 13:00:00,197.03374
2020-08-26 14:00:00,194.67117
2020-08-26 15:00:00,325.01886
2020-08-26 16:00:00,497.76105
2020-08-26 17:00:00,432.65063
2020-08-26 18:00:00,205.42686
2020-08-26 19:00:00,139.00385
2020-08-26 20:00:00,93.31227
2020-08-26 21:00:00,134.65195
2020-08-26 22:00:00,158.0891
2020-08-26 23:00:00,153.66179
2020-08-27 00:00:00,131.04486
2020-08-27 01:00:00,164.34433
2020-08-27 02:00:00,202.23906
2020-08-27 03:00:00,245.4095
2020-08-27 04:00:00,311.95996
2020-08-27 05:00:00,340.31104
2020-08-27 06:00:00,526.7766
2020-08-27 07:00:00,532.53784
2020-08-27 08:00:00,434.78076
2020-08-27 09:00:00,685.5293
2020-08-27 10:00:00,518.0051
2020-08-27 11:00:00,490.88464
2020-08-27 12:00:00,359.2517
2020-08-27 13:00:00,290.0857
2020-08-27 14:00:00,179.88957
2020-08-27 15:00:00,113.96661
2020-08-27 16:00:00,111.68172
2020-08-27 17:00:00,52.326614
2020-08-27 18:00:00,49.341354
2020-08-27 19:00:00,41.287476
2020-08-27 20:00:00,31.617569
2020-08-27 21:00:00,27.97786
2020-08-27 22:00:00,44.453613
2020-08-27 23:00:00,32.482475
2020-08-28 00:00:00,24.417496
2020-08-28 01:00:00,21.281815
2020-08-28 02:00:00,24.884842
2020-08-28 03:00:00,340.54004
2020-08-28 04:00:00,612.52124
2020-08-28 05:00:00,809.50903
2020-08-28 06:00:00,1060.6812
2020-08-28 07:00:00,1205.4507
2020-08-28 08:00:00,1069.7229
2020-08-28 09:00:00,941.90845
2020-08-28 10:00:00,868.71265
2020-08-28 11:00:00,794.8777
2020-08-28 12:00:00,650.1035
2020-08-28 13:00:00,357.8794
2020-08-28 14:00:00,68.36423
2020-08-28 15:00:00,32.248337
2020-08-28 16:00:00,36.340164
2020-08-28 17:00:00,32.662315
2020-08-28 18:00:00,28.520876
2020-08-28 19:00:00,24.400646
2020-08-28 20:00:00,21.2975
2020-08-28 21:00:00,18.574928
2020-08-28 22:00:00,23.627136
2020-08-28 23:00:00,18.045845
2020-08-29 00:00:00,18.132042
2020-08-29 01:00:00,18.90683
2020-08-29 02:00:00,23.66069
2020-08-29 03:00:00,162.53905
2020-08-29 04:00:00,497.13525
2020-08-29 05:00:00,726.23413
2020-08-29 06:00:00,966.9592
2020-08-29 07:00:00,1084.5962
2020-08-29 08:00:00,1108.9407
2020-08-29 09:00:00,1167.665
2020-08-29 10:00:00,1180.367
2020-08-29 11:00:00,978.417
2020-08-29 12:00:00,740.32935
2020-08-29 13:00:00,309.8508
2020-08-29 14:00:00,60.617905
2020-08-29 15:00:00,25.355942
2020-08-29 16:00:00,23.03003
2020-08-29 17:00:00,19.9719
2020-08-29 18:00:00,21.45052
2020-08-29 19:00:00,22.144745
2020-08-29 20:00:00,22.02161
2020-08-29 21:00:00,20.51033
2020-08-29 22:00:00,24.850647
2020-08-29 23:00:00,23.365355
2020-08-30 00:00:00,25.315853
2020-08-30 01:00:00,22.84616
2020-08-30 02:00:00,18.061249
2020-08-30 03:00:00,288.3341
2020-08-30 04:00:00,525.4221
2020-08-30 05:00:00,750.30444
2020-08-30 06:00:00,894.407
2020-08-30 07:00:00,948.6028
2020-08-30 08:00:00,973.8401
2020-08-30 09:00:00,1037.1265
2020-08-30 10:00:00,1008.32983
2020-08-30 11:00:00,604.6575
2020-08-30 12:00:00,375.1223
2020-08-30 13:00:00,95.50726
2020-08-30 14:00:00,24.31746
2020-08-30 15:00:00,23.247284
2020-08-30 16:00:00,19.083313
2020-08-30 17:00:00,16.886776
2020-08-30 18:00:00,16.39532
2020-08-30 19:00:00,16.329346
2020-08-30 20:00:00,16.487007
2020-08-30 21:00:00,16.533176
2020-08-30 22:00:00,17.423
2020-08-30 23:00:00,15.340667
2020-08-31 00:00:00,14.970874
2020-08-31 01:00:00,15.833
2020-08-31 02:00:00,16.262085
2020-08-31 03:00:00,154.40169
2020-08-31 04:00:00,464.99
2020-08-31 05:00:00,692.7068
2020-08-31 06:00:00,922.49316
2020-08-31 07:00:00,1088.3503
2020-08-31 08:00:00,1237.5759
2020-08-31 09:00:00,1160.8252
2020-08-31 10:00:00,1203.1282
2020-08-31 11:00:00,691.2366
2020-08-31 12:00:00,307.53012
2020-08-31 13:00:00,170.32903
2020-08-31 14:00:00,98.4532
2020-08-31 15:00:00,31.610687
2020-08-31 16:00:00,27.390015
2020-08-31 17:00:00,67.52742
2020-08-31 18:00:00,49.98082
2020-08-31 19:00:00,25.869797
2020-08-31 20:00:00,29.68602
2020-08-31 21:00:00,31.429153
2020-08-31 22:00:00,20.097748
2020-08-31 23:00:00,23.171692
2020-09-01 00:00:00,19.254154
2020-09-01 01:00:00,22.117435
2020-09-01 02:00:00,22.09658
2020-09-01 03:00:00,220.99113
2020-09-01 04:00:00,468.36572
2020-09-01 05:00:00,680.1111
2020-09-01 06:00:00,763.52637
2020-09-01 07:00:00,906.511
2020-09-01 08:00:00,711.6365
2020-09-01 09:00:00,578.30054
2020-09-01 10:00:00,520.79443
2020-09-01 11:00:00,434.01978
2020-09-01 12:00:00,423.9226
2020-09-01 13:00:00,114.71391
2020-09-01 14:00:00,41.409058
2020-09-01 15:00:00,31.012955
2020-09-01 16:00:00,29.193192
2020-09-01 17:00:00,22.80774
2020-09-01 18:00:00,33.013885
2020-09-01 19:00:00,27.796661
2020-09-01 20:00:00,21.945465
2020-09-01 21:00:00,21.959663
2020-09-01 22:00:00,27.12812
2020-09-01 23:00:00,23.172844
2020-09-02 00:00:00,19.53862
2020-09-02 01:00:00,17.426975
2020-09-02 02:00:00,17.624329
2020-09-02 03:00:00,189.61177
2020-09-02 04:00:00,414.10547
2020-09-02 05:00:00,526.0342
2020-09-02 06:00:00,802.6836
2020-09-02 07:00:00,741.01685
2020-09-02 08:00:00,912.115
2020-09-02 09:00:00,967.09937
2020-09-02 10:00:00,975.41943
2020-09-02 11:00:00,837.2046
2020-09-02 12:00:00,372.6156
2020-09-02 13:00:00,190.02834
2020-09-02 14:00:00,90.50708
2020-09-02 15:00:00,49.810974
2020-09-02 16:00:00,25.418015
2020-09-02 17:00:00,29.98262
2020-09-02 18:00:00,20.340103
2020-09-02 19:00:00,20.882355
2020-09-02 20:00:00,26.44635
2020-09-02 21:00:00,44.923225
2020-09-02 22:00:00,43.40329
2020-09-02 23:00:00,40.718475
2020-09-03 00:00:00,45.20569
2020-09-03 01:00:00,38.591553
2020-09-03 02:00:00,119.645676
2020-09-03 03:00:00,284.46606
2020-09-03 04:00:00,400.48853
2020-09-03 05:00:00,428.37158
2020-09-03 06:00:00,409.42212
2020-09-03 07:00:00,517.8667
2020-09-03 08:00:00,593.375
2020-09-03 09:00:00,627.2129
2020-09-03 10:00:00,607.74316
2020-09-03 11:00:00,626.5757
2020-09-03 12:00:00,367.9541
2020-09-03 13:00:00,247.20139
2020-09-03 14:00:00,200.59288
2020-09-03 15:00:00,43.81581
2020-09-03 16:00:00,29.248337
2020-09-03 17:00:00,31.816727
2020-09-03 18:00:00,32.713577
2020-09-03 19:00:00,30.033127
2020-09-03 20:00:00,29.97557
2020-09-03 21:00:00,33.00917
2020-09-03 22:00:00,40.91333
2020-09-03 23:00:00,43.625275
2020-09-04 00:00:00,48.593445
2020-09-04 01:00:00,53.785507
2020-09-04 02:00:00,64.40491
2020-09-04 03:00:00,240.13344
2020-09-04 04:00:00,785.678
2020-09-04 05:00:00,1874.7886
2020-09-04 06:00:00,1983.5859
2020-09-04 07:00:00,2050.938
2020-09-04 08:00:00,1824.1287
2020-09-04 09:00:00,1600.1677
2020-09-04 10:00:00,1465.8796
2020-09-04 11:00:00,1406.4333
2020-09-04 12:00:00,1039.7168
2020-09-04 13:00:00,225.08936
2020-09-04 14:00:00,65.60179
2020-09-04 15:00:00,47.71408
2020-09-04 16:00:00,37.85753
2020-09-04 17:00:00,25.4962
2020-09-04 18:00:00,18.53188
2020-09-04 19:00:00,17.29877
2020-09-04 20:00:00,17.479956
2020-09-04 21:00:00,17.546326
2020-09-04 22:00:00,20.013912
2020-09-04 23:00:00,19.905838
2020-09-05 00:00:00,18.090155
2020-09-05 01:00:00,18.016928
2020-09-05 02:00:00,22.902008
2020-09-05 03:00:00,389.48337
2020-09-05 04:00:00,671.3274
2020-09-05 05:00:00,787.6997
2020-09-05 06:00:00,1027.8965
2020-09-05 07:00:00,1334.3928
2020-09-05 08:00:00,1182.2429
2020-09-05 09:00:00,1077.5156
2020-09-05 10:00:00,905.21655
2020-09-05 11:00:00,552.3528
2020-09-05 12:00:00,477.95532
2020-09-05 13:00:00,137.53244
2020-09-05 14:00:00,33.764954
2020-09-05 15:00:00,38.180573
2020-09-05 16:00:00,24.853546
2020-09-05 17:00:00,25.97789
2020-09-05 18:00:00,24.129547
2020-09-05 19:00:00,23.437057
2020-09-05 20:00:00,22.014252
2020-09-05 21:00:00,21.145676
2020-09-05 22:00:00,28.074646
2020-09-05 23:00:00,24.710388
2020-09-06 00:00:00,22.189316
2020-09-06 01:00:00,20.832016
2020-09-06 02:00:00,26.414566
2020-09-06 03:00:00,389.61792
2020-09-06 04:00:00,689.6035
2020-09-06 05:00:00,914.7285
2020-09-06 06:00:00,1079.0122
2020-09-06 07:00:00,1084.8247
2020-09-06 08:00:00,1385.2217
2020-09-06 09:00:00,1103.2859
2020-09-06 10:00:00,914.39746
2020-09-06 11:00:00,873.9375
2020-09-06 12:00:00,673.01245
2020-09-06 13:00:00,365.15918
2020-09-06 14:00:00,297.65527
2020-09-06 15:00:00,309.4535
2020-09-06 16:00:00,205.12152
2020-09-06 17:00:00,131.98256
2020-09-06 18:00:00,101.04094
2020-09-06 19:00:00,115.004456
2020-09-06 20:00:00,96.246735
2020-09-06 21:00:00,111.98935
2020-09-06 22:00:00,112.66092
2020-09-06 23:00:00,100.351776
2020-09-07 00:00:00,95.62352
2020-09-07 01:00:00,108.02362
2020-09-07 02:00:00,133.1025
2020-09-07 03:00:00,205.84387
2020-09-07 04:00:00,362.56567
2020-09-07 05:00:00,464.85522
2020-09-07 06:00:00,600.0266
2020-09-07 07:00:00,645.80493
2020-09-07 08:00:00,779.427
2020-09-07 09:00:00,847.2859
2020-09-07 10:00:00,842.56836
2020-09-07 11:00:00,712.23926
2020-09-07 12:00:00,505.08838
2020-09-07 13:00:00,201.39534
2020-09-07 14:00:00,29.711786
2020-09-07 15:00:00,15.6622505
2020-09-07 16:00:00,19.65921
2020-09-07 17:00:00,28.465912
2020-09-07 18:00:00,28.486603
2020-09-07 19:00:00,27.007797
2020-09-07 20:00:00,27.898384
2020-09-07 21:00:00,25.203913
2020-09-07 22:00:00,28.9053
2020-09-07 23:00:00,24.675425
2020-09-08 00:00:00,18.775883
2020-09-08 01:00:00,17.274124
2020-09-08 02:00:00,19.230026
2020-09-08 03:00:00,177.13203
2020-09-08 04:00:00,423.2334
2020-09-08 05:00:00,599.7893
2020-09-08 06:00:00,749.05176
2020-09-08 07:00:00,841.48315
2020-09-08 08:00:00,913.1787
2020-09-08 09:00:00,911.1548
2020-09-08 10:00:00,853.0835
2020-09-08 11:00:00,728.1133
2020-09-08 12:00:00,533.1211
2020-09-08 13:00:00,106.23544
2020-09-08 14:00:00,37.752777
2020-09-08 15:00:00,32.841797
2020-09-08 16:00:00,29.759247
2020-09-08 17:00:00,23.395233
2020-09-08 18:00:00,16.497972
2020-09-08 19:00:00,14.609769
2020-09-08 20:00:00,14.193068
2020-09-08 21:00:00,14.61339
2020-09-08 22:00:00,15.884442
2020-09-08 23:00:00,14.914279
2020-09-09 00:00:00,17.7956
2020-09-09 01:00:00,18.337982
2020-09-09 02:00:00,19.113403
2020-09-09 03:00:00,209.24301
2020-09-09 04:00:00,440.39307
2020-09-09 05:00:00,613.91016
2020-09-09 06:00:00,761.2385
2020-09-09 07:00:00,847.5337
2020-09-09 08:00:00,945.6299
2020-09-09 09:00:00,870.42944
2020-09-09 10:00:00,812.80005
2020-09-09 11:00:00,690.97876
2020-09-09 12:00:00,351.2788
2020-09-09 13:00:00,120.41675
2020-09-09 14:00:00,27.090973
2020-09-09 15:00:00,25.63063
2020-09-09 16:00:00,24.218826
2020-09-09 17:00:00,21.422485
2020-09-09 18:00:00,17.696243
2020-09-09 19:00:00,16.995222
2020-09-09 20:00:00,17.005005
2020-09-09 21:00:00,17.115767
2020-09-09 22:00:00,17.3748
2020-09-09 23:00:00,16.831886
2020-09-10 00:00:00,18.09568
2020-09-10 01:00:00,18.339201
2020-09-10 02:00:00,18.531723
2020-09-10 03:00:00,267.18457
2020-09-10 04:00:00,477.9585
2020-09-10 05:00:00,707.9773
2020-09-10 06:00:00,814.1677
2020-09-10 07:00:00,936.6052
2020-09-10 08:00:00,831.87915
2020-09-10 09:00:00,868.9275
2020-09-10 10:00:00,800.7197
2020-09-10 11:00:00,691.9133
2020-09-10 12:00:00,515.27466
2020-09-10 13:00:00,212.1226
2020-09-10 14:00:00,80.95215
2020-09-10 15:00:00,125.58423
2020-09-10 16:00:00,83.1022
2020-09-10 17:00:00,51.567078
2020-09-10 18:00:00,34.011032
2020-09-10 19:00:00,26.90765
2020-09-10 20:00:00,22.383286
2020-09-10 21:00:00,20.071766
2020-09-10 22:00:00,21.355865
2020-09-10 23:00:00,20.069908
2020-09-11 00:00:00,18.36089
2020-09-11 01:00:00,20.088974
2020-09-11 02:00:00,24.300873
2020-09-11 03:00:00,158.14711
2020-09-11 04:00:00,594.8535
2020-09-11 05:00:00,832.792
2020-09-11 06:00:00,936.2102
2020-09-11 07:00:00,1106.8577
2020-09-11 08:00:00,1163.6343
2020-09-11 09:00:00,1227.167
2020-09-11 10:00:00,1140.9597
2020-09-11 11:00:00,641.855
2020-09-11 12:00:00,345.92838
2020-09-11 13:00:00,154.27312
2020-09-11 14:00:00,40.19423
2020-09-11 15:00:00,27.517456
2020-09-11 16:00:00,24.900116
2020-09-11 17:00:00,18.113144
2020-09-11 18:00:00,16.7397
2020-09-11 19:00:00,17.563614
2020-09-11 20:00:00,17.477585
2020-09-11 21:00:00,17.699509
2020-09-11 22:00:00,17.350784
2020-09-11 23:00:00,17.365784
2020-09-12 00:00:00,16.437294
2020-09-12 01:00:00,17.293655
2020-09-12 02:00:00,18.440475
2020-09-12 03:00:00,242.61137
2020-09-12 04:00:00,989.67505
2020-09-12 05:00:00,929.6194
2020-09-12 06:00:00,1196.5122
2020-09-12 07:00:00,1421.1682
2020-09-12 08:00:00,1350.0859
2020-09-12 09:00:00,950.25244
2020-09-12 10:00:00,1075.7366
2020-09-12 11:00:00,679.6262
2020-09-12 12:00:00,643.40405
2020-09-12 13:00:00,398.8418
2020-09-12 14:00:00,138.77808
2020-09-12 15:00:00,64.32364
2020-09-12 16:00:00,60.227158
2020-09-12 17:00:00,63.835648
2020-09-12 18:00:00,46.007477
2020-09-12 19:00:00,52.59755
2020-09-12 20:00:00,67.567795
2020-09-12 21:00:00,49.960007
2020-09-12 22:00:00,60.700867
2020-09-12 23:00:00,58.29156
2020-09-13 00:00:00,51.001083
2020-09-13 01:00:00,49.14995
2020-09-13 02:00:00,63.000626
2020-09-13 03:00:00,260.8695
2020-09-13 04:00:00,506.82983
2020-09-13 05:00:00,748.58813
2020-09-13 06:00:00,939.8816
2020-09-13 07:00:00,1072.8989
2020-09-13 08:00:00,1142.5918
2020-09-13 09:00:00,1091.76
2020-09-13 10:00:00,1025.0547
2020-09-13 11:00:00,842.8262
2020-09-13 12:00:00,500.04736
2020-09-13 13:00:00,60.15074
2020-09-13 14:00:00,19.083755
2020-09-13 15:00:00,21.90831
2020-09-13 16:00:00,20.759338
2020-09-13 17:00:00,16.1073
2020-09-13 18:00:00,16.100697
2020-09-13 19:00:00,19.226221
2020-09-13 20:00:00,19.663754
2020-09-13 21:00:00,21.520437
2020-09-13 22:00:00,22.9123
2020-09-13 23:00:00,20.701014
2020-09-14 00:00:00,20.061289
2020-09-14 01:00:00,21.87954
2020-09-14 02:00:00,23.383497
2020-09-14 03:00:00,189.92683
2020-09-14 04:00:00,432.21143
2020-09-14 05:00:00,666.2754
2020-09-14 06:00:00,890.28955
2020-09-14 07:00:00,1048.9678
2020-09-14 08:00:00,813.78345
2020-09-14 09:00:00,995.2041
2020-09-14 10:00:00,854.97437
2020-09-14 11:00:00,730.6094
2020-09-14 12:00:00,351.90033
2020-09-14 13:00:00,113.107605
2020-09-14 14:00:00,47.414597
2020-09-14 15:00:00,112.91939
2020-09-14 16:00:00,71.74521
2020-09-14 17:00:00,32.85782
2020-09-14 18:00:00,31.943008
2020-09-14 19:00:00,34.082596
2020-09-14 20:00:00,34.877335
2020-09-14 21:00:00,26.581161
2020-09-14 22:00:00,59.46869
2020-09-14 23:00:00,36.36328
2020-09-15 00:00:00,30.191742
2020-09-15 01:00:00,31.36261
2020-09-15 02:00:00,49.29332
2020-09-15 03:00:00,254.1898
2020-09-15 04:00:00,563.9807
2020-09-15 05:00:00,902.6404
2020-09-15 06:00:00,1203.6047
2020-09-15 07:00:00,1452.3098
2020-09-15 08:00:00,1481.8354
2020-09-15 09:00:00,1418.3547
2020-09-15 10:00:00,1274.863
2020-09-15 11:00:00,934.07764
2020-09-15 12:00:00,419.90503
2020-09-15 13:00:00,34.879242
2020-09-15 14:00:00,27.967438
2020-09-15 15:00:00,23.735973
2020-09-15 16:00:00,21.256454
2020-09-15 17:00:00,21.520447
2020-09-15 18:00:00,22.744583
2020-09-15 19:00:00,21.672974
2020-09-15 20:00:00,20.077606
2020-09-15 21:00:00,18.295044
2020-09-15 22:00:00,19.666336
2020-09-15 23:00:00,18.318699
2020-09-16 00:00:00,19.48944
2020-09-16 01:00:00,22.759369
2020-09-16 02:00:00,24.112366
2020-09-16 03:00:00,169.36154
2020-09-16 04:00:00,447.4026
2020-09-16 05:00:00,826.90015
2020-09-16 06:00:00,1169.166
2020-09-16 07:00:00,1390.8923
2020-09-16 08:00:00,1494.1758
2020-09-16 09:00:00,1416.989
2020-09-16 10:00:00,1024.418
2020-09-16 11:00:00,797.2529
2020-09-16 12:00:00,358.38416
2020-09-16 13:00:00,84.89433
2020-09-16 14:00:00,77.69949
2020-09-16 15:00:00,76.39053
2020-09-16 16:00:00,63.63202
2020-09-16 17:00:00,44.756516
2020-09-16 18:00:00,41.593933
2020-09-16 19:00:00,35.706192
2020-09-16 20:00:00,33.705917
2020-09-16 21:00:00,34.660187
2020-09-16 22:00:00,43.711304
2020-09-16 23:00:00,39.557526
2020-09-17 00:00:00,54.30709
2020-09-17 01:00:00,52.00655
2020-09-17 02:00:00,79.52085
2020-09-17 03:00:00,189.52202
2020-09-17 04:00:00,634.1492
2020-09-17 05:00:00,1172.4634
2020-09-17 06:00:00,1326.5391
2020-09-17 07:00:00,1311.3623
2020-09-17 08:00:00,1083.7883
2020-09-17 09:00:00,883.5437
2020-09-17 10:00:00,697.24854
2020-09-17 11:00:00,787.9292
2020-09-17 12:00:00,494.1831
2020-09-17 13:00:00,453.10645
2020-09-17 14:00:00,468.43427
2020-09-17 15:00:00,429.81256
2020-09-17 16:00:00,318.4654
2020-09-17 17:00:00,259.0998
2020-09-17 18:00:00,329.49835
2020-09-17 19:00:00,376.7426
2020-09-17 20:00:00,425.7917
2020-09-17 21:00:00,207.56784
2020-09-17 22:00:00,131.69357
2020-09-17 23:00:00,124.43031
2020-09-18 00:00:00,116.00409
2020-09-18 01:00:00,120.29492
2020-09-18 02:00:00,152.80447
2020-09-18 03:00:00,237.87715
2020-09-18 04:00:00,368.57495
2020-09-18 05:00:00,564.6338
2020-09-18 06:00:00,670.5476
2020-09-18 07:00:00,767.7483
2020-09-18 08:00:00,789.0117
2020-09-18 09:00:00,852.72046
2020-09-18 10:00:00,863.6946
2020-09-18 11:00:00,713.4048
2020-09-18 12:00:00,497.79785
2020-09-18 13:00:00,140.9858
2020-09-18 14:00:00,139.25824
2020-09-18 15:00:00,102.82205
2020-09-18 16:00:00,96.535736
2020-09-18 17:00:00,63.47336
2020-09-18 18:00:00,60.049973
2020-09-18 19:00:00,66.92876
2020-09-18 20:00:00,65.93054
2020-09-18 21:00:00,34.63954
2020-09-18 22:00:00,71.90042
2020-09-18 23:00:00,106.399506
2020-09-19 00:00:00,57.77269
2020-09-19 01:00:00,61.62712
2020-09-19 02:00:00,121.70416
2020-09-19 03:00:00,228.97423
2020-09-19 04:00:00,476.9301
2020-09-19 05:00:00,719.90405
2020-09-19 06:00:00,869.53516
2020-09-19 07:00:00,899.63403
2020-09-19 08:00:00,1004.43286
2020-09-19 09:00:00,720.7517
2020-09-19 10:00:00,801.9297
2020-09-19 11:00:00,623.3784
2020-09-19 12:00:00,387.05676
2020-09-19 13:00:00,153.62431
2020-09-19 14:00:00,123.215256
2020-09-19 15:00:00,94.71698
2020-09-19 16:00:00,39.296432
2020-09-19 17:00:00,26.98993
2020-09-19 18:00:00,23.970215
2020-09-19 19:00:00,25.119156
2020-09-19 20:00:00,23.375454
2020-09-19 21:00:00,18.737213
2020-09-19 22:00:00,17.797531
2020-09-19 23:00:00,15.631239
2020-09-20 00:00:00,18.786018
2020-09-20 01:00:00,20.550087
2020-09-20 02:00:00,25.101532
2020-09-20 03:00:00,35.575974
2020-09-20 04:00:00,120.521515
2020-09-20 05:00:00,410.84177
2020-09-20 06:00:00,639.4155
2020-09-20 07:00:00,827.76
2020-09-20 08:00:00,934.7053
2020-09-20 09:00:00,942.62305
2020-09-20 10:00:00,855.949
2020-09-20 11:00:00,450.96198
2020-09-20 12:00:00,132.55402
2020-09-20 13:00:00,20.706562
2020-09-20 14:00:00,21.727575
2020-09-20 15:00:00,18.224606
2020-09-20 16:00:00,17.269993
2020-09-20 17:00:00,18.550491
2020-09-20 18:00:00,18.884712
2020-09-20 19:00:00,18.24694
2020-09-20 20:00:00,17.288763
2020-09-20 21:00:00,16.860428
2020-09-20 22:00:00,17.49253
2020-09-20 23:00:00,17.259823
2020-09-21 00:00:00,17.349777
2020-09-21 01:00:00,17.340984
2020-09-21 02:00:00,18.365108
2020-09-21 03:00:00,19.470451
2020-09-21 04:00:00,64.35794
2020-09-21 05:00:00,354.0537
2020-09-21 06:00:00,602.3154
2020-09-21 07:00:00,797.281
2020-09-21 08:00:00,947.8496
2020-09-21 09:00:00,963.89233
2020-09-21 10:00:00,726.2124
2020-09-21 11:00:00,496.17407
2020-09-21 12:00:00,132.28535
2020-09-21 13:00:00,55.046844
2020-09-21 14:00:00,34.751076
2020-09-21 15:00:00,21.418211
2020-09-21 16:00:00,13.6015625
2020-09-21 17:00:00,17.562977
2020-09-21 18:00:00,37.246605
2020-09-21 19:00:00,76.53131
2020-09-21 20:00:00,72.142
2020-09-21 21:00:00,33.447422
2020-09-21 22:00:00,23.594225
2020-09-21 23:00:00,21.942528
2020-09-22 00:00:00,99.90324
2020-09-22 01:00:00,102.73957
2020-09-22 02:00:00,97.35547
2020-09-22 03:00:00,185.91496
2020-09-22 04:00:00,326.344
2020-09-22 05:00:00,469.81104
2020-09-22 06:00:00,647.53076
2020-09-22 07:00:00,799.1377
2020-09-22 08:00:00,811.96094
2020-09-22 09:00:00,791.35913
2020-09-22 10:00:00,701.9746
2020-09-22 11:00:00,532.6758
2020-09-22 12:00:00,266.39893
2020-09-22 13:00:00,113.92456
2020-09-22 14:00:00,82.5748
2020-09-22 15:00:00,32.6772
2020-09-22 16:00:00,38.0804
2020-09-22 17:00:00,33.71988
2020-09-22 18:00:00,30.448425
2020-09-22 19:00:00,30.028091
2020-09-22 20:00:00,37.09265
2020-09-22 21:00:00,40.000553
2020-09-22 22:00:00,59.496346
2020-09-22 23:00:00,47.74791
2020-09-23 00:00:00,47.618034
2020-09-23 01:00:00,54.155167
2020-09-23 02:00:00,71.535355
2020-09-23 03:00:00,167.10796
2020-09-23 04:00:00,379.1709
2020-09-23 05:00:00,511.6211
2020-09-23 06:00:00,634.81665
2020-09-23 07:00:00,655.4126
2020-09-23 08:00:00,643.74634
2020-09-23 09:00:00,553.2097
2020-09-23 10:00:00,644.3877
2020-09-23 11:00:00,551.0669
2020-09-23 12:00:00,214.30742
2020-09-23 13:00:00,48.590637
2020-09-23 14:00:00,27.013107
2020-09-23 15:00:00,18.930264
2020-09-23 16:00:00,25.757217
2020-09-23 17:00:00,39.85565
2020-09-23 18:00:00,47.35054
2020-09-23 19:00:00,48.462936
2020-09-23 20:00:00,44.14308
2020-09-23 21:00:00,35.02043
2020-09-23 22:00:00,41.286575
2020-09-23 23:00:00,37.88881
2020-09-24 00:00:00,26.25238
2020-09-24 01:00:00,35.944214
2020-09-24 02:00:00,49.488647
2020-09-24 03:00:00,176.44391
2020-09-24 04:00:00,376.77466
2020-09-24 05:00:00,623.8933
2020-09-24 06:00:00,788.39575
2020-09-24 07:00:00,882.3884
2020-09-24 08:00:00,936.12744
2020-09-24 09:00:00,857.76636
2020-09-24 10:00:00,721.96094
2020-09-24 11:00:00,555.729
2020-09-24 12:00:00,242.77603
2020-09-24 13:00:00,47.553024
2020-09-24 14:00:00,40.08339
2020-09-24 15:00:00,35.721405
2020-09-24 16:00:00,34.14743
2020-09-24 17:00:00,33.4104
2020-09-24 18:00:00,27.343058
2020-09-24 19:00:00,24.351002
2020-09-24 20:00:00,26.271782
2020-09-24 21:00:00,25.300537
2020-09-24 22:00:00,20.78352
2020-09-24 23:00:00,15.607739
2020-09-25 00:00:00,16.528088
2020-09-25 01:00:00,23.287285
2020-09-25 02:00:00,27.58464
2020-09-25 03:00:00,186.07852
2020-09-25 04:00:00,435.81958
2020-09-25 05:00:00,641.32764
2020-09-25 06:00:00,825.46387
2020-09-25 07:00:00,954.84204
2020-09-25 08:00:00,993.23096
2020-09-25 09:00:00,863.80396
2020-09-25 10:00:00,730.3225
2020-09-25 11:00:00,518.12427
2020-09-25 12:00:00,320.79077
2020-09-25 13:00:00,147.96246
2020-09-25 14:00:00,117.548874
2020-09-25 15:00:00,125.704285
2020-09-25 16:00:00,111.410614
2020-09-25 17:00:00,94.275024
2020-09-25 18:00:00,39.337906
2020-09-25 19:00:00,26.148422
2020-09-25 20:00:00,13.969182
2020-09-25 21:00:00,15.432063
2020-09-25 22:00:00,38.09619
2020-09-25 23:00:00,43.32483
2020-09-26 00:00:00,32.791977
2020-09-26 01:00:00,75.14064
2020-09-26 02:00:00,129.05185
2020-09-26 03:00:00,224.61584
2020-09-26 04:00:00,305.177
2020-09-26 05:00:00,401.01465
2020-09-26 06:00:00,531.303
2020-09-26 07:00:00,546.3904
2020-09-26 08:00:00,572.6675
2020-09-26 09:00:00,588.82056
2020-09-26 10:00:00,695.2512
2020-09-26 11:00:00,487.5747
2020-09-26 12:00:00,339.01904
2020-09-26 13:00:00,178.45305
2020-09-26 14:00:00,226.73512
2020-09-26 15:00:00,191.21428
2020-09-26 16:00:00,158.93855
2020-09-26 17:00:00,129.62086
2020-09-26 18:00:00,113.04793
2020-09-26 19:00:00,104.61388
2020-09-26 20:00:00,85.9765
2020-09-26 21:00:00,65.35217
2020-09-26 22:00:00,64.758865
2020-09-26 23:00:00,126.99588
2020-09-27 00:00:00,107.18608
2020-09-27 01:00:00,98.45064
2020-09-27 02:00:00,119.962006
2020-09-27 03:00:00,170.82323
2020-09-27 04:00:00,276.42334
2020-09-27 05:00:00,384.7058
2020-09-27 06:00:00,454.9348
2020-09-27 07:00:00,503.86914
2020-09-27 08:00:00,576.4297
2020-09-27 09:00:00,588.1809
2020-09-27 10:00:00,528.34644
2020-09-27 11:00:00,402.65656
2020-09-27 12:00:00,240.59749
2020-09-27 13:00:00,70.753235
2020-09-27 14:00:00,29.105333
2020-09-27 15:00:00,69.06279
2020-09-27 16:00:00,62.51512
2020-09-27 17:00:00,48.865173
2020-09-27 18:00:00,41.734818
2020-09-27 19:00:00,26.73352
2020-09-27 20:00:00,26.574562
2020-09-27 21:00:00,26.744305
2020-09-27 22:00:00,19.899757
2020-09-27 23:00:00,15.999952
2020-09-28 00:00:00,15.655892
2020-09-28 01:00:00,16.645405
2020-09-28 02:00:00,18.82138
2020-09-28 03:00:00,42.94615
2020-09-28 04:00:00,271.57227
2020-09-28 05:00:00,504.4038
2020-09-28 06:00:00,612.10425
2020-09-28 07:00:00,665.22656
2020-09-28 08:00:00,744.9717
2020-09-28 09:00:00,708.2971
2020-09-28 10:00:00,677.57935
2020-09-28 11:00:00,525.7573
2020-09-28 12:00:00,278.52026
2020-09-28 13:00:00,57.8824
2020-09-28 14:00:00,48.834976
2020-09-28 15:00:00,68.21022
2020-09-28 16:00:00,56.019897
2020-09-28 17:00:00,30.401012
2020-09-28 18:00:00,24.590305
2020-09-28 19:00:00,21.616146
2020-09-28 20:00:00,19.000837
2020-09-28 21:00:00,17.208347
2020-09-28 22:00:00,16.894207
2020-09-28 23:00:00,16.548843
2020-09-29 00:00:00,18.498444
2020-09-29 01:00:00,18.73563
2020-09-29 02:00:00,19.46093
2020-09-29 03:00:00,30.964111
2020-09-29 04:00:00,222.27428
2020-09-29 05:00:00,375.57837
2020-09-29 06:00:00,495.614
2020-09-29 07:00:00,657.71216
2020-09-29 08:00:00,791.51636
2020-09-29 09:00:00,806.59766
2020-09-29 10:00:00,795.41113
2020-09-29 11:00:00,460.78412
2020-09-29 12:00:00,210.61452
2020-09-29 13:00:00,99.53357
2020-09-29 14:00:00,82.19919
2020-09-29 15:00:00,82.66775
2020-09-29 16:00:00,67.227936
2020-09-29 17:00:00,31.01419
2020-09-29 18:00:00,22.267548
2020-09-29 19:00:00,16.03836
2020-09-29 20:00:00,16.260303
2020-09-29 21:00:00,15.905602
2020-09-29 22:00:00,18.727863
2020-09-29 23:00:00,14.461227
2020-09-30 00:00:00,15.759673
2020-09-30 01:00:00,19.107601
2020-09-30 02:00:00,23.995573
2020-09-30 03:00:00,40.037766
2020-09-30 04:00:00,208.46016
2020-09-30 05:00:00,339.10834
2020-09-30 06:00:00,483.9912
2020-09-30 07:00:00,557.8313
2020-09-30 08:00:00,581.2019
2020-09-30 09:00:00,523.0725
2020-09-30 10:00:00,457.86218
2020-09-30 11:00:00,443.49237
2020-09-30 12:00:00,289.48666
2020-09-30 13:00:00,186.56944
2020-09-30 14:00:00,148.61378
2020-09-30 15:00:00,107.67456
2020-09-30 16:00:00,107.97957
2020-09-30 17:00:00,94.17059
2020-09-30 18:00:00,128.80687
2020-09-30 19:00:00,109.81291
2020-09-30 20:00:00,96.25769
2020-09-30 21:00:00,79.474976
2020-09-30 22:00:00,53.824493
2020-09-30 23:00:00,39.42833
2020-10-01 00:00:00,37.38481
2020-10-01 01:00:00,31.069687
2020-10-01 02:00:00,18.494415
2020-10-01 03:00:00,128.43147
2020-10-01 04:00:00,282.0613
2020-10-01 05:00:00,424.8667
2020-10-01 06:00:00,526.51465
2020-10-01 07:00:00,569.79004
2020-10-01 08:00:00,619.1843
2020-10-01 09:00:00,643.87354
2020-10-01 10:00:00,615.70483
2020-10-01 11:00:00,389.5144
2020-10-01 12:00:00,133.57979
2020-10-01 13:00:00,36.918304
2020-10-01 14:00:00,25.64772
2020-10-01 15:00:00,35.098934
2020-10-01 16:00:00,32.46364
2020-10-01 17:00:00,25.072088
2020-10-01 18:00:00,21.65199
2020-10-01 19:00:00,18.630562
2020-10-01 20:00:00,17.073872
2020-10-01 21:00:00,15.681901
2020-10-01 22:00:00,17.435835
2020-10-01 23:00:00,15.624673
2020-10-02 00:00:00,15.233715
2020-10-02 01:00:00,15.638338
2020-10-02 02:00:00,15.7676325
2020-10-02 03:00:00,17.145817
2020-10-02 04:00:00,188.83752
2020-10-02 05:00:00,315.23322
2020-10-02 06:00:00,474.33643
2020-10-02 07:00:00,562.47217
2020-10-02 08:00:00,654.77124
2020-10-02 09:00:00,538.5928
2020-10-02 10:00:00,439.50122
2020-10-02 11:00:00,270.35864
2020-10-02 12:00:00,89.07306
2020-10-02 13:00:00,35.235825
2020-10-02 14:00:00,26.317322
2020-10-02 15:00:00,19.535545
2020-10-02 16:00:00,16.805698
2020-10-02 17:00:00,17.650513
2020-10-02 18:00:00,16.910799
2020-10-02 19:00:00,16.362537
2020-10-02 20:00:00,16.019676
2020-10-02 21:00:00,15.587931
2020-10-02 22:00:00,18.379044
2020-10-02 23:00:00,17.595184
2020-10-03 00:00:00,14.478822
2020-10-03 01:00:00,15.813151
2020-10-03 02:00:00,16.495079
2020-10-03 03:00:00,18.147354
2020-10-03 04:00:00,182.98071
2020-10-03 05:00:00,409.32202
2020-10-03 06:00:00,618.1636
2020-10-03 07:00:00,740.00146
2020-10-03 08:00:00,571.6306
2020-10-03 09:00:00,594.376
2020-10-03 10:00:00,458.271
2020-10-03 11:00:00,201.39027
2020-10-03 12:00:00,102.94763
2020-10-03 13:00:00,60.243454
2020-10-03 14:00:00,46.451584
2020-10-03 15:00:00,34.389282
2020-10-03 16:00:00,30.90686
2020-10-03 17:00:00,27.977814
2020-10-03 18:00:00,20.491684
2020-10-03 19:00:00,16.43827
2020-10-03 20:00:00,16.073975
2020-10-03 21:00:00,15.689398
2020-10-03 22:00:00,16.33995
2020-10-03 23:00:00,16.963074
2020-10-04 00:00:00,15.5502615
2020-10-04 01:00:00,16.133444
2020-10-04 02:00:00,18.625504
2020-10-04 03:00:00,21.73729
2020-10-04 04:00:00,57.66983
2020-10-04 05:00:00,371.1504
2020-10-04 06:00:00,556.9446
2020-10-04 07:00:00,750.5742
2020-10-04 08:00:00,840.8413
2020-10-04 09:00:00,867.7825
2020-10-04 10:00:00,804.26685
2020-10-04 11:00:00,344.8313
2020-10-04 12:00:00,111.52638
2020-10-04 13:00:00,42.616425
2020-10-04 14:00:00,32.66249
2020-10-04 15:00:00,20.028107
2020-10-04 16:00:00,19.0625
2020-10-04 17:00:00,17.761414
2020-10-04 18:00:00,17.522812
2020-10-04 19:00:00,17.596802
2020-10-04 20:00:00,16.424347
2020-10-04 21:00:00,17.117325
2020-10-04 22:00:00,18.918762
2020-10-04 23:00:00,17.955627
2020-10-05 00:00:00,17.979038
2020-10-05 01:00:00,18.46819
2020-10-05 02:00:00,16.142685
2020-10-05 03:00:00,21.384933
2020-10-05 04:00:00,176.69125
2020-10-05 05:00:00,377.06128
2020-10-05 06:00:00,553.26294
2020-10-05 07:00:00,738.573
2020-10-05 08:00:00,818.2351
2020-10-05 09:00:00,816.9861
2020-10-05 10:00:00,632.2051
2020-10-05 11:00:00,295.9961
2020-10-05 12:00:00,84.71478
2020-10-05 13:00:00,25.692719
2020-10-05 14:00:00,17.043165
2020-10-05 15:00:00,15.252019
2020-10-05 16:00:00,14.808347
2020-10-05 17:00:00,15.630639
2020-10-05 18:00:00,18.845184
2020-10-05 19:00:00,26.452915
2020-10-05 20:00:00,41.715256
2020-10-05 21:00:00,53.372543
2020-10-05 22:00:00,178.52428
2020-10-05 23:00:00,282.70782
2020-10-06 00:00:00,244.46272
2020-10-06 01:00:00,268.86432
2020-10-06 02:00:00,310.19226
2020-10-06 03:00:00,304.70544
2020-10-06 04:00:00,305.56345
2020-10-06 05:00:00,245.49864
2020-10-06 06:00:00,269.05737
2020-10-06 07:00:00,245.3221
2020-10-06 08:00:00,405.09717
2020-10-06 09:00:00,498.53003
2020-10-06 10:00:00,437.57104
2020-10-06 11:00:00,372.1995
2020-10-06 12:00:00,181.01508
2020-10-06 13:00:00,118.933426
2020-10-06 14:00:00,94.021484
2020-10-06 15:00:00,49.898163
2020-10-06 16:00:00,30.17865
2020-10-06 17:00:00,17.98633
2020-10-06 18:00:00,16.222717
2020-10-06 19:00:00,15.536577
2020-10-06 20:00:00,15.618297
2020-10-06 21:00:00,15.76074
2020-10-06 22:00:00,20.469862
2020-10-06 23:00:00,18.080181
2020-10-07 00:00:00,17.926468
2020-10-07 01:00:00,18.488647
2020-10-07 02:00:00,19.038895
2020-10-07 03:00:00,25.960403
2020-10-07 04:00:00,161.32872
2020-10-07 05:00:00,298.3045
2020-10-07 06:00:00,421.35498
2020-10-07 07:00:00,512.8032
2020-10-07 08:00:00,570.8364
2020-10-07 09:00:00,576.5659
2020-10-07 10:00:00,502.14722
2020-10-07 11:00:00,234.4862
2020-10-07 12:00:00,70.338486
2020-10-07 13:00:00,19.355347
2020-10-07 14:00:00,14.104871
2020-10-07 15:00:00,13.238578
2020-10-07 16:00:00,14.156138
2020-10-07 17:00:00,16.670803
2020-10-07 18:00:00,18.204979
2020-10-07 19:00:00,20.148886
2020-10-07 20:00:00,21.546972
2020-10-07 21:00:00,22.353043
2020-10-07 22:00:00,21.392746
2020-10-07 23:00:00,22.724781
2020-10-08 00:00:00,23.137959
2020-10-08 01:00:00,22.613815
2020-10-08 02:00:00,19.74405
2020-10-08 03:00:00,13.903838
2020-10-08 04:00:00,118.52997
2020-10-08 05:00:00,278.71582
2020-10-08 06:00:00,415.47583
2020-10-08 07:00:00,497.54492
2020-10-08 08:00:00,594.7566
2020-10-08 09:00:00,605.4236
2020-10-08 10:00:00,508.82788
2020-10-08 11:00:00,267.13843
2020-10-08 12:00:00,97.448456
2020-10-08 13:00:00,73.194916
2020-10-08 14:00:00,66.13182
2020-10-08 15:00:00,61.325394
2020-10-08 16:00:00,59.05536
2020-10-08 17:00:00,58.79328
2020-10-08 18:00:00,61.87172
2020-10-08 19:00:00,59.66255
2020-10-08 20:00:00,69.96413
2020-10-08 21:00:00,79.49603
2020-10-08 22:00:00,75.95433
2020-10-08 23:00:00,70.9738
2020-10-09 00:00:00,80.98697
2020-10-09 01:00:00,78.4574
2020-10-09 02:00:00,45.975418
2020-10-09 03:00:00,96.04701
2020-10-09 04:00:00,225.16544
2020-10-09 05:00:00,391.69702
2020-10-09 06:00:00,509.1372
2020-10-09 07:00:00,617.52026
2020-10-09 08:00:00,639.1096
2020-10-09 09:00:00,591.9921
2020-10-09 10:00:00,648.27
2020-10-09 11:00:00,323.80878
2020-10-09 12:00:00,120.158295
2020-10-09 13:00:00,50.63185
2020-10-09 14:00:00,24.783691
2020-10-09 15:00:00,38.835648
2020-10-09 16:00:00,33.98987
2020-10-09 17:00:00,24.57872
2020-10-09 18:00:00,16.99057
2020-10-09 19:00:00,11.929316
2020-10-09 20:00:00,12.692384
2020-10-09 21:00:00,14.837409
2020-10-09 22:00:00,24.680557
2020-10-09 23:00:00,20.860214
2020-10-10 00:00:00,19.076141
2020-10-10 01:00:00,21.74414
2020-10-10 02:00:00,16.646576
2020-10-10 03:00:00,108.7728
2020-10-10 04:00:00,212.67107
2020-10-10 05:00:00,374.75092
2020-10-10 06:00:00,507.42163
2020-10-10 07:00:00,623.21094
2020-10-10 08:00:00,675.5503
2020-10-10 09:00:00,672.2346
2020-10-10 10:00:00,615.7842
2020-10-10 11:00:00,412.9876
2020-10-10 12:00:00,143.74207
2020-10-10 13:00:00,51.201233
2020-10-10 14:00:00,42.30928
2020-10-10 15:00:00,33.594345
2020-10-10 16:00:00,19.243591
2020-10-10 17:00:00,15.402934
2020-10-10 18:00:00,12.560267
2020-10-10 19:00:00,12.848698
2020-10-10 20:00:00,13.233545
2020-10-10 21:00:00,15.927736
2020-10-10 22:00:00,15.188327
2020-10-10 23:00:00,22.829376
2020-10-11 00:00:00,19.758345
2020-10-11 01:00:00,20.342026
2020-10-11 02:00:00,19.76242
2020-10-11 03:00:00,29.40506
2020-10-11 04:00:00,214.42505
2020-10-11 05:00:00,363.22803
2020-10-11 06:00:00,480.9277
2020-10-11 07:00:00,558.56055
2020-10-11 08:00:00,592.26953
2020-10-11 09:00:00,586.3396
2020-10-11 10:00:00,525.2258
2020-10-11 11:00:00,281.09717
2020-10-11 12:00:00,63.963593
2020-10-11 13:00:00,23.59528
2020-10-11 14:00:00,22.502981
2020-10-11 15:00:00,22.10263
2020-10-11 16:00:00,17.43423
2020-10-11 17:00:00,14.853763
2020-10-11 18:00:00,16.836971
2020-10-11 19:00:00,20.039274
2020-10-11 20:00:00,20.683064
2020-10-11 21:00:00,23.965681
2020-10-11 22:00:00,19.021767
2020-10-11 23:00:00,16.614754
2020-10-12 00:00:00,15.39879
2020-10-12 01:00:00,16.587404
2020-10-12 02:00:00,17.072418
2020-10-12 03:00:00,20.266037
2020-10-12 04:00:00,191.7603
2020-10-12 05:00:00,343.23505
2020-10-12 06:00:00,516.47314
2020-10-12 07:00:00,651.8738
2020-10-12 08:00:00,735.9236
2020-10-12 09:00:00,733.71216
2020-10-12 10:00:00,615.5674
2020-10-12 11:00:00,236.58017
2020-10-12 12:00:00,29.257366
2020-10-12 13:00:00,15.716044
2020-10-12 14:00:00,19.066742
2020-10-12 15:00:00,19.374462
2020-10-12 16:00:00,18.082985
2020-10-12 17:00:00,16.515293
2020-10-12 18:00:00,15.886374
2020-10-12 19:00:00,16.16121
2020-10-12 20:00:00,16.152275
2020-10-12 21:00:00,16.384518
2020-10-12 22:00:00,16.930428
2020-10-12 23:00:00,18.316116
2020-10-13 00:00:00,16.23096
2020-10-13 01:00:00,16.178589
2020-10-13 02:00:00,16.09064
2020-10-13 03:00:00,18.63984
2020-10-13 04:00:00,102.49199
2020-10-13 05:00:00,260.65494
2020-10-13 06:00:00,395.3863
2020-10-13 07:00:00,520.73474
2020-10-13 08:00:00,607.8845
2020-10-13 09:00:00,621.2089
2020-10-13 10:00:00,445.247
2020-10-13 11:00:00,180.97089
2020-10-13 12:00:00,40.29193
2020-10-13 13:00:00,22.42302
2020-10-13 14:00:00,18.941671
2020-10-13 15:00:00,20.074436
2020-10-13 16:00:00,19.900055
2020-10-13 17:00:00,18.581882
2020-10-13 18:00:00,16.103909
2020-10-13 19:00:00,14.77279
2020-10-13 20:00:00,15.057513
2020-10-13 21:00:00,15.119003
2020-10-13 22:00:00,14.429707
2020-10-13 23:00:00,14.473453
2020-10-14 00:00:00,14.722189
2020-10-14 01:00:00,15.302767
2020-10-14 02:00:00,15.928573
2020-10-14 03:00:00,17.532898
2020-10-14 04:00:00,73.42232
2020-10-14 05:00:00,239.31757
2020-10-14 06:00:00,363.32892
2020-10-14 07:00:00,498.42584
2020-10-14 08:00:00,589.74585
2020-10-14 09:00:00,609.0464
2020-10-14 10:00:00,531.99976
2020-10-14 11:00:00,196.95662
2020-10-14 12:00:00,33.412327
2020-10-14 13:00:00,16.422215
2020-10-14 14:00:00,14.644718
2020-10-14 15:00:00,18.244633
2020-10-14 16:00:00,20.365458
2020-10-14 17:00:00,21.213959
2020-10-14 18:00:00,17.599741
2020-10-14 19:00:00,15.324026
2020-10-14 20:00:00,15.218467
2020-10-14 21:00:00,15.663248
2020-10-14 22:00:00,15.686797
2020-10-14 23:00:00,15.95808
2020-10-15 00:00:00,15.568581
2020-10-15 01:00:00,15.875089
2020-10-15 02:00:00,15.673375
2020-10-15 03:00:00,15.81795
2020-10-15 04:00:00,28.77356
2020-10-15 05:00:00,231.13014
2020-10-15 06:00:00,360.65796
2020-10-15 07:00:00,497.28638
2020-10-15 08:00:00,584.6206
2020-10-15 09:00:00,585.0935
2020-10-15 10:00:00,515.01514
2020-10-15 11:00:00,190.535
2020-10-15 12:00:00,47.7153
2020-10-15 13:00:00,28.638126
2020-10-15 14:00:00,22.76736
2020-10-15 15:00:00,21.581087
2020-10-15 16:00:00,22.661346
2020-10-15 17:00:00,18.443565
2020-10-15 18:00:00,15.668741
2020-10-15 19:00:00,15.1103525
2020-10-15 20:00:00,15.156921
2020-10-15 21:00:00,15.320386
2020-10-15 22:00:00,15.483081
2020-10-15 23:00:00,14.655165
2020-10-16 00:00:00,15.170238
2020-10-16 01:00:00,15.522987
2020-10-16 02:00:00,15.913449
2020-10-16 03:00:00,16.222025
2020-10-16 04:00:00,28.668747
2020-10-16 05:00:00,201.56969
2020-10-16 06:00:00,358.43738
2020-10-16 07:00:00,501.7388
2020-10-16 08:00:00,625.9553
2020-10-16 09:00:00,607.15674
2020-10-16 10:00:00,465.2661
2020-10-16 11:00:00,168.17848
2020-10-16 12:00:00,24.387037
2020-10-16 13:00:00,14.997769
2020-10-16 14:00:00,16.85019
2020-10-16 15:00:00,20.272062
2020-10-16 16:00:00,20.513218
2020-10-16 17:00:00,17.473303
2020-10-16 18:00:00,15.954765
2020-10-16 19:00:00,15.9736
2020-10-16 20:00:00,16.368507
2020-10-16 21:00:00,16.264053
2020-10-16 22:00:00,15.523504
2020-10-16 23:00:00,15.279724
2020-10-17 00:00:00,15.217969
2020-10-17 01:00:00,15.622269
2020-10-17 02:00:00,15.956767
2020-10-17 03:00:00,16.343338
2020-10-17 04:00:00,22.950043
2020-10-17 05:00:00,206.72145
2020-10-17 06:00:00,334.31702
2020-10-17 07:00:00,431.5434
2020-10-17 08:00:00,547.93774
2020-10-17 09:00:00,547.9336
2020-10-17 10:00:00,464.26196
2020-10-17 11:00:00,168.02437
2020-10-17 12:00:00,50.761017
2020-10-17 13:00:00,24.310684
2020-10-17 14:00:00,17.981298
2020-10-17 15:00:00,17.223131
2020-10-17 16:00:00,18.467472
2020-10-17 17:00:00,18.12218
2020-10-17 18:00:00,18.304707
2020-10-17 19:00:00,19.066868
2020-10-17 20:00:00,19.38076
2020-10-17 21:00:00,18.969625
2020-10-17 22:00:00,17.558537
2020-10-17 23:00:00,20.287601
2020-10-18 00:00:00,20.82246
2020-10-18 01:00:00,20.766394
2020-10-18 02:00:00,20.52618
2020-10-18 03:00:00,23.898216
2020-10-18 04:00:00,38.324463
2020-10-18 05:00:00,236.41406
2020-10-18 06:00:00,393.7712
2020-10-18 07:00:00,578.54443
2020-10-18 08:00:00,670.06177
2020-10-18 09:00:00,647.8701
2020-10-18 10:00:00,440.1626
2020-10-18 11:00:00,146.48158
2020-10-18 12:00:00,14.771241
2020-10-18 13:00:00,21.149221
2020-10-18 14:00:00,21.818855
2020-10-18 15:00:00,18.724268
2020-10-18 16:00:00,17.468925
2020-10-18 17:00:00,18.417553
2020-10-18 18:00:00,18.38832
2020-10-18 19:00:00,19.319351
2020-10-18 20:00:00,19.14732
2020-10-18 21:00:00,18.674381
2020-10-18 22:00:00,18.9538
2020-10-18 23:00:00,19.638975
2020-10-19 00:00:00,19.167645
2020-10-19 01:00:00,19.718483
2020-10-19 02:00:00,20.222141
2020-10-19 03:00:00,21.75383
2020-10-19 04:00:00,27.819977
2020-10-19 05:00:00,70.82944
2020-10-19 06:00:00,251.66516
2020-10-19 07:00:00,405.96982
2020-10-19 08:00:00,492.36157
2020-10-19 09:00:00,447.3542
2020-10-19 10:00:00,281.3484
2020-10-19 11:00:00,107.19609
2020-10-19 12:00:00,27.019516
2020-10-19 13:00:00,21.607422
2020-10-19 14:00:00,22.314774
2020-10-19 15:00:00,18.570114
2020-10-19 16:00:00,16.712107
2020-10-19 17:00:00,16.621428
2020-10-19 18:00:00,16.886335
2020-10-19 19:00:00,17.282017
2020-10-19 20:00:00,17.105698
2020-10-19 21:00:00,17.230453
2020-10-19 22:00:00,17.428818
2020-10-19 23:00:00,17.795227
2020-10-20 00:00:00,17.912506
2020-10-20 01:00:00,18.270279
2020-10-20 02:00:00,18.630264
2020-10-20 03:00:00,18.981659
2020-10-20 04:00:00,20.1846
2020-10-20 05:00:00,43.05681
2020-10-20 06:00:00,148.18694
2020-10-20 07:00:00,299.54523
2020-10-20 08:00:00,338.71564
2020-10-20 09:00:00,313.58783
2020-10-20 10:00:00,219.38692
2020-10-20 11:00:00,102.92944
2020-10-20 12:00:00,65.46974
2020-10-20 13:00:00,38.487335
2020-10-20 14:00:00,26.718674
2020-10-20 15:00:00,21.734459
2020-10-20 16:00:00,17.876663
2020-10-20 17:00:00,18.546839
2020-10-20 18:00:00,18.341331
2020-10-20 19:00:00,17.628504
2020-10-20 20:00:00,17.41433
2020-10-20 21:00:00,17.814571
2020-10-20 22:00:00,22.319033
2020-10-20 23:00:00,21.350483
2020-10-21 00:00:00,19.841824
2020-10-21 01:00:00,19.547739
2020-10-21 02:00:00,19.954468
2020-10-21 03:00:00,21.207062
2020-10-21 04:00:00,23.79213
2020-10-21 05:00:00,59.79814
2020-10-21 06:00:00,266.8803
2020-10-21 07:00:00,382.385
2020-10-21 08:00:00,447.49048
2020-10-21 09:00:00,426.02734
2020-10-21 10:00:00,249.60631
2020-10-21 11:00:00,81.659744
2020-10-21 12:00:00,13.761628
2020-10-21 13:00:00,20.265732
2020-10-21 14:00:00,20.569939
2020-10-21 15:00:00,18.55942
2020-10-21 16:00:00,16.070503
2020-10-21 17:00:00,15.826626
2020-10-21 18:00:00,15.756164
2020-10-21 19:00:00,15.402142
2020-10-21 20:00:00,15.27508
2020-10-21 21:00:00,15.465524
2020-10-21 22:00:00,15.510623
2020-10-21 23:00:00,15.120337
2020-10-22 00:00:00,14.818506
2020-10-22 01:00:00,14.398253
2020-10-22 02:00:00,14.239242
2020-10-22 03:00:00,13.043761
2020-10-22 04:00:00,189.63835
2020-10-22 05:00:00,392.29034
2020-10-22 06:00:00,463.7041
2020-10-22 07:00:00,454.8484
2020-10-22 08:00:00,532.5896
2020-10-22 09:00:00,530.6831
2020-10-22 10:00:00,373.5952
2020-10-22 11:00:00,247.61241
2020-10-22 12:00:00,104.394714
2020-10-22 13:00:00,70.56413
2020-10-22 14:00:00,67.80205
2020-10-22 15:00:00,59.306335
2020-10-22 16:00:00,37.217575
2020-10-22 17:00:00,30.095795
2020-10-22 18:00:00,39.11995
2020-10-22 19:00:00,42.30794
2020-10-22 20:00:00,68.1246
2020-10-22 21:00:00,83.48393
2020-10-22 22:00:00,86.661865
2020-10-22 23:00:00,71.66707
2020-10-23 00:00:00,61.602234
2020-10-23 01:00:00,68.88774
2020-10-23 02:00:00,68.816956
2020-10-23 03:00:00,100.70325
2020-10-23 04:00:00,140.06227
2020-10-23 05:00:00,233.88118
2020-10-23 06:00:00,263.21802
2020-10-23 07:00:00,260.12354
2020-10-23 08:00:00,238.452
2020-10-23 09:00:00,225.71689
2020-10-23 10:00:00,265.76343
2020-10-23 11:00:00,144.36787
2020-10-23 12:00:00,210.41449
2020-10-23 13:00:00,233.99802
2020-10-23 14:00:00,238.94098
2020-10-23 15:00:00,232.10138
2020-10-23 16:00:00,184.53539
2020-10-23 17:00:00,81.00575
2020-10-23 18:00:00,76.89398
2020-10-23 19:00:00,103.68213
2020-10-23 20:00:00,100.60248
2020-10-23 21:00:00,98.285
2020-10-23 22:00:00,83.68196
2020-10-23 23:00:00,61.289047
2020-10-24 00:00:00,55.88552
2020-10-24 01:00:00,64.89227
2020-10-24 02:00:00,75.65439
2020-10-24 03:00:00,124.57094
2020-10-24 04:00:00,165.03685
2020-10-24 05:00:00,240.32808
2020-10-24 06:00:00,398.04865
2020-10-24 07:00:00,490.41504
2020-10-24 08:00:00,543.3557
2020-10-24 09:00:00,547.81586
2020-10-24 10:00:00,398.93887
2020-10-24 11:00:00,162.46454
2020-10-24 12:00:00,54.643143
2020-10-24 13:00:00,22.129044
2020-10-24 14:00:00,17.139433
2020-10-24 15:00:00,14.87299
2020-10-24 16:00:00,21.621864
2020-10-24 17:00:00,22.928282
2020-10-24 18:00:00,22.289204
2020-10-24 19:00:00,18.699503
2020-10-24 20:00:00,16.123444
2020-10-24 21:00:00,15.685614
2020-10-24 22:00:00,22.401604
2020-10-24 23:00:00,20.072514
2020-10-25 00:00:00,15.777869
2020-10-25 01:00:00,17.159782
2020-10-25 02:00:00,17.985851
2020-10-25 03:00:00,22.079699
2020-10-25 04:00:00,33.045746
2020-10-25 05:00:00,215.69107
2020-10-25 06:00:00,332.05954
2020-10-25 07:00:00,416.8587
2020-10-25 08:00:00,490.9939
2020-10-25 09:00:00,443.5041
2020-10-25 10:00:00,212.7865
2020-10-25 11:00:00,75.968475
2020-10-25 12:00:00,21.230747
2020-10-25 13:00:00,18.017963
2020-10-25 14:00:00,22.318367
2020-10-25 15:00:00,22.51234
2020-10-25 16:00:00,19.155058
2020-10-25 17:00:00,18.806116
2020-10-25 18:00:00,18.630222
2020-10-25 19:00:00,18.211365
2020-10-25 20:00:00,17.801403
2020-10-25 21:00:00,18.07864
2020-10-25 22:00:00,17.742054
2020-10-25 23:00:00,18.360214
2020-10-26 00:00:00,18.36084
2020-10-26 01:00:00,19.284664
2020-10-26 02:00:00,21.699974
2020-10-26 03:00:00,25.621498
2020-10-26 04:00:00,30.445099
2020-10-26 05:00:00,41.11444
2020-10-26 06:00:00,118.486084
2020-10-26 07:00:00,382.41174
2020-10-26 08:00:00,443.9691
2020-10-26 09:00:00,361.04895
2020-10-26 10:00:00,209.62532
2020-10-26 11:00:00,90.81328
2020-10-26 12:00:00,53.163834
2020-10-26 13:00:00,48.38954
2020-10-26 14:00:00,37.83876
2020-10-26 15:00:00,30.28317
2020-10-26 16:00:00,33.94107
2020-10-26 17:00:00,43.761932
2020-10-26 18:00:00,47.820892
2020-10-26 19:00:00,46.954575
2020-10-26 20:00:00,45.638855
2020-10-26 21:00:00,44.64981
2020-10-26 22:00:00,34.674667
2020-10-26 23:00:00,34.81308
2020-10-27 00:00:00,36.525604
2020-10-27 01:00:00,39.86342
2020-10-27 02:00:00,42.099976
2020-10-27 03:00:00,48.921356
2020-10-27 04:00:00,70.86554
2020-10-27 05:00:00,139.10864
2020-10-27 06:00:00,282.70874
2020-10-27 07:00:00,465.35376
2020-10-27 08:00:00,572.093
2020-10-27 09:00:00,558.4375
2020-10-27 10:00:00,382.5437
2020-10-27 11:00:00,188.5887
2020-10-27 12:00:00,106.786575
2020-10-27 13:00:00,89.0555
2020-10-27 14:00:00,80.984055
2020-10-27 15:00:00,212.16318
2020-10-27 16:00:00,185.09929
2020-10-27 17:00:00,148.73808
2020-10-27 18:00:00,156.69916
2020-10-27 19:00:00,153.18222
2020-10-27 20:00:00,158.6167
2020-10-27 21:00:00,151.66487
2020-10-27 22:00:00,145.89287
2020-10-27 23:00:00,129.63895
2020-10-28 00:00:00,111.34781
2020-10-28 01:00:00,97.001434
2020-10-28 02:00:00,85.637634
2020-10-28 03:00:00,124.071655
2020-10-28 04:00:00,159.39597
2020-10-28 05:00:00,238.45259
2020-10-28 06:00:00,283.1482
2020-10-28 07:00:00,342.1631
2020-10-28 08:00:00,373.4817
2020-10-28 09:00:00,335.51294
2020-10-28 10:00:00,257.38672
2020-10-28 11:00:00,163.11023
2020-10-28 12:00:00,85.78168
2020-10-28 13:00:00,70.87843
2020-10-28 14:00:00,72.265915
2020-10-28 15:00:00,70.35422
2020-10-28 16:00:00,41.579178
2020-10-28 17:00:00,64.08618
2020-10-28 18:00:00,42.0484
2020-10-28 19:00:00,47.000854
2020-10-28 20:00:00,50.58763
2020-10-28 21:00:00,50.825226
2020-10-28 22:00:00,86.80266
2020-10-28 23:00:00,64.91655
2020-10-29 00:00:00,91.64279
2020-10-29 01:00:00,94.4978
2020-10-29 02:00:00,70.06383
2020-10-29 03:00:00,110.831955
2020-10-29 04:00:00,221.50015
2020-10-29 05:00:00,408.41086
2020-10-29 06:00:00,575.8543
2020-10-29 07:00:00,710.9641
2020-10-29 08:00:00,732.3435
2020-10-29 09:00:00,677.9236
2020-10-29 10:00:00,507.0282
2020-10-29 11:00:00,220.6251
2020-10-29 12:00:00,60.19417
2020-10-29 13:00:00,24.83092
2020-10-29 14:00:00,13.86334
2020-10-29 15:00:00,18.363842
2020-10-29 16:00:00,21.68594
2020-10-29 17:00:00,22.341629
2020-10-29 18:00:00,18.364044
2020-10-29 19:00:00,16.481487
2020-10-29 20:00:00,15.813267
2020-10-29 21:00:00,16.045975
2020-10-29 22:00:00,17.97428
2020-10-29 23:00:00,16.905804
2020-10-30 00:00:00,16.678253
2020-10-30 01:00:00,17.172485
2020-10-30 02:00:00,17.008621
2020-10-30 03:00:00,17.95628
2020-10-30 04:00:00,21.727953
2020-10-30 05:00:00,17.979462
2020-10-30 06:00:00,218.83812
2020-10-30 07:00:00,315.66968
2020-10-30 08:00:00,356.9427
2020-10-30 09:00:00,293.9154
2020-10-30 10:00:00,199.78128
2020-10-30 11:00:00,59.246155
2020-10-30 12:00:00,19.10521
2020-10-30 13:00:00,18.45499
2020-10-30 14:00:00,21.640171
2020-10-30 15:00:00,17.213017
2020-10-30 16:00:00,16.085363
2020-10-30 17:00:00,16.038933
2020-10-30 18:00:00,16.360497
2020-10-30 19:00:00,16.698715
2020-10-30 20:00:00,17.007584
2020-10-30 21:00:00,16.788273
2020-10-30 22:00:00,17.031937
2020-10-30 23:00:00,16.445827
2020-10-31 00:00:00,16.342003
2020-10-31 01:00:00,16.379055
2020-10-31 02:00:00,16.619598
2020-10-31 03:00:00,18.114296
2020-10-31 04:00:00,20.739893
2020-10-31 05:00:00,29.279404
2020-10-31 06:00:00,163.74454
2020-10-31 07:00:00,203.20471
2020-10-31 08:00:00,239.81573
2020-10-31 09:00:00,207.89601
2020-10-31 10:00:00,124.764206
2020-10-31 11:00:00,42.732132
2020-10-31 12:00:00,14.700478
2020-10-31 13:00:00,18.160679
2020-10-31 14:00:00,18.798672
2020-10-31 15:00:00,15.735965
2020-10-31 16:00:00,15.361308
2020-10-31 17:00:00,15.575916
2020-10-31 18:00:00,16.153873
2020-10-31 19:00:00,16.345242
2020-10-31 20:00:00,16.517345
2020-10-31 21:00:00,16.466202
2020-10-31 22:00:00,16.903175
2020-10-31 23:00:00,16.583502
2020-11-01 00:00:00,16.495483
2020-11-01 01:00:00,16.273672
2020-11-01 02:00:00,16.692308
2020-11-01 03:00:00,18.02729
2020-11-01 04:00:00,20.301949
2020-11-01 05:00:00,44.043533
2020-11-01 06:00:00,171.34483
2020-11-01 07:00:00,226.77155
2020-11-01 08:00:00,221.27
2020-11-01 09:00:00,174.67363
2020-11-01 10:00:00,77.41571
2020-11-01 11:00:00,17.044296
2020-11-01 12:00:00,20.503712
2020-11-01 13:00:00,17.790634
2020-11-01 14:00:00,16.124857
2020-11-01 15:00:00,17.015398
2020-11-01 16:00:00,19.121876
2020-11-01 17:00:00,20.412914
2020-11-01 18:00:00,20.656204
2020-11-01 19:00:00,20.737686
2020-11-01 20:00:00,20.696617
2020-11-01 21:00:00,20.873589
2020-11-01 22:00:00,20.578707
2020-11-01 23:00:00,20.48193
2020-11-02 00:00:00,20.169388
2020-11-02 01:00:00,20.221796
2020-11-02 02:00:00,20.516144
2020-11-02 03:00:00,22.109165
2020-11-02 04:00:00,24.466606
2020-11-02 05:00:00,46.187363
2020-11-02 06:00:00,21.585373
2020-11-02 07:00:00,144.67471
2020-11-02 08:00:00,144.64114
2020-11-02 09:00:00,118.18498
2020-11-02 10:00:00,54.1709
2020-11-02 11:00:00,16.163689
2020-11-02 12:00:00,19.944014
2020-11-02 13:00:00,20.493874
2020-11-02 14:00:00,16.536427
2020-11-02 15:00:00,15.744083
2020-11-02 16:00:00,16.44413
2020-11-02 17:00:00,17.045464
2020-11-02 18:00:00,17.251379
2020-11-02 19:00:00,16.872719
2020-11-02 20:00:00,16.67812
2020-11-02 21:00:00,16.601461
2020-11-02 22:00:00,16.5281
2020-11-02 23:00:00,17.31913
2020-11-03 00:00:00,17.665813
2020-11-03 01:00:00,17.765602
2020-11-03 02:00:00,17.933979
2020-11-03 03:00:00,20.644485
2020-11-03 04:00:00,25.269857
2020-11-03 05:00:00,127.78343
2020-11-03 06:00:00,239.4597
2020-11-03 07:00:00,267.5121
2020-11-03 08:00:00,263.49994
2020-11-03 09:00:00,199.71611
2020-11-03 10:00:00,150.40231
2020-11-03 11:00:00,31.387157
2020-11-03 12:00:00,18.645088
2020-11-03 13:00:00,24.41943
2020-11-03 14:00:00,24.911667
2020-11-03 15:00:00,23.288048
2020-11-03 16:00:00,19.263395
2020-11-03 17:00:00,16.921288
2020-11-03 18:00:00,16.644245
2020-11-03 19:00:00,16.236048
2020-11-03 20:00:00,15.436949
2020-11-03 21:00:00,16.565338
2020-11-03 22:00:00,17.442812
2020-11-03 23:00:00,17.47929
2020-11-04 00:00:00,18.207588
2020-11-04 01:00:00,18.285606
2020-11-04 02:00:00,19.082436
2020-11-04 03:00:00,21.911774
2020-11-04 04:00:00,26.767735
2020-11-04 05:00:00,13.642413
2020-11-04 06:00:00,342.39728
2020-11-04 07:00:00,443.4869
2020-11-04 08:00:00,506.80908
2020-11-04 09:00:00,326.27313
2020-11-04 10:00:00,222.61272
2020-11-04 11:00:00,59.95543
2020-11-04 12:00:00,15.458708
2020-11-04 13:00:00,15.170662
2020-11-04 14:00:00,19.182755
2020-11-04 15:00:00,21.613888
2020-11-04 16:00:00,18.272745
2020-11-04 17:00:00,16.66954
2020-11-04 18:00:00,17.815647
2020-11-04 19:00:00,17.90047
2020-11-04 20:00:00,18.383793
2020-11-04 21:00:00,18.037668
2020-11-04 22:00:00,19.310425
2020-11-04 23:00:00,18.679585
2020-11-05 00:00:00,19.262957
2020-11-05 01:00:00,19.012531
2020-11-05 02:00:00,18.39051
2020-11-05 03:00:00,18.864662
2020-11-05 04:00:00,21.59739
2020-11-05 05:00:00,16.681332
2020-11-05 06:00:00,158.08395
2020-11-05 07:00:00,209.5048
2020-11-05 08:00:00,265.60632
2020-11-05 09:00:00,228.68858
2020-11-05 10:00:00,113.62636
2020-11-05 11:00:00,48.980392
2020-11-05 12:00:00,17.958744
2020-11-05 13:00:00,19.381344
2020-11-05 14:00:00,21.386557
2020-11-05 15:00:00,21.995487
2020-11-05 16:00:00,17.835445
2020-11-05 17:00:00,15.44695
2020-11-05 18:00:00,15.3633995
2020-11-05 19:00:00,15.2929945
2020-11-05 20:00:00,15.520547
2020-11-05 21:00:00,15.766147
2020-11-05 22:00:00,16.434544
2020-11-05 23:00:00,16.362434
2020-11-06 00:00:00,16.52613
2020-11-06 01:00:00,16.66251
2020-11-06 02:00:00,16.824192
2020-11-06 03:00:00,17.757935
2020-11-06 04:00:00,21.118698
2020-11-06 05:00:00,30.546852
2020-11-06 06:00:00,117.493484
2020-11-06 07:00:00,184.55931
2020-11-06 08:00:00,237.25388
2020-11-06 09:00:00,211.68341
2020-11-06 10:00:00,62.59999
2020-11-06 11:00:00,16.62761
2020-11-06 12:00:00,17.737087
2020-11-06 13:00:00,23.524197
2020-11-06 14:00:00,20.677498
2020-11-06 15:00:00,17.074406
2020-11-06 16:00:00,17.131754
2020-11-06 17:00:00,17.414627
2020-11-06 18:00:00,18.528149
2020-11-06 19:00:00,19.279833
2020-11-06 20:00:00,19.812016
2020-11-06 21:00:00,20.559711
2020-11-06 22:00:00,21.856201
2020-11-06 23:00:00,21.927998
2020-11-07 00:00:00,22.344719
2020-11-07 01:00:00,23.175459
2020-11-07 02:00:00,23.399727
2020-11-07 03:00:00,24.892794
2020-11-07 04:00:00,28.451523
2020-11-07 05:00:00,38.747574
2020-11-07 06:00:00,60.804
2020-11-07 07:00:00,107.09552
2020-11-07 08:00:00,199.0673
2020-11-07 09:00:00,193.13148
2020-11-07 10:00:00,109.01996
2020-11-07 11:00:00,47.14711
2020-11-07 12:00:00,38.715378
2020-11-07 13:00:00,27.920258
2020-11-07 14:00:00,23.33023
2020-11-07 15:00:00,24.496262
2020-11-07 16:00:00,26.877182
2020-11-07 17:00:00,30.23172
2020-11-07 18:00:00,35.085114
2020-11-07 19:00:00,39.003433
2020-11-07 20:00:00,41.279053
2020-11-07 21:00:00,43.37126
2020-11-07 22:00:00,44.35672
2020-11-07 23:00:00,44.198166
2020-11-08 00:00:00,44.4189
2020-11-08 01:00:00,45.507004
2020-11-08 02:00:00,46.7948
2020-11-08 03:00:00,49.406067
2020-11-08 04:00:00,54.790756
2020-11-08 05:00:00,73.55171
2020-11-08 06:00:00,114.579666
2020-11-08 07:00:00,155.78793
2020-11-08 08:00:00,178.87769
2020-11-08 09:00:00,154.77592
2020-11-08 10:00:00,129.536
2020-11-08 11:00:00,60.37201
2020-11-08 12:00:00,62.23413
2020-11-08 13:00:00,74.43376
2020-11-08 14:00:00,127.295395
2020-11-08 15:00:00,161.72646
2020-11-08 16:00:00,127.07008
2020-11-08 17:00:00,151.23381
2020-11-08 18:00:00,171.62082
2020-11-08 19:00:00,185.31683
2020-11-08 20:00:00,263.41113
2020-11-08 21:00:00,280.2834
2020-11-08 22:00:00,236.66321
2020-11-08 23:00:00,162.60481
2020-11-09 00:00:00,96.96652
2020-11-09 01:00:00,62.053085
2020-11-09 02:00:00,63.369186
2020-11-09 03:00:00,74.20383
2020-11-09 04:00:00,88.69054
2020-11-09 05:00:00,116.51521
2020-11-09 06:00:00,171.12875
2020-11-09 07:00:00,207.71336
2020-11-09 08:00:00,247.77055
2020-11-09 09:00:00,240.23643
2020-11-09 10:00:00,160.1666
2020-11-09 11:00:00,109.11627
2020-11-09 12:00:00,53.474396
2020-11-09 13:00:00,26.587845
2020-11-09 14:00:00,23.868057
2020-11-09 15:00:00,31.02092
2020-11-09 16:00:00,31.632294
2020-11-09 17:00:00,32.89888
2020-11-09 18:00:00,32.220627
2020-11-09 19:00:00,33.261917
2020-11-09 20:00:00,37.26172
2020-11-09 21:00:00,39.63417
2020-11-09 22:00:00,43.00389
2020-11-09 23:00:00,45.21646
2020-11-10 00:00:00,48.196518
2020-11-10 01:00:00,53.989746
2020-11-10 02:00:00,58.13202
2020-11-10 03:00:00,73.13522
2020-11-10 04:00:00,116.96344
2020-11-10 05:00:00,187.2129
2020-11-10 06:00:00,271.73334
2020-11-10 07:00:00,311.09894
2020-11-10 08:00:00,318.9452
2020-11-10 09:00:00,295.453
2020-11-10 10:00:00,226.3188
2020-11-10 11:00:00,95.28555
2020-11-10 12:00:00,51.2166
2020-11-10 13:00:00,33.85678
2020-11-10 14:00:00,41.591034
2020-11-10 15:00:00,42.610962
2020-11-10 16:00:00,42.643906
2020-11-10 17:00:00,37.458862
2020-11-10 18:00:00,31.896164
2020-11-10 19:00:00,30.603424
2020-11-10 20:00:00,30.202042
2020-11-10 21:00:00,29.118027
2020-11-10 22:00:00,34.138184
2020-11-10 23:00:00,27.693436
2020-11-11 00:00:00,29.511444
2020-11-11 01:00:00,30.983078
2020-11-11 02:00:00,30.492645
2020-11-11 03:00:00,32.116974
2020-11-11 04:00:00,40.206894
2020-11-11 05:00:00,59.343994
2020-11-11 06:00:00,227.8484
2020-11-11 07:00:00,300.87244
2020-11-11 08:00:00,346.5837
2020-11-11 09:00:00,323.9876
2020-11-11 10:00:00,171.1972
2020-11-11 11:00:00,105.972046
2020-11-11 12:00:00,81.96471
2020-11-11 13:00:00,74.696396
2020-11-11 14:00:00,64.31857
2020-11-11 15:00:00,47.630447
2020-11-11 16:00:00,72.378845
2020-11-11 17:00:00,76.66846
2020-11-11 18:00:00,70.273605
2020-11-11 19:00:00,62.550537
2020-11-11 20:00:00,50.886734
2020-11-11 21:00:00,64.275696
2020-11-11 22:00:00,81.0589
2020-11-11 23:00:00,92.15277
2020-11-12 00:00:00,64.20802
2020-11-12 01:00:00,59.13253
2020-11-12 02:00:00,51.397507
2020-11-12 03:00:00,67.77792
2020-11-12 04:00:00,132.47858
2020-11-12 05:00:00,235.10843
2020-11-12 06:00:00,306.41135
2020-11-12 07:00:00,447.28687
2020-11-12 08:00:00,351.9185
2020-11-12 09:00:00,296.93982
2020-11-12 10:00:00,210.35295
2020-11-12 11:00:00,241.21071
2020-11-12 12:00:00,172.60513
2020-11-12 13:00:00,118.10678
2020-11-12 14:00:00,114.26128
2020-11-12 15:00:00,109.285065
2020-11-12 16:00:00,109.48482
2020-11-12 17:00:00,103.032455
2020-11-12 18:00:00,112.673645
2020-11-12 19:00:00,118.312546
2020-11-12 20:00:00,118.37726
2020-11-12 21:00:00,114.65349
2020-11-12 22:00:00,99.10057
2020-11-12 23:00:00,100.98596
2020-11-13 00:00:00,106.26694
2020-11-13 01:00:00,100.1823
2020-11-13 02:00:00,95.419266
2020-11-13 03:00:00,101.16557
2020-11-13 04:00:00,129.26343
2020-11-13 05:00:00,173.92717
2020-11-13 06:00:00,228.5426
2020-11-13 07:00:00,264.77368
2020-11-13 08:00:00,283.33423
2020-11-13 09:00:00,251.8162
2020-11-13 10:00:00,234.35791
2020-11-13 11:00:00,156.25485
2020-11-13 12:00:00,77.490524
2020-11-13 13:00:00,71.17903
2020-11-13 14:00:00,61.928116
2020-11-13 15:00:00,58.136642
2020-11-13 16:00:00,59.11403
2020-11-13 17:00:00,60.714813
2020-11-13 18:00:00,51.64528
2020-11-13 19:00:00,70.95398
2020-11-13 20:00:00,79.30678
2020-11-13 21:00:00,74.6353
2020-11-13 22:00:00,98.59363
2020-11-13 23:00:00,88.39
2020-11-14 00:00:00,64.34726
2020-11-14 01:00:00,63.156372
2020-11-14 02:00:00,59.880005
2020-11-14 03:00:00,79.00302
2020-11-14 04:00:00,127.74727
2020-11-14 05:00:00,181.48694
2020-11-14 06:00:00,259.11505
2020-11-14 07:00:00,294.73468
2020-11-14 08:00:00,307.19543
2020-11-14 09:00:00,262.04013
2020-11-14 10:00:00,255.81679
2020-11-14 11:00:00,170.54561
2020-11-14 12:00:00,100.968216
2020-11-14 13:00:00,77.817154
2020-11-14 14:00:00,70.11461
2020-11-14 15:00:00,56.78273
2020-11-14 16:00:00,47.176178
2020-11-14 17:00:00,37.585907
2020-11-14 18:00:00,37.89328
2020-11-14 19:00:00,44.779648
2020-11-14 20:00:00,50.983704
2020-11-14 21:00:00,39.87909
2020-11-14 22:00:00,39.081802
2020-11-14 23:00:00,51.546005
2020-11-15 00:00:00,67.63246
2020-11-15 01:00:00,69.82785
2020-11-15 02:00:00,81.4527
2020-11-15 03:00:00,113.595215
2020-11-15 04:00:00,250.59654
2020-11-15 05:00:00,312.92685
2020-11-15 06:00:00,364.7558
2020-11-15 07:00:00,408.11768
2020-11-15 08:00:00,342.5791
2020-11-15 09:00:00,316.62402
2020-11-15 10:00:00,259.6214
2020-11-15 11:00:00,184.53297
2020-11-15 12:00:00,109.47943
2020-11-15 13:00:00,84.16687
2020-11-15 14:00:00,71.25409
2020-11-15 15:00:00,51.139297
2020-11-15 16:00:00,48.815125
2020-11-15 17:00:00,49.27449
2020-11-15 18:00:00,37.92917
2020-11-15 19:00:00,35.71396
2020-11-15 20:00:00,38.628174
2020-11-15 21:00:00,40.06169
2020-11-15 22:00:00,42.036667
2020-11-15 23:00:00,41.376648
2020-11-16 00:00:00,42.9841
2020-11-16 01:00:00,40.676636
2020-11-16 02:00:00,42.373245
2020-11-16 03:00:00,46.80861
2020-11-16 04:00:00,56.07083
2020-11-16 05:00:00,242.03065
2020-11-16 06:00:00,385.32855
2020-11-16 07:00:00,395.3277
2020-11-16 08:00:00,344.55634
2020-11-16 09:00:00,302.25015
2020-11-16 10:00:00,295.29926
2020-11-16 11:00:00,227.91208
2020-11-16 12:00:00,201.11559
2020-11-16 13:00:00,177.03252
2020-11-16 14:00:00,160.1463
2020-11-16 15:00:00,142.07901
2020-11-16 16:00:00,141.17517
2020-11-16 17:00:00,134.29378
2020-11-16 18:00:00,136.13068
2020-11-16 19:00:00,126.43834
2020-11-16 20:00:00,127.5995
2020-11-16 21:00:00,125.504105
2020-11-16 22:00:00,102.13284
2020-11-16 23:00:00,114.61093
2020-11-17 00:00:00,108.17995
2020-11-17 01:00:00,89.85988
2020-11-17 02:00:00,79.92732
2020-11-17 03:00:00,105.33835
2020-11-17 04:00:00,156.74886
2020-11-17 05:00:00,214.16959
2020-11-17 06:00:00,254.80307
2020-11-17 07:00:00,293.6867
2020-11-17 08:00:00,301.58118
2020-11-17 09:00:00,279.5919
2020-11-17 10:00:00,206.89659
2020-11-17 11:00:00,159.1022
2020-11-17 12:00:00,102.80409
2020-11-17 13:00:00,93.40939
2020-11-17 14:00:00,91.726
2020-11-17 15:00:00,79.10307
2020-11-17 16:00:00,85.71721
2020-11-17 17:00:00,96.63269
2020-11-17 18:00:00,87.5945
2020-11-17 19:00:00,84.502716
2020-11-17 20:00:00,89.43257
2020-11-17 21:00:00,113.65796
2020-11-17 22:00:00,119.48883
2020-11-17 23:00:00,149.4985
2020-11-18 00:00:00,131.97702
2020-11-18 01:00:00,110.86812
2020-11-18 02:00:00,93.800644
2020-11-18 03:00:00,106.71547
2020-11-18 04:00:00,147.87709
2020-11-18 05:00:00,192.64374
2020-11-18 06:00:00,235.42752
2020-11-18 07:00:00,276.5695
2020-11-18 08:00:00,277.9646
2020-11-18 09:00:00,223.42343
2020-11-18 10:00:00,197.71674
2020-11-18 11:00:00,139.7377
2020-11-18 12:00:00,118.57274
2020-11-18 13:00:00,120.34755
2020-11-18 14:00:00,129.34636
2020-11-18 15:00:00,120.82864
2020-11-18 16:00:00,109.37846
2020-11-18 17:00:00,100.58891
2020-11-18 18:00:00,103.00079
2020-11-18 19:00:00,107.252396
2020-11-18 20:00:00,112.2379
2020-11-18 21:00:00,115.65617
2020-11-18 22:00:00,126.89401
2020-11-18 23:00:00,127.5755
2020-11-19 00:00:00,132.85356
2020-11-19 01:00:00,146.52155
2020-11-19 02:00:00,110.8365
2020-11-19 03:00:00,96.4389
2020-11-19 04:00:00,119.73865
2020-11-19 05:00:00,199.8036
2020-11-19 06:00:00,259.07257
2020-11-19 07:00:00,249.54964
2020-11-19 08:00:00,344.96222
2020-11-19 09:00:00,286.1167
2020-11-19 10:00:00,141.32738
2020-11-19 11:00:00,89.7473
2020-11-19 12:00:00,64.95711
2020-11-19 13:00:00,53.431396
2020-11-19 14:00:00,42.146027
2020-11-19 15:00:00,35.574524
2020-11-19 16:00:00,32.35698
2020-11-19 17:00:00,26.623596
2020-11-19 18:00:00,27.98883
2020-11-19 19:00:00,29.194016
2020-11-19 20:00:00,30.459259
2020-11-19 21:00:00,25.87674
2020-11-19 22:00:00,33.374725
2020-11-19 23:00:00,28.977844
2020-11-20 00:00:00,21.661442
2020-11-20 01:00:00,19.268394
2020-11-20 02:00:00,17.150307
2020-11-20 03:00:00,16.962166
2020-11-20 04:00:00,14.884852
2020-11-20 05:00:00,59.255047
2020-11-20 06:00:00,75.13478
2020-11-20 07:00:00,112.40616
2020-11-20 08:00:00,141.50565
2020-11-20 09:00:00,143.85143
2020-11-20 10:00:00,104.461
2020-11-20 11:00:00,51.967194
2020-11-20 12:00:00,31.062561
2020-11-20 13:00:00,24.175293
2020-11-20 14:00:00,19.529755
2020-11-20 15:00:00,15.09047
2020-11-20 16:00:00,15.012971
2020-11-20 17:00:00,16.411232
2020-11-20 18:00:00,17.478462
2020-11-20 19:00:00,19.891075
2020-11-20 20:00:00,23.457176
2020-11-20 21:00:00,23.677757
2020-11-20 22:00:00,18.43802
2020-11-20 23:00:00,21.966105
2020-11-21 00:00:00,19.559917
2020-11-21 01:00:00,14.825785
2020-11-21 02:00:00,14.246344
2020-11-21 03:00:00,20.237516
2020-11-21 04:00:00,22.265472
2020-11-21 05:00:00,43.240814
2020-11-21 06:00:00,69.22575
2020-11-21 07:00:00,97.52887
2020-11-21 08:00:00,112.084946
2020-11-21 09:00:00,113.789246
2020-11-21 10:00:00,51.992737
2020-11-21 11:00:00,33.081787
2020-11-21 12:00:00,29.764923
2020-11-21 13:00:00,24.99228
2020-11-21 14:00:00,19.986496
2020-11-21 15:00:00,17.110199
2020-11-21 16:00:00,17.050999
2020-11-21 17:00:00,18.268692
2020-11-21 18:00:00,18.854416
2020-11-21 19:00:00,18.49252
2020-11-21 20:00:00,19.450146
2020-11-21 21:00:00,20.78226
2020-11-21 22:00:00,13.640318
2020-11-21 23:00:00,16.704136
2020-11-22 00:00:00,16.912514
2020-11-22 01:00:00,17.087425
2020-11-22 02:00:00,15.014416
2020-11-22 03:00:00,15.579418
2020-11-22 04:00:00,42.302578
2020-11-22 05:00:00,89.11151
2020-11-22 06:00:00,97.73091
2020-11-22 07:00:00,124.55588
2020-11-22 08:00:00,153.73232
2020-11-22 09:00:00,144.15343
2020-11-22 10:00:00,121.33569
2020-11-22 11:00:00,86.30664
2020-11-22 12:00:00,34.456665
2020-11-22 13:00:00,21.968222
2020-11-22 14:00:00,13.558851
2020-11-22 15:00:00,13.742491
2020-11-22 16:00:00,16.872421
2020-11-22 17:00:00,17.79971
2020-11-22 18:00:00,19.973293
2020-11-22 19:00:00,19.142546
2020-11-22 20:00:00,15.915633
2020-11-22 21:00:00,12.2974
2020-11-22 22:00:00,11.743116
2020-11-22 23:00:00,12.06952
2020-11-23 00:00:00,12.223445
2020-11-23 01:00:00,16.552555
2020-11-23 02:00:00,24.612831
2020-11-23 03:00:00,34.081505
2020-11-23 04:00:00,51.800476
2020-11-23 05:00:00,84.3858
2020-11-23 06:00:00,126.66313
2020-11-23 07:00:00,145.42622
2020-11-23 08:00:00,146.4162
2020-11-23 09:00:00,119.37901
2020-11-23 10:00:00,63.931778
2020-11-23 11:00:00,31.75679
2020-11-23 12:00:00,29.011642
2020-11-23 13:00:00,30.029373
2020-11-23 14:00:00,22.380554
2020-11-23 15:00:00,16.887663
2020-11-23 16:00:00,15.538693
2020-11-23 17:00:00,15.305658
2020-11-23 18:00:00,15.418429
2020-11-23 19:00:00,16.018093
2020-11-23 20:00:00,16.23788
2020-11-23 21:00:00,16.522625
2020-11-23 22:00:00,17.741436
2020-11-23 23:00:00,18.558088
2020-11-24 00:00:00,17.047756
2020-11-24 01:00:00,16.79234
2020-11-24 02:00:00,16.427572
2020-11-24 03:00:00,16.571753
2020-11-24 04:00:00,16.65041
2020-11-24 05:00:00,15.936153
2020-11-24 06:00:00,15.099186
2020-11-24 07:00:00,15.410935
2020-11-24 08:00:00,44.425125
2020-11-24 09:00:00,45.389435
2020-11-24 10:00:00,22.040741
2020-11-24 11:00:00,20.156525
2020-11-24 12:00:00,22.877178
2020-11-24 13:00:00,21.311657
2020-11-24 14:00:00,16.85839
2020-11-24 15:00:00,16.204433
2020-11-24 16:00:00,15.720368
2020-11-24 17:00:00,15.694737
2020-11-24 18:00:00,15.540573
2020-11-24 19:00:00,15.536394
2020-11-24 20:00:00,15.591216
2020-11-24 21:00:00,15.4499655
2020-11-24 22:00:00,15.5937
2020-11-24 23:00:00,15.484343
2020-11-25 00:00:00,16.025526
2020-11-25 01:00:00,16.472591
2020-11-25 02:00:00,16.979797
2020-11-25 03:00:00,17.070538
2020-11-25 04:00:00,16.309181
2020-11-25 05:00:00,15.217665
2020-11-25 06:00:00,14.682008
2020-11-25 07:00:00,82.04833
2020-11-25 08:00:00,118.68208
2020-11-25 09:00:00,106.163574
2020-11-25 10:00:00,68.249054
2020-11-25 11:00:00,40.8423
2020-11-25 12:00:00,21.689312
2020-11-25 13:00:00,19.425646
2020-11-25 14:00:00,16.256313
2020-11-25 15:00:00,15.192645
2020-11-25 16:00:00,15.084213
2020-11-25 17:00:00,15.566436
2020-11-25 18:00:00,18.719475
2020-11-25 19:00:00,27.4466
2020-11-25 20:00:00,31.07861
2020-11-25 21:00:00,18.83096
2020-11-25 22:00:00,19.492476
2020-11-25 23:00:00,24.541138
2020-11-26 00:00:00,25.600983
2020-11-26 01:00:00,27.079712
2020-11-26 02:00:00,26.014496
2020-11-26 03:00:00,27.408554
2020-11-26 04:00:00,22.268463
2020-11-26 05:00:00,25.451187
2020-11-26 06:00:00,147.08722
2020-11-26 07:00:00,181.84569
2020-11-26 08:00:00,186.57549
2020-11-26 09:00:00,185.79459
2020-11-26 10:00:00,89.111786
2020-11-26 11:00:00,56.346497
2020-11-26 12:00:00,45.781143
2020-11-26 13:00:00,33.615936
2020-11-26 14:00:00,31.090881
2020-11-26 15:00:00,29.061111
2020-11-26 16:00:00,27.443176
2020-11-26 17:00:00,28.420288
2020-11-26 18:00:00,29.781097
2020-11-26 19:00:00,29.334564
2020-11-26 20:00:00,30.120758
2020-11-26 21:00:00,30.238327
2020-11-26 22:00:00,35.994278
2020-11-26 23:00:00,35.402374
2020-11-27 00:00:00,31.985886
2020-11-27 01:00:00,26.656372
2020-11-27 02:00:00,24.327179
2020-11-27 03:00:00,23.951538
2020-11-27 04:00:00,26.852448
2020-11-27 05:00:00,36.61685
2020-11-27 06:00:00,57.341217
2020-11-27 07:00:00,67.08978
2020-11-27 08:00:00,86.0329
2020-11-27 09:00:00,66.45485
2020-11-27 10:00:00,78.51996
2020-11-27 11:00:00,72.69064
2020-11-27 12:00:00,68.16957
2020-11-27 13:00:00,68.73932
2020-11-27 14:00:00,66.798965
2020-11-27 15:00:00,53.31346
2020-11-27 16:00:00,57.048004
2020-11-27 17:00:00,52.379837
2020-11-27 18:00:00,55.678772
2020-11-27 19:00:00,73.367226
2020-11-27 20:00:00,73.43558
2020-11-27 21:00:00,65.869705
2020-11-27 22:00:00,67.70502
2020-11-27 23:00:00,60.78795
2020-11-28 00:00:00,49.59343
2020-11-28 01:00:00,50.237564
2020-11-28 02:00:00,150.00327
2020-11-28 03:00:00,379.41284
2020-11-28 04:00:00,250.09537
2020-11-28 05:00:00,152.13957
2020-11-28 06:00:00,258.28595
2020-11-28 07:00:00,356.8184
2020-11-28 08:00:00,316.091
2020-11-28 09:00:00,164.00667
2020-11-28 10:00:00,155.20094
2020-11-28 11:00:00,145.48828
2020-11-28 12:00:00,107.205414
2020-11-28 13:00:00,111.0506
2020-11-28 14:00:00,126.80768
2020-11-28 15:00:00,91.17021
2020-11-28 16:00:00,67.474045
2020-11-28 17:00:00,71.46791
2020-11-28 18:00:00,70.14577
2020-11-28 19:00:00,82.03793
2020-11-28 20:00:00,78.14052
2020-11-28 21:00:00,67.71011
2020-11-28 22:00:00,62.977936
2020-11-28 23:00:00,73.2802
2020-11-29 00:00:00,85.241165
2020-11-29 01:00:00,95.45473
2020-11-29 02:00:00,94.360825
2020-11-29 03:00:00,78.62875
2020-11-29 04:00:00,79.79889
2020-11-29 05:00:00,47.971664
2020-11-29 06:00:00,90.87129
2020-11-29 07:00:00,105.54753
2020-11-29 08:00:00,121.90132
2020-11-29 09:00:00,117.03783
2020-11-29 10:00:00,81.57681
2020-11-29 11:00:00,60.92276
2020-11-29 12:00:00,23.908249
2020-11-29 13:00:00,16.307367
2020-11-29 14:00:00,19.641884
2020-11-29 15:00:00,22.146492
2020-11-29 16:00:00,22.74125
2020-11-29 17:00:00,22.50346
2020-11-29 18:00:00,23.413101
2020-11-29 19:00:00,24.333733
2020-11-29 20:00:00,26.845798
2020-11-29 21:00:00,28.78648
2020-11-29 22:00:00,26.389452
2020-11-29 23:00:00,33.119698
2020-11-30 00:00:00,32.076477
2020-11-30 01:00:00,27.168077
2020-11-30 02:00:00,24.339443
2020-11-30 03:00:00,23.545378
2020-11-30 04:00:00,23.479965
2020-11-30 05:00:00,31.707144
2020-11-30 06:00:00,86.7642
2020-11-30 07:00:00,107.80769
2020-11-30 08:00:00,30.423203
2020-11-30 09:00:00,24.843811
2020-11-30 10:00:00,19.066357
2020-11-30 11:00:00,16.944027
2020-11-30 12:00:00,22.134434
2020-11-30 13:00:00,22.974657
2020-11-30 14:00:00,22.557129
2020-11-30 15:00:00,21.30553
2020-11-30 16:00:00,18.791513
2020-11-30 17:00:00,18.105774
2020-11-30 18:00:00,17.81202
2020-11-30 19:00:00,17.698914
2020-11-30 20:00:00,17.311348
2020-11-30 21:00:00,17.400494
2020-11-30 22:00:00,18.01897
2020-11-30 23:00:00,20.2099
2020-12-01 00:00:00,18.221764
2020-12-01 01:00:00,17.791553
2020-12-01 02:00:00,17.861511
2020-12-01 03:00:00,18.000362
2020-12-01 04:00:00,17.940554
2020-12-01 05:00:00,16.874153
2020-12-01 06:00:00,16.85579
2020-12-01 07:00:00,14.854025
2020-12-01 08:00:00,18.889816
2020-12-01 09:00:00,17.556885
2020-12-01 10:00:00,20.917862
2020-12-01 11:00:00,20.88436
2020-12-01 12:00:00,23.416607
2020-12-01 13:00:00,20.361847
2020-12-01 14:00:00,17.732372
2020-12-01 15:00:00,17.134815
2020-12-01 16:00:00,16.970446
2020-12-01 17:00:00,17.209824
2020-12-01 18:00:00,17.839912
2020-12-01 19:00:00,17.80319
2020-12-01 20:00:00,18.054253
2020-12-01 21:00:00,18.220047
2020-12-01 22:00:00,19.975262
2020-12-01 23:00:00,20.770802
2020-12-02 00:00:00,20.743156
2020-12-02 01:00:00,22.02527
2020-12-02 02:00:00,22.301085
2020-12-02 03:00:00,21.47731
2020-12-02 04:00:00,19.142368
2020-12-02 05:00:00,18.041508
2020-12-02 06:00:00,16.700335
2020-12-02 07:00:00,16.628815
2020-12-02 08:00:00,15.276897
2020-12-02 09:00:00,16.033386
2020-12-02 10:00:00,16.604568
2020-12-02 11:00:00,20.360546
2020-12-02 12:00:00,25.138054
2020-12-02 13:00:00,23.524818
2020-12-02 14:00:00,19.72726
2020-12-02 15:00:00,18.131933
2020-12-02 16:00:00,17.804483
2020-12-02 17:00:00,18.088657
2020-12-02 18:00:00,18.331196
2020-12-02 19:00:00,18.550652
2020-12-02 20:00:00,18.083284
2020-12-02 21:00:00,17.83033
2020-12-02 22:00:00,21.540192
2020-12-02 23:00:00,21.184982
2020-12-03 00:00:00,20.647902
2020-12-03 01:00:00,20.250034
2020-12-03 02:00:00,19.763752
2020-12-03 03:00:00,23.452679
2020-12-03 04:00:00,31.848545
2020-12-03 05:00:00,81.595085
2020-12-03 06:00:00,144.10356
2020-12-03 07:00:00,123.84851
2020-12-03 08:00:00,112.02298
2020-12-03 09:00:00,93.171585
2020-12-03 10:00:00,32.39949
2020-12-03 11:00:00,21.274586
2020-12-03 12:00:00,27.960754
2020-12-03 13:00:00,25.538956
2020-12-03 14:00:00,23.061417
2020-12-03 15:00:00,22.740646
2020-12-03 16:00:00,21.956635
2020-12-03 17:00:00,19.331406
2020-12-03 18:00:00,17.262012
2020-12-03 19:00:00,17.707396
2020-12-03 20:00:00,19.424911
2020-12-03 21:00:00,20.60437
2020-12-03 22:00:00,17.752655
2020-12-03 23:00:00,21.824675
2020-12-04 00:00:00,25.499893
2020-12-04 01:00:00,31.983276
2020-12-04 02:00:00,35.387848
2020-12-04 03:00:00,49.191696
2020-12-04 04:00:00,85.979294
2020-12-04 05:00:00,121.56854
2020-12-04 06:00:00,142.83224
2020-12-04 07:00:00,161.29326
2020-12-04 08:00:00,183.40726
2020-12-04 09:00:00,150.76637
2020-12-04 10:00:00,105.92799
2020-12-04 11:00:00,90.224976
2020-12-04 12:00:00,49.723312
2020-12-04 13:00:00,32.479156
2020-12-04 14:00:00,32.261246
2020-12-04 15:00:00,52.513382
2020-12-04 16:00:00,67.92764
2020-12-04 17:00:00,70.241776
2020-12-04 18:00:00,59.587585
2020-12-04 19:00:00,55.030075
2020-12-04 20:00:00,51.760773
2020-12-04 21:00:00,50.72026
2020-12-04 22:00:00,40.951523
2020-12-04 23:00:00,49.49411
2020-12-05 00:00:00,51.518845
2020-12-05 01:00:00,51.949036
2020-12-05 02:00:00,57.637405
2020-12-05 03:00:00,84.08661
2020-12-05 04:00:00,106.89636
2020-12-05 05:00:00,131.33687
2020-12-05 06:00:00,186.39777
2020-12-05 07:00:00,189.57687
2020-12-05 08:00:00,183.8384
2020-12-05 09:00:00,147.25688
2020-12-05 10:00:00,124.4337
2020-12-05 11:00:00,81.7661
2020-12-05 12:00:00,47.667755
2020-12-05 13:00:00,44.24022
2020-12-05 14:00:00,40.617294
2020-12-05 15:00:00,36.773193
2020-12-05 16:00:00,28.818634
2020-12-05 17:00:00,26.202103
2020-12-05 18:00:00,24.469345
2020-12-05 19:00:00,24.048447
2020-12-05 20:00:00,23.534744
2020-12-05 21:00:00,21.612625
2020-12-05 22:00:00,24.49054
2020-12-05 23:00:00,23.797104
2020-12-06 00:00:00,23.694946
2020-12-06 01:00:00,22.542847
2020-12-06 02:00:00,21.231674
2020-12-06 03:00:00,21.97293
2020-12-06 04:00:00,21.184647
2020-12-06 05:00:00,22.136185
2020-12-06 06:00:00,30.503677
2020-12-06 07:00:00,96.62186
2020-12-06 08:00:00,127.25093
2020-12-06 09:00:00,95.805695
2020-12-06 10:00:00,41.35856
2020-12-06 11:00:00,44.453217
2020-12-06 12:00:00,34.145798
2020-12-06 13:00:00,35.436783
2020-12-06 14:00:00,35.01233
2020-12-06 15:00:00,31.176926
2020-12-06 16:00:00,28.4487
2020-12-06 17:00:00,26.941177
2020-12-06 18:00:00,25.395676
2020-12-06 19:00:00,25.339966
2020-12-06 20:00:00,24.76593
2020-12-06 21:00:00,23.928345
2020-12-06 22:00:00,24.594849
2020-12-06 23:00:00,25.296982
2020-12-07 00:00:00,30.147202
2020-12-07 01:00:00,29.303814
2020-12-07 02:00:00,24.359268
2020-12-07 03:00:00,21.95488
2020-12-07 04:00:00,20.352005
2020-12-07 05:00:00,35.8627
2020-12-07 06:00:00,87.53053
2020-12-07 07:00:00,101.7657
2020-12-07 08:00:00,118.09303
2020-12-07 09:00:00,107.60184
2020-12-07 10:00:00,55.490448
2020-12-07 11:00:00,34.62854
2020-12-07 12:00:00,25.865551
2020-12-07 13:00:00,24.067429
2020-12-07 14:00:00,28.204193
2020-12-07 15:00:00,32.750565
2020-12-07 16:00:00,36.41664
2020-12-07 17:00:00,29.456543
2020-12-07 18:00:00,34.407867
2020-12-07 19:00:00,32.77066
2020-12-07 20:00:00,28.682755
2020-12-07 21:00:00,20.931992
2020-12-07 22:00:00,16.534866
2020-12-07 23:00:00,33.202896
2020-12-08 00:00:00,23.062042
2020-12-08 01:00:00,25.455872
2020-12-08 02:00:00,19.311432
2020-12-08 03:00:00,20.109818
2020-12-08 04:00:00,18.123184
2020-12-08 05:00:00,32.057846
2020-12-08 06:00:00,69.03993
2020-12-08 07:00:00,91.56673
2020-12-08 08:00:00,100.94002
2020-12-08 09:00:00,92.341446
2020-12-08 10:00:00,63.12401
2020-12-08 11:00:00,77.8712
2020-12-08 12:00:00,43.25154
2020-12-08 13:00:00,26.482687
2020-12-08 14:00:00,16.708012
2020-12-08 15:00:00,13.854748
2020-12-08 16:00:00,14.270009
2020-12-08 17:00:00,15.272637
2020-12-08 18:00:00,18.589775
2020-12-08 19:00:00,20.338184
2020-12-08 20:00:00,20.898293
2020-12-08 21:00:00,21.141582
2020-12-08 22:00:00,19.548134
2020-12-08 23:00:00,20.364738
2020-12-09 00:00:00,20.46187
2020-12-09 01:00:00,21.68201
2020-12-09 02:00:00,20.765816
2020-12-09 03:00:00,19.461145
2020-12-09 04:00:00,17.319431
2020-12-09 05:00:00,16.947535
2020-12-09 06:00:00,20.670868
2020-12-09 07:00:00,85.1485
2020-12-09 08:00:00,102.91492
2020-12-09 09:00:00,76.75955
2020-12-09 10:00:00,23.576424
2020-12-09 11:00:00,17.616642
2020-12-09 12:00:00,15.513005
2020-12-09 13:00:00,14.519954
2020-12-09 14:00:00,13.596228
2020-12-09 15:00:00,14.731406
2020-12-09 16:00:00,16.78869
2020-12-09 17:00:00,17.669834
2020-12-09 18:00:00,18.18025
2020-12-09 19:00:00,17.911787
2020-12-09 20:00:00,17.83465
2020-12-09 21:00:00,19.023647
2020-12-09 22:00:00,20.747192
2020-12-09 23:00:00,22.297558
2020-12-10 00:00:00,21.974155
2020-12-10 01:00:00,21.235256
2020-12-10 02:00:00,20.617462
2020-12-10 03:00:00,20.558815
2020-12-10 04:00:00,18.952099
2020-12-10 05:00:00,19.063658
2020-12-10 06:00:00,16.784603
2020-12-10 07:00:00,64.23141
2020-12-10 08:00:00,90.167984
2020-12-10 09:00:00,48.47264
2020-12-10 10:00:00,21.020771
2020-12-10 11:00:00,24.13456
2020-12-10 12:00:00,24.965313
2020-12-10 13:00:00,26.202316
2020-12-10 14:00:00,24.424446
2020-12-10 15:00:00,32.52762
2020-12-10 16:00:00,23.666538
2020-12-10 17:00:00,22.353436
2020-12-10 18:00:00,19.90821
2020-12-10 19:00:00,18.227163
2020-12-10 20:00:00,16.773497
2020-12-10 21:00:00,16.69534
2020-12-10 22:00:00,17.568012
2020-12-10 23:00:00,17.505533
2020-12-11 00:00:00,18.03931
2020-12-11 01:00:00,17.625202
2020-12-11 02:00:00,17.05737
2020-12-11 03:00:00,17.090355
2020-12-11 04:00:00,16.711617
2020-12-11 05:00:00,17.584965
2020-12-11 06:00:00,29.656223
2020-12-11 07:00:00,124.85191
2020-12-11 08:00:00,131.5318
2020-12-11 09:00:00,110.37283
2020-12-11 10:00:00,55.477146
2020-12-11 11:00:00,82.28673
2020-12-11 12:00:00,40.736217
2020-12-11 13:00:00,27.612476
2020-12-11 14:00:00,23.088234
2020-12-11 15:00:00,22.347166
2020-12-11 16:00:00,21.663933
2020-12-11 17:00:00,22.29368
2020-12-11 18:00:00,23.885445
2020-12-11 19:00:00,25.842442
2020-12-11 20:00:00,26.090462
2020-12-11 21:00:00,25.323261
2020-12-11 22:00:00,24.819492
2020-12-11 23:00:00,34.34576
2020-12-12 00:00:00,32.805748
2020-12-12 01:00:00,35.86629
2020-12-12 02:00:00,33.06806
2020-12-12 03:00:00,26.662678
2020-12-12 04:00:00,35.445843
2020-12-12 05:00:00,104.88507
2020-12-12 06:00:00,150.3791
2020-12-12 07:00:00,139.48158
2020-12-12 08:00:00,143.09807
2020-12-12 09:00:00,129.91548
2020-12-12 10:00:00,75.54508
2020-12-12 11:00:00,81.3154
2020-12-12 12:00:00,42.948814
2020-12-12 13:00:00,33.017242
2020-12-12 14:00:00,25.34255
2020-12-12 15:00:00,21.350868
2020-12-12 16:00:00,20.782627
2020-12-12 17:00:00,21.259735
2020-12-12 18:00:00,21.870434
2020-12-12 19:00:00,22.572159
2020-12-12 20:00:00,22.668606
2020-12-12 21:00:00,22.12974
2020-12-12 22:00:00,26.245693
2020-12-12 23:00:00,35.613182
2020-12-13 00:00:00,33.059113
2020-12-13 01:00:00,27.34391
2020-12-13 02:00:00,24.140766
2020-12-13 03:00:00,22.638119
2020-12-13 04:00:00,21.594872
2020-12-13 05:00:00,69.43583
2020-12-13 06:00:00,120.32463
2020-12-13 07:00:00,125.64252
2020-12-13 08:00:00,135.5616
2020-12-13 09:00:00,120.211975
2020-12-13 10:00:00,50.46016
2020-12-13 11:00:00,52.070213
2020-12-13 12:00:00,25.68545
2020-12-13 13:00:00,24.050537
2020-12-13 14:00:00,22.586634
2020-12-13 15:00:00,21.464752
2020-12-13 16:00:00,20.734985
2020-12-13 17:00:00,21.254208
2020-12-13 18:00:00,21.228676
2020-12-13 19:00:00,21.389664
2020-12-13 20:00:00,21.200665
2020-12-13 21:00:00,21.457031
2020-12-13 22:00:00,20.167309
2020-12-13 23:00:00,20.833443
2020-12-14 00:00:00,16.731796
2020-12-14 01:00:00,17.324375
2020-12-14 02:00:00,15.856337
2020-12-14 03:00:00,15.639574
2020-12-14 04:00:00,15.251388
2020-12-14 05:00:00,17.21227
2020-12-14 06:00:00,106.79825
2020-12-14 07:00:00,151.01929
2020-12-14 08:00:00,157.11714
2020-12-14 09:00:00,142.70137
2020-12-14 10:00:00,22.456284
2020-12-14 11:00:00,34.627853
2020-12-14 12:00:00,18.174988
2020-12-14 13:00:00,18.53069
2020-12-14 14:00:00,17.645832
2020-12-14 15:00:00,17.841076
2020-12-14 16:00:00,18.448915
2020-12-14 17:00:00,21.194912
2020-12-14 18:00:00,21.41405
2020-12-14 19:00:00,21.416557
2020-12-14 20:00:00,21.867685
2020-12-14 21:00:00,22.319805
2020-12-14 22:00:00,22.037098
2020-12-14 23:00:00,22.264668
2020-12-15 00:00:00,20.48507
2020-12-15 01:00:00,20.203083
2020-12-15 02:00:00,20.100853
2020-12-15 03:00:00,20.345348
2020-12-15 04:00:00,20.06549
2020-12-15 05:00:00,19.14005
2020-12-15 06:00:00,103.72229
2020-12-15 07:00:00,139.00209
2020-12-15 08:00:00,159.00499
2020-12-15 09:00:00,149.41852
2020-12-15 10:00:00,49.18852
2020-12-15 11:00:00,44.03659
2020-12-15 12:00:00,21.239576
2020-12-15 13:00:00,20.012321
2020-12-15 14:00:00,18.960392
2020-12-15 15:00:00,18.563473
2020-12-15 16:00:00,18.236988
2020-12-15 17:00:00,18.149925
2020-12-15 18:00:00,19.676394
2020-12-15 19:00:00,20.593185
2020-12-15 20:00:00,21.855267
2020-12-15 21:00:00,21.980259
2020-12-15 22:00:00,21.816914
2020-12-15 23:00:00,21.210543
2020-12-16 00:00:00,20.25026
2020-12-16 01:00:00,18.326153
2020-12-16 02:00:00,16.412407
2020-12-16 03:00:00,15.69629
2020-12-16 04:00:00,15.34335
2020-12-16 05:00:00,16.240986
2020-12-16 06:00:00,17.416939
2020-12-16 07:00:00,87.39494
2020-12-16 08:00:00,94.68988
2020-12-16 09:00:00,80.86929
2020-12-16 10:00:00,25.959888
2020-12-16 11:00:00,21.916782
2020-12-16 12:00:00,15.96038
2020-12-16 13:00:00,16.408104
2020-12-16 14:00:00,17.564747
2020-12-16 15:00:00,20.075928
2020-12-16 16:00:00,20.917767
2020-12-16 17:00:00,21.861511
2020-12-16 18:00:00,21.117933
2020-12-16 19:00:00,19.966038
2020-12-16 20:00:00,17.232315
2020-12-16 21:00:00,15.998955
2020-12-16 22:00:00,19.536709
2020-12-16 23:00:00,17.276937
2020-12-17 00:00:00,16.528545
2020-12-17 01:00:00,16.515282
2020-12-17 02:00:00,16.614166
2020-12-17 03:00:00,16.556301
2020-12-17 04:00:00,16.636753
2020-12-17 05:00:00,16.31192
2020-12-17 06:00:00,15.477421
2020-12-17 07:00:00,13.052494
2020-12-17 08:00:00,34.84517
2020-12-17 09:00:00,36.06105
2020-12-17 10:00:00,17.931183
2020-12-17 11:00:00,17.640713
2020-12-17 12:00:00,22.518599
2020-12-17 13:00:00,22.452988
2020-12-17 14:00:00,18.322
2020-12-17 15:00:00,17.26123
2020-12-17 16:00:00,17.285221
2020-12-17 17:00:00,17.40195
2020-12-17 18:00:00,17.008362
2020-12-17 19:00:00,17.286247
2020-12-17 20:00:00,17.794535
2020-12-17 21:00:00,18.51566
2020-12-17 22:00:00,20.996319
2020-12-17 23:00:00,19.60199
2020-12-18 00:00:00,18.613605
2020-12-18 01:00:00,18.393225
2020-12-18 02:00:00,18.632452
2020-12-18 03:00:00,18.584692
2020-12-18 04:00:00,19.01996
2020-12-18 05:00:00,19.192398
2020-12-18 06:00:00,18.236563
2020-12-18 07:00:00,17.343344
2020-12-18 08:00:00,18.030624
2020-12-18 09:00:00,19.049896
2020-12-18 10:00:00,23.030869
2020-12-18 11:00:00,21.692764
2020-12-18 12:00:00,19.590082
2020-12-18 13:00:00,20.49768
2020-12-18 14:00:00,21.824936
2020-12-18 15:00:00,23.20013
2020-12-18 16:00:00,23.611423
2020-12-18 17:00:00,23.753689
2020-12-18 18:00:00,23.540585
2020-12-18 19:00:00,23.328535
2020-12-18 20:00:00,22.767277
2020-12-18 21:00:00,22.22961
2020-12-18 22:00:00,23.507607
2020-12-18 23:00:00,22.502674
2020-12-19 00:00:00,20.879768
2020-12-19 01:00:00,19.188904
2020-12-19 02:00:00,18.184526
2020-12-19 03:00:00,17.046736
2020-12-19 04:00:00,16.587555
2020-12-19 05:00:00,15.963178
2020-12-19 06:00:00,16.104378
2020-12-19 07:00:00,15.6564
2020-12-19 08:00:00,37.87816
2020-12-19 09:00:00,51.74179
2020-12-19 10:00:00,33.615967
2020-12-19 11:00:00,43.441284
2020-12-19 12:00:00,43.98886
2020-12-19 13:00:00,37.32512
2020-12-19 14:00:00,30.598877
2020-12-19 15:00:00,29.516708
2020-12-19 16:00:00,31.252686
2020-12-19 17:00:00,31.91513
2020-12-19 18:00:00,27.361572
2020-12-19 19:00:00,23.682022
2020-12-19 20:00:00,21.997055
2020-12-19 21:00:00,20.72139
2020-12-19 22:00:00,38.19397
2020-12-19 23:00:00,46.191116
2020-12-20 00:00:00,47.672592
2020-12-20 01:00:00,39.738617
2020-12-20 02:00:00,40.5291
2020-12-20 03:00:00,49.6615
2020-12-20 04:00:00,85.97533
2020-12-20 05:00:00,95.7955
2020-12-20 06:00:00,125.831375
2020-12-20 07:00:00,169.19879
2020-12-20 08:00:00,178.8722
2020-12-20 09:00:00,168.17018
2020-12-20 10:00:00,118.068634
2020-12-20 11:00:00,100.004684
2020-12-20 12:00:00,78.36125
2020-12-20 13:00:00,77.00047
2020-12-20 14:00:00,63.205032
2020-12-20 15:00:00,57.53914
2020-12-20 16:00:00,62.56189
2020-12-20 17:00:00,62.68718
2020-12-20 18:00:00,68.80861
2020-12-20 19:00:00,59.48552
2020-12-20 20:00:00,59.804993
2020-12-20 21:00:00,51.653046
2020-12-20 22:00:00,25.913818
2020-12-20 23:00:00,81.236145
2020-12-21 00:00:00,64.33084
2020-12-21 01:00:00,46.976944
2020-12-21 02:00:00,40.887093
2020-12-21 03:00:00,34.315956
2020-12-21 04:00:00,34.737324
2020-12-21 05:00:00,40.29254
2020-12-21 06:00:00,67.09563
2020-12-21 07:00:00,121.560684
2020-12-21 08:00:00,122.765
2020-12-21 09:00:00,112.63008
2020-12-21 10:00:00,64.09213
2020-12-21 11:00:00,39.31215
2020-12-21 12:00:00,41.8302
2020-12-21 13:00:00,39.239105
2020-12-21 14:00:00,34.11232
2020-12-21 15:00:00,29.718277
2020-12-21 16:00:00,23.775467
2020-12-21 17:00:00,22.73831
2020-12-21 18:00:00,22.135216
2020-12-21 19:00:00,22.089817
2020-12-21 20:00:00,21.828194
2020-12-21 21:00:00,21.911991
2020-12-21 22:00:00,22.053951
2020-12-21 23:00:00,21.88024
2020-12-22 00:00:00,22.23825
2020-12-22 01:00:00,22.185856
2020-12-22 02:00:00,22.56036
2020-12-22 03:00:00,22.025366
2020-12-22 04:00:00,21.069641
2020-12-22 05:00:00,20.752316
2020-12-22 06:00:00,14.63247
2020-12-22 07:00:00,63.245056
2020-12-22 08:00:00,58.536667
2020-12-22 09:00:00,41.157394
2020-12-22 10:00:00,22.407215
2020-12-22 11:00:00,19.113087
2020-12-22 12:00:00,16.732506
2020-12-22 13:00:00,20.842201
2020-12-22 14:00:00,21.429771
2020-12-22 15:00:00,21.956318
2020-12-22 16:00:00,22.14016
2020-12-22 17:00:00,22.290693
2020-12-22 18:00:00,22.641006
2020-12-22 19:00:00,22.191866
2020-12-22 20:00:00,22.143944
2020-12-22 21:00:00,22.353128
2020-12-22 22:00:00,18.77412
2020-12-22 23:00:00,21.446806
2020-12-23 00:00:00,22.278408
2020-12-23 01:00:00,22.808498
2020-12-23 02:00:00,21.242447
2020-12-23 03:00:00,18.821161
2020-12-23 04:00:00,16.640205
2020-12-23 05:00:00,15.85917
2020-12-23 06:00:00,17.880634
2020-12-23 07:00:00,63.184597
2020-12-23 08:00:00,95.635864
2020-12-23 09:00:00,101.94081
2020-12-23 10:00:00,49.47591
2020-12-23 11:00:00,54.811478
2020-12-23 12:00:00,29.77241
2020-12-23 13:00:00,27.99696
2020-12-23 14:00:00,26.692287
2020-12-23 15:00:00,23.28963
2020-12-23 16:00:00,19.778044
2020-12-23 17:00:00,18.489948
2020-12-23 18:00:00,19.813396
2020-12-23 19:00:00,22.034332
2020-12-23 20:00:00,22.560694
2020-12-23 21:00:00,19.995289
2020-12-23 22:00:00,19.319397
2020-12-23 23:00:00,20.51427
2020-12-24 00:00:00,17.746376
2020-12-24 01:00:00,17.589296
2020-12-24 02:00:00,18.51136
2020-12-24 03:00:00,19.103638
2020-12-24 04:00:00,21.973251
2020-12-24 05:00:00,19.40567
2020-12-24 06:00:00,21.170044
2020-12-24 07:00:00,87.316605
2020-12-24 08:00:00,115.08186
2020-12-24 09:00:00,91.22397
2020-12-24 10:00:00,38.058426
2020-12-24 11:00:00,34.573364
2020-12-24 12:00:00,29.630798
2020-12-24 13:00:00,28.164001
2020-12-24 14:00:00,29.298737
2020-12-24 15:00:00,27.498108
2020-12-24 16:00:00,24.171814
2020-12-24 17:00:00,22.692947
2020-12-24 18:00:00,20.49115
2020-12-24 19:00:00,18.491444
2020-12-24 20:00:00,18.170877
2020-12-24 21:00:00,18.565544
2020-12-24 22:00:00,18.352446
2020-12-24 23:00:00,17.132303
2020-12-25 00:00:00,17.983406
2020-12-25 01:00:00,18.363811
2020-12-25 02:00:00,18.537762
2020-12-25 03:00:00,18.653
2020-12-25 04:00:00,19.105743
2020-12-25 05:00:00,18.564453
2020-12-25 06:00:00,19.490448
2020-12-25 07:00:00,77.53903
2020-12-25 08:00:00,100.19444
2020-12-25 09:00:00,86.0742
2020-12-25 10:00:00,41.50836
2020-12-25 11:00:00,30.480667
2020-12-25 12:00:00,30.112839
2020-12-25 13:00:00,29.08461
2020-12-25 14:00:00,23.874813
2020-12-25 15:00:00,23.379263
2020-12-25 16:00:00,23.706871
2020-12-25 17:00:00,21.31646
2020-12-25 18:00:00,23.336739
2020-12-25 19:00:00,28.692719
2020-12-25 20:00:00,28.217747
2020-12-25 21:00:00,21.50483
2020-12-25 22:00:00,18.755756
2020-12-25 23:00:00,12.447339
2020-12-26 00:00:00,14.464171
2020-12-26 01:00:00,12.8743
2020-12-26 02:00:00,14.152506
2020-12-26 03:00:00,13.6343
2020-12-26 04:00:00,15.73513
2020-12-26 05:00:00,30.389053
2020-12-26 06:00:00,57.220108
2020-12-26 07:00:00,69.92822
2020-12-26 08:00:00,86.434555
2020-12-26 09:00:00,83.419464
2020-12-26 10:00:00,63.466415
2020-12-26 11:00:00,48.25213
2020-12-26 12:00:00,30.63618
2020-12-26 13:00:00,23.630781
2020-12-26 14:00:00,21.111927
2020-12-26 15:00:00,23.096348
2020-12-26 16:00:00,22.744427
2020-12-26 17:00:00,22.88879
2020-12-26 18:00:00,22.39796
2020-12-26 19:00:00,21.152353
2020-12-26 20:00:00,19.72107
2020-12-26 21:00:00,17.415089
2020-12-26 22:00:00,18.869753
2020-12-26 23:00:00,18.656044
2020-12-27 00:00:00,20.011744
2020-12-27 01:00:00,20.43343
2020-12-27 02:00:00,18.262547
2020-12-27 03:00:00,18.968573
2020-12-27 04:00:00,19.119919
2020-12-27 05:00:00,19.138323
2020-12-27 06:00:00,105.50257
2020-12-27 07:00:00,126.11357
2020-12-27 08:00:00,137.54767
2020-12-27 09:00:00,136.86365
2020-12-27 10:00:00,75.06282
2020-12-27 11:00:00,40.038452
2020-12-27 12:00:00,24.564442
2020-12-27 13:00:00,22.48553
2020-12-27 14:00:00,21.11974
2020-12-27 15:00:00,21.713737
2020-12-27 16:00:00,20.440022
2020-12-27 17:00:00,18.85758
2020-12-27 18:00:00,18.98429
2020-12-27 19:00:00,20.098307
2020-12-27 20:00:00,20.278254
2020-12-27 21:00:00,21.024017
2020-12-27 22:00:00,22.252518
2020-12-27 23:00:00,21.520592
2020-12-28 00:00:00,21.151936
2020-12-28 01:00:00,19.490513
2020-12-28 02:00:00,16.503536
2020-12-28 03:00:00,15.901595
2020-12-28 04:00:00,15.766269
2020-12-28 05:00:00,15.831541
2020-12-28 06:00:00,27.40944
2020-12-28 07:00:00,89.25695
2020-12-28 08:00:00,86.406494
2020-12-28 09:00:00,84.87013
2020-12-28 10:00:00,56.373367
2020-12-28 11:00:00,43.224075
2020-12-28 12:00:00,35.269302
2020-12-28 13:00:00,38.682938
2020-12-28 14:00:00,34.064606
2020-12-28 15:00:00,32.082912
2020-12-28 16:00:00,33.217815
2020-12-28 17:00:00,30.234165
2020-12-28 18:00:00,24.589346
2020-12-28 19:00:00,20.375477
2020-12-28 20:00:00,16.389519
2020-12-28 21:00:00,14.965962
2020-12-28 22:00:00,14.645225
2020-12-28 23:00:00,15.607719
2020-12-29 00:00:00,15.163498
2020-12-29 01:00:00,17.43903
2020-12-29 02:00:00,17.219511
2020-12-29 03:00:00,18.190155
2020-12-29 04:00:00,17.013565
2020-12-29 05:00:00,12.635198
2020-12-29 06:00:00,12.907308
2020-12-29 07:00:00,36.33193
2020-12-29 08:00:00,64.65863
2020-12-29 09:00:00,70.37227
2020-12-29 10:00:00,54.621628
2020-12-29 11:00:00,39.418716
2020-12-29 12:00:00,22.600662
2020-12-29 13:00:00,21.732635
2020-12-29 14:00:00,18.414837
2020-12-29 15:00:00,17.956886
2020-12-29 16:00:00,19.059032
2020-12-29 17:00:00,20.03008
2020-12-29 18:00:00,20.216318
2020-12-29 19:00:00,19.386143
2020-12-29 20:00:00,19.796354
2020-12-29 21:00:00,20.856348
2020-12-29 22:00:00,19.857994
2020-12-29 23:00:00,20.783825
2020-12-30 00:00:00,20.91903
2020-12-30 01:00:00,20.641815
2020-12-30 02:00:00,20.50769
2020-12-30 03:00:00,20.79646
2020-12-30 04:00:00,21.637533
2020-12-30 05:00:00,34.651394
2020-12-30 06:00:00,67.27043
2020-12-30 07:00:00,75.3568
2020-12-30 08:00:00,89.9928
2020-12-30 09:00:00,87.81967
2020-12-30 10:00:00,38.384018
2020-12-30 11:00:00,62.081894
2020-12-30 12:00:00,19.023058
2020-12-30 13:00:00,19.14301
2020-12-30 14:00:00,18.825684
2020-12-30 15:00:00,18.920254
2020-12-30 16:00:00,18.957424
2020-12-30 17:00:00,20.036514
2020-12-30 18:00:00,21.6245
2020-12-30 19:00:00,21.658443
2020-12-30 20:00:00,22.304256
2020-12-30 21:00:00,23.941921
2020-12-30 22:00:00,23.61252
2020-12-30 23:00:00,24.21275
2020-12-31 00:00:00,22.771389
2020-12-31 01:00:00,22.435307
2020-12-31 02:00:00,22.884966
2020-12-31 03:00:00,22.376097
2020-12-31 04:00:00,19.977373
2020-12-31 05:00:00,16.709862
2020-12-31 06:00:00,15.097328
2020-12-31 07:00:00,77.35054
2020-12-31 08:00:00,87.730286
2020-12-31 09:00:00,89.92403
2020-12-31 10:00:00,38.91368
2020-12-31 11:00:00,35.422333
2020-12-31 12:00:00,29.099604
2020-12-31 13:00:00,26.116285
2020-12-31 14:00:00,21.315645
2020-12-31 15:00:00,20.565434
2020-12-31 16:00:00,20.18128
2020-12-31 17:00:00,20.728756
2020-12-31 18:00:00,21.138363
2020-12-31 19:00:00,20.362617
2020-12-31 20:00:00,21.995632
2020-12-31 21:00:00,22.780567
2020-12-31 22:00:00,21.405483
2020-12-31 23:00:00,18.804153
