valid_time,t2m,d2m,u10,v10
2020-01-01 00:00:00,267.29025,261.44888,-0.7654724,1.5769653
2020-01-01 01:00:00,266.509,260.3703,-0.6823883,2.0653687
2020-01-01 02:00:00,265.61008,259.66797,-0.7349396,2.2521973
2020-01-01 03:00:00,264.80435,258.96246,-0.79901123,2.396988
2020-01-01 04:00:00,265.37878,259.13184,-0.7940216,2.2996368
2020-01-01 05:00:00,267.29547,259.89026,-0.71499634,1.938797
2020-01-01 06:00:00,269.7945,260.6672,-0.6327667,1.532959
2020-01-01 07:00:00,271.94336,260.1178,-0.62194824,1.2227325
2020-01-01 08:00:00,272.36557,260.67645,-0.6659088,0.96925354
2020-01-01 09:00:00,272.45746,260.95874,-0.68989563,1.0744781
2020-01-01 10:00:00,271.78326,260.82413,-0.72831726,1.3890533
2020-01-01 11:00:00,269.59787,259.937,-0.7899475,1.856781
2020-01-01 12:00:00,267.4651,258.58954,-0.90849304,2.2003632
2020-01-01 13:00:00,266.15973,257.79184,-0.9338684,2.396576
2020-01-01 14:00:00,265.11804,257.16913,-0.92726135,2.578827
2020-01-01 15:00:00,263.9333,256.31158,-0.94462585,2.8163757
2020-01-01 16:00:00,262.69107,255.2583,-1.027832,3.1095428
2020-01-01 17:00:00,261.65576,254.18909,-1.1437836,3.350891
2020-01-01 18:00:00,261.20636,253.36237,-1.2397461,3.5371704
2020-01-01 19:00:00,261.12372,253.90921,-1.1998596,3.673767
2020-01-01 20:00:00,261.7489,253.8515,-1.1537628,3.4067535
2020-01-01 21:00:00,261.25482,253.22736,-1.1686153,3.5126648
2020-01-01 22:00:00,261.2215,252.77107,-1.1632853,3.51799
2020-01-01 23:00:00,261.0636,252.26541,-1.2202892,3.5306396
2020-01-02 00:00:00,261.01804,251.7114,-1.2548399,3.5458527
2020-01-02 01:00:00,261.29486,251.26746,-1.2280188,3.4930878
2020-01-02 02:00:00,260.9843,250.55246,-1.220787,3.5637817
2020-01-02 03:00:00,261.05362,250.21088,-1.2290688,3.584549
2020-01-02 04:00:00,262.69534,250.83546,-1.1258278,3.361557
2020-01-02 05:00:00,265.06723,252.1324,-1.0130634,3.00029
2020-01-02 06:00:00,267.41956,253.55461,-0.9461651,2.5857391
2020-01-02 07:00:00,270.2636,257.5826,-0.77469254,2.1707306
2020-01-02 08:00:00,273.16473,257.8669,-0.77114296,1.7472382
2020-01-02 09:00:00,273.15033,257.99402,-0.70939445,1.7501984
2020-01-02 10:00:00,272.36298,257.92145,-0.60604477,1.916748
2020-01-02 11:00:00,269.71103,257.12527,-0.64572144,2.3611145
2020-01-02 12:00:00,267.0846,255.67393,-0.82714844,2.7632904
2020-01-02 13:00:00,266.0537,254.85207,-0.9374161,2.914322
2020-01-02 14:00:00,265.97095,254.7079,-0.9048462,2.937317
2020-01-02 15:00:00,265.5379,254.36462,-0.9419861,3.0079346
2020-01-02 16:00:00,265.23004,254.16592,-1.0314903,3.0469055
2020-01-02 17:00:00,265.50314,254.39522,-0.9214268,2.9770203
2020-01-02 18:00:00,265.71738,254.60388,-0.743412,2.9039307
2020-01-02 19:00:00,265.358,255.64561,-0.7729645,3.0828552
2020-01-02 20:00:00,265.96356,256.1632,-0.85209656,2.8858948
2020-01-02 21:00:00,266.44455,256.82382,-0.7752533,2.7532196
2020-01-02 22:00:00,266.8941,257.26892,-0.6731262,2.6173248
2020-01-02 23:00:00,267.3222,257.61658,-0.52760315,2.4879913
2020-01-03 00:00:00,267.47186,257.8054,-0.5510864,2.4042206
2020-01-03 01:00:00,266.951,257.61362,-0.63998413,2.4238434
2020-01-03 02:00:00,267.0094,257.59116,-0.63157654,2.348297
2020-01-03 03:00:00,266.63544,257.58228,-0.68515015,2.375824
2020-01-03 04:00:00,266.70148,257.82062,-0.7431793,2.33786
2020-01-03 05:00:00,269.4234,258.8067,-0.6099243,1.849762
2020-01-03 06:00:00,271.92316,259.7279,-0.396698,1.1143951
2020-01-03 07:00:00,271.3836,259.88843,-0.015319824,0.7816925
2020-01-03 08:00:00,271.4646,260.56232,-0.12654114,0.702652
2020-01-03 09:00:00,271.40753,261.1702,-0.05870056,0.52386475
2020-01-03 10:00:00,271.03015,261.8235,-0.14534283,0.71395874
2020-01-03 11:00:00,270.5727,262.26672,-0.20195961,1.1231232
2020-01-03 12:00:00,269.4569,262.26233,-0.22757912,1.3621216
2020-01-03 13:00:00,268.38348,262.06586,-0.366992,1.5592499
2020-01-03 14:00:00,267.5036,261.72733,-0.47277832,1.7323608
2020-01-03 15:00:00,267.3604,261.70825,-0.48213196,1.7394714
2020-01-03 16:00:00,267.1939,261.77475,-0.504303,1.7667084
2020-01-03 17:00:00,267.1636,261.85434,-0.53630066,1.7697754
2020-01-03 18:00:00,267.4206,261.9268,-0.5018463,1.713913
2020-01-03 19:00:00,268.10724,261.5937,-0.3831787,1.688324
2020-01-03 20:00:00,267.71283,261.208,-0.47776794,1.7073975
2020-01-03 21:00:00,267.4121,260.90356,-0.59088135,1.7078552
2020-01-03 22:00:00,266.8455,260.50357,-0.60598755,1.7904205
2020-01-03 23:00:00,266.4359,260.10883,-0.6164551,1.8446503
2020-01-04 00:00:00,266.69067,260.03067,-0.61253357,1.7774963
2020-01-04 01:00:00,267.21185,260.3612,-0.6179962,1.7005157
2020-01-04 02:00:00,266.94415,260.34674,-0.5596924,1.7501678
2020-01-04 03:00:00,266.75348,260.34753,-0.53012085,1.7776031
2020-01-04 04:00:00,267.68298,260.79108,-0.47660828,1.6215973
2020-01-04 05:00:00,269.67242,261.64923,-0.47232056,1.261734
2020-01-04 06:00:00,270.12598,262.24957,-0.4359131,1.0151672
2020-01-04 07:00:00,270.64444,262.95673,-0.21206665,0.67123413
2020-01-04 08:00:00,270.91217,263.3775,-0.18571472,0.3746338
2020-01-04 09:00:00,270.7339,263.6092,-0.22631836,0.3791504
2020-01-04 10:00:00,270.28024,263.1447,-0.46810913,0.8547821
2020-01-04 11:00:00,269.14276,261.84647,-0.41282654,1.3404541
2020-01-04 12:00:00,267.37415,260.01227,-0.58836365,1.7376766
2020-01-04 13:00:00,265.77112,257.85278,-0.6255951,2.0517616
2020-01-04 14:00:00,264.71143,255.82614,-0.64479065,2.2602615
2020-01-04 15:00:00,263.86313,254.69556,-0.77882385,2.4443817
2020-01-04 16:00:00,263.40717,255.00334,-0.90667725,2.559082
2020-01-04 17:00:00,262.91266,255.02104,-1.1293945,2.7296753
2020-01-04 18:00:00,262.45053,254.7453,-1.260788,3.0019073
2020-01-04 19:00:00,262.89624,254.43056,-1.0444641,3.0107384
2020-01-04 20:00:00,263.24304,254.43138,-1.0952454,2.825695
2020-01-04 21:00:00,262.3057,253.98024,-1.1442261,2.9858341
2020-01-04 22:00:00,261.77576,253.9082,-1.0710297,3.0629644
2020-01-04 23:00:00,261.14453,253.39062,-1.0685053,3.1357422
2020-01-05 00:00:00,260.45465,252.9514,-1.1640749,3.2142944
2020-01-05 01:00:00,259.90073,252.62155,-1.254508,3.2914429
2020-01-05 02:00:00,259.40054,252.26984,-1.279192,3.3744202
2020-01-05 03:00:00,259.19308,251.89275,-1.2912312,3.4511032
2020-01-05 04:00:00,260.93494,252.673,-1.2065344,3.1833858
2020-01-05 05:00:00,263.88147,253.84512,-1.0822144,2.6385212
2020-01-05 06:00:00,266.39822,254.78436,-1.0650177,2.198944
2020-01-05 07:00:00,268.89203,256.05814,-0.832016,1.8181763
2020-01-05 08:00:00,271.78473,256.38754,-0.7568207,1.2602692
2020-01-05 09:00:00,271.76868,257.18097,-0.8694458,1.2051239
2020-01-05 10:00:00,270.64337,257.64978,-0.85279846,1.4505157
2020-01-05 11:00:00,268.2163,257.14944,-0.86564636,1.9559631
2020-01-05 12:00:00,266.2458,255.91356,-0.89445496,2.302185
2020-01-05 13:00:00,264.53247,254.84149,-0.83255005,2.596756
2020-01-05 14:00:00,263.09885,254.08539,-0.84524345,2.8357697
2020-01-05 15:00:00,261.6163,253.44572,-0.92781067,3.0731506
2020-01-05 16:00:00,260.73172,253.02863,-1.0404854,3.2056427
2020-01-05 17:00:00,260.5123,252.81882,-1.1138153,3.2244873
2020-01-05 18:00:00,260.15784,252.47536,-1.1657085,3.2631683
2020-01-05 19:00:00,261.58606,252.35762,-0.89345264,3.075592
2020-01-05 20:00:00,261.40927,252.11003,-0.96417236,3.0609894
2020-01-05 21:00:00,260.8288,251.69275,-1.0049324,3.178833
2020-01-05 22:00:00,260.2215,251.4318,-1.0516682,3.3014526
2020-01-05 23:00:00,260.02737,251.47696,-1.0264912,3.3525848
2020-01-06 00:00:00,260.16,251.54382,-1.0426588,3.3340607
2020-01-06 01:00:00,260.12204,251.38097,-1.0670252,3.3449402
2020-01-06 02:00:00,260.11472,251.3911,-1.0808535,3.3616943
2020-01-06 03:00:00,260.48438,251.69305,-1.0663519,3.3098602
2020-01-06 04:00:00,263.01968,253.08466,-0.9637518,2.866211
2020-01-06 05:00:00,265.5652,254.83897,-0.8536053,2.4244843
2020-01-06 06:00:00,267.37213,256.11572,-0.76649666,2.1000824
2020-01-06 07:00:00,269.0564,258.2198,-0.61531067,1.8370056
2020-01-06 08:00:00,270.8496,258.62756,-0.547348,1.5310822
2020-01-06 09:00:00,271.4378,258.7328,-0.4552002,1.4457855
2020-01-06 10:00:00,271.22055,258.79114,-0.27230835,1.5092621
2020-01-06 11:00:00,269.34695,258.56534,-0.1953888,1.898819
2020-01-06 12:00:00,268.00232,257.7671,-0.2566223,2.134018
2020-01-06 13:00:00,265.98163,256.73334,-0.42263794,2.416916
2020-01-06 14:00:00,265.47174,256.6391,-0.32165527,2.5012665
2020-01-06 15:00:00,266.06738,257.82532,-0.23577881,2.367508
2020-01-06 16:00:00,266.0476,258.73108,-0.30351257,2.3296814
2020-01-06 17:00:00,266.10248,259.18042,-0.39198303,2.253479
2020-01-06 18:00:00,265.35214,258.89407,-0.5641022,2.341446
2020-01-06 19:00:00,266.26508,259.08582,-0.4911499,2.2816467
2020-01-06 20:00:00,265.53528,258.65204,-0.5260773,2.3297424
2020-01-06 21:00:00,264.50458,257.78534,-0.65737915,2.4241486
2020-01-06 22:00:00,264.01334,257.20605,-0.6750183,2.4474945
2020-01-06 23:00:00,263.96536,256.66418,-0.6911316,2.3852234
2020-01-07 00:00:00,264.8341,256.5345,-0.65234375,2.1663208
2020-01-07 01:00:00,264.96317,255.96309,-0.6302185,1.9785156
2020-01-07 02:00:00,265.33118,255.80527,-0.6175537,1.8315582
2020-01-07 03:00:00,264.6702,255.73972,-0.7113342,1.835495
2020-01-07 04:00:00,265.30682,256.17416,-0.7462158,1.6746368
2020-01-07 05:00:00,266.714,257.4465,-0.76708984,1.2293854
2020-01-07 06:00:00,267.60278,258.56848,-0.68182373,0.7914734
2020-01-07 07:00:00,267.761,259.5478,-0.40776062,0.4490509
2020-01-07 08:00:00,267.7665,260.46234,-0.40916443,0.31985474
2020-01-07 09:00:00,267.67694,260.96445,-0.46559143,0.20462036
2020-01-07 10:00:00,267.33893,261.04218,-0.49282837,0.6112366
2020-01-07 11:00:00,266.86365,260.7259,-0.47601318,0.9030762
2020-01-07 12:00:00,265.59888,259.99118,-0.5282593,1.2739716
2020-01-07 13:00:00,264.7093,259.7072,-0.57533264,1.4472961
2020-01-07 14:00:00,264.46802,259.68408,-0.58262634,1.5309906
2020-01-07 15:00:00,263.26562,258.51324,-0.6707916,1.7248688
2020-01-07 16:00:00,261.95862,257.32425,-0.7423401,1.9802704
2020-01-07 17:00:00,261.66425,257.22687,-0.7375183,2.0419312
2020-01-07 18:00:00,262.36368,257.72943,-0.66134644,1.9151306
2020-01-07 19:00:00,263.33667,258.56866,-0.44459534,1.8207092
2020-01-07 20:00:00,263.41064,258.27454,-0.4750061,1.7577057
2020-01-07 21:00:00,263.02527,258.07874,-0.46796417,1.830658
2020-01-07 22:00:00,262.4114,257.46582,-0.48339844,1.9099884
2020-01-07 23:00:00,262.305,257.26257,-0.4338417,1.90802
2020-01-08 00:00:00,262.17746,256.80148,-0.4436798,1.931961
2020-01-08 01:00:00,261.98544,256.48816,-0.45365906,1.9684296
2020-01-08 02:00:00,261.73978,256.3216,-0.5016937,1.9775543
2020-01-08 03:00:00,261.97174,256.2746,-0.46676636,1.9025726
2020-01-08 04:00:00,263.39526,256.926,-0.36860657,1.6364746
2020-01-08 05:00:00,265.4305,257.99405,-0.2046051,1.1714935
2020-01-08 06:00:00,265.826,258.8778,-0.03277588,0.82762146
2020-01-08 07:00:00,266.3587,259.1931,-0.010696411,0.5241699
2020-01-08 08:00:00,266.7407,259.79675,0.046875,0.18328857
2020-01-08 09:00:00,266.805,260.03436,0.08898926,-0.060256958
2020-01-08 10:00:00,266.49353,260.1576,0.121536255,0.18217468
2020-01-08 11:00:00,266.03442,260.32294,0.07702637,0.53627014
2020-01-08 12:00:00,265.66275,260.17328,0.071762085,0.79341125
2020-01-08 13:00:00,265.43066,260.01086,0.100875854,0.9496002
2020-01-08 14:00:00,265.15686,259.62482,0.039367676,1.1052246
2020-01-08 15:00:00,264.95178,259.22656,0.03340149,1.2197723
2020-01-08 16:00:00,264.76715,258.70303,-0.08004761,1.2737122
2020-01-08 17:00:00,264.00446,257.85724,-0.20170593,1.4916687
2020-01-08 18:00:00,263.8373,257.10486,-0.21243286,1.5491791
2020-01-08 19:00:00,262.3981,255.19467,-0.32862854,1.9120178
2020-01-08 20:00:00,262.1978,254.41028,-0.41184998,1.9697876
2020-01-08 21:00:00,261.06064,253.54985,-0.5363922,2.115265
2020-01-08 22:00:00,260.16168,252.84734,-0.6140442,2.2576141
2020-01-08 23:00:00,260.03177,252.65569,-0.60440063,2.245819
2020-01-09 00:00:00,259.7637,252.35645,-0.6437073,2.2771301
2020-01-09 01:00:00,259.57928,252.05672,-0.64904785,2.3416443
2020-01-09 02:00:00,259.00964,251.65756,-0.7027283,2.4154968
2020-01-09 03:00:00,258.4723,251.31026,-0.75239563,2.4968414
2020-01-09 04:00:00,259.94623,251.94708,-0.703598,2.2499695
2020-01-09 05:00:00,262.5102,253.3306,-0.61761475,1.8347778
2020-01-09 06:00:00,265.24475,254.67717,-0.4698639,1.3353729
2020-01-09 07:00:00,266.2694,256.0188,-0.2857666,1.0001373
2020-01-09 08:00:00,266.71524,257.04706,-0.17518616,0.74154663
2020-01-09 09:00:00,266.7763,257.70178,-0.17512512,0.8220978
2020-01-09 10:00:00,266.54337,257.9704,-0.1242218,1.1538544
2020-01-09 11:00:00,265.91263,257.68542,-0.07141113,1.4916992
2020-01-09 12:00:00,264.11346,256.61136,-0.14172363,1.8819275
2020-01-09 13:00:00,263.69373,255.76736,-0.21421814,1.9531555
2020-01-09 14:00:00,263.4735,254.99811,-0.30340576,2.0071564
2020-01-09 15:00:00,263.62946,254.53291,-0.38264465,1.9781647
2020-01-09 16:00:00,263.62735,254.08398,-0.41337585,1.989502
2020-01-09 17:00:00,263.10376,253.53133,-0.42160034,2.10112
2020-01-09 18:00:00,262.96472,253.02158,-0.36166382,2.16214
2020-01-09 19:00:00,263.20193,252.9299,-0.3720398,2.1176147
2020-01-09 20:00:00,263.11386,252.98459,-0.37982178,2.1583405
2020-01-09 21:00:00,262.2951,252.52339,-0.42913818,2.3253632
2020-01-09 22:00:00,261.94983,252.16475,-0.4650421,2.423355
2020-01-09 23:00:00,261.95663,251.85854,-0.47061157,2.4443665
2020-01-10 00:00:00,261.5963,251.48325,-0.48753357,2.5364838
2020-01-10 01:00:00,261.06705,251.0915,-0.5505676,2.680832
2020-01-10 02:00:00,261.1079,250.86925,-0.61460876,2.7042694
2020-01-10 03:00:00,261.62332,250.84552,-0.61172485,2.6696625
2020-01-10 04:00:00,263.6063,251.8219,-0.56069946,2.3996735
2020-01-10 05:00:00,266.09467,253.19835,-0.46879578,2.046692
2020-01-10 06:00:00,267.14825,254.61772,-0.42941284,1.8664856
2020-01-10 07:00:00,269.32056,256.4563,-0.27278137,1.4610443
2020-01-10 08:00:00,268.776,258.2209,-0.24066162,1.4530792
2020-01-10 09:00:00,268.69495,259.0893,-0.24572754,1.5617676
2020-01-10 10:00:00,269.20087,259.578,-0.24731445,1.6123962
2020-01-10 11:00:00,268.56186,259.51938,-0.3225708,1.87117
2020-01-10 12:00:00,268.21655,258.9025,-0.3631897,1.9924469
2020-01-10 13:00:00,268.17322,258.44604,-0.36454773,2.0341644
2020-01-10 14:00:00,267.68164,257.97537,-0.38806152,2.176178
2020-01-10 15:00:00,267.22028,257.64246,-0.42585754,2.2948608
2020-01-10 16:00:00,266.3048,257.07986,-0.55885315,2.4773254
2020-01-10 17:00:00,265.13614,256.47662,-0.6861267,2.7183838
2020-01-10 18:00:00,264.8515,256.08252,-0.69781494,2.780365
2020-01-10 19:00:00,264.47577,255.60204,-0.6510773,2.9817047
2020-01-10 20:00:00,263.76117,255.16402,-0.79626465,3.1003723
2020-01-10 21:00:00,262.92743,254.81462,-0.9290161,3.2716827
2020-01-10 22:00:00,263.83228,254.90395,-0.90379333,3.050171
2020-01-10 23:00:00,264.41687,255.0693,-0.8379669,2.966339
2020-01-11 00:00:00,265.33984,255.20972,-0.81921387,2.7598724
2020-01-11 01:00:00,265.35034,255.27551,-0.91877747,2.7650604
2020-01-11 02:00:00,264.30328,254.81325,-1.1106873,2.930542
2020-01-11 03:00:00,263.2594,254.31389,-1.2637634,3.2085724
2020-01-11 04:00:00,264.4425,254.72052,-1.2145538,2.984604
2020-01-11 05:00:00,267.20563,256.0817,-1.0998077,2.472641
2020-01-11 06:00:00,270.2472,257.65662,-0.9011078,1.9908295
2020-01-11 07:00:00,270.0018,260.37903,-1.0076599,2.0144958
2020-01-11 08:00:00,271.12045,261.61475,-1.0280914,1.7102203
2020-01-11 09:00:00,271.31415,262.24713,-1.1493988,1.6883698
2020-01-11 10:00:00,270.66333,262.25226,-1.1755676,1.8804626
2020-01-11 11:00:00,269.14005,260.95477,-1.219284,2.2137299
2020-01-11 12:00:00,267.01782,259.13788,-1.3029022,2.6265106
2020-01-11 13:00:00,265.98825,258.3141,-1.3240356,2.8892975
2020-01-11 14:00:00,265.42578,257.8616,-1.1983795,2.9419098
2020-01-11 15:00:00,265.47247,257.73065,-1.0844116,2.8974
2020-01-11 16:00:00,265.73645,257.75592,-1.0287018,2.8827515
2020-01-11 17:00:00,265.83374,258.11273,-0.9468231,2.901764
2020-01-11 18:00:00,265.53812,258.00616,-0.9589386,2.9668732
2020-01-11 19:00:00,265.6943,258.1162,-0.92037964,3.0282288
2020-01-11 20:00:00,265.5351,257.75928,-0.7575073,2.9857178
2020-01-11 21:00:00,265.34598,257.75287,-0.816864,3.0224762
2020-01-11 22:00:00,266.14124,258.70975,-0.7151184,2.8823395
2020-01-11 23:00:00,267.12894,259.4015,-0.5167389,2.6566467
2020-01-12 00:00:00,267.80484,260.0661,-0.4875183,2.484604
2020-01-12 01:00:00,267.2071,260.00967,-0.45561218,2.422638
2020-01-12 02:00:00,267.01654,260.29984,-0.5088959,2.4317474
2020-01-12 03:00:00,267.0077,260.3155,-0.6517029,2.387619
2020-01-12 04:00:00,267.87036,260.575,-0.479599,2.206543
2020-01-12 05:00:00,269.97595,261.78543,-0.29127502,1.7618103
2020-01-12 06:00:00,271.353,263.52856,-0.2987976,1.4143829
2020-01-12 07:00:00,272.68237,265.67352,-0.013934135,0.98254395
2020-01-12 08:00:00,272.78253,267.02667,-0.052182198,0.8441467
2020-01-12 09:00:00,272.8419,267.32916,-0.1902132,0.7804718
2020-01-12 10:00:00,272.37555,266.9805,-0.25958443,0.9454498
2020-01-12 11:00:00,271.41528,266.2522,-0.2374115,1.3036346
2020-01-12 12:00:00,271.01764,265.51172,-0.2703514,1.4664764
2020-01-12 13:00:00,270.91382,265.01514,-0.30786133,1.4602356
2020-01-12 14:00:00,270.69342,264.58252,-0.25480652,1.4765167
2020-01-12 15:00:00,270.57886,264.42645,-0.18597412,1.4547882
2020-01-12 16:00:00,269.40637,263.9206,-0.24484253,1.6313324
2020-01-12 17:00:00,268.65344,263.73248,-0.473114,1.740509
2020-01-12 18:00:00,269.07428,264.08063,-0.2773285,1.6348724
2020-01-12 19:00:00,270.74927,264.68152,-0.19198608,1.4289551
2020-01-12 20:00:00,270.52048,265.12158,-0.2962036,1.3453522
2020-01-12 21:00:00,269.78357,265.3086,-0.41905212,1.3750916
2020-01-12 22:00:00,269.34705,265.33234,-0.38145447,1.4496756
2020-01-12 23:00:00,269.82593,265.59918,-0.13427734,1.3454742
2020-01-13 00:00:00,270.1316,266.0409,-0.12081909,1.1942902
2020-01-13 01:00:00,268.885,265.57376,-0.1429596,1.29776
2020-01-13 02:00:00,268.877,265.77386,-0.0027313232,1.2688751
2020-01-13 03:00:00,268.90826,265.88684,-0.043701172,1.2430878
2020-01-13 04:00:00,269.69897,266.55896,-0.014923096,0.8967743
2020-01-13 05:00:00,270.03134,267.25055,-0.049484253,0.39646912
2020-01-13 06:00:00,270.25586,267.63602,0.0042877197,0.119262695
2020-01-13 07:00:00,270.09433,267.7385,0.3096161,-0.19981384
2020-01-13 08:00:00,269.9403,267.93054,0.32658386,-0.37301636
2020-01-13 09:00:00,269.66766,268.11368,0.44285583,-0.47634888
2020-01-13 10:00:00,269.53912,268.10214,0.64138794,-0.61509705
2020-01-13 11:00:00,268.93567,268.03485,0.50112915,-0.40872192
2020-01-13 12:00:00,268.78003,267.94138,0.18687439,0.037521362
2020-01-13 13:00:00,268.65295,267.78156,0.06738281,0.27514267
2020-01-13 14:00:00,268.49652,267.57526,-0.029373169,0.20024395
2020-01-13 15:00:00,268.28424,267.3644,-0.07722473,0.17401695
2020-01-13 16:00:00,268.07324,267.0971,-0.14891052,0.17566872
2020-01-13 17:00:00,267.80945,266.83002,-0.040145874,0.10102272
2020-01-13 18:00:00,267.513,266.62527,-0.08287048,0.26013756
2020-01-13 19:00:00,267.03906,265.9124,0.060638428,0.0718317
2020-01-13 20:00:00,266.8769,265.70163,-0.020309448,-0.032110214
2020-01-13 21:00:00,266.67896,265.4466,0.04536438,-0.06669617
2020-01-13 22:00:00,266.3486,265.284,0.06088257,0.03491211
2020-01-13 23:00:00,266.05585,265.12375,0.086868286,-0.017318726
2020-01-14 00:00:00,265.87756,264.94983,0.06788635,0.034576416
2020-01-14 01:00:00,265.75955,264.81323,0.010604858,0.22491455
2020-01-14 02:00:00,265.78107,264.50262,-0.06587219,0.36705017
2020-01-14 03:00:00,265.73297,264.0962,-0.2531128,0.5793152
2020-01-14 04:00:00,266.10895,263.87158,-0.27563477,0.24208069
2020-01-14 05:00:00,266.5193,264.01224,-0.2830963,-0.104904175
2020-01-14 06:00:00,266.77057,264.38806,-0.14691162,-0.4543152
2020-01-14 07:00:00,266.70718,264.7505,0.4053955,-0.72880554
2020-01-14 08:00:00,266.9461,265.0926,0.2985077,-0.48579407
2020-01-14 09:00:00,267.11475,265.47864,0.2858429,-0.39546204
2020-01-14 10:00:00,267.07422,265.65402,0.13809204,-0.35716248
2020-01-14 11:00:00,266.89417,265.53012,0.017120361,0.116622925
2020-01-14 12:00:00,266.53125,265.1936,-0.020187378,0.44891357
2020-01-14 13:00:00,266.2966,264.6809,-0.05029297,0.5958557
2020-01-14 14:00:00,266.10492,264.11017,-0.14498901,0.7550354
2020-01-14 15:00:00,266.05048,263.5838,-0.14561462,0.8583069
2020-01-14 16:00:00,266.16846,263.14774,-0.09391785,0.79304504
2020-01-14 17:00:00,266.06558,262.63373,-0.2272644,1.0467682
2020-01-14 18:00:00,266.29352,262.2276,-0.30541992,1.0436707
2020-01-14 19:00:00,266.1338,261.77972,-0.17552185,1.0808105
2020-01-14 20:00:00,266.0926,261.4887,-0.28411865,1.2081299
2020-01-14 21:00:00,266.3044,261.11877,-0.3180542,1.2701874
2020-01-14 22:00:00,265.86115,260.39133,-0.38902283,1.494461
2020-01-14 23:00:00,265.11658,259.5185,-0.36695862,1.652298
2020-01-15 00:00:00,264.28668,258.59256,-0.46746826,1.7920074
2020-01-15 01:00:00,263.97736,258.22443,-0.5570679,1.9411469
2020-01-15 02:00:00,263.7577,257.76178,-0.5387573,1.9729462
2020-01-15 03:00:00,264.08032,257.83136,-0.484375,1.9341583
2020-01-15 04:00:00,265.787,258.78152,-0.4451294,1.6630096
2020-01-15 05:00:00,267.37558,259.51212,-0.39671326,1.2156525
2020-01-15 06:00:00,268.26974,260.11536,-0.13952637,0.52212524
2020-01-15 07:00:00,268.66827,260.85294,0.25610352,-0.2467041
2020-01-15 08:00:00,268.5833,261.26593,0.2851715,-0.17048645
2020-01-15 09:00:00,268.5804,261.6193,0.28579712,-0.18317795
2020-01-15 10:00:00,268.39822,261.87915,0.26593018,0.06917763
2020-01-15 11:00:00,267.97662,261.91785,0.18141174,0.60794735
2020-01-15 12:00:00,267.6114,261.88025,0.12675476,0.91664886
2020-01-15 13:00:00,267.49393,262.2276,0.1513977,0.9385681
2020-01-15 14:00:00,267.23645,262.87262,0.27816772,0.9073181
2020-01-15 15:00:00,267.0711,263.79242,0.537796,0.7756672
2020-01-15 16:00:00,266.74957,264.44366,0.5439148,0.9514332
2020-01-15 17:00:00,266.70874,264.46875,0.29016113,1.0128613
2020-01-15 18:00:00,266.5201,264.07886,0.016662598,1.1301746
2020-01-15 19:00:00,266.534,263.19687,-0.14015198,1.1358662
2020-01-15 20:00:00,266.63513,263.06567,-0.08779907,0.9914112
2020-01-15 21:00:00,266.52292,262.64752,-0.040130615,0.8345661
2020-01-15 22:00:00,266.19452,262.05478,-0.08822632,0.9179573
2020-01-15 23:00:00,263.55896,260.3156,-0.40890503,1.6083317
2020-01-16 00:00:00,264.30032,259.57874,-0.4570923,1.5339622
2020-01-16 01:00:00,265.64905,259.2023,-0.46546936,1.34128
2020-01-16 02:00:00,265.74008,258.7929,-0.46492004,1.2084217
2020-01-16 03:00:00,265.58838,258.32855,-0.45655823,1.216444
2020-01-16 04:00:00,265.72092,258.33243,-0.39317322,0.85758114
2020-01-16 05:00:00,265.8907,259.07758,-0.25120544,0.39685822
2020-01-16 06:00:00,266.26013,260.2729,-0.07463074,-0.10616779
2020-01-16 07:00:00,265.2776,262.6208,0.29899597,-0.66880417
2020-01-16 08:00:00,265.32416,263.6767,0.2184906,-0.62721825
2020-01-16 09:00:00,265.32153,264.01038,0.269104,-0.6566982
2020-01-16 10:00:00,265.38647,264.36267,0.23641968,-0.46072578
2020-01-16 11:00:00,265.2093,264.39215,0.22738647,-0.18982124
2020-01-16 12:00:00,264.9051,264.00812,0.10899353,0.14765549
2020-01-16 13:00:00,264.69745,263.4811,0.1376648,0.28181458
2020-01-16 14:00:00,264.4762,262.961,0.18807983,0.41099548
2020-01-16 15:00:00,264.16965,262.39044,0.1481018,0.6792908
2020-01-16 16:00:00,264.35864,261.8861,0.25587463,0.6612148
2020-01-16 17:00:00,264.4297,261.5417,0.32299805,0.6218052
2020-01-16 18:00:00,264.37738,261.1406,0.28447723,0.6634674
2020-01-16 19:00:00,264.1594,259.59198,0.06741333,1.1349506
2020-01-16 20:00:00,264.081,258.54462,0.042181015,1.2385082
2020-01-16 21:00:00,263.77225,257.49298,-0.1551733,1.596735
2020-01-16 22:00:00,262.08527,255.97801,-0.34636116,1.8919296
2020-01-16 23:00:00,260.84518,254.66835,-0.459013,2.1038322
2020-01-17 00:00:00,259.8324,253.44844,-0.56443214,2.2509394
2020-01-17 01:00:00,258.8546,252.29883,-0.6877394,2.4387646
2020-01-17 02:00:00,257.9603,251.07541,-0.80688095,2.6394978
2020-01-17 03:00:00,257.46347,250.27654,-0.8571148,2.7901306
2020-01-17 04:00:00,258.57147,250.38673,-0.8464565,2.6682463
2020-01-17 05:00:00,260.79865,251.27231,-0.77591896,2.3770294
2020-01-17 06:00:00,264.2833,252.35405,-0.6494999,1.9241505
2020-01-17 07:00:00,267.50247,252.93985,-0.544569,1.1468239
2020-01-17 08:00:00,268.11816,253.24425,-0.56409454,0.8043003
2020-01-17 09:00:00,268.34265,253.54817,-0.3836155,0.7311554
2020-01-17 10:00:00,268.1723,254.01076,-0.3599062,1.1055298
2020-01-17 11:00:00,267.0109,253.74493,-0.42765617,1.798996
2020-01-17 12:00:00,263.17865,252.52187,-0.60280514,2.3957672
2020-01-17 13:00:00,261.26886,251.32953,-0.76477814,2.697937
2020-01-17 14:00:00,260.1039,250.3084,-0.93434525,2.9021606
2020-01-17 15:00:00,259.60504,249.58098,-0.993227,2.9879456
2020-01-17 16:00:00,259.75012,249.16777,-0.9824562,2.9513245
2020-01-17 17:00:00,260.03265,248.84334,-0.9460983,2.8856049
2020-01-17 18:00:00,260.15726,248.51682,-0.91088676,2.8878937
2020-01-17 19:00:00,260.06293,247.4439,-0.91333485,3.0661926
2020-01-17 20:00:00,260.42334,247.66873,-0.964262,2.9227295
2020-01-17 21:00:00,260.7473,247.93742,-0.9639797,2.852066
2020-01-17 22:00:00,260.84442,248.08443,-0.92435265,2.8588562
2020-01-17 23:00:00,260.75714,248.05421,-0.87938213,2.8881073
2020-01-18 00:00:00,260.4563,248.00003,-0.8894701,2.9387512
2020-01-18 01:00:00,259.91006,247.56834,-0.9048767,2.9705048
2020-01-18 02:00:00,259.77386,247.43532,-0.92601013,3.0015106
2020-01-18 03:00:00,259.8526,247.41104,-0.9085541,3.0233612
2020-01-18 04:00:00,261.68655,248.2305,-0.85112,2.7501526
2020-01-18 05:00:00,264.16357,249.44691,-0.74638367,2.3323975
2020-01-18 06:00:00,266.23105,250.92767,-0.7562103,2.0127563
2020-01-18 07:00:00,269.547,252.82384,-0.71458435,1.6377716
2020-01-18 08:00:00,270.81952,253.47086,-0.7931824,1.1911011
2020-01-18 09:00:00,270.9431,254.08209,-0.89126587,1.2189178
2020-01-18 10:00:00,270.17355,254.40253,-0.9030609,1.4401903
2020-01-18 11:00:00,268.32336,254.25287,-0.8656616,1.8504095
2020-01-18 12:00:00,266.92255,253.44182,-0.888443,2.1200619
2020-01-18 13:00:00,265.0852,252.59325,-0.8912506,2.4017792
2020-01-18 14:00:00,263.68365,251.95229,-0.9359131,2.6287842
2020-01-18 15:00:00,262.61942,251.56679,-0.96733093,2.8128662
2020-01-18 16:00:00,261.87805,251.39444,-0.99913025,2.9488983
2020-01-18 17:00:00,261.42365,251.36021,-1.0223999,3.044464
2020-01-18 18:00:00,261.0625,251.35294,-1.0260925,3.135666
2020-01-18 19:00:00,261.99475,252.76434,-1.0311584,3.1052094
2020-01-18 20:00:00,261.7411,252.91154,-1.0339203,3.1458588
2020-01-18 21:00:00,261.6692,252.9409,-1.0207672,3.2135448
2020-01-18 22:00:00,261.63602,252.82887,-1.0193024,3.2632961
2020-01-18 23:00:00,261.42578,252.55992,-1.0504303,3.3372383
2020-01-19 00:00:00,261.49646,252.21533,-1.0448608,3.3288193
2020-01-19 01:00:00,262.2072,252.3084,-0.92785645,3.2543488
2020-01-19 02:00:00,262.2771,252.30042,-0.8271332,3.2486725
2020-01-19 03:00:00,262.7702,252.60963,-0.8039398,3.194641
2020-01-19 04:00:00,265.184,253.82881,-0.73349,2.8334656
2020-01-19 05:00:00,267.41003,255.19792,-0.74142456,2.4545288
2020-01-19 06:00:00,269.34625,256.67007,-0.70114136,2.164978
2020-01-19 07:00:00,272.67938,259.90894,-0.5253906,1.7110443
2020-01-19 08:00:00,273.86807,260.37714,-0.42037964,1.3635883
2020-01-19 09:00:00,273.8723,260.57462,-0.3304901,1.3797054
2020-01-19 10:00:00,273.73367,260.3623,-0.059020996,1.380044
2020-01-19 11:00:00,272.7934,260.03192,0.07165527,1.7161436
2020-01-19 12:00:00,269.8258,259.2761,-0.13591003,2.21941
2020-01-19 13:00:00,268.39493,259.17197,-0.22692871,2.4471922
2020-01-19 14:00:00,267.12454,258.78113,-0.32217407,2.6266508
2020-01-19 15:00:00,265.78018,257.15436,-0.51867676,2.785553
2020-01-19 16:00:00,264.80933,255.52728,-0.63790894,2.908371
2020-01-19 17:00:00,264.65588,254.97786,-0.6917114,2.8829956
2020-01-19 18:00:00,265.0146,254.77917,-0.6683197,2.7334442
2020-01-19 19:00:00,267.0849,255.57452,-0.25912476,2.392703
2020-01-19 20:00:00,266.55103,255.43645,-0.30558777,2.3378773
2020-01-19 21:00:00,265.80762,255.02504,-0.39639282,2.3423843
2020-01-19 22:00:00,264.9622,254.66191,-0.5387268,2.3800812
2020-01-19 23:00:00,264.73016,254.56999,-0.62060547,2.333374
2020-01-20 00:00:00,264.30872,254.61044,-0.7051697,2.3325195
2020-01-20 01:00:00,263.93118,254.58867,-0.7260132,2.3238678
2020-01-20 02:00:00,263.81177,254.7048,-0.75741005,2.2629852
2020-01-20 03:00:00,264.219,255.08702,-0.73906326,2.0972137
2020-01-20 04:00:00,265.85217,255.82393,-0.63142586,1.7516022
2020-01-20 05:00:00,268.18286,256.88586,-0.4783163,1.2703552
2020-01-20 06:00:00,268.9251,258.22217,-0.125844,0.58940125
2020-01-20 07:00:00,269.2443,258.66803,0.074518204,0.020355225
2020-01-20 08:00:00,269.20117,259.21466,0.10367298,-0.33363342
2020-01-20 09:00:00,269.03705,259.7956,0.027704239,-0.32395935
2020-01-20 10:00:00,268.83826,260.31384,-0.024684906,-0.018508911
2020-01-20 11:00:00,268.37573,260.6674,-0.15703106,0.7521515
2020-01-20 12:00:00,267.43964,259.88785,-0.38695526,1.4719696
2020-01-20 13:00:00,265.0086,258.23413,-0.57497406,1.9034424
2020-01-20 14:00:00,263.7975,257.47147,-0.6857786,2.0895996
2020-01-20 15:00:00,263.3282,257.14832,-0.7238035,2.1605682
2020-01-20 16:00:00,262.7151,256.64203,-0.81085396,2.2752533
2020-01-20 17:00:00,262.34073,256.17105,-0.82152843,2.3689728
2020-01-20 18:00:00,261.97717,255.7189,-0.85252285,2.465683
2020-01-20 19:00:00,262.67514,254.08655,-0.72088623,2.4829407
2020-01-20 20:00:00,261.5482,253.31964,-0.779541,2.6266632
2020-01-20 21:00:00,260.56937,252.82486,-0.8117676,2.8035736
2020-01-20 22:00:00,259.62592,252.10875,-0.8524418,3.0020142
2020-01-20 23:00:00,259.69196,251.84726,-0.8376312,3.006607
2020-01-21 00:00:00,259.63705,251.63412,-0.86380005,3.0171661
2020-01-21 01:00:00,259.1584,251.27722,-0.906826,3.0561066
2020-01-21 02:00:00,259.61377,251.48155,-0.8705864,2.9623718
2020-01-21 03:00:00,260.52505,252.04442,-0.8074646,2.7831879
2020-01-21 04:00:00,262.968,253.36201,-0.67378235,2.3882904
2020-01-21 05:00:00,266.57944,255.13492,-0.52485657,1.8363953
2020-01-21 06:00:00,268.54694,255.94905,-0.4534645,1.4342041
2020-01-21 07:00:00,269.04028,256.77393,-0.07803345,0.70962524
2020-01-21 08:00:00,269.23016,257.94885,-0.12519836,0.35742188
2020-01-21 09:00:00,269.33643,258.63974,-0.10736084,0.34777832
2020-01-21 10:00:00,269.22052,258.94394,-0.12738037,0.65862846
2020-01-21 11:00:00,269.00433,259.03046,-0.11694336,0.98676205
2020-01-21 12:00:00,268.45575,259.07526,-0.20321655,1.4126883
2020-01-21 13:00:00,267.2388,258.96722,-0.31411743,1.6017466
2020-01-21 14:00:00,266.23453,258.89636,-0.39445496,1.7555084
2020-01-21 15:00:00,265.82556,259.11963,-0.40789795,1.7929621
2020-01-21 16:00:00,265.51306,259.32227,-0.423172,1.8184099
2020-01-21 17:00:00,265.64407,259.48206,-0.4557495,1.7863808
2020-01-21 18:00:00,265.8681,259.43378,-0.46946716,1.7303333
2020-01-21 19:00:00,265.57233,259.4123,-0.38739014,1.8631401
2020-01-21 20:00:00,265.64838,259.3344,-0.42088318,1.8131504
2020-01-21 21:00:00,264.91006,258.74347,-0.49943542,1.9349823
2020-01-21 22:00:00,264.35248,258.27078,-0.5715027,2.0423431
2020-01-21 23:00:00,264.3932,258.14874,-0.5910187,2.0139465
2020-01-22 00:00:00,264.13446,257.99426,-0.59740067,2.0532074
2020-01-22 01:00:00,264.16608,258.09088,-0.5713072,2.0839233
2020-01-22 02:00:00,263.54123,257.78595,-0.65867996,2.1851807
2020-01-22 03:00:00,263.57855,257.8177,-0.7691679,2.1679955
2020-01-22 04:00:00,265.47253,258.6657,-0.6455698,1.7486115
2020-01-22 05:00:00,268.5533,259.73315,-0.40460777,0.94647026
2020-01-22 06:00:00,269.0685,260.8949,-0.2951603,0.41093445
2020-01-22 07:00:00,269.27905,261.497,-0.18015957,0.37065125
2020-01-22 08:00:00,269.43048,261.9122,-0.22230053,-0.10084534
2020-01-22 09:00:00,269.1718,262.43976,-0.1259203,-0.103530884
2020-01-22 10:00:00,268.89532,263.0174,-0.019042015,0.07688522
2020-01-22 11:00:00,268.3515,263.35242,0.05470562,0.41656685
2020-01-22 12:00:00,267.80444,263.32837,-0.03624153,0.9364395
2020-01-22 13:00:00,267.1178,262.75446,-0.20556831,1.2101831
2020-01-22 14:00:00,266.73273,262.06384,-0.3052883,1.2811737
2020-01-22 15:00:00,266.51385,261.44373,-0.22974396,1.3220825
2020-01-22 16:00:00,265.88214,260.77798,-0.21003151,1.3768005
2020-01-22 17:00:00,264.35458,259.66095,-0.3796177,1.5915375
2020-01-22 18:00:00,263.20593,258.85706,-0.5444584,1.8748779
2020-01-22 19:00:00,263.68497,258.513,-0.7539177,1.8210602
2020-01-22 20:00:00,263.26785,257.33063,-0.8586731,1.8757477
2020-01-22 21:00:00,262.24652,256.45413,-1.0072937,2.1678772
2020-01-22 22:00:00,261.24356,256.02438,-1.1806793,2.4770966
2020-01-22 23:00:00,260.40778,255.08441,-1.2467499,2.8078156
2020-01-23 00:00:00,259.77167,254.13477,-1.2224426,3.078354
2020-01-23 01:00:00,259.7016,253.91487,-1.2741852,3.3171692
2020-01-23 02:00:00,259.65744,253.4208,-1.3641968,3.5846405
2020-01-23 03:00:00,260.36765,253.55489,-1.4124298,3.7258453
2020-01-23 04:00:00,262.06647,254.79205,-1.315979,3.5070496
2020-01-23 05:00:00,264.0556,256.4126,-1.1581573,3.011612
2020-01-23 06:00:00,266.8765,258.6507,-1.0410461,2.347229
2020-01-23 07:00:00,270.21924,260.5001,-0.9197693,1.7609406
2020-01-23 08:00:00,273.81396,260.0316,-1.0004578,0.96035767
2020-01-23 09:00:00,273.14417,259.8278,-1.0383453,1.060791
2020-01-23 10:00:00,272.52588,260.06567,-0.8576813,1.2929688
2020-01-23 11:00:00,270.04047,259.70667,-0.6796875,1.8670197
2020-01-23 12:00:00,267.2412,258.08624,-0.71868896,2.4119263
2020-01-23 13:00:00,264.46545,256.33517,-0.9253998,2.9289856
2020-01-23 14:00:00,263.05017,255.0864,-1.1440887,3.2744598
2020-01-23 15:00:00,262.56775,254.28299,-1.311554,3.5034027
2020-01-23 16:00:00,262.38544,253.8386,-1.3932953,3.6589355
2020-01-23 17:00:00,262.31253,253.69089,-1.4463959,3.7816925
2020-01-23 18:00:00,262.33804,253.72186,-1.4688873,3.8538818
2020-01-23 19:00:00,262.64444,254.57338,-1.3809967,3.9316406
2020-01-23 20:00:00,262.4956,254.33891,-1.4105682,3.8714752
2020-01-23 21:00:00,262.38116,254.07487,-1.4823303,3.9036407
2020-01-23 22:00:00,262.3374,253.83281,-1.4562378,3.9073029
2020-01-23 23:00:00,262.51868,253.74654,-1.3921356,3.8809662
2020-01-24 00:00:00,262.58643,253.46167,-1.4477234,3.9177704
2020-01-24 01:00:00,262.61703,253.21928,-1.5865326,4.037689
2020-01-24 02:00:00,262.9499,253.4069,-1.7959595,4.251007
2020-01-24 03:00:00,263.6068,254.26189,-1.8212128,4.327652
2020-01-24 04:00:00,265.4197,256.52917,-1.709259,4.0511627
2020-01-24 05:00:00,267.42368,259.11652,-1.5674896,3.5925293
2020-01-24 06:00:00,269.2099,261.6249,-1.3335876,3.108368
2020-01-24 07:00:00,270.96655,263.90594,-1.1063538,2.7208405
2020-01-24 08:00:00,272.05438,265.0326,-1.0798492,2.307907
2020-01-24 09:00:00,272.6494,265.4876,-1.1264954,2.3144073
2020-01-24 10:00:00,272.62683,265.4818,-1.0542603,2.5178986
2020-01-24 11:00:00,272.10657,265.0034,-0.7554779,2.6984863
2020-01-24 12:00:00,271.6772,264.49188,-0.26708984,2.7176056
2020-01-24 13:00:00,271.63574,263.299,0.539032,2.227417
2020-01-24 14:00:00,273.21088,262.98227,0.42001343,1.7067566
2020-01-24 15:00:00,272.14752,263.894,-0.42242432,1.7998047
2020-01-24 16:00:00,272.96088,264.9082,0.045562744,1.4726715
2020-01-24 17:00:00,270.2211,265.23325,-0.19996643,1.9606018
2020-01-24 18:00:00,269.45923,265.24756,-0.47343445,2.1634216
2020-01-24 19:00:00,271.35358,265.82523,-0.6710663,1.7434235
2020-01-24 20:00:00,270.77155,265.53406,-0.7889252,1.7854767
2020-01-24 21:00:00,271.328,265.6894,-0.66130066,1.6852722
2020-01-24 22:00:00,270.05005,264.6252,-0.51020813,1.9393158
2020-01-24 23:00:00,269.1195,263.5708,-0.5009918,2.0475616
2020-01-25 00:00:00,268.46637,262.83795,-0.6466675,2.0811768
2020-01-25 01:00:00,267.47614,261.92612,-0.82987976,2.1629333
2020-01-25 02:00:00,266.62378,260.94543,-0.9810333,2.2592468
2020-01-25 03:00:00,267.153,260.93042,-0.99394226,2.1514893
2020-01-25 04:00:00,268.90265,261.8294,-0.93637085,1.7780762
2020-01-25 05:00:00,271.3682,262.77325,-0.88046265,1.2206573
2020-01-25 06:00:00,272.96173,263.9781,-0.84783936,0.6912384
2020-01-25 07:00:00,272.83298,265.77325,-0.47810364,0.3633423
2020-01-25 08:00:00,272.9766,266.61618,-0.3666687,0.18156433
2020-01-25 09:00:00,273.21072,267.17905,-0.13955688,-0.14413452
2020-01-25 10:00:00,272.9229,267.46906,-0.07559204,0.20690727
2020-01-25 11:00:00,272.45172,267.35535,-0.24147034,0.80804443
2020-01-25 12:00:00,271.1577,266.30328,-0.43074036,1.4690704
2020-01-25 13:00:00,269.75494,264.8246,-0.4935913,1.7385864
2020-01-25 14:00:00,269.04495,264.09476,-0.40556335,1.8657532
2020-01-25 15:00:00,268.3407,263.45584,-0.4706421,1.9565887
2020-01-25 16:00:00,268.37778,263.572,-0.43260193,1.9175873
2020-01-25 17:00:00,269.1278,264.04922,-0.2706604,1.7472992
2020-01-25 18:00:00,269.75732,264.45728,-0.09275818,1.5821533
2020-01-25 19:00:00,270.2304,264.30542,-0.20837402,1.4669952
2020-01-25 20:00:00,270.39633,264.47293,-0.28660583,1.3591919
2020-01-25 21:00:00,270.30194,264.48462,-0.40519714,1.3448792
2020-01-25 22:00:00,270.0788,264.00128,-0.4469757,1.2715759
2020-01-25 23:00:00,269.6817,264.07242,-0.13616943,1.0131226
2020-01-26 00:00:00,269.3687,264.17523,-0.09051514,0.9395447
2020-01-26 01:00:00,268.4533,263.63794,-0.06503296,0.8972168
2020-01-26 02:00:00,267.95203,263.56503,0.01713562,0.69981384
2020-01-26 03:00:00,267.45367,263.3627,-0.07872009,0.78196716
2020-01-26 04:00:00,267.34003,263.31067,-0.11380005,0.7159424
2020-01-26 05:00:00,267.30237,262.99915,-0.27113342,0.9225769
2020-01-26 06:00:00,268.13104,263.92365,-0.16693115,0.40563965
2020-01-26 07:00:00,268.25146,265.2957,0.39930725,-0.17800903
2020-01-26 08:00:00,268.67026,265.13678,0.18867493,-0.0357666
2020-01-26 09:00:00,268.6517,265.71487,0.20748901,-0.14904785
2020-01-26 10:00:00,268.51544,265.9773,0.027832031,0.16705322
2020-01-26 11:00:00,268.27304,265.7447,-0.3188324,0.50413513
2020-01-26 12:00:00,267.90894,264.46304,-0.34178162,0.9211731
2020-01-26 13:00:00,266.9312,262.60535,-0.44830322,1.301117
2020-01-26 14:00:00,265.88947,260.55212,-0.532959,1.6432495
2020-01-26 15:00:00,265.4679,258.1995,-0.6168976,1.7832642
2020-01-26 16:00:00,264.57745,255.79805,-0.7292938,1.9932709
2020-01-26 17:00:00,263.638,254.33525,-0.8134918,2.2355804
2020-01-26 18:00:00,262.9287,254.83105,-0.8873291,2.4226837
2020-01-26 19:00:00,262.82776,251.1299,-0.8218384,2.6318512
2020-01-26 20:00:00,262.38986,251.64355,-0.7942505,2.753891
2020-01-26 21:00:00,261.48584,252.03378,-0.92977905,2.9914703
2020-01-26 22:00:00,261.3098,252.16045,-1.0310669,3.0581818
2020-01-26 23:00:00,261.78027,252.20609,-0.9909973,2.9862976
2020-01-27 00:00:00,262.3298,252.50941,-0.88275146,2.8945007
2020-01-27 01:00:00,262.42392,252.90874,-0.8192444,2.9338684
2020-01-27 02:00:00,262.05878,253.07013,-0.752594,3.0171356
2020-01-27 03:00:00,262.12415,253.42114,-0.73095703,3.0284119
2020-01-27 04:00:00,263.99374,254.88474,-0.6036835,2.734665
2020-01-27 05:00:00,267.1994,256.97137,-0.4249115,2.1665802
2020-01-27 06:00:00,270.61584,258.54034,-0.23007202,1.6346588
2020-01-27 07:00:00,271.8625,260.06824,0.0640564,0.69529724
2020-01-27 08:00:00,272.1726,261.3919,0.08518982,0.34776306
2020-01-27 09:00:00,272.29092,262.32507,0.06755066,0.35565186
2020-01-27 10:00:00,272.11014,262.91504,-0.0134887695,0.5952301
2020-01-27 11:00:00,271.58255,263.18823,-0.02772522,0.9961395
2020-01-27 12:00:00,270.65918,263.14948,0.0017089844,1.4752502
2020-01-27 13:00:00,269.76074,262.98737,0.16789246,1.5860596
2020-01-27 14:00:00,269.54175,263.33447,0.42216492,1.4560242
2020-01-27 15:00:00,269.43924,264.15613,0.42582703,1.1700745
2020-01-27 16:00:00,269.01648,264.9227,0.3215332,1.0345459
2020-01-27 17:00:00,268.64453,265.72595,0.31166077,0.65478516
2020-01-27 18:00:00,267.94415,266.53015,0.5452118,0.4874878
2020-01-27 19:00:00,267.5254,266.68536,0.28227234,0.9201355
2020-01-27 20:00:00,267.41858,266.11255,-0.05041504,0.864563
2020-01-27 21:00:00,267.25385,265.26886,-0.4157257,0.8460541
2020-01-27 22:00:00,265.77374,263.44278,-0.7718353,1.1784515
2020-01-27 23:00:00,264.80014,261.67178,-0.9466858,1.4251862
2020-01-28 00:00:00,264.44287,259.9339,-1.019455,1.5746765
2020-01-28 01:00:00,264.6396,258.71234,-1.04599,1.5319214
2020-01-28 02:00:00,264.6584,258.06253,-1.0009003,1.6039276
2020-01-28 03:00:00,263.80484,257.38513,-1.0240936,1.8557625
2020-01-28 04:00:00,264.46112,257.63382,-1.0155945,1.7822113
2020-01-28 05:00:00,268.17834,259.15924,-0.8041229,1.2710133
2020-01-28 06:00:00,269.27115,260.20416,-0.5465698,0.32417297
2020-01-28 07:00:00,269.76508,261.0411,-0.12269592,-0.0023908615
2020-01-28 08:00:00,270.16016,261.3521,-0.01838684,-0.30687523
2020-01-28 09:00:00,270.16815,261.58627,0.02418518,-0.16196823
2020-01-28 10:00:00,270.06464,261.8548,-0.0040283203,0.12761784
2020-01-28 11:00:00,269.56195,261.96246,-0.22488403,0.7764139
2020-01-28 12:00:00,268.97388,261.7227,-0.38804626,1.5190859
2020-01-28 13:00:00,266.25235,260.1988,-0.5006256,2.0022058
2020-01-28 14:00:00,265.30475,259.3706,-0.49713135,2.1870813
2020-01-28 15:00:00,264.97186,258.90045,-0.44036865,2.2636137
2020-01-28 16:00:00,264.6633,258.4795,-0.42796326,2.3010015
2020-01-28 17:00:00,264.62363,258.14084,-0.42985535,2.2946358
2020-01-28 18:00:00,265.063,258.026,-0.4438324,2.209097
2020-01-28 19:00:00,264.97217,257.44598,-0.4907074,2.2601776
2020-01-28 20:00:00,266.1187,257.9063,-0.4621582,2.0608883
2020-01-28 21:00:00,265.0586,257.45395,-0.5214386,2.158616
2020-01-28 22:00:00,264.07672,256.85648,-0.5921936,2.200202
2020-01-28 23:00:00,263.21872,256.49,-0.6962433,2.2102575
2020-01-29 00:00:00,262.22986,255.8715,-0.83569336,2.2563992
2020-01-29 01:00:00,261.3174,254.89154,-0.9048462,2.255272
2020-01-29 02:00:00,260.87094,254.33884,-0.96606445,2.3360386
2020-01-29 03:00:00,261.0647,254.08507,-0.97406006,2.3470516
2020-01-29 04:00:00,263.87115,255.58649,-0.81655884,1.9789963
2020-01-29 05:00:00,267.17535,257.1364,-0.7057648,1.5167542
2020-01-29 06:00:00,268.20096,257.64526,-0.58432007,1.0032501
2020-01-29 07:00:00,268.96222,258.6855,-0.49201965,0.5328827
2020-01-29 08:00:00,269.4051,259.20422,-0.5094757,0.16748047
2020-01-29 09:00:00,269.44464,259.4394,-0.52867126,0.147995
2020-01-29 10:00:00,269.26047,259.3141,-0.46577454,0.4917755
2020-01-29 11:00:00,268.83026,259.03198,-0.35255432,0.9923096
2020-01-29 12:00:00,268.05746,258.81854,-0.2723999,1.5225677
2020-01-29 13:00:00,266.19476,258.29858,-0.318573,1.8780365
2020-01-29 14:00:00,264.53522,257.49854,-0.33436584,2.1272888
2020-01-29 15:00:00,263.76242,256.787,-0.3397827,2.23345
2020-01-29 16:00:00,263.2954,256.00146,-0.3713684,2.291191
2020-01-29 17:00:00,262.5086,254.88272,-0.4553833,2.3999481
2020-01-29 18:00:00,261.98834,253.84375,-0.56163025,2.4648438
2020-01-29 19:00:00,264.4217,254.5609,-0.42713928,2.179779
2020-01-29 20:00:00,265.3427,254.65257,-0.4549713,2.0341797
2020-01-29 21:00:00,264.71198,254.11996,-0.49137878,2.0964203
2020-01-29 22:00:00,263.55164,253.29161,-0.63009644,2.2196045
2020-01-29 23:00:00,263.05347,252.66597,-0.68573,2.287033
2020-01-30 00:00:00,262.80664,252.12617,-0.7310486,2.298996
2020-01-30 01:00:00,262.10266,251.76195,-0.7833557,2.4043274
2020-01-30 02:00:00,261.70078,251.36804,-0.7907715,2.462616
2020-01-30 03:00:00,262.615,251.6166,-0.6960144,2.3642578
2020-01-30 04:00:00,265.50598,252.7913,-0.56103516,1.9971161
2020-01-30 05:00:00,268.05814,254.32947,-0.39352417,1.5921326
2020-01-30 06:00:00,268.9324,255.62694,-0.2955017,1.2378998
2020-01-30 07:00:00,269.5381,257.5012,-0.039398193,0.6600189
2020-01-30 08:00:00,270.02005,258.3493,-0.17454529,0.49253845
2020-01-30 09:00:00,270.2838,258.9251,-0.28256226,0.53437805
2020-01-30 10:00:00,270.29974,259.142,-0.29234314,0.7603016
2020-01-30 11:00:00,270.00894,259.0766,-0.25120544,1.09968
2020-01-30 12:00:00,268.89343,258.83484,-0.29444885,1.6901321
2020-01-30 13:00:00,266.20355,257.8647,-0.43795776,2.0959873
2020-01-30 14:00:00,263.87457,256.69434,-0.63183594,2.4089375
2020-01-30 15:00:00,262.4107,255.56673,-0.7700529,2.6330538
2020-01-30 16:00:00,262.26282,254.88681,-0.7895222,2.6430244
2020-01-30 17:00:00,262.01837,254.12065,-0.8634033,2.690051
2020-01-30 18:00:00,261.3648,253.1521,-0.9456024,2.8079329
2020-01-30 19:00:00,261.95514,253.86874,-0.8922119,2.818346
2020-01-30 20:00:00,261.30298,253.19104,-0.9787445,2.9077826
2020-01-30 21:00:00,260.89575,252.51286,-1.0220728,2.9972782
2020-01-30 22:00:00,260.5038,251.88626,-1.054779,3.097515
2020-01-30 23:00:00,259.89624,251.09479,-1.1152725,3.234147
2020-01-31 00:00:00,259.57605,250.31816,-1.1753483,3.3175907
2020-01-31 01:00:00,259.43634,249.65697,-1.1818953,3.3925905
2020-01-31 02:00:00,259.32385,249.03397,-1.162838,3.441596
2020-01-31 03:00:00,259.6751,248.73778,-1.1343155,3.4003391
2020-01-31 04:00:00,261.76578,250.1741,-1.0281239,3.0562248
2020-01-31 05:00:00,265.56476,252.09451,-0.85246086,2.495325
2020-01-31 06:00:00,268.92126,253.48473,-0.8059006,2.044035
2020-01-31 07:00:00,272.68387,254.50407,-0.6368942,1.4880543
2020-01-31 08:00:00,273.3109,255.74179,-0.62122345,1.0200291
2020-01-31 09:00:00,273.43774,256.7417,-0.71234703,1.0147018
2020-01-31 10:00:00,273.22305,257.2453,-0.73879814,1.2838936
2020-01-31 11:00:00,270.96606,257.3344,-0.73714066,1.8192215
2020-01-31 12:00:00,267.55823,256.2826,-0.7878599,2.3970823
2020-01-31 13:00:00,265.65155,254.98582,-0.8227482,2.6663895
2020-01-31 14:00:00,264.4331,254.0041,-0.8643265,2.8305645
2020-01-31 15:00:00,264.03754,253.18481,-0.8784447,2.867733
2020-01-31 16:00:00,263.8253,252.48196,-0.90667725,2.9032516
2020-01-31 17:00:00,263.48694,251.76433,-0.94439507,2.963007
2020-01-31 18:00:00,263.0003,251.0532,-0.9883232,3.0548534
2020-01-31 19:00:00,263.4215,250.5802,-0.95484924,3.0814056
2020-01-31 20:00:00,264.0303,250.73218,-0.913147,2.9457073
2020-01-31 21:00:00,263.61847,250.79956,-0.8993988,3.0285454
2020-01-31 22:00:00,263.24976,250.74377,-0.92303467,3.1076813
2020-01-31 23:00:00,262.8084,250.58118,-0.9409332,3.1988068
2020-02-01 00:00:00,262.6716,250.49556,-0.9353943,3.2330627
2020-02-01 01:00:00,263.01382,250.73212,-0.8840637,3.2093048
2020-02-01 02:00:00,263.04242,250.77638,-0.81588745,3.1843567
2020-02-01 03:00:00,263.8238,251.1093,-0.7505951,3.049408
2020-02-01 04:00:00,266.66675,252.07454,-0.5980835,2.6148834
2020-02-01 05:00:00,269.13437,252.98279,-0.5469055,2.2219086
2020-02-01 06:00:00,271.09814,254.15613,-0.58551025,1.9171295
2020-02-01 07:00:00,273.30972,257.4293,-0.5230255,1.6178102
2020-02-01 08:00:00,274.1128,258.66946,-0.67788696,1.3728914
2020-02-01 09:00:00,274.01038,259.7078,-0.7937012,1.341732
2020-02-01 10:00:00,273.2082,260.30847,-0.74508667,1.5586271
2020-02-01 11:00:00,271.17505,259.98434,-0.67333984,1.9857855
2020-02-01 12:00:00,268.6433,258.73608,-0.70809937,2.4506588
2020-02-01 13:00:00,266.1546,257.40063,-0.8361664,2.8844166
2020-02-01 14:00:00,264.60077,256.30164,-0.98742676,3.1829853
2020-02-01 15:00:00,264.10767,255.32343,-1.0644379,3.2940578
2020-02-01 16:00:00,264.10803,254.50969,-1.073883,3.327652
2020-02-01 17:00:00,264.0211,253.97696,-1.0947113,3.3698883
2020-02-01 18:00:00,263.8859,253.72136,-1.115387,3.3977966
2020-02-01 19:00:00,263.80786,254.53242,-1.1508026,3.712387
2020-02-01 20:00:00,263.83905,254.46033,-1.1177521,3.5321198
2020-02-01 21:00:00,263.60907,254.12065,-1.1220856,3.55365
2020-02-01 22:00:00,263.62,253.97295,-1.0959625,3.5259705
2020-02-01 23:00:00,263.43622,253.86926,-1.0912018,3.547699
2020-02-02 00:00:00,263.4021,253.9022,-1.1007843,3.5616913
2020-02-02 01:00:00,263.72385,254.0822,-1.1130371,3.5720673
2020-02-02 02:00:00,263.8814,254.1922,-1.1239014,3.5608368
2020-02-02 03:00:00,264.36005,254.51823,-1.0945129,3.5111694
2020-02-02 04:00:00,267.02423,256.1496,-1.0223846,3.0541382
2020-02-02 05:00:00,270.20984,258.17303,-0.94740295,2.4736023
2020-02-02 06:00:00,272.43576,260.09625,-0.9058838,2.0714417
2020-02-02 07:00:00,274.96408,263.4624,-0.70129395,1.7551727
2020-02-02 08:00:00,277.68848,263.38324,-0.68989563,1.2624359
2020-02-02 09:00:00,277.83246,263.67145,-0.7101288,1.1848297
2020-02-02 10:00:00,277.0006,263.72443,-0.71954346,1.3907166
2020-02-02 11:00:00,275.0412,263.07794,-0.69740295,1.8341827
2020-02-02 12:00:00,272.2815,261.28314,-0.7322235,2.3612518
2020-02-02 13:00:00,269.39294,259.5343,-0.81259155,2.9041443
2020-02-02 14:00:00,267.6747,258.82153,-0.9076538,3.2968903
2020-02-02 15:00:00,267.203,258.53406,-0.9777527,3.5448456
2020-02-02 16:00:00,267.0633,258.44806,-1.0377502,3.5966797
2020-02-02 17:00:00,266.86093,258.0746,-1.0526886,3.5909119
2020-02-02 18:00:00,266.73102,257.6426,-1.054245,3.549591
2020-02-02 19:00:00,266.54742,257.57965,-1.0697784,3.779831
2020-02-02 20:00:00,266.50568,256.94385,-1.0671539,3.5959625
2020-02-02 21:00:00,266.12958,256.1042,-1.0368958,3.5420074
2020-02-02 22:00:00,266.45667,255.56378,-0.9571533,3.41745
2020-02-02 23:00:00,266.15662,255.12491,-1.0273743,3.43042
2020-02-03 00:00:00,265.59308,254.72334,-1.1352234,3.5086975
2020-02-03 01:00:00,265.33582,254.41275,-1.1328735,3.5417786
2020-02-03 02:00:00,265.18903,254.18208,-1.1110687,3.555481
2020-02-03 03:00:00,265.50104,254.44212,-1.1498413,3.5097656
2020-02-03 04:00:00,267.46887,256.05847,-1.1938934,3.162506
2020-02-03 05:00:00,270.35727,258.3183,-1.0961304,2.605957
2020-02-03 06:00:00,273.17126,260.58307,-0.89564514,2.0787811
2020-02-03 07:00:00,275.19135,264.37152,-0.8658123,1.6525726
2020-02-03 08:00:00,277.4615,264.26752,-0.9395418,1.1253052
2020-02-03 09:00:00,277.8512,264.48337,-0.89230347,1.0273438
2020-02-03 10:00:00,277.07742,264.63507,-0.85269165,1.2724304
2020-02-03 11:00:00,275.71848,263.8499,-0.9216614,1.6511841
2020-02-03 12:00:00,273.9788,261.87573,-0.979126,1.9988403
2020-02-03 13:00:00,271.72995,260.0692,-0.80885315,2.4145508
2020-02-03 14:00:00,270.89166,259.20483,-0.52127075,2.5711975
2020-02-03 15:00:00,270.39233,258.8789,-0.37806702,2.648407
2020-02-03 16:00:00,270.0573,258.8967,-0.23596191,2.631546
2020-02-03 17:00:00,270.25812,259.31033,-0.11663818,2.4726868
2020-02-03 18:00:00,268.52826,258.7789,-0.59602356,2.6739197
2020-02-03 19:00:00,269.9549,258.98514,-0.36645508,2.4884644
2020-02-03 20:00:00,270.3824,260.07312,-0.30490112,2.274826
2020-02-03 21:00:00,270.09073,261.1128,-0.29281616,2.160141
2020-02-03 22:00:00,269.49213,261.65112,-0.2583313,2.1084747
2020-02-03 23:00:00,268.78204,261.97418,-0.20863342,2.118988
2020-02-04 00:00:00,268.06186,262.237,-0.23701477,2.1791992
2020-02-04 01:00:00,266.96112,261.86313,-0.28251648,2.2224731
2020-02-04 02:00:00,266.72202,262.03323,-0.36621094,2.2219696
2020-02-04 03:00:00,267.36142,262.53262,-0.37135315,2.00766
2020-02-04 04:00:00,268.78485,263.74188,-0.33709717,1.6284027
2020-02-04 05:00:00,270.39612,264.9787,-0.2828827,1.2093353
2020-02-04 06:00:00,271.3806,266.19348,-0.21087646,0.66386414
2020-02-04 07:00:00,271.67297,267.42596,0.10820007,0.13223267
2020-02-04 08:00:00,271.66626,269.44412,-0.081710815,-0.3362732
2020-02-04 09:00:00,271.96057,269.2716,-0.18403625,-0.5750122
2020-02-04 10:00:00,271.6146,269.51294,0.014984131,-0.29508972
2020-02-04 11:00:00,271.4631,269.655,0.13246155,0.14498901
2020-02-04 12:00:00,271.2021,269.37347,-0.13778687,0.5895233
2020-02-04 13:00:00,270.75583,268.51663,-0.3625183,0.98184204
2020-02-04 14:00:00,269.9502,267.30615,-0.49206543,1.3185425
2020-02-04 15:00:00,269.48376,266.3651,-0.49143982,1.4969025
2020-02-04 16:00:00,268.74612,265.2821,-0.6005554,1.7270813
2020-02-04 17:00:00,268.39233,264.62573,-0.67559814,1.8482666
2020-02-04 18:00:00,268.18347,263.9862,-0.6208191,1.9087219
2020-02-04 19:00:00,266.8503,262.35223,-0.82951355,2.2532196
2020-02-04 20:00:00,265.9862,261.75555,-0.90141296,2.3962097
2020-02-04 21:00:00,265.3222,261.07913,-0.98194885,2.5061798
2020-02-04 22:00:00,265.13416,260.57373,-0.96139526,2.5743103
2020-02-04 23:00:00,264.7708,259.9265,-0.93022156,2.7210693
2020-02-05 00:00:00,264.4962,259.4248,-0.9312134,2.8411102
2020-02-05 01:00:00,264.64612,259.22333,-0.9671478,2.9167175
2020-02-05 02:00:00,264.1781,258.60217,-0.9968109,3.0742798
2020-02-05 03:00:00,264.49222,258.53802,-1.0466156,3.053955
2020-02-05 04:00:00,267.27625,259.7859,-0.8157196,2.623291
2020-02-05 05:00:00,270.5924,261.71216,-0.69703674,2.0639038
2020-02-05 06:00:00,274.59253,263.0514,-0.55622864,1.4770355
2020-02-05 07:00:00,275.82043,264.17255,-0.39015198,0.8449116
2020-02-05 08:00:00,276.36603,265.10632,-0.36116028,0.28657532
2020-02-05 09:00:00,276.55496,265.1264,-0.33473206,0.2710266
2020-02-05 10:00:00,276.35828,265.4439,-0.23956299,0.6306
2020-02-05 11:00:00,275.7741,265.27747,-0.17784119,1.1472778
2020-02-05 12:00:00,273.58087,264.22546,-0.31965637,1.8495636
2020-02-05 13:00:00,270.38837,262.28882,-0.57595825,2.4137583
2020-02-05 14:00:00,268.25317,261.04507,-0.7318878,2.851532
2020-02-05 15:00:00,267.5016,260.87164,-0.71191406,3.0726776
2020-02-05 16:00:00,267.32355,261.07968,-0.654541,3.0989532
2020-02-05 17:00:00,266.99768,260.7727,-0.68530273,3.1255188
2020-02-05 18:00:00,266.66235,260.0284,-0.72657776,3.130951
2020-02-05 19:00:00,265.6598,259.30533,-0.94158936,3.2199554
2020-02-05 20:00:00,265.5849,258.59192,-0.9933014,3.120285
2020-02-05 21:00:00,265.22797,257.77936,-1.0747986,3.1087742
2020-02-05 22:00:00,265.06122,257.21262,-1.1464539,3.0678978
2020-02-05 23:00:00,265.02795,256.85486,-1.1895752,3.0207043
2020-02-06 00:00:00,265.0835,256.9748,-1.2116394,3.0496063
2020-02-06 01:00:00,265.25018,257.03345,-1.2151947,3.0582428
2020-02-06 02:00:00,265.62268,257.2605,-1.195221,3.0118408
2020-02-06 03:00:00,266.2198,257.74918,-1.1050873,2.9425964
2020-02-06 04:00:00,268.69434,259.5212,-0.9200592,2.491806
2020-02-06 05:00:00,272.21286,260.6172,-0.6544647,1.8409882
2020-02-06 06:00:00,275.77005,260.39575,-0.23085022,0.9404144
2020-02-06 07:00:00,275.79175,261.59933,0.5689392,-0.00091552734
2020-02-06 08:00:00,274.20102,265.4327,0.9738159,-0.71221924
2020-02-06 09:00:00,274.29987,265.65894,0.8306427,-0.69999695
2020-02-06 10:00:00,274.57803,264.87308,0.489563,-0.45555496
2020-02-06 11:00:00,274.09262,265.34683,0.04890442,0.22211456
2020-02-06 12:00:00,273.35004,264.70502,-0.41697693,1.0531673
2020-02-06 13:00:00,271.27982,263.15466,-0.79803467,1.5672798
2020-02-06 14:00:00,268.81387,261.99863,-1.0630035,1.8674393
2020-02-06 15:00:00,267.14728,260.9513,-1.1924772,2.1964464
2020-02-06 16:00:00,266.61163,260.33618,-1.1543989,2.3843117
2020-02-06 17:00:00,265.80124,259.6571,-1.2051477,2.6007452
2020-02-06 18:00:00,264.81244,258.80826,-1.2778435,2.8946056
2020-02-06 19:00:00,264.78372,257.89227,-1.1125679,3.0938883
2020-02-06 20:00:00,264.24637,257.36346,-1.2039165,3.2356472
2020-02-06 21:00:00,264.4654,257.3892,-1.2481937,3.3487911
2020-02-06 22:00:00,264.62936,257.4344,-1.1486511,3.3309917
2020-02-06 23:00:00,264.71677,257.50937,-1.0608673,3.3054638
2020-02-07 00:00:00,264.1831,256.8318,-1.0461121,3.463148
2020-02-07 01:00:00,263.81253,256.26776,-1.0484161,3.5490084
2020-02-07 02:00:00,263.68024,255.83055,-1.0409546,3.5626945
2020-02-07 03:00:00,264.0124,255.83429,-1.0739136,3.45685
2020-02-07 04:00:00,266.53262,257.51123,-0.97361755,3.0448513
2020-02-07 05:00:00,270.23746,259.94983,-0.90711975,2.4322357
2020-02-07 06:00:00,273.78137,261.88135,-0.9147339,1.8179483
2020-02-07 07:00:00,274.95856,265.19907,-0.88212585,1.5678797
2020-02-07 08:00:00,277.89374,265.61526,-0.85879517,0.9964495
2020-02-07 09:00:00,278.02808,266.43567,-0.87667847,0.8497238
2020-02-07 10:00:00,276.38107,266.9446,-0.95744324,1.2906761
2020-02-07 11:00:00,273.664,266.25507,-0.8781128,1.9670238
2020-02-07 12:00:00,270.43237,263.86615,-1.0677643,2.6206388
2020-02-07 13:00:00,268.49078,261.4558,-1.2411804,3.190422
2020-02-07 14:00:00,267.93848,259.94046,-1.315445,3.54739
2020-02-07 15:00:00,267.93326,258.81982,-1.3618164,3.7104702
2020-02-07 16:00:00,268.06445,258.01117,-1.4230804,3.825883
2020-02-07 17:00:00,268.1175,257.4007,-1.3653412,3.8719463
2020-02-07 18:00:00,268.0522,256.8603,-1.2686768,3.8834896
2020-02-07 19:00:00,268.1419,257.41248,-1.2334137,4.176651
2020-02-07 20:00:00,268.0304,257.35727,-1.200058,4.0654907
2020-02-07 21:00:00,267.85162,257.1989,-1.174942,4.083908
2020-02-07 22:00:00,267.81638,257.01996,-1.1971741,4.088669
2020-02-07 23:00:00,267.93192,256.87387,-1.2174072,4.0782776
2020-02-08 00:00:00,268.1806,256.9482,-1.2184753,4.0224304
2020-02-08 01:00:00,268.07507,256.67322,-1.1717987,3.97937
2020-02-08 02:00:00,268.00952,256.79706,-1.1164398,3.8929749
2020-02-08 03:00:00,268.252,257.54678,-1.1394958,3.7432556
2020-02-08 04:00:00,269.7417,260.11478,-1.0442352,3.3088684
2020-02-08 05:00:00,272.1245,262.84528,-0.8925171,2.727539
2020-02-08 06:00:00,275.22577,266.0529,-0.7618866,2.160492
2020-02-08 07:00:00,277.40424,267.92737,-0.70214844,1.7035675
2020-02-08 08:00:00,278.2319,269.06982,-0.87327576,1.4601593
2020-02-08 09:00:00,277.81293,269.32062,-1.1251221,1.5244598
2020-02-08 10:00:00,276.72598,270.37103,-1.0904999,1.8281097
2020-02-08 11:00:00,275.8828,269.56088,-1.0767975,2.4091492
2020-02-08 12:00:00,273.99792,267.17755,-1.184082,3.0228577
2020-02-08 13:00:00,272.70667,265.02545,-1.2926025,3.540802
2020-02-08 14:00:00,272.654,264.0871,-1.2263641,3.6704102
2020-02-08 15:00:00,272.5428,263.1812,-1.1562805,3.6717072
2020-02-08 16:00:00,272.3509,262.29156,-1.0583801,3.6382446
2020-02-08 17:00:00,272.01752,261.35638,-1.0052948,3.619751
2020-02-08 18:00:00,271.594,260.38885,-1.0246277,3.6278229
2020-02-08 19:00:00,271.08197,259.45648,-0.93492126,3.7539215
2020-02-08 20:00:00,270.57785,258.7958,-0.87823486,3.6121216
2020-02-08 21:00:00,270.07245,257.9021,-0.8530884,3.6518097
2020-02-08 22:00:00,269.6482,257.18896,-0.8748627,3.6510773
2020-02-08 23:00:00,269.2927,256.88965,-0.9173584,3.644928
2020-02-09 00:00:00,269.02136,256.5929,-0.9175415,3.6074677
2020-02-09 01:00:00,269.27417,256.42755,-0.87480164,3.5546417
2020-02-09 02:00:00,269.4607,256.18878,-0.8625641,3.510559
2020-02-09 03:00:00,270.32214,257.10852,-0.93930054,3.362503
2020-02-09 04:00:00,272.96912,259.80035,-0.9222107,2.9354553
2020-02-09 05:00:00,276.07535,262.9243,-0.88171387,2.4233398
2020-02-09 06:00:00,277.95087,265.93634,-0.9155426,2.0988464
2020-02-09 07:00:00,278.61343,268.91043,-0.76706505,1.9098969
2020-02-09 08:00:00,280.00314,268.91113,-0.999197,1.6717529
2020-02-09 09:00:00,278.95206,271.6537,-1.0854721,1.8469849
2020-02-09 10:00:00,278.1258,271.23297,-1.0853357,2.1430664
2020-02-09 11:00:00,277.54083,270.4641,-1.1909075,2.6656494
2020-02-09 12:00:00,276.07193,268.1972,-1.3770609,3.3074493
2020-02-09 13:00:00,275.04657,265.962,-1.3402138,3.7573547
2020-02-09 14:00:00,274.9227,264.8235,-1.1857204,3.7355194
2020-02-09 15:00:00,274.57556,263.9109,-1.0584984,3.614853
2020-02-09 16:00:00,274.20547,263.9627,-0.63894844,3.2324524
2020-02-09 17:00:00,276.0476,263.78024,0.42417908,2.355194
2020-02-09 18:00:00,278.91962,261.67706,1.7179413,0.16134644
2020-02-09 19:00:00,273.96625,263.17957,-1.0737915,2.050354
2020-02-09 20:00:00,273.42133,261.99493,-0.812973,2.2107086
2020-02-09 21:00:00,277.7691,263.22928,-0.5661926,1.4172668
2020-02-09 22:00:00,274.91266,264.61426,-0.76745605,1.8467255
2020-02-09 23:00:00,272.77368,264.69427,-0.8974762,2.118454
2020-02-10 00:00:00,273.48065,265.8998,-0.9594879,1.865387
2020-02-10 01:00:00,271.26978,264.93756,-0.95703125,2.2266693
2020-02-10 02:00:00,271.5188,264.88434,-0.9494324,2.1396484
2020-02-10 03:00:00,270.86346,265.09375,-0.88249207,2.3420563
2020-02-10 04:00:00,272.0744,267.1001,-0.83747864,2.0800934
2020-02-10 05:00:00,273.84744,269.52954,-0.70217896,1.6797028
2020-02-10 06:00:00,275.24606,271.4856,-0.7145233,1.4432983
2020-02-10 07:00:00,275.02936,271.29547,-0.7790985,1.5078735
2020-02-10 08:00:00,276.766,271.23584,-0.8661804,0.75250244
2020-02-10 09:00:00,277.75293,270.9427,-0.9125366,0.21917725
2020-02-10 10:00:00,277.92508,270.40112,-0.91856384,0.15844727
2020-02-10 11:00:00,277.45593,270.49988,-0.3380432,0.26319885
2020-02-10 12:00:00,276.4532,270.3656,0.08003235,0.70758057
2020-02-10 13:00:00,275.93994,270.16266,-0.12910461,1.2281647
2020-02-10 14:00:00,275.46796,269.95322,0.0572052,1.2198334
2020-02-10 15:00:00,275.26144,270.14886,0.41996765,1.0319061
2020-02-10 16:00:00,274.66553,270.46198,0.4093628,0.96559143
2020-02-10 17:00:00,273.3928,270.40933,0.47654724,1.024231
2020-02-10 18:00:00,273.39346,270.52933,0.3628235,0.6739502
2020-02-10 19:00:00,272.52426,271.4527,0.08078003,0.71577454
2020-02-10 20:00:00,272.0771,271.38477,-0.0039367676,0.5228729
2020-02-10 21:00:00,271.68127,271.15094,0.029373169,0.41949463
2020-02-10 22:00:00,271.3232,270.6076,-0.10702515,0.41903687
2020-02-10 23:00:00,271.05945,270.0448,-0.17897034,0.44055176
2020-02-11 00:00:00,270.67352,269.39453,-0.17556763,0.40376282
2020-02-11 01:00:00,269.48505,267.99716,-0.13789368,0.19606018
2020-02-11 02:00:00,268.96832,267.4342,-0.16867065,0.19470215
2020-02-11 03:00:00,268.67682,267.33865,-0.20777893,0.3040619
2020-02-11 04:00:00,268.63922,267.27612,-0.07409668,0.19244385
2020-02-11 05:00:00,268.7605,267.30334,0.15034485,-0.17263794
2020-02-11 06:00:00,268.81247,267.63257,0.29623413,-0.17814636
2020-02-11 07:00:00,269.16083,267.66077,0.79745483,-0.2543335
2020-02-11 08:00:00,269.63666,267.91626,0.48243713,-0.20127869
2020-02-11 09:00:00,269.42206,268.1594,0.29351807,0.061798096
2020-02-11 10:00:00,269.83813,268.445,0.24276733,-0.28681946
2020-02-11 11:00:00,269.9636,268.42514,0.20384216,0.17903137
2020-02-11 12:00:00,269.59668,268.1319,0.008850098,0.7146454
2020-02-11 13:00:00,269.49506,267.5223,-0.13879395,1.034729
2020-02-11 14:00:00,269.21393,266.67535,-0.20852661,1.3179474
2020-02-11 15:00:00,269.37225,266.1018,-0.17588806,1.4117737
2020-02-11 16:00:00,269.158,265.45642,-0.25505066,1.5575562
2020-02-11 17:00:00,269.7055,265.3051,-0.27383423,1.5324402
2020-02-11 18:00:00,269.76367,265.00113,-0.35786438,1.5649719
2020-02-11 19:00:00,268.00888,262.83295,-0.5145569,1.8686218
2020-02-11 20:00:00,269.0404,263.16132,-0.44136047,1.7164612
2020-02-11 21:00:00,268.4308,263.03363,-0.54766846,1.8740387
2020-02-11 22:00:00,267.76752,262.62823,-0.63031006,2.0553894
2020-02-11 23:00:00,267.38083,262.29596,-0.64138794,2.2095184
2020-02-12 00:00:00,267.06036,261.95135,-0.6828308,2.3739471
2020-02-12 01:00:00,267.04535,262.25995,-0.7798462,2.609909
2020-02-12 02:00:00,267.00958,262.23822,-0.7918091,2.6967926
2020-02-12 03:00:00,267.14978,262.27124,-0.8864746,2.7797546
2020-02-12 04:00:00,268.78992,263.16483,-0.8432007,2.6530914
2020-02-12 05:00:00,271.8105,264.826,-0.75491333,2.1977997
2020-02-12 06:00:00,276.4582,266.28107,-0.20857239,1.4453278
2020-02-12 07:00:00,277.85614,268.1765,-0.11021423,0.9332733
2020-02-12 08:00:00,278.45593,268.81613,0.09887695,0.7202301
2020-02-12 09:00:00,278.6102,269.30646,0.075424194,0.71829224
2020-02-12 10:00:00,278.3924,269.5871,-0.04975891,0.8230896
2020-02-12 11:00:00,277.87244,269.56985,0.02545166,1.1402588
2020-02-12 12:00:00,274.8457,268.5263,-0.28703308,1.817688
2020-02-12 13:00:00,272.66302,266.91547,-0.6203613,2.3378906
2020-02-12 14:00:00,271.02478,265.62927,-0.9306183,2.7296753
2020-02-12 15:00:00,270.5856,264.66644,-1.1118774,2.955429
2020-02-12 16:00:00,270.49738,263.8922,-1.0872955,2.9781952
2020-02-12 17:00:00,270.86734,263.35577,-0.9967499,2.9382048
2020-02-12 18:00:00,270.668,262.8681,-0.9676666,3.0043945
2020-02-12 19:00:00,271.93286,262.6703,-0.8587189,2.8262177
2020-02-12 20:00:00,272.7279,262.94916,-0.46192932,2.632431
2020-02-12 21:00:00,272.50397,263.133,-0.102264404,2.532425
2020-02-12 22:00:00,273.9952,263.91534,0.4864807,2.0684204
2020-02-12 23:00:00,275.94,265.2094,0.5478363,1.2260284
2020-02-13 00:00:00,274.89395,265.7544,0.017623901,1.0196228
2020-02-13 01:00:00,273.06717,266.33087,1.0141907,0.29901123
2020-02-13 02:00:00,271.0891,267.632,0.9678192,0.86398697
2020-02-13 03:00:00,270.71887,268.06744,0.29985046,0.967268
2020-02-13 04:00:00,270.451,269.1143,0.56829834,0.23832512
2020-02-13 05:00:00,270.3558,269.14468,0.19612122,-0.27529144
2020-02-13 06:00:00,269.97266,269.26593,0.09466553,-0.7645817
2020-02-13 07:00:00,270.09708,269.62,0.5490875,-0.8882446
2020-02-13 08:00:00,269.71704,269.1582,-0.0035095215,-0.8827095
2020-02-13 09:00:00,269.25018,268.864,-0.25437927,-0.9693794
2020-02-13 10:00:00,268.922,268.52695,0.18681335,-0.9605961
2020-02-13 11:00:00,268.39825,268.01788,0.3827057,-0.8461304
2020-02-13 12:00:00,268.1975,267.71368,0.1486206,-0.6009979
2020-02-13 13:00:00,268.13928,267.6076,0.19895935,-0.35185242
2020-02-13 14:00:00,268.04932,267.52142,0.14253235,-0.1438446
2020-02-13 15:00:00,267.84814,267.38916,0.30592346,0.08387756
2020-02-13 16:00:00,268.0688,267.01685,-0.11705017,0.48713684
2020-02-13 17:00:00,268.26886,266.65475,-0.3908081,0.19787598
2020-02-13 18:00:00,268.1225,266.52072,-0.16026306,0.24531555
2020-02-13 19:00:00,268.63733,266.7873,-0.3403778,0.5849762
2020-02-13 20:00:00,268.89548,266.609,-0.15931702,0.5681305
2020-02-13 21:00:00,268.92993,266.4833,-0.10404968,0.65512085
2020-02-13 22:00:00,268.9289,266.33734,-0.20240784,0.69667053
2020-02-13 23:00:00,268.9865,266.2337,-0.16912842,0.73117065
2020-02-14 00:00:00,268.96472,266.1167,-0.18424988,0.7346039
2020-02-14 01:00:00,269.5125,266.56085,-0.13482666,0.7302704
2020-02-14 02:00:00,269.44464,266.3616,-0.12519836,0.90460205
2020-02-14 03:00:00,269.63986,266.08636,-0.30867004,1.0664215
2020-02-14 04:00:00,270.2666,266.03125,-0.36183167,0.9072571
2020-02-14 05:00:00,270.95486,266.09424,-0.46720886,0.36723328
2020-02-14 06:00:00,271.5484,266.2569,-0.4166565,-0.0027008057
2020-02-14 07:00:00,272.70367,266.4861,-0.43037415,-0.116378784
2020-02-14 08:00:00,272.96576,266.6425,-0.7448273,-0.19572449
2020-02-14 09:00:00,273.38483,266.6812,-0.8093872,-0.12281799
2020-02-14 10:00:00,273.62943,266.8329,-0.6189575,0.11264038
2020-02-14 11:00:00,273.25848,266.9417,-0.44711304,0.59765625
2020-02-14 12:00:00,272.60587,266.6847,-0.5138855,1.3613434
2020-02-14 13:00:00,269.3036,264.78232,-0.75245667,1.9816589
2020-02-14 14:00:00,266.9981,263.06787,-0.9356079,2.394226
2020-02-14 15:00:00,265.38983,261.7492,-0.99835205,2.739029
2020-02-14 16:00:00,264.7362,261.0569,-0.9808655,3.0055084
2020-02-14 17:00:00,264.7176,260.72906,-1.0188141,3.2218018
2020-02-14 18:00:00,265.21002,260.75986,-1.0609436,3.371994
2020-02-14 19:00:00,265.36816,259.72064,-0.9506836,3.2919312
2020-02-14 20:00:00,264.88904,259.18604,-0.982254,3.3603058
2020-02-14 21:00:00,264.92053,258.8335,-1.1506653,3.5497131
2020-02-14 22:00:00,265.23953,258.33533,-1.2740631,3.6608276
2020-02-14 23:00:00,265.66895,257.84787,-1.329483,3.665924
2020-02-15 00:00:00,265.8784,257.42892,-1.3671417,3.6722717
2020-02-15 01:00:00,265.9381,257.12964,-1.3352203,3.6100464
2020-02-15 02:00:00,265.68723,256.52612,-1.2721558,3.6067352
2020-02-15 03:00:00,265.96304,256.6986,-1.1342468,3.4969482
2020-02-15 04:00:00,266.98422,258.04898,-0.9171448,3.2319336
2020-02-15 05:00:00,269.4019,259.94757,-0.6705017,2.7025146
2020-02-15 06:00:00,274.0359,261.53766,-0.40701294,1.9138641
2020-02-15 07:00:00,276.84406,263.91187,0.12486267,1.0989838
2020-02-15 08:00:00,277.08392,265.04724,-0.146698,0.8590698
2020-02-15 09:00:00,277.10995,265.6136,-0.3724823,0.9354706
2020-02-15 10:00:00,276.9555,265.8778,-0.34587097,1.0541229
2020-02-15 11:00:00,276.1646,265.86847,-0.18782043,1.3530884
2020-02-15 12:00:00,273.9963,265.42407,-0.08921814,1.7660065
2020-02-15 13:00:00,270.9964,263.9917,-0.46852112,2.3055725
2020-02-15 14:00:00,270.17764,263.0908,-0.6335449,2.4473324
2020-02-15 15:00:00,271.58353,262.9682,-0.24545288,2.1513596
2020-02-15 16:00:00,273.47156,263.5297,0.3756714,1.7573547
2020-02-15 17:00:00,271.83942,263.93036,0.29096985,1.9479065
2020-02-15 18:00:00,271.109,264.58823,0.39431763,1.9964294
2020-02-15 19:00:00,271.61975,264.58496,1.2609959,1.5585632
2020-02-15 20:00:00,269.87808,266.17426,1.9568787,0.7537079
2020-02-15 21:00:00,268.849,266.87262,2.0634766,0.31922913
2020-02-15 22:00:00,270.3808,268.93045,1.2556458,0.47651672
2020-02-15 23:00:00,270.02594,268.0531,0.6892853,0.4678192
2020-02-16 00:00:00,269.59662,268.0995,0.483078,0.13188171
2020-02-16 01:00:00,268.6355,266.0391,0.40368652,0.85658264
2020-02-16 02:00:00,268.3877,266.98932,0.82748413,0.64027405
2020-02-16 03:00:00,267.23828,265.74457,0.69654846,1.0610962
2020-02-16 04:00:00,266.8624,265.04004,0.9818573,1.1465912
2020-02-16 05:00:00,267.34387,265.1009,1.1184082,0.82696533
2020-02-16 06:00:00,267.7672,265.45764,1.3504181,0.34873962
2020-02-16 07:00:00,268.0608,265.80972,0.9907532,0.3557434
2020-02-16 08:00:00,268.82428,265.04227,0.62786865,0.08106995
2020-02-16 09:00:00,269.1031,264.95734,0.38807678,-0.3508606
2020-02-16 10:00:00,269.19244,264.98358,0.12994385,-0.32699585
2020-02-16 11:00:00,269.12082,265.08362,-0.33319092,-0.0650177
2020-02-16 12:00:00,268.32666,264.39844,-0.9126587,0.84724426
2020-02-16 13:00:00,266.99,262.6995,-0.90460205,1.3453369
2020-02-16 14:00:00,266.0501,261.21844,-1.0157318,1.5326538
2020-02-16 15:00:00,264.55865,259.83328,-1.1264038,1.9202576
2020-02-16 16:00:00,262.6494,258.44168,-1.1744537,2.4138794
2020-02-16 17:00:00,261.27026,257.28876,-1.2312012,2.9457703
2020-02-16 18:00:00,260.97137,256.65405,-1.261673,3.304306
2020-02-16 19:00:00,261.42093,255.7976,-1.1858492,3.451889
2020-02-16 20:00:00,261.39215,255.36,-1.1578093,3.5329437
2020-02-16 21:00:00,261.9622,255.36838,-1.0814266,3.5617065
2020-02-16 22:00:00,262.21332,255.05693,-0.8838062,3.4452667
2020-02-16 23:00:00,262.2677,254.98387,-0.64750385,3.1829224
2020-02-17 00:00:00,262.8809,255.2972,-0.40427494,2.836914
2020-02-17 01:00:00,263.48926,255.68828,-0.33309174,2.6292877
2020-02-17 02:00:00,264.0125,256.25812,-0.3516159,2.5217438
2020-02-17 03:00:00,264.45636,256.7699,-0.34770584,2.4339142
2020-02-17 04:00:00,266.76608,258.09686,-0.20016098,2.051178
2020-02-17 05:00:00,270.44275,259.56207,-0.010196686,1.3511658
2020-02-17 06:00:00,271.1472,260.67245,0.20656204,0.8360443
2020-02-17 07:00:00,270.46332,261.85095,0.9139595,0.029407501
2020-02-17 08:00:00,270.46317,262.8051,0.9610748,0.07792854
2020-02-17 09:00:00,270.46783,263.71173,0.93510437,0.001493454
2020-02-17 10:00:00,270.29498,264.1836,0.5236664,0.15473747
2020-02-17 11:00:00,270.05603,264.15076,0.072250366,0.54504013
2020-02-17 12:00:00,269.78394,263.9052,-0.2761078,1.014452
2020-02-17 13:00:00,268.73856,263.1809,-0.49256897,1.4067688
2020-02-17 14:00:00,267.8783,262.43073,-0.61538696,1.5452728
2020-02-17 15:00:00,267.3499,261.46066,-0.69540405,1.6011047
2020-02-17 16:00:00,266.6372,260.49048,-0.7453003,1.7101898
2020-02-17 17:00:00,265.98914,259.69046,-0.7852936,1.8262787
2020-02-17 18:00:00,266.96234,259.96082,-0.71131897,1.6230927
2020-02-17 19:00:00,265.78073,258.14557,-0.69003296,1.9099121
2020-02-17 20:00:00,266.90417,258.51483,-0.49690247,1.7248383
2020-02-17 21:00:00,267.61215,258.86365,-0.31440735,1.604599
2020-02-17 22:00:00,268.24988,259.2731,-0.115249634,1.3464813
2020-02-17 23:00:00,267.97516,259.7023,0.030471802,1.1777954
2020-02-18 00:00:00,267.50616,260.282,0.005285263,1.3246613
2020-02-18 01:00:00,266.946,260.75748,-0.008216858,1.3536835
2020-02-18 02:00:00,266.7112,261.35526,0.02168274,1.3145905
2020-02-18 03:00:00,267.0039,261.94852,0.04710388,1.1878662
2020-02-18 04:00:00,267.2157,262.48367,0.10021973,0.8009033
2020-02-18 05:00:00,267.36835,263.15485,0.25585938,0.24371338
2020-02-18 06:00:00,267.3132,263.92615,0.46105957,0.05886841
2020-02-18 07:00:00,266.45575,264.51617,0.7719269,-0.29008484
2020-02-18 08:00:00,266.93964,265.20514,0.99349976,-0.25456238
2020-02-18 09:00:00,266.22845,265.18695,0.7506256,-0.0715332
2020-02-18 10:00:00,266.29468,265.41034,0.656662,0.16343689
2020-02-18 11:00:00,265.82495,264.96106,0.951004,0.07611084
2020-02-18 12:00:00,266.2502,265.48575,0.6830292,0.41654968
2020-02-18 13:00:00,266.24326,265.3006,0.6422882,0.3948059
2020-02-18 14:00:00,265.99,265.16922,0.7812195,0.21806335
2020-02-18 15:00:00,265.60394,264.8198,0.6596222,0.70295715
2020-02-18 16:00:00,265.71228,264.41968,0.76127625,0.62466526
2020-02-18 17:00:00,265.50616,264.294,0.7754669,0.47950172
2020-02-18 18:00:00,265.40253,263.9146,0.62138367,0.70636463
2020-02-18 19:00:00,264.99146,263.21198,0.50583744,0.83784294
2020-02-18 20:00:00,264.92087,262.1511,0.39142895,1.0764313
2020-02-18 21:00:00,261.3695,258.90125,-0.0747242,1.9165163
2020-02-18 22:00:00,260.4933,256.79205,-0.31300354,2.1845284
2020-02-18 23:00:00,258.84003,255.46417,-0.5063324,2.5650187
2020-02-19 00:00:00,258.6242,254.98259,-0.54138184,2.5293465
2020-02-19 01:00:00,257.82736,253.99374,-0.6224365,2.6619415
2020-02-19 02:00:00,257.84662,253.5856,-0.66838074,2.7611542
2020-02-19 03:00:00,258.74506,254.03188,-0.6567993,2.6875916
2020-02-19 04:00:00,259.9376,254.61882,-0.6403198,2.5631866
2020-02-19 05:00:00,263.48312,256.0579,-0.39941406,1.9131927
2020-02-19 06:00:00,267.51874,256.99493,-0.12225342,0.93496704
2020-02-19 07:00:00,267.97507,258.08795,-0.21986389,0.60308266
2020-02-19 08:00:00,268.85614,258.15515,-0.16903687,0.38034058
2020-02-19 09:00:00,269.3411,258.39117,-0.18466187,0.24385071
2020-02-19 10:00:00,269.25372,258.66727,-0.14207458,0.28251648
2020-02-19 11:00:00,268.9007,258.90494,-0.113723755,0.9745445
2020-02-19 12:00:00,267.34235,258.4108,-0.27659607,1.7616014
2020-02-19 13:00:00,264.69745,257.03162,-0.56095886,2.265151
2020-02-19 14:00:00,262.95712,255.7407,-0.74372864,2.6408997
2020-02-19 15:00:00,261.58313,254.8661,-0.9114227,2.9562988
2020-02-19 16:00:00,261.49182,254.7297,-1.052063,3.0857697
2020-02-19 17:00:00,261.60797,254.43513,-1.0950928,3.1944885
2020-02-19 18:00:00,261.62396,254.03578,-1.1600037,3.3477173
2020-02-19 19:00:00,261.9646,253.07425,-1.170517,3.266571
2020-02-19 20:00:00,261.9989,252.98965,-1.1805725,3.2424316
2020-02-19 21:00:00,262.16095,252.9413,-1.2726288,3.2944336
2020-02-19 22:00:00,262.30328,252.8449,-1.2781982,3.285202
2020-02-19 23:00:00,262.40353,252.81645,-1.2572021,3.2250519
2020-02-20 00:00:00,262.52264,252.78241,-1.2325287,3.2047424
2020-02-20 01:00:00,263.1339,252.71428,-1.1715088,3.1589355
2020-02-20 02:00:00,263.5478,252.57367,-1.1186981,3.1466827
2020-02-20 03:00:00,264.51514,253.17842,-1.0696259,3.053421
2020-02-20 04:00:00,266.3255,254.84715,-0.88035583,2.8819275
2020-02-20 05:00:00,269.41876,256.78284,-0.68029785,2.4757233
2020-02-20 06:00:00,273.29065,258.17798,-0.5886688,1.9616852
2020-02-20 07:00:00,275.14368,260.1859,-0.6846771,1.6517792
2020-02-20 08:00:00,276.76575,261.01044,-0.6735687,1.4311523
2020-02-20 09:00:00,276.3843,261.96423,-0.7344513,1.5875244
2020-02-20 10:00:00,274.92102,262.42798,-0.8072357,1.8916321
2020-02-20 11:00:00,272.9472,261.99805,-0.8635864,2.3022156
2020-02-20 12:00:00,270.73816,260.78033,-0.9702759,2.7372437
2020-02-20 13:00:00,268.55157,259.30713,-1.067276,3.1595154
2020-02-20 14:00:00,267.9948,258.50833,-1.1246185,3.3278313
2020-02-20 15:00:00,268.06146,258.2186,-1.1059113,3.3529148
2020-02-20 16:00:00,268.39014,258.12103,-1.0287933,3.351694
2020-02-20 17:00:00,268.75333,257.9523,-0.9551239,3.3303938
2020-02-20 18:00:00,268.992,257.75092,-0.95155334,3.3259735
2020-02-20 19:00:00,268.32465,257.21432,-1.1177063,3.508316
2020-02-20 20:00:00,268.36792,256.9181,-1.1363373,3.5162868
2020-02-20 21:00:00,268.2201,256.5376,-1.1500854,3.5972557
2020-02-20 22:00:00,268.27542,256.16034,-1.1149597,3.655754
2020-02-20 23:00:00,268.3995,255.80093,-1.0779724,3.7047997
2020-02-21 00:00:00,268.6538,255.36288,-1.056488,3.7072582
2020-02-21 01:00:00,269.12064,254.9811,-1.049469,3.735629
2020-02-21 02:00:00,269.0383,254.38503,-1.0684662,3.7960672
2020-02-21 03:00:00,269.9735,254.6725,-1.0258942,3.6555672
2020-02-21 04:00:00,271.6141,256.19666,-0.86598206,3.4240513
2020-02-21 05:00:00,273.22296,258.48114,-0.73838806,3.176219
2020-02-21 06:00:00,275.01147,260.9284,-0.70654297,2.9265099
2020-02-21 07:00:00,275.9292,263.58212,-0.9687195,2.7548199
2020-02-21 08:00:00,278.38315,264.30267,-0.9738312,2.4367847
2020-02-21 09:00:00,279.30267,264.54535,-0.82748413,2.2990952
2020-02-21 10:00:00,278.23474,264.70087,-0.71824646,2.4495602
2020-02-21 11:00:00,276.44205,264.11322,-0.7435303,2.739542
2020-02-21 12:00:00,274.93646,262.32532,-0.74090576,2.9696178
2020-02-21 13:00:00,274.08954,260.42502,-0.708786,3.0584145
2020-02-21 14:00:00,274.46997,259.27618,-0.6989136,2.9859486
2020-02-21 15:00:00,274.35687,258.08795,-0.8507385,3.016098
2020-02-21 16:00:00,274.0443,256.80927,-0.9243469,3.0695553
2020-02-21 17:00:00,274.87482,255.7417,-0.7973175,2.9469776
2020-02-21 18:00:00,276.26242,254.95297,-0.615036,2.7479057
2020-02-21 19:00:00,274.92706,255.0825,-0.6378784,3.0082932
2020-02-21 20:00:00,276.47342,254.9417,-0.46702576,2.7531395
2020-02-21 21:00:00,275.88245,256.029,-0.44487,2.801013
2020-02-21 22:00:00,275.8712,257.9784,-0.2086029,2.748374
2020-02-21 23:00:00,275.86636,259.86264,-0.08169556,2.6561518
2020-02-22 00:00:00,274.98413,260.3647,-0.19468689,2.724615
2020-02-22 01:00:00,273.4265,259.62878,-0.44075012,2.8168173
2020-02-22 02:00:00,271.81683,258.5692,-0.6818085,2.9652958
2020-02-22 03:00:00,271.6025,258.37408,-0.81336975,3.0056887
2020-02-22 04:00:00,272.69067,259.02213,-0.8852844,2.8000565
2020-02-22 05:00:00,274.64062,260.38425,-0.875885,2.419217
2020-02-22 06:00:00,278.55447,260.86633,-0.738739,1.6746807
2020-02-22 07:00:00,280.5982,262.14093,-0.5305481,1.1323786
2020-02-22 08:00:00,280.73126,263.11884,-0.34563923,0.53739643
2020-02-22 09:00:00,280.27713,263.11206,-0.21676445,0.26066494
2020-02-22 10:00:00,279.7843,262.77533,-0.032206535,-0.083901405
2020-02-22 11:00:00,278.26974,263.86853,0.30435276,-0.67541313
2020-02-22 12:00:00,276.55466,265.54932,-0.28408718,0.054023743
2020-02-22 13:00:00,275.24994,265.84808,-0.9068899,1.0476608
2020-02-22 14:00:00,274.77618,266.06335,-0.8526182,1.2089348
2020-02-22 15:00:00,274.41766,266.36368,-0.746932,1.2871094
2020-02-22 16:00:00,273.92334,266.37283,-0.65766144,1.3710785
2020-02-22 17:00:00,273.72778,266.36835,-0.6077194,1.4438171
2020-02-22 18:00:00,273.32947,266.0827,-0.5158453,1.5473328
2020-02-22 19:00:00,273.01022,265.34515,-0.10279846,1.2525482
2020-02-22 20:00:00,272.81995,265.1658,-0.07048035,1.2484131
2020-02-22 21:00:00,272.66818,264.4972,-0.043792725,1.2794342
2020-02-22 22:00:00,272.14172,263.63092,-0.2440033,1.646164
2020-02-22 23:00:00,272.17035,263.30902,-0.26176262,1.6649933
2020-02-23 00:00:00,272.19037,263.0351,-0.31222534,1.66362
2020-02-23 01:00:00,271.29535,262.63745,-0.35334778,1.7879333
2020-02-23 02:00:00,270.49854,262.11053,-0.3988495,1.9117718
2020-02-23 03:00:00,269.7659,261.71698,-0.42204285,2.01445
2020-02-23 04:00:00,272.77805,262.8761,-0.4113922,1.5596313
2020-02-23 05:00:00,273.59058,263.4646,-0.46316528,1.2676392
2020-02-23 06:00:00,274.46518,264.35562,-0.49971008,0.7193527
2020-02-23 07:00:00,275.1456,264.89642,-0.40766907,-0.06668663
2020-02-23 08:00:00,275.3449,264.81943,-0.36872864,-0.31113243
2020-02-23 09:00:00,275.3777,265.1571,-0.41281128,-0.43002892
2020-02-23 10:00:00,275.1792,265.45163,-0.58354187,-0.27514458
2020-02-23 11:00:00,274.55438,265.37024,-0.70777893,0.48064613
2020-02-23 12:00:00,273.90375,264.88232,-0.7451019,1.1578159
2020-02-23 13:00:00,272.37628,264.20697,-0.744751,1.5287876
2020-02-23 14:00:00,271.7292,263.6772,-0.7050781,1.6762619
2020-02-23 15:00:00,271.3658,263.3714,-0.61901855,1.7936544
2020-02-23 16:00:00,270.40088,262.83057,-0.6118164,1.9835653
2020-02-23 17:00:00,269.59625,262.1698,-0.66093445,2.1536007
2020-02-23 18:00:00,269.36115,261.62775,-0.66615295,2.213169
2020-02-23 19:00:00,270.0782,261.03894,-0.53004456,2.2031279
2020-02-23 20:00:00,270.09338,260.58295,-0.5393982,2.1973553
2020-02-23 21:00:00,270.04697,260.22702,-0.4797516,2.2036257
2020-02-23 22:00:00,270.00906,259.95764,-0.46429443,2.1999054
2020-02-23 23:00:00,269.93408,259.98132,-0.5016632,2.2005615
2020-02-24 00:00:00,270.43292,260.13696,-0.46014404,2.1308136
2020-02-24 01:00:00,271.62283,260.76636,-0.34643555,1.9856567
2020-02-24 02:00:00,271.61987,261.11197,-0.37527466,1.9423676
2020-02-24 03:00:00,271.70752,261.57104,-0.44525146,1.8903046
2020-02-24 04:00:00,272.37543,262.19574,-0.45814514,1.7435455
2020-02-24 05:00:00,273.88705,262.87625,-0.47584534,1.4931335
2020-02-24 06:00:00,275.24445,263.6723,-0.42018127,1.1252289
2020-02-24 07:00:00,276.8557,263.7394,-0.3750763,0.23551941
2020-02-24 08:00:00,277.10968,264.29892,-0.5074005,-0.4381714
2020-02-24 09:00:00,277.08704,264.90088,-0.5186615,-0.37071228
2020-02-24 10:00:00,276.9322,265.43353,-0.52290344,-0.31103516
2020-02-24 11:00:00,276.3225,265.72702,-0.1789856,0.21708679
2020-02-24 12:00:00,275.6954,266.02005,0.26387024,0.6639128
2020-02-24 13:00:00,274.93063,266.83118,0.26637268,1.0719576
2020-02-24 14:00:00,273.45886,267.10284,0.1710968,1.3680267
2020-02-24 15:00:00,272.4926,267.44373,0.1734314,1.5275698
2020-02-24 16:00:00,272.59753,268.27988,0.39141846,1.4513235
2020-02-24 17:00:00,272.4651,269.15436,0.36520386,1.4713745
2020-02-24 18:00:00,271.55,268.302,-0.12637329,1.7805023
2020-02-24 19:00:00,271.2917,267.04578,-0.24082947,1.9109488
2020-02-24 20:00:00,271.25552,266.38647,-0.40335083,1.9005003
2020-02-24 21:00:00,270.72357,265.44754,-0.514801,2.042099
2020-02-24 22:00:00,270.47165,264.82623,-0.5518036,2.1550007
2020-02-24 23:00:00,269.8249,264.1728,-0.6043854,2.337267
2020-02-25 00:00:00,269.6819,263.83948,-0.54537964,2.3849268
2020-02-25 01:00:00,270.28326,263.8614,-0.4779358,2.3447132
2020-02-25 02:00:00,270.7842,263.56458,-0.40553284,2.2619848
2020-02-25 03:00:00,271.73853,263.68042,-0.42921448,2.106144
2020-02-25 04:00:00,274.54688,264.73026,-0.36154175,1.6610937
2020-02-25 05:00:00,276.0252,265.40475,-0.34223938,1.0490112
2020-02-25 06:00:00,276.844,265.89398,-0.22911072,0.35690308
2020-02-25 07:00:00,277.20612,267.7426,0.23885155,-0.20715332
2020-02-25 08:00:00,277.46396,268.25287,0.2926035,-0.22582626
2020-02-25 09:00:00,277.66302,268.73605,0.01788044,-0.16467571
2020-02-25 10:00:00,277.78564,269.1264,-0.31541157,-0.16176033
2020-02-25 11:00:00,277.4014,269.06348,-0.68129635,0.62597656
2020-02-25 12:00:00,276.5446,268.01117,-0.869298,1.3316803
2020-02-25 13:00:00,272.3946,265.51727,-1.0466194,2.0986633
2020-02-25 14:00:00,269.56506,263.50842,-1.2728434,2.6483822
2020-02-25 15:00:00,268.6362,262.355,-1.3733387,3.182372
2020-02-25 16:00:00,268.46967,261.9215,-1.3935461,3.588336
2020-02-25 17:00:00,268.79834,262.174,-1.3966084,3.7711725
2020-02-25 18:00:00,269.15955,262.57056,-1.4394016,3.810276
2020-02-25 19:00:00,269.4887,263.01288,-1.3512154,3.9354954
2020-02-25 20:00:00,269.80774,262.90155,-1.3882179,3.7621155
2020-02-25 21:00:00,269.70795,262.5799,-1.3648682,3.7610626
2020-02-25 22:00:00,269.47003,262.26804,-1.2236481,3.7196655
2020-02-25 23:00:00,269.3964,262.0913,-1.1450195,3.6293488
2020-02-26 00:00:00,269.00302,261.4618,-1.2628326,3.7243195
2020-02-26 01:00:00,268.785,260.8197,-1.4064178,3.9488716
2020-02-26 02:00:00,268.88788,260.60327,-1.4291229,4.135906
2020-02-26 03:00:00,269.9212,261.55624,-1.2150879,3.8165264
2020-02-26 04:00:00,271.38818,263.3759,-1.011734,3.3104095
2020-02-26 05:00:00,272.73737,265.14108,-1.0726929,2.8780766
2020-02-26 06:00:00,274.84186,267.16028,-1.0602112,2.3214607
2020-02-26 07:00:00,278.10574,268.4535,-1.0514832,1.8452816
2020-02-26 08:00:00,278.7445,269.27228,-1.4246979,1.6179523
2020-02-26 09:00:00,278.6564,269.6311,-1.5639648,1.6906986
2020-02-26 10:00:00,279.14917,268.41614,-1.2897339,1.8577576
2020-02-26 11:00:00,276.72372,267.83435,-1.5246277,2.3226357
2020-02-26 12:00:00,275.3112,265.93393,-1.8131866,3.1212463
2020-02-26 13:00:00,274.23505,264.3122,-1.6239014,3.6392975
2020-02-26 14:00:00,274.23553,263.89133,-1.1888275,3.5687408
2020-02-26 15:00:00,274.83224,264.27188,-0.83052063,3.2391968
2020-02-26 16:00:00,275.25732,264.34296,-0.5738983,3.0352936
2020-02-26 17:00:00,275.4185,264.55447,-0.6193695,2.9855804
2020-02-26 18:00:00,275.87274,264.94244,-0.5541687,2.8530884
2020-02-26 19:00:00,275.5537,265.82794,-0.55093384,2.7888489
2020-02-26 20:00:00,276.1312,266.2934,-0.2801056,2.5873566
2020-02-26 21:00:00,276.0064,266.0735,-0.119506836,2.5175323
2020-02-26 22:00:00,276.84955,266.35614,0.18217468,2.1729279
2020-02-26 23:00:00,279.77264,266.31244,0.6294708,1.0452633
2020-02-27 00:00:00,278.39526,266.62653,-0.31362915,1.0815487
2020-02-27 01:00:00,276.52545,266.93372,-0.2566986,1.2250099
2020-02-27 02:00:00,275.5524,268.5489,-0.09007263,-0.31181526
2020-02-27 03:00:00,273.55264,269.47577,-0.29019165,-0.74952507
2020-02-27 04:00:00,271.99643,269.9323,-0.42939758,-0.33490753
2020-02-27 05:00:00,271.7603,270.11346,-0.24958801,-0.5652962
2020-02-27 06:00:00,271.66785,270.34918,-0.21969604,-0.62031364
2020-02-27 07:00:00,271.68567,270.35315,-0.13934326,-0.69608307
2020-02-27 08:00:00,271.81546,270.5984,-0.3234558,-0.5136509
2020-02-27 09:00:00,271.98196,270.8676,-0.31433105,-0.4196415
2020-02-27 10:00:00,272.09982,271.01837,-0.13554382,-0.23239517
2020-02-27 11:00:00,272.10498,271.04846,-0.1289978,0.22424507
2020-02-27 12:00:00,272.1911,271.07568,0.016021729,0.1560955
2020-02-27 13:00:00,272.05823,270.90607,0.11048889,0.08444595
2020-02-27 14:00:00,271.71,270.70862,0.13955688,0.15628052
2020-02-27 15:00:00,271.36392,270.43756,0.22555542,0.2143116
2020-02-27 16:00:00,271.1001,270.26123,0.38172913,-0.07215881
2020-02-27 17:00:00,270.7574,270.2412,0.4224701,-0.11791992
2020-02-27 18:00:00,270.44232,270.1554,0.19714355,0.21125793
2020-02-27 19:00:00,270.1446,269.38904,0.06037903,0.31637573
2020-02-27 20:00:00,269.9162,268.86188,-0.15837097,0.6697235
2020-02-27 21:00:00,268.91577,267.67776,-0.2883606,1.0700121
2020-02-27 22:00:00,266.81775,265.55823,-0.38755798,1.652359
2020-02-27 23:00:00,268.01758,265.37268,-0.32136536,1.355896
2020-02-28 00:00:00,267.37372,264.5116,-0.40150452,1.472168
2020-02-28 01:00:00,266.0277,262.93793,-0.4915161,1.8050385
2020-02-28 02:00:00,265.5788,262.1317,-0.5429077,1.9253235
2020-02-28 03:00:00,267.24185,262.04742,-0.5793915,1.6789856
2020-02-28 04:00:00,270.6138,262.37183,-0.50808716,0.87358093
2020-02-28 05:00:00,271.57196,262.32455,-0.43955994,0.023646355
2020-02-28 06:00:00,272.15216,262.61975,-0.41329956,-0.56253815
2020-02-28 07:00:00,271.9855,266.9173,-0.09623718,-0.7632723
2020-02-28 08:00:00,272.986,266.63214,-0.29333496,-0.8211155
2020-02-28 09:00:00,272.67737,267.53583,-0.49391174,-0.7600908
2020-02-28 10:00:00,272.96844,267.41614,-0.48446655,-0.71086216
2020-02-28 11:00:00,273.29675,266.69592,-0.3994751,-0.31409168
2020-02-28 12:00:00,272.7686,266.55756,-0.3968811,0.63470364
2020-02-28 13:00:00,271.85504,265.7743,-0.53326416,1.4767218
2020-02-28 14:00:00,269.74323,264.18878,-0.5612793,1.8897066
2020-02-28 15:00:00,268.87628,263.2305,-0.57766724,2.029128
2020-02-28 16:00:00,267.65247,262.1254,-0.68444824,2.2445078
2020-02-28 17:00:00,266.53262,261.07312,-0.82077026,2.4705257
2020-02-28 18:00:00,265.96564,260.16797,-0.88635254,2.5840569
2020-02-28 19:00:00,266.53638,258.4675,-0.88920593,2.576374
2020-02-28 20:00:00,267.0433,257.90216,-0.8594208,2.4772587
2020-02-28 21:00:00,266.81183,256.91113,-0.8355255,2.5607529
2020-02-28 22:00:00,266.96838,255.91573,-0.7582245,2.5582218
2020-02-28 23:00:00,267.3816,254.92949,-0.6954956,2.501068
2020-02-29 00:00:00,267.2478,253.82053,-0.6898041,2.552063
2020-02-29 01:00:00,267.44537,253.13954,-0.69421387,2.616106
2020-02-29 02:00:00,267.5427,252.36809,-0.6969147,2.6163712
2020-02-29 03:00:00,269.12766,252.55954,-0.6953583,2.407236
2020-02-29 04:00:00,273.9687,252.7511,-0.49969482,1.7586308
2020-02-29 05:00:00,275.48257,254.34259,-0.42645264,1.3193207
2020-02-29 06:00:00,276.47675,256.83148,-0.39787292,0.7944641
2020-02-29 07:00:00,277.5792,262.0145,-0.57081604,0.4203558
2020-02-29 08:00:00,278.08337,263.6724,-0.5858002,0.10696125
2020-02-29 09:00:00,278.28674,264.92908,-0.61557007,0.16425705
2020-02-29 10:00:00,278.18246,265.79932,-0.6317749,0.4583683
2020-02-29 11:00:00,277.5207,266.10556,-0.570755,0.97691536
2020-02-29 12:00:00,275.951,265.4963,-0.59809875,1.6434498
2020-02-29 13:00:00,272.56207,263.45166,-0.7675781,2.2585516
2020-02-29 14:00:00,270.29706,261.23907,-0.8840027,2.6352396
2020-02-29 15:00:00,269.04892,259.50256,-0.92485046,2.8934011
2020-02-29 16:00:00,268.594,258.08447,-0.9747009,2.9961405
2020-02-29 17:00:00,268.54593,256.8656,-0.99710083,3.0257177
2020-02-29 18:00:00,268.25134,255.86977,-0.9709015,3.102419
2020-02-29 19:00:00,266.76053,254.60907,-1.1232452,3.6797638
2020-02-29 20:00:00,266.75897,254.20464,-1.1096039,3.595398
2020-02-29 21:00:00,266.5264,253.72449,-1.1285858,3.6268005
2020-02-29 22:00:00,266.29147,253.2602,-1.1213074,3.6324463
2020-02-29 23:00:00,266.21664,252.71193,-1.1168823,3.604782
2020-03-01 00:00:00,266.4276,252.06241,-1.0582123,3.5908966
2020-03-01 01:00:00,267.1594,251.78932,-0.9631195,3.5329285
2020-03-01 02:00:00,267.49622,251.80814,-0.9325104,3.4888306
2020-03-01 03:00:00,269.92136,253.65242,-0.8625488,3.1246185
2020-03-01 04:00:00,274.25073,255.67622,-0.7054291,2.4514465
2020-03-01 05:00:00,277.8368,256.94113,-0.49143982,1.9748535
2020-03-01 06:00:00,280.50073,257.59955,-0.34425354,1.4154053
2020-03-01 07:00:00,281.03445,262.9681,-0.6480713,1.0423737
2020-03-01 08:00:00,281.498,265.49658,-0.5608368,0.78038025
2020-03-01 09:00:00,281.53064,267.25055,-0.5042267,0.7743988
2020-03-01 10:00:00,281.19397,268.1947,-0.54629517,1.0760651
2020-03-01 11:00:00,279.8034,268.1742,-0.65045166,1.5982819
2020-03-01 12:00:00,276.37534,266.8761,-0.58161926,2.2634888
2020-03-01 13:00:00,273.64902,264.7918,-0.7345123,2.772644
2020-03-01 14:00:00,271.5139,263.12677,-0.85617065,3.1605835
2020-03-01 15:00:00,270.3687,262.37848,-0.9297333,3.4181213
2020-03-01 16:00:00,270.1073,262.26294,-0.9925232,3.4949188
2020-03-01 17:00:00,270.0274,262.17505,-1.0226746,3.5217133
2020-03-01 18:00:00,269.98453,262.163,-0.986496,3.5293121
2020-03-01 19:00:00,269.9634,264.87927,-1.1327972,3.7163696
2020-03-01 20:00:00,270.13513,265.41058,-1.0900269,3.593155
2020-03-01 21:00:00,270.0733,265.6986,-1.112915,3.6548157
2020-03-01 22:00:00,270.09998,265.85608,-1.0920258,3.6180878
2020-03-01 23:00:00,270.0541,265.7004,-1.0887299,3.5719147
2020-03-02 00:00:00,269.903,265.19888,-1.0775299,3.5216827
2020-03-02 01:00:00,269.8094,264.75513,-1.0909576,3.4940186
2020-03-02 02:00:00,269.65784,264.04962,-1.0874939,3.4972534
2020-03-02 03:00:00,271.0107,264.52054,-1.0238037,3.096054
2020-03-02 04:00:00,275.00568,265.90128,-0.8678894,2.4375763
2020-03-02 05:00:00,278.81134,267.06757,-0.7981262,1.8137512
2020-03-02 06:00:00,282.3004,267.30316,-0.8040161,1.084259
2020-03-02 07:00:00,282.78836,270.1297,-0.9632263,0.7978668
2020-03-02 08:00:00,283.1656,270.8411,-0.9685974,0.5071564
2020-03-02 09:00:00,283.18015,271.28677,-0.9319916,0.4747467
2020-03-02 10:00:00,282.8527,271.6134,-0.8942261,0.66729736
2020-03-02 11:00:00,282.1271,271.65268,-0.7750397,1.148941
2020-03-02 12:00:00,278.9781,270.5594,-0.68426514,1.8642731
2020-03-02 13:00:00,276.13828,268.68304,-0.6599426,2.4384003
2020-03-02 14:00:00,273.8011,267.63318,-0.73698425,2.8460999
2020-03-02 15:00:00,272.78915,267.4535,-0.9556732,3.3932219
2020-03-02 16:00:00,272.98248,267.3813,-1.0824738,3.6056194
2020-03-02 17:00:00,273.13824,267.4452,-1.1366577,3.59725
2020-03-02 18:00:00,273.12973,267.15857,-1.1946716,3.575201
2020-03-02 19:00:00,273.66797,269.1543,-1.2109375,3.6259985
2020-03-02 20:00:00,273.89667,269.08435,-1.1554718,3.465582
2020-03-02 21:00:00,273.79944,268.68967,-1.0871124,3.3789215
2020-03-02 22:00:00,273.83228,268.6623,-0.8682251,3.069109
2020-03-02 23:00:00,273.27075,268.76,-0.6950226,2.8257322
2020-03-03 00:00:00,272.47626,268.77832,-0.5522766,2.699417
2020-03-03 01:00:00,272.92804,268.85837,-0.27842712,2.3652725
2020-03-03 02:00:00,273.4411,269.52283,-0.1756134,2.1618967
2020-03-03 03:00:00,274.65686,269.99768,-0.21907043,1.8183708
2020-03-03 04:00:00,277.41653,270.40924,-0.124923706,0.95404816
2020-03-03 05:00:00,277.65765,270.72107,-0.027114868,0.2858925
2020-03-03 06:00:00,277.9309,271.24927,0.092041016,-0.12212181
2020-03-03 07:00:00,277.56506,273.1435,0.48988342,-0.46137905
2020-03-03 08:00:00,277.28088,273.54126,0.5904846,-0.325449
2020-03-03 09:00:00,277.11707,273.9201,0.52163696,-0.3661585
2020-03-03 10:00:00,276.70135,274.08157,0.6279297,-0.5861254
2020-03-03 11:00:00,276.22083,273.83472,0.5193939,-0.0580616
2020-03-03 12:00:00,275.5918,273.31177,0.37158203,0.19976902
2020-03-03 13:00:00,274.85858,272.807,0.18292236,0.51408863
2020-03-03 14:00:00,274.16086,272.09576,-0.04360962,0.7684994
2020-03-03 15:00:00,273.5882,271.2659,-0.0622406,1.0673199
2020-03-03 16:00:00,273.29938,270.52295,-0.0664978,1.0933247
2020-03-03 17:00:00,272.42932,269.65027,-0.07218933,1.1684065
2020-03-03 18:00:00,271.4162,268.84814,-0.05760193,1.3576508
2020-03-03 19:00:00,271.66858,268.57593,-0.09327698,1.2112579
2020-03-03 20:00:00,271.57275,268.06073,-0.1638031,1.1747704
2020-03-03 21:00:00,271.39398,267.45822,-0.14581299,1.2383728
2020-03-03 22:00:00,271.75488,267.19186,-0.24305725,1.125843
2020-03-03 23:00:00,271.4793,266.69455,-0.2627716,1.2211752
2020-03-04 00:00:00,271.6876,266.34866,-0.31228638,1.1701126
2020-03-04 01:00:00,270.88873,265.66907,-0.305542,1.2518034
2020-03-04 02:00:00,270.47278,265.47852,-0.33364773,1.3893147
2020-03-04 03:00:00,271.04926,266.23492,-0.32165337,1.2328415
2020-03-04 04:00:00,272.50235,267.7935,-0.16216755,0.680603
2020-03-04 05:00:00,273.18445,268.58145,-0.114655495,0.12371349
2020-03-04 06:00:00,273.7046,269.581,0.05397415,-0.46484566
2020-03-04 07:00:00,273.91284,270.58853,0.38252354,-0.7776756
2020-03-04 08:00:00,274.16144,271.2197,0.28528786,-0.7393341
2020-03-04 09:00:00,274.35907,271.83667,0.32953835,-0.9211731
2020-03-04 10:00:00,274.37506,272.52682,0.14854717,-0.71199036
2020-03-04 11:00:00,274.36746,272.1972,-0.064640045,-0.46788025
2020-03-04 12:00:00,274.08752,271.96402,-0.41553307,0.20956421
2020-03-04 13:00:00,273.18353,270.86646,-0.52186203,1.0754242
2020-03-04 14:00:00,271.34778,268.60577,-0.50166416,1.6585388
2020-03-04 15:00:00,269.72015,266.59183,-0.5267296,2.015482
2020-03-04 16:00:00,268.6671,265.15674,-0.6256046,2.2718954
2020-03-04 17:00:00,267.70502,264.0963,-0.77547455,2.4726562
2020-03-04 18:00:00,267.2644,263.46396,-0.8841028,2.637146
2020-03-04 19:00:00,267.27826,262.01825,-0.9632101,2.9583588
2020-03-04 20:00:00,267.22485,261.46973,-0.9275894,2.8682098
2020-03-04 21:00:00,267.02185,260.86255,-0.9487171,2.997738
2020-03-04 22:00:00,266.8371,260.3139,-0.9948883,3.054758
2020-03-04 23:00:00,266.66064,259.7153,-0.9434662,3.0462513
2020-03-05 00:00:00,266.61426,258.99402,-0.7844696,2.994174
2020-03-05 01:00:00,267.59265,258.7514,-0.6553631,2.8843384
2020-03-05 02:00:00,268.54816,258.62448,-0.6003704,2.7030888
2020-03-05 03:00:00,272.31448,260.40363,-0.43762207,2.1135387
2020-03-05 04:00:00,275.92847,263.10834,0.10786438,1.2730827
2020-03-05 05:00:00,276.68533,266.19513,0.32476807,0.7925606
2020-03-05 06:00:00,277.38528,268.9867,0.48291016,0.3243847
2020-03-05 07:00:00,278.3268,269.05658,0.5254822,-0.029521942
2020-03-05 08:00:00,278.6623,268.50735,0.6506653,-0.23893356
2020-03-05 09:00:00,278.58856,269.58398,0.7105713,-0.3474903
2020-03-05 10:00:00,278.26855,270.6906,0.54078674,-0.32689285
2020-03-05 11:00:00,277.68506,272.00616,0.38893127,0.4728241
2020-03-05 12:00:00,277.49054,272.1222,0.4131317,0.52285767
2020-03-05 13:00:00,276.92496,272.80118,0.4777527,0.8595581
2020-03-05 14:00:00,275.83737,273.14697,0.68229675,0.9948578
2020-03-05 15:00:00,274.53955,273.4396,1.0228577,0.967926
2020-03-05 16:00:00,273.96515,273.22858,0.7742615,1.2021179
2020-03-05 17:00:00,274.2303,273.50256,0.7331848,0.90758324
2020-03-05 18:00:00,274.09534,273.6151,0.9200592,0.5634918
2020-03-05 19:00:00,273.10532,272.80164,1.4334259,-0.29603577
2020-03-05 20:00:00,272.80518,272.50638,1.2698517,-0.53479004
2020-03-05 21:00:00,272.52283,272.1299,1.197937,-0.7460022
2020-03-05 22:00:00,272.1459,271.73553,1.2237396,-0.60791016
2020-03-05 23:00:00,271.81323,271.46246,1.340271,-0.60935974
2020-03-06 00:00:00,271.41977,271.03278,1.4594421,-0.40341187
2020-03-06 01:00:00,271.09076,270.3821,1.4288483,0.0067596436
2020-03-06 02:00:00,270.89563,270.16693,1.4268646,0.66296387
2020-03-06 03:00:00,270.98126,269.94705,0.71629333,0.89172935
2020-03-06 04:00:00,271.46698,269.84772,0.7561493,0.59731007
2020-03-06 05:00:00,272.19635,269.48514,1.0373077,-0.080093384
2020-03-06 06:00:00,272.67178,268.85632,1.6224518,-0.18913269
2020-03-06 07:00:00,272.29272,269.4854,1.9946594,-0.54793453
2020-03-06 08:00:00,272.13934,270.0031,1.81781,-0.85639954
2020-03-06 09:00:00,271.7019,270.17233,1.3990631,-0.8486328
2020-03-06 10:00:00,271.48572,270.40805,1.3035431,-0.45707703
2020-03-06 11:00:00,271.15033,270.22714,0.94203186,-0.026062012
2020-03-06 12:00:00,271.03622,270.12482,0.9639435,-0.13697815
2020-03-06 13:00:00,270.38086,269.4611,0.8517151,0.49871826
2020-03-06 14:00:00,270.20197,269.08954,0.7892914,0.4742279
2020-03-06 15:00:00,270.0335,268.93585,0.6790619,0.6128235
2020-03-06 16:00:00,269.88504,268.6233,0.5452423,0.7770443
2020-03-06 17:00:00,269.90158,268.38202,0.6370697,0.7196045
2020-03-06 18:00:00,270.15283,268.45514,0.61576843,0.63482666
2020-03-06 19:00:00,270.11212,268.0633,0.61065674,0.09350586
2020-03-06 20:00:00,269.33307,268.0962,0.81803894,-0.2718811
2020-03-06 21:00:00,268.78702,267.81558,0.9217529,-0.53964233
2020-03-06 22:00:00,268.58517,267.9009,0.9788666,-0.724823
2020-03-06 23:00:00,267.8676,267.2172,1.0652466,-0.83262634
2020-03-07 00:00:00,267.30176,266.83136,1.0980225,-0.35979939
2020-03-07 01:00:00,266.01666,265.41885,1.1656799,-0.33574295
2020-03-07 02:00:00,265.4949,264.83344,1.2491455,-0.37979126
2020-03-07 03:00:00,265.10486,264.3917,1.3554077,-0.6034088
2020-03-07 04:00:00,264.78906,264.042,1.5201721,-0.66075134
2020-03-07 05:00:00,264.59787,263.59555,1.7151794,-0.67868423
2020-03-07 06:00:00,264.45563,263.1629,1.6977539,-0.9398346
2020-03-07 07:00:00,264.04153,262.5349,1.6122894,-1.0906372
2020-03-07 08:00:00,263.45218,262.2427,1.1988373,-1.0050964
2020-03-07 09:00:00,263.46094,261.26465,1.3750458,-1.031189
2020-03-07 10:00:00,263.374,261.31824,1.0697937,-0.7010498
2020-03-07 11:00:00,263.30756,261.3799,0.94692993,-0.13800049
2020-03-07 12:00:00,263.2798,261.29016,0.7644501,0.20010376
2020-03-07 13:00:00,262.8321,261.22156,0.4845276,0.5047455
2020-03-07 14:00:00,262.39648,260.80466,0.25080872,1.0591583
2020-03-07 15:00:00,262.38196,260.05627,0.13989258,0.9135437
2020-03-07 16:00:00,262.5152,258.9921,0.18544006,0.6110077
2020-03-07 17:00:00,262.2301,258.3553,0.03933716,0.8935089
2020-03-07 18:00:00,262.17023,257.50598,-0.061767578,1.1652069
2020-03-07 19:00:00,260.92987,255.84422,-0.144104,1.4048309
2020-03-07 20:00:00,260.84134,255.06206,-0.31202698,1.5474701
2020-03-07 21:00:00,261.4206,254.45679,-0.3835907,1.5718689
2020-03-07 22:00:00,262.39148,253.8662,-0.34162903,1.5181122
2020-03-07 23:00:00,262.40417,252.892,-0.31806946,1.5908203
2020-03-08 00:00:00,262.14413,251.9881,-0.30552673,1.7055054
2020-03-08 01:00:00,260.98407,250.6729,-0.35679626,1.8164062
2020-03-08 02:00:00,260.96222,250.30856,-0.33909607,1.9036102
2020-03-08 03:00:00,262.67993,250.84576,-0.17118835,1.7197571
2020-03-08 04:00:00,264.76855,252.46362,0.11727905,1.2520294
2020-03-08 05:00:00,266.01727,254.79353,0.35282898,0.66004944
2020-03-08 06:00:00,267.1327,256.56155,0.4041748,0.24275208
2020-03-08 07:00:00,267.92328,258.60944,0.35687256,-0.20028687
2020-03-08 08:00:00,268.4162,259.5617,0.43632507,-0.24707031
2020-03-08 09:00:00,268.71555,260.45203,0.4666443,-0.17537975
2020-03-08 10:00:00,268.82074,261.27368,0.3628235,-0.022693634
2020-03-08 11:00:00,268.54785,261.64554,0.2585144,0.35048676
2020-03-08 12:00:00,268.0797,261.30426,0.057647705,1.0701962
2020-03-08 13:00:00,267.1155,260.12744,-0.12838745,1.7166519
2020-03-08 14:00:00,265.30405,258.09232,-0.22454834,2.0582619
2020-03-08 15:00:00,264.37784,256.53033,-0.266037,2.2528572
2020-03-08 16:00:00,263.1732,254.9331,-0.4160614,2.4756622
2020-03-08 17:00:00,262.3912,253.55135,-0.584198,2.654728
2020-03-08 18:00:00,262.18506,252.4423,-0.6852417,2.728119
2020-03-08 19:00:00,262.60513,252.45715,-0.6828308,2.5865126
2020-03-08 20:00:00,262.72583,252.05588,-0.70758057,2.5847569
2020-03-08 21:00:00,262.30817,251.56322,-0.82940674,2.690628
2020-03-08 22:00:00,262.12253,251.13329,-0.89334106,2.756134
2020-03-08 23:00:00,262.30078,250.78387,-0.9463959,2.7622862
2020-03-09 00:00:00,262.77466,250.38051,-0.9831085,2.7198362
2020-03-09 01:00:00,264.36157,250.6259,-0.9479523,2.655013
2020-03-09 02:00:00,264.9553,250.29485,-0.8911133,2.6148424
2020-03-09 03:00:00,266.2812,250.83943,-0.855896,2.4474554
2020-03-09 04:00:00,268.88556,252.87427,-0.714386,2.092392
2020-03-09 05:00:00,272.55463,254.85382,-0.36499023,1.6198273
2020-03-09 06:00:00,273.49298,256.8722,-0.07862854,1.0988007
2020-03-09 07:00:00,273.937,260.61908,0.026916504,0.7288208
2020-03-09 08:00:00,274.7305,262.0558,0.076828,0.39561462
2020-03-09 09:00:00,274.92407,263.02313,0.112457275,0.2607422
2020-03-09 10:00:00,274.74347,263.76035,0.031906128,0.41949463
2020-03-09 11:00:00,274.16937,264.09433,-0.0010986328,0.793396
2020-03-09 12:00:00,273.37482,263.93768,-0.13568115,1.3708191
2020-03-09 13:00:00,271.92245,262.93652,-0.23155212,1.83107
2020-03-09 14:00:00,270.1576,261.77856,-0.2755432,2.0509796
2020-03-09 15:00:00,268.36932,260.5921,-0.37471008,2.2966766
2020-03-09 16:00:00,266.23312,259.2754,-0.5917969,2.5914154
2020-03-09 17:00:00,264.78662,258.21466,-0.7310791,2.819419
2020-03-09 18:00:00,264.03906,257.4405,-0.8121033,2.9158783
2020-03-09 19:00:00,265.2166,257.0265,-0.72106934,2.728589
2020-03-09 20:00:00,266.48474,257.19086,-0.6760559,2.4322386
2020-03-09 21:00:00,266.59473,256.86377,-0.6643524,2.4028425
2020-03-09 22:00:00,265.59796,256.2446,-0.7435608,2.512436
2020-03-09 23:00:00,265.54858,255.85924,-0.7539978,2.4990082
2020-03-10 00:00:00,265.5406,255.62505,-0.73820496,2.4808502
2020-03-10 01:00:00,266.31723,256.2284,-0.65953064,2.392212
2020-03-10 02:00:00,266.98895,257.17535,-0.62750244,2.274475
2020-03-10 03:00:00,269.49536,259.0932,-0.5322113,1.8777161
2020-03-10 04:00:00,271.93872,260.24323,-0.19242859,1.2304077
2020-03-10 05:00:00,272.60373,261.25543,-0.012832642,0.75180054
2020-03-10 06:00:00,273.38925,261.89838,0.24220276,0.3486328
2020-03-10 07:00:00,273.78333,262.45264,0.5622864,-0.10998535
2020-03-10 08:00:00,273.99628,263.41284,0.70277405,-0.40144348
2020-03-10 09:00:00,273.7818,264.60217,0.6393738,-0.57450867
2020-03-10 10:00:00,273.70453,265.1365,0.552063,-0.3465271
2020-03-10 11:00:00,273.35733,265.63678,0.36375427,0.17532349
2020-03-10 12:00:00,272.85974,265.5722,0.025283813,0.6478424
2020-03-10 13:00:00,272.07123,265.10394,-0.22015381,1.3124237
2020-03-10 14:00:00,270.62708,263.8,-0.3709259,1.7205505
2020-03-10 15:00:00,268.29,262.07654,-0.4776001,2.059967
2020-03-10 16:00:00,266.30957,260.5697,-0.59158325,2.351715
2020-03-10 17:00:00,265.20602,260.08575,-0.6637268,2.5317383
2020-03-10 18:00:00,264.6242,259.73923,-0.73661804,2.634613
2020-03-10 19:00:00,264.96155,259.04156,-0.7120514,2.560913
2020-03-10 20:00:00,265.34412,259.0232,-0.7067108,2.4179382
2020-03-10 21:00:00,264.50803,258.28772,-0.7721863,2.5527496
2020-03-10 22:00:00,264.289,257.94946,-0.75923157,2.5938873
2020-03-10 23:00:00,264.12042,257.51886,-0.7986603,2.617096
2020-03-11 00:00:00,263.98004,257.2446,-0.83099365,2.6384735
2020-03-11 01:00:00,264.09473,257.03723,-0.8331604,2.6275635
2020-03-11 02:00:00,264.6723,257.16666,-0.84854126,2.5179596
2020-03-11 03:00:00,268.35632,259.22513,-0.7844696,1.9445038
2020-03-11 04:00:00,271.94485,259.61133,-0.3925476,1.1105042
2020-03-11 05:00:00,272.74762,260.58636,-0.2536316,0.6821289
2020-03-11 06:00:00,273.60526,261.5323,-0.093185425,0.18231201
2020-03-11 07:00:00,274.03558,261.19592,0.29060364,-0.50660706
2020-03-11 08:00:00,274.2744,262.02795,0.29666138,-0.6807251
2020-03-11 09:00:00,274.39142,262.91827,0.15788269,-0.7650604
2020-03-11 10:00:00,274.46106,263.34198,0.011581421,-0.58847046
2020-03-11 11:00:00,274.1803,263.79932,-0.17991638,-0.03152466
2020-03-11 12:00:00,273.6197,263.92557,-0.3752594,0.6226349
2020-03-11 13:00:00,272.80933,263.2979,-0.49935913,1.4584808
2020-03-11 14:00:00,269.62955,261.67896,-0.57354736,2.0494537
2020-03-11 15:00:00,267.0872,260.09167,-0.71162415,2.4398499
2020-03-11 16:00:00,265.7517,258.99725,-0.8327637,2.6752472
2020-03-11 17:00:00,265.0154,258.07266,-0.9138489,2.8144836
2020-03-11 18:00:00,265.1471,257.63748,-0.93099976,2.7740784
2020-03-11 19:00:00,265.76196,256.87653,-0.79855347,2.7173462
2020-03-11 20:00:00,266.22607,256.6554,-0.7541046,2.5923462
2020-03-11 21:00:00,265.73993,256.3046,-0.79525757,2.6697998
2020-03-11 22:00:00,264.82965,255.92732,-0.8460846,2.8352509
2020-03-11 23:00:00,264.08704,255.74748,-0.9122772,2.9723053
2020-03-12 00:00:00,263.54343,255.5325,-0.98457336,3.053421
2020-03-12 01:00:00,263.3332,255.55533,-1.0325012,3.1025238
2020-03-12 02:00:00,263.55014,256.0689,-1.0569916,3.1474152
2020-03-12 03:00:00,265.78595,258.45105,-0.78256226,2.6841583
2020-03-12 04:00:00,270.90723,261.5475,-0.3712616,1.811676
2020-03-12 05:00:00,274.21942,263.90112,-0.2528839,1.258606
2020-03-12 06:00:00,275.74307,265.38263,-0.22476196,0.79447937
2020-03-12 07:00:00,277.0,264.95706,-0.027389526,0.18875122
2020-03-12 08:00:00,277.63602,265.12976,0.03300476,-0.024490356
2020-03-12 09:00:00,277.93607,265.5785,0.0697937,-0.17555237
2020-03-12 10:00:00,277.96924,266.10394,-0.022323608,-0.079559326
2020-03-12 11:00:00,277.50012,266.44458,-0.07815552,0.3360443
2020-03-12 12:00:00,276.56842,266.39117,-0.15419006,0.9660492
2020-03-12 13:00:00,274.03268,265.01193,-0.33551025,1.8288422
2020-03-12 14:00:00,270.92172,263.71814,-0.5064392,2.39888
2020-03-12 15:00:00,270.60565,263.56134,-0.4347992,2.4594269
2020-03-12 16:00:00,270.05927,263.53238,-0.41305542,2.5562286
2020-03-12 17:00:00,269.14502,263.10614,-0.53826904,2.7179413
2020-03-12 18:00:00,268.58978,262.57834,-0.5311127,2.8193512
2020-03-12 19:00:00,268.2735,260.8465,-0.42778015,2.8585663
2020-03-12 20:00:00,268.1018,260.50632,-0.35121155,2.804947
2020-03-12 21:00:00,268.0922,260.3807,-0.29864502,2.7142792
2020-03-12 22:00:00,268.854,260.58856,-0.21981812,2.507721
2020-03-12 23:00:00,270.3587,261.32196,-0.07672119,2.173294
2020-03-13 00:00:00,271.41507,262.14587,-0.0871582,1.9633179
2020-03-13 01:00:00,271.6225,262.7749,-0.092559814,1.9393921
2020-03-13 02:00:00,271.26495,262.94385,-0.072891235,1.9211063
2020-03-13 03:00:00,272.65692,263.9309,-0.19718933,1.635685
2020-03-13 04:00:00,274.36508,265.08234,-0.31495667,1.2958641
2020-03-13 05:00:00,275.9994,266.27264,-0.39668274,0.7311535
2020-03-13 06:00:00,277.2121,266.7448,-0.2447815,0.06846428
2020-03-13 07:00:00,277.81836,267.94873,0.12377167,-0.55727005
2020-03-13 08:00:00,277.1371,270.66254,0.062369347,-0.80120087
2020-03-13 09:00:00,278.16577,269.26947,0.16029644,-0.31635475
2020-03-13 10:00:00,278.36627,269.9766,0.20619392,-0.059417725
2020-03-13 11:00:00,278.026,270.5046,-0.092077255,0.22323608
2020-03-13 12:00:00,277.3181,270.38177,-0.41750336,0.7709503
2020-03-13 13:00:00,275.37006,269.0465,-0.614069,1.5989685
2020-03-13 14:00:00,271.94092,266.81262,-0.83563614,2.244051
2020-03-13 15:00:00,270.38187,265.46802,-0.92303085,2.5828953
2020-03-13 16:00:00,269.28406,264.49884,-1.0345764,2.9175243
2020-03-13 17:00:00,269.003,264.03687,-1.1097298,3.0891094
2020-03-13 18:00:00,268.75092,263.764,-1.1472168,3.2369251
2020-03-13 19:00:00,268.88516,262.9021,-1.1096821,3.4583435
2020-03-13 20:00:00,268.97745,262.7457,-1.0827808,3.3129787
2020-03-13 21:00:00,268.83264,262.42993,-1.0954809,3.3096008
2020-03-13 22:00:00,268.72894,262.1256,-1.1165447,3.3205776
2020-03-13 23:00:00,268.6637,261.8262,-1.1407623,3.3555775
2020-03-14 00:00:00,268.57697,261.47382,-1.1556702,3.420164
2020-03-14 01:00:00,268.73828,261.36432,-1.1291656,3.4745255
2020-03-14 02:00:00,269.1338,261.64236,-1.0753784,3.3446121
2020-03-14 03:00:00,271.45294,264.13007,-0.93141174,2.6981096
2020-03-14 04:00:00,277.02753,265.3297,-0.68263245,1.7023964
2020-03-14 05:00:00,279.8628,266.01358,-0.5721588,1.1019526
2020-03-14 06:00:00,280.75208,267.31757,-0.57037354,0.60928154
2020-03-14 07:00:00,281.607,267.7721,-0.5485077,0.16555786
2020-03-14 08:00:00,282.15024,266.79407,-0.46209717,-0.4135723
2020-03-14 09:00:00,282.13733,267.0738,-0.36010742,-0.77759075
2020-03-14 10:00:00,281.83023,267.95734,-0.30368042,-0.5422144
2020-03-14 11:00:00,281.17126,269.0064,-0.5675354,0.2529745
2020-03-14 12:00:00,280.45032,269.30814,-0.65335083,1.0252228
2020-03-14 13:00:00,277.33765,268.92996,-0.5445099,1.8246288
2020-03-14 14:00:00,273.99017,268.72064,-0.7397156,2.5283623
2020-03-14 15:00:00,273.206,267.96863,-1.0529938,3.1034145
2020-03-14 16:00:00,273.2472,267.52148,-1.2413177,3.361885
2020-03-14 17:00:00,273.087,267.33618,-1.162262,3.3952322
2020-03-14 18:00:00,272.64923,267.56366,-1.0994873,3.3840065
2020-03-14 19:00:00,272.55347,267.7406,-1.174881,3.5098114
2020-03-14 20:00:00,272.807,268.54553,-1.0734558,3.2263947
2020-03-14 21:00:00,272.41187,268.35376,-1.140625,3.2541504
2020-03-14 22:00:00,272.56952,268.4363,-1.123703,3.1336975
2020-03-14 23:00:00,272.825,268.58362,-1.1682892,3.038742
2020-03-15 00:00:00,272.54102,268.30573,-1.257843,3.0928802
2020-03-15 01:00:00,272.60205,268.05182,-1.2745361,3.1704407
2020-03-15 02:00:00,272.94373,267.8687,-1.2460327,3.0455627
2020-03-15 03:00:00,274.47946,269.8696,-0.93182373,2.2546997
2020-03-15 04:00:00,277.9865,270.60294,-0.6743927,1.237503
2020-03-15 05:00:00,280.28467,270.2658,-0.82237244,0.5951538
2020-03-15 06:00:00,281.39917,270.12958,-0.848999,0.096206665
2020-03-15 07:00:00,282.1322,269.38025,-0.76789856,-0.16899109
2020-03-15 08:00:00,282.56134,269.09244,-0.946228,-0.23103333
2020-03-15 09:00:00,282.8183,268.96033,-1.0355835,-0.37294006
2020-03-15 10:00:00,282.78192,268.99896,-1.074646,-0.053375244
2020-03-15 11:00:00,282.34637,269.7548,-0.9368439,0.50553894
2020-03-15 12:00:00,279.11047,270.78494,-1.1152191,1.3517914
2020-03-15 13:00:00,276.19812,269.55017,-1.4427338,2.5958252
2020-03-15 14:00:00,273.71695,267.46045,-1.5148163,3.5872498
2020-03-15 15:00:00,272.726,266.53748,-1.4141846,4.031296
2020-03-15 16:00:00,272.39697,265.9826,-1.423645,4.1853485
2020-03-15 17:00:00,272.23407,265.34833,-1.4367523,4.2379456
2020-03-15 18:00:00,272.2762,264.44214,-1.4267883,4.221237
2020-03-15 19:00:00,272.86426,264.28253,-1.3954315,4.155258
2020-03-15 20:00:00,273.1746,263.8412,-1.352066,4.029175
2020-03-15 21:00:00,273.11737,263.43213,-1.3658447,4.060684
2020-03-15 22:00:00,273.16913,263.05652,-1.3340607,4.03566
2020-03-15 23:00:00,273.36554,262.656,-1.2531433,3.951767
2020-03-16 00:00:00,273.4724,262.0761,-1.1505127,3.8209229
2020-03-16 01:00:00,273.1981,261.30292,-1.0681,3.678894
2020-03-16 02:00:00,273.44305,262.0155,-0.932724,3.3508606
2020-03-16 03:00:00,276.91254,265.0197,-0.65496826,2.456009
2020-03-16 04:00:00,282.02692,264.98718,-0.2818451,1.5027618
2020-03-16 05:00:00,283.63126,264.41455,-0.123168945,1.0277252
2020-03-16 06:00:00,284.33972,265.96555,-0.08905029,0.66093445
2020-03-16 07:00:00,285.14716,267.95245,-0.3315277,0.50997925
2020-03-16 08:00:00,285.6562,267.74402,-0.3500061,0.11314392
2020-03-16 09:00:00,285.80103,268.00317,-0.47958374,0.0259552
2020-03-16 10:00:00,285.63855,268.48102,-0.7120209,0.24987793
2020-03-16 11:00:00,285.17987,268.8102,-0.88653564,0.7037506
2020-03-16 12:00:00,282.8639,268.89185,-1.0891266,1.4407196
2020-03-16 13:00:00,279.43967,267.6554,-1.0543365,2.227188
2020-03-16 14:00:00,276.35767,264.48267,-0.983963,2.835785
2020-03-16 15:00:00,274.80927,263.24194,-0.99671936,3.1924286
2020-03-16 16:00:00,274.4428,262.92636,-1.0132294,3.2946625
2020-03-16 17:00:00,274.0584,262.84958,-1.0241394,3.33786
2020-03-16 18:00:00,273.96686,263.04187,-1.0411224,3.3370209
2020-03-16 19:00:00,273.84625,264.2563,-1.1886597,3.5614471
2020-03-16 20:00:00,274.1216,264.45972,-1.1795349,3.434784
2020-03-16 21:00:00,274.38678,264.5636,-1.2006531,3.4274693
2020-03-16 22:00:00,274.73407,264.95767,-1.1529236,3.309204
2020-03-16 23:00:00,274.66522,264.9344,-1.1210022,3.2213745
2020-03-17 00:00:00,274.59985,264.98364,-1.0626526,3.1555328
2020-03-17 01:00:00,274.2686,264.81744,-1.0427551,3.1520844
2020-03-17 02:00:00,274.7755,265.94287,-0.9570923,2.9659576
2020-03-17 03:00:00,279.27185,269.10147,-0.7130127,2.1680756
2020-03-17 04:00:00,284.50763,268.33813,-0.36642456,1.2561035
2020-03-17 05:00:00,285.118,268.37393,-0.16516113,0.7362213
2020-03-17 06:00:00,285.6989,269.52417,-0.06236267,0.34321594
2020-03-17 07:00:00,286.27356,269.52814,0.24082947,-0.2666626
2020-03-17 08:00:00,286.3504,270.21127,0.27964783,-0.39492798
2020-03-17 09:00:00,286.35223,271.13226,0.3717041,-0.42790222
2020-03-17 10:00:00,286.057,272.02325,0.3645172,-0.13012695
2020-03-17 11:00:00,285.60004,272.7042,0.19091797,0.48397827
2020-03-17 12:00:00,284.97675,272.87854,-0.062820435,1.1867523
2020-03-17 13:00:00,281.07733,272.47473,-0.4950409,2.0310364
2020-03-17 14:00:00,277.52948,271.85364,-0.9034729,2.743576
2020-03-17 15:00:00,275.9798,270.79388,-0.96354675,3.0065365
2020-03-17 16:00:00,275.37283,270.25275,-0.85609436,2.9077835
2020-03-17 17:00:00,275.8742,270.04288,-0.775177,2.7393284
2020-03-17 18:00:00,275.7354,269.93246,-0.7381897,2.7065878
2020-03-17 19:00:00,276.8284,269.9345,-0.58151245,2.488822
2020-03-17 20:00:00,275.96408,269.60538,-0.7110443,2.5571938
2020-03-17 21:00:00,275.32977,269.5244,-0.83210754,2.6116133
2020-03-17 22:00:00,274.94562,269.62213,-0.8748627,2.6229715
2020-03-17 23:00:00,275.3277,270.28467,-0.8538666,2.4794312
2020-03-18 00:00:00,275.09735,270.615,-0.874115,2.4599457
2020-03-18 01:00:00,274.46936,270.4725,-0.88680744,2.4332886
2020-03-18 02:00:00,275.69592,271.89548,-0.8145695,2.1417084
2020-03-18 03:00:00,278.8787,274.25323,-0.585021,1.46698
2020-03-18 04:00:00,281.0362,274.84863,-0.2791624,0.77737427
2020-03-18 05:00:00,281.60202,275.6546,-0.036114693,0.13879395
2020-03-18 06:00:00,281.7957,276.61194,0.15613079,-0.582428
2020-03-18 07:00:00,281.61,277.0415,0.26321507,0.111709595
2020-03-18 08:00:00,282.12512,277.25577,0.62349796,-0.4864807
2020-03-18 09:00:00,282.20978,277.93018,0.38371468,-0.8893738
2020-03-18 10:00:00,281.7975,278.3464,0.16165924,-0.78193665
2020-03-18 11:00:00,281.10507,278.93542,0.13995934,0.005613327
2020-03-18 12:00:00,280.7009,278.62384,-0.3124962,0.8373127
2020-03-18 13:00:00,280.45563,277.65198,-0.5009117,0.65024376
2020-03-18 14:00:00,280.15207,277.46326,-0.5749607,0.7919922
2020-03-18 15:00:00,279.74304,276.6071,-0.33129406,1.2144966
2020-03-18 16:00:00,279.35144,275.5558,-0.38392448,1.3497086
2020-03-18 17:00:00,277.0505,273.52026,-0.5630636,1.7148914
2020-03-18 18:00:00,275.41998,271.56946,-0.55371857,2.0699825
2020-03-18 19:00:00,273.41803,269.44458,-0.78421307,2.7070255
2020-03-18 20:00:00,273.38135,269.26312,-0.86091805,2.621931
2020-03-18 21:00:00,272.89197,268.89862,-0.867321,2.7511415
2020-03-18 22:00:00,273.17838,269.0311,-0.85643864,2.6916056
2020-03-18 23:00:00,273.9782,269.50842,-0.73088837,2.5003662
2020-03-19 00:00:00,273.77533,268.83844,-0.6897297,2.4501295
2020-03-19 01:00:00,274.01874,268.6377,-0.54793835,2.3530865
2020-03-19 02:00:00,275.6626,269.72296,-0.38273144,2.0543442
2020-03-19 03:00:00,279.3165,271.87924,-0.23773193,1.3267422
2020-03-19 04:00:00,280.5619,272.60492,0.13101196,0.61169815
2020-03-19 05:00:00,281.17938,273.29147,0.34732056,-0.06302643
2020-03-19 06:00:00,281.56662,274.00732,0.6365204,-0.531023
2020-03-19 07:00:00,281.8869,275.2185,0.6352997,-0.3639784
2020-03-19 08:00:00,281.96143,275.2739,0.9618683,-0.4601612
2020-03-19 09:00:00,282.2433,276.14722,0.8250427,-0.6796417
2020-03-19 10:00:00,280.38388,276.649,1.332367,-0.2733345
2020-03-19 11:00:00,280.29602,277.46475,1.0779266,0.47133827
2020-03-19 12:00:00,280.3786,277.5901,0.73472595,0.83950424
2020-03-19 13:00:00,278.89185,276.576,1.0781708,0.95386505
2020-03-19 14:00:00,277.7992,276.0395,0.9432373,1.2507801
2020-03-19 15:00:00,278.24866,275.6519,0.25105286,1.4568424
2020-03-19 16:00:00,278.4084,274.88287,0.19819641,1.4946804
2020-03-19 17:00:00,278.58014,274.35095,0.30470276,1.3645744
2020-03-19 18:00:00,278.26617,273.83966,0.44059753,1.0237465
2020-03-19 19:00:00,277.55817,274.40204,0.613739,1.0833817
2020-03-19 20:00:00,277.371,274.4923,0.41290283,0.847517
2020-03-19 21:00:00,277.25262,274.34183,0.37860107,0.9439564
2020-03-19 22:00:00,276.7809,274.3597,0.32037354,1.1708317
2020-03-19 23:00:00,277.7069,274.61237,0.3633423,0.91250706
2020-03-20 00:00:00,277.62256,274.5282,0.07852173,1.0327015
2020-03-20 01:00:00,277.52582,273.81445,-0.09794617,1.1676006
2020-03-20 02:00:00,277.53217,273.33698,-0.19650269,1.2575836
2020-03-20 03:00:00,278.13492,273.33752,-0.016494751,0.97839355
2020-03-20 04:00:00,278.79388,273.62067,0.09429932,0.5440674
2020-03-20 05:00:00,279.7395,274.06555,0.2715454,-0.0019378662
2020-03-20 06:00:00,280.36185,274.28183,0.39546204,-0.13560009
2020-03-20 07:00:00,280.6927,275.59833,0.50260925,-0.6240978
2020-03-20 08:00:00,281.25467,275.72043,0.49731445,-0.494112
2020-03-20 09:00:00,281.8014,275.81982,0.4116516,-0.67374134
2020-03-20 10:00:00,281.9346,276.04718,0.053268433,-0.74461937
2020-03-20 11:00:00,281.55493,276.3954,0.117385864,-0.2432251
2020-03-20 12:00:00,281.15613,276.0923,-0.5612488,0.5843811
2020-03-20 13:00:00,278.08984,274.17764,-0.9818573,1.4829712
2020-03-20 14:00:00,275.3812,271.08417,-1.1640625,2.2494965
2020-03-20 15:00:00,274.18735,269.44965,-1.0854187,2.5848236
2020-03-20 16:00:00,273.38306,268.52625,-1.0702515,2.8382568
2020-03-20 17:00:00,273.01233,267.80374,-1.0412903,3.02034
2020-03-20 18:00:00,272.96887,267.20395,-0.99238586,3.0601807
2020-03-20 19:00:00,273.08746,267.13593,-1.087143,3.216751
2020-03-20 20:00:00,273.0686,266.64972,-1.180069,3.033661
2020-03-20 21:00:00,272.87854,266.0537,-1.1571045,3.0612946
2020-03-20 22:00:00,272.67853,265.42288,-1.1453857,3.0495605
2020-03-20 23:00:00,272.45728,264.762,-1.2110596,3.0735168
2020-03-21 00:00:00,272.19495,264.1261,-1.2105103,3.1437683
2020-03-21 01:00:00,272.07617,263.65256,-1.1710663,3.2389832
2020-03-21 02:00:00,273.44485,264.83807,-1.0572815,2.998291
2020-03-21 03:00:00,278.13974,269.02094,-0.7551117,2.1438904
2020-03-21 04:00:00,283.19513,268.36737,-0.42141724,1.1318054
2020-03-21 05:00:00,284.2063,269.2928,-0.19384766,0.5010824
2020-03-21 06:00:00,284.82434,269.55896,0.5243988,-0.3955412
2020-03-21 07:00:00,285.32367,270.8055,0.5419769,-0.747736
2020-03-21 08:00:00,284.8786,272.4383,0.77108765,-1.0142717
2020-03-21 09:00:00,284.91208,273.2901,0.8134918,-0.81155586
2020-03-21 10:00:00,284.22803,274.1933,0.74269104,-0.46406555
2020-03-21 11:00:00,283.53033,274.95898,0.5339508,0.17582703
2020-03-21 12:00:00,282.71008,275.67776,1.2381134,0.007827759
2020-03-21 13:00:00,279.73438,277.11932,1.4595795,-0.11103821
2020-03-21 14:00:00,277.96808,276.74097,0.39692688,1.538971
2020-03-21 15:00:00,277.1872,276.09125,0.64183044,1.5525208
2020-03-21 16:00:00,277.01337,276.27667,0.9654236,1.2600708
2020-03-21 17:00:00,278.09454,277.1825,0.4597931,0.95880127
2020-03-21 18:00:00,277.89966,276.96283,-0.10423279,0.9110565
2020-03-21 19:00:00,277.9344,277.22272,0.5877228,0.40010262
2020-03-21 20:00:00,277.80167,277.003,0.45588684,0.39870453
2020-03-21 21:00:00,277.58798,276.74353,0.16769409,0.6336651
2020-03-21 22:00:00,277.42996,276.55157,0.081451416,0.7637024
2020-03-21 23:00:00,277.45312,276.34097,0.08255005,0.7557678
2020-03-22 00:00:00,277.54172,275.89188,-0.055770874,0.7634735
2020-03-22 01:00:00,277.30316,275.0645,-0.18852234,0.7424774
2020-03-22 02:00:00,277.4494,274.61157,-0.23347473,0.5336609
2020-03-22 03:00:00,277.68124,274.7671,-0.032684326,0.10826111
2020-03-22 04:00:00,277.64355,275.7036,0.2389679,-0.23884583
2020-03-22 05:00:00,277.75317,276.07715,0.030136108,-0.35087585
2020-03-22 06:00:00,278.13406,276.27664,0.024108887,-0.5927124
2020-03-22 07:00:00,278.81326,276.2342,-0.111572266,-0.8677521
2020-03-22 08:00:00,278.6097,276.261,-0.081466675,-1.0292816
2020-03-22 09:00:00,279.0822,276.2299,-0.3359108,-0.95370483
2020-03-22 10:00:00,279.38394,276.46814,-0.09660721,-0.9141731
2020-03-22 11:00:00,279.3578,276.53113,-0.37402344,-0.32287693
2020-03-22 12:00:00,279.12393,276.31183,-0.6909332,-0.091999054
2020-03-22 13:00:00,278.51184,275.53192,-0.8888397,0.3618927
2020-03-22 14:00:00,277.6623,274.21472,-0.8132324,0.96266174
2020-03-22 15:00:00,277.17886,273.01804,-0.49395752,1.3093414
2020-03-22 16:00:00,276.89816,272.15234,-0.203125,1.4595032
2020-03-22 17:00:00,276.24118,271.97034,-0.065338135,1.489624
2020-03-22 18:00:00,274.8725,271.39514,-0.20098877,1.7136078
2020-03-22 19:00:00,274.00372,269.99933,-0.28437805,1.968689
2020-03-22 20:00:00,274.37296,270.6465,-0.17643738,1.8295288
2020-03-22 21:00:00,274.41345,270.91162,-0.0030975342,1.785965
2020-03-22 22:00:00,274.38123,270.82343,-0.084854126,1.7464142
2020-03-22 23:00:00,274.6305,270.74786,-0.10159302,1.6535645
2020-03-23 00:00:00,275.9727,271.2515,0.114593506,1.3211823
2020-03-23 01:00:00,275.1766,270.65094,0.44589233,0.96281433
2020-03-23 02:00:00,274.55664,271.16138,0.8019867,0.7401886
2020-03-23 03:00:00,273.44806,271.89386,1.2552948,0.49179077
2020-03-23 04:00:00,274.2058,272.8055,1.2285309,0.669754
2020-03-23 05:00:00,274.35724,273.03723,1.2749434,0.35394287
2020-03-23 06:00:00,274.51794,273.69565,1.2478485,-0.8469696
2020-03-23 07:00:00,274.10022,273.48328,1.3201056,-1.1604309
2020-03-23 08:00:00,273.252,273.04163,0.5632353,-0.05368042
2020-03-23 09:00:00,273.73627,272.97406,0.51285267,0.03781128
2020-03-23 10:00:00,274.00937,273.21512,0.3074913,-0.1734314
2020-03-23 11:00:00,273.6798,273.21387,0.17337608,-0.7124939
2020-03-23 12:00:00,273.51062,273.0104,0.090091705,-0.81947327
2020-03-23 13:00:00,273.32275,272.9651,0.10084534,-0.3909607
2020-03-23 14:00:00,273.02933,272.3805,0.0289402,0.28344917
2020-03-23 15:00:00,273.1162,272.0714,-0.04334259,0.53533936
2020-03-23 16:00:00,273.172,271.5435,-0.0714283,0.6932068
2020-03-23 17:00:00,273.25812,270.98416,-0.038646698,0.7703142
2020-03-23 18:00:00,273.1684,270.44617,-0.020601273,0.8666611
2020-03-23 19:00:00,272.70456,269.11945,-0.07901001,1.1465721
2020-03-23 20:00:00,272.74564,268.68402,-0.056549072,1.026062
2020-03-23 21:00:00,272.56424,268.24915,0.0010070801,1.07341
2020-03-23 22:00:00,272.45007,267.87134,0.008728027,0.90093994
2020-03-23 23:00:00,272.18396,267.7011,0.0806427,0.7686157
2020-03-24 00:00:00,271.9019,267.51508,0.11830139,0.7103424
2020-03-24 01:00:00,271.37854,267.1579,0.1616211,0.7509918
2020-03-24 02:00:00,271.55774,267.27545,0.19087219,0.6195526
2020-03-24 03:00:00,271.8,267.83838,0.38084412,0.025161743
2020-03-24 04:00:00,272.10028,268.7143,0.59065247,-0.4089508
2020-03-24 05:00:00,272.47736,269.25925,0.82151794,-0.7310486
2020-03-24 06:00:00,272.34302,269.56122,0.94314575,-0.49169922
2020-03-24 07:00:00,273.21664,270.34265,0.8630371,-1.0829163
2020-03-24 08:00:00,273.24356,270.57068,0.8511963,-1.0432739
2020-03-24 09:00:00,273.49872,270.88574,0.8918457,-1.2561646
2020-03-24 10:00:00,273.3415,270.7514,0.81088257,-1.1601257
2020-03-24 11:00:00,273.18597,270.75598,0.71188354,-1.0804443
2020-03-24 12:00:00,272.90002,270.61154,0.6135864,-0.7942047
2020-03-24 13:00:00,272.37134,269.6164,0.61021423,-0.7175751
2020-03-24 14:00:00,271.435,269.46417,0.65530396,-0.48190975
2020-03-24 15:00:00,271.0918,268.95972,0.6768341,-0.38279438
2020-03-24 16:00:00,270.96436,268.8542,0.55503845,-0.034366608
2020-03-24 17:00:00,270.20123,268.4234,0.42514038,0.6180954
2020-03-24 18:00:00,269.67822,268.22583,0.42381287,0.7949667
2020-03-24 19:00:00,268.82672,266.27765,0.5109558,1.0992708
2020-03-24 20:00:00,269.1891,266.58585,0.6788788,0.741333
2020-03-24 21:00:00,268.63232,266.42227,0.79074097,0.6878967
2020-03-24 22:00:00,268.19482,266.40387,0.8698883,0.5693054
2020-03-24 23:00:00,267.65094,266.2711,1.0485687,0.1835022
2020-03-25 00:00:00,267.0445,265.95956,1.0596161,0.161026
2020-03-25 01:00:00,266.79962,265.52832,0.86221313,0.17889404
2020-03-25 02:00:00,266.57324,265.23676,0.9186554,0.3901863
2020-03-25 03:00:00,267.85406,266.06714,1.0742188,-0.18065071
2020-03-25 04:00:00,268.41757,266.5669,1.2223511,-0.52193546
2020-03-25 05:00:00,269.2732,267.44864,1.2467499,-1.0009861
2020-03-25 06:00:00,269.7353,267.98694,1.1662903,-1.378622
2020-03-25 07:00:00,270.15894,268.30283,1.1428833,-1.6322021
2020-03-25 08:00:00,270.50137,268.59912,0.9363556,-1.7752838
2020-03-25 09:00:00,270.5905,268.58514,0.7574463,-1.6146545
2020-03-25 10:00:00,270.76752,268.69086,0.6677246,-1.5079193
2020-03-25 11:00:00,270.58997,268.66205,0.53414917,-1.3125763
2020-03-25 12:00:00,270.34076,268.4002,0.3325653,-0.86953735
2020-03-25 13:00:00,269.9743,268.07877,0.24717712,-0.42344666
2020-03-25 14:00:00,269.5451,268.01874,-0.0010375977,0.5295868
2020-03-25 15:00:00,269.261,267.50635,0.059631348,0.8415985
2020-03-25 16:00:00,269.05103,267.06177,0.14135742,1.0151062
2020-03-25 17:00:00,268.50555,266.5605,0.049468994,1.2991791
2020-03-25 18:00:00,267.8063,265.67908,-0.16429138,1.5995789
2020-03-25 19:00:00,269.867,265.1021,-0.07307434,1.0998383
2020-03-25 20:00:00,270.1268,265.0142,-0.067977905,0.99053955
2020-03-25 21:00:00,270.1358,264.91226,-0.08409119,1.0450592
2020-03-25 22:00:00,270.09314,264.92776,-0.07197571,1.0321283
2020-03-25 23:00:00,270.33032,265.1798,-0.09246826,0.8732519
2020-03-26 00:00:00,270.36102,265.42032,-0.12097168,0.8993521
2020-03-26 01:00:00,270.82367,265.98697,-0.19519043,0.8268585
2020-03-26 02:00:00,271.20642,266.30627,-0.140625,0.60679626
2020-03-26 03:00:00,271.72626,267.53595,-0.056274414,-0.0158844
2020-03-26 04:00:00,272.5701,268.48895,0.090026855,-0.35925293
2020-03-26 05:00:00,273.1897,269.65784,0.50782776,-0.6383362
2020-03-26 06:00:00,273.77112,270.1865,0.49086,-0.87338257
2020-03-26 07:00:00,274.2374,270.958,0.56214905,-1.1980896
2020-03-26 08:00:00,274.5633,271.5441,0.49913025,-1.0496674
2020-03-26 09:00:00,274.8199,272.05646,0.56648254,-1.0490417
2020-03-26 10:00:00,275.04327,272.3568,0.6001282,-1.0728912
2020-03-26 11:00:00,274.72537,272.80878,0.4026947,-0.9050293
2020-03-26 12:00:00,274.52274,272.52405,0.14375305,-0.19332886
2020-03-26 13:00:00,274.2564,272.3083,0.042633057,0.6138153
2020-03-26 14:00:00,272.90625,271.42978,-0.12161255,1.2943726
2020-03-26 15:00:00,272.21545,269.6775,-0.23977661,1.5402985
2020-03-26 16:00:00,270.39777,267.93155,-0.40252686,1.971405
2020-03-26 17:00:00,269.0631,266.30255,-0.56192017,2.256897
2020-03-26 18:00:00,268.56802,265.53424,-0.72351074,2.5780182
2020-03-26 19:00:00,270.8958,265.76996,-0.48809814,1.8621063
2020-03-26 20:00:00,271.1198,265.4014,-0.5705414,1.8414001
2020-03-26 21:00:00,270.85565,264.98734,-0.6269226,1.9006042
2020-03-26 22:00:00,270.43582,264.69385,-0.6559143,2.0046997
2020-03-26 23:00:00,270.04553,264.42712,-0.6563873,2.1127167
2020-03-27 00:00:00,269.20184,264.20026,-0.7374573,2.2685547
2020-03-27 01:00:00,269.5595,264.69464,-0.7187195,2.3613434
2020-03-27 02:00:00,272.24072,266.31708,-0.5434265,1.9365387
2020-03-27 03:00:00,276.4609,268.1151,-0.16056824,0.9634247
2020-03-27 04:00:00,277.19873,269.80524,-0.036026,0.53744507
2020-03-27 05:00:00,278.16443,269.68976,-0.06298828,-0.22085571
2020-03-27 06:00:00,278.78094,270.4281,0.09449768,-0.61769104
2020-03-27 07:00:00,278.70135,273.10168,0.01927185,-0.90182495
2020-03-27 08:00:00,278.9485,274.0343,-0.0022735596,-0.9928436
2020-03-27 09:00:00,279.12204,274.24734,-0.04460144,-1.0202484
2020-03-27 10:00:00,279.9239,273.89575,-0.10824585,-0.9232483
2020-03-27 11:00:00,279.8459,273.85922,-0.17904663,-0.7120514
2020-03-27 12:00:00,279.30676,274.0205,-0.35906982,0.120910645
2020-03-27 13:00:00,278.5945,273.26602,-0.45135498,0.77363586
2020-03-27 14:00:00,276.1327,271.33698,-0.5878601,1.6501007
2020-03-27 15:00:00,274.4858,269.5089,-0.5616913,1.9666901
2020-03-27 16:00:00,272.97748,267.97894,-0.63142395,2.2559204
2020-03-27 17:00:00,271.49353,266.71564,-0.748291,2.5549164
2020-03-27 18:00:00,271.01672,266.50446,-0.844635,2.6579742
2020-03-27 19:00:00,271.00018,265.99652,-0.8383179,2.673584
2020-03-27 20:00:00,271.4026,265.92908,-0.7836304,2.4757385
2020-03-27 21:00:00,271.44928,265.93994,-0.7302551,2.3933105
2020-03-27 22:00:00,272.1454,266.56274,-0.68704224,2.170227
2020-03-27 23:00:00,272.742,267.2536,-0.59025574,1.9877625
2020-03-28 00:00:00,273.03998,267.95276,-0.48703003,1.9078827
2020-03-28 01:00:00,273.8543,269.09314,-0.35780334,1.7873688
2020-03-28 02:00:00,276.47406,270.85852,-0.18978882,1.2771759
2020-03-28 03:00:00,277.2508,273.24857,0.14282227,0.7434082
2020-03-28 04:00:00,277.6597,273.83887,0.66716003,-0.028839111
2020-03-28 05:00:00,276.36523,274.365,1.2000427,-0.43171692
2020-03-28 06:00:00,276.56586,274.72006,1.3611145,-0.49842834
2020-03-28 07:00:00,277.6054,274.79126,1.4412537,-0.84135437
2020-03-28 08:00:00,277.45856,274.775,1.5667114,-0.6545563
2020-03-28 09:00:00,277.9016,274.86066,1.947052,-0.6554413
2020-03-28 10:00:00,277.33514,275.0716,1.8308563,-0.63175964
2020-03-28 11:00:00,276.3867,274.93298,1.5237122,-0.08772278
2020-03-28 12:00:00,275.61914,274.19028,1.4173889,0.5943146
2020-03-28 13:00:00,275.68646,273.67465,1.0114441,0.97195435
2020-03-28 14:00:00,275.7107,273.54346,0.5168762,1.2130222
2020-03-28 15:00:00,275.35034,273.2155,0.8191376,1.2659721
2020-03-28 16:00:00,274.73105,272.67883,1.6080017,1.0438824
2020-03-28 17:00:00,274.24597,272.08307,1.8039856,0.97873783
2020-03-28 18:00:00,273.98804,271.68536,1.8092499,0.91634655
2020-03-28 19:00:00,273.93823,272.18988,1.3250885,1.1410961
2020-03-28 20:00:00,274.07666,271.82,1.0834503,1.1411057
2020-03-28 21:00:00,274.67444,271.7301,0.79267883,1.1268654
2020-03-28 22:00:00,275.11298,271.83838,0.8064575,0.78770065
2020-03-28 23:00:00,274.57092,271.47513,0.48791504,0.90903854
2020-03-29 00:00:00,273.86978,270.56195,0.27322388,1.2917881
2020-03-29 01:00:00,269.78754,267.67273,-0.16038513,1.8906212
2020-03-29 02:00:00,270.9583,267.88452,-0.28993225,1.6130209
2020-03-29 03:00:00,273.60284,270.5791,0.052597046,0.90703964
2020-03-29 04:00:00,274.47714,270.8542,0.21260071,0.3249817
2020-03-29 05:00:00,274.9342,271.7846,0.42240906,-0.0564003
2020-03-29 06:00:00,275.7516,272.38248,0.67652893,-0.8219547
2020-03-29 07:00:00,276.21912,272.83276,0.5801544,-1.1323204
2020-03-29 08:00:00,276.43024,273.23102,0.5538025,-1.1639233
2020-03-29 09:00:00,276.32147,273.66864,0.4812317,-1.1477242
2020-03-29 10:00:00,276.27274,273.8974,0.43789673,-1.0788307
2020-03-29 11:00:00,275.7931,273.72006,0.35517883,-1.1135559
2020-03-29 12:00:00,276.30487,273.27887,-0.05923462,-0.56836605
2020-03-29 13:00:00,275.6563,273.01166,-0.37641907,0.39511108
2020-03-29 14:00:00,275.06808,271.7123,-0.43659973,1.072979
2020-03-29 15:00:00,274.55127,270.38788,-0.29533386,1.3666191
2020-03-29 16:00:00,272.39093,268.27338,-0.287735,1.69557
2020-03-29 17:00:00,270.5913,266.37665,-0.41279602,1.9880905
2020-03-29 18:00:00,269.10788,264.79865,-0.6200714,2.2116776
2020-03-29 19:00:00,268.4499,263.8064,-0.7488251,2.3527527
2020-03-29 20:00:00,268.64404,263.67297,-0.74624634,2.2429848
2020-03-29 21:00:00,268.92047,263.68665,-0.7058716,2.2143326
2020-03-29 22:00:00,268.87738,263.46545,-0.69055176,2.23003
2020-03-29 23:00:00,268.59338,263.06012,-0.77690125,2.2606068
2020-03-30 00:00:00,268.27673,262.49512,-0.86317444,2.2944832
2020-03-30 01:00:00,268.0467,262.09143,-0.9116821,2.3548603
2020-03-30 02:00:00,269.32098,263.49847,-0.8339386,2.1773396
2020-03-30 03:00:00,275.09644,267.65063,-0.4124298,1.2456894
2020-03-30 04:00:00,276.4608,269.72778,-0.2723999,0.60365486
2020-03-30 05:00:00,277.90622,269.88818,-0.31170654,-0.16002274
2020-03-30 06:00:00,277.33435,272.6087,-0.42991638,-0.9166527
2020-03-30 07:00:00,278.0859,274.04095,-0.4890442,-1.1949883
2020-03-30 08:00:00,278.57358,274.4564,-0.7069397,-1.2234478
2020-03-30 09:00:00,278.65378,274.77902,-0.69099426,-1.2921505
2020-03-30 10:00:00,278.526,274.38995,-0.7161255,-1.1652908
2020-03-30 11:00:00,279.70435,273.2,-0.7760315,-0.79646873
2020-03-30 12:00:00,279.88312,273.19574,-0.7791748,0.13867283
2020-03-30 13:00:00,277.51483,272.4506,-0.8726959,1.1140862
2020-03-30 14:00:00,273.84558,269.3927,-1.047348,2.1140423
2020-03-30 15:00:00,271.41815,267.40054,-1.1529541,2.800765
2020-03-30 16:00:00,270.98907,266.83295,-1.2897644,3.2168274
2020-03-30 17:00:00,271.29077,266.77582,-1.3296051,3.362916
2020-03-30 18:00:00,271.5736,266.63214,-1.3486023,3.394929
2020-03-30 19:00:00,272.10254,266.54816,-1.260849,3.5402737
2020-03-30 20:00:00,272.1411,266.4086,-1.2764282,3.4271994
2020-03-30 21:00:00,272.10196,266.19623,-1.3416901,3.5381603
2020-03-30 22:00:00,272.27887,266.4319,-1.3756866,3.524479
2020-03-30 23:00:00,272.042,266.3058,-1.4394684,3.5579739
2020-03-31 00:00:00,271.90363,266.21072,-1.3779144,3.5607052
2020-03-31 01:00:00,272.07874,266.28796,-1.3459015,3.5138035
2020-03-31 02:00:00,273.6257,268.67877,-1.1692657,3.0624924
2020-03-31 03:00:00,276.00165,272.47678,-0.77127075,1.9940643
2020-03-31 04:00:00,278.85486,273.46582,-0.6941986,1.2247696
2020-03-31 05:00:00,281.61804,275.0006,-0.69802856,0.6555481
2020-03-31 06:00:00,283.17694,274.41217,-0.68951416,0.024932861
2020-03-31 07:00:00,284.57855,272.85016,-0.5283203,-0.29544067
2020-03-31 08:00:00,284.91962,272.71442,-0.5007477,-0.60110474
2020-03-31 09:00:00,285.05017,272.81177,-0.63648987,-0.66316223
2020-03-31 10:00:00,284.8302,272.8142,-0.7484741,-0.43121338
2020-03-31 11:00:00,284.25156,273.38586,-0.6231842,0.2733307
2020-03-31 12:00:00,283.46387,273.23596,-0.59710693,0.8722687
2020-03-31 13:00:00,279.03625,272.82773,-0.55255127,1.7501678
2020-03-31 14:00:00,277.5547,272.67578,-0.5997009,2.237442
2020-03-31 15:00:00,275.68762,271.73108,-0.8427124,2.643485
2020-03-31 16:00:00,275.57034,272.12842,-0.9734192,2.64147
2020-03-31 17:00:00,275.11313,271.7807,-1.0911713,2.8154945
2020-03-31 18:00:00,275.14648,271.85144,-1.0639343,2.9101067
2020-03-31 19:00:00,275.17725,271.3801,-1.0714417,3.3230515
2020-03-31 20:00:00,276.14948,272.4222,-0.8716583,2.8997746
2020-03-31 21:00:00,276.18604,272.66644,-0.7531433,2.773592
2020-03-31 22:00:00,276.50494,273.20966,-0.6395111,2.547701
2020-03-31 23:00:00,276.2896,272.89996,-0.5486603,2.442008
2020-04-01 00:00:00,276.08484,272.36603,-0.46250916,2.3682098
2020-04-01 01:00:00,276.7549,272.63696,-0.38572693,2.1507874
2020-04-01 02:00:00,278.73627,273.6966,-0.15379333,1.6715851
2020-04-01 03:00:00,281.76266,274.05814,0.29978943,0.79252625
2020-04-01 04:00:00,281.8115,274.2713,0.63212585,0.04748535
2020-04-01 05:00:00,281.79547,274.7282,0.639801,-0.44491577
2020-04-01 06:00:00,280.8358,275.41364,0.6181488,-0.80781555
2020-04-01 07:00:00,280.4854,275.27847,0.8754425,-0.6181488
2020-04-01 08:00:00,278.78925,275.89557,1.1125641,-1.1829987
2020-04-01 09:00:00,278.47647,276.16403,1.0466614,-0.89434814
2020-04-01 10:00:00,279.9089,277.01605,0.9169464,-0.2988739
2020-04-01 11:00:00,279.60886,277.32214,0.7023163,0.4890442
2020-04-01 12:00:00,278.6952,276.76294,0.14709473,1.0939941
2020-04-01 13:00:00,278.55945,276.15204,0.16145325,1.187149
2020-04-01 14:00:00,278.885,276.2939,0.59007263,1.0922394
2020-04-01 15:00:00,278.37012,275.9906,0.8204498,1.1204987
2020-04-01 16:00:00,278.23468,275.76196,0.80848694,1.184967
2020-04-01 17:00:00,278.29242,275.59573,0.5955658,1.2796631
2020-04-01 18:00:00,278.29245,275.34857,0.33676147,1.3535614
2020-04-01 19:00:00,278.12997,274.0963,0.08236694,1.5682678
2020-04-01 20:00:00,278.4721,273.95172,0.16546631,1.4369965
2020-04-01 21:00:00,279.46753,274.04834,0.21595764,1.2060852
2020-04-01 22:00:00,279.06955,274.04852,0.04159546,1.0735779
2020-04-01 23:00:00,278.5825,274.2055,-0.13743591,1.0900269
2020-04-02 00:00:00,278.091,274.4198,-0.18960571,1.1221619
2020-04-02 01:00:00,278.0149,274.85263,-0.009490967,0.83561707
2020-04-02 02:00:00,277.98102,275.84485,0.36392212,0.54522705
2020-04-02 03:00:00,277.76105,276.29846,0.4263916,0.7071686
2020-04-02 04:00:00,277.89746,276.64716,0.6959076,0.42015076
2020-04-02 05:00:00,276.4693,276.00516,1.1577301,0.123168945
2020-04-02 06:00:00,276.7049,276.2774,1.1006317,-0.5850067
2020-04-02 07:00:00,278.66855,278.31244,0.5309906,-0.70555115
2020-04-02 08:00:00,279.04993,278.61127,0.37608337,-0.70007324
2020-04-02 09:00:00,279.08282,279.0381,0.24250793,-0.9356537
2020-04-02 10:00:00,279.4431,279.3974,0.14535522,-1.0273743
2020-04-02 11:00:00,279.17044,279.0279,0.1513977,-1.0072937
2020-04-02 12:00:00,279.2386,279.0907,-0.11141968,-0.82258606
2020-04-02 13:00:00,278.68243,278.61868,-0.17515564,-0.17289734
2020-04-02 14:00:00,278.43353,277.98157,-0.007659912,0.3711548
2020-04-02 15:00:00,278.03802,277.53873,-0.12675476,0.68865967
2020-04-02 16:00:00,277.7389,277.2299,-0.15625,0.677124
2020-04-02 17:00:00,276.37817,275.68677,-0.24813843,1.1218567
2020-04-02 18:00:00,275.92148,274.9085,-0.11531067,1.2418671
2020-04-02 19:00:00,277.7611,275.48532,-0.048568726,0.80700684
2020-04-02 20:00:00,277.86377,275.26666,0.020370483,0.84750366
2020-04-02 21:00:00,277.74213,275.32935,-0.1327362,0.89045715
2020-04-02 22:00:00,277.6125,274.85382,-0.34158325,1.0792999
2020-04-02 23:00:00,276.93628,273.84296,-0.4275055,1.2286835
2020-04-03 00:00:00,276.44388,273.3197,-0.70858765,1.201416
2020-04-03 01:00:00,276.33932,273.0055,-0.704895,1.3124084
2020-04-03 02:00:00,277.45068,273.65988,-0.5472412,1.0973358
2020-04-03 03:00:00,278.91458,274.8839,-0.29595947,0.55693054
2020-04-03 04:00:00,279.8286,274.76627,-0.015686035,-0.26672363
2020-04-03 05:00:00,280.3209,274.88916,0.0881958,-0.6750641
2020-04-03 06:00:00,280.33813,275.5405,-0.04408264,-0.85243225
2020-04-03 07:00:00,281.56406,277.25882,0.21496582,-0.7146301
2020-04-03 08:00:00,282.1595,278.441,0.77731323,-0.93992615
2020-04-03 09:00:00,282.5852,278.5652,0.45672607,-0.9696808
2020-04-03 10:00:00,282.65735,278.61374,0.054336548,-1.2446136
2020-04-03 11:00:00,282.06128,278.36298,0.5985718,-0.37174988
2020-04-03 12:00:00,280.9088,278.54712,0.66400146,0.18629456
2020-04-03 13:00:00,279.85675,277.37735,0.085876465,1.3422546
2020-04-03 14:00:00,277.9564,275.0077,-0.64053345,2.1277313
2020-04-03 15:00:00,276.05606,273.13876,-1.0043793,2.6435242
2020-04-03 16:00:00,274.9503,272.2558,-0.9737396,2.944809
2020-04-03 17:00:00,273.2473,271.32556,-0.98703,3.1305542
2020-04-03 18:00:00,272.9533,270.88226,-1.0744324,3.177948
2020-04-03 19:00:00,273.9862,270.25323,-1.1603851,3.379776
2020-04-03 20:00:00,273.95117,270.02673,-1.1832733,3.3088074
2020-04-03 21:00:00,273.8042,269.6205,-1.1746521,3.3508759
2020-04-03 22:00:00,273.60565,269.1901,-1.1674652,3.3762512
2020-04-03 23:00:00,273.27753,268.68314,-1.1890717,3.4170532
2020-04-04 00:00:00,273.02985,268.18054,-1.2177277,3.467102
2020-04-04 01:00:00,273.30084,268.51495,-1.2128448,3.4607086
2020-04-04 02:00:00,275.8626,271.32324,-0.9394226,2.7417297
2020-04-04 03:00:00,281.0,274.72928,-0.48156738,1.3815155
2020-04-04 04:00:00,283.54248,268.96686,-0.0118255615,0.1741333
2020-04-04 05:00:00,284.4162,269.41876,0.3203125,-0.4367981
2020-04-04 06:00:00,285.14728,270.55856,0.52323914,-0.7568207
2020-04-04 07:00:00,285.78903,271.86792,0.6014252,-0.84806824
2020-04-04 08:00:00,285.9596,272.50024,0.85292053,-0.97514343
2020-04-04 09:00:00,286.27872,272.81158,0.8871155,-0.8908386
2020-04-04 10:00:00,286.36896,273.21332,0.86250305,-0.82691956
2020-04-04 11:00:00,285.97943,273.8717,0.45458984,-0.6297302
2020-04-04 12:00:00,285.33984,274.78668,-0.25680542,-0.18371582
2020-04-04 13:00:00,283.55865,275.562,-0.9119415,1.1017151
2020-04-04 14:00:00,279.23123,273.22003,-1.2274628,2.26268
2020-04-04 15:00:00,276.78107,271.38055,-1.3457794,3.1325989
2020-04-04 16:00:00,275.59344,270.6092,-1.2377319,3.5245209
2020-04-04 17:00:00,275.19604,270.07568,-1.2745972,3.624649
2020-04-04 18:00:00,275.15625,269.99203,-1.2679596,3.627411
2020-04-04 19:00:00,275.4276,270.20224,-1.1916199,3.5383453
2020-04-04 20:00:00,275.5039,270.14587,-1.1457977,3.3947906
2020-04-04 21:00:00,275.23608,269.95648,-1.147995,3.4476013
2020-04-04 22:00:00,275.17294,269.59534,-1.1163483,3.4789343
2020-04-04 23:00:00,275.0777,268.99387,-1.1283417,3.502777
2020-04-05 00:00:00,275.03876,268.58514,-1.1388245,3.5411682
2020-04-05 01:00:00,275.2036,268.73917,-1.0996094,3.4833374
2020-04-05 02:00:00,278.06247,272.39325,-0.7631378,2.6750984
2020-04-05 03:00:00,283.083,276.29788,-0.06864929,1.0959511
2020-04-05 04:00:00,285.49722,271.5982,0.8216095,0.1652832
2020-04-05 05:00:00,286.2514,272.6845,1.1046448,-0.43063354
2020-04-05 06:00:00,286.60248,274.51633,1.3010559,-0.8549042
2020-04-05 07:00:00,287.02216,277.02057,1.5218201,-0.77716064
2020-04-05 08:00:00,286.91782,277.54736,1.7167511,-0.79725647
2020-04-05 09:00:00,287.07,277.57672,1.5211945,-0.9423065
2020-04-05 10:00:00,286.7992,277.92966,1.4853516,-0.6961975
2020-04-05 11:00:00,286.45355,278.4027,0.9607239,-1.1191101
2020-04-05 12:00:00,285.66284,278.535,0.4772644,-1.0347748
2020-04-05 13:00:00,284.56702,280.26257,0.45613098,0.18113708
2020-04-05 14:00:00,282.6668,278.42023,-0.09169006,1.2724457
2020-04-05 15:00:00,280.46362,277.08234,-0.27072144,1.6629181
2020-04-05 16:00:00,278.71735,275.97546,-0.25186157,1.9438629
2020-04-05 17:00:00,277.71765,275.25726,-0.3597412,2.28096
2020-04-05 18:00:00,277.0761,274.60004,-0.62519836,2.4259033
2020-04-05 19:00:00,276.49237,272.56268,-1.0274811,2.861618
2020-04-05 20:00:00,275.99274,272.27872,-1.0183716,2.7714233
2020-04-05 21:00:00,273.9378,271.4328,-0.95700073,2.820116
2020-04-05 22:00:00,274.00696,271.42792,-0.8395691,2.681656
2020-04-05 23:00:00,274.10522,271.42798,-0.6982269,2.5354004
2020-04-06 00:00:00,275.60364,271.82272,-0.50201416,2.240326
2020-04-06 01:00:00,275.49295,271.83588,-0.44706726,2.0700378
2020-04-06 02:00:00,277.89557,273.84906,-0.038482666,1.3942261
2020-04-06 03:00:00,280.135,276.49347,0.66342163,0.083999634
2020-04-06 04:00:00,280.7201,276.75354,1.1167145,-0.3110962
2020-04-06 05:00:00,280.99432,277.5879,1.2336884,-0.5234375
2020-04-06 06:00:00,281.53943,278.24518,1.4839783,-1.1048584
2020-04-06 07:00:00,282.222,278.24997,1.0939941,-0.69673157
2020-04-06 08:00:00,282.08026,279.09894,0.9562683,-1.3282928
2020-04-06 09:00:00,282.68954,279.26996,0.6023712,-0.51268005
2020-04-06 10:00:00,283.3722,279.15985,0.7451477,-0.5202484
2020-04-06 11:00:00,283.06415,279.65668,0.48182678,-0.94403076
2020-04-06 12:00:00,282.66534,279.42566,0.059326172,0.09225464
2020-04-06 13:00:00,282.06033,280.05804,-0.31724548,0.36408997
2020-04-06 14:00:00,280.44388,278.14462,-0.5489197,1.0494995
2020-04-06 15:00:00,278.3569,276.45163,-0.76789856,1.5890198
2020-04-06 16:00:00,277.03204,274.92743,-0.9483795,2.012024
2020-04-06 17:00:00,276.06555,273.72604,-1.2114258,2.3327637
2020-04-06 18:00:00,275.5122,272.7295,-1.3519135,2.6648407
2020-04-06 19:00:00,275.66376,271.77155,-1.3749847,3.256546
2020-04-06 20:00:00,275.68268,271.6371,-1.3409729,3.1755219
2020-04-06 21:00:00,275.61023,271.4195,-1.3149414,3.3377533
2020-04-06 22:00:00,275.6222,271.22076,-1.2932739,3.3917236
2020-04-06 23:00:00,275.61237,270.86835,-1.2972565,3.4065857
2020-04-07 00:00:00,275.5778,270.4724,-1.2925415,3.4435883
2020-04-07 01:00:00,276.05347,270.79718,-1.2445068,3.4200287
2020-04-07 02:00:00,278.9453,274.24768,-0.86924744,2.5458374
2020-04-07 03:00:00,283.96356,276.57724,-0.22927856,0.88700867
2020-04-07 04:00:00,285.92145,273.7834,-0.021270752,-0.06173706
2020-04-07 05:00:00,286.93964,275.09317,0.2236023,-0.7551575
2020-04-07 06:00:00,287.58286,276.68042,0.31503296,-1.1200562
2020-04-07 07:00:00,288.07782,279.17715,0.423172,-1.4095001
2020-04-07 08:00:00,287.71982,278.92307,0.71069336,-1.1854401
2020-04-07 09:00:00,288.12256,279.74426,0.30174255,-1.0464325
2020-04-07 10:00:00,288.37125,280.02942,0.038482666,-1.279892
2020-04-07 11:00:00,287.97736,280.42267,0.1503601,-1.3986206
2020-04-07 12:00:00,286.83835,281.22705,0.6813812,-1.2732391
2020-04-07 13:00:00,284.99527,280.909,0.3511505,0.79559326
2020-04-07 14:00:00,283.6156,281.04382,0.5621033,0.89941406
2020-04-07 15:00:00,282.10147,280.5051,0.39512634,1.1311569
2020-04-07 16:00:00,281.4658,279.99487,0.034713745,1.248003
2020-04-07 17:00:00,281.3883,279.633,-0.5513916,0.9886856
2020-04-07 18:00:00,281.32593,279.31915,-0.8409729,0.6030121
2020-04-07 19:00:00,279.9018,277.88882,-0.9840088,0.7355499
2020-04-07 20:00:00,280.00525,277.42487,-0.7143402,0.7162781
2020-04-07 21:00:00,280.06235,277.52945,-0.31729126,0.40356445
2020-04-07 22:00:00,279.4436,277.37808,0.053512573,0.13014221
2020-04-07 23:00:00,278.35773,277.0265,-0.14595032,0.43980408
2020-04-08 00:00:00,277.4713,276.13818,-0.29385376,0.44592285
2020-04-08 01:00:00,275.69336,274.35144,-0.25785828,0.378479
2020-04-08 02:00:00,275.8459,275.03656,-0.07725525,0.022583008
2020-04-08 03:00:00,276.68756,275.6832,0.02519226,-0.35569763
2020-04-08 04:00:00,277.08856,275.32953,0.32843018,-0.7785034
2020-04-08 05:00:00,277.43365,275.69794,0.7219696,-1.1047974
2020-04-08 06:00:00,277.31323,275.69275,0.86032104,-1.1803436
2020-04-08 07:00:00,277.19022,276.07062,1.2267151,-1.2319794
2020-04-08 08:00:00,277.66748,276.41302,1.1707306,-1.3794861
2020-04-08 09:00:00,277.48914,276.30585,1.251709,-1.5436249
2020-04-08 10:00:00,276.9583,275.83365,1.0920105,-1.3495331
2020-04-08 11:00:00,276.6291,274.79895,1.0239868,-1.0541077
2020-04-08 12:00:00,275.7609,274.6656,0.7856293,-0.17808533
2020-04-08 13:00:00,275.768,274.65686,0.4234314,0.26931763
2020-04-08 14:00:00,276.20575,274.82654,-0.4908142,0.56004333
2020-04-08 15:00:00,275.8924,273.92474,-0.5673065,0.9584503
2020-04-08 16:00:00,276.9859,273.38452,0.028579712,0.65748596
2020-04-08 17:00:00,276.5285,273.05988,0.3855896,0.40971375
2020-04-08 18:00:00,275.6051,272.87674,0.63157654,0.35594177
2020-04-08 19:00:00,274.08954,273.11017,0.92684937,-0.15950012
2020-04-08 20:00:00,273.3015,272.86115,0.92256165,-0.0030059814
2020-04-08 21:00:00,272.60254,272.33603,1.1534882,-0.56069946
2020-04-08 22:00:00,272.0915,271.91953,1.1545715,-0.90008545
2020-04-08 23:00:00,271.65796,271.43225,0.85476685,-0.9212189
2020-04-09 00:00:00,271.43628,271.0603,0.5331421,-0.54782486
2020-04-09 01:00:00,271.96954,271.5869,0.49635315,-0.7274895
2020-04-09 02:00:00,272.003,271.46722,0.38516235,-1.0660324
2020-04-09 03:00:00,272.075,271.1324,0.14639282,-1.2987852
2020-04-09 04:00:00,271.85046,271.133,0.3892517,-1.2659702
2020-04-09 05:00:00,271.7157,270.71112,0.5366821,-1.3249245
2020-04-09 06:00:00,271.6735,271.1715,0.94503784,-1.6258259
2020-04-09 07:00:00,270.53162,269.53546,1.198822,-1.4587574
2020-04-09 08:00:00,270.41702,270.23322,1.034195,-1.3583069
2020-04-09 09:00:00,270.09503,269.8647,0.5518799,-1.2176666
2020-04-09 10:00:00,270.02313,269.1647,0.53393555,-0.9935608
2020-04-09 11:00:00,270.13132,269.43127,0.4415741,-0.8537903
2020-04-09 12:00:00,270.01788,269.22147,0.2936554,-0.65005493
2020-04-09 13:00:00,269.67636,269.3778,0.47875977,-0.44448853
2020-04-09 14:00:00,269.58466,269.20377,0.34358215,0.05722046
2020-04-09 15:00:00,269.66974,268.9434,0.113479614,0.0718689
2020-04-09 16:00:00,269.49854,268.4112,-0.5911865,0.23225403
2020-04-09 17:00:00,269.58032,268.0485,-0.6573334,0.26098633
2020-04-09 18:00:00,269.81018,267.95764,-0.50367737,-0.21157837
2020-04-09 19:00:00,269.6942,266.93365,-0.44839478,0.32019043
2020-04-09 20:00:00,269.70288,266.3703,-0.58932495,0.5361099
2020-04-09 21:00:00,269.7072,265.89868,-0.6024933,0.8599701
2020-04-09 22:00:00,269.5605,265.43127,-0.5314789,1.1024361
2020-04-09 23:00:00,269.5296,265.02075,-0.41015625,1.3022919
2020-04-10 00:00:00,269.39832,264.69962,-0.41407776,1.5027924
2020-04-10 01:00:00,267.80652,263.59918,-0.48521423,1.7517242
2020-04-10 02:00:00,269.45715,264.46292,-0.32757568,1.6144104
2020-04-10 03:00:00,270.9159,265.4759,-0.12956238,0.99827003
2020-04-10 04:00:00,272.47577,267.25555,0.2523651,0.34753418
2020-04-10 05:00:00,273.60452,269.0745,0.5249481,-0.104278564
2020-04-10 06:00:00,274.15808,270.5725,0.58270264,-0.2825775
2020-04-10 07:00:00,274.64874,271.50763,0.5504608,-0.3538208
2020-04-10 08:00:00,275.32892,271.9062,0.61631775,-0.5821457
2020-04-10 09:00:00,275.42154,272.7882,0.5253601,-0.5298538
2020-04-10 10:00:00,275.7065,272.34335,0.49839783,-0.3737831
2020-04-10 11:00:00,276.52136,272.07904,0.44676208,-0.3274231
2020-04-10 12:00:00,276.4162,272.3037,0.25097656,-0.051101685
2020-04-10 13:00:00,275.53607,271.88495,-0.15577698,0.7693329
2020-04-10 14:00:00,272.45764,268.8651,-0.49809265,1.5923309
2020-04-10 15:00:00,271.23016,266.42493,-0.65319824,2.0534515
2020-04-10 16:00:00,268.47275,263.80878,-0.8839569,2.5213776
2020-04-10 17:00:00,266.15485,262.37793,-1.2240906,2.9699554
2020-04-10 18:00:00,265.6336,261.80774,-1.3597107,3.2220612
2020-04-10 19:00:00,265.88818,261.50385,-1.3484955,3.1904602
2020-04-10 20:00:00,266.7927,262.17508,-1.192688,3.0345764
2020-04-10 21:00:00,267.87164,263.18073,-1.153656,3.123642
2020-04-10 22:00:00,268.7594,263.71243,-1.1539917,3.2270508
2020-04-10 23:00:00,269.82138,264.6365,-1.0540466,3.1650848
2020-04-11 00:00:00,270.5572,265.20288,-1.0440216,3.1845093
2020-04-11 01:00:00,271.54718,266.23224,-0.98101807,3.1674805
2020-04-11 02:00:00,273.32245,268.601,-0.71580505,2.8188782
2020-04-11 03:00:00,275.96954,272.1582,-0.37434387,2.1628113
2020-04-11 04:00:00,280.69586,274.19525,0.4645996,0.9481964
2020-04-11 05:00:00,281.95813,273.54114,0.9134674,0.4022522
2020-04-11 06:00:00,282.7099,273.96744,0.6810913,0.2574768
2020-04-11 07:00:00,284.68903,275.24426,0.5208435,0.016174316
2020-04-11 08:00:00,285.68365,276.05814,0.38293457,-0.36845398
2020-04-11 09:00:00,285.9666,277.01562,0.5320282,-0.57725525
2020-04-11 10:00:00,285.62933,277.77805,0.43322754,-0.21969604
2020-04-11 11:00:00,285.49503,278.1133,0.40426636,-0.07853699
2020-04-11 12:00:00,284.60046,278.75958,-0.016738892,0.43598938
2020-04-11 13:00:00,283.78696,278.08722,-0.36016846,1.327774
2020-04-11 14:00:00,281.38202,276.3321,-0.49105835,1.7820892
2020-04-11 15:00:00,279.66602,274.31488,-0.3973236,1.9867096
2020-04-11 16:00:00,277.95447,273.0121,-0.55111694,2.3811493
2020-04-11 17:00:00,277.28467,272.82193,-0.7117462,2.5765076
2020-04-11 18:00:00,277.03326,272.9714,-0.83251953,2.7247314
2020-04-11 19:00:00,277.5642,272.57947,-0.9488373,2.6448975
2020-04-11 20:00:00,277.6572,273.14117,-0.9820404,2.6047668
2020-04-11 21:00:00,277.8357,273.58234,-1.1296997,2.6417542
2020-04-11 22:00:00,278.2002,273.65488,-1.3724976,2.9288483
2020-04-11 23:00:00,277.4992,272.98962,-1.2426453,2.9560242
2020-04-12 00:00:00,276.9544,272.48285,-1.2296295,2.9107513
2020-04-12 01:00:00,277.34668,273.00912,-1.2015381,2.7816315
2020-04-12 02:00:00,279.68835,275.37567,-0.9647827,2.3205414
2020-04-12 03:00:00,284.10025,277.75192,-0.83395386,1.3148804
2020-04-12 04:00:00,286.64682,277.9317,-0.8158264,0.34014893
2020-04-12 05:00:00,288.27026,278.17868,-0.8764038,0.0718689
2020-04-12 06:00:00,289.5286,278.74847,-0.6587372,-0.18824768
2020-04-12 07:00:00,291.5277,278.9402,-0.51405334,-0.16383362
2020-04-12 08:00:00,291.97867,279.50903,-0.1438446,-0.5764618
2020-04-12 09:00:00,291.84064,280.61487,0.612381,-0.8904419
2020-04-12 10:00:00,290.51392,282.4129,1.118927,-0.85943604
2020-04-12 11:00:00,288.77625,283.93997,1.7277069,0.114746094
2020-04-12 12:00:00,286.97766,283.12775,1.6471405,0.82780457
2020-04-12 13:00:00,286.16382,282.9018,0.3722992,1.4540558
2020-04-12 14:00:00,285.41376,282.84607,0.46437073,0.65812683
2020-04-12 15:00:00,285.34955,282.30408,0.098083496,0.36250305
2020-04-12 16:00:00,284.5934,281.48962,-0.28297424,0.703949
2020-04-12 17:00:00,282.965,280.10065,-0.5296631,1.1042175
2020-04-12 18:00:00,283.17743,279.55444,-0.5305023,1.0405426
2020-04-12 19:00:00,284.11713,279.83624,-0.20884705,0.8542938
2020-04-12 20:00:00,283.7613,279.65228,-0.3728485,0.96481323
2020-04-12 21:00:00,283.54724,279.2262,-0.5268402,1.0139313
2020-04-12 22:00:00,283.25665,278.94272,-0.61434937,0.9155426
2020-04-12 23:00:00,282.36212,278.60654,-0.56188965,0.91127014
2020-04-13 00:00:00,281.63165,278.1994,-0.6549072,1.0460663
2020-04-13 01:00:00,279.52942,277.0377,-0.81451416,1.241745
2020-04-13 02:00:00,280.90158,278.62183,-0.57258606,0.9374542
2020-04-13 03:00:00,281.9904,280.80713,-0.5346832,0.5492859
2020-04-13 04:00:00,284.0292,280.5523,0.050079346,-0.3119812
2020-04-13 05:00:00,283.67407,280.9715,0.8384552,-1.1885834
2020-04-13 06:00:00,283.4636,281.49005,0.8335724,-0.7739563
2020-04-13 07:00:00,283.84174,281.79718,0.5509949,-0.78785706
2020-04-13 08:00:00,283.8261,281.9322,0.63716125,-0.91555786
2020-04-13 09:00:00,283.17218,282.25836,0.9326172,-1.1710358
2020-04-13 10:00:00,283.05682,282.8803,0.9043579,-1.0093231
2020-04-13 11:00:00,282.72052,282.65936,0.85791016,-1.391098
2020-04-13 12:00:00,282.30618,282.24664,0.6565094,-1.1913605
2020-04-13 13:00:00,281.7174,281.65063,0.4340515,-0.8786621
2020-04-13 14:00:00,281.09314,281.0338,-0.071517944,-0.30430603
2020-04-13 15:00:00,280.5125,280.43964,-0.1714325,0.38960266
2020-04-13 16:00:00,280.4139,280.12292,-0.19911194,0.5077362
2020-04-13 17:00:00,280.51074,279.755,-0.14675903,0.4063568
2020-04-13 18:00:00,280.43884,279.36926,-0.073272705,0.23339844
2020-04-13 19:00:00,279.13974,279.04688,0.5835266,-0.11672974
2020-04-13 20:00:00,278.44333,278.40027,0.802063,-0.0071411133
2020-04-13 21:00:00,278.30463,278.26614,0.7939148,0.36688232
2020-04-13 22:00:00,277.9298,277.80164,0.1582489,0.9929352
2020-04-13 23:00:00,279.51923,277.88434,0.05895996,0.6679535
2020-04-14 00:00:00,279.71658,277.49744,0.13945007,0.30371094
2020-04-14 01:00:00,279.99005,277.53937,-0.32533264,0.52471924
2020-04-14 02:00:00,280.38837,278.17322,-0.40893555,0.31837463
2020-04-14 03:00:00,281.6362,278.49197,-0.20179749,-0.5235443
2020-04-14 04:00:00,282.27728,279.34177,-0.22193909,-1.2057953
2020-04-14 05:00:00,282.86597,279.62503,0.162323,-1.3984833
2020-04-14 06:00:00,283.0381,279.86865,0.40052795,-1.5564117
2020-04-14 07:00:00,284.16977,280.0611,0.37643433,-1.9247131
2020-04-14 08:00:00,283.66895,280.213,0.3085785,-2.0682983
2020-04-14 09:00:00,283.09647,280.40497,0.223526,-2.0550842
2020-04-14 10:00:00,282.35358,280.40656,0.40141296,-1.7540588
2020-04-14 11:00:00,282.05402,281.35004,0.43832397,-1.4305267
2020-04-14 12:00:00,282.01318,281.286,0.08956909,-1.2059326
2020-04-14 13:00:00,281.77838,281.06482,-0.12837219,-1.1717072
2020-04-14 14:00:00,281.0199,280.44165,-0.10121155,-1.0125275
2020-04-14 15:00:00,280.4535,279.82697,0.29483032,-0.9696655
2020-04-14 16:00:00,280.74774,279.9071,0.34436035,-0.620224
2020-04-14 17:00:00,280.23004,279.50177,0.29730225,-0.8025055
2020-04-14 18:00:00,279.53864,279.03485,0.43260193,-1.0014496
2020-04-14 19:00:00,279.25986,278.72284,0.42704773,-0.7537079
2020-04-14 20:00:00,278.94623,278.42532,0.621994,-0.7410126
2020-04-14 21:00:00,278.7677,278.2663,0.6064148,-0.6949005
2020-04-14 22:00:00,278.37112,277.99622,0.7111206,-0.7377472
2020-04-14 23:00:00,278.0334,277.62015,0.778656,-0.7688751
2020-04-15 00:00:00,278.0407,277.3092,0.799469,-0.79714966
2020-04-15 01:00:00,277.20877,276.99512,0.91641235,-0.80133057
2020-04-15 02:00:00,277.4499,277.20984,1.1883545,-0.74868774
2020-04-15 03:00:00,277.4591,277.24057,1.2065582,-0.9633179
2020-04-15 04:00:00,277.2749,276.87354,1.2055969,-0.95181274
2020-04-15 05:00:00,277.0229,276.7961,1.2370148,-1.2057495
2020-04-15 06:00:00,277.02228,276.763,1.1047821,-1.3935394
2020-04-15 07:00:00,276.2785,276.2111,0.7901306,-1.1266632
2020-04-15 08:00:00,276.20068,276.08478,0.67744446,-1.2593689
2020-04-15 09:00:00,275.99017,275.69598,0.6339264,-1.1235046
2020-04-15 10:00:00,275.9533,275.4716,0.5011444,-1.1530304
2020-04-15 11:00:00,275.76462,275.1354,0.36376953,-1.304306
2020-04-15 12:00:00,275.73944,275.15308,0.1823883,-1.1499329
2020-04-15 13:00:00,275.6734,275.27145,-0.026382446,-1.0292206
2020-04-15 14:00:00,275.48544,275.22412,-0.088531494,-1.0204163
2020-04-15 15:00:00,275.26602,275.06775,-0.15324402,-0.95536804
2020-04-15 16:00:00,275.08923,274.90005,-0.1000061,-0.9474945
2020-04-15 17:00:00,274.83148,274.66833,-0.05281067,-0.8462982
2020-04-15 18:00:00,274.70245,274.5145,-0.055786133,-0.66093445
2020-04-15 19:00:00,275.11325,274.60315,0.18786621,-0.45043945
2020-04-15 20:00:00,275.00092,274.62,0.25317383,-0.38360596
2020-04-15 21:00:00,274.83817,274.4348,-0.05255127,0.079764366
2020-04-15 22:00:00,274.97107,274.34027,-0.13708496,0.049113274
2020-04-15 23:00:00,275.0075,274.14066,-0.13937378,0.2117157
2020-04-16 00:00:00,275.16815,273.88873,-0.17393494,0.2836151
2020-04-16 01:00:00,275.68652,273.9243,-0.19802856,0.15315247
2020-04-16 02:00:00,276.08133,274.7635,0.004852295,-0.4863739
2020-04-16 03:00:00,276.8817,275.10373,0.29631042,-0.8540039
2020-04-16 04:00:00,277.127,275.46497,0.49201965,-0.89619446
2020-04-16 05:00:00,276.35245,275.049,0.72125244,-1.2557526
2020-04-16 06:00:00,277.76764,275.8699,0.6188812,-1.0219269
2020-04-16 07:00:00,279.27078,276.76593,0.7604828,-1.570816
2020-04-16 08:00:00,279.13797,277.08255,0.6420288,-1.4159088
2020-04-16 09:00:00,279.52887,277.15247,0.6870575,-1.3077002
2020-04-16 10:00:00,279.35425,277.3463,0.7032776,-1.3674955
2020-04-16 11:00:00,279.35614,277.6295,0.78048706,-1.3292351
2020-04-16 12:00:00,278.9787,277.6486,0.488739,-0.97200394
2020-04-16 13:00:00,278.8062,277.56888,0.060180664,-0.40601826
2020-04-16 14:00:00,278.1323,277.30536,-0.48657227,0.756546
2020-04-16 15:00:00,276.97107,276.03903,-0.42718506,1.160428
2020-04-16 16:00:00,277.05273,275.46625,-0.13786316,1.1334991
2020-04-16 17:00:00,276.93298,274.9353,-0.07850647,1.23703
2020-04-16 18:00:00,275.8156,273.95764,-0.30274963,1.5449371
2020-04-16 19:00:00,275.25555,272.94995,-0.48841858,1.6823425
2020-04-16 20:00:00,274.08252,272.1419,-0.5784607,1.8647308
2020-04-16 21:00:00,273.2306,271.2823,-0.63731384,2.073883
2020-04-16 22:00:00,272.74384,271.03198,-0.8022461,2.3193207
2020-04-16 23:00:00,272.8957,271.08902,-0.8562622,2.4799805
2020-04-17 00:00:00,273.04584,271.0262,-0.8202362,2.5447388
2020-04-17 01:00:00,273.52142,271.67358,-0.65519714,2.38591
2020-04-17 02:00:00,277.0205,275.43793,-0.25604248,1.3826752
2020-04-17 03:00:00,280.28918,276.23462,0.30455017,-0.1665039
2020-04-17 04:00:00,281.27722,276.9549,0.48464966,-0.66915894
2020-04-17 05:00:00,282.14175,277.67328,0.6478729,-1.1962128
2020-04-17 06:00:00,282.52115,278.0146,0.6338043,-1.2648315
2020-04-17 07:00:00,282.68695,279.37097,0.9717865,-0.21696472
2020-04-17 08:00:00,282.96954,280.26666,1.2989349,-1.45755
2020-04-17 09:00:00,283.616,282.17694,1.053482,-1.4822235
2020-04-17 10:00:00,282.83035,280.83368,1.1878052,-0.988739
2020-04-17 11:00:00,283.0792,281.63193,1.0374298,-1.0747375
2020-04-17 12:00:00,282.48627,280.39154,0.99760437,-0.5198517
2020-04-17 13:00:00,281.7979,278.8919,0.661911,0.36569214
2020-04-17 14:00:00,280.58826,278.35486,0.20913696,0.94200134
2020-04-17 15:00:00,277.24664,275.6629,-0.408844,2.1432037
2020-04-17 16:00:00,276.0874,274.23804,-0.67700195,2.4737396
2020-04-17 17:00:00,275.47693,273.23694,-0.90800476,2.821228
2020-04-17 18:00:00,274.68073,272.58237,-1.0572052,3.0543823
2020-04-17 19:00:00,275.72787,272.21942,-1.0026245,2.9088898
2020-04-17 20:00:00,275.1478,271.44885,-1.0671844,2.969162
2020-04-17 21:00:00,274.6458,270.77576,-1.091919,3.1302948
2020-04-17 22:00:00,274.4242,270.16394,-1.061203,3.1389618
2020-04-17 23:00:00,274.7305,269.6785,-0.9675598,3.0559082
2020-04-18 00:00:00,274.5172,269.15936,-0.9666748,3.0133057
2020-04-18 01:00:00,275.5613,270.32614,-0.90408325,2.7846375
2020-04-18 02:00:00,278.9054,275.2441,-0.44319153,1.5930634
2020-04-18 03:00:00,283.36902,270.5746,0.4429474,0.20195007
2020-04-18 04:00:00,284.29865,270.88153,0.8652954,-0.5440979
2020-04-18 05:00:00,284.9031,272.43933,0.83621216,-1.0591888
2020-04-18 06:00:00,285.39038,274.15997,0.79904175,-1.2797699
2020-04-18 07:00:00,285.78894,275.78702,1.3434601,-1.1411896
2020-04-18 08:00:00,286.03235,275.86804,1.494339,-1.3190918
2020-04-18 09:00:00,286.10678,276.21857,1.3410492,-1.4544525
2020-04-18 10:00:00,285.99384,276.61078,1.12323,-1.4608002
2020-04-18 11:00:00,285.9023,277.0448,0.894989,-1.2233429
2020-04-18 12:00:00,285.5546,277.23203,0.5033264,-1.054657
2020-04-18 13:00:00,284.64856,277.4499,0.11582947,-0.253891
2020-04-18 14:00:00,282.38794,277.86322,-0.373703,1.3370667
2020-04-18 15:00:00,279.27515,275.64844,-0.6060028,2.1662598
2020-04-18 16:00:00,277.30646,273.904,-0.79455566,2.715683
2020-04-18 17:00:00,276.33176,272.8697,-0.9923401,3.0225372
2020-04-18 18:00:00,275.85532,271.92407,-1.1068115,3.1175842
2020-04-18 19:00:00,275.99182,270.85068,-1.2155762,3.1540527
2020-04-18 20:00:00,275.84177,269.8515,-1.1883545,3.0812073
2020-04-18 21:00:00,275.67102,268.5986,-1.2254944,3.0817719
2020-04-18 22:00:00,275.51437,267.50024,-1.2496185,3.0304413
2020-04-18 23:00:00,275.34082,266.4496,-1.2374878,3.0133667
2020-04-19 00:00:00,275.09363,265.41058,-1.2322083,3.0423126
2020-04-19 01:00:00,275.6374,267.50052,-1.1261749,2.841507
2020-04-19 02:00:00,279.5423,274.23795,-0.6811371,1.6562958
2020-04-19 03:00:00,283.96826,269.3001,-0.0929718,-0.30130005
2020-04-19 04:00:00,284.60965,270.4583,0.18322754,-1.00737
2020-04-19 05:00:00,285.43332,271.27008,0.115997314,-1.304245
2020-04-19 06:00:00,285.8806,273.25534,0.07876587,-1.5660858
2020-04-19 07:00:00,286.27234,276.69983,-0.14416504,-1.8248138
2020-04-19 08:00:00,286.56482,277.6244,-0.22824097,-1.9441986
2020-04-19 09:00:00,286.71924,278.33728,-0.19274902,-1.948822
2020-04-19 10:00:00,286.5198,278.6837,-0.2151947,-1.9846954
2020-04-19 11:00:00,286.16318,278.99677,-0.17211914,-1.8533173
2020-04-19 12:00:00,285.68567,279.489,-0.102890015,-1.4824219
2020-04-19 13:00:00,284.85278,279.55145,-0.2566681,-0.6478882
2020-04-19 14:00:00,283.2683,279.94055,-0.5321808,1.0086517
2020-04-19 15:00:00,281.18277,278.1677,-0.47680664,1.7203827
2020-04-19 16:00:00,279.70312,276.64514,-0.3960724,2.016446
2020-04-19 17:00:00,277.96344,275.2516,-0.43000793,2.3514853
2020-04-19 18:00:00,277.0089,274.4394,-0.71855164,2.6334553
2020-04-19 19:00:00,277.0066,273.47186,-0.916687,2.8020916
2020-04-19 20:00:00,276.5835,273.05432,-0.9771576,2.842249
2020-04-19 21:00:00,276.44177,272.76306,-1.050766,2.9388294
2020-04-19 22:00:00,276.4671,272.6167,-1.0724792,2.9715118
2020-04-19 23:00:00,276.45294,272.5089,-1.0675659,2.988245
2020-04-20 00:00:00,276.39578,272.36005,-1.0682068,2.9685173
2020-04-20 01:00:00,277.11047,273.23224,-0.95362854,2.7027378
2020-04-20 02:00:00,281.23724,277.562,-0.4704895,1.4100494
2020-04-20 03:00:00,284.92914,276.2633,0.041610718,-0.4013443
2020-04-20 04:00:00,285.87274,277.63776,0.12490845,-0.9940319
2020-04-20 05:00:00,286.69495,278.79227,0.12606812,-1.3069153
2020-04-20 06:00:00,287.26474,279.67664,0.064590454,-1.5724106
2020-04-20 07:00:00,287.92957,279.73776,-0.26730347,-1.7188511
2020-04-20 08:00:00,288.05273,280.04538,-0.30532837,-1.9325333
2020-04-20 09:00:00,287.9751,279.6385,-0.35092163,-1.8686028
2020-04-20 10:00:00,287.9002,279.5161,-0.37620544,-1.6712112
2020-04-20 11:00:00,288.03345,279.60373,-0.3012848,-1.576067
2020-04-20 12:00:00,287.54074,280.03857,-0.12034607,-1.22188
2020-04-20 13:00:00,286.6366,280.00946,-0.032104492,-0.19194412
2020-04-20 14:00:00,284.52087,280.01215,-0.31036377,1.3745251
2020-04-20 15:00:00,281.59778,277.81024,-0.5656738,2.3169823
2020-04-20 16:00:00,280.0624,276.3473,-0.8089905,2.8097363
2020-04-20 17:00:00,279.62878,275.51086,-0.8332062,3.005928
2020-04-20 18:00:00,279.50925,275.17114,-0.88168335,3.0222902
2020-04-20 19:00:00,279.48547,275.09448,-1.0037231,3.1555195
2020-04-20 20:00:00,279.26495,274.9614,-1.004242,3.0551157
2020-04-20 21:00:00,278.94293,274.83008,-1.0351868,3.1064816
2020-04-20 22:00:00,278.6068,274.69247,-1.0591431,3.1456366
2020-04-20 23:00:00,278.43634,274.60144,-1.0753174,3.1169271
2020-04-21 00:00:00,278.2873,274.5428,-1.0920715,3.0746307
2020-04-21 01:00:00,279.469,275.97702,-1.008606,2.7601318
2020-04-21 02:00:00,283.266,280.5382,-0.51782227,1.4024963
2020-04-21 03:00:00,287.04285,279.02856,0.3726349,-0.25932312
2020-04-21 04:00:00,287.7731,279.91193,0.7681427,-0.8394623
2020-04-21 05:00:00,288.37665,280.48157,0.7908478,-1.1532593
2020-04-21 06:00:00,288.627,280.76355,0.7776184,-1.3309937
2020-04-21 07:00:00,288.4984,280.645,0.50027466,-0.34202576
2020-04-21 08:00:00,288.62994,280.72137,1.0427551,-0.42108154
2020-04-21 09:00:00,288.88605,280.7832,1.0354614,-0.20343018
2020-04-21 10:00:00,289.0433,278.9806,1.4008636,-0.8701267
2020-04-21 11:00:00,288.3089,279.5151,1.5721283,-0.39696693
2020-04-21 12:00:00,287.44702,280.17365,0.8877716,0.4122467
2020-04-21 13:00:00,286.52136,280.61606,-0.06970215,1.5249481
2020-04-21 14:00:00,284.052,279.36505,-0.52282715,2.2234802
2020-04-21 15:00:00,282.73438,278.06683,-0.5964508,2.5227203
2020-04-21 16:00:00,282.01035,277.29846,-0.75209045,2.6347046
2020-04-21 17:00:00,281.01096,276.58093,-0.90231323,2.7888947
2020-04-21 18:00:00,280.4627,275.88724,-0.9944153,2.930252
2020-04-21 19:00:00,279.95428,275.31262,-1.1854553,3.2071686
2020-04-21 20:00:00,279.7499,275.17163,-1.2003326,3.078949
2020-04-21 21:00:00,279.40717,274.97278,-1.2227631,3.1573334
2020-04-21 22:00:00,279.4847,274.75958,-1.1949463,3.1129913
2020-04-21 23:00:00,279.5865,274.4154,-1.1469574,3.0144653
2020-04-22 00:00:00,279.37012,273.89154,-1.1340942,2.9754486
2020-04-22 01:00:00,280.24774,275.39105,-1.0822906,2.6897736
2020-04-22 02:00:00,283.8703,280.49036,-0.6712189,1.4715271
2020-04-22 03:00:00,287.65643,277.7193,-0.10491943,-0.16853142
2020-04-22 04:00:00,288.47424,278.24298,0.35354614,-0.82720184
2020-04-22 05:00:00,289.17844,278.72067,0.5473175,-1.1625166
2020-04-22 06:00:00,289.59833,278.72217,0.6637268,-1.3212957
2020-04-22 07:00:00,289.0472,280.1306,0.28225708,-0.32157326
2020-04-22 08:00:00,289.39313,280.12994,0.72525024,-0.03255558
2020-04-22 09:00:00,289.9321,279.83148,1.104126,-0.49119473
2020-04-22 10:00:00,289.59998,279.07898,1.8629761,-0.916955
2020-04-22 11:00:00,288.91296,278.34393,1.259964,-0.40142822
2020-04-22 12:00:00,288.45325,278.9007,0.993454,0.6643677
2020-04-22 13:00:00,287.46545,280.06354,0.12994385,1.2683868
2020-04-22 14:00:00,285.04736,278.87012,-0.42590332,2.0328827
2020-04-22 15:00:00,282.93018,277.34808,-0.61509705,2.4950943
2020-04-22 16:00:00,281.59558,276.0495,-0.709198,2.790824
2020-04-22 17:00:00,280.29016,275.4076,-0.9773407,3.0483284
2020-04-22 18:00:00,279.33865,274.88538,-1.138443,3.1980162
2020-04-22 19:00:00,279.27646,273.00708,-1.3202057,3.370819
2020-04-22 20:00:00,279.1937,272.46313,-1.2205963,3.2686157
2020-04-22 21:00:00,279.0915,271.9779,-1.2027283,3.2935028
2020-04-22 22:00:00,279.04468,271.60602,-1.2407532,3.2519913
2020-04-22 23:00:00,278.8642,271.23248,-1.2596436,3.2667933
2020-04-23 00:00:00,278.6371,270.78033,-1.3034515,3.3316498
2020-04-23 01:00:00,279.65155,273.00824,-1.2044678,3.1444244
2020-04-23 02:00:00,283.88702,278.78656,-0.81648254,2.0763397
2020-04-23 03:00:00,288.81488,276.33163,-0.3940735,0.41078186
2020-04-23 04:00:00,290.14203,274.22433,-0.088974,-0.63975525
2020-04-23 05:00:00,290.78625,275.61404,-0.21055603,-0.94506836
2020-04-23 06:00:00,291.36423,276.76385,-0.18901062,-1.1622772
2020-04-23 07:00:00,292.2713,278.63977,-0.23179626,-1.3903656
2020-04-23 08:00:00,292.3036,278.3541,0.20645142,-1.4511261
2020-04-23 09:00:00,292.19205,278.70398,0.13070679,-1.4135132
2020-04-23 10:00:00,292.07166,279.07898,-0.18586731,-1.277359
2020-04-23 11:00:00,291.9135,279.44855,-0.2227478,-1.202774
2020-04-23 12:00:00,291.34048,279.84808,-0.5304718,-0.8182545
2020-04-23 13:00:00,290.141,281.55914,-1.0468903,0.56724167
2020-04-23 14:00:00,286.43073,279.59546,-1.2454376,1.9376984
2020-04-23 15:00:00,283.72232,277.88907,-1.4505463,2.938015
2020-04-23 16:00:00,282.37732,276.60886,-1.411377,3.3427582
2020-04-23 17:00:00,281.58038,275.8818,-1.3134003,3.551239
2020-04-23 18:00:00,281.25873,275.52448,-1.3083649,3.7019806
2020-04-23 19:00:00,281.2273,275.26544,-1.2748718,3.783081
2020-04-23 20:00:00,281.29456,275.10486,-1.1993103,3.6478271
2020-04-23 21:00:00,281.08624,274.86627,-1.195816,3.6561432
2020-04-23 22:00:00,280.91064,274.52753,-1.2194672,3.6546326
2020-04-23 23:00:00,280.7306,274.0584,-1.2151489,3.6859436
2020-04-24 00:00:00,280.60016,273.44037,-1.2359772,3.7150269
2020-04-24 01:00:00,281.59006,275.16385,-1.1304932,3.4579163
2020-04-24 02:00:00,285.4731,280.3218,-0.7207489,2.449646
2020-04-24 03:00:00,290.49896,281.29633,-0.29644775,1.1035614
2020-04-24 04:00:00,292.5647,276.8846,-0.19847107,0.25541687
2020-04-24 05:00:00,293.45544,277.3202,-0.17224121,-0.1765747
2020-04-24 06:00:00,294.11795,278.482,-0.06100464,-0.40748596
2020-04-24 07:00:00,294.7551,280.04578,0.32366943,-0.8747711
2020-04-24 08:00:00,294.9723,281.0663,0.47616577,-1.083847
2020-04-24 09:00:00,294.99295,281.1983,0.6421509,-1.2834167
2020-04-24 10:00:00,294.5452,282.1447,0.36035156,-1.2110443
2020-04-24 11:00:00,294.04324,282.45117,0.15127563,-0.8445282
2020-04-24 12:00:00,293.38733,282.67685,0.039901733,-0.18244934
2020-04-24 13:00:00,292.08057,283.89865,-0.4086914,1.2266388
2020-04-24 14:00:00,288.6649,281.7378,-0.68026733,2.0988464
2020-04-24 15:00:00,285.92468,280.3025,-0.87117004,2.5031128
2020-04-24 16:00:00,284.57697,278.972,-0.91516113,2.6951447
2020-04-24 17:00:00,283.6384,277.8285,-1.023819,2.925476
2020-04-24 18:00:00,282.86395,276.912,-1.1270142,3.1379547
2020-04-24 19:00:00,282.5456,275.8817,-1.1457977,3.3207245
2020-04-24 20:00:00,282.3596,275.53397,-1.148346,3.1347198
2020-04-24 21:00:00,282.33752,275.0922,-1.1752014,3.0613403
2020-04-24 22:00:00,282.28592,274.6183,-1.1379242,2.9335327
2020-04-24 23:00:00,282.03363,274.12866,-1.100357,2.8178406
2020-04-25 00:00:00,281.37283,273.63647,-1.1320496,2.9853516
2020-04-25 01:00:00,281.77087,275.4348,-1.0619202,2.867981
2020-04-25 02:00:00,285.19385,280.81256,-0.7528839,1.843811
2020-04-25 03:00:00,289.41217,277.49878,-0.3573761,-0.19926453
2020-04-25 04:00:00,290.22192,278.97424,-0.09687805,-0.95547485
2020-04-25 05:00:00,290.7613,280.71735,0.35038757,-1.3182831
2020-04-25 06:00:00,290.82727,282.235,0.7326813,-1.4890594
2020-04-25 07:00:00,290.14487,283.80005,1.0348511,-1.4167328
2020-04-25 08:00:00,290.42883,284.65955,1.211731,-0.9262543
2020-04-25 09:00:00,289.2353,284.67303,1.2768707,-1.161499
2020-04-25 10:00:00,288.45514,284.87677,1.7465057,-1.0129089
2020-04-25 11:00:00,288.31378,285.5573,1.2220612,-0.12983704
2020-04-25 12:00:00,287.74655,284.6153,0.7802429,0.0716095
2020-04-25 13:00:00,287.1579,284.41678,0.3129425,0.12736511
2020-04-25 14:00:00,285.68054,284.13037,0.012573242,0.9707489
2020-04-25 15:00:00,285.11914,283.37366,-0.14985657,1.2143555
2020-04-25 16:00:00,285.1302,282.73706,-0.14299011,1.1325836
2020-04-25 17:00:00,283.70056,281.88495,-0.29051208,1.3877106
2020-04-25 18:00:00,284.1966,281.5133,-0.23783875,1.1896667
2020-04-25 19:00:00,281.4809,279.7099,-0.26228333,2.0549011
2020-04-25 20:00:00,280.98236,279.1579,-0.28736877,1.9556885
2020-04-25 21:00:00,280.1897,278.58667,-0.4582367,2.055359
2020-04-25 22:00:00,279.71973,278.1966,-0.56044006,2.1292725
2020-04-25 23:00:00,279.17456,277.7174,-0.63212585,2.1713715
2020-04-26 00:00:00,279.2778,277.31464,-0.71121216,2.328186
2020-04-26 01:00:00,280.15524,278.31677,-0.624588,2.1239624
2020-04-26 02:00:00,284.5467,282.42743,-0.13868713,1.1600952
2020-04-26 03:00:00,287.41486,281.37958,0.406662,0.0032806396
2020-04-26 04:00:00,288.1609,282.3225,0.6086426,-0.30377197
2020-04-26 05:00:00,289.08072,283.32104,0.93533325,-0.9928894
2020-04-26 06:00:00,289.16333,284.24847,1.2897644,-1.2457886
2020-04-26 07:00:00,289.9475,285.12622,0.9465027,-0.8718567
2020-04-26 08:00:00,290.1717,285.247,1.128128,-0.4721222
2020-04-26 09:00:00,289.52106,285.25134,1.1106415,0.1723175
2020-04-26 10:00:00,289.98096,285.2304,1.230835,-0.17134094
2020-04-26 11:00:00,289.88754,285.0711,1.149826,-0.27365112
2020-04-26 12:00:00,288.9796,284.81857,0.4333496,1.1334534
2020-04-26 13:00:00,288.15997,285.06433,-0.8173981,1.2510681
2020-04-26 14:00:00,285.87723,282.98822,-1.0936127,2.2052612
2020-04-26 15:00:00,284.01672,281.096,-1.1206207,2.849472
2020-04-26 16:00:00,282.82617,279.71207,-1.2997437,3.183899
2020-04-26 17:00:00,282.15332,278.73843,-1.370163,3.414444
2020-04-26 18:00:00,282.0873,278.1078,-1.328598,3.403244
2020-04-26 19:00:00,282.41592,278.00293,-1.276001,3.3598175
2020-04-26 20:00:00,282.03046,277.5983,-1.3139343,3.3006134
2020-04-26 21:00:00,281.53687,277.28607,-1.384079,3.4525146
2020-04-26 22:00:00,281.18213,276.99963,-1.4852905,3.7067108
2020-04-26 23:00:00,281.17078,276.3611,-1.4786835,3.7311707
2020-04-27 00:00:00,281.78644,275.83057,-1.4320374,3.5036774
2020-04-27 01:00:00,283.25024,278.01752,-1.1900635,3.0644226
2020-04-27 02:00:00,286.56848,282.93207,-0.68777466,1.8547363
2020-04-27 03:00:00,291.08997,281.83682,-0.46051025,0.5878601
2020-04-27 04:00:00,292.72232,281.10406,-0.6585846,0.19950867
2020-04-27 05:00:00,294.0716,281.66516,-0.66056824,-0.2705841
2020-04-27 06:00:00,294.9696,282.50958,-0.54467773,-0.9074402
2020-04-27 07:00:00,295.66547,283.35205,-0.6121979,-0.9247284
2020-04-27 08:00:00,295.96436,283.96124,-0.6935425,-1.2992706
2020-04-27 09:00:00,295.8667,284.46747,-0.7575836,-1.4300537
2020-04-27 10:00:00,295.58337,284.77524,-0.81217957,-1.3019562
2020-04-27 11:00:00,295.03864,284.9353,-0.94755554,-0.8637543
2020-04-27 12:00:00,294.45782,285.19128,-1.0172577,-0.05506897
2020-04-27 13:00:00,293.08405,286.37134,-1.0759735,1.1799774
2020-04-27 14:00:00,290.1007,283.59393,-1.1941223,2.3648376
2020-04-27 15:00:00,287.95844,280.62073,-1.2579346,3.157898
2020-04-27 16:00:00,286.41818,278.41394,-1.3487091,3.569046
2020-04-27 17:00:00,285.52765,276.80887,-1.4055176,3.7593079
2020-04-27 18:00:00,285.19946,275.69034,-1.3843994,3.8506622
2020-04-27 19:00:00,284.8824,276.6204,-1.4472198,3.989502
2020-04-27 20:00:00,284.86356,276.15698,-1.3445587,3.8405914
2020-04-27 21:00:00,284.68823,275.74512,-1.338623,3.8899908
2020-04-27 22:00:00,284.63788,275.18915,-1.3140717,3.8722782
2020-04-27 23:00:00,284.6463,274.57333,-1.2526093,3.837861
2020-04-28 00:00:00,284.65045,274.1366,-1.2241211,3.791213
2020-04-28 01:00:00,285.77234,277.83936,-1.0827637,3.476594
2020-04-28 02:00:00,289.17957,283.84174,-0.61198425,2.4394684
2020-04-28 03:00:00,293.73544,284.6145,-0.0045166016,1.0533981
2020-04-28 04:00:00,295.46027,280.72388,0.31687927,-0.012435913
2020-04-28 05:00:00,296.0364,282.0753,0.47758484,-0.7141857
2020-04-28 06:00:00,296.41132,283.42258,0.7076416,-1.0685577
2020-04-28 07:00:00,296.58478,282.00793,1.856247,-1.3431396
2020-04-28 08:00:00,295.9856,282.17505,2.6147308,-1.0970764
2020-04-28 09:00:00,295.21985,282.22723,2.2204437,-0.13737679
2020-04-28 10:00:00,295.10046,282.54898,1.4951019,-0.087703705
2020-04-28 11:00:00,294.44583,283.10294,0.96336365,-0.33169365
2020-04-28 12:00:00,293.24518,283.8913,0.06010437,0.41480827
2020-04-28 13:00:00,291.67047,284.95648,-0.65063477,1.2499962
2020-04-28 14:00:00,289.54282,283.25946,-0.92099,2.117961
2020-04-28 15:00:00,287.60318,281.7928,-1.0187073,2.509183
2020-04-28 16:00:00,286.28473,280.86517,-0.97569275,2.7107353
2020-04-28 17:00:00,286.2843,280.4489,-0.84135437,2.2799683
2020-04-28 18:00:00,286.24677,280.89276,-0.6695099,1.3974581
2020-04-28 19:00:00,287.83813,281.4209,-0.013336182,0.62218857
2020-04-28 20:00:00,286.9406,282.54755,0.31394958,0.44586945
2020-04-28 21:00:00,285.88293,283.42737,0.33018494,0.021007538
2020-04-28 22:00:00,284.3197,283.65228,0.78456116,-0.40477085
2020-04-28 23:00:00,283.88074,283.56165,0.6566925,-0.6162958
2020-04-29 00:00:00,284.1336,283.08575,0.06932068,-0.2869892
2020-04-29 01:00:00,283.19336,282.35638,-0.3973999,0.027983665
2020-04-29 02:00:00,283.69995,283.07043,-0.1187439,-0.62015057
2020-04-29 03:00:00,283.93018,283.2958,-0.12130737,-0.9092655
2020-04-29 04:00:00,284.11185,282.65625,0.07583618,-1.0560627
2020-04-29 05:00:00,284.74298,283.58392,0.18363953,-1.1221485
2020-04-29 06:00:00,284.59766,283.14764,-0.18109131,-0.64886665
2020-04-29 07:00:00,287.58466,283.1279,-0.043884277,-1.3673706
2020-04-29 08:00:00,288.08282,284.02368,-0.36782837,-1.6790619
2020-04-29 09:00:00,288.4074,285.02927,-0.22103882,-1.9785614
2020-04-29 10:00:00,288.23755,286.05096,-0.024032593,-1.9919128
2020-04-29 11:00:00,287.72983,285.79584,0.05580139,-1.5792084
2020-04-29 12:00:00,286.776,284.90656,-0.15106201,-0.93704224
2020-04-29 13:00:00,286.06488,284.07953,-0.39022827,0.5113678
2020-04-29 14:00:00,285.8454,283.8153,-0.6247406,0.7453613
2020-04-29 15:00:00,284.77472,283.2229,-0.66186523,1.1326447
2020-04-29 16:00:00,283.096,281.8038,-0.71476746,1.480484
2020-04-29 17:00:00,281.9771,280.6156,-0.7930603,1.8505249
2020-04-29 18:00:00,281.65228,280.19165,-0.80026245,2.103836
2020-04-29 19:00:00,281.26306,279.2254,-0.6894684,2.138031
2020-04-29 20:00:00,280.79022,278.86874,-0.4675598,2.1880035
2020-04-29 21:00:00,280.57324,278.6769,-0.12164307,2.1164703
2020-04-29 22:00:00,280.60077,278.68604,-0.06112671,2.134201
2020-04-29 23:00:00,280.72644,278.75793,-0.18592834,2.231247
2020-04-30 00:00:00,281.11267,279.34656,0.08314514,1.803833
2020-04-30 01:00:00,281.97095,280.28497,0.71907043,0.95228577
2020-04-30 02:00:00,282.16608,281.5388,1.8206024,-0.14497375
2020-04-30 03:00:00,282.05334,281.7714,2.2855377,-0.42530823
2020-04-30 04:00:00,280.86353,280.45886,1.8297119,0.8991852
2020-04-30 05:00:00,281.31735,280.46365,0.948349,1.0437317
2020-04-30 06:00:00,282.13733,280.44153,1.7250977,0.13104248
2020-04-30 07:00:00,282.36737,281.1776,2.041916,0.10924816
2020-04-30 08:00:00,282.6581,281.19113,2.4100952,-0.0433836
2020-04-30 09:00:00,282.79364,280.14178,2.2578125,0.16494846
2020-04-30 10:00:00,283.23682,280.69412,1.736908,-0.07967663
2020-04-30 11:00:00,283.09766,280.80182,1.2415161,0.08569908
2020-04-30 12:00:00,283.38556,280.09976,1.421524,0.1214304
2020-04-30 13:00:00,282.94296,280.0976,0.90608215,0.350111
2020-04-30 14:00:00,282.04352,280.01236,0.1925354,1.0482655
2020-04-30 15:00:00,281.0274,278.89203,-0.10469055,1.3088999
2020-04-30 16:00:00,280.10596,277.82892,-0.24987793,1.5737743
2020-04-30 17:00:00,279.08722,276.79153,-0.42895508,1.8132305
2020-04-30 18:00:00,278.25183,275.90405,-0.6452942,2.0353985
2020-04-30 19:00:00,281.26166,276.30414,-0.5119629,1.2881031
2020-04-30 20:00:00,280.56067,275.63644,-0.5911255,1.3713074
2020-04-30 21:00:00,279.49902,275.00348,-0.818573,1.4776154
2020-04-30 22:00:00,277.68793,274.22028,-0.94955444,1.8334503
2020-04-30 23:00:00,276.7754,274.00427,-0.89367676,2.135849
2020-05-01 00:00:00,276.38873,273.5788,-0.9316101,2.2713928
2020-05-01 01:00:00,277.52643,275.07776,-0.9166107,2.0823517
2020-05-01 02:00:00,282.3117,278.3385,-0.6652069,0.5469208
2020-05-01 03:00:00,284.55902,278.0831,-0.736496,-0.97273254
2020-05-01 04:00:00,285.54047,279.11432,-0.7392273,-1.538681
2020-05-01 05:00:00,286.2968,279.96674,-0.7457733,-1.7727203
2020-05-01 06:00:00,287.0779,279.94086,-0.8901062,-1.7477417
2020-05-01 07:00:00,287.43982,280.46072,-0.89398193,-2.052246
2020-05-01 08:00:00,287.85785,280.78198,-0.8965454,-1.9611511
2020-05-01 09:00:00,287.7267,280.88733,-0.92396545,-1.9358215
2020-05-01 10:00:00,287.76935,280.85727,-1.0820312,-1.6744385
2020-05-01 11:00:00,287.69547,280.7842,-0.88516235,-1.6689453
2020-05-01 12:00:00,287.09708,280.82544,-0.6035919,-1.2671509
2020-05-01 13:00:00,286.2772,280.8363,-0.5221405,-0.42836
2020-05-01 14:00:00,284.53052,280.91833,-0.8652191,0.9453888
2020-05-01 15:00:00,282.00885,279.23096,-0.7495575,1.7009735
2020-05-01 16:00:00,280.85992,278.04535,-0.45359802,1.9817352
2020-05-01 17:00:00,279.76978,277.04227,-0.5048828,2.221115
2020-05-01 18:00:00,279.30933,276.3832,-0.69859314,2.3537292
2020-05-01 19:00:00,279.0147,275.80554,-0.7760773,2.4775238
2020-05-01 20:00:00,278.81885,275.45743,-0.7150574,2.3072662
2020-05-01 21:00:00,278.63388,275.075,-0.6562042,2.3638
2020-05-01 22:00:00,278.6374,274.7566,-0.590744,2.3399658
2020-05-01 23:00:00,278.53192,274.36298,-0.6838074,2.3588867
2020-05-02 00:00:00,278.4832,274.02975,-0.75982666,2.4348392
2020-05-02 01:00:00,279.49823,275.58914,-0.53030396,2.1945486
2020-05-02 02:00:00,282.93768,279.24683,-0.047088623,1.281311
2020-05-02 03:00:00,285.7602,277.13647,0.5901184,0.36231995
2020-05-02 04:00:00,286.4945,277.95255,1.2480774,-0.11758232
2020-05-02 05:00:00,286.5488,279.0551,1.1073151,0.00011253357
2020-05-02 06:00:00,286.739,279.9088,0.980484,-0.16938877
2020-05-02 07:00:00,287.1592,281.29462,0.62661743,-0.56638527
2020-05-02 08:00:00,287.30817,282.2232,0.83903503,-0.4639778
2020-05-02 09:00:00,287.41833,282.71832,0.9308014,-0.80664635
2020-05-02 10:00:00,287.22906,283.26965,0.5930023,-0.48929024
2020-05-02 11:00:00,287.31787,283.6621,0.8763428,-0.52161026
2020-05-02 12:00:00,286.44757,282.99792,1.0094299,0.5097885
2020-05-02 13:00:00,286.18384,283.01706,0.5334625,0.6347389
2020-05-02 14:00:00,285.25897,282.28088,-0.10588074,1.5305233
2020-05-02 15:00:00,283.5868,280.7627,-0.53219604,2.3513756
2020-05-02 16:00:00,282.29517,279.39612,-0.75738525,2.6188374
2020-05-02 17:00:00,281.6387,278.45776,-0.9058838,2.57308
2020-05-02 18:00:00,280.90753,277.84155,-1.1084137,2.7319794
2020-05-02 19:00:00,281.3067,277.21606,-0.94947815,2.7867126
2020-05-02 20:00:00,281.11768,276.82568,-1.1017151,2.6580582
2020-05-02 21:00:00,280.14624,276.38055,-1.3926697,2.7348595
2020-05-02 22:00:00,279.5984,276.12805,-1.4778748,2.9757576
2020-05-02 23:00:00,277.71448,275.82544,-1.4170685,3.0382214
2020-05-03 00:00:00,279.71967,276.07468,-1.2424164,2.9412746
2020-05-03 01:00:00,281.0734,278.0694,-0.8970947,2.3806896
2020-05-03 02:00:00,285.06757,281.96442,-0.44151306,1.04842
2020-05-03 03:00:00,287.8303,280.2102,-0.12281799,-0.38712502
2020-05-03 04:00:00,288.48022,281.66483,0.13334656,-1.1496143
2020-05-03 05:00:00,288.988,282.19516,0.28681946,-1.40555
2020-05-03 06:00:00,289.38895,283.22665,0.49417114,-1.5095167
2020-05-03 07:00:00,289.2628,283.89093,0.41862488,-0.58438015
2020-05-03 08:00:00,289.33926,284.35608,0.9097595,-1.060111
2020-05-03 09:00:00,288.63208,284.7872,0.8944702,-0.51566696
2020-05-03 10:00:00,287.2943,284.29678,1.281662,0.28393555
2020-05-03 11:00:00,286.4782,284.5194,1.7785187,-0.02283287
2020-05-03 12:00:00,285.41086,283.34674,1.5860138,0.5926485
2020-05-03 13:00:00,284.2069,283.43054,1.1413574,1.1414375
2020-05-03 14:00:00,283.6425,283.0569,0.7939606,1.3010788
2020-05-03 15:00:00,283.0279,282.21912,0.9204712,1.5381107
2020-05-03 16:00:00,282.80457,281.93637,1.3110352,1.3300629
2020-05-03 17:00:00,282.37305,281.38544,1.6027985,1.3730965
2020-05-03 18:00:00,282.1581,280.8429,1.309845,1.6477222
2020-05-03 19:00:00,282.03857,280.72757,1.1002045,1.4829082
2020-05-03 20:00:00,281.67944,280.22406,0.64979553,1.4446354
2020-05-03 21:00:00,281.50763,279.85065,0.35902405,1.528307
2020-05-03 22:00:00,281.1112,279.3786,0.03564453,1.6591644
2020-05-03 23:00:00,280.43854,278.71796,-0.20100403,1.8469887
2020-05-04 00:00:00,280.2659,277.18933,-0.36738586,2.0115738
2020-05-04 01:00:00,280.85626,278.573,-0.43954468,1.9032803
2020-05-04 02:00:00,284.74313,279.3609,-0.004196167,0.50956535
2020-05-04 03:00:00,286.34842,277.62958,0.58932495,-0.6342468
2020-05-04 04:00:00,287.09845,278.3639,0.61654663,-0.87085533
2020-05-04 05:00:00,287.84995,278.95563,0.51078796,-1.0629101
2020-05-04 06:00:00,288.58047,279.63376,0.4252472,-1.1674576
2020-05-04 07:00:00,289.14728,280.40665,0.49134827,-1.2383327
2020-05-04 08:00:00,289.47052,280.64734,0.458313,-1.4021587
2020-05-04 09:00:00,289.92145,280.75626,0.47325134,-1.588213
2020-05-04 10:00:00,289.53003,280.90222,0.33285522,-1.6776161
2020-05-04 11:00:00,289.06683,281.09186,0.22447205,-1.4923801
2020-05-04 12:00:00,288.4026,281.21613,-0.046569824,-1.0086861
2020-05-04 13:00:00,287.5539,281.33905,-0.28588867,-0.08606243
2020-05-04 14:00:00,285.79175,281.6078,-0.729126,1.2490549
2020-05-04 15:00:00,283.84308,280.39398,-0.92099,2.025528
2020-05-04 16:00:00,282.5625,279.40393,-0.97657776,2.5622282
2020-05-04 17:00:00,281.36987,278.20297,-1.0661926,2.8357954
2020-05-04 18:00:00,280.6047,276.64264,-1.1371307,2.9769697
2020-05-04 19:00:00,280.92755,276.43158,-1.0143127,3.010951
2020-05-04 20:00:00,280.84076,275.6797,-0.82128906,2.8002892
2020-05-04 21:00:00,280.9611,275.0298,-0.67700195,2.5782862
2020-05-04 22:00:00,280.4824,274.65826,-0.6260376,2.4011974
2020-05-04 23:00:00,279.80457,274.74268,-0.49757385,2.2570314
2020-05-05 00:00:00,278.8803,275.00754,-0.32977295,2.155345
2020-05-05 01:00:00,279.95184,276.9873,0.034561157,1.5413198
2020-05-05 02:00:00,283.32697,279.00555,0.93670654,0.41728497
2020-05-05 03:00:00,284.09027,280.26447,1.5549622,-0.45537663
2020-05-05 04:00:00,284.74683,280.4593,1.837616,-0.77038574
2020-05-05 05:00:00,285.05365,280.38965,1.707016,-1.1141968
2020-05-05 06:00:00,285.3817,280.01147,1.5870056,-1.4230347
2020-05-05 07:00:00,285.3772,279.88086,1.2681427,-1.4136353
2020-05-05 08:00:00,285.47333,279.63104,1.1605682,-1.4195862
2020-05-05 09:00:00,285.5127,279.26172,0.93640137,-1.3905029
2020-05-05 10:00:00,285.1851,279.0231,0.71798706,-1.5248718
2020-05-05 11:00:00,284.789,278.73682,0.49024963,-1.4912262
2020-05-05 12:00:00,284.37787,278.01648,0.3114624,-1.3757324
2020-05-05 13:00:00,283.58502,277.3089,0.10974121,-1.076828
2020-05-05 14:00:00,282.5205,279.09305,0.06942749,-0.42233276
2020-05-05 15:00:00,282.51016,276.46597,-0.016036987,0.119659424
2020-05-05 16:00:00,282.02698,276.2959,-0.0856781,0.22003174
2020-05-05 17:00:00,281.49963,276.0196,-0.050827026,0.6072693
2020-05-05 18:00:00,280.92242,275.63312,-0.04598999,0.8483124
2020-05-05 19:00:00,277.0514,273.91864,-0.20675659,1.6156158
2020-05-05 20:00:00,276.81824,272.96967,-0.2361908,1.6089478
2020-05-05 21:00:00,276.43152,272.0302,-0.32766724,1.6537933
2020-05-05 22:00:00,276.0691,270.69586,-0.36521912,1.7005768
2020-05-05 23:00:00,275.32935,269.66046,-0.3763733,1.8182983
2020-05-06 00:00:00,274.8142,268.88348,-0.41235352,1.8452606
2020-05-06 01:00:00,276.30533,270.6194,-0.32310486,1.4618683
2020-05-06 02:00:00,279.9124,271.8758,-0.09765625,0.2731352
2020-05-06 03:00:00,281.67804,269.547,0.039733887,-0.7243042
2020-05-06 04:00:00,282.39374,271.14944,0.14108276,-1.0007429
2020-05-06 05:00:00,283.4195,272.96387,0.2447815,-1.3751926
2020-05-06 06:00:00,284.10455,274.42975,0.18389893,-1.7744141
2020-05-06 07:00:00,284.77982,275.68335,0.10169983,-1.8382416
2020-05-06 08:00:00,285.20267,276.30618,0.03753662,-1.9714661
2020-05-06 09:00:00,285.39212,276.56897,-0.016281128,-1.9094543
2020-05-06 10:00:00,285.27505,276.55573,-0.07437134,-1.8802795
2020-05-06 11:00:00,284.9372,276.26923,-0.120666504,-1.6461334
2020-05-06 12:00:00,284.35168,276.028,-0.21844482,-1.2549896
2020-05-06 13:00:00,283.43048,275.9942,-0.17425537,-0.5907898
2020-05-06 14:00:00,281.75305,277.5172,-0.36486816,0.6826019
2020-05-06 15:00:00,279.20822,275.09964,-0.5492096,1.3715515
2020-05-06 16:00:00,276.97888,273.7104,-0.6261444,1.9437256
2020-05-06 17:00:00,275.81128,272.57605,-0.7793884,2.4192047
2020-05-06 18:00:00,275.34116,271.79016,-0.95988464,2.6088867
2020-05-06 19:00:00,275.14197,270.4293,-1.0641937,2.9241028
2020-05-06 20:00:00,275.0652,269.94714,-1.1119385,2.82016
2020-05-06 21:00:00,274.99084,269.55157,-1.1285858,2.8644257
2020-05-06 22:00:00,275.0835,269.28693,-1.1163788,3.0151062
2020-05-06 23:00:00,275.32202,269.03445,-1.1189117,3.147583
2020-05-07 00:00:00,275.67053,268.8734,-1.1692352,3.2787933
2020-05-07 01:00:00,278.09042,272.55908,-0.9797516,2.9224243
2020-05-07 02:00:00,282.4074,277.79346,-0.46333313,1.8524323
2020-05-07 03:00:00,286.7757,276.98883,-0.14659119,0.5184021
2020-05-07 04:00:00,288.2724,276.71277,-0.07847595,-0.15711975
2020-05-07 05:00:00,289.42725,277.77258,0.040039062,-0.7329407
2020-05-07 06:00:00,290.1345,279.1195,0.12927246,-0.9700165
2020-05-07 07:00:00,290.63763,279.48566,0.061141968,-1.2095795
2020-05-07 08:00:00,291.0133,278.2933,-0.17404175,-1.3076935
2020-05-07 09:00:00,291.20065,278.46368,-0.5116272,-1.3815155
2020-05-07 10:00:00,291.13092,278.58972,-0.6264496,-1.3867645
2020-05-07 11:00:00,290.75497,279.0459,-0.52323914,-0.9647522
2020-05-07 12:00:00,290.05725,278.8006,-0.6972351,0.053756714
2020-05-07 13:00:00,288.94928,280.55838,-0.66885376,0.88679504
2020-05-07 14:00:00,286.6068,279.1922,-0.61494446,2.115219
2020-05-07 15:00:00,284.2582,278.271,-0.88249207,2.9410706
2020-05-07 16:00:00,282.5431,277.66437,-1.1949615,3.3427124
2020-05-07 17:00:00,281.24573,277.50214,-1.3206787,3.4754791
2020-05-07 18:00:00,280.81525,277.04462,-1.4326172,3.542389
2020-05-07 19:00:00,280.6637,276.97284,-1.3848572,3.4704132
2020-05-07 20:00:00,280.25244,276.19485,-1.3743286,3.486557
2020-05-07 21:00:00,279.71017,275.1886,-1.3445282,3.6565857
2020-05-07 22:00:00,279.56592,274.64386,-1.2621613,3.75737
2020-05-07 23:00:00,279.8266,274.42358,-1.2141876,3.677414
2020-05-08 00:00:00,279.4719,274.6041,-1.3443756,3.739685
2020-05-08 01:00:00,281.83234,277.9795,-1.190445,3.1993713
2020-05-08 02:00:00,285.9606,282.93323,-0.65364075,1.9377747
2020-05-08 03:00:00,289.7812,277.30307,-0.31539917,0.4428711
2020-05-08 04:00:00,290.8897,276.8691,-0.40997314,-0.32785034
2020-05-08 05:00:00,291.6917,278.17355,-0.44276428,-0.7964325
2020-05-08 06:00:00,292.25357,279.2354,-0.34451294,-1.0277863
2020-05-08 07:00:00,292.9185,278.16547,0.14213562,-1.1372833
2020-05-08 08:00:00,292.982,278.82706,0.21032715,-0.8934784
2020-05-08 09:00:00,292.83667,279.40424,0.20083618,-0.9369812
2020-05-08 10:00:00,292.39746,279.93726,-0.13748169,-0.9023895
2020-05-08 11:00:00,292.16443,280.24347,-0.27079773,-0.54008484
2020-05-08 12:00:00,291.66235,281.1344,-0.41819763,-0.15214539
2020-05-08 13:00:00,290.56738,283.47382,-0.65263367,0.89694214
2020-05-08 14:00:00,287.90515,281.93774,-0.86117554,1.8872986
2020-05-08 15:00:00,286.16815,280.2563,-0.90789795,2.4925842
2020-05-08 16:00:00,285.1736,279.0992,-0.9084625,2.763092
2020-05-08 17:00:00,284.43396,278.38,-0.8470917,2.8920135
2020-05-08 18:00:00,284.11667,278.04855,-0.7601166,2.7057495
2020-05-08 19:00:00,283.77258,276.643,-1.1943512,2.9993286
2020-05-08 20:00:00,283.66333,276.4369,-1.1927795,2.8511047
2020-05-08 21:00:00,282.62463,275.7397,-1.2558594,3.0365448
2020-05-08 22:00:00,282.33325,275.33765,-1.1664276,3.0463562
2020-05-08 23:00:00,282.05588,274.88324,-1.1134338,2.9125824
2020-05-09 00:00:00,281.89563,274.52087,-1.0877991,2.8036194
2020-05-09 01:00:00,283.06863,277.71213,-0.8666992,2.2912292
2020-05-09 02:00:00,286.0517,282.17245,-0.4309845,1.1230469
2020-05-09 03:00:00,289.01,279.87292,0.7660217,-0.27186584
2020-05-09 04:00:00,289.2481,281.372,1.0789032,-0.8802185
2020-05-09 05:00:00,289.35422,281.55597,1.1512299,-0.8617859
2020-05-09 06:00:00,289.2552,282.21423,0.97906494,-0.6529541
2020-05-09 07:00:00,289.10623,283.34906,0.5925751,-0.20579529
2020-05-09 08:00:00,288.6642,283.09967,0.78874207,-0.461792
2020-05-09 09:00:00,288.75443,283.60013,0.7809448,-0.21510315
2020-05-09 10:00:00,288.70496,283.6626,0.40983582,-0.437912
2020-05-09 11:00:00,287.98865,283.90118,-0.07778931,0.04800415
2020-05-09 12:00:00,287.6955,284.42502,-0.12298584,0.31329346
2020-05-09 13:00:00,286.68323,283.2214,0.1790924,0.4365692
2020-05-09 14:00:00,285.2225,284.1977,0.24455261,1.1668243
2020-05-09 15:00:00,284.04944,283.12024,-0.102996826,1.6161804
2020-05-09 16:00:00,283.31375,282.57605,-0.055862427,1.5295258
2020-05-09 17:00:00,282.8819,282.27246,-0.06781006,1.4741516
2020-05-09 18:00:00,282.63486,282.019,-0.27793884,1.6263123
2020-05-09 19:00:00,281.95,281.06616,-0.5450897,1.9292297
2020-05-09 20:00:00,281.94968,280.9673,-0.504364,1.7755127
2020-05-09 21:00:00,281.4666,280.30518,-0.4943695,1.8661346
2020-05-09 22:00:00,280.80945,279.1687,-0.56181335,1.6867676
2020-05-09 23:00:00,280.49707,278.73886,-0.5213165,1.6530609
2020-05-10 00:00:00,280.20776,278.22955,-0.57810974,1.8444366
2020-05-10 01:00:00,281.55176,279.45276,-0.41900635,1.4687347
2020-05-10 02:00:00,284.53287,281.91006,0.078948975,0.18782043
2020-05-10 03:00:00,285.9029,281.03745,0.48724365,-0.3573761
2020-05-10 04:00:00,286.56842,282.08636,0.732193,-0.9683533
2020-05-10 05:00:00,286.6883,281.49747,0.6288147,-0.8424072
2020-05-10 06:00:00,286.6605,282.5304,0.86909485,-0.7618561
2020-05-10 07:00:00,287.10437,285.76,0.7901764,-0.8175049
2020-05-10 08:00:00,287.99408,286.5191,0.39151955,-1.3498535
2020-05-10 09:00:00,287.83276,286.57794,0.21709633,-1.2797394
2020-05-10 10:00:00,287.9204,286.51004,0.40096855,-1.0089264
2020-05-10 11:00:00,287.11795,285.444,0.387331,-0.8655853
2020-05-10 12:00:00,286.55682,284.19592,0.17920876,-0.09732056
2020-05-10 13:00:00,286.08154,283.66156,-0.005214691,0.15733337
2020-05-10 14:00:00,284.99667,282.87866,-0.13926697,1.2297821
2020-05-10 15:00:00,282.84772,281.55493,-0.63793945,1.6063385
2020-05-10 16:00:00,281.3036,279.9386,-0.8529358,2.1319733
2020-05-10 17:00:00,280.68134,279.156,-0.7623596,2.4197998
2020-05-10 18:00:00,280.14716,278.60223,-0.8668976,2.6253967
2020-05-10 19:00:00,280.08655,278.67383,-1.0749207,2.342537
2020-05-10 20:00:00,279.1712,277.9077,-1.2129364,2.315256
2020-05-10 21:00:00,278.54398,277.28638,-1.263504,2.448801
2020-05-10 22:00:00,278.1864,276.80286,-1.16922,2.6475449
2020-05-10 23:00:00,278.0257,276.4814,-1.0764465,2.7819538
2020-05-11 00:00:00,279.568,276.5547,-1.087204,2.909977
2020-05-11 01:00:00,281.42056,279.1878,-0.9103546,2.4961338
2020-05-11 02:00:00,284.9016,282.63852,-0.6104584,1.3922205
2020-05-11 03:00:00,288.15088,279.89056,-0.3632202,0.39017105
2020-05-11 04:00:00,289.19806,280.3254,-0.38461304,-0.09898949
2020-05-11 05:00:00,289.97754,280.9123,-0.5157013,-0.5447273
2020-05-11 06:00:00,290.70844,281.65833,-0.13478088,-0.7741804
2020-05-11 07:00:00,290.12524,282.52026,-0.02720642,0.11999512
2020-05-11 08:00:00,290.9748,283.15527,0.49935913,-0.58461
2020-05-11 09:00:00,291.00763,283.6062,0.97216797,-0.5396881
2020-05-11 10:00:00,290.7899,283.68408,1.3557129,-0.089035034
2020-05-11 11:00:00,290.6186,283.40512,1.4807739,0.10469055
2020-05-11 12:00:00,289.8191,282.67987,1.4363403,0.6516571
2020-05-11 13:00:00,288.96924,282.992,0.27818298,1.2839508
2020-05-11 14:00:00,287.56982,282.27545,-0.2183075,1.84021
2020-05-11 15:00:00,285.76184,280.81232,-0.58477783,2.3175812
2020-05-11 16:00:00,284.89783,279.74796,-0.6910248,2.561676
2020-05-11 17:00:00,284.12286,278.7564,-0.6376648,2.5926514
2020-05-11 18:00:00,283.32797,278.05566,-0.75135803,2.6529694
2020-05-11 19:00:00,282.22308,277.1208,-0.9720154,3.053482
2020-05-11 20:00:00,281.84924,276.7005,-1.0346069,3.140686
2020-05-11 21:00:00,281.88483,276.3862,-0.9774933,3.1200867
2020-05-11 22:00:00,281.68835,275.7998,-0.9417572,3.0904236
2020-05-11 23:00:00,281.34033,274.9583,-0.9192047,3.0829163
2020-05-12 00:00:00,281.22232,274.40082,-0.8782501,3.044464
2020-05-12 01:00:00,282.59702,277.34888,-0.69589233,2.5746613
2020-05-12 02:00:00,286.258,281.68042,-0.05055237,1.3461151
2020-05-12 03:00:00,289.74658,276.16943,1.0675354,0.50886536
2020-05-12 04:00:00,290.35086,277.4821,1.3559113,0.01576233
2020-05-12 05:00:00,291.0526,278.93622,1.4459686,-0.29223633
2020-05-12 06:00:00,291.71573,280.03207,1.5745697,-0.49465942
2020-05-12 07:00:00,292.0267,279.68423,2.1146545,-0.5328522
2020-05-12 08:00:00,292.28305,280.73346,2.2535553,-0.9150543
2020-05-12 09:00:00,291.80115,280.3432,1.8840637,-0.43269348
2020-05-12 10:00:00,291.9065,281.21704,1.6063843,-0.28485107
2020-05-12 11:00:00,291.75342,281.86206,1.3510437,-0.720871
2020-05-12 12:00:00,290.55505,282.21954,0.95401,-0.90353394
2020-05-12 13:00:00,289.41022,283.04572,0.1658783,0.9860382
2020-05-12 14:00:00,287.92694,282.5247,-0.40863037,1.930542
2020-05-12 15:00:00,285.77267,280.78436,-0.8099823,2.6455688
2020-05-12 16:00:00,284.4217,279.36658,-1.0063934,2.9093628
2020-05-12 17:00:00,283.64337,277.98267,-1.0511475,3.078827
2020-05-12 18:00:00,283.1783,276.92023,-1.0488129,3.1212902
2020-05-12 19:00:00,283.05917,275.8994,-1.2501068,3.1149855
2020-05-12 20:00:00,282.54425,275.25653,-1.2625885,3.185257
2020-05-12 21:00:00,282.26556,274.7402,-1.2404327,3.2032394
2020-05-12 22:00:00,281.87778,274.28345,-1.231842,3.2851562
2020-05-12 23:00:00,281.59174,274.1949,-1.2292786,3.2612457
2020-05-13 00:00:00,281.64374,274.61465,-1.1725006,3.1806183
2020-05-13 01:00:00,283.31683,278.36505,-1.0237579,2.6691895
2020-05-13 02:00:00,287.22128,283.6801,-0.55418396,1.3663177
2020-05-13 03:00:00,290.21338,279.87817,0.01586914,0.18132019
2020-05-13 04:00:00,290.94626,280.65347,0.12628174,-0.5721588
2020-05-13 05:00:00,291.64777,281.61148,0.066207886,-0.9633026
2020-05-13 06:00:00,292.216,282.18817,0.15402222,-1.1772461
2020-05-13 07:00:00,292.7572,282.7896,0.17050171,-1.3079681
2020-05-13 08:00:00,292.69025,282.81183,0.41897583,-1.1944427
2020-05-13 09:00:00,292.47818,283.5518,0.5366821,-1.0290985
2020-05-13 10:00:00,292.22614,284.02402,0.7479553,-0.872818
2020-05-13 11:00:00,291.43884,284.458,0.60061646,-0.53396606
2020-05-13 12:00:00,290.71188,284.91785,0.6348419,0.28823853
2020-05-13 13:00:00,289.544,285.60266,0.57315063,0.8242645
2020-05-13 14:00:00,288.20758,284.84738,-0.32147217,1.900589
2020-05-13 15:00:00,287.15466,284.11157,-0.54341125,2.304123
2020-05-13 16:00:00,286.19873,283.12885,-0.72058105,2.5309448
2020-05-13 17:00:00,285.7515,282.31305,-0.86880493,2.5220795
2020-05-13 18:00:00,285.175,281.41583,-0.8667755,2.5787964
2020-05-13 19:00:00,284.67023,278.60645,-0.84565735,2.8462982
2020-05-13 20:00:00,284.27734,278.1245,-0.7948456,2.7428436
2020-05-13 21:00:00,283.99158,278.03717,-0.7937317,2.6539154
2020-05-13 22:00:00,283.6012,278.15106,-0.859375,2.5659637
2020-05-13 23:00:00,282.9668,278.26953,-0.87838745,2.5465393
2020-05-14 00:00:00,283.11584,278.78317,-0.88165283,2.4235077
2020-05-14 01:00:00,283.6533,280.29724,-0.8707886,2.100708
2020-05-14 02:00:00,286.89877,282.86426,-0.49423218,0.9717102
2020-05-14 03:00:00,288.35297,283.13937,0.22650146,-0.4219818
2020-05-14 04:00:00,289.2082,283.86304,0.24694824,-1.0024414
2020-05-14 05:00:00,289.6079,284.0578,-0.17262268,-0.9858856
2020-05-14 06:00:00,290.38202,284.13965,-0.22924805,-1.3878326
2020-05-14 07:00:00,290.4036,285.2277,-0.045837402,-1.2684479
2020-05-14 08:00:00,290.73438,285.44513,-0.14787292,-1.4142914
2020-05-14 09:00:00,290.9155,285.66763,-0.39297485,-1.5883179
2020-05-14 10:00:00,290.4888,285.86267,-0.11012268,-1.3262177
2020-05-14 11:00:00,290.01434,286.30792,0.38848877,-0.98049927
2020-05-14 12:00:00,288.80548,286.32993,0.73542786,0.05902481
2020-05-14 13:00:00,287.80606,286.3196,0.18785095,1.2845984
2020-05-14 14:00:00,286.82687,286.05927,0.64230347,1.1396656
2020-05-14 15:00:00,286.02563,285.22427,2.2113495,0.07988167
2020-05-14 16:00:00,284.80634,284.37598,2.9674988,-0.8538494
2020-05-14 17:00:00,283.48163,283.10834,1.8709869,-0.8787365
2020-05-14 18:00:00,282.63297,282.20868,0.9811859,-0.38280296
2020-05-14 19:00:00,281.64996,280.8036,1.4404297,0.07380962
2020-05-14 20:00:00,281.06903,279.92975,1.2639313,0.25634003
2020-05-14 21:00:00,280.74988,279.71832,0.7620697,0.5316963
2020-05-14 22:00:00,280.74948,279.31583,0.25793457,0.96885204
2020-05-14 23:00:00,280.44247,279.41986,0.38272095,0.7620077
2020-05-15 00:00:00,280.52997,278.8966,0.35273743,0.5848675
2020-05-15 01:00:00,281.0987,279.8325,0.3331604,0.4970684
2020-05-15 02:00:00,281.8874,279.48358,0.47616577,0.19368458
2020-05-15 03:00:00,281.96387,279.90216,0.46949768,-0.18926334
2020-05-15 04:00:00,283.3625,279.56448,0.5516052,-0.63758755
2020-05-15 05:00:00,283.39667,279.685,0.50427246,-1.0715942
2020-05-15 06:00:00,284.19446,280.31622,0.38371277,-1.36938
2020-05-15 07:00:00,284.5351,280.03574,0.16888428,-1.4261837
2020-05-15 08:00:00,284.15668,280.11932,-0.08375549,-1.271121
2020-05-15 09:00:00,284.52625,280.5467,-0.14230347,-1.4211226
2020-05-15 10:00:00,284.0784,280.6056,-0.32481384,-1.2103081
2020-05-15 11:00:00,283.79886,280.8301,-0.5271759,-0.94911194
2020-05-15 12:00:00,283.48114,281.14862,-0.6835022,-0.43388844
2020-05-15 13:00:00,283.03534,282.0871,-0.6656647,-0.07654762
2020-05-15 14:00:00,282.83636,281.68298,-0.6356964,0.22991657
2020-05-15 15:00:00,282.41687,280.76813,-0.64701843,0.6050701
2020-05-15 16:00:00,281.7777,279.83234,-0.4560547,1.0419521
2020-05-15 17:00:00,280.9588,279.09717,-0.31254578,1.2901573
2020-05-15 18:00:00,280.36612,278.6834,-0.35388184,1.3892527
2020-05-15 19:00:00,279.51694,278.31158,-0.66752625,1.48211
2020-05-15 20:00:00,278.3891,277.40778,-0.8393097,1.7021179
2020-05-15 21:00:00,277.8598,276.8291,-0.88031006,1.873764
2020-05-15 22:00:00,277.83585,276.77527,-0.8261719,1.897522
2020-05-15 23:00:00,277.39438,276.30676,-0.8627014,1.9459381
2020-05-16 00:00:00,277.7989,276.01025,-0.80459595,1.8977203
2020-05-16 01:00:00,280.61676,278.65506,-0.46336365,1.2885132
2020-05-16 02:00:00,283.90417,280.32462,-0.27890015,0.38739014
2020-05-16 03:00:00,285.33478,280.43335,-0.20440674,-0.83847046
2020-05-16 04:00:00,285.95453,281.58063,-0.1907196,-1.1843109
2020-05-16 05:00:00,286.63873,282.61554,-0.12786865,-1.6615295
2020-05-16 06:00:00,286.99292,282.76105,-0.024002075,-1.7496643
2020-05-16 07:00:00,285.97675,282.86795,0.22575378,-1.4817963
2020-05-16 08:00:00,285.27765,282.813,0.061447144,-0.6356201
2020-05-16 09:00:00,284.86182,283.44177,0.36935425,-0.4009552
2020-05-16 10:00:00,284.80347,283.58945,0.3199768,-0.43920898
2020-05-16 11:00:00,284.42365,283.4198,0.4919052,-0.32957458
2020-05-16 12:00:00,284.1416,283.42816,0.5956106,-0.4487362
2020-05-16 13:00:00,283.83478,283.3675,0.28153992,0.18999386
2020-05-16 14:00:00,283.4239,282.7597,0.07749939,0.6865959
2020-05-16 15:00:00,282.88568,281.93658,0.22827148,0.8559351
2020-05-16 16:00:00,282.35428,281.06976,0.42510986,0.99743557
2020-05-16 17:00:00,281.66977,280.06665,0.46524048,1.1816854
2020-05-16 18:00:00,281.067,279.41296,0.17831421,1.4131451
2020-05-16 19:00:00,281.28503,279.38916,0.13354683,1.4759159
2020-05-16 20:00:00,281.5937,279.65265,-0.0757885,1.307332
2020-05-16 21:00:00,280.961,279.5699,-0.25093174,1.4409676
2020-05-16 22:00:00,280.7362,279.74988,-0.34153938,1.4270954
2020-05-16 23:00:00,280.82513,279.90222,-0.3011732,1.376749
2020-05-17 00:00:00,281.00586,279.6006,-0.29233265,1.3163443
2020-05-17 01:00:00,281.46655,280.3205,-0.15180016,1.2177925
2020-05-17 02:00:00,283.0018,281.83994,0.2977066,0.6923218
2020-05-17 03:00:00,283.70306,281.73492,0.6562538,0.55973816
2020-05-17 04:00:00,283.70395,282.1145,1.1112833,0.27243042
2020-05-17 05:00:00,284.65042,282.35193,1.2628441,0.1452179
2020-05-17 06:00:00,284.74933,281.99973,1.184206,-0.20407104
2020-05-17 07:00:00,286.22995,283.23572,0.6767206,-0.5903759
2020-05-17 08:00:00,287.12988,285.01337,0.30937672,-1.1436615
2020-05-17 09:00:00,287.5157,285.71136,0.13283348,-1.5413818
2020-05-17 10:00:00,287.51025,285.24854,0.103432655,-1.2980499
2020-05-17 11:00:00,286.88605,284.1759,0.027130127,-0.7200813
2020-05-17 12:00:00,286.88153,283.4363,0.0023727417,-0.6839771
2020-05-17 13:00:00,286.3722,283.37866,-0.2841587,-0.07163811
2020-05-17 14:00:00,285.44214,283.54996,-0.37698746,0.8294716
2020-05-17 15:00:00,283.69846,282.05026,-0.5121479,1.3962212
2020-05-17 16:00:00,282.4775,280.79407,-0.492651,1.7769241
2020-05-17 17:00:00,282.17303,280.05554,-0.65932083,2.1078644
2020-05-17 18:00:00,281.6286,279.011,-0.78349113,2.329111
2020-05-17 19:00:00,281.02454,278.2047,-0.7170105,2.2825756
2020-05-17 20:00:00,280.10428,277.37683,-0.6518097,2.142725
2020-05-17 21:00:00,279.41266,276.63702,-0.7870178,2.2486496
2020-05-17 22:00:00,279.1121,276.23575,-0.7661896,2.298111
2020-05-17 23:00:00,278.65985,275.68646,-0.71128845,2.346363
2020-05-18 00:00:00,278.6104,275.55426,-0.7462921,2.3753662
2020-05-18 01:00:00,280.60144,277.9131,-0.6346741,1.8799896
2020-05-18 02:00:00,285.26776,280.36572,-0.34492493,0.6692505
2020-05-18 03:00:00,286.7569,280.14996,-0.09854126,-0.5957794
2020-05-18 04:00:00,287.44885,281.6189,0.086257935,-1.0528259
2020-05-18 05:00:00,288.06226,282.75732,0.15777588,-1.1846771
2020-05-18 06:00:00,288.547,283.8902,0.04071045,-1.358963
2020-05-18 07:00:00,288.11237,284.70026,0.08929443,-0.61680603
2020-05-18 08:00:00,288.58423,285.66064,0.4058075,-1.4270782
2020-05-18 09:00:00,288.6634,286.495,0.48814392,-0.96029663
2020-05-18 10:00:00,288.04694,285.74048,0.41687012,-0.80885315
2020-05-18 11:00:00,288.5306,286.5865,-0.20941162,-0.7704468
2020-05-18 12:00:00,288.31714,284.9582,-0.38819885,-0.5573311
2020-05-18 13:00:00,287.86145,285.04718,-0.110580444,-0.38349533
2020-05-18 14:00:00,286.75797,284.94604,-0.22917175,0.6579838
2020-05-18 15:00:00,284.39594,282.80487,-0.19944763,1.518467
2020-05-18 16:00:00,282.76337,281.4353,-0.37971497,2.1748066
2020-05-18 17:00:00,281.0784,280.18988,-1.0204926,2.4944363
2020-05-18 18:00:00,281.0133,280.1103,-0.87864685,2.2338505
2020-05-18 19:00:00,281.85254,280.26422,0.058563232,1.6764565
2020-05-18 20:00:00,281.92798,280.73288,0.5436096,1.125062
2020-05-18 21:00:00,281.3177,280.83334,0.030731201,1.3924484
2020-05-18 22:00:00,281.5384,281.08102,0.08143616,1.3005209
2020-05-18 23:00:00,282.0161,281.32657,0.4867859,0.82748413
2020-05-19 00:00:00,281.92548,281.5633,1.0298462,0.08189392
2020-05-19 01:00:00,281.56943,281.34576,1.1706238,-0.36654186
2020-05-19 02:00:00,281.7998,281.66818,1.0978851,-0.80304337
2020-05-19 03:00:00,281.89825,281.72342,1.1852875,-1.0351067
2020-05-19 04:00:00,281.75937,281.53986,1.2741241,-0.9640322
2020-05-19 05:00:00,281.61548,281.21417,1.2942352,-0.79833126
2020-05-19 06:00:00,281.68982,280.97308,1.2642212,-0.8190346
2020-05-19 07:00:00,282.31378,281.48334,0.4016266,-1.0569811
2020-05-19 08:00:00,282.38647,280.9159,0.5051727,-1.4495258
2020-05-19 09:00:00,282.77313,281.67807,0.49006653,-1.5943108
2020-05-19 10:00:00,283.4718,282.61053,0.4256897,-1.7191849
2020-05-19 11:00:00,282.7174,282.16235,0.4918518,-1.4728394
2020-05-19 12:00:00,282.54932,281.92444,0.38937378,-1.2295799
2020-05-19 13:00:00,282.35156,281.64545,0.21565247,-1.0505066
2020-05-19 14:00:00,281.84332,281.3708,0.24595642,-0.71208954
2020-05-19 15:00:00,281.81662,280.82465,0.092803955,-0.23992348
2020-05-19 16:00:00,281.76254,280.71014,-0.30010986,0.3424492
2020-05-19 17:00:00,281.57196,280.23627,-0.4994049,0.4142723
2020-05-19 18:00:00,281.3048,279.4116,-0.74575806,0.39579773
2020-05-19 19:00:00,280.63647,278.27655,-0.46710205,0.7716217
2020-05-19 20:00:00,280.89044,277.6676,-0.5438843,0.74215126
2020-05-19 21:00:00,281.46408,277.41278,-0.45828247,0.66178894
2020-05-19 22:00:00,281.33392,277.42163,-0.52085876,0.6891022
2020-05-19 23:00:00,280.00027,277.3125,-0.5621033,0.9190521
2020-05-20 00:00:00,280.147,277.2206,-0.42163086,1.0108662
2020-05-20 01:00:00,281.7495,278.789,-0.14331055,0.73490334
2020-05-20 02:00:00,282.22742,280.06058,0.0544281,0.025024414
2020-05-20 03:00:00,283.74435,280.26547,0.20695496,-0.39543152
2020-05-20 04:00:00,283.81522,280.84607,0.33570862,-0.7551727
2020-05-20 05:00:00,284.63348,281.17163,0.35585022,-0.89941406
2020-05-20 06:00:00,285.28088,282.06384,0.15414429,-1.2983704
2020-05-20 07:00:00,285.06677,280.6126,0.0007171631,-1.2542114
2020-05-20 08:00:00,285.64355,280.3042,0.08337402,-0.99775696
2020-05-20 09:00:00,286.34058,280.2594,0.0932312,-1.0686493
2020-05-20 10:00:00,286.5963,281.04077,-0.11904907,-1.0882874
2020-05-20 11:00:00,286.78894,281.40692,-0.31497192,-1.081994
2020-05-20 12:00:00,286.4918,281.65207,-0.5141144,-0.9593487
2020-05-20 13:00:00,286.083,281.66327,-0.6260376,-0.2703247
2020-05-20 14:00:00,285.09296,282.13913,-0.6025543,0.69048214
2020-05-20 15:00:00,282.83655,280.5232,-0.4461975,1.4221344
2020-05-20 16:00:00,280.59094,278.50946,-0.57673645,2.1590118
2020-05-20 17:00:00,279.8246,277.17712,-0.74313354,2.508194
2020-05-20 18:00:00,279.46945,276.09094,-0.83732605,2.69812
2020-05-20 19:00:00,279.3982,275.3638,-0.95280457,2.840866
2020-05-20 20:00:00,279.20453,273.95044,-1.0031586,2.771347
2020-05-20 21:00:00,278.64465,272.50977,-1.180893,3.0032501
2020-05-20 22:00:00,278.29883,271.88916,-1.2219391,3.0611725
2020-05-20 23:00:00,278.25574,271.62555,-1.2590637,3.0674286
2020-05-21 00:00:00,278.54166,272.03943,-1.1895752,3.0394592
2020-05-21 01:00:00,280.91278,276.10767,-0.9295807,2.460846
2020-05-21 02:00:00,284.6133,279.75674,-0.52119446,1.2461548
2020-05-21 03:00:00,287.17264,276.72162,-0.2577362,-0.34724426
2020-05-21 04:00:00,287.95306,278.1327,-0.34918213,-0.89686584
2020-05-21 05:00:00,288.6378,279.38138,-0.3650818,-1.2519684
2020-05-21 06:00:00,289.2384,280.45233,-0.2557068,-1.3656464
2020-05-21 07:00:00,288.7174,281.72226,-0.73605347,-0.36813736
2020-05-21 08:00:00,289.53882,281.88696,-0.23805237,-1.1308594
2020-05-21 09:00:00,289.82086,282.55884,-0.33061218,-1.5658569
2020-05-21 10:00:00,288.59888,282.2934,-0.723938,-0.29014587
2020-05-21 11:00:00,289.16473,281.27002,-0.11759949,-1.1392822
2020-05-21 12:00:00,288.3682,280.36526,-0.50613403,-0.8192749
2020-05-21 13:00:00,287.70657,282.78214,-0.35235596,-0.0038146973
2020-05-21 14:00:00,285.92145,281.9654,0.35447693,0.8523712
2020-05-21 15:00:00,284.28085,280.76953,0.10342407,1.6707764
2020-05-21 16:00:00,283.1451,279.8003,-0.20089722,2.0962982
2020-05-21 17:00:00,282.37326,279.18573,-0.54434204,2.4454803
2020-05-21 18:00:00,281.97217,278.6152,-0.8741913,2.6593323
2020-05-21 19:00:00,282.0303,278.79468,-0.9984436,2.827011
2020-05-21 20:00:00,281.83533,278.38043,-1.0394745,2.7876892
2020-05-21 21:00:00,281.73743,277.45422,-0.93092346,2.780716
2020-05-21 22:00:00,281.6858,276.53516,-0.8673248,2.6903038
2020-05-21 23:00:00,281.29532,275.8795,-0.82714844,2.662365
2020-05-22 00:00:00,280.93005,275.79962,-0.8871765,2.6651335
2020-05-22 01:00:00,282.44244,279.128,-0.83706665,2.1407642
2020-05-22 02:00:00,285.98776,280.6184,-0.59198,0.9157629
2020-05-22 03:00:00,288.02362,278.09103,-0.4817505,-0.110795975
2020-05-22 04:00:00,288.9267,279.38953,-0.30218506,-0.8626213
2020-05-22 05:00:00,289.6164,280.85132,-0.06645203,-1.2946434
2020-05-22 06:00:00,290.06635,282.0218,-0.07388306,-1.4577484
2020-05-22 07:00:00,290.18744,281.1139,0.29081726,-1.0556641
2020-05-22 08:00:00,290.2724,281.63245,0.03364563,-0.7134857
2020-05-22 09:00:00,291.01556,281.87018,0.27146912,-1.0484467
2020-05-22 10:00:00,291.05225,281.85626,0.34658813,-1.1751251
2020-05-22 11:00:00,290.70764,282.1274,0.21792603,-1.0873413
2020-05-22 12:00:00,290.245,282.38556,0.04499817,-1.0120697
2020-05-22 13:00:00,289.57928,282.93167,-0.13911438,-0.42596436
2020-05-22 14:00:00,287.81012,283.7779,-0.74090576,0.76856995
2020-05-22 15:00:00,284.91608,281.35693,-0.89930725,1.8484192
2020-05-22 16:00:00,283.34756,279.99564,-1.0203857,2.5770874
2020-05-22 17:00:00,282.71503,278.96417,-1.171875,2.98172
2020-05-22 18:00:00,282.36023,278.22192,-1.2194061,3.136032
2020-05-22 19:00:00,281.4723,275.76788,-1.3928833,3.3946075
2020-05-22 20:00:00,281.2932,274.66986,-1.3750916,3.2797394
2020-05-22 21:00:00,281.23737,273.20807,-1.3812103,3.232544
2020-05-22 22:00:00,281.1162,271.18018,-1.4036407,3.2115602
2020-05-22 23:00:00,280.6953,269.9726,-1.4216919,3.2966938
2020-05-23 00:00:00,280.59058,270.53714,-1.4146576,3.3324337
2020-05-23 01:00:00,282.34717,275.7296,-1.1473694,2.7801495
2020-05-23 02:00:00,286.44092,281.72162,-0.7121124,1.4930668
2020-05-23 03:00:00,289.65173,275.69824,-0.54382324,0.10522461
2020-05-23 04:00:00,290.54425,277.1353,-0.5527344,-0.7371826
2020-05-23 05:00:00,291.2992,279.26526,-0.5524597,-1.1368408
2020-05-23 06:00:00,291.93622,280.97495,-0.6595764,-1.4252014
2020-05-23 07:00:00,292.51425,282.90277,-0.57943726,-1.7987804
2020-05-23 08:00:00,292.59985,283.74347,-0.74154663,-1.7676535
2020-05-23 09:00:00,292.63058,284.4889,-0.675354,-1.6563416
2020-05-23 10:00:00,292.56476,284.80515,-0.6181183,-1.4335508
2020-05-23 11:00:00,292.1266,284.93768,-0.48979187,-0.9629631
2020-05-23 12:00:00,291.7595,285.05765,-0.36587524,-0.46809196
2020-05-23 13:00:00,290.97565,285.53653,-0.49905396,0.43322754
2020-05-23 14:00:00,289.0321,284.92578,-0.87815857,1.8944092
2020-05-23 15:00:00,286.41626,283.16626,-1.1560364,2.6546173
2020-05-23 16:00:00,284.59924,281.48895,-1.3173523,3.0239105
2020-05-23 17:00:00,283.7173,279.74786,-1.3615417,3.1691437
2020-05-23 18:00:00,283.10275,277.82303,-1.402832,3.271347
2020-05-23 19:00:00,283.1492,277.83582,-1.4384003,3.4470215
2020-05-23 20:00:00,282.70828,276.60016,-1.4169922,3.4971771
2020-05-23 21:00:00,282.53796,275.31622,-1.4788055,3.5157013
2020-05-23 22:00:00,282.5289,273.05392,-1.4807129,3.3903656
2020-05-23 23:00:00,282.4522,270.84525,-1.437149,3.2516327
2020-05-24 00:00:00,282.26822,270.96246,-1.3735352,3.1516724
2020-05-24 01:00:00,283.64716,276.36078,-1.14534,2.6936493
2020-05-24 02:00:00,287.55298,282.4923,-0.6453705,1.4993896
2020-05-24 03:00:00,290.7923,275.94476,-0.23088074,0.3006897
2020-05-24 04:00:00,291.6451,277.09808,-0.06576538,-0.51756287
2020-05-24 05:00:00,292.2927,279.17133,-0.00920105,-1.0200806
2020-05-24 06:00:00,292.78452,281.0274,0.074661255,-1.3569031
2020-05-24 07:00:00,293.54755,282.7407,-0.10293579,-1.4188995
2020-05-24 08:00:00,293.7879,283.55292,0.015487671,-1.4588928
2020-05-24 09:00:00,293.92712,284.26318,0.08451843,-1.356369
2020-05-24 10:00:00,293.84955,284.72534,0.32824707,-1.1252899
2020-05-24 11:00:00,293.59875,284.78998,0.42210388,-0.7176819
2020-05-24 12:00:00,292.99097,284.8536,0.42878723,-0.11193848
2020-05-24 13:00:00,292.04834,285.9068,-0.14105225,0.9646301
2020-05-24 14:00:00,289.9944,284.75336,-0.612854,2.147873
2020-05-24 15:00:00,287.72644,282.4065,-0.8329315,2.7690887
2020-05-24 16:00:00,286.27563,279.5311,-0.9312439,3.044693
2020-05-24 17:00:00,285.1864,277.3457,-1.0093842,3.243164
2020-05-24 18:00:00,284.51834,276.268,-1.0821533,3.318451
2020-05-24 19:00:00,284.12402,274.7296,-1.2145691,3.3642778
2020-05-24 20:00:00,283.76767,273.54034,-1.2840881,3.2743835
2020-05-24 21:00:00,283.2563,272.50183,-1.3889008,3.3175964
2020-05-24 22:00:00,282.85095,271.571,-1.428482,3.3610077
2020-05-24 23:00:00,282.6812,270.88293,-1.4181671,3.362976
2020-05-25 00:00:00,282.79297,271.23413,-1.3310242,3.3129578
2020-05-25 01:00:00,284.42935,276.65417,-1.0989838,2.8480377
2020-05-25 02:00:00,288.16977,283.07043,-0.5721588,1.5099792
2020-05-25 03:00:00,291.4359,278.45563,-0.258667,0.27835083
2020-05-25 04:00:00,292.50168,279.67267,-0.1557312,-0.34661865
2020-05-25 05:00:00,293.38007,281.78656,-0.07305908,-0.9312744
2020-05-25 06:00:00,294.01816,283.67334,-0.1476593,-1.2584839
2020-05-25 07:00:00,294.76807,284.92932,-0.2852173,-1.5505371
2020-05-25 08:00:00,295.07507,285.77753,-0.634079,-1.5563202
2020-05-25 09:00:00,295.21088,286.10303,-0.81025696,-1.5680084
2020-05-25 10:00:00,295.24338,286.0924,-0.8196869,-1.2091522
2020-05-25 11:00:00,295.13458,286.28937,-0.62571716,-0.9348297
2020-05-25 12:00:00,294.58945,286.8687,-0.63230896,-0.5150299
2020-05-25 13:00:00,293.80792,287.70312,-0.77549744,0.7548828
2020-05-25 14:00:00,291.96088,286.3407,-0.7707977,2.0671082
2020-05-25 15:00:00,289.58633,283.76,-1.0398865,2.9668884
2020-05-25 16:00:00,287.97552,281.52698,-1.1992188,3.340561
2020-05-25 17:00:00,287.17474,279.96893,-1.272995,3.4585266
2020-05-25 18:00:00,286.7849,278.98776,-1.2918701,3.4812164
2020-05-25 19:00:00,286.13538,278.11823,-1.3863983,3.77565
2020-05-25 20:00:00,286.0013,277.643,-1.2951508,3.6591492
2020-05-25 21:00:00,285.8466,277.42847,-1.2863007,3.710022
2020-05-25 22:00:00,285.69016,277.30347,-1.274704,3.7741547
2020-05-25 23:00:00,285.55356,277.27515,-1.2823639,3.7565918
2020-05-26 00:00:00,285.64484,277.8917,-1.2722626,3.6681824
2020-05-26 01:00:00,287.62378,281.9382,-1.0447845,3.0858002
2020-05-26 02:00:00,291.12137,286.98758,-0.537323,1.765976
2020-05-26 03:00:00,294.4463,284.44965,-0.2841034,0.47839355
2020-05-26 04:00:00,295.34155,283.50388,-0.26159668,-0.13208008
2020-05-26 05:00:00,296.04944,284.5234,-0.11958313,-0.5779877
2020-05-26 06:00:00,296.70096,285.70157,-0.053710938,-0.83883667
2020-05-26 07:00:00,297.44528,287.0697,0.034332275,-1.0632477
2020-05-26 08:00:00,297.71173,288.03107,-0.009841919,-1.3014984
2020-05-26 09:00:00,297.88177,288.56308,-0.06687927,-1.3845367
2020-05-26 10:00:00,297.75372,288.98434,-0.028427124,-1.4705963
2020-05-26 11:00:00,297.45108,289.2862,0.318161,-1.113205
2020-05-26 12:00:00,296.73236,289.34152,0.47930908,-0.6616211
2020-05-26 13:00:00,295.6629,289.60324,-0.11857605,0.4998932
2020-05-26 14:00:00,293.8092,288.98926,-0.6220703,1.8550568
2020-05-26 15:00:00,291.1655,287.2479,-1.097641,2.6357422
2020-05-26 16:00:00,288.85416,285.47058,-1.2841187,3.1433105
2020-05-26 17:00:00,287.7647,283.60895,-1.2675934,3.320221
2020-05-26 18:00:00,287.4301,281.73596,-1.2378845,3.3149261
2020-05-26 19:00:00,287.04208,280.4924,-1.3094025,3.3937988
2020-05-26 20:00:00,286.52405,279.398,-1.2653503,3.358139
2020-05-26 21:00:00,286.10355,277.4306,-1.2420349,3.4228897
2020-05-26 22:00:00,285.6805,274.2837,-1.2449493,3.4464245
2020-05-26 23:00:00,285.34143,271.29053,-1.2259216,3.4092693
2020-05-27 00:00:00,285.19318,270.89893,-1.1487579,3.2821999
2020-05-27 01:00:00,286.8222,277.45428,-0.9292755,2.7765808
2020-05-27 02:00:00,290.37085,284.62354,-0.34648132,1.5451965
2020-05-27 03:00:00,294.3366,279.11127,1.0597382,0.34832764
2020-05-27 04:00:00,294.8906,281.18365,1.7042847,-0.26333618
2020-05-27 05:00:00,295.37253,282.56976,1.9132996,-0.68037415
2020-05-27 06:00:00,295.7904,283.08917,1.8986969,-0.95462036
2020-05-27 07:00:00,296.0868,283.18152,1.7425842,-0.8751221
2020-05-27 08:00:00,296.2224,282.93738,1.582428,-0.78889847
2020-05-27 09:00:00,296.40594,282.33478,1.4792023,-0.8268471
2020-05-27 10:00:00,296.12115,282.12405,1.0663147,-0.86977196
2020-05-27 11:00:00,295.5556,282.26355,0.74798584,-0.64619255
2020-05-27 12:00:00,294.59393,282.99884,0.47886658,-0.49696922
2020-05-27 13:00:00,293.03418,284.551,-0.23225403,0.020729065
2020-05-27 14:00:00,290.7556,284.54797,-1.151413,1.4773712
2020-05-27 15:00:00,289.03714,281.91223,-1.0742798,2.4347782
2020-05-27 16:00:00,288.1891,278.5398,-1.1176147,2.5222683
2020-05-27 17:00:00,286.94067,277.29877,-1.0954132,2.8471603
2020-05-27 18:00:00,286.22418,276.67358,-1.0445862,2.9346962
2020-05-27 19:00:00,286.32434,276.0396,-0.82125854,2.725031
2020-05-27 20:00:00,285.3504,275.9053,-0.74269104,2.6543026
2020-05-27 21:00:00,284.5511,276.40317,-0.3734131,2.284706
2020-05-27 22:00:00,284.3374,275.55154,-0.079818726,2.1094055
2020-05-27 23:00:00,284.6788,275.2337,0.051879883,1.8559113
2020-05-28 00:00:00,284.1703,275.43964,-0.05014038,1.8404484
2020-05-28 01:00:00,284.81683,278.60815,0.07244873,1.4224253
2020-05-28 02:00:00,288.39545,278.0757,0.80262756,0.37522697
2020-05-28 03:00:00,289.2311,279.19388,1.3898773,-0.57147217
2020-05-28 04:00:00,289.8037,280.58716,1.4352722,-1.1149845
2020-05-28 05:00:00,290.31952,281.7063,1.3538055,-1.4080524
2020-05-28 06:00:00,290.89087,282.40234,1.3151703,-1.5581055
2020-05-28 07:00:00,291.5765,282.6005,1.1568756,-1.7257624
2020-05-28 08:00:00,291.83344,282.75516,1.2390137,-1.7511139
2020-05-28 09:00:00,291.97534,282.839,1.2838898,-1.7046862
2020-05-28 10:00:00,291.9691,282.73608,1.1603088,-1.6069899
2020-05-28 11:00:00,291.5865,282.45508,0.8343048,-1.2829676
2020-05-28 12:00:00,291.18542,282.51636,0.90589905,-0.943573
2020-05-28 13:00:00,290.37347,282.90936,0.8079376,-0.6342106
2020-05-28 14:00:00,289.2528,283.86902,0.6242981,0.12483978
2020-05-28 15:00:00,287.86688,282.55615,0.24276733,1.1548128
2020-05-28 16:00:00,287.41418,281.48145,0.013427734,1.2422028
2020-05-28 17:00:00,284.84985,280.25302,-0.18156433,1.655777
2020-05-28 18:00:00,282.41498,278.98563,-0.3683319,2.0952606
2020-05-28 19:00:00,281.10052,278.30957,-0.6541443,2.4660797
2020-05-28 20:00:00,280.48364,277.79358,-0.6457672,2.44841
2020-05-28 21:00:00,280.06293,277.2837,-0.72917175,2.5094604
2020-05-28 22:00:00,279.81836,276.75964,-0.740921,2.5309906
2020-05-28 23:00:00,279.62378,276.14554,-0.73217773,2.5538177
2020-05-29 00:00:00,279.78094,275.975,-0.6491394,2.457199
2020-05-29 01:00:00,283.02158,279.2602,-0.36810303,1.8143921
2020-05-29 02:00:00,288.50717,281.5028,0.11541748,0.25549316
2020-05-29 03:00:00,290.17227,281.11603,0.6172638,-0.6676636
2020-05-29 04:00:00,290.9063,282.56387,0.8653717,-1.166626
2020-05-29 05:00:00,291.58264,283.69604,0.9585724,-1.5053558
2020-05-29 06:00:00,292.31842,284.16364,1.0818939,-1.770935
2020-05-29 07:00:00,292.9375,284.77698,1.1301117,-1.4785309
2020-05-29 08:00:00,293.0453,284.31134,1.419281,-1.7041473
2020-05-29 09:00:00,293.18335,284.17615,1.3493195,-1.7747192
2020-05-29 10:00:00,292.73645,283.54758,1.3352814,-1.2557068
2020-05-29 11:00:00,291.97443,283.43915,1.1537628,-0.48583984
2020-05-29 12:00:00,291.42593,283.87,0.69862366,-0.19285583
2020-05-29 13:00:00,290.4611,284.06177,0.32458496,0.045578003
2020-05-29 14:00:00,287.91885,285.10803,-0.38926697,0.97776794
2020-05-29 15:00:00,286.7821,283.6883,-0.5490875,1.8971863
2020-05-29 16:00:00,285.74255,282.62512,-0.5801239,2.2421112
2020-05-29 17:00:00,285.3109,281.20435,-0.39024353,2.218277
2020-05-29 18:00:00,284.90503,280.0869,-0.2421112,2.1652832
2020-05-29 19:00:00,284.57336,279.46735,-0.25967407,2.2246246
2020-05-29 20:00:00,284.24133,278.8888,-0.4591217,2.086176
2020-05-29 21:00:00,283.77173,278.2276,-0.514328,2.165329
2020-05-29 22:00:00,283.4646,277.6754,-0.6291199,2.2863007
2020-05-29 23:00:00,283.2932,277.47333,-0.70336914,2.362091
2020-05-30 00:00:00,283.46173,277.93515,-0.707016,2.1910095
2020-05-30 01:00:00,285.06006,281.24426,-0.55911255,1.7213593
2020-05-30 02:00:00,288.27597,282.7317,-0.14190674,0.8521881
2020-05-30 03:00:00,290.0456,281.0243,0.72846985,-0.23042297
2020-05-30 04:00:00,290.6396,280.3011,1.1763611,-0.6366577
2020-05-30 05:00:00,291.46948,279.56335,1.280777,-1.076355
2020-05-30 06:00:00,291.4085,279.34512,1.1263733,-0.99827576
2020-05-30 07:00:00,292.17328,277.54877,1.0455017,-1.0602417
2020-05-30 08:00:00,292.12665,277.71207,0.8555603,-1.1021729
2020-05-30 09:00:00,292.76666,277.3264,1.0201874,-1.2138672
2020-05-30 10:00:00,292.59998,277.0044,0.88360596,-1.1309357
2020-05-30 11:00:00,291.37537,278.5989,0.29611206,-0.7317505
2020-05-30 12:00:00,291.07516,278.70004,0.03552246,-0.46359253
2020-05-30 13:00:00,289.94043,280.80646,-0.28881836,0.2048645
2020-05-30 14:00:00,288.20288,280.9182,-0.88772583,1.2504272
2020-05-30 15:00:00,285.93265,278.43323,-1.0465546,1.7062378
2020-05-30 16:00:00,284.37042,275.5923,-1.1029968,1.9764557
2020-05-30 17:00:00,283.38507,274.23663,-1.1324615,2.1455536
2020-05-30 18:00:00,282.52966,273.28317,-1.1737976,2.4347534
2020-05-30 19:00:00,282.1597,273.34076,-1.1429901,2.9474182
2020-05-30 20:00:00,281.89716,273.59305,-1.1380005,3.0128021
2020-05-30 21:00:00,281.85303,273.67215,-1.1885529,3.1169586
2020-05-30 22:00:00,281.8213,273.62387,-1.2289886,3.194931
2020-05-30 23:00:00,281.8348,273.54193,-1.2329407,3.2172089
2020-05-31 00:00:00,282.08572,274.09644,-1.1902618,3.1582184
2020-05-31 01:00:00,284.25464,278.9055,-0.9243927,2.4900818
2020-05-31 02:00:00,289.20786,281.3392,-0.440094,0.76750183
2020-05-31 03:00:00,291.97528,276.13306,-0.19857788,-0.9733887
2020-05-31 04:00:00,292.48514,277.8489,-0.10166931,-1.4872131
2020-05-31 05:00:00,293.06973,279.42648,-0.07833862,-1.7398071
2020-05-31 06:00:00,293.74353,280.8614,-0.119628906,-1.9176178
2020-05-31 07:00:00,294.5187,282.54266,-0.28649902,-2.109582
2020-05-31 08:00:00,294.52472,283.06912,-0.4380188,-2.0226364
2020-05-31 09:00:00,294.52274,283.22226,-0.53453064,-1.9700775
2020-05-31 10:00:00,294.85376,283.5963,-0.6418915,-1.8692932
2020-05-31 11:00:00,294.57153,283.92133,-0.6551666,-1.4329987
2020-05-31 12:00:00,294.33368,284.07016,-0.24993896,-1.067627
2020-05-31 13:00:00,293.5657,284.91895,0.28085327,0.021057129
2020-05-31 14:00:00,291.33035,286.237,-0.07237244,1.312912
2020-05-31 15:00:00,288.8994,283.71457,-0.46800232,2.25148
2020-05-31 16:00:00,287.38605,282.42108,-0.6690216,2.801941
2020-05-31 17:00:00,286.58887,281.53418,-0.8841095,3.0592804
2020-05-31 18:00:00,286.21097,280.85284,-0.9966736,3.1402893
2020-05-31 19:00:00,285.8106,280.53888,-1.1034393,3.1874542
2020-05-31 20:00:00,285.5886,280.1875,-1.0762329,3.1622314
2020-05-31 21:00:00,285.36328,279.93945,-1.0951385,3.188095
2020-05-31 22:00:00,285.2493,279.6967,-1.078476,3.134964
2020-05-31 23:00:00,285.0563,279.58078,-1.0332642,3.124237
2020-06-01 00:00:00,285.13342,279.9397,-1.0280914,3.094101
2020-06-01 01:00:00,287.19586,283.2293,-0.73716736,2.4381866
2020-06-01 02:00:00,291.43787,286.2986,-0.041793823,0.8256836
2020-06-01 03:00:00,294.03687,284.16476,0.7165222,-0.68833923
2020-06-01 04:00:00,294.4718,285.36438,0.7467499,-1.2604065
2020-06-01 05:00:00,294.6953,286.14072,0.33154297,-0.80722046
2020-06-01 06:00:00,295.3975,286.83875,0.45837402,-1.5275421
2020-06-01 07:00:00,294.80847,286.4852,-0.97946167,0.49072266
2020-06-01 08:00:00,295.7158,286.29523,0.10031128,-0.084215164
2020-06-01 09:00:00,295.70056,286.89313,1.385849,-0.936491
2020-06-01 10:00:00,294.61035,287.09738,0.9138031,0.7673187
2020-06-01 11:00:00,294.67957,287.06702,-0.1451416,0.23997307
2020-06-01 12:00:00,293.66205,287.27222,-0.054351807,0.79005337
2020-06-01 13:00:00,293.1717,287.16257,0.16967773,2.1002884
2020-06-01 14:00:00,291.77606,286.18472,-0.35237122,2.4092026
2020-06-01 15:00:00,290.1338,285.14124,-0.8340759,2.7963238
2020-06-01 16:00:00,289.18866,284.56558,-0.8176727,2.992855
2020-06-01 17:00:00,288.4746,284.0291,-1.0239258,3.1137428
2020-06-01 18:00:00,288.04858,283.463,-1.1106873,3.0800838
2020-06-01 19:00:00,287.64655,282.46893,-1.2496643,3.2407598
2020-06-01 20:00:00,287.61774,282.3367,-1.0022888,3.0081158
2020-06-01 21:00:00,287.97784,281.95798,-0.83457947,2.9007082
2020-06-01 22:00:00,287.9674,281.6819,-0.7613373,2.7538795
2020-06-01 23:00:00,287.40338,281.70352,-0.9019928,2.888218
2020-06-02 00:00:00,287.2249,282.24368,-0.96165466,2.8505764
2020-06-02 01:00:00,288.77472,284.96045,-0.72746277,2.434639
2020-06-02 02:00:00,290.82727,288.20428,-0.20687866,1.4243097
2020-06-02 03:00:00,294.1564,282.8994,0.9903412,0.6879816
2020-06-02 04:00:00,294.81714,282.74695,1.8177185,0.059397697
2020-06-02 05:00:00,294.424,283.59027,1.7424011,-0.064697266
2020-06-02 06:00:00,294.79083,284.22693,1.8262787,-0.5002365
2020-06-02 07:00:00,294.8081,284.35205,0.59698486,0.19654465
2020-06-02 08:00:00,294.67404,284.2224,1.1124878,0.15315914
2020-06-02 09:00:00,295.09662,283.0417,1.3968048,-0.095936775
2020-06-02 10:00:00,294.51675,283.5822,1.1629486,-0.021417618
2020-06-02 11:00:00,294.41116,283.78473,0.73057556,0.046090126
2020-06-02 12:00:00,294.14017,284.19897,0.32589722,0.17834663
2020-06-02 13:00:00,293.16342,287.3051,0.20970154,0.95319366
2020-06-02 14:00:00,291.44946,285.5843,-0.29034424,1.5610161
2020-06-02 15:00:00,289.29523,283.1692,-0.563324,1.8169651
2020-06-02 16:00:00,288.12354,280.85687,-0.6874542,2.3314
2020-06-02 17:00:00,287.24097,279.43756,-0.7472229,2.53858
2020-06-02 18:00:00,286.6285,278.19485,-0.7992096,2.5448494
2020-06-02 19:00:00,286.4437,278.54205,-0.8873749,2.7371101
2020-06-02 20:00:00,285.7328,277.82364,-0.95710754,2.8278294
2020-06-02 21:00:00,285.59955,277.2979,-0.9921112,2.8792458
2020-06-02 22:00:00,285.3609,276.75897,-1.0528412,2.924614
2020-06-02 23:00:00,285.33652,276.80014,-1.1304626,2.9606934
2020-06-03 00:00:00,285.53796,277.52197,-1.134018,2.9051447
2020-06-03 01:00:00,287.3072,281.5987,-0.9160919,2.4507313
2020-06-03 02:00:00,290.01648,286.37195,-0.559433,1.3469086
2020-06-03 03:00:00,293.62146,282.02002,-0.15042114,0.140769
2020-06-03 04:00:00,294.4315,280.21844,0.44200134,-0.65233326
2020-06-03 05:00:00,295.50272,280.76477,0.79119873,-1.2600784
2020-06-03 06:00:00,295.88654,281.305,0.653183,-1.498991
2020-06-03 07:00:00,295.94232,280.8427,0.11349487,-0.9162731
2020-06-03 08:00:00,295.9005,281.18628,-0.101257324,-1.0677452
2020-06-03 09:00:00,296.00864,281.47052,0.04486084,-1.1093597
2020-06-03 10:00:00,296.29663,281.5652,-0.05809021,-1.1725464
2020-06-03 11:00:00,296.11316,282.06696,0.43943787,-1.5249176
2020-06-03 12:00:00,295.21918,282.4754,0.6092682,-1.6647949
2020-06-03 13:00:00,293.8173,284.68988,0.23895264,-0.77804565
2020-06-03 14:00:00,291.328,284.69537,-0.28678894,1.4295044
2020-06-03 15:00:00,288.94067,282.04153,-1.007721,2.701767
2020-06-03 16:00:00,287.41675,281.35727,-1.134018,3.078186
2020-06-03 17:00:00,287.02603,280.424,-1.2029877,3.123169
2020-06-03 18:00:00,286.75775,279.47263,-1.2303314,3.150116
2020-06-03 19:00:00,286.4334,277.25726,-1.4208374,3.496643
2020-06-03 20:00:00,286.00302,276.67468,-1.3347931,3.4396667
2020-06-03 21:00:00,285.7748,276.24957,-1.3041687,3.4311123
2020-06-03 22:00:00,285.63934,275.77365,-1.2887421,3.395401
2020-06-03 23:00:00,285.64648,275.73175,-1.2896118,3.3900938
2020-06-04 00:00:00,285.59845,276.706,-1.266037,3.3219242
2020-06-04 01:00:00,287.73145,281.96957,-0.89424133,2.6199532
2020-06-04 02:00:00,292.12088,285.4934,-0.26835632,0.9085264
2020-06-04 03:00:00,295.305,279.0848,0.16499329,-0.56688595
2020-06-04 04:00:00,296.00803,280.37726,0.45567322,-1.0448151
2020-06-04 05:00:00,296.63376,281.16425,0.60891724,-1.4054871
2020-06-04 06:00:00,297.07526,281.50476,0.6762848,-1.6130219
2020-06-04 07:00:00,297.7481,281.21353,1.2443085,-1.8469086
2020-06-04 08:00:00,297.1686,281.511,1.6834717,-1.0888062
2020-06-04 09:00:00,297.28333,282.27655,1.8263855,-0.9580078
2020-06-04 10:00:00,297.47314,281.36508,1.8525085,-0.6618805
2020-06-04 11:00:00,296.97253,281.79364,1.4720459,-0.48898315
2020-06-04 12:00:00,296.59943,282.9533,1.3404999,-0.14546204
2020-06-04 13:00:00,295.2295,287.61136,0.70591736,0.25265503
2020-06-04 14:00:00,293.19357,285.22968,0.25997925,1.2000732
2020-06-04 15:00:00,291.05548,281.59833,-0.003982544,1.9876862
2020-06-04 16:00:00,290.75632,278.9922,-0.10595703,1.8869724
2020-06-04 17:00:00,288.3452,278.18423,-0.22291565,2.4434404
2020-06-04 18:00:00,287.782,277.2138,-0.07115173,2.5265503
2020-06-04 19:00:00,287.7234,274.90753,1.2273865,2.6552057
2020-06-04 20:00:00,287.74677,276.5202,0.6816864,2.9553814
2020-06-04 21:00:00,287.75403,277.82858,-0.2637024,3.3685246
2020-06-04 22:00:00,288.48022,278.40692,0.15867615,3.3652096
2020-06-04 23:00:00,289.1882,277.50482,1.4570312,3.0217133
2020-06-05 00:00:00,289.07907,278.466,1.643631,2.723587
2020-06-05 01:00:00,290.205,280.0465,2.6868439,1.816534
2020-06-05 02:00:00,291.95544,281.56406,3.3119507,0.29097557
2020-06-05 03:00:00,290.98303,283.1609,3.2763824,0.35631943
2020-06-05 04:00:00,291.43524,283.0434,2.9958344,0.7926464
2020-06-05 05:00:00,291.32098,283.3437,3.1730347,-0.33737183
2020-06-05 06:00:00,291.17554,284.74545,3.2020264,-0.34404182
2020-06-05 07:00:00,288.96228,285.06897,2.7281494,0.2175045
2020-06-05 08:00:00,288.2928,284.47717,2.8084106,0.4802227
2020-06-05 09:00:00,288.44812,285.0686,2.197525,0.12223816
2020-06-05 10:00:00,288.54697,285.0119,1.709137,-0.15818787
2020-06-05 11:00:00,287.93927,284.30536,1.6594696,0.34596252
2020-06-05 12:00:00,288.06354,284.0711,1.3993683,0.08885193
2020-06-05 13:00:00,287.3365,283.85382,0.76885986,0.22549438
2020-06-05 14:00:00,286.53568,284.69424,-0.30480957,0.3594513
2020-06-05 15:00:00,285.43646,282.9171,-0.11289978,0.95207214
2020-06-05 16:00:00,284.56018,281.753,0.23130798,1.241684
2020-06-05 17:00:00,285.71347,281.12582,0.46377563,0.89082336
2020-06-05 18:00:00,285.6142,281.00027,0.4081726,0.5346832
2020-06-05 19:00:00,282.4214,279.9134,0.07411194,1.4528656
2020-06-05 20:00:00,281.09464,278.93896,0.089782715,1.6544342
2020-06-05 21:00:00,281.9983,278.70486,0.19447327,1.4177704
2020-06-05 22:00:00,283.8446,279.1615,0.45306396,0.9116821
2020-06-05 23:00:00,283.53305,279.36432,0.598053,0.69763184
2020-06-06 00:00:00,283.22202,279.83527,0.69711304,0.6307373
2020-06-06 01:00:00,282.45554,281.21405,1.2176208,0.27601624
2020-06-06 02:00:00,284.15015,280.6333,1.323288,-0.3835907
2020-06-06 03:00:00,284.88055,280.47998,1.1723022,-0.78507996
2020-06-06 04:00:00,285.93478,280.6015,1.0499115,-1.3790131
2020-06-06 05:00:00,286.8031,280.34918,1.0789337,-1.7278748
2020-06-06 06:00:00,287.495,280.41266,1.1560516,-1.7999573
2020-06-06 07:00:00,288.18698,278.55344,0.9785156,-1.9938965
2020-06-06 08:00:00,288.64526,278.3803,1.0965271,-1.9324951
2020-06-06 09:00:00,288.85175,278.1043,1.0993042,-1.9693146
2020-06-06 10:00:00,288.7982,277.26538,0.9727783,-1.829071
2020-06-06 11:00:00,288.39563,276.53058,0.9605255,-1.5780182
2020-06-06 12:00:00,287.94177,275.88177,0.8423767,-1.3487701
2020-06-06 13:00:00,287.30273,275.74463,0.74053955,-0.9486017
2020-06-06 14:00:00,286.1211,278.10785,0.55485535,-0.28959465
2020-06-06 15:00:00,285.16803,275.7473,0.23509216,1.0780458
2020-06-06 16:00:00,284.34262,274.63416,0.13813782,1.3142529
2020-06-06 17:00:00,283.794,273.22906,-0.03842163,1.445322
2020-06-06 18:00:00,281.9159,272.64102,-0.24473572,1.6891422
2020-06-06 19:00:00,278.87265,269.7793,-0.4767151,2.2858334
2020-06-06 20:00:00,277.55774,268.8226,-0.6065674,2.4026785
2020-06-06 21:00:00,276.69922,267.86792,-0.733902,2.4644623
2020-06-06 22:00:00,276.3349,266.736,-0.71643066,2.5408325
2020-06-06 23:00:00,276.15225,266.62415,-0.61624146,2.5924072
2020-06-07 00:00:00,276.92197,267.28046,-0.44612122,2.3990173
2020-06-07 01:00:00,281.05792,273.04886,-0.11242676,1.6316223
2020-06-07 02:00:00,285.01947,276.4033,0.4335327,0.32539368
2020-06-07 03:00:00,287.1977,274.10883,0.8526001,-0.45419312
2020-06-07 04:00:00,287.60846,276.08923,0.99331665,-0.900589
2020-06-07 05:00:00,288.11456,277.91214,0.9914856,-1.2460785
2020-06-07 06:00:00,288.2201,278.96118,0.77633667,-1.2459507
2020-06-07 07:00:00,289.99643,278.76996,1.0139923,-1.5971556
2020-06-07 08:00:00,290.18317,278.96136,1.0063934,-1.698391
2020-06-07 09:00:00,290.4226,279.1888,1.0069885,-1.5625916
2020-06-07 10:00:00,290.5056,279.06,0.9807739,-1.466918
2020-06-07 11:00:00,290.3559,278.88202,0.86499023,-1.2398567
2020-06-07 12:00:00,290.03354,278.8752,0.88098145,-1.0079899
2020-06-07 13:00:00,289.28006,279.54153,0.75198364,-0.66819096
2020-06-07 14:00:00,288.15125,279.96384,0.20826721,0.17363644
2020-06-07 15:00:00,284.29788,279.76355,-0.49891663,1.732996
2020-06-07 16:00:00,282.4425,277.88385,-0.69940186,2.200037
2020-06-07 17:00:00,281.38257,275.5902,-0.589447,2.3799953
2020-06-07 18:00:00,280.54547,273.68262,-0.5726776,2.5108566
2020-06-07 19:00:00,279.97375,272.87897,-0.794754,2.4856815
2020-06-07 20:00:00,279.51874,272.0251,-0.95443916,2.6841698
2020-06-07 21:00:00,279.14795,271.20242,-1.066474,2.8517818
2020-06-07 22:00:00,279.156,270.54224,-1.0893555,2.9736023
2020-06-07 23:00:00,279.5669,270.8838,-1.099289,2.897213
2020-06-08 00:00:00,280.13916,272.32574,-1.0145721,2.7312555
2020-06-08 01:00:00,281.98102,277.57483,-0.6871033,2.0300322
2020-06-08 02:00:00,286.15106,280.13882,-0.22418213,0.3717184
2020-06-08 03:00:00,287.66278,275.43372,-0.23817444,-0.008831978
2020-06-08 04:00:00,288.38043,276.8976,0.0018157959,-0.7492142
2020-06-08 05:00:00,289.11847,278.2536,-0.0047454834,-1.2355251
2020-06-08 06:00:00,289.73688,279.60138,0.092315674,-1.5603867
2020-06-08 07:00:00,290.65857,280.16388,0.12199402,-1.7410116
2020-06-08 08:00:00,290.15402,280.55957,0.38180542,-1.5866871
2020-06-08 09:00:00,289.74625,281.03812,0.60879517,-1.3184357
2020-06-08 10:00:00,289.03424,282.04578,1.4519043,-1.2322083
2020-06-08 11:00:00,287.95966,282.77237,1.471344,-0.097797394
2020-06-08 12:00:00,287.38843,283.11957,1.7096863,0.23990059
2020-06-08 13:00:00,286.94565,283.1539,1.1531982,0.81672096
2020-06-08 14:00:00,285.44104,283.90955,0.20925903,1.1460276
2020-06-08 15:00:00,284.92752,283.3308,-0.1907196,1.2974825
2020-06-08 16:00:00,284.1632,282.72174,-0.5284424,1.9555817
2020-06-08 17:00:00,283.2798,281.8439,-0.6355591,2.2003174
2020-06-08 18:00:00,283.2924,281.91806,-0.54341125,2.2296581
2020-06-08 19:00:00,282.5731,280.96863,-0.66448975,2.456749
2020-06-08 20:00:00,283.33264,279.8782,-0.5820465,2.3430595
2020-06-08 21:00:00,282.66437,279.33932,-0.65467834,2.2286816
2020-06-08 22:00:00,282.19165,278.99313,-0.64497375,2.0501728
2020-06-08 23:00:00,281.7508,278.54102,-0.4498291,1.9065456
2020-06-09 00:00:00,282.235,278.42465,-0.35488892,1.74263
2020-06-09 01:00:00,284.05652,280.1979,-0.021972656,1.3443565
2020-06-09 02:00:00,285.73328,281.14886,0.4577942,0.72027206
2020-06-09 03:00:00,285.8117,281.92004,1.1591187,0.4525156
2020-06-09 04:00:00,285.735,281.29236,1.4814911,0.19807625
2020-06-09 05:00:00,286.37256,281.18176,1.4419403,-0.23422241
2020-06-09 06:00:00,287.14832,281.1715,1.5356903,-0.12271118
2020-06-09 07:00:00,287.2336,282.12656,1.590271,-0.3276825
2020-06-09 08:00:00,287.11804,282.32318,1.4222107,-0.1673584
2020-06-09 09:00:00,286.7755,284.0016,0.9374695,-0.05419922
2020-06-09 10:00:00,286.85748,283.8437,0.6518707,-0.34614563
2020-06-09 11:00:00,287.54987,283.1115,0.6244354,-0.59946156
2020-06-09 12:00:00,287.93103,282.5379,0.4552307,-0.59907913
2020-06-09 13:00:00,287.46225,282.39423,0.49075317,-0.12413597
2020-06-09 14:00:00,286.57697,283.2591,-0.12420654,0.50808907
2020-06-09 15:00:00,284.14493,281.95374,-0.45732117,1.7862997
2020-06-09 16:00:00,282.56824,280.45618,-0.5921173,2.2664642
2020-06-09 17:00:00,281.9629,279.4693,-0.69718933,2.4070168
2020-06-09 18:00:00,281.667,278.58215,-0.80540466,2.477005
2020-06-09 19:00:00,281.38153,276.6662,-0.9983978,2.5786095
2020-06-09 20:00:00,281.1825,276.09906,-0.9968262,2.554963
2020-06-09 21:00:00,281.2921,275.85617,-0.9899597,2.6459398
2020-06-09 22:00:00,281.16986,275.64056,-0.9789734,2.6347265
2020-06-09 23:00:00,281.1855,275.50543,-0.99946594,2.6346607
2020-06-10 00:00:00,281.15784,275.74463,-1.018219,2.5796251
2020-06-10 01:00:00,283.0158,279.26605,-0.7611542,1.9247913
2020-06-10 02:00:00,286.57535,279.6515,-0.25434875,0.58634853
2020-06-10 03:00:00,288.043,277.56717,0.20785522,0.0912323
2020-06-10 04:00:00,288.65158,278.38556,0.54470825,-0.6857805
2020-06-10 05:00:00,288.5664,278.49756,0.5682068,-0.31596184
2020-06-10 06:00:00,288.3886,279.46008,0.78419495,-0.2612934
2020-06-10 07:00:00,289.00186,280.65692,0.80892944,-1.0851297
2020-06-10 08:00:00,289.33466,280.42682,0.59103394,-0.9431877
2020-06-10 09:00:00,289.62323,280.15527,0.5648804,-1.087573
2020-06-10 10:00:00,289.51642,279.85962,0.70399475,-1.3633175
2020-06-10 11:00:00,288.68765,279.95947,0.69148254,-0.66417503
2020-06-10 12:00:00,288.05988,280.38425,0.8157654,0.023347855
2020-06-10 13:00:00,287.41638,280.63977,0.5828552,0.50030136
2020-06-10 14:00:00,286.68427,281.2201,0.48823547,0.08789444
2020-06-10 15:00:00,285.35577,280.5558,0.77204895,0.17397976
2020-06-10 16:00:00,284.09265,280.09192,0.42929077,1.2537804
2020-06-10 17:00:00,283.41815,279.88443,0.06098938,1.3272047
2020-06-10 18:00:00,283.09076,279.8444,0.21614075,1.3630743
2020-06-10 19:00:00,282.53342,279.66077,-0.22277832,1.3704672
2020-06-10 20:00:00,281.7815,279.76672,-0.3204651,1.440301
2020-06-10 21:00:00,280.4435,278.82425,-0.41455078,1.7880001
2020-06-10 22:00:00,280.09027,278.7147,-0.4854889,1.8910065
2020-06-10 23:00:00,279.6346,278.3569,-0.62701416,1.9452972
2020-06-11 00:00:00,280.35114,278.41187,-0.54963684,1.7996216
2020-06-11 01:00:00,282.34418,280.64163,-0.09799194,1.2216358
2020-06-11 02:00:00,284.6159,280.43118,0.35629272,0.45479107
2020-06-11 03:00:00,285.36166,280.0342,1.0348206,0.20681953
2020-06-11 04:00:00,285.61322,280.4189,1.3398438,0.23352051
2020-06-11 05:00:00,287.3557,281.06836,1.3775482,-0.6638031
2020-06-11 06:00:00,288.445,281.074,1.189209,-1.1749725
2020-06-11 07:00:00,288.39722,280.25757,1.1627502,-1.016449
2020-06-11 08:00:00,289.02863,280.0766,1.1021271,-1.1499786
2020-06-11 09:00:00,289.12262,279.57867,1.1404419,-0.86976624
2020-06-11 10:00:00,289.20392,278.22845,1.3075256,-0.6011076
2020-06-11 11:00:00,288.99115,278.07147,1.7864227,-2.5505743
2020-06-11 12:00:00,287.053,279.51697,0.9323883,-1.3044281
2020-06-11 13:00:00,286.48608,279.46442,0.37561035,0.39834595
2020-06-11 14:00:00,285.66736,280.32623,-0.21121216,1.1288452
2020-06-11 15:00:00,283.67535,279.0434,-0.4678192,1.8320761
2020-06-11 16:00:00,282.0597,277.62756,-0.64479065,2.2807007
2020-06-11 17:00:00,281.3548,276.67548,-0.7324066,2.5196228
2020-06-11 18:00:00,281.04446,276.00446,-0.8411255,2.6330109
2020-06-11 19:00:00,280.6507,274.9983,-0.98561096,2.793274
2020-06-11 20:00:00,280.3236,274.52798,-0.9521942,2.7478638
2020-06-11 21:00:00,280.05676,274.0884,-1.0662231,2.7964935
2020-06-11 22:00:00,279.7138,273.539,-1.1164703,2.831009
2020-06-11 23:00:00,279.33282,272.93628,-1.1197205,2.9049835
2020-06-12 00:00:00,279.54196,273.26813,-1.0481873,2.7454224
2020-06-12 01:00:00,282.06537,277.64334,-0.8052368,2.1557465
2020-06-12 02:00:00,286.3181,278.59113,-0.20309448,0.710022
2020-06-12 03:00:00,288.2834,275.05237,0.47962952,-0.9491272
2020-06-12 04:00:00,289.0199,276.32028,0.54148865,-1.3586426
2020-06-12 05:00:00,289.66428,277.42657,0.68489075,-1.5441895
2020-06-12 06:00:00,289.9642,277.949,0.73716736,-1.4326324
2020-06-12 07:00:00,290.86127,277.03055,1.2442322,-1.4012451
2020-06-12 08:00:00,291.20734,276.54144,1.5615082,-1.5543518
2020-06-12 09:00:00,291.19504,277.0385,1.4459381,-1.4566498
2020-06-12 10:00:00,290.97156,277.21997,1.5228577,-0.9837799
2020-06-12 11:00:00,290.99878,277.47955,1.8303833,-0.5141754
2020-06-12 12:00:00,290.77866,277.97607,1.5892792,-1.1172638
2020-06-12 13:00:00,289.89087,278.90192,0.9191284,-0.7276764
2020-06-12 14:00:00,288.69186,280.2871,0.7702179,-0.17826843
2020-06-12 15:00:00,286.2618,279.06036,0.017227173,1.5026398
2020-06-12 16:00:00,283.66437,278.20868,-0.4492798,2.270523
2020-06-12 17:00:00,282.36945,277.16974,-0.67819214,2.7850647
2020-06-12 18:00:00,281.8534,276.7215,-0.88809204,2.9633331
2020-06-12 19:00:00,281.65363,275.79816,-1.0067749,3.0857239
2020-06-12 20:00:00,281.55438,275.63422,-0.9939575,3.0847473
2020-06-12 21:00:00,281.3986,275.2706,-1.0394592,3.1256104
2020-06-12 22:00:00,281.31152,274.94318,-1.0566406,3.0880127
2020-06-12 23:00:00,281.12442,274.8716,-1.083252,3.1154633
2020-06-13 00:00:00,281.34384,275.477,-1.0584564,2.9944305
2020-06-13 01:00:00,283.7767,279.71423,-0.77279663,2.2698822
2020-06-13 02:00:00,287.983,281.65143,-0.037826538,0.7853241
2020-06-13 03:00:00,290.6153,278.799,0.9407196,-0.5407562
2020-06-13 04:00:00,291.211,279.49017,1.0381927,-1.18114
2020-06-13 05:00:00,291.88647,279.95007,1.155716,-1.5158882
2020-06-13 06:00:00,292.47223,279.97113,1.2638855,-1.6467524
2020-06-13 07:00:00,293.21823,278.6567,1.6695251,-1.5290356
2020-06-13 08:00:00,293.03497,279.32397,1.5653839,-1.3399143
2020-06-13 09:00:00,293.59985,279.98538,1.7673645,-1.360569
2020-06-13 10:00:00,293.7663,279.826,1.5036316,-1.6144867
2020-06-13 11:00:00,293.29263,279.9212,1.2399597,-1.4331961
2020-06-13 12:00:00,292.6699,280.07452,0.7063446,-0.8989496
2020-06-13 13:00:00,291.88425,281.6021,0.31018066,-0.5950165
2020-06-13 14:00:00,290.17175,282.7851,-0.22904968,0.7306948
2020-06-13 15:00:00,286.67352,280.68628,-0.7301178,1.8220015
2020-06-13 16:00:00,284.98193,278.4801,-0.9704132,2.463354
2020-06-13 17:00:00,283.93665,277.1933,-1.0222931,2.940834
2020-06-13 18:00:00,283.4884,276.02496,-1.0480194,3.1434822
2020-06-13 19:00:00,283.72205,272.62933,-1.1009216,3.0552273
2020-06-13 20:00:00,283.26865,272.3047,-1.1492157,3.100854
2020-06-13 21:00:00,282.9071,272.0324,-1.1872253,3.1624203
2020-06-13 22:00:00,282.56857,272.13898,-1.1957855,3.204483
2020-06-13 23:00:00,282.27362,272.5435,-1.2348633,3.2842255
2020-06-14 00:00:00,282.4979,273.75888,-1.2490387,3.1918945
2020-06-14 01:00:00,284.92444,279.0206,-0.92549133,2.538681
2020-06-14 02:00:00,290.1808,280.4358,-0.19636536,0.776001
2020-06-14 03:00:00,292.70154,277.44247,0.5043793,-0.5048523
2020-06-14 04:00:00,293.33936,278.03284,0.65345764,-1.0619202
2020-06-14 05:00:00,293.94403,278.8965,0.7149353,-1.4514313
2020-06-14 06:00:00,294.55746,279.79462,0.70436096,-1.5989838
2020-06-14 07:00:00,295.35455,280.8558,0.78234863,-1.7390594
2020-06-14 08:00:00,295.45642,281.1743,1.0991821,-1.7057648
2020-06-14 09:00:00,295.4672,281.18427,1.0798187,-1.3669128
2020-06-14 10:00:00,295.6181,281.15155,1.0625153,-1.353302
2020-06-14 11:00:00,295.39606,281.23267,0.9038391,-1.2513275
2020-06-14 12:00:00,294.72052,281.83328,0.3982849,-0.9234381
2020-06-14 13:00:00,293.78363,283.41156,0.063964844,-0.12008667
2020-06-14 14:00:00,291.57227,285.44623,-0.6269531,1.165412
2020-06-14 15:00:00,288.73663,282.38058,-0.9161072,2.1158447
2020-06-14 16:00:00,287.04498,280.2262,-1.0038605,2.5464935
2020-06-14 17:00:00,286.2259,278.888,-1.106247,2.752716
2020-06-14 18:00:00,285.93314,277.9729,-1.1421661,2.8370972
2020-06-14 19:00:00,286.24677,276.076,-1.1411438,2.9144897
2020-06-14 20:00:00,286.10834,275.0348,-1.0961456,2.7419891
2020-06-14 21:00:00,285.63568,274.15002,-1.131607,2.9451752
2020-06-14 22:00:00,285.15424,273.917,-1.1776123,3.1219025
2020-06-14 23:00:00,285.037,274.0906,-1.2050171,3.1380157
2020-06-15 00:00:00,285.21393,275.38516,-1.0762024,3.1107178
2020-06-15 01:00:00,286.93088,280.60065,-0.78178406,2.6394348
2020-06-15 02:00:00,290.36984,284.85156,-0.31028748,1.2509613
2020-06-15 03:00:00,293.89227,279.57727,0.03135681,-0.19515991
2020-06-15 04:00:00,294.81305,279.17886,0.31478882,-1.16539
2020-06-15 05:00:00,295.38086,280.2132,0.41522217,-1.5009766
2020-06-15 06:00:00,295.90442,281.16998,0.45448303,-1.7285614
2020-06-15 07:00:00,295.50726,282.3905,-0.20162964,-0.71481323
2020-06-15 08:00:00,295.99023,282.6681,0.37783813,-1.1880798
2020-06-15 09:00:00,295.98264,282.7476,0.7996826,-1.0406647
2020-06-15 10:00:00,295.4876,283.22116,1.1160126,-0.683136
2020-06-15 11:00:00,294.99796,283.878,0.9040375,-0.1304779
2020-06-15 12:00:00,294.56885,284.162,0.2826538,0.20915222
2020-06-15 13:00:00,293.88043,285.3514,0.12908936,0.21180725
2020-06-15 14:00:00,292.0665,285.48108,-0.29110718,1.9295044
2020-06-15 15:00:00,289.91815,284.97754,-0.7731476,2.535797
2020-06-15 16:00:00,288.27655,284.3553,-0.9284668,2.9132366
2020-06-15 17:00:00,287.50247,283.4386,-0.938385,3.0417767
2020-06-15 18:00:00,287.17432,282.37,-0.973053,3.1250935
2020-06-15 19:00:00,286.66803,280.79065,-1.1214905,3.3346653
2020-06-15 20:00:00,286.528,279.93573,-1.0748596,3.159668
2020-06-15 21:00:00,286.39487,279.35266,-1.1163483,3.1843262
2020-06-15 22:00:00,286.17712,278.7519,-1.0703125,3.212738
2020-06-15 23:00:00,286.24188,278.1675,-1.0875549,3.1964874
2020-06-16 00:00:00,286.41342,278.29272,-1.0947266,3.1133118
2020-06-16 01:00:00,287.99585,281.79892,-0.9109192,2.6184692
2020-06-16 02:00:00,290.5966,285.47186,-0.59858704,1.5943604
2020-06-16 03:00:00,294.25287,281.07544,-0.13009644,0.8887634
2020-06-16 04:00:00,294.89636,278.93964,0.22892761,0.22125244
2020-06-16 05:00:00,295.49164,278.97736,0.6682129,-0.35656738
2020-06-16 06:00:00,295.71625,279.6618,0.9759369,-0.58135986
2020-06-16 07:00:00,296.24774,279.53058,1.2671967,-0.63417053
2020-06-16 08:00:00,295.86182,279.81635,1.407135,-0.29460144
2020-06-16 09:00:00,295.72012,279.9638,1.831131,-0.2789917
2020-06-16 10:00:00,295.1452,281.39722,1.7932281,0.17167664
2020-06-16 11:00:00,295.20917,281.0816,1.1151886,0.25224304
2020-06-16 12:00:00,294.8703,282.14014,1.1146698,0.08355713
2020-06-16 13:00:00,293.87424,285.13284,0.4442749,-0.27178955
2020-06-16 14:00:00,293.10455,281.64276,0.5205078,0.1558075
2020-06-16 15:00:00,289.63855,281.924,0.03526306,1.5461273
2020-06-16 16:00:00,287.94458,280.36902,-0.6287384,2.4439545
2020-06-16 17:00:00,287.22794,280.42383,-0.90504456,2.7126465
2020-06-16 18:00:00,286.71494,280.33057,-0.9898987,2.785843
2020-06-16 19:00:00,286.85876,280.83954,-0.68685913,2.7881012
2020-06-16 20:00:00,287.06467,280.7858,-0.71476746,2.5621033
2020-06-16 21:00:00,286.61206,281.05038,-0.8475342,2.8846436
2020-06-16 22:00:00,286.22638,281.15527,-1.0809326,2.9944305
2020-06-16 23:00:00,286.16992,281.00232,-1.1025696,2.7143707
2020-06-17 00:00:00,286.2071,281.0643,-0.62579346,2.1765747
2020-06-17 01:00:00,287.10873,283.3169,0.10292053,0.9124756
2020-06-17 02:00:00,289.2138,282.03418,0.41197205,-0.76875305
2020-06-17 03:00:00,289.648,282.38367,0.63723755,-1.5454712
2020-06-17 04:00:00,290.0106,282.9555,0.67523193,-1.896698
2020-06-17 05:00:00,290.36908,283.03546,0.41401672,-2.016327
2020-06-17 06:00:00,290.51077,283.1084,0.6157837,-2.1517792
2020-06-17 07:00:00,289.63684,283.01697,1.0216217,-2.2479553
2020-06-17 08:00:00,288.86438,283.08472,0.84272766,-1.7794495
2020-06-17 09:00:00,288.4342,283.2345,1.0989227,-0.7296448
2020-06-17 10:00:00,288.4296,282.91455,0.9396515,0.61006165
2020-06-17 11:00:00,289.11877,283.51337,1.0726624,0.68608093
2020-06-17 12:00:00,289.08173,283.00845,1.3684235,0.08465576
2020-06-17 13:00:00,288.8653,282.7484,1.2518005,-0.38458252
2020-06-17 14:00:00,288.00296,282.49783,0.83555603,1.0109863
2020-06-17 15:00:00,286.33127,282.45856,0.052627563,1.530365
2020-06-17 16:00:00,284.66446,281.74854,-0.25971985,1.5382233
2020-06-17 17:00:00,283.6424,280.59732,-0.30996704,1.7400665
2020-06-17 18:00:00,286.43048,279.89417,0.15472412,0.46940613
2020-06-17 19:00:00,285.84753,279.2353,0.17115784,-0.19419861
2020-06-17 20:00:00,284.94672,279.09497,-0.17105103,0.71842957
2020-06-17 21:00:00,282.35712,278.51892,-0.41534424,1.3036194
2020-06-17 22:00:00,281.47418,277.8827,-0.4963684,1.4295654
2020-06-17 23:00:00,281.6426,277.57477,-0.54078674,1.385498
2020-06-18 00:00:00,281.7832,277.5224,-0.53985596,1.3828278
2020-06-18 01:00:00,285.0575,279.43604,-0.285614,0.5292969
2020-06-18 02:00:00,286.09595,280.1925,-0.008621216,-0.9009552
2020-06-18 03:00:00,286.78223,281.0006,0.35734558,-1.3062134
2020-06-18 04:00:00,287.78555,281.7826,0.62887573,-1.7225647
2020-06-18 05:00:00,288.3582,281.1776,0.8230591,-2.0017853
2020-06-18 06:00:00,288.98322,281.66394,0.63960266,-1.6180267
2020-06-18 07:00:00,289.5102,282.0665,0.60372925,-1.457962
2020-06-18 08:00:00,290.54178,281.46555,0.8635254,-1.4616394
2020-06-18 09:00:00,290.495,280.8308,0.8642731,-1.500534
2020-06-18 10:00:00,290.35214,281.02734,0.67388916,-1.15802
2020-06-18 11:00:00,289.99408,280.6966,0.5414276,-0.7593384
2020-06-18 12:00:00,289.39435,280.18005,0.33403015,-0.39437866
2020-06-18 13:00:00,288.69415,280.11267,-0.20718384,-0.04663086
2020-06-18 14:00:00,287.35184,282.3732,-0.3559723,0.7257385
2020-06-18 15:00:00,285.44775,280.6144,-0.5263977,1.6022034
2020-06-18 16:00:00,284.0171,279.34714,-0.5763855,1.8364105
2020-06-18 17:00:00,282.87848,277.92496,-0.52467346,2.036087
2020-06-18 18:00:00,282.28674,276.92566,-0.5272522,2.1296692
2020-06-18 19:00:00,284.17093,277.84476,-0.006790161,1.6410065
2020-06-18 20:00:00,282.99185,277.6775,-0.15760803,1.8938751
2020-06-18 21:00:00,281.7265,277.3137,-0.3176117,2.1397247
2020-06-18 22:00:00,281.11426,276.79367,-0.48347473,2.3024292
2020-06-18 23:00:00,280.65036,276.32858,-0.69415283,2.4559326
2020-06-19 00:00:00,280.83832,276.5339,-0.8043518,2.4768982
2020-06-19 01:00:00,283.53513,279.64056,-0.5858002,1.9517517
2020-06-19 02:00:00,288.14227,279.44818,0.33244324,0.39208984
2020-06-19 03:00:00,289.5691,279.14368,1.1081848,-0.75123596
2020-06-19 04:00:00,290.30542,279.9395,1.1109772,-1.3648224
2020-06-19 05:00:00,291.00504,279.97272,1.4684296,-1.2180481
2020-06-19 06:00:00,291.6609,280.2003,1.4043732,-1.3055115
2020-06-19 07:00:00,291.52057,278.91354,1.4898682,-0.55867004
2020-06-19 08:00:00,292.64804,279.3316,2.0086975,-0.70573425
2020-06-19 09:00:00,292.95514,279.29175,2.1144104,-0.8581848
2020-06-19 10:00:00,293.0667,278.8841,2.2719727,-0.74165344
2020-06-19 11:00:00,292.8486,279.27063,1.9815979,-0.63109493
2020-06-19 12:00:00,292.2173,279.7406,1.1315613,-0.47465897
2020-06-19 13:00:00,291.58722,280.71594,0.32666016,-0.45905113
2020-06-19 14:00:00,289.30804,284.11588,-0.486557,0.8523474
2020-06-19 15:00:00,286.71417,280.37097,-0.68836975,2.0706024
2020-06-19 16:00:00,285.19055,279.15826,-0.7377472,2.5937347
2020-06-19 17:00:00,284.27652,278.32642,-0.81225586,2.8521366
2020-06-19 18:00:00,283.75415,277.74185,-0.9496918,2.941349
2020-06-19 19:00:00,284.0979,275.49005,-0.96003723,3.0666656
2020-06-19 20:00:00,283.80704,275.68134,-0.96510315,3.0173798
2020-06-19 21:00:00,283.38507,275.97006,-1.0431213,3.098587
2020-06-19 22:00:00,283.2527,276.36945,-1.0393677,3.0973206
2020-06-19 23:00:00,283.05927,276.5476,-1.0171814,3.0650024
2020-06-20 00:00:00,283.38873,277.18784,-0.9257355,2.8269958
2020-06-20 01:00:00,285.2542,281.01376,-0.61242676,2.0295868
2020-06-20 02:00:00,289.54016,282.2074,0.38005066,0.5177002
2020-06-20 03:00:00,291.24487,279.9375,2.0102234,-0.69433594
2020-06-20 04:00:00,291.04663,281.12546,2.2023468,-0.56510925
2020-06-20 05:00:00,291.0957,282.0149,2.8855896,-0.36254883
2020-06-20 06:00:00,291.49286,282.41595,2.929016,-0.50587463
2020-06-20 07:00:00,290.7577,282.4029,2.6410217,-0.56559753
2020-06-20 08:00:00,290.221,282.57275,3.512497,-1.4337616
2020-06-20 09:00:00,288.69232,283.0105,2.4514465,1.4442291
2020-06-20 10:00:00,289.1974,281.57202,2.7656555,0.60502625
2020-06-20 11:00:00,288.2926,281.49533,2.5713959,-1.040741
2020-06-20 12:00:00,287.6126,282.31833,1.2342682,0.34461975
2020-06-20 13:00:00,288.159,281.688,1.1434937,0.7103882
2020-06-20 14:00:00,287.25763,283.2262,0.68455505,0.30148315
2020-06-20 15:00:00,284.9939,281.26288,0.10777283,1.4100342
2020-06-20 16:00:00,283.55084,279.98456,0.0138549805,1.7672119
2020-06-20 17:00:00,283.29443,279.2845,-0.05519104,1.7211151
2020-06-20 18:00:00,283.22516,279.09857,-0.25494385,1.6179657
2020-06-20 19:00:00,281.68085,277.77625,-0.5304718,1.7684078
2020-06-20 20:00:00,279.99844,277.2194,-0.6796112,2.1484995
2020-06-20 21:00:00,279.79724,276.96246,-0.81147766,2.316308
2020-06-20 22:00:00,279.6283,276.60785,-0.85687256,2.3799868
2020-06-20 23:00:00,279.3306,276.04352,-0.95399475,2.464981
2020-06-21 00:00:00,279.45694,275.90417,-1.0206299,2.489212
2020-06-21 01:00:00,282.03864,278.81567,-0.7623291,1.8253326
2020-06-21 02:00:00,287.90952,278.9148,-0.38581848,0.14274597
2020-06-21 03:00:00,289.7136,276.9673,0.031234741,-0.88430786
2020-06-21 04:00:00,290.6021,278.2502,0.08982849,-1.3402405
2020-06-21 05:00:00,291.51715,279.4936,0.103027344,-1.6068115
2020-06-21 06:00:00,292.39917,280.62143,0.11604309,-1.8128357
2020-06-21 07:00:00,293.20447,281.22687,0.215271,-1.9500885
2020-06-21 08:00:00,293.68964,281.9297,0.38764954,-1.9978943
2020-06-21 09:00:00,293.96747,282.3944,0.33314514,-2.0137482
2020-06-21 10:00:00,293.9694,282.5799,0.3040924,-1.893753
2020-06-21 11:00:00,293.77676,282.66873,0.018753052,-1.6788635
2020-06-21 12:00:00,293.3554,282.8037,-0.09887695,-1.3435059
2020-06-21 13:00:00,292.74182,283.24048,-0.12979126,-0.71043396
2020-06-21 14:00:00,291.65918,284.74753,-0.51846313,0.5124512
2020-06-21 15:00:00,288.17676,283.3435,-0.81314087,1.7825928
2020-06-21 16:00:00,286.25696,281.79605,-0.87171936,2.3195343
2020-06-21 17:00:00,285.03125,280.8871,-1.0357056,2.642273
2020-06-21 18:00:00,284.66446,280.37012,-1.2357483,2.9529877
2020-06-21 19:00:00,284.54633,279.86865,-1.2650757,3.4740295
2020-06-21 20:00:00,284.63263,279.37628,-1.2224121,3.3673248
2020-06-21 21:00:00,284.73944,278.69122,-1.1921082,3.3223572
2020-06-21 22:00:00,284.81253,278.02374,-1.1702576,3.2685242
2020-06-21 23:00:00,284.6644,277.60046,-1.2146606,3.2651978
2020-06-22 00:00:00,284.86383,278.01154,-1.2404785,3.1975403
2020-06-22 01:00:00,287.271,282.28314,-0.9567566,2.4955292
2020-06-22 02:00:00,292.6062,284.59717,-0.34049988,0.6475067
2020-06-22 03:00:00,294.85867,280.65375,0.10444641,-0.67430115
2020-06-22 04:00:00,295.50555,282.5234,0.24603271,-1.1748505
2020-06-22 05:00:00,296.1588,284.17188,0.39045715,-1.5086212
2020-06-22 06:00:00,296.728,285.40448,0.6105957,-1.6975403
2020-06-22 07:00:00,297.1023,286.3647,0.8854675,-1.4820709
2020-06-22 08:00:00,297.1518,286.90393,1.0757904,-1.5024109
2020-06-22 09:00:00,296.70703,287.43066,1.2072601,-1.228363
2020-06-22 10:00:00,295.88098,287.65784,0.81433105,0.090148926
2020-06-22 11:00:00,296.81216,286.2451,0.67289734,0.2773285
2020-06-22 12:00:00,296.8637,286.16315,0.6194153,-0.7201233
2020-06-22 13:00:00,295.95963,288.11417,0.107437134,-0.48310852
2020-06-22 14:00:00,294.71832,288.38013,-0.46020508,0.8179779
2020-06-22 15:00:00,291.8496,286.6504,-0.5056915,1.72612
2020-06-22 16:00:00,289.8349,284.95184,-0.3795166,2.2193909
2020-06-22 17:00:00,288.4525,283.7085,-0.43922424,2.7007446
2020-06-22 18:00:00,287.99078,283.1065,-0.8618469,3.0865173
2020-06-22 19:00:00,287.67456,282.02277,-1.1686554,3.3500671
2020-06-22 20:00:00,288.10843,281.8787,-1.1391602,3.1350708
2020-06-22 21:00:00,288.21545,281.28055,-1.1007843,3.1589966
2020-06-22 22:00:00,288.21838,280.63675,-1.0925751,3.1869812
2020-06-22 23:00:00,288.23468,280.56656,-1.0917664,3.2373505
2020-06-23 00:00:00,288.21472,281.19293,-1.089798,3.1438293
2020-06-23 01:00:00,290.07587,284.61526,-0.8520813,2.6701813
2020-06-23 02:00:00,292.41003,288.83987,-0.23660278,1.5381012
2020-06-23 03:00:00,295.58432,284.23685,0.9492798,0.39265442
2020-06-23 04:00:00,295.9284,283.76117,1.2968445,0.8365021
2020-06-23 05:00:00,295.42902,284.5152,1.3695831,0.72584534
2020-06-23 06:00:00,295.9125,284.87805,2.2052917,-0.121520996
2020-06-23 07:00:00,294.72076,284.94464,2.2247467,-0.5930939
2020-06-23 08:00:00,293.84262,285.7155,1.4396057,0.8133545
2020-06-23 09:00:00,294.7539,285.0667,1.0033569,0.5423889
2020-06-23 10:00:00,294.88824,284.65527,1.266571,-0.35551453
2020-06-23 11:00:00,295.01312,284.6275,1.8913574,-0.7272644
2020-06-23 12:00:00,294.206,284.87177,1.8580322,-0.38154602
2020-06-23 13:00:00,293.3397,285.40326,1.7807922,0.046203613
2020-06-23 14:00:00,291.75223,284.92422,1.1309052,1.5962219
2020-06-23 15:00:00,290.6903,284.1134,-0.22747803,2.5936432
2020-06-23 16:00:00,290.0582,283.497,-0.36950684,2.6278229
2020-06-23 17:00:00,289.44324,282.02502,-0.05343628,2.5074768
2020-06-23 18:00:00,288.5763,279.77643,0.25637817,2.5025482
2020-06-23 19:00:00,288.0667,277.60446,0.94833374,2.3815918
2020-06-23 20:00:00,287.63538,275.83514,1.607193,2.1529083
2020-06-23 21:00:00,287.38928,275.01715,1.5062714,2.1081848
2020-06-23 22:00:00,287.86456,274.68127,0.72450256,2.1283722
2020-06-23 23:00:00,287.4656,275.03876,0.18125916,2.1662445
2020-06-24 00:00:00,287.11337,275.41205,-0.20991516,2.120819
2020-06-24 01:00:00,289.28418,278.29437,-0.3486328,1.6480408
2020-06-24 02:00:00,291.8348,284.05133,0.29125977,0.40086365
2020-06-24 03:00:00,294.26068,279.36865,1.3535919,-0.34965515
2020-06-24 04:00:00,294.11404,279.9879,1.6336212,-0.7231903
2020-06-24 05:00:00,293.9933,279.96597,1.781662,-0.7682953
2020-06-24 06:00:00,293.06903,280.8053,1.7338867,1.1955719
2020-06-24 07:00:00,294.44678,279.00922,2.568344,-0.91841125
2020-06-24 08:00:00,293.95728,279.90906,2.4349976,0.20715904
2020-06-24 09:00:00,294.43677,279.80542,2.4353638,0.14523315
2020-06-24 10:00:00,294.90063,279.66858,2.4151,-0.25221252
2020-06-24 11:00:00,294.62692,279.90216,2.1264038,-0.5865936
2020-06-24 12:00:00,293.91058,280.86786,1.0907745,-0.39164734
2020-06-24 13:00:00,292.7765,281.61188,1.3701477,-0.36105347
2020-06-24 14:00:00,290.72897,282.07706,0.9641571,1.0568848
2020-06-24 15:00:00,288.85333,280.62286,-0.09237671,2.0893555
2020-06-24 16:00:00,287.3294,280.5395,-0.33735657,2.292099
2020-06-24 17:00:00,285.86926,279.93262,-0.42837524,2.4088745
2020-06-24 18:00:00,285.2146,279.00977,-0.26013184,2.307129
2020-06-24 19:00:00,286.0065,277.38757,-0.105041504,1.9900513
2020-06-24 20:00:00,284.48264,277.4917,-0.34483337,2.2405396
2020-06-24 21:00:00,283.2905,277.57703,-0.4943695,2.4150848
2020-06-24 22:00:00,282.42758,277.4262,-0.6776123,2.6890411
2020-06-24 23:00:00,281.97382,277.4516,-0.8953705,2.9723053
2020-06-25 00:00:00,282.345,278.0335,-1.002655,2.9713898
2020-06-25 01:00:00,284.8051,281.39496,-0.7151184,2.1370087
2020-06-25 02:00:00,290.07486,282.9676,0.07026672,0.40568542
2020-06-25 03:00:00,292.29456,278.9912,0.5833435,-0.85354614
2020-06-25 04:00:00,292.84836,279.8098,0.5708618,-1.488739
2020-06-25 05:00:00,293.409,280.18973,0.55981445,-1.7032623
2020-06-25 06:00:00,294.0437,280.4195,0.5927124,-1.8947754
2020-06-25 07:00:00,294.599,281.21912,0.94529724,-1.7212219
2020-06-25 08:00:00,294.7199,281.20245,0.8248749,-1.6306915
2020-06-25 09:00:00,295.39124,281.62906,1.0285187,-1.7019501
2020-06-25 10:00:00,295.533,281.89413,0.98550415,-1.7343292
2020-06-25 11:00:00,295.25446,282.02393,0.6552887,-1.4889221
2020-06-25 12:00:00,294.92404,282.2121,0.42874146,-1.1484375
2020-06-25 13:00:00,294.26007,283.01855,0.15962219,-0.7651367
2020-06-25 14:00:00,293.60767,282.43005,-0.23182678,0.25555706
2020-06-25 15:00:00,289.3259,283.2035,-0.70314026,1.722805
2020-06-25 16:00:00,287.51178,281.52954,-0.9855194,2.4338017
2020-06-25 17:00:00,286.53888,280.9514,-1.1668701,2.962265
2020-06-25 18:00:00,286.1181,280.80737,-1.2180176,3.2747498
2020-06-25 19:00:00,286.375,281.23743,-1.2005005,3.4200897
2020-06-25 20:00:00,286.33746,280.87695,-1.1550903,3.3031921
2020-06-25 21:00:00,286.43143,280.36035,-1.1424713,3.2825012
2020-06-25 22:00:00,286.3451,279.60028,-1.1498108,3.2149658
2020-06-25 23:00:00,286.31268,278.93185,-1.1704102,3.1225586
2020-06-26 00:00:00,286.63937,279.10107,-1.0942688,2.9600372
2020-06-26 01:00:00,288.51572,282.71893,-0.7893677,2.3065033
2020-06-26 02:00:00,291.99097,285.3609,-0.1855011,0.86203
2020-06-26 03:00:00,294.7951,279.39935,0.86016846,-0.61672974
2020-06-26 04:00:00,295.08566,281.61752,1.0076447,-0.97917175
2020-06-26 05:00:00,295.55212,283.00333,0.95648193,-1.1354218
2020-06-26 06:00:00,296.29752,283.4041,1.151947,-1.3618622
2020-06-26 07:00:00,296.38132,283.77176,1.7976837,-0.32684326
2020-06-26 08:00:00,296.27426,283.68097,1.8250275,0.35420227
2020-06-26 09:00:00,296.41064,282.66937,1.4409485,0.7057648
2020-06-26 10:00:00,296.633,282.3429,1.072937,-0.4829712
2020-06-26 11:00:00,296.72733,282.51904,1.2765198,-0.79429626
2020-06-26 12:00:00,295.81415,282.7542,1.0405121,0.92836
2020-06-26 13:00:00,293.5932,283.79138,1.4288635,1.411789
2020-06-26 14:00:00,292.12454,283.24115,0.07194519,2.3562317
2020-06-26 15:00:00,290.7116,283.17636,-0.4060669,2.3388062
2020-06-26 16:00:00,289.9403,283.3282,-0.52386475,2.5946655
2020-06-26 17:00:00,289.59955,283.25134,-0.799881,2.6829681
2020-06-26 18:00:00,288.8487,282.95087,-1.2203064,2.89563
2020-06-26 19:00:00,289.04538,282.42215,-1.0432281,2.8066406
2020-06-26 20:00:00,288.71384,282.07996,-1.1692047,2.8562927
2020-06-26 21:00:00,288.3047,282.0116,-1.0859985,2.932541
2020-06-26 22:00:00,288.06082,281.76584,-0.9024048,2.7728577
2020-06-26 23:00:00,287.831,281.4866,-0.7444916,2.4648438
2020-06-27 00:00:00,286.95044,282.1009,-0.34161377,2.19487
2020-06-27 01:00:00,287.26453,283.96802,0.31143188,1.5805664
2020-06-27 02:00:00,289.0504,283.49237,0.43981934,1.4398193
2020-06-27 03:00:00,289.44226,284.09335,-0.46453857,0.78678894
2020-06-27 04:00:00,290.32434,283.82397,0.55003357,-0.6711731
2020-06-27 05:00:00,288.91382,284.23776,1.0543671,-0.9929657
2020-06-27 06:00:00,289.1761,284.711,1.3327789,-1.6829987
2020-06-27 07:00:00,290.00665,285.15253,-0.08659363,-0.8098602
2020-06-27 08:00:00,289.4204,285.03278,-0.3722229,-1.2776031
2020-06-27 09:00:00,288.46423,284.8485,0.5704193,-1.9694519
2020-06-27 10:00:00,287.0083,284.57034,1.6172333,-2.2088928
2020-06-27 11:00:00,285.46634,285.1396,1.453125,-0.8802643
2020-06-27 12:00:00,284.95294,284.6602,1.4481964,-1.09906
2020-06-27 13:00:00,284.11957,283.59802,1.1670074,-1.1393433
2020-06-27 14:00:00,283.45813,283.0106,0.7092285,-1.2174683
2020-06-27 15:00:00,283.1996,282.6234,0.37524414,-1.1865387
2020-06-27 16:00:00,282.63855,281.8409,0.018173218,-0.9891052
2020-06-27 17:00:00,282.35797,281.78754,-0.24356079,-0.83784485
2020-06-27 18:00:00,282.1188,281.6493,-0.27835083,-0.71517944
2020-06-27 19:00:00,281.8856,281.19867,0.44422913,-0.36582947
2020-06-27 20:00:00,282.0733,280.6657,0.37324524,0.03187561
2020-06-27 21:00:00,282.19507,280.33633,0.16711426,-0.1483612
2020-06-27 22:00:00,282.0725,280.17157,-0.0025634766,-0.5012512
2020-06-27 23:00:00,281.78687,280.0951,-0.25613403,-0.27571106
2020-06-28 00:00:00,281.40207,280.10196,-0.40222168,-0.49369812
2020-06-28 01:00:00,281.6753,280.5558,-0.41929626,-0.699173
2020-06-28 02:00:00,282.52515,279.59875,-0.34492493,-0.7893677
2020-06-28 03:00:00,283.1384,279.61658,0.31378174,-1.251297
2020-06-28 04:00:00,282.71503,279.9405,0.75057983,-1.134552
2020-06-28 05:00:00,283.313,280.15717,0.92152405,-1.4465485
2020-06-28 06:00:00,283.52438,281.34296,0.8089752,-1.9020233
2020-06-28 07:00:00,283.15897,279.73114,0.5814514,-0.9286804
2020-06-28 08:00:00,284.06607,280.09183,0.2431488,-0.855896
2020-06-28 09:00:00,284.60046,278.2323,0.32763672,-0.87132263
2020-06-28 10:00:00,284.87164,277.98642,0.43928528,-1.2898254
2020-06-28 11:00:00,284.8358,277.5549,0.42955017,-1.0997925
2020-06-28 12:00:00,284.9493,276.7426,0.371109,-1.4763794
2020-06-28 13:00:00,283.94104,276.75055,0.5374603,-1.8164368
2020-06-28 14:00:00,282.9381,276.44916,0.6846161,-1.2151337
2020-06-28 15:00:00,282.08667,276.7929,1.0119019,-0.032333374
2020-06-28 16:00:00,281.07166,278.79367,0.8265686,0.88183594
2020-06-28 17:00:00,280.79425,278.90445,0.16912842,1.3065796
2020-06-28 18:00:00,280.55225,278.65784,-0.24636841,1.6308441
2020-06-28 19:00:00,279.92822,277.11993,-0.48905945,1.8237
2020-06-28 20:00:00,279.30035,276.02588,-0.6928406,2.2901459
2020-06-28 21:00:00,277.34747,275.41547,-0.88931274,2.5683136
2020-06-28 22:00:00,278.04013,274.67737,-0.9115143,2.7515717
2020-06-28 23:00:00,277.85074,274.25262,-0.9798126,2.8186493
2020-06-29 00:00:00,277.92953,274.2993,-1.0516205,2.848709
2020-06-29 01:00:00,280.1026,277.38547,-0.8237152,2.2543097
2020-06-29 02:00:00,283.74573,278.41327,-0.6446228,1.0301208
2020-06-29 03:00:00,286.02487,276.8717,-0.87335205,0.10702038
2020-06-29 04:00:00,287.46747,276.96252,-0.9397278,-0.47561073
2020-06-29 05:00:00,288.55127,277.0849,-0.89868164,-0.85657215
2020-06-29 06:00:00,289.37296,277.71545,-0.76361084,-1.237977
2020-06-29 07:00:00,289.766,278.37305,-0.28598022,-1.358798
2020-06-29 08:00:00,290.32684,279.1305,-0.33465576,-1.3908672
2020-06-29 09:00:00,290.8273,279.65622,-0.3827362,-1.3796415
2020-06-29 10:00:00,291.09595,280.10168,-0.416687,-1.4180555
2020-06-29 11:00:00,291.0398,280.44824,-0.5930786,-1.3885651
2020-06-29 12:00:00,290.6758,280.59412,-0.8906555,-1.1702385
2020-06-29 13:00:00,289.96228,280.8415,-0.99497986,-0.734993
2020-06-29 14:00:00,288.4452,282.083,-1.1770325,0.5014734
2020-06-29 15:00:00,285.6824,280.57214,-1.2953644,1.5743189
2020-06-29 16:00:00,283.81058,279.00815,-1.2929535,2.2036066
2020-06-29 17:00:00,282.87634,278.0083,-1.1487885,2.6158543
2020-06-29 18:00:00,282.49182,277.31952,-1.0934753,2.8324194
2020-06-29 19:00:00,282.62,277.68256,-1.138977,3.0860252
2020-06-29 20:00:00,282.5395,277.05548,-1.1429901,2.9533653
2020-06-29 21:00:00,282.53156,276.2414,-1.1690063,3.0246878
2020-06-29 22:00:00,282.42075,275.40613,-1.1889191,3.0854492
2020-06-29 23:00:00,282.35333,274.94855,-1.206955,3.1426668
2020-06-30 00:00:00,282.59265,275.20422,-1.1908722,3.0888462
2020-06-30 01:00:00,284.56482,279.03687,-0.95199585,2.4594698
2020-06-30 02:00:00,288.22668,282.36493,-0.602829,1.278532
2020-06-30 03:00:00,291.40204,278.22415,-0.44480896,-0.2380085
2020-06-30 04:00:00,292.53326,278.7265,-0.34672546,-0.98052216
2020-06-30 05:00:00,293.30652,280.37927,-0.2565155,-1.3504181
2020-06-30 06:00:00,294.01935,282.10095,-0.20639038,-1.590332
2020-06-30 07:00:00,294.67484,283.81842,-0.17822266,-1.8169403
2020-06-30 08:00:00,294.86584,284.66443,-0.09919739,-1.8999786
2020-06-30 09:00:00,295.02045,285.3133,0.17645264,-1.7512512
2020-06-30 10:00:00,294.38516,285.64365,0.18159485,-1.2535553
2020-06-30 11:00:00,293.93,285.7534,-0.17181396,-0.44717407
2020-06-30 12:00:00,294.13098,285.68457,0.41897583,-0.24269104
2020-06-30 13:00:00,293.4181,286.6911,0.9656372,-0.38761902
2020-06-30 14:00:00,291.87994,288.26776,0.73698425,0.7106781
2020-06-30 15:00:00,289.25092,285.52002,-0.15242004,2.0472412
2020-06-30 16:00:00,288.7944,284.73184,-0.80444336,2.5542755
2020-06-30 17:00:00,287.78357,284.45795,-0.9544983,2.8012085
2020-06-30 18:00:00,287.32877,284.01007,-1.0093231,2.8442535
2020-06-30 19:00:00,286.44922,282.31335,-1.1332245,3.0862427
2020-06-30 20:00:00,286.06665,281.93024,-1.1256561,3.017044
2020-06-30 21:00:00,285.99377,282.2208,-1.0555267,2.920639
2020-06-30 22:00:00,285.91803,282.4422,-0.88549805,2.8223877
2020-06-30 23:00:00,286.00793,282.8063,-0.84654236,2.8006592
2020-07-01 00:00:00,285.0693,283.41577,-0.7664032,2.703064
2020-07-01 01:00:00,286.01837,284.5879,-0.5545807,2.3138275
2020-07-01 02:00:00,286.95346,285.49445,-0.28263855,1.8151855
2020-07-01 03:00:00,288.3873,286.14062,0.04888916,1.3067322
2020-07-01 04:00:00,290.03378,286.78027,0.71022034,0.515625
2020-07-01 05:00:00,290.80524,284.5346,1.1965942,0.25289917
2020-07-01 06:00:00,290.8646,283.96997,1.6018524,0.21374512
2020-07-01 07:00:00,292.8771,282.50305,1.7920837,-0.23117065
2020-07-01 08:00:00,293.77087,282.6858,1.9393616,-0.5592804
2020-07-01 09:00:00,293.1664,282.9314,1.2904205,-0.60539246
2020-07-01 10:00:00,293.49466,282.16455,0.6111603,-0.29385376
2020-07-01 11:00:00,293.6627,281.78394,0.070388794,-0.3869629
2020-07-01 12:00:00,293.64136,281.54227,0.22250366,-0.61157227
2020-07-01 13:00:00,293.06778,283.24042,0.08592224,-0.47679138
2020-07-01 14:00:00,291.208,285.3349,0.0017242432,1.0216675
2020-07-01 15:00:00,288.63998,282.46674,-0.4156189,2.1863556
2020-07-01 16:00:00,286.94653,281.49533,-0.77485657,2.7071075
2020-07-01 17:00:00,286.01913,280.90848,-0.96170044,2.979187
2020-07-01 18:00:00,285.58685,280.15027,-1.1336517,3.0417786
2020-07-01 19:00:00,285.73657,280.24054,-1.1347351,3.1979675
2020-07-01 20:00:00,285.5307,279.8477,-1.1826172,3.0748138
2020-07-01 21:00:00,285.33136,279.40186,-1.2232819,3.1711884
2020-07-01 22:00:00,285.19702,278.8635,-1.1760864,3.1906128
2020-07-01 23:00:00,285.2978,278.15613,-1.2199249,3.1100006
2020-07-02 00:00:00,285.83923,278.77545,-1.1273956,3.0661469
2020-07-02 01:00:00,287.64166,282.11682,-0.9064026,2.5331573
2020-07-02 02:00:00,290.69708,285.95016,-0.44152832,1.4913635
2020-07-02 03:00:00,293.92938,282.773,0.17593384,0.23435974
2020-07-02 04:00:00,294.88452,282.46658,0.33033752,-0.82585144
2020-07-02 05:00:00,295.61804,283.68863,0.11073303,-1.298645
2020-07-02 06:00:00,296.02225,284.5961,0.34410095,-1.418396
2020-07-02 07:00:00,294.9313,285.0482,0.2532959,1.2378693
2020-07-02 08:00:00,296.24866,285.1859,0.88168335,-0.49905396
2020-07-02 09:00:00,296.4198,285.6107,1.2934875,-0.8360338
2020-07-02 10:00:00,295.43018,286.0417,1.5984802,-0.32652092
2020-07-02 11:00:00,295.74243,286.04114,1.3772278,-0.06089592
2020-07-02 12:00:00,294.58514,285.22552,1.8985901,-0.25702
2020-07-02 13:00:00,291.74323,285.47247,1.197876,1.8278275
2020-07-02 14:00:00,290.8186,285.39716,0.071624756,2.1767187
2020-07-02 15:00:00,289.67188,285.0805,-0.16764832,2.1202097
2020-07-02 16:00:00,288.54187,284.43057,-0.112197876,1.9870195
2020-07-02 17:00:00,288.66852,283.69412,0.10583496,1.148591
2020-07-02 18:00:00,289.3437,281.57062,0.2186737,-0.45941162
2020-07-02 19:00:00,287.61008,279.79843,-0.34655762,-1.0129118
2020-07-02 20:00:00,287.7385,279.1026,-0.69384766,-0.036808968
2020-07-02 21:00:00,287.19562,279.31866,0.07937622,0.13517189
2020-07-02 22:00:00,286.60687,279.28186,-0.31504822,-0.014614105
2020-07-02 23:00:00,286.18195,279.25772,-0.39282227,0.22135925
2020-07-03 00:00:00,285.803,279.37787,-0.5452423,0.30936146
2020-07-03 01:00:00,285.68597,280.38425,-0.38475037,-0.04526043
2020-07-03 02:00:00,286.74774,281.01172,-0.37704468,-0.38888264
2020-07-03 03:00:00,287.66483,282.05963,0.39956665,-1.3309641
2020-07-03 04:00:00,288.39728,283.17297,0.5029297,-1.499608
2020-07-03 05:00:00,289.95013,283.7397,0.90293884,-1.7149363
2020-07-03 06:00:00,290.4087,283.56305,0.960968,-1.3309574
2020-07-03 07:00:00,290.38635,286.15344,0.96276855,-0.7338724
2020-07-03 08:00:00,290.97345,285.8236,1.3016663,-1.0926504
2020-07-03 09:00:00,291.66608,285.5142,1.4881592,-0.8243046
2020-07-03 10:00:00,291.75946,284.90997,1.8104095,-0.78818035
2020-07-03 11:00:00,292.0078,284.16705,1.8773651,-0.740839
2020-07-03 12:00:00,291.33545,283.36285,1.5894775,-0.5043583
2020-07-03 13:00:00,290.66165,283.16064,0.9940491,-0.047439575
2020-07-03 14:00:00,289.8416,283.4989,0.2817688,0.3196249
2020-07-03 15:00:00,287.19995,283.24207,-0.37628174,1.6062841
2020-07-03 16:00:00,285.58014,282.35303,-0.5625305,2.2738047
2020-07-03 17:00:00,284.89142,281.6543,-0.51242065,2.3118305
2020-07-03 18:00:00,284.19324,280.69043,-0.5911865,2.4362907
2020-07-03 19:00:00,283.96347,279.10223,-0.6342945,2.3996048
2020-07-03 20:00:00,283.25433,278.78207,-0.7512207,2.37216
2020-07-03 21:00:00,282.74307,278.203,-0.8774023,2.465847
2020-07-03 22:00:00,282.53986,277.8853,-0.9281578,2.5246239
2020-07-03 23:00:00,282.46136,277.90256,-0.93760014,2.445921
2020-07-04 00:00:00,282.36877,278.15683,-0.84555435,2.3562222
2020-07-04 01:00:00,285.16415,280.91907,-0.46047783,1.34375
2020-07-04 02:00:00,289.0188,280.02765,0.015817642,-0.7553034
2020-07-04 03:00:00,289.64404,281.34027,0.42049313,-1.513793
2020-07-04 04:00:00,290.14966,282.50488,0.65915585,-1.8367186
2020-07-04 05:00:00,290.45447,283.11407,0.6437988,-1.861826
2020-07-04 06:00:00,290.95746,283.36218,0.9113159,-2.1314373
2020-07-04 07:00:00,290.1015,284.38852,1.2561188,-1.4095554
2020-07-04 08:00:00,289.81317,284.59595,1.341507,-1.0410776
2020-07-04 09:00:00,290.1521,285.308,1.2726288,-1.5520802
2020-07-04 10:00:00,288.55237,284.0954,1.4488983,-2.5790129
2020-07-04 11:00:00,286.21405,284.82574,1.591919,-1.3895893
2020-07-04 12:00:00,285.511,284.1939,0.44291687,0.42400932
2020-07-04 13:00:00,286.49594,283.66602,0.3979187,0.5076752
2020-07-04 14:00:00,286.37878,283.36203,-0.04827881,0.7707062
2020-07-04 15:00:00,284.82733,282.4481,-0.34565735,1.592392
2020-07-04 16:00:00,283.52274,281.235,-0.66748047,2.1770172
2020-07-04 17:00:00,282.97052,280.40924,-0.7129669,2.5045624
2020-07-04 18:00:00,282.20493,279.7885,-0.7588959,2.8297424
2020-07-04 19:00:00,282.344,277.61548,-0.6765137,2.7541046
2020-07-04 20:00:00,281.6103,277.46783,-0.75920105,2.9115448
2020-07-04 21:00:00,281.2549,277.1572,-0.8510742,3.0102234
2020-07-04 22:00:00,281.39984,276.79047,-0.9227905,3.0108795
2020-07-04 23:00:00,281.35315,276.58282,-0.9965515,3.0101929
2020-07-05 00:00:00,281.55304,276.7987,-1.0034485,2.930191
2020-07-05 01:00:00,283.78256,280.6652,-0.70280457,2.0819397
2020-07-05 02:00:00,287.9538,282.0079,0.03767395,0.12123108
2020-07-05 03:00:00,290.05692,279.2054,0.32383728,-1.062027
2020-07-05 04:00:00,290.6126,280.44147,0.11077881,-1.4864807
2020-07-05 05:00:00,291.26093,281.33563,0.20973206,-1.7087555
2020-07-05 06:00:00,291.25024,282.24695,0.09602356,-1.7093353
2020-07-05 07:00:00,291.5967,282.1618,0.30418396,-1.9823608
2020-07-05 08:00:00,291.56952,282.42554,0.38989258,-1.3232117
2020-07-05 09:00:00,291.3523,282.86642,0.32237244,-1.1614838
2020-07-05 10:00:00,291.4467,282.79907,0.1349945,-0.82373047
2020-07-05 11:00:00,291.5249,282.50333,0.4917755,-1.0536804
2020-07-05 12:00:00,290.99377,282.44858,0.45291138,-0.5236664
2020-07-05 13:00:00,290.37363,282.5712,-0.09100342,-0.5869751
2020-07-05 14:00:00,289.9667,282.52014,0.1580658,0.12071228
2020-07-05 15:00:00,289.2464,282.20312,0.02885437,0.50904846
2020-07-05 16:00:00,285.6953,281.99365,-0.46343994,1.4195862
2020-07-05 17:00:00,284.71588,281.14914,-0.32868958,1.6892395
2020-07-05 18:00:00,284.46225,280.17188,0.07157898,1.7081909
2020-07-05 19:00:00,284.11688,280.8885,-0.36714172,1.8598328
2020-07-05 20:00:00,283.83173,281.31085,-0.3746338,1.8431091
2020-07-05 21:00:00,283.27777,280.8697,-0.11242676,1.7606812
2020-07-05 22:00:00,283.67316,281.07764,0.0748291,1.3525238
2020-07-05 23:00:00,284.01346,281.401,0.11695862,1.0715485
2020-07-06 00:00:00,283.34027,281.4555,0.052719116,1.1999512
2020-07-06 01:00:00,283.71912,282.6058,-0.15267944,1.3148193
2020-07-06 02:00:00,286.4483,282.3438,0.26649475,0.42208862
2020-07-06 03:00:00,287.307,283.1784,0.85276794,-0.8162842
2020-07-06 04:00:00,287.4082,283.5047,1.0427094,-1.1210022
2020-07-06 05:00:00,287.8061,284.38858,1.0744629,-1.1104126
2020-07-06 06:00:00,287.88165,284.78085,0.8140259,-1.0274658
2020-07-06 07:00:00,288.91342,284.46255,1.316452,-0.45899963
2020-07-06 08:00:00,290.04016,284.9196,1.8115082,-1.1280975
2020-07-06 09:00:00,289.9031,283.28943,1.7977142,0.22683716
2020-07-06 10:00:00,289.0166,282.46014,2.248001,-0.366333
2020-07-06 11:00:00,289.30353,282.01306,2.1137085,-1.1131897
2020-07-06 12:00:00,289.26654,281.95782,1.128891,-0.23310852
2020-07-06 13:00:00,288.61957,281.56848,0.7155609,0.17538452
2020-07-06 14:00:00,287.9984,281.476,0.30226135,0.254776
2020-07-06 15:00:00,285.5152,281.8485,-0.08856201,1.4124603
2020-07-06 16:00:00,285.0343,281.0421,0.060256958,1.5905762
2020-07-06 17:00:00,284.14734,280.12805,-0.01725769,1.9227753
2020-07-06 18:00:00,283.5224,279.12598,-0.29041862,2.2742004
2020-07-06 19:00:00,282.3981,277.9097,-0.9855652,2.861435
2020-07-06 20:00:00,282.24536,277.4118,-1.0365114,2.9493713
2020-07-06 21:00:00,282.0313,276.97406,-1.1113625,3.0662994
2020-07-06 22:00:00,281.99542,276.64,-1.1282959,3.1126862
2020-07-06 23:00:00,282.1716,276.48306,-1.122406,3.094162
2020-07-07 00:00:00,282.2611,276.64478,-1.0528412,3.054947
2020-07-07 01:00:00,284.57397,279.82056,-0.8379669,2.3329315
2020-07-07 02:00:00,288.45367,283.05573,-0.27545166,0.94914246
2020-07-07 03:00:00,291.23492,278.39194,-0.1582489,-0.53370667
2020-07-07 04:00:00,292.1816,279.62872,-0.037628174,-1.3831177
2020-07-07 05:00:00,292.8753,281.0177,-0.034439087,-1.6967926
2020-07-07 06:00:00,293.60614,282.2378,0.12726307,-1.8400574
2020-07-07 07:00:00,294.28696,283.32654,0.49128723,-1.8839684
2020-07-07 08:00:00,294.3199,284.0161,0.47186375,-1.8732996
2020-07-07 09:00:00,294.503,284.523,0.5073767,-1.6294718
2020-07-07 10:00:00,294.755,284.8902,0.54181767,-1.6695194
2020-07-07 11:00:00,294.46887,285.18866,0.4708128,-1.6107407
2020-07-07 12:00:00,294.12537,285.45813,0.26632214,-1.3995914
2020-07-07 13:00:00,293.50153,285.9658,-0.018013,-0.7315302
2020-07-07 14:00:00,292.92682,285.65778,-0.5871954,-0.10147095
2020-07-07 15:00:00,290.07068,285.40234,-0.76651955,1.3257828
2020-07-07 16:00:00,288.2576,284.2608,-0.7496195,1.824295
2020-07-07 17:00:00,287.11206,283.23065,-0.7395544,2.0154133
2020-07-07 18:00:00,286.41486,282.63538,-0.71292686,2.1303005
2020-07-07 19:00:00,286.04224,282.03827,-0.60130024,2.3056984
2020-07-07 20:00:00,285.18207,281.5885,-0.64608765,2.3564777
2020-07-07 21:00:00,284.61026,281.21896,-0.7427578,2.487955
2020-07-07 22:00:00,284.38916,281.0064,-0.78227615,2.7031612
2020-07-07 23:00:00,284.36707,280.89505,-0.8362446,2.79103
2020-07-08 00:00:00,284.65564,281.1808,-0.8921051,2.6993713
2020-07-08 01:00:00,286.64166,283.9737,-0.6786041,1.9921417
2020-07-08 02:00:00,291.66492,286.43445,-0.16177368,0.3629303
2020-07-08 03:00:00,293.2944,285.24,0.46090698,-0.9495392
2020-07-08 04:00:00,293.98175,286.31653,0.6943817,-1.2986803
2020-07-08 05:00:00,294.6195,287.18066,0.6458893,-1.6497936
2020-07-08 06:00:00,295.35822,285.9071,0.8872223,-1.7824984
2020-07-08 07:00:00,295.59766,287.46484,0.98461914,-1.3356476
2020-07-08 08:00:00,295.95282,286.53836,1.197403,-1.0837593
2020-07-08 09:00:00,296.27905,286.8536,0.93769836,-1.4418335
2020-07-08 10:00:00,296.3675,286.94818,0.8921814,-1.3571167
2020-07-08 11:00:00,295.94836,287.04144,0.9185486,-1.116394
2020-07-08 12:00:00,295.41284,286.60675,0.20635986,-0.82684326
2020-07-08 13:00:00,294.93655,285.63165,0.0010223389,0.046783447
2020-07-08 14:00:00,294.44983,286.0152,0.3495636,0.4555359
2020-07-08 15:00:00,292.1968,286.0169,0.16896057,1.2025452
2020-07-08 16:00:00,290.5598,284.93362,-0.2929535,1.6797285
2020-07-08 17:00:00,289.09717,283.8878,-0.49450684,1.8724604
2020-07-08 18:00:00,289.23242,283.02213,-0.4242859,1.7469063
2020-07-08 19:00:00,288.96786,281.05353,-0.38778687,1.8404694
2020-07-08 20:00:00,288.27963,280.87537,-0.3361206,1.8992767
2020-07-08 21:00:00,286.4574,281.1808,-0.42741394,2.3215008
2020-07-08 22:00:00,286.30713,281.36218,-0.47409058,2.4332638
2020-07-08 23:00:00,286.29007,281.76776,-0.4781952,2.2640533
2020-07-09 00:00:00,286.51788,281.91394,-0.45413208,2.1116772
2020-07-09 01:00:00,287.2956,283.56345,-0.27980042,1.927227
2020-07-09 02:00:00,289.14468,285.41998,-0.158844,1.3410873
2020-07-09 03:00:00,291.11862,283.95633,-0.16940308,1.0172205
2020-07-09 04:00:00,292.06555,283.37152,0.04333496,0.22359848
2020-07-09 05:00:00,293.01807,283.5119,0.30236816,-0.3961649
2020-07-09 06:00:00,292.26367,284.2605,0.43066406,-0.36244202
2020-07-09 07:00:00,294.56882,283.00372,0.5531006,-1.1016712
2020-07-09 08:00:00,294.93195,282.61346,0.8190155,-1.3449602
2020-07-09 09:00:00,295.4242,282.22894,0.91378784,-1.4900751
2020-07-09 10:00:00,295.15656,281.66855,0.8735962,-1.3616095
2020-07-09 11:00:00,294.9895,281.35345,0.6574402,-1.1465626
2020-07-09 12:00:00,294.7303,281.18338,0.7408142,-1.1450043
2020-07-09 13:00:00,293.37247,285.54523,0.58802795,-0.92604065
2020-07-09 14:00:00,293.35248,280.32907,0.63487244,0.2342987
2020-07-09 15:00:00,289.95593,281.8297,-0.024810791,1.5581818
2020-07-09 16:00:00,287.1706,281.04358,-0.3960266,2.1640778
2020-07-09 17:00:00,285.93445,280.02036,-0.50216675,2.4859161
2020-07-09 18:00:00,285.2882,279.02924,-0.558548,2.5910492
2020-07-09 19:00:00,284.8457,277.74756,-0.84706116,2.7516785
2020-07-09 20:00:00,284.49133,277.73914,-0.8913269,2.7514038
2020-07-09 21:00:00,284.25323,277.87094,-0.98747253,2.8798218
2020-07-09 22:00:00,284.31067,278.09442,-0.9734802,2.8651886
2020-07-09 23:00:00,284.44238,278.37375,-0.9377136,2.755105
2020-07-10 00:00:00,284.49902,278.77106,-0.9386139,2.6524725
2020-07-10 01:00:00,286.1261,282.25098,-0.6159973,1.8832407
2020-07-10 02:00:00,290.3012,284.80908,0.26402283,0.4221096
2020-07-10 03:00:00,292.3213,282.7616,1.2124481,-0.65023994
2020-07-10 04:00:00,292.53717,283.72693,1.4465332,-0.6953974
2020-07-10 05:00:00,292.9229,284.30634,1.3930206,-1.1394663
2020-07-10 06:00:00,292.81665,284.7514,1.5214233,-0.60037136
2020-07-10 07:00:00,293.3852,284.07318,1.6155243,-0.5755234
2020-07-10 08:00:00,293.97498,284.08804,1.7922516,-0.6700516
2020-07-10 09:00:00,294.26663,283.7921,1.9553375,-0.54857445
2020-07-10 10:00:00,293.77576,283.66687,1.6873932,-0.07071304
2020-07-10 11:00:00,293.6479,283.0417,1.5983887,-0.36419106
2020-07-10 12:00:00,292.76135,283.20294,1.2967834,0.38447762
2020-07-10 13:00:00,291.79077,285.52606,1.0111237,-0.002169609
2020-07-10 14:00:00,290.11493,285.6607,0.4867401,0.943532
2020-07-10 15:00:00,288.4557,283.88013,-0.12930298,1.5872374
2020-07-10 16:00:00,287.1357,282.8947,-0.37742615,1.8440723
2020-07-10 17:00:00,287.15094,281.98425,-0.44810486,1.6080742
2020-07-10 18:00:00,286.51868,281.26025,-0.52142334,1.6890831
2020-07-10 19:00:00,285.46594,280.29028,-0.26835632,2.0653057
2020-07-10 20:00:00,285.4795,280.19324,-0.4199524,1.980752
2020-07-10 21:00:00,285.0013,279.9135,-0.44830322,2.053608
2020-07-10 22:00:00,284.84244,279.78226,-0.40455627,2.0841103
2020-07-10 23:00:00,284.18936,279.70172,-0.48918152,2.3093605
2020-07-11 00:00:00,283.6618,279.6187,-0.6055603,2.415494
2020-07-11 01:00:00,286.08197,282.5736,-0.38407898,1.722333
2020-07-11 02:00:00,290.55896,283.89502,0.5156708,0.33103466
2020-07-11 03:00:00,292.34515,282.815,1.5062561,-0.47146225
2020-07-11 04:00:00,293.1468,283.43478,1.9670258,-0.97110367
2020-07-11 05:00:00,293.49896,283.64478,2.1807404,-0.98557854
2020-07-11 06:00:00,293.92743,283.85034,2.2154694,-1.0568857
2020-07-11 07:00:00,294.01965,283.21088,2.2301178,-0.8597851
2020-07-11 08:00:00,294.30502,281.998,2.1931458,-0.66115284
2020-07-11 09:00:00,294.36127,282.29538,2.2896118,-0.45751858
2020-07-11 10:00:00,294.722,281.48004,2.3252716,-0.31882954
2020-07-11 11:00:00,294.47476,281.87256,2.4731293,-1.9066582
2020-07-11 12:00:00,293.458,282.4765,1.0483093,-1.8081703
2020-07-11 13:00:00,292.56577,283.52866,0.48146057,-0.37421608
2020-07-11 14:00:00,292.144,282.9986,0.54174805,-0.06280327
2020-07-11 15:00:00,288.89523,283.84006,-0.051467896,1.3489628
2020-07-11 16:00:00,287.229,282.26123,-0.29148865,2.0032063
2020-07-11 17:00:00,285.99826,281.2244,-0.42404175,2.1823807
2020-07-11 18:00:00,285.10315,280.34497,-0.5580902,2.4102755
2020-07-11 19:00:00,284.67227,278.76794,-0.6818085,2.4158287
2020-07-11 20:00:00,284.08282,278.3286,-0.7312622,2.557517
2020-07-11 21:00:00,283.80786,277.9819,-0.7073517,2.5000687
2020-07-11 22:00:00,283.61224,277.8659,-0.62228394,2.461853
2020-07-11 23:00:00,283.45874,278.02563,-0.5324707,2.4103851
2020-07-12 00:00:00,283.24936,278.07672,-0.42489624,2.3594666
2020-07-12 01:00:00,286.0639,280.61127,-0.07556152,1.6019745
2020-07-12 02:00:00,289.90234,281.90442,1.1471252,0.032836914
2020-07-12 03:00:00,291.12482,281.82437,1.6971741,-0.44883728
2020-07-12 04:00:00,291.80096,282.4428,1.8787079,-0.9323273
2020-07-12 05:00:00,292.481,283.21375,1.8482208,-1.4495392
2020-07-12 06:00:00,293.10394,283.9854,1.7165222,-1.9181519
2020-07-12 07:00:00,293.09552,283.1372,1.5338745,-2.0274334
2020-07-12 08:00:00,293.2603,283.41833,1.6428986,-1.92029
2020-07-12 09:00:00,293.3886,283.41516,1.6282501,-1.8344631
2020-07-12 10:00:00,293.0545,283.08978,1.3511353,-1.598671
2020-07-12 11:00:00,292.9524,282.48297,1.1213531,-1.3040066
2020-07-12 12:00:00,292.7771,282.1101,1.0018463,-0.8917942
2020-07-12 13:00:00,292.1889,282.6245,0.7392731,-0.71240234
2020-07-12 14:00:00,290.9581,284.64355,0.39634705,-0.6636505
2020-07-12 15:00:00,290.62256,282.12848,0.07926941,-0.039382935
2020-07-12 16:00:00,290.132,281.45123,-0.14253235,0.3959198
2020-07-12 17:00:00,289.54797,280.69513,-0.050048828,0.99406433
2020-07-12 18:00:00,289.11642,280.09253,-0.024093628,1.1543579
2020-07-12 19:00:00,287.9179,279.59503,0.09638977,1.3726501
2020-07-12 20:00:00,285.92303,278.8141,0.009063721,1.638382
2020-07-12 21:00:00,284.7651,278.1587,-0.18450928,1.8011627
2020-07-12 22:00:00,283.7262,277.48752,-0.3812256,1.9266357
2020-07-12 23:00:00,283.2181,276.81213,-0.46401978,1.9959869
2020-07-13 00:00:00,283.344,276.23825,-0.45002747,1.9496613
2020-07-13 01:00:00,284.73227,278.69394,-0.22317505,1.548584
2020-07-13 02:00:00,288.75873,280.1978,0.23762512,-0.3574524
2020-07-13 03:00:00,290.50024,278.53885,0.4254303,-0.96443176
2020-07-13 04:00:00,291.37213,279.8872,0.48994446,-1.4028778
2020-07-13 05:00:00,292.26596,281.30853,0.4533844,-1.8429871
2020-07-13 06:00:00,292.97815,282.55704,0.3909607,-2.1575012
2020-07-13 07:00:00,294.03796,284.02365,0.1312561,-2.3161469
2020-07-13 08:00:00,294.47656,284.62704,0.25756836,-2.2321625
2020-07-13 09:00:00,294.7749,285.06082,0.40182495,-2.2965088
2020-07-13 10:00:00,294.8059,285.1568,0.24356079,-2.4182281
2020-07-13 11:00:00,294.28406,284.85327,0.1348877,-1.7254944
2020-07-13 12:00:00,293.8381,284.8202,0.16444397,-1.265564
2020-07-13 13:00:00,293.12585,285.27362,0.26159668,-0.99653625
2020-07-13 14:00:00,292.3316,285.0694,0.19151306,0.09284973
2020-07-13 15:00:00,288.76825,285.23798,-0.3787079,1.6150055
2020-07-13 16:00:00,287.21777,284.22653,-0.63526917,1.9446716
2020-07-13 17:00:00,286.1861,283.2846,-0.64086914,2.1163788
2020-07-13 18:00:00,285.48938,282.50916,-0.60943604,2.26474
2020-07-13 19:00:00,287.3683,281.98474,-0.20077515,1.8892822
2020-07-13 20:00:00,286.35452,281.3036,-0.27485657,2.0059204
2020-07-13 21:00:00,284.6871,280.59872,-0.48902893,2.3042297
2020-07-13 22:00:00,283.9047,280.01447,-0.6591644,2.566269
2020-07-13 23:00:00,283.756,279.49496,-0.7148895,2.7412415
2020-07-14 00:00:00,283.85782,279.4852,-0.7059784,2.748413
2020-07-14 01:00:00,285.54614,281.98254,-0.4380951,2.1624146
2020-07-14 02:00:00,289.8754,284.65247,0.49458313,0.4319458
2020-07-14 03:00:00,292.85492,279.09436,1.2688599,-0.5417633
2020-07-14 04:00:00,293.30713,279.7631,1.5155029,-1.1208191
2020-07-14 05:00:00,293.9785,280.74698,1.6411743,-1.5509033
2020-07-14 06:00:00,294.56332,281.5393,1.6860199,-1.8153076
2020-07-14 07:00:00,295.22775,282.1877,1.4822388,-1.8482056
2020-07-14 08:00:00,295.59073,282.2328,1.6141815,-1.8409729
2020-07-14 09:00:00,295.8777,281.93954,1.602356,-1.7949982
2020-07-14 10:00:00,295.8637,281.35196,1.5235748,-1.728653
2020-07-14 11:00:00,295.398,280.96906,1.3459778,-1.782486
2020-07-14 12:00:00,294.8493,280.99658,1.0172424,-1.7568054
2020-07-14 13:00:00,293.84253,282.00037,0.6422119,-1.4064331
2020-07-14 14:00:00,292.02148,284.4214,0.5248718,-0.82647705
2020-07-14 15:00:00,292.22134,280.57056,0.6333313,0.09751892
2020-07-14 16:00:00,291.64664,280.07343,0.499115,0.62901306
2020-07-14 17:00:00,291.01303,279.66864,0.48558044,0.85266113
2020-07-14 18:00:00,290.31024,279.43985,0.29840088,1.1786041
2020-07-14 19:00:00,286.83276,278.3761,0.3257904,1.721283
2020-07-14 20:00:00,285.65802,278.06982,0.04649353,1.8325348
2020-07-14 21:00:00,284.60608,277.6468,-0.15003967,1.9384613
2020-07-14 22:00:00,283.7162,276.98257,-0.26486206,2.081933
2020-07-14 23:00:00,283.0583,276.31104,-0.26757812,2.1990242
2020-07-15 00:00:00,282.77847,275.84927,-0.2140503,2.2293243
2020-07-15 01:00:00,284.89667,278.68817,-0.0493927,1.8146362
2020-07-15 02:00:00,289.16403,282.2002,0.7199249,0.16007996
2020-07-15 03:00:00,291.6028,280.32117,1.1755524,-0.7341156
2020-07-15 04:00:00,292.20038,281.88385,1.2484436,-1.2030487
2020-07-15 05:00:00,292.86057,283.27808,1.1960297,-1.6509247
2020-07-15 06:00:00,293.62183,284.34918,1.1325378,-1.8239441
2020-07-15 07:00:00,294.22192,285.12476,1.4265137,-1.7581635
2020-07-15 08:00:00,294.77887,284.9986,1.5585785,-1.8527985
2020-07-15 09:00:00,294.86838,284.72803,1.5849304,-1.748642
2020-07-15 10:00:00,294.86124,284.3047,1.4367828,-1.4647522
2020-07-15 11:00:00,294.7207,283.8476,1.2816315,-1.3579102
2020-07-15 12:00:00,294.17706,283.71716,1.094635,-0.81640625
2020-07-15 13:00:00,293.63904,284.21692,0.80015564,-0.49378967
2020-07-15 14:00:00,292.9441,284.03687,0.32139587,-0.043121338
2020-07-15 15:00:00,289.16815,284.49207,-0.42826843,1.510498
2020-07-15 16:00:00,287.20312,282.89725,-0.60813904,2.1643372
2020-07-15 17:00:00,285.99048,281.213,-0.73272705,2.480072
2020-07-15 18:00:00,285.20386,279.54974,-0.9141388,2.7755432
2020-07-15 19:00:00,285.15338,278.3891,-1.1985168,3.0954742
2020-07-15 20:00:00,285.09705,277.60327,-1.195282,3.1221313
2020-07-15 21:00:00,285.06635,276.93207,-1.2301178,3.1836548
2020-07-15 22:00:00,284.91803,275.98022,-1.2476959,3.1673164
2020-07-15 23:00:00,284.81534,275.0821,-1.263916,3.1564636
2020-07-16 00:00:00,284.7997,274.66483,-1.2873077,3.0886078
2020-07-16 01:00:00,286.6336,279.0996,-1.0321808,2.5519104
2020-07-16 02:00:00,291.22867,283.45776,-0.48771667,0.8944807
2020-07-16 03:00:00,294.17297,278.71158,0.117507935,-0.61020184
2020-07-16 04:00:00,295.13275,280.25958,0.39213562,-1.3369131
2020-07-16 05:00:00,295.84973,281.8849,0.37045288,-1.6726046
2020-07-16 06:00:00,296.58533,283.0714,0.28475952,-1.9728079
2020-07-16 07:00:00,296.9527,285.01917,-0.22041321,-1.7074051
2020-07-16 08:00:00,297.22742,285.13525,0.13833618,-1.4642735
2020-07-16 09:00:00,297.38586,285.20477,0.4376831,-2.0240602
2020-07-16 10:00:00,296.94342,285.0516,-0.049987793,-0.9380207
2020-07-16 11:00:00,296.83295,285.10956,0.32141113,-0.8071661
2020-07-16 12:00:00,296.6363,285.36353,0.5297699,-0.86572266
2020-07-16 13:00:00,295.41388,289.17352,0.5376587,-0.5285578
2020-07-16 14:00:00,293.7759,286.19556,0.061706543,1.7379913
2020-07-16 15:00:00,291.47406,285.3507,-0.8883667,2.442978
2020-07-16 16:00:00,290.30557,285.3371,-0.8703003,2.7403107
2020-07-16 17:00:00,289.63492,284.96088,-0.91667175,2.937027
2020-07-16 18:00:00,289.461,284.6674,-0.9944916,2.8918915
2020-07-16 19:00:00,289.26007,283.875,-1.1901093,2.9885254
2020-07-16 20:00:00,288.63116,283.48248,-1.1602631,3.0134277
2020-07-16 21:00:00,288.45898,283.2033,-1.1951904,3.0366516
2020-07-16 22:00:00,288.13727,282.82672,-1.2000427,3.0554962
2020-07-16 23:00:00,287.8747,282.49915,-1.1561127,3.1060486
2020-07-17 00:00:00,287.7691,282.40485,-1.1060181,3.1308136
2020-07-17 01:00:00,289.50662,284.85138,-0.8464203,2.5772552
2020-07-17 02:00:00,293.78183,287.62988,-0.12919617,0.9205322
2020-07-17 03:00:00,296.92233,282.7926,0.35813904,-0.6806488
2020-07-17 04:00:00,297.55637,283.59216,0.42567444,-1.3810272
2020-07-17 05:00:00,298.17236,284.18848,0.42456055,-1.6116791
2020-07-17 06:00:00,298.81992,284.68747,0.46090698,-1.7800293
2020-07-17 07:00:00,299.2173,285.82825,0.13006592,-1.6776276
2020-07-17 08:00:00,299.21094,286.0348,0.20352173,-1.5996704
2020-07-17 09:00:00,299.39856,285.97156,0.3496704,-1.8457947
2020-07-17 10:00:00,299.13535,285.7074,-0.1872406,-1.1377869
2020-07-17 11:00:00,298.88794,285.99628,0.08554077,-0.80937195
2020-07-17 12:00:00,298.42563,286.31226,0.24525452,0.5231781
2020-07-17 13:00:00,298.14188,287.45355,0.36689758,-0.20880127
2020-07-17 14:00:00,295.6041,288.82852,0.31600952,1.3386383
2020-07-17 15:00:00,293.65512,286.3846,-0.19581604,2.4454803
2020-07-17 16:00:00,292.2554,285.7063,-0.5741272,2.7981567
2020-07-17 17:00:00,291.80502,285.42984,-0.7115021,2.7659454
2020-07-17 18:00:00,291.52594,285.12695,-0.85694885,2.7989502
2020-07-17 19:00:00,291.92307,283.8081,-0.17828369,2.5534058
2020-07-17 20:00:00,290.8427,283.5712,-0.1949768,2.4800873
2020-07-17 21:00:00,290.15408,283.40933,-0.30223083,2.4524384
2020-07-17 22:00:00,289.46146,283.034,-0.4947052,2.5141754
2020-07-17 23:00:00,289.05692,283.0854,-0.7645874,2.6637573
2020-07-18 00:00:00,288.98346,283.2481,-0.9253235,2.7694244
2020-07-18 01:00:00,289.9657,285.24353,-0.81217957,2.4842987
2020-07-18 02:00:00,292.44012,288.93793,-0.4935913,1.4342346
2020-07-18 03:00:00,296.14844,285.3321,0.11897278,0.58299255
2020-07-18 04:00:00,296.80878,283.7559,0.9623108,-0.34375
2020-07-18 05:00:00,297.4114,284.06992,1.3089142,-0.78514576
2020-07-18 06:00:00,298.05664,283.99878,1.5599823,-1.2858696
2020-07-18 07:00:00,298.13947,284.01883,1.1956024,-1.1223764
2020-07-18 08:00:00,298.48242,283.91028,1.5268707,-0.98314476
2020-07-18 09:00:00,298.86523,283.67303,1.7003174,-1.2119751
2020-07-18 10:00:00,298.98117,283.36093,1.272171,-1.3930054
2020-07-18 11:00:00,298.33496,282.9189,1.0687256,-0.80970764
2020-07-18 12:00:00,297.76538,284.07147,1.005249,-0.44248962
2020-07-18 13:00:00,296.1148,289.35718,0.83236694,-0.4580841
2020-07-18 14:00:00,296.62854,283.08887,0.11514282,0.41304016
2020-07-18 15:00:00,293.1908,284.51306,-0.20896912,1.3888245
2020-07-18 16:00:00,291.1449,283.3647,-0.37638855,2.0642548
2020-07-18 17:00:00,290.0271,282.39352,-0.4312439,2.0984497
2020-07-18 18:00:00,290.34735,281.1313,-0.4725647,1.8462524
2020-07-18 19:00:00,288.96497,281.23834,-0.4434662,2.4436493
2020-07-18 20:00:00,288.58936,280.6828,-0.5281067,2.425705
2020-07-18 21:00:00,288.36002,280.12897,-0.5620575,2.3466492
2020-07-18 22:00:00,288.1318,279.4931,-0.6620941,2.3121948
2020-07-18 23:00:00,288.00262,279.45978,-0.721344,2.3010712
2020-07-19 00:00:00,287.8731,279.42923,-0.69718933,2.2312927
2020-07-19 01:00:00,290.06494,281.04434,-0.48173523,1.6600037
2020-07-19 02:00:00,294.22888,278.5819,0.056625366,0.70506287
2020-07-19 03:00:00,295.07507,281.1327,0.946167,0.19651794
2020-07-19 04:00:00,295.44073,281.46844,1.5547028,-0.16879272
2020-07-19 05:00:00,295.89642,281.76886,1.6403961,0.17318726
2020-07-19 06:00:00,296.34338,281.9395,1.9817047,0.26750183
2020-07-19 07:00:00,296.9082,281.25385,2.345108,-1.3511353
2020-07-19 08:00:00,296.61273,281.94006,1.970871,-0.5620117
2020-07-19 09:00:00,297.58356,282.01624,2.5348358,-0.5058899
2020-07-19 10:00:00,297.01138,282.18484,2.4887238,-0.25222778
2020-07-19 11:00:00,297.36957,282.21167,2.5081635,-0.6190796
2020-07-19 12:00:00,296.52032,282.217,1.6481171,-1.0516663
2020-07-19 13:00:00,295.01917,287.54092,0.88645935,-0.3761139
2020-07-19 14:00:00,294.9353,282.013,0.1331482,0.4950714
2020-07-19 15:00:00,291.44427,283.15332,-0.3565216,1.7607422
2020-07-19 16:00:00,289.88116,282.02606,-0.5637207,2.5587006
2020-07-19 17:00:00,288.95483,281.62347,-0.7338562,2.8554382
2020-07-19 18:00:00,288.53293,281.24323,-0.7396698,2.811325
2020-07-19 19:00:00,288.33832,279.59872,-0.8430176,2.6924744
2020-07-19 20:00:00,287.41174,278.8963,-0.9647827,2.8377075
2020-07-19 21:00:00,286.83224,278.3478,-1.0541992,2.949524
2020-07-19 22:00:00,286.63617,277.58835,-1.0526886,3.0097046
2020-07-19 23:00:00,286.56348,277.21094,-0.96606445,3.0716248
2020-07-20 00:00:00,286.66022,277.26508,-0.8639679,3.0692444
2020-07-20 01:00:00,288.26947,281.3349,-0.64393616,2.5781708
2020-07-20 02:00:00,293.05927,285.2625,0.02494812,1.0567627
2020-07-20 03:00:00,296.29224,279.4192,0.65060425,-0.08418274
2020-07-20 04:00:00,296.4666,279.80347,1.155716,-0.32826233
2020-07-20 05:00:00,296.991,280.43536,1.7683411,-0.3156433
2020-07-20 06:00:00,297.9865,281.14447,2.1275024,-0.81700134
2020-07-20 07:00:00,298.823,278.93054,1.9384308,-1.2448645
2020-07-20 08:00:00,299.00043,278.75787,2.0776825,-1.489296
2020-07-20 09:00:00,298.5801,278.75757,1.628479,-1.3900108
2020-07-20 10:00:00,298.6465,279.2956,1.4055328,-1.1187811
2020-07-20 11:00:00,298.4165,279.76752,1.7235565,-0.9205265
2020-07-20 12:00:00,297.4662,281.15646,1.381134,-0.68927956
2020-07-20 13:00:00,295.89554,287.27585,0.9986572,-0.29236317
2020-07-20 14:00:00,296.0315,279.84717,0.4893036,-0.034591675
2020-07-20 15:00:00,294.66083,279.41998,-0.48928833,0.6212969
2020-07-20 16:00:00,290.1607,280.89413,-0.58587646,1.7755136
2020-07-20 17:00:00,288.75052,280.385,-0.65745544,2.4084225
2020-07-20 18:00:00,288.459,280.50916,-0.80088806,2.634591
2020-07-20 19:00:00,288.84192,280.26523,-0.28033447,2.1536455
2020-07-20 20:00:00,287.55957,279.92465,-0.47956848,2.2561436
2020-07-20 21:00:00,286.769,279.72757,-0.5625,2.5560207
2020-07-20 22:00:00,286.14667,279.89288,-0.6924858,2.6380148
2020-07-20 23:00:00,285.89008,279.8814,-0.7597046,2.6466503
2020-07-21 00:00:00,285.7101,279.8777,-0.84950256,2.688324
2020-07-21 01:00:00,287.54816,282.86844,-0.6021881,2.0164614
2020-07-21 02:00:00,293.37537,282.8977,0.018127441,0.53337
2020-07-21 03:00:00,294.9754,280.4594,1.4182739,0.24876595
2020-07-21 04:00:00,294.80463,281.94867,2.12677,0.3078184
2020-07-21 05:00:00,294.8639,282.7316,2.0032654,0.6813803
2020-07-21 06:00:00,294.85553,282.74234,1.7266693,0.6389475
2020-07-21 07:00:00,295.63483,283.27832,2.2859344,-0.17001343
2020-07-21 08:00:00,295.66776,283.5242,2.3010406,-0.29968262
2020-07-21 09:00:00,296.1579,283.31177,2.3183594,-0.08670044
2020-07-21 10:00:00,296.00354,282.59412,2.3208618,0.01751709
2020-07-21 11:00:00,296.34644,282.032,2.6967926,0.09051514
2020-07-21 12:00:00,295.57706,281.32788,3.0436249,-2.0023193
2020-07-21 13:00:00,293.11917,282.82816,1.5772247,-1.6334839
2020-07-21 14:00:00,291.8669,284.1546,0.5544281,0.99897766
2020-07-21 15:00:00,290.10748,283.1684,-0.17300415,1.938797
2020-07-21 16:00:00,289.2426,282.80453,-0.34118652,2.2219086
2020-07-21 17:00:00,288.5127,282.2818,0.045822144,2.1959076
2020-07-21 18:00:00,288.1526,281.5301,0.39665222,2.0436707
2020-07-21 19:00:00,288.25592,280.28076,1.1610413,1.841156
2020-07-21 20:00:00,288.28265,280.04004,0.7307434,1.8516846
2020-07-21 21:00:00,287.42334,280.12967,0.23510742,2.0854034
2020-07-21 22:00:00,285.98737,280.2791,-0.23599243,2.4201813
2020-07-21 23:00:00,285.3631,280.26303,-0.40299988,2.5737305
2020-07-22 00:00:00,285.42,280.3736,-0.3209839,2.5729523
2020-07-22 01:00:00,287.1063,282.58966,-0.059326172,2.0554504
2020-07-22 02:00:00,291.26126,284.93158,1.1148529,0.7665405
2020-07-22 03:00:00,294.34967,281.40063,2.4516754,-0.08772278
2020-07-22 04:00:00,294.81488,281.00513,3.0037994,-0.5975342
2020-07-22 05:00:00,295.31592,280.8777,3.0647278,-0.8840027
2020-07-22 06:00:00,295.81226,280.94458,2.9862518,-0.93518066
2020-07-22 07:00:00,296.17752,279.08038,3.131363,-0.5411682
2020-07-22 08:00:00,296.27716,279.6128,3.01445,-0.3618927
2020-07-22 09:00:00,296.7972,279.95782,3.501419,-0.68226624
2020-07-22 10:00:00,295.7202,279.8376,3.0634155,-2.8890228
2020-07-22 11:00:00,292.82922,281.815,2.5143585,-0.48858643
2020-07-22 12:00:00,292.67432,281.07898,0.90782166,2.4788208
2020-07-22 13:00:00,293.35416,281.87906,1.098465,1.0025177
2020-07-22 14:00:00,291.58267,281.90057,1.4833069,0.7546692
2020-07-22 15:00:00,290.09274,280.7836,1.6056366,0.78660583
2020-07-22 16:00:00,288.9807,279.98315,1.1666718,1.5563879
2020-07-22 17:00:00,287.32642,279.49823,0.522583,2.224619
2020-07-22 18:00:00,286.73746,279.29904,0.4563446,2.2740822
2020-07-22 19:00:00,285.28732,278.55933,-0.1559143,2.5974607
2020-07-22 20:00:00,284.55664,278.2132,-0.4323883,2.8077488
2020-07-22 21:00:00,284.28003,277.80426,-0.63697815,2.9762125
2020-07-22 22:00:00,284.34473,277.53705,-0.7984314,3.1187305
2020-07-22 23:00:00,284.57452,277.47003,-0.9099579,3.0880308
2020-07-23 00:00:00,284.70917,277.40216,-0.9311218,3.0604916
2020-07-23 01:00:00,286.37823,280.84265,-0.64901733,2.4354286
2020-07-23 02:00:00,292.6062,282.4843,0.11097717,0.8170662
2020-07-23 03:00:00,295.16663,278.20026,1.2178802,-0.3743248
2020-07-23 04:00:00,295.7668,278.83472,1.5385437,-0.95438194
2020-07-23 05:00:00,296.58148,279.36935,1.7315674,-1.2751617
2020-07-23 06:00:00,297.2963,279.8286,1.8130951,-1.4933586
2020-07-23 07:00:00,298.16278,280.6736,2.290451,-1.1027813
2020-07-23 08:00:00,298.55618,280.23956,2.2766418,-1.1212311
2020-07-23 09:00:00,298.7644,280.46674,2.1647186,-1.0201931
2020-07-23 10:00:00,298.6275,280.88147,2.0124664,-0.8107815
2020-07-23 11:00:00,298.58728,281.15857,1.8599854,-0.8201275
2020-07-23 12:00:00,298.02478,281.52484,1.2982483,-1.3381805
2020-07-23 13:00:00,296.7472,286.25317,0.4149933,-0.89019585
2020-07-23 14:00:00,296.5329,281.4189,-0.088516235,0.37913895
2020-07-23 15:00:00,291.7945,283.173,-0.5022278,1.7703934
2020-07-23 16:00:00,290.03604,281.80347,-0.7025604,2.3883667
2020-07-23 17:00:00,288.95807,280.9321,-0.86958313,2.7502136
2020-07-23 18:00:00,288.4451,280.59583,-0.9854431,2.909729
2020-07-23 19:00:00,288.1919,279.33524,-1.3077545,3.2121582
2020-07-23 20:00:00,288.12878,279.5584,-1.2936401,3.2060394
2020-07-23 21:00:00,288.0202,279.77167,-1.3188934,3.3026886
2020-07-23 22:00:00,287.9497,279.99695,-1.3055573,3.3190918
2020-07-23 23:00:00,288.03946,280.2932,-1.233551,3.2951965
2020-07-24 00:00:00,288.24896,280.64392,-1.1845245,3.2553558
2020-07-24 01:00:00,289.64026,283.13715,-0.9232483,2.7368011
2020-07-24 02:00:00,293.06464,288.10522,-0.39579773,1.3309784
2020-07-24 03:00:00,297.32373,282.2743,0.16181946,-0.5789795
2020-07-24 04:00:00,297.97046,282.91156,0.68148804,-1.5341034
2020-07-24 05:00:00,297.46515,283.6602,1.1266632,-1.2203674
2020-07-24 06:00:00,297.0282,284.92285,1.5826721,-0.94088745
2020-07-24 07:00:00,296.4151,285.79404,1.2717896,-1.3489838
2020-07-24 08:00:00,295.90915,287.1224,1.8739777,-0.31948853
2020-07-24 09:00:00,296.31024,287.238,1.9730835,-0.8021698
2020-07-24 10:00:00,294.38354,287.81174,1.5506897,-1.6508026
2020-07-24 11:00:00,293.15817,287.41632,0.9321289,-1.2292023
2020-07-24 12:00:00,292.36624,287.86047,0.44128418,-0.81225586
2020-07-24 13:00:00,291.9126,290.09677,0.46395874,0.07260132
2020-07-24 14:00:00,291.86337,288.77518,0.52005005,-0.07702637
2020-07-24 15:00:00,290.99808,288.61218,0.42822266,0.78292847
2020-07-24 16:00:00,290.90973,288.21194,0.24963379,0.92134094
2020-07-24 17:00:00,290.0243,288.15427,-0.17854309,1.3379059
2020-07-24 18:00:00,290.4616,287.42493,-0.2223053,1.1519318
2020-07-24 19:00:00,288.29218,286.84488,-0.7103729,1.5314484
2020-07-24 20:00:00,287.3593,286.02072,-0.87338257,1.6370239
2020-07-24 21:00:00,287.76263,285.70074,-0.727417,1.4499664
2020-07-24 22:00:00,287.28284,285.32718,-0.6839142,1.5990295
2020-07-24 23:00:00,286.5338,284.77252,-0.7236481,1.6809235
2020-07-25 00:00:00,286.1839,284.61823,-0.8440094,1.8187408
2020-07-25 01:00:00,287.99487,286.15033,-0.65727234,1.4516754
2020-07-25 02:00:00,292.47418,288.18164,-0.26089478,-0.10652161
2020-07-25 03:00:00,294.4254,286.42682,-0.01663208,-1.0725098
2020-07-25 04:00:00,295.19977,287.05643,0.09513855,-1.56781
2020-07-25 05:00:00,295.6986,286.92084,0.08653259,-1.3045349
2020-07-25 06:00:00,296.60464,287.33417,0.3023529,-1.9890747
2020-07-25 07:00:00,296.12268,286.61636,0.7063446,-0.8907013
2020-07-25 08:00:00,297.52014,286.68848,0.82440186,-1.7528534
2020-07-25 09:00:00,297.2693,285.20386,1.6262512,-1.1178589
2020-07-25 10:00:00,296.86578,285.45798,1.4106445,-0.16004944
2020-07-25 11:00:00,297.16476,285.51337,1.5151215,-0.6192627
2020-07-25 12:00:00,296.9425,285.8405,1.5306244,-1.109024
2020-07-25 13:00:00,295.99927,287.54193,0.99575806,-0.41238403
2020-07-25 14:00:00,295.54016,286.12354,0.1795044,0.67126465
2020-07-25 15:00:00,292.41632,286.63943,-0.27378845,1.5483704
2020-07-25 16:00:00,290.38678,285.87018,-0.37391663,2.1203308
2020-07-25 17:00:00,289.16888,285.24347,-0.59939575,2.3503265
2020-07-25 18:00:00,288.5103,284.75958,-0.80255127,2.5190277
2020-07-25 19:00:00,288.01495,283.36053,-1.0605927,3.0187225
2020-07-25 20:00:00,288.01883,283.00128,-1.1166687,2.9779205
2020-07-25 21:00:00,288.06174,282.7011,-1.1853485,3.008377
2020-07-25 22:00:00,288.3062,282.2392,-1.2184143,2.9269104
2020-07-25 23:00:00,288.36267,281.7077,-1.1646576,2.8558807
2020-07-26 00:00:00,288.39453,281.30185,-1.1305847,2.760025
2020-07-26 01:00:00,289.46545,284.133,-0.92863464,2.2677765
2020-07-26 02:00:00,293.43555,286.85925,-0.41305542,0.8361206
2020-07-26 03:00:00,295.9441,283.8049,0.23365784,-0.44604683
2020-07-26 04:00:00,296.89532,284.76404,0.49320984,-1.271204
2020-07-26 05:00:00,297.44287,285.39078,0.4653778,-1.7060976
2020-07-26 06:00:00,298.0983,285.92157,0.38876343,-1.8567963
2020-07-26 07:00:00,297.75583,287.49353,0.19293213,-1.0079584
2020-07-26 08:00:00,297.9939,287.60254,0.47166443,-1.4529848
2020-07-26 09:00:00,297.3794,287.66852,0.29704285,-1.199976
2020-07-26 10:00:00,297.11688,287.4842,-0.030548096,-0.80944157
2020-07-26 11:00:00,296.76074,287.62012,0.7101593,0.009508133
2020-07-26 12:00:00,295.89804,288.2211,0.8844147,0.8212271
2020-07-26 13:00:00,295.1319,291.04446,0.81251526,-0.0026893616
2020-07-26 14:00:00,294.59714,288.75757,0.7805023,0.3994999
2020-07-26 15:00:00,292.52692,288.07184,0.10551453,1.420393
2020-07-26 16:00:00,290.84497,287.22675,-0.19084167,1.9425812
2020-07-26 17:00:00,290.3413,286.42853,-0.23298645,1.9287109
2020-07-26 18:00:00,291.2014,285.04935,0.21974182,1.4325104
2020-07-26 19:00:00,289.18915,285.5928,-0.50128174,1.9493713
2020-07-26 20:00:00,289.11835,285.3038,-0.4455719,1.8382254
2020-07-26 21:00:00,290.25708,284.75635,0.041931152,1.4605198
2020-07-26 22:00:00,292.38373,284.3604,0.6285248,0.69628143
2020-07-26 23:00:00,291.0438,285.06268,0.6974182,0.68614197
2020-07-27 00:00:00,289.17358,285.80853,1.1408691,0.14834595
2020-07-27 01:00:00,287.69666,286.8178,1.5305328,-0.33872986
2020-07-27 02:00:00,288.19037,287.3039,1.7931061,-0.8476105
2020-07-27 03:00:00,287.93893,287.3039,1.4364777,-1.2311096
2020-07-27 04:00:00,287.71075,286.9051,1.003128,-0.5211334
2020-07-27 05:00:00,288.8768,288.07098,1.0755463,-0.51374817
2020-07-27 06:00:00,289.752,287.54782,1.4617004,-0.486969
2020-07-27 07:00:00,291.54837,284.6952,2.5078735,-0.42008972
2020-07-27 08:00:00,292.23407,283.59344,2.2521057,-0.57159424
2020-07-27 09:00:00,292.47913,282.64337,2.1144562,-0.86880493
2020-07-27 10:00:00,292.72437,281.84982,1.9428711,-0.70814514
2020-07-27 11:00:00,292.88226,281.01892,1.6173553,-0.52124023
2020-07-27 12:00:00,292.78412,280.4251,1.4641876,-0.43696594
2020-07-27 13:00:00,291.96448,282.76904,1.070816,0.17738342
2020-07-27 14:00:00,291.55707,280.97345,0.6895294,0.27490234
2020-07-27 15:00:00,289.0838,281.12292,0.21575928,1.4301424
2020-07-27 16:00:00,287.00244,280.85345,0.013183594,1.9058313
2020-07-27 17:00:00,285.7835,280.49478,-0.35144043,2.12459
2020-07-27 18:00:00,284.64957,280.21423,-0.8123169,2.4265862
2020-07-27 19:00:00,283.95673,279.48093,-0.9625244,2.9962864
2020-07-27 20:00:00,284.04202,278.97064,-0.9864197,3.0415258
2020-07-27 21:00:00,284.17105,278.41168,-1.0760956,3.1308165
2020-07-27 22:00:00,284.2628,277.90527,-1.1456299,3.1803808
2020-07-27 23:00:00,284.28592,277.66095,-1.1328583,3.2377234
2020-07-28 00:00:00,284.35913,277.58237,-1.1195526,3.227086
2020-07-28 01:00:00,286.3474,280.74493,-0.84935,2.6853895
2020-07-28 02:00:00,290.0905,285.68735,-0.2952118,1.258605
2020-07-28 03:00:00,294.45084,279.65976,0.33944702,-0.6910925
2020-07-28 04:00:00,294.95926,280.6447,0.40203857,-1.2077751
2020-07-28 05:00:00,295.7353,281.661,0.56326294,-1.564724
2020-07-28 06:00:00,296.0327,281.69067,0.8012543,-1.5123138
2020-07-28 07:00:00,295.58862,282.56213,1.8968811,-1.0940876
2020-07-28 08:00:00,295.695,283.13788,2.2572327,-0.18734455
2020-07-28 09:00:00,295.80615,283.33264,2.3741608,-0.101558685
2020-07-28 10:00:00,295.88843,283.26447,2.3409576,-0.51461315
2020-07-28 11:00:00,295.15955,282.69684,3.2555847,-0.57276917
2020-07-28 12:00:00,294.1786,283.99402,2.274353,-0.17622852
2020-07-28 13:00:00,293.5493,284.54437,0.91426086,0.9434147
2020-07-28 14:00:00,292.1236,286.1759,0.44473267,1.1727953
2020-07-28 15:00:00,289.99713,284.34204,-0.06681824,1.77075
2020-07-28 16:00:00,288.14874,283.3299,-0.272995,2.201333
2020-07-28 17:00:00,287.2641,282.68994,-0.50250244,2.3751373
2020-07-28 18:00:00,286.75818,281.7721,-0.47943115,2.2689934
2020-07-28 19:00:00,286.23016,280.76227,-1.0193329,3.080284
2020-07-28 20:00:00,286.1818,280.34088,-1.0451965,2.9692354
2020-07-28 21:00:00,286.37183,279.92456,-1.1098633,2.9715118
2020-07-28 22:00:00,286.43805,279.7641,-1.1018677,2.898117
2020-07-28 23:00:00,286.5143,279.68567,-1.0946045,2.9590302
2020-07-29 00:00:00,286.08344,279.606,-1.1135406,3.1216278
2020-07-29 01:00:00,287.83716,282.29858,-0.8057556,2.517147
2020-07-29 02:00:00,290.9947,286.15308,-0.20387268,1.4049788
2020-07-29 03:00:00,295.27628,280.80927,0.9751892,0.13508224
2020-07-29 04:00:00,295.22617,281.74725,0.9831848,-0.113684654
2020-07-29 05:00:00,294.87982,282.00543,1.4101715,-0.55622387
2020-07-29 06:00:00,295.17535,282.8877,1.6026459,-0.9759331
2020-07-29 07:00:00,293.35492,283.5415,1.5877075,-2.3004484
2020-07-29 08:00:00,293.2496,284.39087,0.7003479,-0.1901865
2020-07-29 09:00:00,294.19873,284.01566,1.3976593,-0.04170227
2020-07-29 10:00:00,293.0887,284.24118,2.4151459,-2.0803547
2020-07-29 11:00:00,291.25757,285.21753,1.1230164,-0.2327404
2020-07-29 12:00:00,291.66705,284.20923,0.11891174,1.5862684
2020-07-29 13:00:00,291.58713,282.7458,1.4077806,0.8235798
2020-07-29 14:00:00,290.46426,282.54706,1.744093,0.77730465
2020-07-29 15:00:00,288.4689,282.895,0.9441452,1.5808268
2020-07-29 16:00:00,287.3197,282.2633,0.7573395,1.5648584
2020-07-29 17:00:00,287.47205,281.76526,0.94890976,1.2773638
2020-07-29 18:00:00,286.41437,281.2669,0.75930595,1.6129951
2020-07-29 19:00:00,286.93884,279.4793,0.52911186,1.5523348
2020-07-29 20:00:00,285.8854,279.2771,0.3691492,1.7986116
2020-07-29 21:00:00,284.68073,278.8924,0.07138729,2.0733957
2020-07-29 22:00:00,283.54956,278.47745,-0.13857174,2.246481
2020-07-29 23:00:00,282.58392,278.20233,-0.35403824,2.395856
2020-07-30 00:00:00,281.66144,277.7612,-0.7033844,2.633483
2020-07-30 01:00:00,282.9278,279.47983,-0.7361336,2.355547
2020-07-30 02:00:00,288.11517,283.1637,-0.31558514,0.70289326
2020-07-30 03:00:00,291.70984,278.00397,0.07791138,-1.0213623
2020-07-30 04:00:00,292.35297,279.27023,-0.100097656,-1.6088791
2020-07-30 05:00:00,293.27197,280.04193,-0.29335022,-1.8096447
2020-07-30 06:00:00,294.1246,280.78827,-0.20605469,-2.1496983
2020-07-30 07:00:00,294.85223,282.59122,-0.16906738,-2.3337908
2020-07-30 08:00:00,295.22018,283.20618,-0.26757812,-2.4183044
2020-07-30 09:00:00,295.39868,283.64044,-0.20654297,-2.3716583
2020-07-30 10:00:00,295.35165,283.96948,-0.16963196,-2.4393616
2020-07-30 11:00:00,294.9178,284.18945,-0.26011658,-2.286911
2020-07-30 12:00:00,294.4319,284.1781,-0.43629456,-1.9134216
2020-07-30 13:00:00,293.58182,284.30396,-0.36820984,-1.3860016
2020-07-30 14:00:00,292.24518,285.9788,-0.53601074,-0.572855
2020-07-30 15:00:00,291.5085,283.98654,-0.699234,0.9318886
2020-07-30 16:00:00,291.02765,283.4274,-0.4645691,1.2190561
2020-07-30 17:00:00,289.85617,283.08685,-0.473938,1.4241438
2020-07-30 18:00:00,287.69962,282.94458,-0.6260834,1.752779
2020-07-30 19:00:00,287.67462,283.18262,-0.6569824,1.7731838
2020-07-30 20:00:00,286.50793,283.13336,-0.64196205,1.9369202
2020-07-30 21:00:00,285.75873,282.97906,-0.6667328,2.0995636
2020-07-30 22:00:00,286.16107,283.43085,-0.5865326,2.2295074
2020-07-30 23:00:00,286.12408,283.54095,-0.5683899,2.2069855
2020-07-31 00:00:00,286.14847,283.59525,-0.7344513,2.2420502
2020-07-31 01:00:00,287.68488,285.0514,-0.3923645,1.7858734
2020-07-31 02:00:00,292.51263,285.88672,0.010543823,0.6615753
2020-07-31 03:00:00,294.04462,285.08954,0.7749939,-0.34825134
2020-07-31 04:00:00,294.53027,286.12643,1.4163208,-1.1754913
2020-07-31 05:00:00,294.25024,286.91522,1.4820862,-0.63946533
2020-07-31 06:00:00,294.4226,287.27637,1.5082092,-0.83400345
2020-07-31 07:00:00,293.7619,287.97922,0.28744507,-1.0558434
2020-07-31 08:00:00,293.0873,287.5444,0.89782715,-0.7132244
2020-07-31 09:00:00,294.10693,287.78632,0.8033905,-1.1007681
2020-07-31 10:00:00,293.56335,287.86517,0.59187317,-0.8125763
2020-07-31 11:00:00,292.98438,287.79178,1.0725708,-0.96746826
2020-07-31 12:00:00,292.3239,287.1823,1.0289764,-0.8134918
2020-07-31 13:00:00,291.57294,287.30432,1.0410919,-0.556839
2020-07-31 14:00:00,290.82428,287.91504,0.59265137,-0.23823547
2020-07-31 15:00:00,290.6646,287.05627,0.34817505,0.75019836
2020-07-31 16:00:00,289.81445,286.47485,-0.29486084,1.1300507
2020-07-31 17:00:00,290.55508,286.0994,-0.46305847,0.8921509
2020-07-31 18:00:00,288.79166,285.29114,-0.4872284,1.2103271
2020-07-31 19:00:00,289.47327,284.11365,-0.18395996,1.4371033
2020-07-31 20:00:00,287.79715,283.5183,-0.34817505,1.7358551
2020-07-31 21:00:00,286.80676,283.06323,-0.36026,1.8397675
2020-07-31 22:00:00,286.06897,282.79443,-0.3793335,1.9855804
2020-07-31 23:00:00,285.67163,282.67743,-0.5118561,2.096161
2020-08-01 00:00:00,285.26703,282.4512,-0.5927124,2.146103
2020-08-01 01:00:00,286.87372,284.08673,-0.52175903,1.8933897
2020-08-01 02:00:00,291.14093,287.0055,-0.0050811768,0.6517029
2020-08-01 03:00:00,293.28052,284.8157,0.4259491,-1.0837326
2020-08-01 04:00:00,293.6192,285.53183,0.499115,-1.3699045
2020-08-01 05:00:00,294.30103,286.2555,0.5755768,-1.743393
2020-08-01 06:00:00,294.71182,286.7667,0.4311676,-1.695343
2020-08-01 07:00:00,294.07343,287.72842,0.6832886,-1.5054321
2020-08-01 08:00:00,294.04132,287.93585,0.88842773,-0.92393494
2020-08-01 09:00:00,294.90106,288.39703,0.64367676,-1.5076294
2020-08-01 10:00:00,295.05344,288.2328,0.25836182,-0.9445648
2020-08-01 11:00:00,294.6346,287.8,0.61624146,-1.3960114
2020-08-01 12:00:00,294.2621,287.8367,0.6588135,-0.3594818
2020-08-01 13:00:00,293.96747,288.2864,0.50460815,-0.8939972
2020-08-01 14:00:00,292.9074,288.64282,-0.17346191,-0.7735443
2020-08-01 15:00:00,293.01556,287.3993,-0.5456238,0.3372345
2020-08-01 16:00:00,292.88666,286.98407,-0.19329834,0.9012604
2020-08-01 17:00:00,292.60367,286.60803,-0.04133606,1.0799255
2020-08-01 18:00:00,291.1504,286.06683,0.08981323,1.3245239
2020-08-01 19:00:00,288.5818,285.0277,-0.28082275,1.8577185
2020-08-01 20:00:00,288.08337,284.77716,-0.36227417,1.8515644
2020-08-01 21:00:00,286.97812,284.5136,-0.37442017,2.0781069
2020-08-01 22:00:00,286.92282,284.64703,-0.5850067,2.2363796
2020-08-01 23:00:00,286.86478,284.77917,-0.4264984,2.2264137
2020-08-02 00:00:00,285.81277,284.70355,-0.6752167,2.3143444
2020-08-02 01:00:00,286.55093,285.73346,-0.48712158,2.1736917
2020-08-02 02:00:00,288.6788,287.28677,-0.39674377,1.3617182
2020-08-02 03:00:00,290.71637,287.32324,0.5775604,-0.3100586
2020-08-02 04:00:00,289.80194,287.1385,0.7974243,-0.8103943
2020-08-02 05:00:00,290.11163,287.03992,0.9026184,-0.73506165
2020-08-02 06:00:00,290.93237,287.62976,0.75183105,-1.1526794
2020-08-02 07:00:00,292.73724,286.9605,1.4678345,-1.5597992
2020-08-02 08:00:00,291.87692,286.7306,1.5048828,-0.68014526
2020-08-02 09:00:00,291.89478,287.6681,1.6915283,-0.031280518
2020-08-02 10:00:00,291.69415,287.3266,1.6477327,-0.21585083
2020-08-02 11:00:00,292.24753,286.9151,1.4627724,-0.19430542
2020-08-02 12:00:00,292.1905,285.9451,1.3610106,0.29197693
2020-08-02 13:00:00,291.79645,285.822,1.2602129,-0.5166321
2020-08-02 14:00:00,291.20642,286.41058,0.629858,0.13798523
2020-08-02 15:00:00,291.02838,285.37845,0.028282166,0.52586365
2020-08-02 16:00:00,290.47815,284.99237,-0.16544437,0.97242737
2020-08-02 17:00:00,289.49878,284.4035,-0.23368835,1.1454926
2020-08-02 18:00:00,288.59244,283.92114,-0.33670235,1.2445679
2020-08-02 19:00:00,288.44922,284.10233,-0.3229618,1.2284241
2020-08-02 20:00:00,288.87488,284.12415,0.0465374,1.0535126
2020-08-02 21:00:00,285.22815,283.3921,0.06978035,1.6464233
2020-08-02 22:00:00,284.40756,282.95264,-0.025062561,1.8836365
2020-08-02 23:00:00,285.00433,282.9148,-0.15187359,1.5826569
2020-08-03 00:00:00,285.3162,282.92145,-0.063949585,1.3638306
2020-08-03 01:00:00,284.86115,283.66913,-0.27033997,1.8016357
2020-08-03 02:00:00,288.84872,287.10464,-0.016647339,0.88731384
2020-08-03 03:00:00,290.58173,285.18866,0.6060333,-0.27676392
2020-08-03 04:00:00,291.65088,286.04532,0.79634094,-1.1534119
2020-08-03 05:00:00,292.53558,286.64227,0.8115845,-1.3749237
2020-08-03 06:00:00,293.13602,287.14038,0.80114746,-1.4604645
2020-08-03 07:00:00,292.57687,285.75897,1.3810425,-0.38005066
2020-08-03 08:00:00,293.5249,285.77048,1.6105652,-1.2593384
2020-08-03 09:00:00,293.5874,285.3726,1.6833496,-0.69548035
2020-08-03 10:00:00,293.57556,284.9638,1.8335876,-0.37731934
2020-08-03 11:00:00,293.83844,284.07858,1.6683655,-0.6453247
2020-08-03 12:00:00,293.01953,283.6346,1.6237335,-1.8134155
2020-08-03 13:00:00,291.63495,284.27258,0.5067291,-0.79551697
2020-08-03 14:00:00,291.21524,283.94806,0.18585205,-0.16804504
2020-08-03 15:00:00,290.66113,283.86972,-0.15974426,0.60772705
2020-08-03 16:00:00,288.233,283.7194,-0.45181274,1.2801514
2020-08-03 17:00:00,285.8344,282.86395,-0.52627563,1.9176025
2020-08-03 18:00:00,285.26312,282.26544,-0.6687622,2.089447
2020-08-03 19:00:00,285.03964,282.14545,-0.75645447,2.2909088
2020-08-03 20:00:00,284.88666,281.9754,-0.8565216,2.2975159
2020-08-03 21:00:00,284.69867,281.6922,-0.9114075,2.2830963
2020-08-03 22:00:00,284.6527,281.54688,-0.9436798,2.4295654
2020-08-03 23:00:00,284.65662,281.4842,-0.88630676,2.42424
2020-08-04 00:00:00,284.6357,281.36572,-0.90930176,2.5153809
2020-08-04 01:00:00,285.9815,283.19592,-0.76135254,2.1981049
2020-08-04 02:00:00,290.2956,286.4659,-0.17974854,1.0417633
2020-08-04 03:00:00,293.19855,284.3736,0.5925293,-0.5663452
2020-08-04 04:00:00,294.00226,284.95874,0.98080444,-0.9852905
2020-08-04 05:00:00,294.59906,285.17975,1.3820801,-1.012619
2020-08-04 06:00:00,295.14886,284.97174,1.6183167,-0.901062
2020-08-04 07:00:00,295.22687,285.2213,1.3675537,-0.64508057
2020-08-04 08:00:00,295.72064,284.72467,1.723877,-0.83610535
2020-08-04 09:00:00,296.34186,285.04077,1.9274445,-0.9899597
2020-08-04 10:00:00,296.2763,284.56543,1.9773712,-1.1157379
2020-08-04 11:00:00,295.6308,285.15216,1.7960815,-0.15019226
2020-08-04 12:00:00,295.484,285.5652,1.5609741,0.0382843
2020-08-04 13:00:00,294.4631,288.41623,1.1971283,-0.07595825
2020-08-04 14:00:00,294.81012,285.0406,0.55459595,0.4099579
2020-08-04 15:00:00,291.62445,285.47296,-0.07972717,1.4720001
2020-08-04 16:00:00,288.92343,284.731,-0.3103485,2.1429138
2020-08-04 17:00:00,287.80084,283.85358,-0.5531769,2.557663
2020-08-04 18:00:00,287.141,283.078,-0.80656433,2.770874
2020-08-04 19:00:00,287.0028,281.42725,-1.0659027,3.0348969
2020-08-04 20:00:00,286.95163,281.0993,-1.0715942,2.949112
2020-08-04 21:00:00,286.8473,280.68423,-1.1499176,2.9946136
2020-08-04 22:00:00,286.7427,280.36426,-1.2409058,3.0032043
2020-08-04 23:00:00,286.72162,280.1181,-1.2526245,3.0222168
2020-08-05 00:00:00,286.64893,279.84607,-1.2732697,2.9965668
2020-08-05 01:00:00,287.80328,282.0869,-1.0597229,2.581604
2020-08-05 02:00:00,291.6772,286.1069,-0.53375244,1.0367737
2020-08-05 03:00:00,295.5605,282.20956,0.05821228,-0.6873932
2020-08-05 04:00:00,296.25787,283.08545,0.31089783,-1.3759155
2020-08-05 05:00:00,296.8144,283.7743,0.35780334,-1.6622925
2020-08-05 06:00:00,297.4113,284.23273,0.48590088,-1.8369389
2020-08-05 07:00:00,297.54803,284.7309,0.3708191,-1.523529
2020-08-05 08:00:00,297.48602,284.8156,0.60450745,-1.761261
2020-08-05 09:00:00,297.77444,284.87756,0.4225769,-1.3904419
2020-08-05 10:00:00,297.89706,284.66754,0.6864624,-1.4708691
2020-08-05 11:00:00,297.51486,284.45694,0.4940796,-1.2538967
2020-08-05 12:00:00,297.0686,285.08185,0.71473694,-0.6860609
2020-08-05 13:00:00,296.59116,284.5633,0.46673584,-0.08107376
2020-08-05 14:00:00,296.01874,284.4188,0.29942322,0.73433304
2020-08-05 15:00:00,291.7956,285.4264,-0.06976318,1.7435684
2020-08-05 16:00:00,290.11676,284.41037,-0.24110413,2.1112976
2020-08-05 17:00:00,288.75037,283.76743,-0.48332214,2.4307365
2020-08-05 18:00:00,288.00262,283.28613,-0.8694916,2.7509422
2020-08-05 19:00:00,287.84167,283.43414,-0.91056824,3.039177
2020-08-05 20:00:00,287.7096,282.5636,-0.96369934,2.969222
2020-08-05 21:00:00,287.60123,281.8445,-1.1297455,2.9977264
2020-08-05 22:00:00,287.49496,281.42358,-1.1699219,3.0155258
2020-08-05 23:00:00,287.46167,280.8723,-1.2085724,3.0147266
2020-08-06 00:00:00,287.3485,280.35858,-1.2555695,3.039813
2020-08-06 01:00:00,288.52386,282.4344,-1.07341,2.6466084
2020-08-06 02:00:00,291.78284,287.23743,-0.57951355,1.2043762
2020-08-06 03:00:00,296.23874,282.7177,-0.10835266,-0.5724621
2020-08-06 04:00:00,297.0138,283.28503,0.13369751,-1.2652073
2020-08-06 05:00:00,297.83282,284.02203,0.32348633,-1.6559029
2020-08-06 06:00:00,298.3072,284.57233,0.36610413,-1.8694239
2020-08-06 07:00:00,298.52786,284.22546,0.54585266,-1.7336731
2020-08-06 08:00:00,298.77808,284.1529,0.54055786,-1.7514343
2020-08-06 09:00:00,298.99863,284.2436,0.4768219,-1.858902
2020-08-06 10:00:00,298.94116,284.0425,0.4198761,-1.6506195
2020-08-06 11:00:00,298.68542,283.91144,0.3921051,-1.4978638
2020-08-06 12:00:00,298.2472,284.34317,0.38697815,-1.0702362
2020-08-06 13:00:00,297.925,282.75623,0.38160706,0.053878784
2020-08-06 14:00:00,296.96393,283.03757,0.018096924,0.3959961
2020-08-06 15:00:00,291.6637,284.23157,-0.5054321,1.8405056
2020-08-06 16:00:00,290.1934,283.33444,-0.7512207,2.4576197
2020-08-06 17:00:00,289.3092,282.83453,-0.9499817,2.7926245
2020-08-06 18:00:00,288.833,282.31134,-1.0570374,2.9412222
2020-08-06 19:00:00,288.9198,280.51788,-1.0968323,3.078289
2020-08-06 20:00:00,288.58063,280.4115,-1.1423492,3.1228733
2020-08-06 21:00:00,288.63885,280.1646,-1.1425629,3.0984926
2020-08-06 22:00:00,288.58746,279.7763,-1.1687164,3.0072098
2020-08-06 23:00:00,288.4544,279.49036,-1.2029572,2.9888115
2020-08-07 00:00:00,288.20203,279.14014,-1.2456818,2.9981804
2020-08-07 01:00:00,288.82343,281.3263,-1.0731659,2.7261372
2020-08-07 02:00:00,292.2527,287.2569,-0.47906494,1.2759647
2020-08-07 03:00:00,296.72546,281.2029,0.33328247,-0.79596996
2020-08-07 04:00:00,297.1472,282.9884,0.5899353,-1.316369
2020-08-07 05:00:00,297.76245,284.29718,0.60713196,-1.6041889
2020-08-07 06:00:00,298.38458,285.37842,0.61242676,-1.8013725
2020-08-07 07:00:00,298.72232,286.703,0.77963257,-1.8682089
2020-08-07 08:00:00,298.54584,286.80673,0.8831482,-1.6203175
2020-08-07 09:00:00,299.01843,287.12592,0.8957672,-1.7093506
2020-08-07 10:00:00,299.08148,286.62122,0.82792664,-1.5866776
2020-08-07 11:00:00,298.80566,285.98083,0.83439636,-1.3143368
2020-08-07 12:00:00,298.4969,285.74863,0.5501404,-1.1499004
2020-08-07 13:00:00,296.94635,290.37814,0.35539246,-0.7662239
2020-08-07 14:00:00,297.42944,284.4613,0.45298767,-0.42234612
2020-08-07 15:00:00,296.7306,283.971,-0.32289124,0.38903427
2020-08-07 16:00:00,295.21387,284.0593,-0.12452698,1.3220625
2020-08-07 17:00:00,292.47208,284.46393,-0.16474915,1.6811371
2020-08-07 18:00:00,289.5424,284.54926,-0.4330902,2.1705923
2020-08-07 19:00:00,288.44806,283.99048,-0.5035553,2.6002493
2020-08-07 20:00:00,287.9458,283.83255,-0.66308594,2.7221413
2020-08-07 21:00:00,287.87598,283.61243,-0.9166565,2.8395615
2020-08-07 22:00:00,288.04257,283.30243,-0.9799347,2.8194294
2020-08-07 23:00:00,287.9884,282.756,-0.9709778,2.8215437
2020-08-08 00:00:00,287.98395,282.50623,-0.9120331,2.7936249
2020-08-08 01:00:00,288.8743,284.34076,-0.81329346,2.3981018
2020-08-08 02:00:00,293.4845,287.46075,-0.23327637,0.94119644
2020-08-08 03:00:00,296.03177,285.70148,0.8702545,-0.22530746
2020-08-08 04:00:00,296.75287,286.82135,1.5120239,-0.3450985
2020-08-08 05:00:00,296.66412,287.15195,1.4290924,-0.33377838
2020-08-08 06:00:00,297.6597,287.37097,1.4162598,-1.4496593
2020-08-08 07:00:00,296.3968,287.3011,1.9820099,0.3763237
2020-08-08 08:00:00,296.59802,287.35547,2.050888,0.19420242
2020-08-08 09:00:00,297.4676,286.59036,1.9058685,-0.6306162
2020-08-08 10:00:00,297.41016,286.2968,1.5145721,-0.9056759
2020-08-08 11:00:00,297.14487,286.25726,1.0967255,-0.7181225
2020-08-08 12:00:00,297.01193,286.51968,0.6119995,-0.7087202
2020-08-08 13:00:00,295.74747,290.67056,0.711853,0.2770424
2020-08-08 14:00:00,293.8661,287.74707,-0.018112183,1.551487
2020-08-08 15:00:00,291.36234,286.63895,-0.4061737,2.0880585
2020-08-08 16:00:00,289.93155,285.84668,-0.52104187,2.3940792
2020-08-08 17:00:00,289.41562,285.06873,-0.76527405,2.563139
2020-08-08 18:00:00,289.39575,284.63593,-0.8275757,2.5678072
2020-08-08 19:00:00,289.33496,283.8767,-0.47460938,2.2781982
2020-08-08 20:00:00,289.71692,283.15933,-0.17294312,1.9234772
2020-08-08 21:00:00,290.74902,282.7276,0.48376465,1.4813232
2020-08-08 22:00:00,289.02435,284.73328,0.5123749,1.6573486
2020-08-08 23:00:00,288.1773,286.15576,0.38728333,1.4994507
2020-08-09 00:00:00,288.00906,286.39258,-0.45547485,1.5405273
2020-08-09 01:00:00,288.21606,286.89383,-0.4577484,1.6178436
2020-08-09 02:00:00,291.01257,289.14343,0.20645142,0.7646942
2020-08-09 03:00:00,293.70016,287.7978,1.4753876,-0.6664429
2020-08-09 04:00:00,293.2041,287.5929,1.5978699,-0.49617004
2020-08-09 05:00:00,292.91937,287.2094,1.7391357,-0.81222534
2020-08-09 06:00:00,292.79492,287.1369,1.7113342,-0.40667725
2020-08-09 07:00:00,294.18976,286.2981,1.7539978,-0.52838135
2020-08-09 08:00:00,294.48398,286.4052,1.3147278,-1.0834808
2020-08-09 09:00:00,295.57468,286.37048,1.2415009,-1.2863464
2020-08-09 10:00:00,295.60956,285.10156,1.2086487,-0.7962799
2020-08-09 11:00:00,295.86148,284.49927,1.0285645,-1.5117798
2020-08-09 12:00:00,294.79022,284.3531,0.7742157,-1.6946564
2020-08-09 13:00:00,293.5802,285.58066,0.79203796,-0.97950745
2020-08-09 14:00:00,293.34555,283.489,0.72972107,0.124816895
2020-08-09 15:00:00,291.87488,283.8929,0.11187744,1.125885
2020-08-09 16:00:00,290.12115,283.70352,0.062698364,1.5138092
2020-08-09 17:00:00,289.59918,283.33984,-0.012863159,1.5744019
2020-08-09 18:00:00,288.55054,282.8982,-0.20429993,1.7960205
2020-08-09 19:00:00,286.83337,282.88193,-0.46876526,2.088852
2020-08-09 20:00:00,285.98166,282.48428,-0.6014252,2.4489746
2020-08-09 21:00:00,285.80258,281.9663,-0.8785553,2.823349
2020-08-09 22:00:00,285.79306,281.42517,-0.99635315,2.9343262
2020-08-09 23:00:00,285.9698,281.02942,-1.0071564,2.9024658
2020-08-10 00:00:00,286.0066,280.76123,-1.0225372,2.9057922
2020-08-10 01:00:00,287.12695,282.38824,-0.86216736,2.5824585
2020-08-10 02:00:00,291.81213,284.4807,-0.17100525,0.8471527
2020-08-10 03:00:00,294.39642,282.42474,0.9222412,-0.5096588
2020-08-10 04:00:00,295.00482,282.42432,1.3634491,-1.0474243
2020-08-10 05:00:00,295.60022,282.39423,1.4623871,-1.4740448
2020-08-10 06:00:00,295.86285,282.3935,1.4309235,-1.5023041
2020-08-10 07:00:00,296.37668,282.38022,1.6540985,-1.3845406
2020-08-10 08:00:00,296.43866,282.4931,1.6519775,-1.1995258
2020-08-10 09:00:00,296.57214,282.60556,1.599472,-1.2016277
2020-08-10 10:00:00,296.50146,282.85718,1.420517,-1.0373812
2020-08-10 11:00:00,296.16367,283.02972,1.3417969,-0.7771549
2020-08-10 12:00:00,296.0652,283.35602,1.1000671,-0.5192318
2020-08-10 13:00:00,294.88107,288.19012,0.82429504,-0.6393347
2020-08-10 14:00:00,294.8172,282.5551,0.29823303,0.5909519
2020-08-10 15:00:00,291.36322,283.52832,-0.24899292,1.5018148
2020-08-10 16:00:00,289.53354,283.47723,-0.4004364,1.9210644
2020-08-10 17:00:00,288.1078,282.9957,-0.44796753,2.2236385
2020-08-10 18:00:00,287.03625,282.4925,-0.66711426,2.5933952
2020-08-10 19:00:00,286.86716,281.86755,-0.8929596,2.778489
2020-08-10 20:00:00,286.85242,281.30798,-0.84498596,2.6568556
2020-08-10 21:00:00,286.9245,281.1761,-0.9189453,2.7774734
2020-08-10 22:00:00,286.7462,281.12024,-1.0271149,2.8373642
2020-08-10 23:00:00,286.74872,281.02173,-1.0515442,2.925211
2020-08-11 00:00:00,286.73038,281.09393,-1.087204,3.0188637
2020-08-11 01:00:00,287.5083,282.66602,-0.98620605,2.7953892
2020-08-11 02:00:00,290.8111,286.70016,-0.36146545,1.3995056
2020-08-11 03:00:00,295.19147,281.8707,0.46932983,0.023809433
2020-08-11 04:00:00,295.73724,282.84473,0.7104187,-1.211278
2020-08-11 05:00:00,296.1517,283.54718,0.680954,-1.5879211
2020-08-11 06:00:00,296.4029,284.2353,0.4915924,-1.2688293
2020-08-11 07:00:00,296.48596,283.3704,1.9281311,-0.3697052
2020-08-11 08:00:00,296.49976,283.39957,2.187683,-0.9363556
2020-08-11 09:00:00,295.53015,283.72043,2.362503,-0.68670654
2020-08-11 10:00:00,295.98053,283.576,1.3403778,-0.18434143
2020-08-11 11:00:00,296.4151,283.0799,1.4292908,-0.8824587
2020-08-11 12:00:00,295.8401,282.24866,1.0912476,-1.9959869
2020-08-11 13:00:00,293.97537,282.1314,1.339447,-1.1690826
2020-08-11 14:00:00,292.24557,285.4062,0.48640442,0.7516632
2020-08-11 15:00:00,292.83716,283.10535,0.14949036,0.6765747
2020-08-11 16:00:00,292.44986,283.26605,0.3337555,0.6140442
2020-08-11 17:00:00,290.82034,283.7875,0.46754456,0.9906006
2020-08-11 18:00:00,288.7343,284.54242,0.077194214,1.3946686
2020-08-11 19:00:00,287.9498,283.22687,0.16644287,1.6284332
2020-08-11 20:00:00,286.18982,283.78094,-0.31506348,1.913681
2020-08-11 21:00:00,285.27167,283.41916,-0.73179626,2.1794891
2020-08-11 22:00:00,284.72107,283.05682,-0.9353943,2.4633026
2020-08-11 23:00:00,284.37912,282.68643,-0.9336395,2.507309
2020-08-12 00:00:00,284.41327,282.36032,-0.9477234,2.6193848
2020-08-12 01:00:00,286.2885,283.3183,-0.792511,2.3952484
2020-08-12 02:00:00,290.28424,285.7207,-0.2796631,0.88256836
2020-08-12 03:00:00,293.3527,282.86902,0.08590698,-0.77523804
2020-08-12 04:00:00,294.06732,283.58423,0.205307,-1.3027649
2020-08-12 05:00:00,294.62012,284.21164,0.3425598,-1.5882416
2020-08-12 06:00:00,294.93912,284.90826,0.7016754,-1.6879425
2020-08-12 07:00:00,294.17194,286.1621,1.2655029,-0.09666443
2020-08-12 08:00:00,295.13843,286.0305,1.6302185,-0.7442169
2020-08-12 09:00:00,295.74847,285.37988,2.0090027,-1.1593323
2020-08-12 10:00:00,295.47687,284.31006,2.1394806,-0.3587036
2020-08-12 11:00:00,295.2437,283.2727,1.9705658,-0.115982056
2020-08-12 12:00:00,295.05814,282.59357,1.7869415,-0.23649597
2020-08-12 13:00:00,293.90005,285.53094,1.1366425,-0.14790344
2020-08-12 14:00:00,291.62396,283.9755,0.005432129,1.323822
2020-08-12 15:00:00,289.75604,283.0652,-0.3645172,1.798523
2020-08-12 16:00:00,288.7019,282.46854,-0.37828064,1.9143829
2020-08-12 17:00:00,288.7102,280.7589,-0.2755432,1.7467346
2020-08-12 18:00:00,289.55658,279.0794,-0.11087036,1.5513763
2020-08-12 19:00:00,288.28268,278.43903,-0.02558899,1.8372345
2020-08-12 20:00:00,288.3824,277.93015,0.07687378,1.7503557
2020-08-12 21:00:00,287.26166,278.92084,-0.2287445,1.9176798
2020-08-12 22:00:00,286.54224,279.11884,-0.57618713,2.230175
2020-08-12 23:00:00,286.27814,279.64456,-0.59062195,2.1815205
2020-08-13 00:00:00,286.13824,280.16907,-0.68400574,2.220561
2020-08-13 01:00:00,286.74316,281.58527,-0.79981995,2.0988178
2020-08-13 02:00:00,290.10913,283.6784,-0.42326355,0.87219524
2020-08-13 03:00:00,292.69177,279.98578,-0.11581421,-1.0820637
2020-08-13 04:00:00,293.40063,280.9359,0.17285156,-1.592701
2020-08-13 05:00:00,293.94687,281.6902,0.4142151,-1.9657135
2020-08-13 06:00:00,293.6731,282.04016,0.76623535,-2.1793118
2020-08-13 07:00:00,292.58453,283.05603,1.0854492,-0.70173645
2020-08-13 08:00:00,291.4709,283.61014,0.96559143,-0.28753757
2020-08-13 09:00:00,291.6889,282.97083,0.7571106,-0.45587158
2020-08-13 10:00:00,291.1131,283.28244,1.1964264,-1.5372772
2020-08-13 11:00:00,289.36664,282.8783,1.3921661,-1.4104156
2020-08-13 12:00:00,287.2459,285.42838,0.6835022,-1.2412415
2020-08-13 13:00:00,287.01538,285.74704,-0.16786194,-0.62213135
2020-08-13 14:00:00,286.8473,284.48804,-0.33636475,0.5257721
2020-08-13 15:00:00,286.85153,283.7158,-0.0896759,0.7921448
2020-08-13 16:00:00,286.31934,283.37112,0.060455322,1.0245514
2020-08-13 17:00:00,285.90396,283.47778,0.30111694,1.1527042
2020-08-13 18:00:00,285.05426,282.96542,0.05757141,1.4212646
2020-08-13 19:00:00,284.34802,281.7967,-0.09811401,1.6412354
2020-08-13 20:00:00,283.12766,280.9115,-0.15409851,1.9425659
2020-08-13 21:00:00,282.40088,280.19937,-0.22212219,2.126419
2020-08-13 22:00:00,281.58032,279.37054,-0.3998413,2.2885895
2020-08-13 23:00:00,280.5155,278.40027,-0.6220398,2.4902954
2020-08-14 00:00:00,279.8484,277.69934,-0.8283386,2.7139893
2020-08-14 01:00:00,281.02704,278.8348,-0.7839813,2.5565948
2020-08-14 02:00:00,287.9641,283.38864,-0.15054321,1.0435791
2020-08-14 03:00:00,291.16974,278.3618,0.73539734,-0.48146057
2020-08-14 04:00:00,291.927,279.16367,0.9980011,-1.1003113
2020-08-14 05:00:00,292.77264,280.0365,1.1062317,-1.4593811
2020-08-14 06:00:00,293.50772,280.51657,1.3020782,-1.6845703
2020-08-14 07:00:00,293.8044,280.81653,1.7748108,-1.413681
2020-08-14 08:00:00,294.2428,280.49823,1.9714813,-1.2383423
2020-08-14 09:00:00,294.67896,280.32825,1.9523468,-1.32724
2020-08-14 10:00:00,294.6743,280.13733,1.7214966,-1.4160461
2020-08-14 11:00:00,294.48926,279.8542,1.3175812,-1.3350983
2020-08-14 12:00:00,293.93893,279.8792,0.90730286,-1.052185
2020-08-14 13:00:00,292.7188,285.11108,0.39768982,-0.7333679
2020-08-14 14:00:00,292.4543,279.36926,-0.14216614,0.33055115
2020-08-14 15:00:00,287.47644,280.46582,-0.45573425,1.7398071
2020-08-14 16:00:00,285.80292,279.0169,-0.6714325,2.277359
2020-08-14 17:00:00,284.5935,277.97925,-0.8315735,2.6184235
2020-08-14 18:00:00,284.0898,277.08746,-0.95173645,2.8529053
2020-08-14 19:00:00,284.06796,275.48367,-1.1782532,3.0880432
2020-08-14 20:00:00,284.1682,275.02222,-1.2244568,3.074463
2020-08-14 21:00:00,284.15515,274.8451,-1.2753868,3.1032257
2020-08-14 22:00:00,284.14957,274.75647,-1.2825451,3.091858
2020-08-14 23:00:00,284.03613,274.4673,-1.2896423,3.077057
2020-08-15 00:00:00,283.9383,273.96225,-1.3010168,3.0621796
2020-08-15 01:00:00,284.9258,276.54587,-1.1509094,2.7894592
2020-08-15 02:00:00,288.34583,282.87976,-0.64041424,1.4851837
2020-08-15 03:00:00,293.66772,275.77472,0.11030102,-0.41539
2020-08-15 04:00:00,294.45682,277.24548,0.43706608,-1.2472687
2020-08-15 05:00:00,295.1706,278.61334,0.46403217,-1.684845
2020-08-15 06:00:00,295.6927,279.66144,0.41978168,-1.8818512
2020-08-15 07:00:00,296.2425,281.33798,0.8552551,-1.7726593
2020-08-15 08:00:00,296.3222,281.80997,0.62583923,-1.6631165
2020-08-15 09:00:00,296.63663,280.75015,1.2860718,-1.536438
2020-08-15 10:00:00,296.61298,280.9807,0.9788971,-1.618948
2020-08-15 11:00:00,296.44598,280.86853,0.53941345,-1.7742977
2020-08-15 12:00:00,295.6919,281.19653,0.26567078,-1.1785746
2020-08-15 13:00:00,294.27576,286.45023,-0.13116455,-0.83384705
2020-08-15 14:00:00,294.27264,280.16187,-0.5122528,0.6162052
2020-08-15 15:00:00,289.16327,281.57855,-0.6292114,1.943079
2020-08-15 16:00:00,287.40222,280.71796,-0.8072052,2.4777727
2020-08-15 17:00:00,286.65662,280.13342,-0.9378967,2.816698
2020-08-15 18:00:00,286.48608,280.15854,-1.0778961,3.032648
2020-08-15 19:00:00,286.65494,279.5351,-1.185379,3.2279778
2020-08-15 20:00:00,286.50275,279.302,-1.2395935,3.2708511
2020-08-15 21:00:00,286.5674,278.93588,-1.2792664,3.2536392
2020-08-15 22:00:00,286.68524,278.54443,-1.269989,3.1162987
2020-08-15 23:00:00,286.7296,278.40527,-1.2900696,3.041645
2020-08-16 00:00:00,286.5318,278.33337,-1.3156586,3.0346146
2020-08-16 01:00:00,287.45908,280.22247,-1.1808014,2.770441
2020-08-16 02:00:00,290.32104,285.10577,-0.7148895,1.7204056
2020-08-16 03:00:00,295.43692,281.21454,0.16825867,-0.2573986
2020-08-16 04:00:00,296.30945,282.36887,0.64772034,-1.1654005
2020-08-16 05:00:00,296.96814,283.6623,0.6178894,-1.297492
2020-08-16 06:00:00,297.71536,284.385,0.8128052,-1.3593931
2020-08-16 07:00:00,298.3448,284.3889,1.259613,-1.2304764
2020-08-16 08:00:00,298.8567,283.6584,2.0452576,-1.3675127
2020-08-16 09:00:00,298.5882,283.9558,1.5666504,-0.9067917
2020-08-16 10:00:00,298.67712,284.59027,1.654892,-1.3857269
2020-08-16 11:00:00,298.13132,284.7064,1.7595978,-0.7125435
2020-08-16 12:00:00,297.31537,285.39542,1.4766388,0.15968609
2020-08-16 13:00:00,295.50638,289.3696,0.9367676,0.51782227
2020-08-16 14:00:00,294.50854,286.57983,0.7420349,0.79636574
2020-08-16 15:00:00,293.8452,285.00864,0.7984619,0.79164314
2020-08-16 16:00:00,293.83218,284.2257,0.17982483,0.9766979
2020-08-16 17:00:00,293.64914,284.13568,0.12727356,0.7106819
2020-08-16 18:00:00,290.27368,285.37173,-0.58631897,1.5802526
2020-08-16 19:00:00,289.35825,284.48273,-0.9209595,2.5473318
2020-08-16 20:00:00,289.26904,284.36176,-0.72654724,2.4447117
2020-08-16 21:00:00,288.60034,283.4141,-0.6582794,2.2823696
2020-08-16 22:00:00,288.33197,282.99966,-0.84973145,2.457138
2020-08-16 23:00:00,288.33453,283.09808,-0.85731506,2.6152344
2020-08-17 00:00:00,288.3081,282.96637,-0.84236145,2.6075592
2020-08-17 01:00:00,288.74985,284.32343,-0.7368164,2.2550354
2020-08-17 02:00:00,291.399,287.34543,-0.35379028,1.2622833
2020-08-17 03:00:00,295.6626,282.86792,0.010528564,0.036468506
2020-08-17 04:00:00,296.3561,283.68402,0.32815552,-1.1404419
2020-08-17 05:00:00,296.92957,284.25836,0.5191345,-1.4186401
2020-08-17 06:00:00,297.14175,284.6527,0.71022034,-1.0357819
2020-08-17 07:00:00,297.48895,283.9741,0.19786072,-1.5982056
2020-08-17 08:00:00,298.01288,283.92957,0.050598145,-1.3046112
2020-08-17 09:00:00,298.69934,284.0068,0.29681396,-1.6435089
2020-08-17 10:00:00,298.6115,283.93542,-0.11903381,-1.7725983
2020-08-17 11:00:00,298.33783,283.82904,-0.15504456,-1.7099676
2020-08-17 12:00:00,297.51602,283.9956,-0.26635742,-1.1559935
2020-08-17 13:00:00,297.08734,283.1205,-0.24275208,0.22965813
2020-08-17 14:00:00,296.3917,283.93777,-0.124298096,0.59132767
2020-08-17 15:00:00,292.62244,286.51996,0.014190674,1.4341898
2020-08-17 16:00:00,290.6443,288.17682,-0.2341919,2.0582542
2020-08-17 17:00:00,290.1743,288.10297,-0.3848114,2.1229563
2020-08-17 18:00:00,289.77878,287.72015,-0.34584045,2.0853815
2020-08-17 19:00:00,288.7187,287.04443,-0.8467865,2.543397
2020-08-17 20:00:00,288.36902,286.50085,-0.7276459,2.3784447
2020-08-17 21:00:00,287.65558,285.7142,-0.5280762,2.3955975
2020-08-17 22:00:00,287.3305,285.5442,-0.23831177,2.3116875
2020-08-17 23:00:00,287.50616,285.23438,0.18612671,1.9803982
2020-08-18 00:00:00,288.63602,285.23602,0.64733887,1.3907976
2020-08-18 01:00:00,289.05322,285.61655,0.69348145,0.8192215
2020-08-18 02:00:00,288.9603,286.77194,0.85435486,-0.7219305
2020-08-18 03:00:00,288.82098,287.07336,0.7628937,-1.4705153
2020-08-18 04:00:00,288.0479,287.44287,0.6261749,-1.3258667
2020-08-18 05:00:00,288.04205,287.49594,0.8818207,-1.7226381
2020-08-18 06:00:00,287.40958,286.96542,1.0333862,-1.4624538
2020-08-18 07:00:00,286.90802,286.2483,1.0751343,0.08805466
2020-08-18 08:00:00,287.02905,286.0313,1.4461823,-0.13560867
2020-08-18 09:00:00,286.883,285.6927,1.2423248,0.17092323
2020-08-18 10:00:00,286.76855,285.34894,1.1945496,0.6129923
2020-08-18 11:00:00,288.22015,283.6662,1.3833771,0.4225998
2020-08-18 12:00:00,288.75284,283.34186,1.1604156,0.095835686
2020-08-18 13:00:00,288.5666,283.95865,0.6919861,-0.025100708
2020-08-18 14:00:00,288.61722,282.774,0.23118591,0.5568085
2020-08-18 15:00:00,287.4599,282.52264,0.0023651123,1.1004791
2020-08-18 16:00:00,286.6048,281.88794,-0.20664978,1.3308868
2020-08-18 17:00:00,287.54736,280.84344,-0.19645691,1.219162
2020-08-18 18:00:00,288.13513,279.5346,-0.3037262,1.1480865
2020-08-18 19:00:00,282.72223,278.92072,-0.7984314,2.4713812
2020-08-18 20:00:00,282.67072,279.115,-0.9036865,2.6287975
2020-08-18 21:00:00,283.23212,278.7179,-0.9858551,2.5433226
2020-08-18 22:00:00,283.56723,278.09576,-0.9784088,2.3898811
2020-08-18 23:00:00,283.38324,277.2642,-0.996521,2.3434286
2020-08-19 00:00:00,283.20374,276.42953,-0.954422,2.2878695
2020-08-19 01:00:00,283.5755,278.49365,-0.8239746,2.0537891
2020-08-19 02:00:00,287.5705,280.1637,-0.46536255,0.74158764
2020-08-19 03:00:00,289.88202,278.09204,-0.32173157,-0.7957592
2020-08-19 04:00:00,290.52274,279.9955,-0.1893158,-1.3924036
2020-08-19 05:00:00,291.2853,281.68884,-0.2539215,-1.9052439
2020-08-19 06:00:00,291.72498,282.50436,-0.18502808,-2.038065
2020-08-19 07:00:00,291.57614,282.45856,0.57354736,-1.742446
2020-08-19 08:00:00,291.78375,282.98657,0.5699158,-1.7428026
2020-08-19 09:00:00,291.9938,283.20355,0.57373047,-1.5024538
2020-08-19 10:00:00,292.05475,283.21716,0.6512909,-1.3514948
2020-08-19 11:00:00,292.01776,282.84442,0.6372528,-1.3497572
2020-08-19 12:00:00,291.48184,282.44394,0.47787476,-1.0795412
2020-08-19 13:00:00,290.64725,282.6006,0.31100464,-0.5460434
2020-08-19 14:00:00,289.4193,283.6619,0.10305786,0.7623806
2020-08-19 15:00:00,286.89246,283.13562,-0.3371277,1.7455053
2020-08-19 16:00:00,286.27805,282.6008,-0.5561218,2.1561136
2020-08-19 17:00:00,285.4132,281.92432,-0.78855896,2.5276642
2020-08-19 18:00:00,284.6949,281.21216,-0.9359436,2.7053833
2020-08-19 19:00:00,285.36658,281.4262,-0.6302643,2.2646027
2020-08-19 20:00:00,284.1808,280.85638,-0.7325134,2.2098436
2020-08-19 21:00:00,283.61298,280.31027,-0.8360596,2.3375416
2020-08-19 22:00:00,283.15637,279.76837,-0.89160156,2.3922234
2020-08-19 23:00:00,282.8279,279.28406,-0.906662,2.2653637
2020-08-20 00:00:00,282.67825,278.90778,-0.88731384,2.2679844
2020-08-20 01:00:00,283.14008,279.42603,-0.7918701,2.220356
2020-08-20 02:00:00,288.01385,281.81055,-0.19267273,1.1163111
2020-08-20 03:00:00,291.51035,278.39984,0.20471191,-0.72909546
2020-08-20 04:00:00,292.2027,279.7117,0.28630066,-1.468998
2020-08-20 05:00:00,292.6685,280.96225,0.16552734,-1.6478424
2020-08-20 06:00:00,293.2574,281.74527,0.093185425,-1.8995371
2020-08-20 07:00:00,293.48505,283.04132,0.641098,-1.6233959
2020-08-20 08:00:00,293.6772,283.44495,0.7845154,-1.5174141
2020-08-20 09:00:00,293.78864,282.68756,0.696167,-1.471529
2020-08-20 10:00:00,293.59064,282.75122,0.7811737,-1.3007555
2020-08-20 11:00:00,293.46362,282.81967,1.0883179,-1.1410198
2020-08-20 12:00:00,292.54163,283.0146,1.3525238,-0.4740982
2020-08-20 13:00:00,291.5376,285.3335,0.7435303,0.25440788
2020-08-20 14:00:00,290.99734,282.83905,-0.11479187,0.6265774
2020-08-20 15:00:00,287.71567,283.625,-0.30807495,1.5986061
2020-08-20 16:00:00,286.50537,282.8075,-0.18896484,1.866684
2020-08-20 17:00:00,286.3858,281.8463,0.037246704,1.7991743
2020-08-20 18:00:00,285.72852,281.23694,0.026779175,1.9361506
2020-08-20 19:00:00,285.30627,280.5822,-0.3572693,2.2046452
2020-08-20 20:00:00,284.6739,280.21835,-0.60939026,2.3020182
2020-08-20 21:00:00,284.05087,279.61044,-0.80947876,2.6076384
2020-08-20 22:00:00,284.13916,279.37305,-0.75061035,2.5482903
2020-08-20 23:00:00,284.01224,278.98975,-0.667572,2.5197887
2020-08-21 00:00:00,283.60004,278.64355,-0.57777405,2.5043287
2020-08-21 01:00:00,284.04492,279.98715,-0.59043884,2.301258
2020-08-21 02:00:00,288.87823,282.57928,-0.1359253,1.0189714
2020-08-21 03:00:00,291.51477,280.99457,1.0567627,-0.29404163
2020-08-21 04:00:00,292.13678,282.3463,1.5146179,-0.96008587
2020-08-21 05:00:00,291.66818,283.10376,1.8903351,-0.7922058
2020-08-21 06:00:00,292.09024,283.4736,2.3687897,-0.4872589
2020-08-21 07:00:00,291.9631,282.82596,2.045868,-0.65605736
2020-08-21 08:00:00,292.5943,282.4358,1.9243469,-0.41317463
2020-08-21 09:00:00,293.0951,281.59747,1.9440002,-0.6274719
2020-08-21 10:00:00,293.12613,280.92523,1.9990387,-0.8249359
2020-08-21 11:00:00,292.80798,280.36444,1.803772,-0.51934814
2020-08-21 12:00:00,292.22522,280.22983,1.6266022,-0.108716965
2020-08-21 13:00:00,290.90662,284.18784,0.8824158,-0.15272808
2020-08-21 14:00:00,289.67682,280.79236,-0.2754364,0.9161043
2020-08-21 15:00:00,286.60452,280.86484,-0.60905457,2.0815907
2020-08-21 16:00:00,285.17487,280.37372,-0.7579956,2.5472164
2020-08-21 17:00:00,284.50897,280.1125,-0.90737915,2.7075853
2020-08-21 18:00:00,284.52734,279.79944,-0.9820099,2.714528
2020-08-21 19:00:00,284.23053,278.52902,-1.0767975,3.0348206
2020-08-21 20:00:00,284.24667,278.37982,-1.1054077,2.972351
2020-08-21 21:00:00,284.20117,278.1671,-1.1531372,3.0469913
2020-08-21 22:00:00,284.20758,277.99823,-1.1789398,3.0769863
2020-08-21 23:00:00,284.19803,277.8666,-1.1886139,3.1219625
2020-08-22 00:00:00,284.20294,277.99387,-1.1928406,3.1587067
2020-08-22 01:00:00,285.2343,279.47314,-1.0556793,2.8907776
2020-08-22 02:00:00,288.01025,283.00467,-0.6405945,1.8769741
2020-08-22 03:00:00,292.64777,281.0198,-0.17132568,-0.41721344
2020-08-22 04:00:00,293.7077,281.43805,0.07116699,-1.3845215
2020-08-22 05:00:00,294.2622,282.7134,0.10694885,-1.53125
2020-08-22 06:00:00,295.06757,283.8352,0.27931213,-1.67836
2020-08-22 07:00:00,295.58258,284.27682,0.55558777,-1.558609
2020-08-22 08:00:00,295.88702,283.23325,0.8684845,-1.3394012
2020-08-22 09:00:00,295.93933,283.6447,0.418396,-1.7001343
2020-08-22 10:00:00,296.0537,284.3062,0.4287567,-1.7863922
2020-08-22 11:00:00,295.7427,284.64178,0.14672852,-1.5923767
2020-08-22 12:00:00,295.08737,284.99554,0.14834595,-1.2422638
2020-08-22 13:00:00,293.82855,287.70892,-0.07243347,-0.49145508
2020-08-22 14:00:00,291.43744,286.36484,-0.4406433,1.327652
2020-08-22 15:00:00,289.6832,284.83337,-0.5286865,1.8121185
2020-08-22 16:00:00,288.37384,283.88275,-0.64416504,2.2400665
2020-08-22 17:00:00,287.34,283.1473,-0.82618713,2.5612183
2020-08-22 18:00:00,286.7959,282.65494,-0.89424133,2.670166
2020-08-22 19:00:00,286.617,282.2594,-0.97584534,2.9981232
2020-08-22 20:00:00,286.68918,281.9397,-0.95339966,2.9322357
2020-08-22 21:00:00,286.71307,281.70508,-0.98550415,2.9847107
2020-08-22 22:00:00,286.71866,281.43518,-0.98179626,2.9392853
2020-08-22 23:00:00,286.64145,281.185,-0.96684265,2.8819733
2020-08-23 00:00:00,286.60138,281.0133,-1.0194244,2.876999
2020-08-23 01:00:00,287.1058,282.04636,-0.92640686,2.7126465
2020-08-23 02:00:00,289.74585,286.38007,-0.48088074,1.528183
2020-08-23 03:00:00,294.61047,283.05478,0.47151184,-0.5597229
2020-08-23 04:00:00,295.1917,284.1931,0.967041,-1.3093109
2020-08-23 05:00:00,295.70685,285.42145,1.0493469,-1.6120758
2020-08-23 06:00:00,296.1437,286.45447,0.9581299,-1.8042908
2020-08-23 07:00:00,296.26645,285.51144,1.4809875,-1.3757477
2020-08-23 08:00:00,296.75122,285.74933,1.3945007,-1.6372986
2020-08-23 09:00:00,297.07513,285.7533,1.1228638,-1.7094574
2020-08-23 10:00:00,296.82196,285.46396,0.9685211,-1.4587708
2020-08-23 11:00:00,296.61646,285.1699,1.007904,-1.3466034
2020-08-23 12:00:00,296.13672,285.1096,0.47683716,-0.9867859
2020-08-23 13:00:00,295.67325,284.4394,-0.020904541,-0.22062683
2020-08-23 14:00:00,293.4572,285.4162,-0.33618164,1.0888672
2020-08-23 15:00:00,291.94373,284.64178,-0.5695343,1.585083
2020-08-23 16:00:00,290.42996,284.22772,-0.5563965,1.7514801
2020-08-23 17:00:00,288.6541,283.97034,-0.6509552,1.990509
2020-08-23 18:00:00,287.4254,283.68228,-0.7931824,2.2631989
2020-08-23 19:00:00,287.18085,283.72632,-0.772522,2.7492676
2020-08-23 20:00:00,287.29886,283.7881,-0.9204712,2.755127
2020-08-23 21:00:00,287.92343,284.10852,-1.0716095,2.9492035
2020-08-23 22:00:00,288.48224,284.43402,-1.138031,3.1159668
2020-08-23 23:00:00,288.86877,284.5489,-1.1278076,3.0728607
2020-08-24 00:00:00,289.07605,284.17834,-1.1329803,3.0496368
2020-08-24 01:00:00,289.6018,284.5126,-1.0950317,2.8841553
2020-08-24 02:00:00,291.55164,287.64093,-0.7258148,1.9180298
2020-08-24 03:00:00,296.8369,287.54675,-0.17662048,-0.18603516
2020-08-24 04:00:00,298.73468,285.5502,-0.06741333,-0.8731842
2020-08-24 05:00:00,299.76355,286.6728,-0.14677429,-1.1882172
2020-08-24 06:00:00,300.46558,287.5668,-0.02633667,-1.7346954
2020-08-24 07:00:00,300.3282,288.4371,0.20437622,-0.9987488
2020-08-24 08:00:00,300.5963,288.61166,0.6916046,-0.09094238
2020-08-24 09:00:00,298.95386,289.58215,2.462265,-0.679718
2020-08-24 10:00:00,296.8789,289.35248,2.6009674,1.3147125
2020-08-24 11:00:00,296.44516,289.87012,-0.23234558,2.0123444
2020-08-24 12:00:00,297.21857,290.2081,-0.44755554,1.6636047
2020-08-24 13:00:00,296.50317,290.95374,0.14207458,1.1404877
2020-08-24 14:00:00,294.46588,285.66333,-0.3132019,1.4953394
2020-08-24 15:00:00,294.4746,281.6618,-0.5235443,1.308424
2020-08-24 16:00:00,292.90417,281.09235,-0.41429138,1.4851904
2020-08-24 17:00:00,291.32202,283.39337,-1.0881042,2.9313202
2020-08-24 18:00:00,291.35736,284.45953,-1.2079315,3.2961473
2020-08-24 19:00:00,291.60773,285.66617,-1.2625122,3.404952
2020-08-24 20:00:00,291.66632,285.63895,-1.2087402,3.4000435
2020-08-24 21:00:00,290.95343,285.64917,-1.0648193,3.2670918
2020-08-24 22:00:00,290.7519,284.9133,-0.74546814,3.0018797
2020-08-24 23:00:00,290.63574,284.80084,-0.14163208,2.2176323
2020-08-25 00:00:00,290.2224,284.11444,-0.701004,1.5718641
2020-08-25 01:00:00,289.47418,284.008,-0.99124146,1.4681377
2020-08-25 02:00:00,293.46985,284.69092,-0.3791809,0.017245293
2020-08-25 03:00:00,294.38303,284.38428,0.6513214,-1.402381
2020-08-25 04:00:00,294.41864,284.8216,1.0683746,-1.751112
2020-08-25 05:00:00,294.80237,285.06207,1.4459076,-1.8538494
2020-08-25 06:00:00,294.7527,285.27652,1.594635,-1.6450453
2020-08-25 07:00:00,295.32434,284.6397,2.111847,-1.2042532
2020-08-25 08:00:00,295.46655,284.4533,2.2407532,-1.3878813
2020-08-25 09:00:00,295.23303,284.33673,2.0733337,-1.8858633
2020-08-25 10:00:00,294.7923,284.211,1.6385193,-1.7307272
2020-08-25 11:00:00,294.07373,284.1935,1.5247955,-1.5596972
2020-08-25 12:00:00,293.50732,284.27618,1.4820099,-0.92443943
2020-08-25 13:00:00,292.5498,284.43127,1.2546539,-0.6560106
2020-08-25 14:00:00,291.2613,286.12042,1.1851807,-0.026083946
2020-08-25 15:00:00,290.76025,285.61096,0.9003601,-0.4953766
2020-08-25 16:00:00,289.4763,285.48483,0.45802307,-1.3463554
2020-08-25 17:00:00,289.44812,284.85315,0.13630676,-0.67929935
2020-08-25 18:00:00,289.72937,283.95358,0.40907288,0.16478443
2020-08-25 19:00:00,289.28882,284.09818,-0.2898407,0.39845943
2020-08-25 20:00:00,289.34302,284.02875,-0.39645386,0.22487354
2020-08-25 21:00:00,289.13684,283.92294,-0.5450897,0.12433052
2020-08-25 22:00:00,289.14062,283.88657,-0.6261444,0.09122944
2020-08-25 23:00:00,289.07803,283.90143,-0.59150696,0.24861145
2020-08-26 00:00:00,289.0232,283.8579,-0.55656433,0.35987854
2020-08-26 01:00:00,288.5458,283.44183,-0.42269897,0.26187134
2020-08-26 02:00:00,288.7573,285.66568,-0.23361206,-0.46203613
2020-08-26 03:00:00,290.77698,284.90067,-0.11820984,-1.3834839
2020-08-26 04:00:00,291.61884,285.35742,-0.17922974,-1.7513123
2020-08-26 05:00:00,292.77014,285.6719,-0.2879486,-1.9406738
2020-08-26 06:00:00,293.534,285.87714,-0.044815063,-2.471161
2020-08-26 07:00:00,292.51855,286.2846,-0.0488739,-2.0835876
2020-08-26 08:00:00,293.07233,286.47272,0.35212708,-2.3117523
2020-08-26 09:00:00,292.9104,286.20148,0.5274658,-2.1909027
2020-08-26 10:00:00,292.4669,285.67712,0.4920807,-1.6335449
2020-08-26 11:00:00,291.48883,285.34583,0.6674347,-0.93807983
2020-08-26 12:00:00,290.83856,285.79834,0.986145,-0.46168518
2020-08-26 13:00:00,290.04938,287.82513,1.2813416,-0.35551548
2020-08-26 14:00:00,288.9665,287.31308,1.2591553,-0.6612606
2020-08-26 15:00:00,288.52524,286.71393,0.9729767,-1.1204834
2020-08-26 16:00:00,287.84314,286.0283,0.9002228,-1.0695801
2020-08-26 17:00:00,287.5315,285.3287,1.2221985,-1.0986176
2020-08-26 18:00:00,286.7718,284.00793,1.8243256,-1.4492493
2020-08-26 19:00:00,284.99597,282.62268,1.562973,-0.99993896
2020-08-26 20:00:00,284.0256,282.3509,1.2004547,-0.9220276
2020-08-26 21:00:00,283.40778,282.0429,0.5018921,-0.7470341
2020-08-26 22:00:00,283.27036,282.56006,0.50172424,0.42852497
2020-08-26 23:00:00,283.6443,282.5122,0.49804688,-0.33972168
2020-08-27 00:00:00,283.31458,282.77673,0.42643738,0.061920166
2020-08-27 01:00:00,283.39755,282.56274,0.5035858,-0.05406189
2020-08-27 02:00:00,283.19617,282.6056,0.33047485,-0.2728424
2020-08-27 03:00:00,283.53458,282.94965,0.29504395,-0.13192749
2020-08-27 04:00:00,284.06015,282.90546,0.70440674,-0.38539124
2020-08-27 05:00:00,284.68396,282.6212,1.1912231,-0.85466003
2020-08-27 06:00:00,285.35294,282.53625,1.2013092,-1.2068481
2020-08-27 07:00:00,285.29156,282.53778,1.0417633,-1.2703743
2020-08-27 08:00:00,286.01672,282.35583,1.2698975,-1.5580101
2020-08-27 09:00:00,285.8955,282.51202,1.2580547,-1.6190443
2020-08-27 10:00:00,285.5086,282.77808,0.9930649,-1.2156143
2020-08-27 11:00:00,285.46335,283.77026,0.93111515,-0.82701206
2020-08-27 12:00:00,284.80658,283.86395,0.841877,-0.30968475
2020-08-27 13:00:00,284.463,283.07642,0.63775635,0.21403503
2020-08-27 14:00:00,284.18494,283.09445,0.7064667,0.40394592
2020-08-27 15:00:00,283.68848,282.05835,0.92518616,0.26261902
2020-08-27 16:00:00,283.20288,281.51736,0.97169495,0.362319
2020-08-27 17:00:00,283.0969,281.6635,1.1000061,0.2930851
2020-08-27 18:00:00,283.49167,281.9255,0.9046478,0.028927803
2020-08-27 19:00:00,283.59662,280.94904,0.39497375,0.65626144
2020-08-27 20:00:00,282.29816,280.2288,0.25500488,0.99885464
2020-08-27 21:00:00,280.35883,279.2962,-0.1144104,1.6436825
2020-08-27 22:00:00,279.88287,278.92218,-0.22413635,1.7917528
2020-08-27 23:00:00,279.7279,278.74792,-0.30767822,1.9116344
2020-08-28 00:00:00,279.47577,278.424,-0.35646057,2.002819
2020-08-28 01:00:00,279.84583,278.90698,-0.36593628,1.9054966
2020-08-28 02:00:00,283.31384,280.1723,-0.20257568,1.401701
2020-08-28 03:00:00,285.75226,280.0386,0.54148865,0.060100555
2020-08-28 04:00:00,287.1658,280.7247,0.77952576,-1.1743937
2020-08-28 05:00:00,288.10443,281.60776,0.7624359,-1.6330347
2020-08-28 06:00:00,288.97906,282.37338,0.82232666,-1.9939041
2020-08-28 07:00:00,289.24377,282.7238,0.81422424,-1.9849224
2020-08-28 08:00:00,289.62463,282.9535,0.8048706,-2.0960445
2020-08-28 09:00:00,289.53046,282.99316,0.6404724,-2.0988026
2020-08-28 10:00:00,289.40576,283.08148,0.46870422,-1.9075489
2020-08-28 11:00:00,289.07852,282.8853,0.28172302,-1.5682964
2020-08-28 12:00:00,288.68512,282.54828,0.13832092,-1.1374817
2020-08-28 13:00:00,287.9687,282.45587,0.08874512,-0.5916376
2020-08-28 14:00:00,287.4378,282.03796,-0.117658615,0.31514168
2020-08-28 15:00:00,285.93286,281.58466,-0.31687927,1.2284069
2020-08-28 16:00:00,284.1735,280.29297,-0.40670013,1.6452789
2020-08-28 17:00:00,281.5418,278.9887,-0.7104397,2.2919312
2020-08-28 18:00:00,281.29498,278.53732,-1.050766,2.8674011
2020-08-28 19:00:00,281.98975,277.51364,-1.031784,2.735962
2020-08-28 20:00:00,281.5218,276.22073,-1.0814209,2.8328552
2020-08-28 21:00:00,281.48068,274.198,-1.1389618,2.8584766
2020-08-28 22:00:00,281.36316,272.10504,-1.1221771,2.9053898
2020-08-28 23:00:00,281.12598,270.43964,-1.1251068,2.948904
2020-08-29 00:00:00,281.02972,270.02936,-1.1165619,2.9751587
2020-08-29 01:00:00,281.27496,272.2445,-1.0697479,2.8521118
2020-08-29 02:00:00,283.9513,277.92377,-0.7307892,1.8822479
2020-08-29 03:00:00,289.1909,275.09583,-0.34033203,-0.2868805
2020-08-29 04:00:00,290.36084,275.06528,-0.38375854,-1.4541321
2020-08-29 05:00:00,291.12183,277.43262,-0.3470459,-1.7841339
2020-08-29 06:00:00,291.78693,279.48462,-0.29714966,-2.098175
2020-08-29 07:00:00,292.22632,281.39932,-0.30067444,-2.3234253
2020-08-29 08:00:00,292.51135,282.5511,-0.3618164,-2.4590912
2020-08-29 09:00:00,292.70288,283.27814,-0.33784485,-2.4537144
2020-08-29 10:00:00,292.4553,283.6878,-0.30197144,-2.3270874
2020-08-29 11:00:00,291.92078,283.86328,-0.28715515,-2.077896
2020-08-29 12:00:00,291.0752,283.98236,-0.16583252,-1.6492767
2020-08-29 13:00:00,289.98572,284.23715,-0.13746643,-0.8536682
2020-08-29 14:00:00,288.5692,284.6819,-0.2348938,0.7894745
2020-08-29 15:00:00,286.967,283.51813,-0.14898682,1.4902496
2020-08-29 16:00:00,286.4125,282.50778,-0.15254211,1.5912018
2020-08-29 17:00:00,286.44696,281.99432,-0.14149475,1.5272675
2020-08-29 18:00:00,286.01483,281.74963,-0.23547363,1.5404968
2020-08-29 19:00:00,286.1372,281.45428,-0.38127136,1.5352364
2020-08-29 20:00:00,285.08722,280.87994,-0.41064453,1.6282043
2020-08-29 21:00:00,283.70233,280.3246,-0.46054077,1.8916321
2020-08-29 22:00:00,282.91785,280.01404,-0.50946045,2.0163574
2020-08-29 23:00:00,282.30548,279.59863,-0.54862976,2.1277924
2020-08-30 00:00:00,282.0191,279.36,-0.5565338,2.175827
2020-08-30 01:00:00,282.6892,280.04047,-0.57107544,2.0595856
2020-08-30 02:00:00,287.11267,283.0387,-0.24583435,1.1015472
2020-08-30 03:00:00,290.2505,283.28876,0.37750244,-0.81292725
2020-08-30 04:00:00,291.01404,284.3504,0.5968933,-1.260086
2020-08-30 05:00:00,291.77505,285.27557,0.75331116,-1.641983
2020-08-30 06:00:00,292.4449,285.44153,0.6916046,-1.7210083
2020-08-30 07:00:00,292.48453,285.77753,0.32177734,-1.2781525
2020-08-30 08:00:00,292.5548,285.50125,0.6182556,-1.3003235
2020-08-30 09:00:00,292.70175,285.5973,0.77111816,-1.3109894
2020-08-30 10:00:00,292.80716,284.42407,0.795105,-1.1474304
2020-08-30 11:00:00,292.5914,284.4755,0.8250427,-0.73324585
2020-08-30 12:00:00,292.16046,284.3642,0.7680664,-0.4915619
2020-08-30 13:00:00,291.17358,286.62708,0.6599884,-0.3683319
2020-08-30 14:00:00,289.43774,284.61694,0.015533447,1.1791077
2020-08-30 15:00:00,286.64545,283.78644,-0.42791748,1.9187927
2020-08-30 16:00:00,285.26697,282.68286,-0.6177063,2.3502045
2020-08-30 17:00:00,284.50586,281.83118,-0.8045502,2.6306
2020-08-30 18:00:00,284.4191,281.45972,-0.97566223,2.786316
2020-08-30 19:00:00,284.1831,280.74066,-1.1312103,3.0998688
2020-08-30 20:00:00,284.2069,280.32825,-1.1219635,2.9997559
2020-08-30 21:00:00,284.30627,279.7417,-1.1316681,2.9835358
2020-08-30 22:00:00,284.64948,279.47247,-1.1118927,2.8889465
2020-08-30 23:00:00,284.2847,278.89075,-1.1192474,2.928833
2020-08-31 00:00:00,284.8028,278.4993,-1.0711517,2.8503265
2020-08-31 01:00:00,284.97025,279.09412,-0.9821625,2.7833862
2020-08-31 02:00:00,287.33054,282.0974,-0.6194,1.9344177
2020-08-31 03:00:00,291.8354,281.06042,0.036087036,0.122161865
2020-08-31 04:00:00,293.41177,279.91095,0.1569519,-1.0633698
2020-08-31 05:00:00,294.22934,281.6832,0.09423828,-1.5095367
2020-08-31 06:00:00,294.95026,283.2751,0.035217285,-1.82901
2020-08-31 07:00:00,295.737,285.51596,-0.17097473,-1.9547272
2020-08-31 08:00:00,296.08167,286.0355,-0.31466675,-2.1525574
2020-08-31 09:00:00,295.92316,286.1965,-0.46566772,-2.1101685
2020-08-31 10:00:00,295.85266,286.26532,-0.10072327,-2.3254852
2020-08-31 11:00:00,294.878,286.54938,0.13874817,-1.9479675
2020-08-31 12:00:00,293.96198,286.96838,0.1791687,-1.3655853
2020-08-31 13:00:00,292.81665,288.00433,0.24339294,-0.5049753
2020-08-31 14:00:00,290.74744,287.4267,-4.5776367e-05,1.5133553
2020-08-31 15:00:00,289.35968,286.5611,0.2089386,1.9271488
2020-08-31 16:00:00,288.78748,286.16492,0.3176117,1.8803806
2020-08-31 17:00:00,288.56445,285.91913,0.44529724,1.5312157
2020-08-31 18:00:00,288.33575,285.68927,0.1499176,1.5354385
2020-08-31 19:00:00,286.393,284.34058,-0.63287354,2.0772
2020-08-31 20:00:00,286.18292,283.40173,-0.5813446,1.9859533
2020-08-31 21:00:00,286.22253,282.79608,-0.47436523,1.9366884
2020-08-31 22:00:00,285.76892,282.69568,-0.4642334,1.9670906
2020-08-31 23:00:00,285.60352,282.53848,-0.4440918,1.9344645
2020-09-01 00:00:00,285.6516,282.58392,-0.397583,1.8681068
2020-09-01 01:00:00,286.0611,283.08234,-0.3201294,1.7884417
2020-09-01 02:00:00,289.28635,285.13153,-0.04408264,1.1177807
2020-09-01 03:00:00,291.58282,284.6916,0.43722534,-0.15863991
2020-09-01 04:00:00,291.8613,284.88715,0.6074524,-0.5593643
2020-09-01 05:00:00,291.75204,285.4428,0.6000824,-0.44524956
2020-09-01 06:00:00,291.8779,286.09595,0.67658997,-0.6440964
2020-09-01 07:00:00,291.56995,287.40012,0.49630737,-0.49765873
2020-09-01 08:00:00,291.44064,289.11005,0.34461975,-0.33921623
2020-09-01 09:00:00,292.57404,287.7506,0.33381653,-0.46728897
2020-09-01 10:00:00,292.17346,288.36914,-0.031158447,-0.5313816
2020-09-01 11:00:00,292.1001,288.93802,-0.064193726,-0.7649536
2020-09-01 12:00:00,292.15045,288.58636,0.01399231,-0.89793396
2020-09-01 13:00:00,291.11136,289.42975,0.5173645,0.06323242
2020-09-01 14:00:00,289.5803,288.27875,1.0171204,0.5900879
2020-09-01 15:00:00,289.17786,287.28983,0.727005,1.0041351
2020-09-01 16:00:00,289.43884,286.6601,0.37023926,1.0253296
2020-09-01 17:00:00,288.6917,286.26266,0.025360107,1.3091736
2020-09-01 18:00:00,288.26636,285.94598,-0.26045227,1.3511658
2020-09-01 19:00:00,285.5404,284.17792,-0.69467163,2.0435543
2020-09-01 20:00:00,284.5683,283.42975,-0.9568634,2.3148937
2020-09-01 21:00:00,284.35638,283.29132,-1.0350952,2.5088272
2020-09-01 22:00:00,284.23578,283.18246,-1.0362701,2.6897268
2020-09-01 23:00:00,284.52664,283.1392,-0.963089,2.7475433
2020-09-02 00:00:00,284.2823,283.07776,-0.9779663,2.8399658
2020-09-02 01:00:00,285.5942,283.6671,-0.9447479,2.7519073
2020-09-02 02:00:00,288.2843,286.11945,-0.6657562,1.8367615
2020-09-02 03:00:00,291.6344,285.62576,-0.13735962,0.06326294
2020-09-02 04:00:00,293.25485,285.14407,-0.05293274,-1.1997986
2020-09-02 05:00:00,294.24182,286.07465,0.04168701,-1.7271271
2020-09-02 06:00:00,294.98816,286.7071,0.12263489,-2.0060272
2020-09-02 07:00:00,295.21228,286.78293,-0.24142456,-0.9537201
2020-09-02 08:00:00,296.0717,287.2185,-0.047027588,-2.2182922
2020-09-02 09:00:00,295.85217,286.47772,-0.61520386,-1.5988464
2020-09-02 10:00:00,295.6137,286.69232,-0.0064086914,-2.04216
2020-09-02 11:00:00,295.17346,286.83478,0.15922546,-1.0280609
2020-09-02 12:00:00,294.2306,286.95645,0.4256897,-0.43818665
2020-09-02 13:00:00,293.68323,287.37512,0.13444519,0.3982849
2020-09-02 14:00:00,291.27875,287.03308,0.078811646,1.328659
2020-09-02 15:00:00,289.63226,286.05814,-0.36299133,1.722168
2020-09-02 16:00:00,288.67838,285.36273,-0.3454132,1.9176712
2020-09-02 17:00:00,287.78033,284.49097,-0.2967224,2.0744362
2020-09-02 18:00:00,287.06262,283.8041,-0.37890625,2.248415
2020-09-02 19:00:00,286.66418,283.21432,-0.52845764,2.651001
2020-09-02 20:00:00,286.6834,283.04486,-0.7367096,2.550087
2020-09-02 21:00:00,286.58612,282.82025,-0.82533264,2.6591282
2020-09-02 22:00:00,286.65112,282.95935,-0.7885132,2.4978561
2020-09-02 23:00:00,286.6534,283.00928,-0.71881104,2.3649569
2020-09-03 00:00:00,286.38403,283.2587,-0.7366333,2.272544
2020-09-03 01:00:00,286.44232,284.0088,-0.7288208,2.2038412
2020-09-03 02:00:00,288.33475,286.22375,-0.12339783,1.4348679
2020-09-03 03:00:00,291.26807,285.47168,1.2084503,-0.73415375
2020-09-03 04:00:00,290.5039,285.7813,1.7236328,-1.0756807
2020-09-03 05:00:00,290.13934,285.66284,2.195572,-1.3182344
2020-09-03 06:00:00,289.6525,285.1134,2.2782135,-1.4129248
2020-09-03 07:00:00,288.50793,286.90536,1.6060181,0.5432577
2020-09-03 08:00:00,288.45093,287.2459,1.1211395,0.4957657
2020-09-03 09:00:00,289.56458,285.46857,1.3030243,1.0496368
2020-09-03 10:00:00,289.75342,284.32837,1.3398285,1.0711241
2020-09-03 11:00:00,290.10236,283.81732,1.2722168,0.71562195
2020-09-03 12:00:00,290.2086,282.89304,1.3635559,0.6292124
2020-09-03 13:00:00,289.03333,282.9152,1.0198059,1.0359821
2020-09-03 14:00:00,287.58783,282.5918,0.5602112,1.4968214
2020-09-03 15:00:00,287.09192,281.5806,0.94189453,1.2493744
2020-09-03 16:00:00,285.76532,280.94254,0.7065277,1.8207703
2020-09-03 17:00:00,285.0813,280.30753,0.03907776,2.3050842
2020-09-03 18:00:00,284.5506,279.73062,-0.09068298,2.3644104
2020-09-03 19:00:00,284.28162,279.59912,-0.31739807,2.4018707
2020-09-03 20:00:00,283.62256,278.93823,-0.4092102,2.7475739
2020-09-03 21:00:00,283.20648,278.62494,-0.5464325,2.90419
2020-09-03 22:00:00,283.0646,278.36032,-0.5671234,2.9445343
2020-09-03 23:00:00,283.0581,278.02545,-0.56381226,2.9592133
2020-09-04 00:00:00,282.89996,277.56152,-0.65037537,3.0106049
2020-09-04 01:00:00,283.38614,278.43524,-0.6114807,2.9594574
2020-09-04 02:00:00,286.0962,282.1847,-0.14936829,2.0883179
2020-09-04 03:00:00,291.9522,279.3014,1.557312,0.4729004
2020-09-04 04:00:00,292.98413,278.19025,2.701767,0.061035156
2020-09-04 05:00:00,293.42776,278.60168,2.9466248,-0.27720642
2020-09-04 06:00:00,293.90698,279.0935,3.199524,-0.5447235
2020-09-04 07:00:00,293.91666,279.3289,3.3194275,-0.5458069
2020-09-04 08:00:00,293.61768,279.80353,2.9356995,-0.2691269
2020-09-04 09:00:00,294.05023,279.98798,2.8947144,-0.085728645
2020-09-04 10:00:00,294.11563,279.91663,2.8431244,-0.42143822
2020-09-04 11:00:00,293.7166,279.77753,2.4268494,-0.39169598
2020-09-04 12:00:00,292.76236,280.49744,1.4782867,-0.30402946
2020-09-04 13:00:00,291.78394,280.6032,0.3503723,0.26891518
2020-09-04 14:00:00,290.14233,280.2375,-0.48979187,0.8762512
2020-09-04 15:00:00,287.67987,280.30493,-0.65631104,1.4393063
2020-09-04 16:00:00,285.58447,279.97015,-0.4867401,2.1541042
2020-09-04 17:00:00,285.37384,280.07758,-0.3100891,2.1306057
2020-09-04 18:00:00,284.86072,279.47125,-0.29951477,2.232029
2020-09-04 19:00:00,284.09573,278.57648,-0.50639343,2.3391743
2020-09-04 20:00:00,283.42188,278.28845,-0.4387207,2.3530712
2020-09-04 21:00:00,282.92953,278.21115,-0.415802,2.3711824
2020-09-04 22:00:00,282.29117,278.1641,-0.5993042,2.5176678
2020-09-04 23:00:00,281.83844,277.96112,-0.7801056,2.6897278
2020-09-05 00:00:00,281.78778,277.83575,-0.8643036,2.6984406
2020-09-05 01:00:00,282.04382,277.6884,-0.94363403,2.650238
2020-09-05 02:00:00,285.6749,281.37775,-0.6075592,1.5110931
2020-09-05 03:00:00,290.57166,279.36115,0.083969116,-0.6997986
2020-09-05 04:00:00,291.2193,280.10144,0.3157196,-1.1204529
2020-09-05 05:00:00,291.8589,280.86813,0.8208313,-1.2554626
2020-09-05 06:00:00,292.14484,281.68323,0.9862213,-1.2684479
2020-09-05 07:00:00,292.305,282.49026,0.44760132,-1.0088654
2020-09-05 08:00:00,292.68677,282.9087,1.032135,-0.8661194
2020-09-05 09:00:00,291.98203,282.43066,1.0469818,-0.75601196
2020-09-05 10:00:00,292.31586,281.98718,1.0098877,-0.78105164
2020-09-05 11:00:00,292.10822,281.81616,0.8069916,-1.0304565
2020-09-05 12:00:00,291.69818,281.76712,0.44969177,-0.8355255
2020-09-05 13:00:00,291.24078,281.36374,0.27912903,-0.09968567
2020-09-05 14:00:00,288.84464,282.2638,-0.21510315,1.2340088
2020-09-05 15:00:00,285.94342,281.75354,-0.64608765,1.9161987
2020-09-05 16:00:00,284.84668,281.3247,-0.90600586,2.3668976
2020-09-05 17:00:00,284.48407,280.99762,-1.0950775,2.671341
2020-09-05 18:00:00,284.82675,280.77582,-1.139389,2.7671509
2020-09-05 19:00:00,284.52496,279.26703,-1.132782,2.9777985
2020-09-05 20:00:00,284.47644,278.99396,-1.0544891,2.8872986
2020-09-05 21:00:00,284.38666,278.96536,-0.963501,2.89505
2020-09-05 22:00:00,284.54138,278.93756,-0.9134979,2.7642212
2020-09-05 23:00:00,284.43805,278.98727,-0.75361633,2.5169067
2020-09-06 00:00:00,283.91998,279.10074,-0.67219543,2.3526154
2020-09-06 01:00:00,283.3687,279.95374,-0.4193573,2.0779877
2020-09-06 02:00:00,286.35828,281.97742,0.04083252,1.1592865
2020-09-06 03:00:00,289.34433,280.95435,0.80851746,-0.10612488
2020-09-06 04:00:00,290.20853,281.9437,1.5742645,-0.7741194
2020-09-06 05:00:00,290.80115,282.8561,1.3524017,-1.1251984
2020-09-06 06:00:00,291.20007,282.726,1.0514069,-0.83117676
2020-09-06 07:00:00,291.23743,282.56683,1.7122192,-0.6445465
2020-09-06 08:00:00,291.8243,281.7689,1.8786621,-1.462677
2020-09-06 09:00:00,290.98447,281.7212,1.6606598,-1.201355
2020-09-06 10:00:00,291.1015,281.7881,1.9444122,-0.6747589
2020-09-06 11:00:00,289.48352,282.06903,1.9977264,-1.1720276
2020-09-06 12:00:00,288.56732,282.57288,0.97180176,-0.21736145
2020-09-06 13:00:00,287.5169,282.6942,1.3011322,0.14379883
2020-09-06 14:00:00,285.81787,283.76068,2.124771,-0.57273865
2020-09-06 15:00:00,284.38208,283.1042,1.9372101,-0.50679016
2020-09-06 16:00:00,283.53793,282.60425,1.4658508,0.62312317
2020-09-06 17:00:00,283.28378,282.19202,1.6646118,0.57928467
2020-09-06 18:00:00,282.98303,281.30637,1.8681335,1.1676178
2020-09-06 19:00:00,282.3313,280.47333,1.4492645,1.019104
2020-09-06 20:00:00,281.85474,279.6933,1.347229,0.8876648
2020-09-06 21:00:00,281.6505,279.4228,1.2730408,0.893631
2020-09-06 22:00:00,281.56433,278.93353,1.1051483,0.9234314
2020-09-06 23:00:00,281.9552,278.8286,0.99346924,0.7593384
2020-09-07 00:00:00,282.17023,277.87134,0.7251892,0.72063065
2020-09-07 01:00:00,282.91565,277.2342,0.4903412,0.540575
2020-09-07 02:00:00,283.23468,276.07278,0.55236816,-0.10424614
2020-09-07 03:00:00,283.96826,275.67953,0.9736328,-0.821537
2020-09-07 04:00:00,284.3299,275.52692,1.6201019,-0.9164734
2020-09-07 05:00:00,284.54657,275.41663,1.9043274,-0.82740784
2020-09-07 06:00:00,285.089,275.4947,2.139145,-0.7354126
2020-09-07 07:00:00,285.29193,276.36084,2.3383942,-0.6006775
2020-09-07 08:00:00,286.25885,276.1621,2.7261658,-0.58673096
2020-09-07 09:00:00,286.9721,275.91373,2.6722565,-0.51272583
2020-09-07 10:00:00,287.51898,275.21097,2.2433777,-0.746521
2020-09-07 11:00:00,287.44397,274.48022,1.7230225,-0.93229675
2020-09-07 12:00:00,286.83154,274.31067,0.7990875,-0.9636841
2020-09-07 13:00:00,286.15802,273.47943,-0.06996155,-0.20565796
2020-09-07 14:00:00,284.30695,274.60938,-0.660553,0.89823914
2020-09-07 15:00:00,281.61627,274.6833,-0.8650665,1.4415588
2020-09-07 16:00:00,279.49942,274.49152,-0.8385315,1.8630524
2020-09-07 17:00:00,278.19098,274.13205,-0.76483154,2.2324219
2020-09-07 18:00:00,277.72375,273.81616,-0.59317017,2.4052887
2020-09-07 19:00:00,277.6637,274.13043,-0.37924194,2.2059937
2020-09-07 20:00:00,277.3875,273.81967,-0.37956238,2.1588135
2020-09-07 21:00:00,276.89462,273.4936,-0.42938232,2.3112793
2020-09-07 22:00:00,276.86035,273.3247,-0.5037689,2.3758698
2020-09-07 23:00:00,277.0818,273.1754,-0.55633545,2.4210205
2020-09-08 00:00:00,277.55225,273.41168,-0.51898193,2.3269043
2020-09-08 01:00:00,277.88733,274.23236,-0.4090271,2.1263885
2020-09-08 02:00:00,281.69226,276.86777,-0.11256409,1.1179504
2020-09-08 03:00:00,284.84772,276.8882,0.4908905,-0.1413269
2020-09-08 04:00:00,286.03223,278.45508,1.0101166,-0.9139404
2020-09-08 05:00:00,286.71478,279.6051,1.0944672,-1.2855988
2020-09-08 06:00:00,287.4835,280.1843,1.1695251,-1.3810425
2020-09-08 07:00:00,288.15457,281.0915,1.1648712,-1.7020874
2020-09-08 08:00:00,288.80402,281.2254,1.1912079,-1.7120972
2020-09-08 09:00:00,288.49774,281.30658,1.1589355,-1.4516296
2020-09-08 10:00:00,288.48828,281.1358,1.0379791,-1.518219
2020-09-08 11:00:00,287.86902,280.6784,0.8955536,-1.1162415
2020-09-08 12:00:00,287.29218,280.39703,0.6694641,-0.80592346
2020-09-08 13:00:00,286.56116,280.0244,0.41496277,-0.16378784
2020-09-08 14:00:00,286.27698,279.80283,0.06071472,0.50253296
2020-09-08 15:00:00,285.79663,279.64594,-0.17382812,0.77046204
2020-09-08 16:00:00,281.92108,279.22363,-0.569458,1.4994812
2020-09-08 17:00:00,280.78702,278.65958,-0.8347626,2.2018433
2020-09-08 18:00:00,280.09894,278.0417,-0.9264374,2.5746613
2020-09-08 19:00:00,280.40668,277.91968,-0.81752014,2.6335144
2020-09-08 20:00:00,280.2328,277.21304,-0.8166199,2.6739655
2020-09-08 21:00:00,280.44574,276.68384,-0.7948456,2.7435913
2020-09-08 22:00:00,280.61212,276.52875,-0.74819946,2.7076874
2020-09-08 23:00:00,280.72134,276.38315,-0.6782379,2.706894
2020-09-09 00:00:00,280.4582,276.48883,-0.6963043,2.7440948
2020-09-09 01:00:00,280.76904,277.3508,-0.6880646,2.7133198
2020-09-09 02:00:00,282.86163,280.5548,-0.27153015,1.4779644
2020-09-09 03:00:00,286.94043,279.7995,0.87882996,0.013676643
2020-09-09 04:00:00,287.99286,280.45923,1.3558197,-1.012394
2020-09-09 05:00:00,288.86926,281.0342,1.3760223,-1.4339304
2020-09-09 06:00:00,289.65518,281.25793,1.222168,-1.670289
2020-09-09 07:00:00,289.74545,280.96442,1.29245,-1.5942478
2020-09-09 08:00:00,290.17224,280.41992,1.352951,-1.7855482
2020-09-09 09:00:00,290.127,279.55756,1.1968536,-1.827384
2020-09-09 10:00:00,289.87033,278.65118,1.0445099,-1.6143503
2020-09-09 11:00:00,289.27692,277.87793,0.91160583,-1.1208305
2020-09-09 12:00:00,288.75244,277.25812,0.5526886,-1.1177855
2020-09-09 13:00:00,287.64218,278.21692,0.17008972,-0.4821043
2020-09-09 14:00:00,286.59644,276.833,-0.17938232,1.0574503
2020-09-09 15:00:00,286.02808,276.7571,-0.35813904,1.2717438
2020-09-09 16:00:00,285.49976,276.74728,-0.2920227,1.3026276
2020-09-09 17:00:00,283.99814,276.73688,-0.2449646,1.505516
2020-09-09 18:00:00,281.81265,276.53345,-0.22398376,1.866087
2020-09-09 19:00:00,282.03467,276.38867,-0.24868774,1.8339157
2020-09-09 20:00:00,281.69305,276.38123,-0.26493835,1.8161316
2020-09-09 21:00:00,281.64456,276.37122,-0.23724365,1.7850037
2020-09-09 22:00:00,281.0775,276.24353,-0.26123047,1.8396759
2020-09-09 23:00:00,280.2492,275.88977,-0.2500763,1.9349365
2020-09-10 00:00:00,279.8932,275.57166,-0.30151367,1.964035
2020-09-10 01:00:00,279.22803,275.32794,-0.36528015,2.0306396
2020-09-10 02:00:00,282.84503,278.1533,-0.13264465,1.2389679
2020-09-10 03:00:00,286.16956,277.67395,0.94577026,-0.31707954
2020-09-10 04:00:00,287.1768,278.03723,1.3317871,-1.0511646
2020-09-10 05:00:00,287.95258,278.8571,1.4302368,-1.4469233
2020-09-10 06:00:00,288.57632,279.35767,1.5930939,-1.6977892
2020-09-10 07:00:00,288.8151,280.0683,1.4792175,-1.9080963
2020-09-10 08:00:00,288.7376,279.9295,1.4699249,-1.6049404
2020-09-10 09:00:00,289.25632,279.5445,1.6745148,-1.6069126
2020-09-10 10:00:00,289.10562,278.81473,1.4988098,-1.625061
2020-09-10 11:00:00,288.612,278.12155,1.1712494,-1.6609535
2020-09-10 12:00:00,287.7044,277.386,0.8128967,-1.5083418
2020-09-10 13:00:00,286.29886,277.0559,0.60910034,-0.7471142
2020-09-10 14:00:00,285.6637,276.5599,0.5244293,0.51299095
2020-09-10 15:00:00,285.37872,276.42023,0.47106934,0.7919388
2020-09-10 16:00:00,284.9754,276.33792,0.30841064,1.0346413
2020-09-10 17:00:00,283.1026,276.22147,-0.10432434,1.3910704
2020-09-10 18:00:00,281.04495,275.81564,-0.2732544,1.7229004
2020-09-10 19:00:00,280.51526,275.16992,-0.4506836,1.8574829
2020-09-10 20:00:00,279.58496,274.75067,-0.5283966,2.0140076
2020-09-10 21:00:00,278.56738,274.30942,-0.65182495,2.2066803
2020-09-10 22:00:00,278.09457,273.86505,-0.70440674,2.2683716
2020-09-10 23:00:00,278.0612,273.39386,-0.76130676,2.241394
2020-09-11 00:00:00,277.9757,273.0592,-0.80485535,2.246338
2020-09-11 01:00:00,278.4152,273.28427,-0.80392456,2.197647
2020-09-11 02:00:00,282.9292,276.33142,-0.44700623,1.383194
2020-09-11 03:00:00,287.0956,276.8459,-0.3601532,-0.2609253
2020-09-11 04:00:00,288.74185,275.7826,-0.16009521,-1.2064514
2020-09-11 05:00:00,289.72662,277.2583,0.044021606,-1.4733582
2020-09-11 06:00:00,290.6991,278.6063,0.12719727,-1.7776489
2020-09-11 07:00:00,291.54004,280.26416,0.05558777,-2.10783
2020-09-11 08:00:00,291.801,280.69647,-0.12799072,-1.9474268
2020-09-11 09:00:00,292.10498,280.886,-0.02407837,-2.2391996
2020-09-11 10:00:00,292.00677,280.7481,0.050811768,-2.0647545
2020-09-11 11:00:00,291.27118,280.5161,0.3052826,-1.5118666
2020-09-11 12:00:00,290.33292,280.58942,0.20211792,-1.107295
2020-09-11 13:00:00,289.66718,280.08313,0.11816406,0.16204834
2020-09-11 14:00:00,287.45062,280.797,-0.2780609,1.345871
2020-09-11 15:00:00,285.6668,280.40833,-0.31529236,1.8025818
2020-09-11 16:00:00,284.58606,279.97778,-0.54792786,1.970108
2020-09-11 17:00:00,283.40735,279.56592,-0.6560669,2.1550903
2020-09-11 18:00:00,282.4436,279.14276,-0.8033142,2.4246826
2020-09-11 19:00:00,282.74097,278.6306,-1.1139679,3.1566772
2020-09-11 20:00:00,282.79456,278.56653,-1.1396637,3.079361
2020-09-11 21:00:00,283.02747,278.42407,-1.1380615,3.090149
2020-09-11 22:00:00,283.0895,278.32407,-1.1542358,3.089325
2020-09-11 23:00:00,283.3739,278.25446,-1.0922241,3.0999146
2020-09-12 00:00:00,283.47058,278.25525,-1.0806732,3.192398
2020-09-12 01:00:00,284.14474,278.99414,-1.0081635,3.1355095
2020-09-12 02:00:00,286.40338,281.43863,-0.701828,2.2674255
2020-09-12 03:00:00,290.61365,283.36865,-0.14006042,0.6920185
2020-09-12 04:00:00,292.94208,280.09222,0.34747314,-0.8291769
2020-09-12 05:00:00,293.64737,281.3683,0.456604,-1.3106947
2020-09-12 06:00:00,294.2091,282.6098,0.5944061,-1.7165918
2020-09-12 07:00:00,293.61157,282.79132,0.56463623,-0.5462513
2020-09-12 08:00:00,292.357,284.23804,1.9489441,-0.27615356
2020-09-12 09:00:00,291.63525,284.4851,2.1645355,0.57213783
2020-09-12 10:00:00,290.6399,283.49695,2.247223,0.99645615
2020-09-12 11:00:00,289.58984,283.13348,1.8311462,1.5097466
2020-09-12 12:00:00,288.5429,282.59216,2.22435,0.54055977
2020-09-12 13:00:00,285.61487,283.12848,2.5349274,-1.4830313
2020-09-12 14:00:00,284.04807,282.90945,0.87602234,-0.9302616
2020-09-12 15:00:00,283.60217,282.08627,0.2023468,0.1923294
2020-09-12 16:00:00,282.46985,281.60785,-0.25831604,1.1474648
2020-09-12 17:00:00,282.1812,281.10083,-0.4499817,1.2784462
2020-09-12 18:00:00,281.28845,280.45288,-0.738678,1.7223549
2020-09-12 19:00:00,280.18283,278.76852,-0.66589355,2.008957
2020-09-12 20:00:00,279.8819,278.469,-0.697525,2.1303406
2020-09-12 21:00:00,279.35074,277.9638,-0.78160095,2.3502808
2020-09-12 22:00:00,279.14172,277.71613,-0.81044006,2.508194
2020-09-12 23:00:00,278.99628,277.22867,-0.68917847,2.5492802
2020-09-13 00:00:00,278.47992,276.62775,-0.7503052,2.64682
2020-09-13 01:00:00,279.4895,276.00308,-0.64637756,2.6026917
2020-09-13 02:00:00,281.73547,278.91052,-0.2805481,1.7277069
2020-09-13 03:00:00,286.7119,277.1046,0.96707153,0.17188454
2020-09-13 04:00:00,287.84207,277.38617,1.3901672,-0.7633133
2020-09-13 05:00:00,288.703,277.50458,1.3915558,-1.034687
2020-09-13 06:00:00,289.59637,277.43192,1.4699707,-1.0644684
2020-09-13 07:00:00,290.12726,277.56775,1.9706879,-1.1956482
2020-09-13 08:00:00,290.64606,277.67688,1.7184601,-1.3152008
2020-09-13 09:00:00,290.87653,277.82373,1.3327637,-1.493927
2020-09-13 10:00:00,290.7674,277.953,0.8025055,-1.5049744
2020-09-13 11:00:00,290.2763,278.18256,0.32240295,-1.3897095
2020-09-13 12:00:00,289.49002,278.5114,-0.060775757,-1.0296936
2020-09-13 13:00:00,288.51312,278.22003,-0.50431824,-0.032684326
2020-09-13 14:00:00,285.32285,278.8624,-0.908905,1.3179016
2020-09-13 15:00:00,283.2834,277.83896,-1.0217743,1.7640991
2020-09-13 16:00:00,281.46292,276.96075,-1.1013336,2.1466675
2020-09-13 17:00:00,280.66577,276.0831,-1.1695099,2.460846
2020-09-13 18:00:00,280.35645,275.03574,-1.2002716,2.7054596
2020-09-13 19:00:00,280.41675,273.93066,-1.148407,3.011032
2020-09-13 20:00:00,280.53058,272.52734,-1.1028748,2.9701385
2020-09-13 21:00:00,280.73145,271.66107,-1.0812988,3.0743256
2020-09-13 22:00:00,280.95682,271.24835,-1.0515442,3.087967
2020-09-13 23:00:00,281.1811,271.24902,-1.050766,3.037674
2020-09-14 00:00:00,281.42987,271.6463,-1.0356903,2.9483948
2020-09-14 01:00:00,281.62958,273.04626,-1.002594,2.843216
2020-09-14 02:00:00,283.54968,277.67126,-0.7366638,2.0624084
2020-09-14 03:00:00,288.43134,278.3059,-0.30166626,0.674057
2020-09-14 04:00:00,290.24368,276.818,0.122024536,-1.0442352
2020-09-14 05:00:00,291.14984,278.34808,0.17607117,-1.3876343
2020-09-14 06:00:00,291.88806,279.92822,0.263031,-1.7227783
2020-09-14 07:00:00,291.83002,281.4558,0.28424072,-1.7008972
2020-09-14 08:00:00,292.35516,282.1518,0.4730072,-1.8224335
2020-09-14 09:00:00,291.64294,282.12994,0.38328552,-0.74453735
2020-09-14 10:00:00,292.16306,282.20068,0.5255585,-1.8335571
2020-09-14 11:00:00,291.2079,282.31677,0.5041046,-0.9196625
2020-09-14 12:00:00,290.51587,282.43176,0.28659058,-0.79592896
2020-09-14 13:00:00,289.94324,282.23352,-0.019348145,-0.10661316
2020-09-14 14:00:00,287.40814,282.56708,-0.23408508,1.1262665
2020-09-14 15:00:00,285.9184,281.6072,-0.42234802,1.7054138
2020-09-14 16:00:00,284.15656,280.757,-0.3820343,2.0694885
2020-09-14 17:00:00,283.55762,280.1803,-0.3247528,2.0654755
2020-09-14 18:00:00,283.11407,279.9156,-0.2902527,2.0543365
2020-09-14 19:00:00,282.44293,279.09006,-0.2766571,2.4724884
2020-09-14 20:00:00,282.3054,279.2036,-0.41880798,2.4665527
2020-09-14 21:00:00,282.3604,279.4146,-0.620636,2.4634247
2020-09-14 22:00:00,282.27167,279.70612,-0.565506,2.278305
2020-09-14 23:00:00,281.1767,279.63104,-0.47042847,2.1973724
2020-09-15 00:00:00,281.16217,279.7077,-0.3486023,2.194107
2020-09-15 01:00:00,281.22443,279.8742,-0.33580017,2.2827148
2020-09-15 02:00:00,282.64145,281.31982,-0.24139404,1.8364868
2020-09-15 03:00:00,286.86377,280.89673,0.558136,0.9318695
2020-09-15 04:00:00,289.14423,278.778,2.0120392,-0.1191864
2020-09-15 05:00:00,290.2548,277.524,2.7976532,-0.42570496
2020-09-15 06:00:00,290.65405,276.92166,2.9502869,-0.51519775
2020-09-15 07:00:00,290.87134,277.5691,3.0219574,-0.39193726
2020-09-15 08:00:00,291.23615,277.72937,2.763794,-0.29655457
2020-09-15 09:00:00,291.72723,277.7467,2.6259766,-0.39881897
2020-09-15 10:00:00,291.77838,277.83313,2.2111053,-0.6993103
2020-09-15 11:00:00,291.47955,277.86908,1.4617767,-0.76420593
2020-09-15 12:00:00,290.8427,277.75137,0.48094177,-0.4724884
2020-09-15 13:00:00,289.20538,279.57925,-0.5996704,0.88894653
2020-09-15 14:00:00,285.74405,278.668,-0.93814087,1.9100494
2020-09-15 15:00:00,283.99857,278.0107,-1.0613403,2.7535706
2020-09-15 16:00:00,283.51056,278.15704,-1.1617584,3.1761322
2020-09-15 17:00:00,283.28973,278.02255,-1.2436981,3.3186798
2020-09-15 18:00:00,283.45285,277.81418,-1.2227173,3.3343658
2020-09-15 19:00:00,283.59253,277.9474,-1.0927734,3.384262
2020-09-15 20:00:00,283.85464,277.97833,-1.0220337,3.1315613
2020-09-15 21:00:00,283.88477,278.06195,-0.9590759,3.077423
2020-09-15 22:00:00,283.9989,278.26865,-0.9129944,3.0076294
2020-09-15 23:00:00,284.25104,278.4038,-0.8505249,2.9235077
2020-09-16 00:00:00,283.9967,278.1797,-0.84706116,2.9637299
2020-09-16 01:00:00,283.86597,277.99573,-0.76797485,2.815689
2020-09-16 02:00:00,285.38562,279.9237,-0.5383911,2.1935577
2020-09-16 03:00:00,288.93182,282.3676,-0.016845703,0.7094879
2020-09-16 04:00:00,291.1772,279.06958,0.55921936,-0.9207306
2020-09-16 05:00:00,291.86108,280.04092,0.6783142,-1.3223419
2020-09-16 06:00:00,292.46863,281.1599,0.7370148,-1.6132812
2020-09-16 07:00:00,292.92175,281.89014,0.25509644,-1.8097534
2020-09-16 08:00:00,293.39154,282.2838,0.2774353,-2.0048676
2020-09-16 09:00:00,293.40854,282.50113,0.18687439,-2.0259857
2020-09-16 10:00:00,293.14465,282.5725,-0.01777649,-1.9650879
2020-09-16 11:00:00,292.50034,282.4016,-0.15187073,-1.9244385
2020-09-16 12:00:00,291.4875,282.1311,-0.26200867,-1.3035431
2020-09-16 13:00:00,290.49426,281.97647,-0.43605042,0.017196655
2020-09-16 14:00:00,288.29456,282.127,-0.5890198,1.2444763
2020-09-16 15:00:00,287.0009,281.48337,-0.39553833,1.5809937
2020-09-16 16:00:00,286.00806,281.03857,-0.24339294,1.7311554
2020-09-16 17:00:00,284.507,280.64,-0.43545532,1.9432831
2020-09-16 18:00:00,283.38184,280.06012,-0.53808594,2.11969
2020-09-16 19:00:00,284.06403,279.44354,0.067977905,1.9403534
2020-09-16 20:00:00,282.28934,278.82654,-0.13941956,2.1976013
2020-09-16 21:00:00,281.2514,278.27148,-0.35749817,2.488922
2020-09-16 22:00:00,281.2176,277.99316,-0.48858643,2.5934296
2020-09-16 23:00:00,281.1632,277.61774,-0.5344238,2.7758179
2020-09-17 00:00:00,281.353,277.51862,-0.7621155,2.7864532
2020-09-17 01:00:00,281.7919,277.72983,-0.84861755,2.8735657
2020-09-17 02:00:00,283.65002,280.5854,-0.29240417,2.093811
2020-09-17 03:00:00,288.71973,281.98947,0.68255615,0.44387817
2020-09-17 04:00:00,290.10742,280.9753,1.5849915,-0.67707825
2020-09-17 05:00:00,290.2088,281.3778,1.8132477,-1.4934845
2020-09-17 06:00:00,290.3626,281.33905,1.339798,-1.2698364
2020-09-17 07:00:00,290.6654,281.80588,1.1563263,-1.1685944
2020-09-17 08:00:00,290.90308,281.25537,0.9177246,-1.8468933
2020-09-17 09:00:00,289.57104,281.4746,0.73384094,-1.6641693
2020-09-17 10:00:00,288.7339,281.2921,0.4285736,-1.9431763
2020-09-17 11:00:00,287.62653,281.06027,0.42196655,-1.7408295
2020-09-17 12:00:00,286.0492,282.86362,0.67837524,-1.6321869
2020-09-17 13:00:00,284.3982,282.11542,0.402359,-2.0717316
2020-09-17 14:00:00,283.09274,281.2729,-0.21435547,-1.9371796
2020-09-17 15:00:00,282.25653,280.59863,-0.28645325,-1.6786346
2020-09-17 16:00:00,281.6708,280.38763,-0.3254547,-1.5262299
2020-09-17 17:00:00,281.13617,280.02875,-0.07281494,-1.70401
2020-09-17 18:00:00,280.5007,279.5146,-0.049591064,-1.8598633
2020-09-17 19:00:00,279.30267,278.55243,0.4416046,-1.8726044
2020-09-17 20:00:00,278.40634,277.85004,0.34761047,-1.2664185
2020-09-17 21:00:00,277.84906,277.27612,0.7290344,-0.85354614
2020-09-17 22:00:00,277.425,276.66107,0.9243927,0.20426941
2020-09-17 23:00:00,277.55157,276.95166,0.7402191,0.40301514
2020-09-18 00:00:00,277.85016,277.19116,0.26402283,0.75393677
2020-09-18 01:00:00,277.81146,276.95294,-0.17315674,0.78764343
2020-09-18 02:00:00,279.3387,277.44043,-0.28164673,0.38468933
2020-09-18 03:00:00,280.20456,276.55212,-0.34873962,-0.64712524
2020-09-18 04:00:00,281.57892,276.72202,0.11164856,-1.1486053
2020-09-18 05:00:00,282.49353,277.042,0.4507141,-1.5226746
2020-09-18 06:00:00,283.273,277.4134,0.5704956,-1.7258148
2020-09-18 07:00:00,283.64557,277.48047,0.68873596,-2.0693512
2020-09-18 08:00:00,283.57617,277.76147,0.42297363,-2.2100525
2020-09-18 09:00:00,283.47308,277.88547,0.20211792,-2.2872162
2020-09-18 10:00:00,283.20483,277.96222,0.094833374,-2.1696167
2020-09-18 11:00:00,282.82498,277.8154,-0.024124146,-1.9112854
2020-09-18 12:00:00,282.09003,277.16837,-0.19729614,-1.5675507
2020-09-18 13:00:00,281.3929,276.8083,-0.23931885,-1.2251282
2020-09-18 14:00:00,280.96326,276.59454,-0.35507202,-0.92581177
2020-09-18 15:00:00,280.45972,277.14014,-0.23918152,-0.8383789
2020-09-18 16:00:00,280.11768,276.78613,-0.16615295,-0.78338623
2020-09-18 17:00:00,280.0924,276.36432,-0.28607178,-0.59983826
2020-09-18 18:00:00,280.12222,275.89236,-0.30963135,-0.5626373
2020-09-18 19:00:00,279.79926,275.05032,-0.26361084,-0.3759613
2020-09-18 20:00:00,279.3412,275.27182,-0.26255798,-0.2627411
2020-09-18 21:00:00,279.11707,275.30508,-0.17207336,-0.14414978
2020-09-18 22:00:00,278.90646,275.44244,-0.13150024,-0.086364746
2020-09-18 23:00:00,278.74078,275.39783,-0.11505127,0.011459351
2020-09-19 00:00:00,278.68884,275.30652,-0.14419556,0.11088562
2020-09-19 01:00:00,278.75134,275.31342,-0.15489197,0.13749695
2020-09-19 02:00:00,278.88528,275.38757,-0.13468933,-0.10723877
2020-09-19 03:00:00,279.18375,276.26526,-0.101638794,-0.45687866
2020-09-19 04:00:00,278.90295,275.8329,-0.018493652,-0.58081055
2020-09-19 05:00:00,279.41446,276.4022,0.077438354,-0.5626068
2020-09-19 06:00:00,279.01343,276.66638,0.20323181,-0.8333893
2020-09-19 07:00:00,280.6421,277.62143,0.22810364,-1.4983063
2020-09-19 08:00:00,280.55823,277.43,0.2325592,-1.3128815
2020-09-19 09:00:00,280.58447,277.53534,0.372406,-1.0582123
2020-09-19 10:00:00,280.2344,278.31076,0.41227722,-0.6269226
2020-09-19 11:00:00,280.627,278.44748,0.57865906,-0.28269958
2020-09-19 12:00:00,280.36273,279.12335,0.31452942,-0.26367188
2020-09-19 13:00:00,280.35864,277.8131,-0.23019409,0.36470032
2020-09-19 14:00:00,279.06006,277.08368,-0.30641174,0.9669647
2020-09-19 15:00:00,277.47705,275.77032,-0.40403748,1.4143877
2020-09-19 16:00:00,276.0503,274.6137,-0.53349304,1.7686949
2020-09-19 17:00:00,275.29083,274.01297,-0.69210815,2.0505972
2020-09-19 18:00:00,275.0901,273.80814,-0.8148651,2.1551485
2020-09-19 19:00:00,275.10486,273.91937,-0.8932648,2.0066595
2020-09-19 20:00:00,275.23987,274.09625,-0.9562683,2.0821514
2020-09-19 21:00:00,275.82428,274.59442,-0.9307251,2.2269783
2020-09-19 22:00:00,276.37878,274.92303,-0.86195374,2.2271118
2020-09-19 23:00:00,276.63773,275.0833,-0.72558594,2.1960297
2020-09-20 00:00:00,276.52142,274.97693,-0.6365204,2.2239532
2020-09-20 01:00:00,276.58008,275.09268,-0.6395569,2.282196
2020-09-20 02:00:00,278.71997,276.66327,-0.47668457,1.9429474
2020-09-20 03:00:00,283.19952,278.61682,-0.16900635,0.7943268
2020-09-20 04:00:00,285.37302,277.15048,0.08590698,-0.29710388
2020-09-20 05:00:00,286.7342,277.58383,0.15083313,-0.88212585
2020-09-20 06:00:00,287.8386,277.872,0.04005432,-1.0478516
2020-09-20 07:00:00,288.6933,278.1081,0.043060303,-1.2270355
2020-09-20 08:00:00,289.40176,278.39587,0.140625,-1.3448334
2020-09-20 09:00:00,289.76233,278.62863,0.28170776,-1.4267426
2020-09-20 10:00:00,289.70007,278.87262,0.4210205,-1.2477417
2020-09-20 11:00:00,289.32,278.95538,0.22625732,-0.8427582
2020-09-20 12:00:00,288.6251,279.23114,-0.2962799,-0.34080505
2020-09-20 13:00:00,285.91962,279.4311,-1.0798645,1.3648224
2020-09-20 14:00:00,283.30396,277.8741,-1.1977386,2.5718536
2020-09-20 15:00:00,281.96228,276.7452,-1.1800232,3.2268677
2020-09-20 16:00:00,281.2699,275.20282,-1.1633606,3.489334
2020-09-20 17:00:00,280.84787,273.51654,-1.2010193,3.5854797
2020-09-20 18:00:00,280.5197,271.63583,-1.2341461,3.6153564
2020-09-20 19:00:00,280.57333,271.24857,-1.1667633,3.5554352
2020-09-20 20:00:00,280.178,269.32547,-1.1727905,3.5457
2020-09-20 21:00:00,279.89984,267.35553,-1.192276,3.6004486
2020-09-20 22:00:00,279.70926,265.77823,-1.233078,3.5966187
2020-09-20 23:00:00,279.49622,264.8269,-1.2878876,3.614975
2020-09-21 00:00:00,279.3214,264.23453,-1.342926,3.644104
2020-09-21 01:00:00,279.3,264.84665,-1.3995972,3.6776733
2020-09-21 02:00:00,281.1969,269.39783,-1.2435303,3.1870422
2020-09-21 03:00:00,285.53143,278.03705,-0.7505646,1.8252277
2020-09-21 04:00:00,290.32135,268.989,-0.3080902,-0.23869324
2020-09-21 05:00:00,291.2927,269.75665,-0.19937134,-1.1758318
2020-09-21 06:00:00,291.81482,271.9894,-0.17529297,-1.5429382
2020-09-21 07:00:00,291.82343,273.0979,-0.051879883,-1.7452698
2020-09-21 08:00:00,291.97992,274.57132,-0.06376648,-1.9341736
2020-09-21 09:00:00,291.86942,275.4439,-0.14393616,-1.9425049
2020-09-21 10:00:00,291.46124,276.05695,-0.22015381,-1.9020386
2020-09-21 11:00:00,290.6997,276.47083,-0.1217041,-1.6261749
2020-09-21 12:00:00,289.57278,277.22516,-0.103134155,-0.9921112
2020-09-21 13:00:00,288.8714,276.42145,-0.36402893,0.53048706
2020-09-21 14:00:00,285.97705,277.48303,-0.5181885,1.3986816
2020-09-21 15:00:00,284.52817,276.89795,-0.5453949,1.7465363
2020-09-21 16:00:00,282.9276,276.58295,-0.57987976,2.0489826
2020-09-21 17:00:00,282.1154,276.2931,-0.56059265,2.0893097
2020-09-21 18:00:00,281.65454,275.96906,-0.5058136,2.019722
2020-09-21 19:00:00,280.0069,275.38974,-0.6198425,2.4140167
2020-09-21 20:00:00,279.7836,275.00153,-0.50289917,2.270218
2020-09-21 21:00:00,280.41113,274.7731,-0.16104126,2.0477295
2020-09-21 22:00:00,280.84003,274.9391,-0.08428955,1.8591156
2020-09-21 23:00:00,283.0113,275.18463,0.13523865,1.3180542
2020-09-22 00:00:00,282.35596,275.92535,-0.40020752,1.2322693
2020-09-22 01:00:00,279.98077,276.3694,-0.92240906,2.0593414
2020-09-22 02:00:00,280.96338,278.0581,-0.78437805,1.8119354
2020-09-22 03:00:00,285.70343,279.46808,-0.16285706,-0.16412354
2020-09-22 04:00:00,287.21542,278.41016,0.26478577,-1.5018005
2020-09-22 05:00:00,287.60956,279.18695,0.31079102,-1.7724457
2020-09-22 06:00:00,288.23676,279.7702,0.41281128,-1.8326111
2020-09-22 07:00:00,288.40402,279.316,0.6282196,-1.9755554
2020-09-22 08:00:00,288.62347,279.5562,0.60284424,-2.0390472
2020-09-22 09:00:00,288.20062,279.47766,0.62646484,-1.8008881
2020-09-22 10:00:00,287.86465,279.4444,0.5052643,-1.4354553
2020-09-22 11:00:00,287.1828,279.1945,0.66075134,-1.3951263
2020-09-22 12:00:00,285.98413,279.03677,0.5446625,-0.6593933
2020-09-22 13:00:00,284.9411,279.60272,0.56163025,-0.686594
2020-09-22 14:00:00,284.6053,278.91486,-0.13090515,0.46816063
2020-09-22 15:00:00,284.26093,278.88443,-0.5396881,0.6557121
2020-09-22 16:00:00,283.61823,278.75244,-0.57354736,0.76953506
2020-09-22 17:00:00,283.65186,278.39148,-0.43527222,0.822937
2020-09-22 18:00:00,283.31628,278.0249,-0.30812073,0.8438873
2020-09-22 19:00:00,282.64487,277.20172,0.19833374,0.628767
2020-09-22 20:00:00,281.5425,276.77356,0.03742981,1.1487713
2020-09-22 21:00:00,280.33795,276.0663,-0.14854431,1.2953281
2020-09-22 22:00:00,279.21375,275.56146,-0.24221802,1.4955139
2020-09-22 23:00:00,278.49365,275.59976,-0.28370667,1.6069031
2020-09-23 00:00:00,277.7398,275.4052,-0.30641174,1.7373657
2020-09-23 01:00:00,277.37244,275.1099,-0.45436096,1.7165985
2020-09-23 02:00:00,279.07477,276.59955,-0.26605225,1.3459358
2020-09-23 03:00:00,282.6504,277.63477,0.022857666,-0.41988373
2020-09-23 04:00:00,283.40735,278.06125,0.3788147,-0.9557228
2020-09-23 05:00:00,284.78506,278.59546,0.688385,-1.0076904
2020-09-23 06:00:00,285.64307,278.8672,0.8939667,-1.5135345
2020-09-23 07:00:00,285.97952,278.72784,0.9403534,-1.7041168
2020-09-23 08:00:00,286.237,278.70282,0.8070221,-1.5808258
2020-09-23 09:00:00,286.7259,278.75183,0.7852478,-1.2138367
2020-09-23 10:00:00,287.09683,278.81055,0.8824158,-0.9560852
2020-09-23 11:00:00,286.71198,278.67316,0.69210815,-1.1976776
2020-09-23 12:00:00,285.73978,278.5226,0.14749146,-0.7136841
2020-09-23 13:00:00,284.60944,279.19397,-0.10507202,0.59532166
2020-09-23 14:00:00,282.44022,278.35327,-0.5578613,1.3307495
2020-09-23 15:00:00,280.48383,277.53693,-0.79473877,2.002411
2020-09-23 16:00:00,280.0387,276.8923,-0.9245148,2.443924
2020-09-23 17:00:00,279.70422,276.37592,-0.93948364,2.45224
2020-09-23 18:00:00,279.70898,276.01312,-0.9354706,2.4226074
2020-09-23 19:00:00,279.3562,275.74646,-0.7736969,2.6205444
2020-09-23 20:00:00,279.228,275.7173,-0.67529297,2.4277496
2020-09-23 21:00:00,279.50482,275.6706,-0.74816895,2.6193237
2020-09-23 22:00:00,279.4829,275.52557,-0.7839813,2.6764069
2020-09-23 23:00:00,279.73724,275.6663,-0.52897644,2.4047852
2020-09-24 00:00:00,279.83395,275.9865,-0.5346985,2.337265
2020-09-24 01:00:00,280.05908,276.57422,-0.7140045,2.4590912
2020-09-24 02:00:00,281.45175,278.64758,-0.41392517,1.7673187
2020-09-24 03:00:00,284.97693,279.29282,0.27337646,-0.2454834
2020-09-24 04:00:00,286.02148,278.98132,0.65878296,-1.0260925
2020-09-24 05:00:00,286.66125,279.0752,1.1334229,-1.3015442
2020-09-24 06:00:00,287.5334,279.05765,1.5526123,-1.4450226
2020-09-24 07:00:00,287.9422,278.6589,1.8556061,-1.5078735
2020-09-24 08:00:00,288.37268,278.5251,2.0850525,-1.4791412
2020-09-24 09:00:00,288.35385,278.17325,2.1710663,-1.3730011
2020-09-24 10:00:00,288.17697,277.72702,2.287262,-1.0649719
2020-09-24 11:00:00,287.61557,277.03378,2.1847076,-0.72398376
2020-09-24 12:00:00,286.8486,276.28577,1.6865387,-0.5261688
2020-09-24 13:00:00,285.16656,277.93445,0.90592957,0.31680298
2020-09-24 14:00:00,285.0974,275.89618,0.4535675,0.8249512
2020-09-24 15:00:00,284.34744,275.73972,0.2962494,1.1016693
2020-09-24 16:00:00,282.9214,275.5118,0.25720215,1.3511047
2020-09-24 17:00:00,282.36554,275.0746,0.3453369,1.4188843
2020-09-24 18:00:00,282.33087,274.6427,0.3556366,1.3764496
2020-09-24 19:00:00,282.03308,273.6515,0.5831909,1.3100471
2020-09-24 20:00:00,281.87677,273.47772,0.3537445,1.329834
2020-09-24 21:00:00,279.60413,273.26575,0.097213745,1.6308899
2020-09-24 22:00:00,278.2312,272.82593,-0.02229309,1.8395386
2020-09-24 23:00:00,276.84207,272.31485,-0.117752075,2.0633698
2020-09-25 00:00:00,275.92038,271.79498,-0.22367859,2.1912994
2020-09-25 01:00:00,275.14618,271.07397,-0.24273682,2.1866608
2020-09-25 02:00:00,277.394,273.2265,-0.11753845,1.704956
2020-09-25 03:00:00,282.38632,274.1436,0.6759949,0.10211182
2020-09-25 04:00:00,284.03082,273.07867,1.3668976,-0.79093933
2020-09-25 05:00:00,284.59225,274.2428,1.5313873,-1.2897949
2020-09-25 06:00:00,285.0113,275.37466,1.502533,-1.5334473
2020-09-25 07:00:00,285.23102,275.74908,1.3329163,-1.7597351
2020-09-25 08:00:00,285.41888,276.30573,1.2165222,-1.7626038
2020-09-25 09:00:00,285.36578,276.4858,1.1237183,-1.7518921
2020-09-25 10:00:00,284.9965,276.41394,0.96995544,-1.6903229
2020-09-25 11:00:00,284.15173,276.15137,0.740921,-1.5596161
2020-09-25 12:00:00,282.8541,275.5027,0.4670105,-1.160965
2020-09-25 13:00:00,281.58173,275.14038,0.22625732,-0.3997345
2020-09-25 14:00:00,281.23724,274.72162,0.056289673,0.17384338
2020-09-25 15:00:00,280.82983,274.59015,0.07467651,0.42985535
2020-09-25 16:00:00,279.84583,274.47467,0.18406677,0.98464966
2020-09-25 17:00:00,278.31714,274.07678,0.32133484,1.2244415
2020-09-25 18:00:00,279.0614,273.99457,0.3595581,1.126648
2020-09-25 19:00:00,278.97318,274.14978,0.4255066,0.9458618
2020-09-25 20:00:00,278.76434,274.00586,0.3231964,1.067215
2020-09-25 21:00:00,278.56445,273.7828,0.26332092,1.0977325
2020-09-25 22:00:00,278.35596,273.50745,0.23735046,1.0890656
2020-09-25 23:00:00,278.10498,273.11554,0.21246338,1.0232849
2020-09-26 00:00:00,277.82205,272.72363,0.19308472,0.9685211
2020-09-26 01:00:00,277.31335,272.1762,0.16365051,0.98625183
2020-09-26 02:00:00,277.57053,272.15137,0.20700073,0.59140205
2020-09-26 03:00:00,278.68805,272.54572,1.0677338,-0.45913506
2020-09-26 04:00:00,279.69586,273.1499,1.2837982,-1.0850372
2020-09-26 05:00:00,280.42313,273.738,1.3118134,-1.5772438
2020-09-26 06:00:00,281.3684,273.61768,1.5327454,-1.6610022
2020-09-26 07:00:00,281.35284,273.98132,1.4581757,-1.8080597
2020-09-26 08:00:00,281.7511,274.1719,1.4600067,-1.8023682
2020-09-26 09:00:00,281.34915,273.93362,1.177063,-1.7746887
2020-09-26 10:00:00,281.14185,273.69086,1.0699463,-1.4680481
2020-09-26 11:00:00,280.64392,273.30444,0.9827881,-1.3240051
2020-09-26 12:00:00,279.7339,272.81555,0.6674652,-0.970871
2020-09-26 13:00:00,279.02432,272.62387,0.5611725,-0.5370636
2020-09-26 14:00:00,278.5095,273.43756,0.66700745,-0.089263916
2020-09-26 15:00:00,278.4818,272.5811,0.4697113,0.031921387
2020-09-26 16:00:00,278.27325,272.539,0.2077179,0.3974762
2020-09-26 17:00:00,277.72037,272.3591,-0.04283142,0.9781494
2020-09-26 18:00:00,274.88422,271.69235,-0.23564148,1.4960785
2020-09-26 19:00:00,278.09094,272.12827,0.12260437,0.8734131
2020-09-26 20:00:00,278.0974,272.42545,0.12376404,0.96325684
2020-09-26 21:00:00,278.15714,272.78754,0.15512085,0.79977417
2020-09-26 22:00:00,278.05206,272.91064,0.19462585,0.73599243
2020-09-26 23:00:00,277.98193,272.95294,0.26605225,0.66937256
2020-09-27 00:00:00,277.79532,272.986,0.4453125,0.68995667
2020-09-27 01:00:00,277.7718,273.18768,0.33106995,0.6395569
2020-09-27 02:00:00,278.03128,273.49286,0.42108154,0.23545837
2020-09-27 03:00:00,278.29614,274.09097,0.8223877,-0.335083
2020-09-27 04:00:00,278.7269,274.11636,1.1151733,-0.30441284
2020-09-27 05:00:00,279.09915,274.18054,1.1644592,-0.6048584
2020-09-27 06:00:00,279.06512,274.3593,1.1245422,-0.35311508
2020-09-27 07:00:00,280.78537,274.7257,1.5548706,-1.4455261
2020-09-27 08:00:00,280.30432,274.5811,1.0963898,-1.0056839
2020-09-27 09:00:00,280.6226,274.37347,1.34552,-1.0682154
2020-09-27 10:00:00,280.65695,274.31885,1.2743988,-0.89815426
2020-09-27 11:00:00,280.66077,273.99103,1.2644806,-0.8740816
2020-09-27 12:00:00,279.95917,273.7693,0.87527466,-0.8367052
2020-09-27 13:00:00,279.1292,274.55743,0.6480713,-0.1084137
2020-09-27 14:00:00,278.6712,274.0531,0.74983215,0.381958
2020-09-27 15:00:00,278.6869,273.6938,0.50857544,0.6596985
2020-09-27 16:00:00,277.99353,273.71393,0.62654114,0.8188782
2020-09-27 17:00:00,277.3004,273.45197,0.56529236,1.0398102
2020-09-27 18:00:00,277.37225,273.23718,0.20184326,1.1461182
2020-09-27 19:00:00,276.09033,272.62097,0.038986206,1.3023643
2020-09-27 20:00:00,274.49866,271.9415,-0.124557495,1.5898113
2020-09-27 21:00:00,274.11636,271.2564,-0.16099548,1.6747856
2020-09-27 22:00:00,272.8377,270.6117,-0.2926941,1.9098825
2020-09-27 23:00:00,272.2219,270.16498,-0.39408875,2.040245
2020-09-28 00:00:00,271.82413,269.89404,-0.45222473,2.2290497
2020-09-28 01:00:00,271.86816,269.8766,-0.43788147,2.3432922
2020-09-28 02:00:00,273.60437,271.7354,-0.31349182,1.8779144
2020-09-28 03:00:00,277.96448,272.77203,0.7168884,0.4919281
2020-09-28 04:00:00,279.39453,273.71277,1.3974762,-0.39886475
2020-09-28 05:00:00,280.65805,273.7975,1.9928131,-0.66619873
2020-09-28 06:00:00,281.65912,274.10278,2.2016144,-1.3063812
2020-09-28 07:00:00,281.6181,275.1624,1.6933289,-1.6693115
2020-09-28 08:00:00,281.70654,275.27606,1.4625549,-1.780344
2020-09-28 09:00:00,281.7608,275.21155,1.4278564,-1.6975174
2020-09-28 10:00:00,281.4655,274.76096,1.2318573,-1.586709
2020-09-28 11:00:00,280.86206,274.0403,1.0635681,-1.2384729
2020-09-28 12:00:00,279.9093,273.62152,0.77430725,-0.87323666
2020-09-28 13:00:00,278.79175,274.99243,0.5292816,0.1965599
2020-09-28 14:00:00,278.71387,273.49567,0.46209717,0.45870972
2020-09-28 15:00:00,278.22974,273.22507,0.16912842,0.8542328
2020-09-28 16:00:00,276.77814,272.62286,0.15542603,1.1872864
2020-09-28 17:00:00,275.10034,271.6753,0.11854553,1.504715
2020-09-28 18:00:00,273.2054,270.63998,-0.09642029,1.8643036
2020-09-28 19:00:00,272.9947,270.23395,-0.2682495,1.8601532
2020-09-28 20:00:00,271.8813,269.82654,-0.38378906,2.221222
2020-09-28 21:00:00,271.93094,269.7253,-0.51200867,2.4344025
2020-09-28 22:00:00,272.08707,269.32953,-0.5646057,2.458496
2020-09-28 23:00:00,272.086,268.70078,-0.6045532,2.5174103
2020-09-29 00:00:00,272.32275,267.99487,-0.5365906,2.3347778
2020-09-29 01:00:00,272.32376,268.04147,-0.4689331,2.0679626
2020-09-29 02:00:00,273.76868,269.581,-0.37554932,1.5634003
2020-09-29 03:00:00,278.30005,270.74365,0.21643066,0.1428833
2020-09-29 04:00:00,280.1812,269.32794,0.8163605,-0.83158875
2020-09-29 05:00:00,281.1662,270.66455,0.87693787,-1.2147369
2020-09-29 06:00:00,281.94873,271.72632,0.85066223,-1.5926971
2020-09-29 07:00:00,282.37247,272.5901,0.67115784,-1.9203644
2020-09-29 08:00:00,282.74652,273.01334,0.4863739,-1.9602203
2020-09-29 09:00:00,282.89667,273.1156,0.41734314,-1.9829102
2020-09-29 10:00:00,282.63336,272.96674,0.33769226,-1.8628693
2020-09-29 11:00:00,281.97336,272.4828,0.23764038,-1.645752
2020-09-29 12:00:00,280.86786,271.89755,0.16322327,-0.9615326
2020-09-29 13:00:00,280.12454,271.2355,-0.0743866,0.2693634
2020-09-29 14:00:00,279.8139,271.06638,-0.28450012,0.74935913
2020-09-29 15:00:00,278.66064,270.8992,-0.33251953,1.1274719
2020-09-29 16:00:00,275.9493,270.58643,-0.36749268,1.5881042
2020-09-29 17:00:00,274.4414,270.13943,-0.4520111,1.8751526
2020-09-29 18:00:00,273.52795,269.7351,-0.5379944,2.0412292
2020-09-29 19:00:00,272.08624,268.4409,-0.6609955,2.3070679
2020-09-29 20:00:00,271.89484,267.92102,-0.71458435,2.313095
2020-09-29 21:00:00,271.96844,267.40778,-0.7540283,2.3396606
2020-09-29 22:00:00,272.19702,266.83563,-0.77970886,2.2552032
2020-09-29 23:00:00,272.68585,266.3451,-0.71910095,2.1813507
2020-09-30 00:00:00,272.76697,265.94684,-0.7120514,2.1882935
2020-09-30 01:00:00,272.64615,266.419,-0.60136414,2.2364502
2020-09-30 02:00:00,274.6253,269.015,-0.43145752,1.7348938
2020-09-30 03:00:00,278.78116,272.69992,-0.14916992,0.42260742
2020-09-30 04:00:00,280.8385,269.3963,-0.084365845,-0.22653198
2020-09-30 05:00:00,282.42978,270.73242,0.26390076,-1.4184265
2020-09-30 06:00:00,282.57504,272.81024,0.15571594,-1.3783112
2020-09-30 07:00:00,284.00436,273.0388,0.23803711,-2.109665
2020-09-30 08:00:00,283.9419,273.4261,0.3708191,-2.141571
2020-09-30 09:00:00,283.04907,273.24945,0.4009552,-1.7263947
2020-09-30 10:00:00,282.42896,273.18237,0.46148682,-1.1521606
2020-09-30 11:00:00,281.92212,273.27533,0.6386719,-0.73620605
2020-09-30 12:00:00,281.5117,273.41034,0.8935852,-0.27043152
2020-09-30 13:00:00,280.46234,274.87164,1.0380096,0.05657959
2020-09-30 14:00:00,279.38873,274.99466,1.1000824,-0.020828247
2020-09-30 15:00:00,278.79254,274.72678,1.0367279,0.28225708
2020-09-30 16:00:00,278.4409,274.03918,0.7610016,0.49473572
2020-09-30 17:00:00,278.45862,274.0315,0.5052643,0.59884644
2020-09-30 18:00:00,278.6604,273.69574,0.25227356,0.624176
2020-09-30 19:00:00,277.86908,275.75427,0.52957153,0.27487183
2020-09-30 20:00:00,277.6079,275.36884,0.1390686,0.6259155
2020-09-30 21:00:00,277.98453,275.24026,0.15802002,0.10169983
2020-09-30 22:00:00,277.78552,275.29315,0.14308167,0.19882202
2020-09-30 23:00:00,277.6317,275.29895,0.014282227,0.19833374
2020-10-01 00:00:00,277.46277,275.36102,-0.053878784,0.27467346
2020-10-01 01:00:00,277.7,275.48807,0.021438599,0.23715687
2020-10-01 02:00:00,277.83685,275.68988,-0.0892334,0.007388115
2020-10-01 03:00:00,278.96027,276.6419,0.15005493,-0.56443787
2020-10-01 04:00:00,279.2094,276.18356,0.573349,-0.9746723
2020-10-01 05:00:00,279.31415,276.32578,0.7675171,-0.98424053
2020-10-01 06:00:00,280.7129,276.5657,0.9545288,-1.3808718
2020-10-01 07:00:00,281.67474,276.99384,0.9495239,-1.6119452
2020-10-01 08:00:00,281.88058,276.792,0.8952942,-1.6043854
2020-10-01 09:00:00,281.87305,276.48438,0.9224243,-1.3415813
2020-10-01 10:00:00,281.78864,276.17947,0.8042145,-1.344532
2020-10-01 11:00:00,281.30585,275.7157,0.6190491,-0.9622803
2020-10-01 12:00:00,280.56003,275.34854,0.42941284,-0.28588867
2020-10-01 13:00:00,279.6536,276.6292,-0.15841675,0.62142944
2020-10-01 14:00:00,279.88898,275.23822,-0.08642578,0.7410431
2020-10-01 15:00:00,279.0265,274.67468,-0.19572449,0.9448242
2020-10-01 16:00:00,277.3185,273.9913,-0.34753418,1.3848267
2020-10-01 17:00:00,275.60132,273.23312,-0.56851196,1.8374176
2020-10-01 18:00:00,274.8968,272.41376,-0.718338,2.080658
2020-10-01 19:00:00,274.69336,271.77478,-0.84199524,2.4424896
2020-10-01 20:00:00,274.94952,271.26074,-0.87680054,2.4243622
2020-10-01 21:00:00,275.07666,271.06482,-0.86927795,2.5560913
2020-10-01 22:00:00,274.98737,270.91943,-0.9201813,2.6725006
2020-10-01 23:00:00,275.3227,270.97076,-0.84194946,2.614441
2020-10-02 00:00:00,275.32907,270.86496,-0.7923126,2.544632
2020-10-02 01:00:00,275.679,271.3847,-0.7809143,2.457718
2020-10-02 02:00:00,276.63214,272.6775,-0.6793518,2.091339
2020-10-02 03:00:00,279.96155,274.80988,-0.3828888,0.9876404
2020-10-02 04:00:00,282.25314,275.02905,-0.04335022,-0.27272034
2020-10-02 05:00:00,283.39685,275.9969,0.17037964,-0.7949066
2020-10-02 06:00:00,284.23904,276.7462,0.4884491,-1.3253479
2020-10-02 07:00:00,284.56024,277.34497,0.5092621,-1.4391584
2020-10-02 08:00:00,284.2021,277.4181,0.4103546,-1.3175526
2020-10-02 09:00:00,283.88007,277.55872,0.4031372,-1.2861919
2020-10-02 10:00:00,283.62177,277.2907,0.70944214,-1.2310486
2020-10-02 11:00:00,282.5777,277.36197,0.6876068,-0.60369873
2020-10-02 12:00:00,282.09076,277.61874,0.66404724,-0.21105957
2020-10-02 13:00:00,281.65265,277.57153,0.36398315,0.21078491
2020-10-02 14:00:00,281.5047,277.08893,0.45317078,0.4650879
2020-10-02 15:00:00,281.22186,276.59363,0.05696106,0.7330475
2020-10-02 16:00:00,279.47205,275.97192,-0.113723755,1.1447239
2020-10-02 17:00:00,277.56232,274.99835,-0.4340973,1.5268917
2020-10-02 18:00:00,277.15308,274.8155,-0.4608307,1.6165066
2020-10-02 19:00:00,277.44275,274.6562,-0.32885742,1.5428696
2020-10-02 20:00:00,276.03647,273.63004,-0.4906006,1.845437
2020-10-02 21:00:00,275.05554,273.22827,-0.62413025,2.024621
2020-10-02 22:00:00,274.5128,272.801,-0.7444916,2.0820618
2020-10-02 23:00:00,273.7321,271.98053,-0.8420105,2.215477
2020-10-03 00:00:00,273.4721,271.71594,-0.8113098,2.3160772
2020-10-03 01:00:00,273.26404,271.39285,-0.77853394,2.4285498
2020-10-03 02:00:00,275.02652,273.36603,-0.6321106,2.0930338
2020-10-03 03:00:00,280.4262,276.3286,-0.36392212,0.86754227
2020-10-03 04:00:00,282.62274,276.097,0.13557434,-0.35617256
2020-10-03 05:00:00,283.848,276.84305,0.50842285,-1.062439
2020-10-03 06:00:00,284.28058,276.98853,0.69699097,-1.2556458
2020-10-03 07:00:00,284.7947,276.42682,0.5108795,-1.2585621
2020-10-03 08:00:00,284.79755,276.61438,0.7298584,-1.1791172
2020-10-03 09:00:00,284.0422,276.8011,0.5076599,-0.88786316
2020-10-03 10:00:00,284.21698,276.5948,0.7774658,-0.78183174
2020-10-03 11:00:00,283.5348,276.33368,0.68595886,-0.41327858
2020-10-03 12:00:00,282.98975,276.59875,0.5418854,0.010509491
2020-10-03 13:00:00,282.61264,276.36646,0.23869324,0.34635353
2020-10-03 14:00:00,282.2385,275.95203,0.31513977,0.49682903
2020-10-03 15:00:00,281.52975,275.59946,0.1776123,0.93756485
2020-10-03 16:00:00,279.59277,274.92072,-0.053588867,1.3854275
2020-10-03 17:00:00,277.74667,274.66913,-0.3280182,1.7219439
2020-10-03 18:00:00,277.2913,274.48795,-0.35560608,1.7705669
2020-10-03 19:00:00,276.00232,273.15427,-0.596756,2.216795
2020-10-03 20:00:00,275.49017,272.45428,-0.86428833,2.3885155
2020-10-03 21:00:00,275.15894,271.84265,-1.0260468,2.5770788
2020-10-03 22:00:00,275.23822,271.45218,-1.0856934,2.6858215
2020-10-03 23:00:00,275.27466,270.5464,-1.112442,2.8112946
2020-10-04 00:00:00,274.89792,269.68243,-1.182373,3.0234528
2020-10-04 01:00:00,273.78412,268.5385,-1.1815643,3.1249084
2020-10-04 02:00:00,275.06543,269.97925,-1.032608,2.7269135
2020-10-04 03:00:00,279.60303,275.4357,-0.54823303,1.4397278
2020-10-04 04:00:00,283.03934,272.32532,0.13708496,0.056274414
2020-10-04 05:00:00,284.12946,273.60938,0.4420929,-0.71591187
2020-10-04 06:00:00,284.4123,274.18423,0.80667114,-0.8154907
2020-10-04 07:00:00,284.6045,275.35223,1.0859833,-0.4443817
2020-10-04 08:00:00,284.9386,275.40967,1.1600647,-0.82299805
2020-10-04 09:00:00,284.88205,275.00363,1.2300873,-0.48953247
2020-10-04 10:00:00,284.77124,274.2121,1.2716675,-0.5508423
2020-10-04 11:00:00,284.28995,273.91083,1.0076904,-0.34480286
2020-10-04 12:00:00,283.5271,274.16443,0.8094635,0.39331055
2020-10-04 13:00:00,281.4261,275.7227,-0.045959473,1.3079529
2020-10-04 14:00:00,279.1811,274.29498,-0.47325134,1.9796753
2020-10-04 15:00:00,277.67938,273.41806,-0.6582184,2.4023132
2020-10-04 16:00:00,276.8556,272.41074,-0.7706146,2.6326256
2020-10-04 17:00:00,276.4378,271.49377,-0.86169434,2.6517944
2020-10-04 18:00:00,276.5011,270.83057,-0.94129944,2.6336823
2020-10-04 19:00:00,276.41672,270.80847,-1.0177155,2.8319855
2020-10-04 20:00:00,276.40167,270.39325,-1.0681458,2.6742554
2020-10-04 21:00:00,276.362,270.06726,-1.0032043,2.7181854
2020-10-04 22:00:00,276.34225,270.35876,-0.93951416,2.6705017
2020-10-04 23:00:00,276.52704,271.24268,-0.8813782,2.587494
2020-10-05 00:00:00,277.0476,271.7392,-0.86961365,2.4918365
2020-10-05 01:00:00,277.13324,271.9956,-0.8747406,2.485733
2020-10-05 02:00:00,278.21826,273.4511,-0.7380829,2.1548157
2020-10-05 03:00:00,280.7672,275.68262,-0.23872375,1.3090973
2020-10-05 04:00:00,283.48502,273.0724,1.0129089,0.26722717
2020-10-05 05:00:00,284.36688,273.73438,1.4925385,-0.61190796
2020-10-05 06:00:00,284.86728,274.26752,1.3087769,-1.0928955
2020-10-05 07:00:00,284.89545,275.20862,1.2414398,-0.23051453
2020-10-05 08:00:00,285.45584,275.22882,1.3361359,-0.4947815
2020-10-05 09:00:00,285.71777,275.2258,1.2059326,-0.8851471
2020-10-05 10:00:00,285.27475,274.65472,0.91226196,-0.62916565
2020-10-05 11:00:00,284.69098,274.62244,0.27064514,-0.4689026
2020-10-05 12:00:00,284.0188,278.14267,-0.1565857,0.4091425
2020-10-05 13:00:00,280.993,275.77356,-0.6170654,1.4219933
2020-10-05 14:00:00,278.75067,274.40884,-0.9269104,2.1624622
2020-10-05 15:00:00,278.01514,273.6372,-0.99360657,2.6393776
2020-10-05 16:00:00,277.63666,272.88147,-0.9258728,2.6961174
2020-10-05 17:00:00,277.1613,272.12524,-0.7677002,2.6030483
2020-10-05 18:00:00,276.76193,271.47888,-0.47535706,2.4956846
2020-10-05 19:00:00,276.91644,271.6549,-0.5580292,2.5195255
2020-10-05 20:00:00,276.56793,271.35666,-0.5865326,2.4070988
2020-10-05 21:00:00,276.28778,270.9661,-0.63079834,2.461893
2020-10-05 22:00:00,275.81784,270.6233,-0.68865967,2.407076
2020-10-05 23:00:00,275.37567,270.67712,-0.5781708,2.3095245
2020-10-06 00:00:00,275.06113,270.96094,-0.41192627,2.0628834
2020-10-06 01:00:00,275.32294,271.45203,0.06916809,1.7267246
2020-10-06 02:00:00,277.80322,271.92102,0.6192322,0.49485016
2020-10-06 03:00:00,277.01007,272.843,0.84262085,-1.3694763
2020-10-06 04:00:00,276.59955,273.87134,0.9522705,-1.5521698
2020-10-06 05:00:00,275.87073,274.45398,1.5070801,-1.383194
2020-10-06 06:00:00,275.0633,274.1746,1.5522308,-1.0595856
2020-10-06 07:00:00,274.21356,273.59802,1.7984924,-0.5926819
2020-10-06 08:00:00,274.099,273.38095,1.7290802,-0.23954773
2020-10-06 09:00:00,274.20984,272.8824,1.5854492,-0.2881775
2020-10-06 10:00:00,274.8288,272.8333,1.3408661,-0.8834839
2020-10-06 11:00:00,274.56223,272.2249,0.6029968,-0.45137024
2020-10-06 12:00:00,274.4325,271.16235,0.30130005,0.59768486
2020-10-06 13:00:00,273.53198,270.21393,-0.26553345,1.1853504
2020-10-06 14:00:00,272.36377,269.26666,-0.5551758,1.4972954
2020-10-06 15:00:00,271.18716,268.0138,-0.6911316,1.585105
2020-10-06 16:00:00,269.82886,266.49042,-0.8765564,1.8442335
2020-10-06 17:00:00,268.72964,264.7716,-1.0432739,2.340332
2020-10-06 18:00:00,268.17758,263.23962,-1.1691589,2.7029495
2020-10-06 19:00:00,267.85333,260.58276,-1.0311279,2.8149586
2020-10-06 20:00:00,268.26276,259.88177,-1.0347443,2.6466866
2020-10-06 21:00:00,268.64236,258.67786,-0.99731445,2.6349735
2020-10-06 22:00:00,268.77106,257.31497,-0.97746277,2.647522
2020-10-06 23:00:00,268.6043,256.20685,-1.0134583,2.7633362
2020-10-07 00:00:00,268.48068,255.7751,-1.0303497,2.8751373
2020-10-07 01:00:00,268.50113,256.5315,-0.9945526,2.864482
2020-10-07 02:00:00,269.76968,258.9068,-0.83665466,2.647812
2020-10-07 03:00:00,274.23676,263.49664,-0.461792,1.7089691
2020-10-07 04:00:00,277.33258,263.02362,-0.032348633,0.40000916
2020-10-07 05:00:00,278.63916,263.76233,0.3946228,-0.24620056
2020-10-07 06:00:00,279.26685,267.52228,0.78666687,-0.53231716
2020-10-07 07:00:00,279.38635,268.028,0.81185913,-0.5747299
2020-10-07 08:00:00,279.69568,268.91895,0.8995209,-0.75279045
2020-10-07 09:00:00,279.81665,269.74683,0.8909302,-0.5997162
2020-10-07 10:00:00,279.8915,269.87158,0.59750366,-0.4476776
2020-10-07 11:00:00,279.79565,269.69696,0.12150574,0.12069702
2020-10-07 12:00:00,278.71332,269.2394,-0.5540619,1.1181412
2020-10-07 13:00:00,275.88684,268.16473,-0.9078369,2.0250397
2020-10-07 14:00:00,274.00415,266.71976,-1.0899353,2.6089783
2020-10-07 15:00:00,271.9936,265.19214,-1.2948151,3.1817017
2020-10-07 16:00:00,271.06567,264.623,-1.3660736,3.483429
2020-10-07 17:00:00,271.02972,264.43826,-1.3200378,3.5347748
2020-10-07 18:00:00,271.48837,264.4306,-1.1946716,3.4543304
2020-10-07 19:00:00,271.58688,264.52197,-1.1355896,3.4990387
2020-10-07 20:00:00,271.4721,264.451,-1.1290131,3.399643
2020-10-07 21:00:00,271.247,264.6725,-1.1216888,3.4650726
2020-10-07 22:00:00,271.22906,265.00452,-1.1153259,3.4524536
2020-10-07 23:00:00,271.1421,265.153,-1.1177063,3.4905853
2020-10-08 00:00:00,271.29156,265.32574,-1.107605,3.4407043
2020-10-08 01:00:00,271.6082,265.64676,-1.090271,3.3659973
2020-10-08 02:00:00,272.6263,266.7052,-1.0126495,3.0123749
2020-10-08 03:00:00,274.91354,268.25278,-0.77664185,2.2784271
2020-10-08 04:00:00,278.95282,269.73694,-0.24900818,0.98165894
2020-10-08 05:00:00,280.7125,269.75488,0.1673584,-0.3806305
2020-10-08 06:00:00,281.09753,270.52576,0.4807129,-0.77171326
2020-10-08 07:00:00,281.9878,270.7563,0.7218933,-1.1494293
2020-10-08 08:00:00,282.0946,271.30356,0.63038635,-1.3229675
2020-10-08 09:00:00,281.84436,271.53302,0.4703064,-1.2471008
2020-10-08 10:00:00,281.60895,271.4984,0.4661255,-1.1485748
2020-10-08 11:00:00,280.93097,271.39795,0.34059143,-0.9889984
2020-10-08 12:00:00,279.84357,271.12683,0.2081604,-0.19107056
2020-10-08 13:00:00,279.14694,270.8871,-0.13909912,0.64849854
2020-10-08 14:00:00,278.64984,270.68082,-0.2138977,0.97972107
2020-10-08 15:00:00,277.5728,270.4629,-0.24227905,1.1189575
2020-10-08 16:00:00,277.61804,270.1335,-0.28355408,1.0385437
2020-10-08 17:00:00,277.52448,269.90317,-0.19126892,0.99697876
2020-10-08 18:00:00,277.34506,269.6655,-0.117889404,0.98075867
2020-10-08 19:00:00,277.18906,270.20013,-0.2557373,0.9192724
2020-10-08 20:00:00,277.00278,269.9198,-0.28494263,0.8472147
2020-10-08 21:00:00,276.6808,269.61145,-0.2907257,0.7364321
2020-10-08 22:00:00,276.35675,269.4393,-0.24317932,0.7269745
2020-10-08 23:00:00,276.11316,269.29614,-0.20274353,0.7325287
2020-10-09 00:00:00,275.80325,269.21735,-0.15444946,0.7076416
2020-10-09 01:00:00,275.40387,269.06088,-0.10887146,0.5125122
2020-10-09 02:00:00,275.2964,269.18784,-0.13638306,0.401062
2020-10-09 03:00:00,275.51147,269.88077,-0.19743347,-0.07295227
2020-10-09 04:00:00,276.08154,270.48004,-0.13674927,-0.5388794
2020-10-09 05:00:00,276.17477,271.1718,-0.05683899,-0.7072449
2020-10-09 06:00:00,276.5362,271.35004,0.1204834,-0.87931824
2020-10-09 07:00:00,276.8277,273.68265,0.40330505,-1.1556091
2020-10-09 08:00:00,276.82495,273.80884,0.27793884,-1.0238037
2020-10-09 09:00:00,277.27838,274.00104,0.51831055,-1.2558136
2020-10-09 10:00:00,277.2199,273.9861,0.41604614,-1.1955414
2020-10-09 11:00:00,276.90964,273.8687,0.23492432,-0.9772186
2020-10-09 12:00:00,276.46893,273.82608,0.118118286,-0.5232086
2020-10-09 13:00:00,276.31042,274.04175,-0.012252808,0.3486786
2020-10-09 14:00:00,276.24225,272.97598,-0.12246704,0.3714447
2020-10-09 15:00:00,275.99033,272.34085,-0.24752808,0.48127747
2020-10-09 16:00:00,275.45337,271.47675,-0.2877655,0.8726349
2020-10-09 17:00:00,273.7746,269.9661,-0.3052063,1.2851143
2020-10-09 18:00:00,273.03235,268.66315,-0.29115295,1.4172173
2020-10-09 19:00:00,272.04492,268.31897,-0.318573,1.5996246
2020-10-09 20:00:00,272.23984,267.63928,-0.28753662,1.4913025
2020-10-09 21:00:00,271.60236,266.83,-0.38856506,1.5962982
2020-10-09 22:00:00,270.95215,266.2988,-0.4134369,1.70047
2020-10-09 23:00:00,270.30487,265.82733,-0.4085846,1.8141327
2020-10-10 00:00:00,269.5999,265.40488,-0.4123993,1.9439116
2020-10-10 01:00:00,269.60425,265.25058,-0.5039215,2.017439
2020-10-10 02:00:00,270.80634,266.18848,-0.4602356,1.7796421
2020-10-10 03:00:00,274.23242,266.98767,-0.103881836,0.7166481
2020-10-10 04:00:00,275.9008,268.4527,0.32266235,-0.76653385
2020-10-10 05:00:00,276.62933,269.96393,0.42570496,-0.98574543
2020-10-10 06:00:00,277.45892,270.91055,0.58599854,-1.3717966
2020-10-10 07:00:00,277.14166,271.43475,0.55101013,-1.3400354
2020-10-10 08:00:00,277.79498,271.84314,0.5758667,-1.332469
2020-10-10 09:00:00,277.85733,272.07965,0.47572327,-1.3862133
2020-10-10 10:00:00,277.68124,272.12973,0.40438843,-1.2422876
2020-10-10 11:00:00,277.2505,271.83636,0.41938782,-0.9045334
2020-10-10 12:00:00,276.29352,271.58807,0.17707825,-0.19444275
2020-10-10 13:00:00,275.0527,271.76685,-0.29988098,0.7462406
2020-10-10 14:00:00,274.40134,270.44482,-0.3523407,1.0249748
2020-10-10 15:00:00,273.2273,269.4969,-0.37132263,1.2655315
2020-10-10 16:00:00,272.0175,268.47638,-0.4954834,1.5244446
2020-10-10 17:00:00,270.76852,267.4455,-0.60118103,1.8020325
2020-10-10 18:00:00,270.45947,266.82385,-0.69062805,1.9293671
2020-10-10 19:00:00,270.60077,266.42773,-0.6352997,1.7452393
2020-10-10 20:00:00,270.2954,266.20828,-0.6618042,1.8389893
2020-10-10 21:00:00,270.31165,265.99225,-0.6465759,1.9104156
2020-10-10 22:00:00,270.38547,265.80438,-0.69537354,1.9578476
2020-10-10 23:00:00,270.29144,265.37228,-0.7651062,2.0939388
2020-10-11 00:00:00,270.07715,265.02225,-0.8075104,2.152279
2020-10-11 01:00:00,270.0353,265.11963,-0.85365295,2.199421
2020-10-11 02:00:00,271.17545,266.1964,-0.7591553,1.9911137
2020-10-11 03:00:00,275.1488,268.1703,-0.40275574,0.9474926
2020-10-11 04:00:00,277.2379,268.84854,-0.20973206,-0.6892853
2020-10-11 05:00:00,277.87137,269.43326,-0.07319641,-1.0628815
2020-10-11 06:00:00,278.32843,269.89877,0.16986084,-1.1442719
2020-10-11 07:00:00,278.32727,270.3615,0.23423767,-0.9920807
2020-10-11 08:00:00,279.02295,270.623,0.4550476,-1.0210228
2020-10-11 09:00:00,279.20407,270.3712,0.488266,-1.008194
2020-10-11 10:00:00,279.13434,270.0482,0.4154358,-0.8924265
2020-10-11 11:00:00,278.86615,269.57895,0.4947052,-0.84236526
2020-10-11 12:00:00,277.82428,269.29184,0.12374878,0.16705894
2020-10-11 13:00:00,275.9101,270.12518,-0.36053467,1.126709
2020-10-11 14:00:00,274.83075,269.1564,-0.41635132,1.4212236
2020-10-11 15:00:00,273.51587,268.5796,-0.48832703,1.6318483
2020-10-11 16:00:00,272.15994,267.9056,-0.5915985,1.8936872
2020-10-11 17:00:00,270.98758,267.26202,-0.70996094,2.3116636
2020-10-11 18:00:00,270.78537,266.85547,-0.7822876,2.5146055
2020-10-11 19:00:00,271.0605,266.91837,-0.73835754,2.5516653
2020-10-11 20:00:00,271.19885,266.88,-0.9013519,2.9197588
2020-10-11 21:00:00,271.0954,266.8819,-0.9944763,3.0730724
2020-10-11 22:00:00,271.21054,266.6659,-1.010437,3.0131226
2020-10-11 23:00:00,270.86945,266.58167,-1.0375214,3.0766935
2020-10-12 00:00:00,270.85907,265.77838,-1.0519562,3.0863638
2020-10-12 01:00:00,271.26678,265.42328,-1.0324249,3.0652933
2020-10-12 02:00:00,272.35065,265.7246,-0.90075684,2.7540627
2020-10-12 03:00:00,275.7334,269.0821,-0.35212708,1.4718475
2020-10-12 04:00:00,278.90005,268.64005,0.62005615,-0.20343018
2020-10-12 05:00:00,279.70032,269.2262,0.9399414,-0.82429504
2020-10-12 06:00:00,280.27606,269.7252,0.9919586,-1.0838318
2020-10-12 07:00:00,280.59027,269.42407,1.1017303,-1.2640991
2020-10-12 08:00:00,280.93915,269.00696,1.1915894,-1.3437958
2020-10-12 09:00:00,280.93152,268.54953,1.10112,-1.3229256
2020-10-12 10:00:00,280.76477,268.06882,0.95155334,-1.1773071
2020-10-12 11:00:00,280.13788,267.74307,0.5534668,-0.9187927
2020-10-12 12:00:00,279.18164,267.93744,-0.20777893,0.10900879
2020-10-12 13:00:00,276.55072,268.34174,-0.60791016,1.2874298
2020-10-12 14:00:00,273.7448,267.44843,-0.81599426,1.9107208
2020-10-12 15:00:00,272.4157,266.3179,-0.9662628,2.3895264
2020-10-12 16:00:00,271.89532,265.4675,-1.040268,2.6417847
2020-10-12 17:00:00,271.86823,264.81805,-1.0936737,2.8159485
2020-10-12 18:00:00,271.89703,264.0706,-1.1687317,3.055253
2020-10-12 19:00:00,272.41718,263.96948,-1.1634216,3.0625458
2020-10-12 20:00:00,272.09332,263.2039,-1.2288055,3.1656647
2020-10-12 21:00:00,271.9201,262.73584,-1.3034363,3.2833061
2020-10-12 22:00:00,271.92285,262.08002,-1.3455505,3.3205242
2020-10-12 23:00:00,271.95364,261.4479,-1.3768158,3.3456812
2020-10-13 00:00:00,272.03815,260.97098,-1.361618,3.3438253
2020-10-13 01:00:00,271.96613,260.6052,-1.3250275,3.3262978
2020-10-13 02:00:00,272.91125,261.8629,-1.2098389,3.0988617
2020-10-13 03:00:00,276.33234,266.4595,-0.7935028,1.9649658
2020-10-13 04:00:00,280.59735,265.3946,-0.42604065,-0.26844788
2020-10-13 05:00:00,281.81348,264.38385,-0.3356781,-1.1410675
2020-10-13 06:00:00,282.51913,265.8701,-0.29901123,-1.3851423
2020-10-13 07:00:00,283.08508,267.97162,-0.18818665,-1.6470995
2020-10-13 08:00:00,283.36316,268.88885,-0.31645203,-1.7146301
2020-10-13 09:00:00,283.3922,269.6065,-0.34413147,-1.736618
2020-10-13 10:00:00,282.93286,270.05157,-0.34957886,-1.6174021
2020-10-13 11:00:00,281.96783,270.43195,-0.27435303,-1.1180725
2020-10-13 12:00:00,280.35855,273.9165,-0.6047821,0.2521286
2020-10-13 13:00:00,277.85767,270.849,-0.7371216,1.2789927
2020-10-13 14:00:00,275.96454,269.77737,-0.67271423,1.7802734
2020-10-13 15:00:00,273.99875,268.88733,-0.70370483,2.1364746
2020-10-13 16:00:00,272.56708,267.90686,-0.8992462,2.4678497
2020-10-13 17:00:00,272.1515,267.10773,-1.0683899,2.663208
2020-10-13 18:00:00,272.21338,266.30823,-1.1896973,2.7549896
2020-10-13 19:00:00,272.67453,265.35254,-1.2665253,3.1464596
2020-10-13 20:00:00,272.92194,264.5323,-1.2276306,2.9987812
2020-10-13 21:00:00,273.016,263.47345,-1.2156372,3.102377
2020-10-13 22:00:00,273.10974,262.4776,-1.1946411,3.1222687
2020-10-13 23:00:00,273.10785,261.49805,-1.1855392,3.1488934
2020-10-14 00:00:00,273.0232,260.6302,-1.1771698,3.16399
2020-10-14 01:00:00,272.95624,260.59485,-1.166687,3.1615295
2020-10-14 02:00:00,273.81506,262.27283,-1.0568085,2.9264202
2020-10-14 03:00:00,276.8661,267.47766,-0.6941376,1.8611708
2020-10-14 04:00:00,281.31274,265.90558,-0.2313385,-0.14643478
2020-10-14 05:00:00,282.52222,267.03436,0.051712036,-1.0566921
2020-10-14 06:00:00,283.1438,268.74298,0.20558167,-1.3397408
2020-10-14 07:00:00,283.43054,270.2035,0.28910828,-1.5758724
2020-10-14 08:00:00,283.56772,270.9331,0.26553345,-1.7086773
2020-10-14 09:00:00,283.4433,271.35693,0.22021484,-1.6653366
2020-10-14 10:00:00,282.97974,271.49796,0.19384766,-1.4848661
2020-10-14 11:00:00,282.06958,271.50986,0.1595459,-0.921957
2020-10-14 12:00:00,280.9098,273.52466,-0.18693542,0.48644447
2020-10-14 13:00:00,278.1537,271.6507,-0.3960724,1.4815798
2020-10-14 14:00:00,275.94943,270.68274,-0.47590637,1.9845352
2020-10-14 15:00:00,274.16367,269.86514,-0.58810425,2.3490343
2020-10-14 16:00:00,273.28662,269.0512,-0.7803192,2.654541
2020-10-14 17:00:00,273.09204,268.3314,-0.98435974,2.9602451
2020-10-14 18:00:00,273.35596,267.7284,-1.0919495,3.1304932
2020-10-14 19:00:00,274.03476,268.53986,-1.1743164,3.1917572
2020-10-14 20:00:00,274.10168,268.42734,-1.1594543,3.0205688
2020-10-14 21:00:00,274.07578,267.97632,-1.1459045,3.072235
2020-10-14 22:00:00,273.99863,267.2245,-1.1737671,3.1129303
2020-10-14 23:00:00,274.0506,266.51422,-1.1517029,3.1473083
2020-10-15 00:00:00,274.1305,265.8165,-1.1436768,3.1345215
2020-10-15 01:00:00,274.79608,265.94647,-1.0445099,2.9894867
2020-10-15 02:00:00,275.3761,266.48523,-0.9411316,2.7970123
2020-10-15 03:00:00,278.64825,270.97803,-0.6630707,1.5163116
2020-10-15 04:00:00,282.33618,269.58093,-0.25798035,-0.07423401
2020-10-15 05:00:00,283.5219,270.45178,0.016845703,-1.0764647
2020-10-15 06:00:00,284.23456,271.58203,0.10322571,-1.2240076
2020-10-15 07:00:00,284.73285,274.06366,0.17608643,-1.5542355
2020-10-15 08:00:00,285.0083,274.41937,0.043646812,-1.6822758
2020-10-15 09:00:00,284.96143,274.57288,0.09658241,-1.6874218
2020-10-15 10:00:00,284.52386,274.57648,0.037444115,-1.5597343
2020-10-15 11:00:00,283.60828,274.42984,0.07112217,-1.0828247
2020-10-15 12:00:00,282.72986,274.1442,-0.26535892,0.25334167
2020-10-15 13:00:00,280.11334,274.4074,-0.49951363,1.3726959
2020-10-15 14:00:00,278.61368,273.72827,-0.4988327,1.7522736
2020-10-15 15:00:00,277.25266,273.04163,-0.5342388,2.0017395
2020-10-15 16:00:00,275.91602,272.302,-0.6560936,2.2581024
2020-10-15 17:00:00,275.78543,272.42004,-0.8203392,2.5249023
2020-10-15 18:00:00,275.85074,272.2083,-0.96468544,2.7759247
2020-10-15 19:00:00,275.75952,271.5345,-1.1621428,3.1857147
2020-10-15 20:00:00,276.00616,271.28012,-1.1542435,2.9857483
2020-10-15 21:00:00,276.2575,271.19208,-1.1697083,2.9543152
2020-10-15 22:00:00,275.99426,270.63684,-1.1827879,2.9608307
2020-10-15 23:00:00,275.97803,270.05963,-1.1634722,2.935089
2020-10-16 00:00:00,275.94537,269.52295,-1.1452713,2.9711761
2020-10-16 01:00:00,275.90173,269.30566,-1.1369286,3.0056763
2020-10-16 02:00:00,276.7404,270.33344,-1.0157423,2.70788
2020-10-16 03:00:00,279.64075,274.58588,-0.65713215,1.5152607
2020-10-16 04:00:00,283.48514,273.53265,-0.27480507,-0.18826103
2020-10-16 05:00:00,284.54456,274.15112,-0.052764893,-1.0918427
2020-10-16 06:00:00,285.29785,274.7406,-0.00030517578,-1.3584976
2020-10-16 07:00:00,285.83704,275.21805,-0.105270386,-1.643012
2020-10-16 08:00:00,286.12213,275.5403,-0.13076782,-1.753624
2020-10-16 09:00:00,286.08002,275.70764,-0.15164185,-1.7270584
2020-10-16 10:00:00,285.72284,275.7097,-0.16259766,-1.6012669
2020-10-16 11:00:00,284.73254,275.6361,-0.13241577,-1.1080933
2020-10-16 12:00:00,283.4046,277.0805,-0.54655457,0.2453804
2020-10-16 13:00:00,280.81293,275.49615,-0.6371765,1.436449
2020-10-16 14:00:00,279.28217,274.54712,-0.55500793,1.8187103
2020-10-16 15:00:00,277.43396,273.54218,-0.59939575,2.222458
2020-10-16 16:00:00,276.17178,272.80194,-0.8368225,2.742344
2020-10-16 17:00:00,276.14337,272.5551,-1.0657654,3.11166
2020-10-16 18:00:00,276.41553,272.57,-1.1368256,3.1929264
2020-10-16 19:00:00,276.53778,272.55118,-1.2512817,3.4570847
2020-10-16 20:00:00,276.81393,272.32117,-1.1897736,3.2251587
2020-10-16 21:00:00,277.03256,272.1552,-1.1157227,3.1272259
2020-10-16 22:00:00,276.98822,271.8047,-1.0856171,3.1101227
2020-10-16 23:00:00,276.93005,271.43732,-1.0504913,3.1147728
2020-10-17 00:00:00,276.79526,271.06522,-1.0543518,3.1511326
2020-10-17 01:00:00,276.75055,271.04456,-1.0561218,3.1877756
2020-10-17 02:00:00,277.78574,271.9234,-0.9363861,2.870555
2020-10-17 03:00:00,280.57236,275.86566,-0.5652008,1.7763338
2020-10-17 04:00:00,285.13965,274.25687,0.0048980713,0.061789513
2020-10-17 05:00:00,286.1876,273.78827,0.39813232,-0.86830425
2020-10-17 06:00:00,286.885,274.44592,0.5641022,-1.1711311
2020-10-17 07:00:00,287.4322,274.75012,0.670578,-1.2789154
2020-10-17 08:00:00,287.59943,275.20587,0.74949646,-1.3551483
2020-10-17 09:00:00,287.5272,275.69022,0.90148926,-1.4158173
2020-10-17 10:00:00,287.03607,276.1202,0.87109375,-1.2396088
2020-10-17 11:00:00,286.10083,276.5998,0.7664337,-0.7979431
2020-10-17 12:00:00,284.80945,277.6604,0.6126404,0.36364746
2020-10-17 13:00:00,281.96405,276.56024,-0.0031433105,1.6120605
2020-10-17 14:00:00,279.93503,275.79114,-0.114593506,2.0611115
2020-10-17 15:00:00,278.30945,274.9189,-0.2825775,2.34346
2020-10-17 16:00:00,277.2541,274.1529,-0.5781555,2.660019
2020-10-17 17:00:00,276.61334,273.56467,-0.7763519,2.9241333
2020-10-17 18:00:00,276.5656,273.12903,-0.87594604,2.8746338
2020-10-17 19:00:00,276.46088,271.615,-0.9787445,2.9797363
2020-10-17 20:00:00,276.28894,271.00177,-0.98350525,3.0260773
2020-10-17 21:00:00,276.25415,270.69586,-0.9640503,2.9476929
2020-10-17 22:00:00,276.25598,270.57074,-0.9611664,2.8943815
2020-10-17 23:00:00,276.04932,270.44318,-1.0046997,2.9962196
2020-10-18 00:00:00,275.92798,270.3269,-0.96536255,3.0321045
2020-10-18 01:00:00,276.02686,270.48645,-0.93977356,3.0444183
2020-10-18 02:00:00,276.63745,271.01944,-0.9220886,2.867981
2020-10-18 03:00:00,279.78748,275.32687,-0.54981995,1.8894653
2020-10-18 04:00:00,285.21674,273.14148,0.74076843,0.13999939
2020-10-18 05:00:00,286.29254,272.2091,1.3457031,-0.741333
2020-10-18 06:00:00,286.87158,272.83704,1.4603271,-1.1924896
2020-10-18 07:00:00,287.3042,273.3565,1.7213287,-1.187851
2020-10-18 08:00:00,287.51434,273.51074,1.8252258,-1.3390961
2020-10-18 09:00:00,287.43628,273.64478,1.7830505,-1.3129578
2020-10-18 10:00:00,287.0443,273.8348,1.6293945,-1.032547
2020-10-18 11:00:00,286.22534,274.37964,1.1878967,-0.57759094
2020-10-18 12:00:00,284.3622,276.4756,0.58218384,0.7866211
2020-10-18 13:00:00,281.38452,274.57874,0.1274414,1.796463
2020-10-18 14:00:00,280.5036,273.48114,0.17408752,1.8808136
2020-10-18 15:00:00,279.54962,272.62695,0.08319092,2.004593
2020-10-18 16:00:00,277.78387,271.83893,-0.31419373,2.295518
2020-10-18 17:00:00,276.11993,271.04877,-0.55758667,2.5934105
2020-10-18 18:00:00,275.422,270.4657,-0.72221375,2.774804
2020-10-18 19:00:00,274.90765,269.8064,-0.8543701,2.8154993
2020-10-18 20:00:00,274.63953,269.02557,-0.9759674,2.9634743
2020-10-18 21:00:00,274.70255,268.34668,-1.0721283,3.0420141
2020-10-18 22:00:00,274.90564,267.66992,-1.1643219,3.112937
2020-10-18 23:00:00,275.12054,266.87082,-1.1712799,3.1308174
2020-10-19 00:00:00,275.2583,265.87396,-1.2142944,3.1539593
2020-10-19 01:00:00,274.92694,264.61725,-1.2685394,3.3012905
2020-10-19 02:00:00,275.60895,265.26007,-1.2483978,3.2442417
2020-10-19 03:00:00,279.0216,270.9356,-0.8902893,2.1633797
2020-10-19 04:00:00,283.93405,273.0951,-0.52238464,0.31728554
2020-10-19 05:00:00,286.5982,265.6434,-0.6251526,-0.55610085
2020-10-19 06:00:00,287.50885,266.89658,-0.5857239,-1.2074718
2020-10-19 07:00:00,287.67188,268.09485,-0.6075592,-1.651638
2020-10-19 08:00:00,287.96362,269.1795,-0.73558044,-1.5714331
2020-10-19 09:00:00,288.08487,270.00482,-0.8041687,-1.4221611
2020-10-19 10:00:00,287.82843,270.57214,-0.7869568,-1.1669388
2020-10-19 11:00:00,286.81525,271.49597,-0.71095276,-0.46869087
2020-10-19 12:00:00,283.95825,274.33566,-0.935791,1.1234398
2020-10-19 13:00:00,280.2815,272.87912,-1.1708832,2.213108
2020-10-19 14:00:00,278.47272,272.95148,-1.2440643,2.8843498
2020-10-19 15:00:00,278.03036,272.94495,-1.2187805,3.1822567
2020-10-19 16:00:00,278.17078,272.61835,-1.199997,3.3909512
2020-10-19 17:00:00,278.4076,271.98053,-1.22966,3.519061
2020-10-19 18:00:00,278.2506,270.77783,-1.2823486,3.631693
2020-10-19 19:00:00,278.47375,269.58997,-1.4000244,3.7952242
2020-10-19 20:00:00,278.62317,268.63586,-1.2820129,3.6680756
2020-10-19 21:00:00,278.515,267.84082,-1.2748413,3.7208405
2020-10-19 22:00:00,278.43607,267.10492,-1.2858582,3.7479858
2020-10-19 23:00:00,278.42413,266.51758,-1.2934875,3.7769842
2020-10-20 00:00:00,278.47894,266.17398,-1.3061829,3.7807178
2020-10-20 01:00:00,278.51605,266.13403,-1.2792053,3.7813063
2020-10-20 02:00:00,279.21674,267.5161,-1.210968,3.6395473
2020-10-20 03:00:00,282.37573,272.68665,-0.82162476,2.870758
2020-10-20 04:00:00,286.59988,279.8683,-0.2750702,1.4041595
2020-10-20 05:00:00,290.97278,274.4634,-0.14215088,0.06333923
2020-10-20 06:00:00,291.97086,273.2037,-0.1487732,-0.57858276
2020-10-20 07:00:00,292.5474,274.37454,-0.15325928,-1.0237646
2020-10-20 08:00:00,292.5164,275.40125,-0.24220276,-1.233036
2020-10-20 09:00:00,292.2772,276.18665,-0.33099365,-1.159277
2020-10-20 10:00:00,291.6364,276.73572,-0.2889557,-0.92466736
2020-10-20 11:00:00,290.18915,281.83817,-0.26660156,0.11079407
2020-10-20 12:00:00,287.05154,278.0307,-0.27119446,1.2624121
2020-10-20 13:00:00,283.24432,276.6416,-0.4898224,2.1542816
2020-10-20 14:00:00,281.0824,275.58795,-0.6697693,2.667984
2020-10-20 15:00:00,279.9594,274.8438,-0.8347168,3.0099792
2020-10-20 16:00:00,279.67188,274.1482,-0.8869171,3.171646
2020-10-20 17:00:00,279.58612,273.2201,-0.8902588,3.2261353
2020-10-20 18:00:00,279.5806,271.61902,-0.895813,3.210373
2020-10-20 19:00:00,280.08612,270.9253,-0.93614197,3.298314
2020-10-20 20:00:00,280.05396,269.8058,-0.94799805,3.0658474
2020-10-20 21:00:00,279.80164,268.9493,-1.0620422,3.077301
2020-10-20 22:00:00,279.5127,268.226,-1.1378784,3.0491333
2020-10-20 23:00:00,279.17316,267.9895,-1.1885223,3.0216064
2020-10-21 00:00:00,278.89322,268.61584,-1.1934662,3.0812225
2020-10-21 01:00:00,279.09338,270.3219,-1.1677704,2.9743156
2020-10-21 02:00:00,279.4344,272.12192,-1.0590363,2.8153105
2020-10-21 03:00:00,282.1121,276.88092,-0.6813202,1.8821316
2020-10-21 04:00:00,286.49097,280.39923,0.343338,0.2045641
2020-10-21 05:00:00,288.45715,276.4953,1.1222839,-0.7130003
2020-10-21 06:00:00,288.8559,275.53348,1.3072662,-1.2415466
2020-10-21 07:00:00,289.21027,273.29312,0.8509979,-1.5237122
2020-10-21 08:00:00,289.29233,272.8993,0.8566284,-1.1763
2020-10-21 09:00:00,289.11996,272.85696,1.2824097,-0.89012146
2020-10-21 10:00:00,288.41562,272.64203,1.1961212,-0.799942
2020-10-21 11:00:00,287.42755,272.90485,0.5554962,0.06350708
2020-10-21 12:00:00,285.1507,275.61316,-0.1262207,1.3826904
2020-10-21 13:00:00,282.2983,274.35815,-0.49143982,1.9993591
2020-10-21 14:00:00,280.4461,273.58173,-0.841568,2.4126434
2020-10-21 15:00:00,279.20575,272.8629,-1.0948334,2.824524
2020-10-21 16:00:00,278.46094,272.15384,-1.2084808,3.0426636
2020-10-21 17:00:00,278.3687,271.08478,-1.2362823,3.0715942
2020-10-21 18:00:00,278.005,269.72687,-1.2976227,3.1260376
2020-10-21 19:00:00,277.75247,270.98428,-1.3574219,3.2993622
2020-10-21 20:00:00,277.49643,270.0047,-1.2953644,3.1734924
2020-10-21 21:00:00,277.25006,269.02158,-1.3029175,3.200348
2020-10-21 22:00:00,277.21338,268.01178,-1.2337799,3.080307
2020-10-21 23:00:00,277.1162,266.95453,-1.1990051,2.9860077
2020-10-22 00:00:00,277.07806,266.39172,-1.1665344,3.002594
2020-10-22 01:00:00,276.8014,266.35535,-1.09198,2.9519043
2020-10-22 02:00:00,277.33676,268.4862,-0.86183167,2.513855
2020-10-22 03:00:00,280.4514,274.05597,-0.41949463,1.2055664
2020-10-22 04:00:00,283.72626,270.76462,0.20690918,-0.04852295
2020-10-22 05:00:00,284.68045,271.6764,0.9437561,-1.1197968
2020-10-22 06:00:00,284.59344,272.1858,1.3109436,-1.8616877
2020-10-22 07:00:00,284.26004,270.17584,0.97927856,-2.500473
2020-10-22 08:00:00,282.9314,270.17313,0.72158813,-2.7323456
2020-10-22 09:00:00,281.37527,271.0949,0.2089386,-1.9138203
2020-10-22 10:00:00,281.05206,271.7861,-0.24107361,-1.3535004
2020-10-22 11:00:00,280.42627,272.20203,-0.03805542,-1.4068642
2020-10-22 12:00:00,279.01273,272.7574,0.08795166,-1.0242558
2020-10-22 13:00:00,278.1578,272.92957,-0.0806427,-0.25030708
2020-10-22 14:00:00,277.91675,272.9251,-0.4604187,0.1984005
2020-10-22 15:00:00,277.85947,272.89255,-0.764328,0.2862091
2020-10-22 16:00:00,277.06012,272.71396,-0.8882599,0.5179138
2020-10-22 17:00:00,276.27112,272.1943,-0.80259705,0.7893219
2020-10-22 18:00:00,274.8276,271.4293,-0.8192291,1.0871124
2020-10-22 19:00:00,273.2685,270.26965,-0.7896881,1.5992241
2020-10-22 20:00:00,272.6737,269.62766,-0.86808777,1.7868595
2020-10-22 21:00:00,272.5622,269.22308,-0.8316803,1.7094326
2020-10-22 22:00:00,273.1947,269.23355,-0.6654053,1.46381
2020-10-22 23:00:00,274.9054,269.7135,-0.3502655,1.097086
2020-10-23 00:00:00,275.56195,270.13025,-0.28767395,0.9324055
2020-10-23 01:00:00,275.55334,270.0091,-0.081085205,0.757864
2020-10-23 02:00:00,275.35434,270.6886,-0.14360046,0.45755005
2020-10-23 03:00:00,275.5821,271.881,0.07142639,-0.33929634
2020-10-23 04:00:00,275.89282,272.51685,0.087875366,-0.82071686
2020-10-23 05:00:00,276.00446,273.0616,0.1285553,-1.016777
2020-10-23 06:00:00,276.19025,273.26175,0.43040466,-1.3376474
2020-10-23 07:00:00,274.92474,273.39362,0.90631104,-1.0123634
2020-10-23 08:00:00,274.57224,273.53326,0.95706177,-1.040349
2020-10-23 09:00:00,274.36014,273.2544,1.0455322,-0.4977932
2020-10-23 10:00:00,274.17352,273.50317,1.3110962,-0.08342743
2020-10-23 11:00:00,274.13354,273.28314,1.1641388,0.05072403
2020-10-23 12:00:00,274.05457,273.33057,0.9684601,0.14058685
2020-10-23 13:00:00,273.76834,273.2197,0.97869873,0.34965324
2020-10-23 14:00:00,273.45538,272.91254,0.9117584,0.5072384
2020-10-23 15:00:00,273.00195,272.3559,0.74668884,0.6325693
2020-10-23 16:00:00,273.29602,272.15143,0.57618713,0.4760847
2020-10-23 17:00:00,273.47076,271.7606,0.33816528,0.48477745
2020-10-23 18:00:00,273.7231,271.1006,0.23458862,0.43482304
2020-10-23 19:00:00,273.29492,271.04468,0.16680908,0.48745728
2020-10-23 20:00:00,273.33304,270.87204,-0.019088745,0.29721928
2020-10-23 21:00:00,273.2607,270.70288,-0.26584053,0.3505993
2020-10-23 22:00:00,272.48132,270.11035,-0.48423767,0.6147461
2020-10-23 23:00:00,272.0304,269.58942,-0.54911137,0.7337513
2020-10-24 00:00:00,271.99127,269.37244,-0.60664654,0.7236624
2020-10-24 01:00:00,272.49814,269.30405,-0.5708933,0.6352234
2020-10-24 02:00:00,272.6175,269.29047,-0.55096245,0.5773468
2020-10-24 03:00:00,273.79468,269.27393,-0.454031,0.102752686
2020-10-24 04:00:00,274.25555,270.5893,-0.25619507,-0.60554504
2020-10-24 05:00:00,274.87204,271.11462,0.013626099,-0.92926025
2020-10-24 06:00:00,274.31628,272.04407,0.09280586,-0.8961487
2020-10-24 07:00:00,276.09534,271.79953,0.3852234,-1.1353912
2020-10-24 08:00:00,275.9552,272.2384,0.33522034,-1.0679626
2020-10-24 09:00:00,276.10724,272.3794,0.34575844,-0.9439697
2020-10-24 10:00:00,276.04254,272.46143,0.12657166,-1.0253143
2020-10-24 11:00:00,275.43884,272.5399,-0.3106842,-0.18223572
2020-10-24 12:00:00,274.59558,271.49567,-0.72595215,0.9427643
2020-10-24 13:00:00,272.88055,269.62396,-0.971735,1.7483063
2020-10-24 14:00:00,271.25183,267.38928,-1.0829792,2.401123
2020-10-24 15:00:00,269.03696,265.06644,-1.1892414,3.088211
2020-10-24 16:00:00,268.18665,263.93127,-1.2406502,3.3988342
2020-10-24 17:00:00,267.96948,263.00226,-1.2922115,3.5271454
2020-10-24 18:00:00,268.1143,262.31882,-1.312788,3.55484
2020-10-24 19:00:00,268.89935,262.68823,-1.2945404,3.49057
2020-10-24 20:00:00,269.58185,262.85364,-1.1912689,3.2365112
2020-10-24 21:00:00,270.1963,263.03766,-1.1285553,3.1215057
2020-10-24 22:00:00,270.54852,263.12732,-1.0438423,3.0191345
2020-10-24 23:00:00,270.74234,263.163,-1.0188236,2.9596405
2020-10-25 00:00:00,270.81348,263.21472,-1.0132847,2.9396057
2020-10-25 01:00:00,271.04834,263.57248,-1.0558796,2.9249878
2020-10-25 02:00:00,271.34564,264.04642,-1.0247974,2.8747387
2020-10-25 03:00:00,272.96252,265.6672,-0.8076477,2.4199696
2020-10-25 04:00:00,276.0935,267.69675,-0.5117035,1.4329338
2020-10-25 05:00:00,278.83862,267.11133,-0.3256836,0.31791115
2020-10-25 06:00:00,279.81183,267.05908,-0.19996643,-0.4972725
2020-10-25 07:00:00,280.4691,268.79926,0.22821045,-1.276823
2020-10-25 08:00:00,280.60223,269.46082,0.043182373,-1.4039764
2020-10-25 09:00:00,280.60406,269.9155,0.019012451,-1.2445374
2020-10-25 10:00:00,280.47192,269.78503,-0.023834229,-0.96154785
2020-10-25 11:00:00,279.9922,269.8871,-0.22062683,-0.5313568
2020-10-25 12:00:00,278.21204,270.94043,-0.7478485,0.95991516
2020-10-25 13:00:00,275.66028,269.7147,-0.7870636,1.5967407
2020-10-25 14:00:00,273.38956,268.32367,-0.8470001,2.07547
2020-10-25 15:00:00,271.99622,266.88782,-1.0852509,2.6420288
2020-10-25 16:00:00,271.5297,265.77258,-1.2530823,3.1689453
2020-10-25 17:00:00,270.98083,265.15582,-1.2993927,3.4212646
2020-10-25 18:00:00,271.18698,265.07593,-1.3213043,3.4506226
2020-10-25 19:00:00,271.37823,265.5243,-1.3404846,3.5980225
2020-10-25 20:00:00,271.55154,265.4234,-1.3110199,3.4113922
2020-10-25 21:00:00,271.8462,265.4663,-1.3042908,3.412445
2020-10-25 22:00:00,271.8819,265.28186,-1.315979,3.454956
2020-10-25 23:00:00,272.13403,265.36368,-1.3037567,3.4771423
2020-10-26 00:00:00,272.41046,265.52856,-1.2819366,3.5171204
2020-10-26 01:00:00,272.68317,265.78558,-1.2427063,3.5214844
2020-10-26 02:00:00,273.13007,266.30054,-1.1837616,3.4224396
2020-10-26 03:00:00,276.14172,269.34833,-0.8981018,2.621109
2020-10-26 04:00:00,281.20807,271.29413,-0.46315002,1.2282715
2020-10-26 05:00:00,283.61066,271.0902,-0.44293213,0.071640015
2020-10-26 06:00:00,284.78812,270.41547,-0.5484772,-0.38336182
2020-10-26 07:00:00,285.51263,271.7593,-0.24273682,-0.6700897
2020-10-26 08:00:00,285.84827,272.10742,-0.00793457,-0.98831177
2020-10-26 09:00:00,285.6449,272.42468,-0.0552063,-0.93977356
2020-10-26 10:00:00,285.32397,272.43347,-0.5176544,-0.23286438
2020-10-26 11:00:00,284.38788,273.35303,-0.9962921,0.51116943
2020-10-26 12:00:00,281.41812,273.29532,-0.9339905,1.7442627
2020-10-26 13:00:00,278.46408,272.40427,-0.9446106,2.496109
2020-10-26 14:00:00,277.27646,271.53247,-1.1349487,2.9325867
2020-10-26 15:00:00,276.7875,270.75815,-1.2181702,3.2133179
2020-10-26 16:00:00,276.50122,269.9021,-1.15979,3.306015
2020-10-26 17:00:00,276.578,269.18924,-1.0326538,3.2420044
2020-10-26 18:00:00,276.48694,268.58984,-1.079422,3.2334442
2020-10-26 19:00:00,276.8465,269.1275,-1.1707764,3.319397
2020-10-26 20:00:00,277.1703,269.35498,-1.1870117,3.2700348
2020-10-26 21:00:00,277.24652,269.45856,-1.1982117,3.375122
2020-10-26 22:00:00,277.2432,269.4661,-1.2089386,3.456009
2020-10-26 23:00:00,277.07278,269.33847,-1.2045593,3.4413147
2020-10-27 00:00:00,276.578,268.94397,-1.2592163,3.4944916
2020-10-27 01:00:00,276.0735,268.66632,-1.3872833,3.5785675
2020-10-27 02:00:00,276.13684,269.06863,-1.4698792,3.581009
2020-10-27 03:00:00,279.09003,271.9809,-1.1666412,2.9485931
2020-10-27 04:00:00,283.80017,275.81628,-0.75076294,1.6112366
2020-10-27 05:00:00,287.01086,274.1146,-0.67515564,0.587265
2020-10-27 06:00:00,288.02713,273.83954,-0.5357971,0.15560913
2020-10-27 07:00:00,288.82104,274.8597,-0.07962036,0.062149048
2020-10-27 08:00:00,289.09235,274.89594,0.29382324,-0.33309937
2020-10-27 09:00:00,288.8105,275.12646,0.35362244,-0.5703888
2020-10-27 10:00:00,288.09515,275.48538,0.38160706,-0.26927185
2020-10-27 11:00:00,286.59167,276.81503,0.48104858,0.09489441
2020-10-27 12:00:00,284.00934,276.76224,0.3196869,0.98672485
2020-10-27 13:00:00,280.6026,275.3858,0.026779175,1.7007599
2020-10-27 14:00:00,278.31396,274.23444,-0.3279419,2.2123566
2020-10-27 15:00:00,277.43622,273.53934,-0.41357422,2.4114838
2020-10-27 16:00:00,277.17566,273.3195,-0.20767212,2.2117462
2020-10-27 17:00:00,280.51373,273.23923,0.091537476,1.1768188
2020-10-27 18:00:00,279.4372,273.59628,-0.135849,-0.39379787
2020-10-27 19:00:00,278.10596,272.99106,-0.2364502,-0.2203064
2020-10-27 20:00:00,276.90448,272.92255,-0.32148743,0.011562347
2020-10-27 21:00:00,276.07233,272.63092,-0.2963562,0.21922493
2020-10-27 22:00:00,275.52753,272.4211,-0.12910461,0.11794853
2020-10-27 23:00:00,275.01105,272.544,-0.122909546,-0.05904007
2020-10-28 00:00:00,274.49872,272.70233,0.046463013,-0.16603088
2020-10-28 01:00:00,273.07452,271.74896,-0.037246704,-0.2519226
2020-10-28 02:00:00,272.8098,271.76465,-0.23320007,0.21270752
2020-10-28 03:00:00,273.2237,271.83777,-0.2524109,-0.23158264
2020-10-28 04:00:00,273.7956,271.98694,-0.19406128,-0.15966797
2020-10-28 05:00:00,274.45947,272.41412,-0.075653076,-0.28483582
2020-10-28 06:00:00,275.22366,272.70532,0.48049927,-0.6856108
2020-10-28 07:00:00,275.02228,272.58118,0.7342529,-1.0989075
2020-10-28 08:00:00,275.2221,272.66196,0.8319092,-1.2429657
2020-10-28 09:00:00,274.8935,272.7489,0.4205475,-1.3673553
2020-10-28 10:00:00,274.24054,272.29446,0.40620422,-1.0116329
2020-10-28 11:00:00,273.85107,271.99576,0.4255371,-0.96881866
2020-10-28 12:00:00,273.37006,271.54724,0.48477173,-0.768404
2020-10-28 13:00:00,272.98743,271.4735,0.5044708,-0.5235901
2020-10-28 14:00:00,272.91684,271.25586,0.4356842,-0.40785027
2020-10-28 15:00:00,272.72308,271.1084,0.4808197,-0.31811523
2020-10-28 16:00:00,272.47922,270.78796,0.54489136,-0.28886414
2020-10-28 17:00:00,272.35046,270.6209,0.4190216,0.13746643
2020-10-28 18:00:00,272.22348,270.94098,0.45141602,-0.00091552734
2020-10-28 19:00:00,271.696,270.05225,0.58750916,-0.28677177
2020-10-28 20:00:00,271.39276,269.9477,0.50379944,-0.09878731
2020-10-28 21:00:00,270.98193,269.76392,0.5337677,-0.37947083
2020-10-28 22:00:00,270.4967,269.66684,0.43721008,-0.440444
2020-10-28 23:00:00,270.35913,269.44177,0.26223755,-0.23399353
2020-10-29 00:00:00,270.29608,268.9408,0.18048096,0.19335747
2020-10-29 01:00:00,270.54095,268.93805,0.06277466,0.4927597
2020-10-29 02:00:00,270.5995,268.29132,-0.07408142,0.5656643
2020-10-29 03:00:00,271.4951,267.78656,-0.25282288,-0.061151505
2020-10-29 04:00:00,272.24243,267.42957,-0.015472412,-0.6477375
2020-10-29 05:00:00,272.78876,267.60266,0.3340149,-0.74705505
2020-10-29 06:00:00,273.85156,267.85547,0.64582825,-0.92116356
2020-10-29 07:00:00,274.39044,267.91223,0.9962158,-1.2061462
2020-10-29 08:00:00,274.82947,267.87354,1.2039948,-1.1146088
2020-10-29 09:00:00,274.82336,267.7749,1.0676422,-1.354248
2020-10-29 10:00:00,274.53174,267.9603,0.7736206,-0.9734421
2020-10-29 11:00:00,274.07977,267.84894,0.48802185,-0.66604614
2020-10-29 12:00:00,273.28363,268.088,-0.12841797,0.40951347
2020-10-29 13:00:00,271.6017,267.56055,-0.46022034,1.2875919
2020-10-29 14:00:00,269.75195,266.391,-0.6524658,1.75601
2020-10-29 15:00:00,268.70355,265.26257,-0.7866211,2.016611
2020-10-29 16:00:00,268.1756,264.1847,-0.9326477,2.2821999
2020-10-29 17:00:00,268.1655,263.16565,-1.0109406,2.5012207
2020-10-29 18:00:00,268.31598,262.2572,-1.060257,2.6131077
2020-10-29 19:00:00,268.19705,261.34277,-1.1814728,2.7450066
2020-10-29 20:00:00,268.43665,260.7989,-1.126648,2.6959534
2020-10-29 21:00:00,268.50458,260.21844,-1.1070709,2.7116547
2020-10-29 22:00:00,268.7516,259.85147,-1.0567474,2.657013
2020-10-29 23:00:00,268.91602,259.5501,-1.0398865,2.6453094
2020-10-30 00:00:00,268.78998,259.2915,-1.0769958,2.7591324
2020-10-30 01:00:00,268.82083,259.40573,-1.100708,2.8629942
2020-10-30 02:00:00,269.25092,259.54254,-1.0414276,2.821745
2020-10-30 03:00:00,272.5987,262.6239,-0.73121643,2.1593857
2020-10-30 04:00:00,277.23065,264.64514,-0.41261292,0.63980484
2020-10-30 05:00:00,278.76434,263.8613,-0.44662476,-0.39508438
2020-10-30 06:00:00,279.24405,265.40546,-0.37496948,-0.9405823
2020-10-30 07:00:00,279.6704,268.515,-0.15428162,-1.1789398
2020-10-30 08:00:00,279.84622,269.23904,-0.3035431,-1.1902466
2020-10-30 09:00:00,279.92963,269.55807,-0.38000488,-1.1465302
2020-10-30 10:00:00,279.70215,269.3812,-0.45645142,-0.92082214
2020-10-30 11:00:00,278.81488,269.62665,-0.6041565,-0.0019836426
2020-10-30 12:00:00,276.10925,270.18835,-0.6817169,1.3307037
2020-10-30 13:00:00,273.4063,268.55603,-0.77246094,1.8947906
2020-10-30 14:00:00,271.24548,267.24377,-0.8633728,2.2805023
2020-10-30 15:00:00,270.16824,266.1601,-0.9896698,2.5088959
2020-10-30 16:00:00,269.94675,265.6211,-1.0921926,2.6401978
2020-10-30 17:00:00,269.89243,265.01733,-1.1376953,2.7747803
2020-10-30 18:00:00,270.01642,264.1985,-1.1308289,2.8831177
2020-10-30 19:00:00,270.1463,264.17236,-1.2090912,3.3567047
2020-10-30 20:00:00,270.39044,262.95526,-1.1664886,3.2294312
2020-10-30 21:00:00,270.3531,261.8553,-1.1878967,3.2429352
2020-10-30 22:00:00,270.3736,261.08362,-1.178833,3.2212524
2020-10-30 23:00:00,270.44617,260.6997,-1.1902161,3.2125397
2020-10-31 00:00:00,270.4115,260.5522,-1.18219,3.2255707
2020-10-31 01:00:00,270.66068,260.6301,-1.1617584,3.1862335
2020-10-31 02:00:00,270.9101,260.97632,-1.1579437,3.1376038
2020-10-31 03:00:00,273.91455,264.31885,-0.9364624,2.4569244
2020-10-31 04:00:00,279.32147,265.61975,-0.54074097,1.0942078
2020-10-31 05:00:00,281.3616,264.46912,-0.41622925,-0.1278534
2020-10-31 06:00:00,282.08862,264.5314,-0.2820282,-0.8171234
2020-10-31 07:00:00,282.1252,267.837,-0.18867493,-1.1507721
2020-10-31 08:00:00,282.14026,268.87134,-0.30700684,-1.2654114
2020-10-31 09:00:00,282.0687,269.3396,-0.4573822,-1.2263031
2020-10-31 10:00:00,281.8647,269.27087,-0.5680084,-0.96295166
2020-10-31 11:00:00,280.57816,270.51318,-0.8360443,0.054611206
2020-10-31 12:00:00,277.3513,270.56128,-0.9037323,1.3518219
2020-10-31 13:00:00,274.13947,268.92224,-0.9633179,2.0419617
2020-10-31 14:00:00,272.04062,267.41214,-1.0207214,2.5396576
2020-10-31 15:00:00,271.10468,266.2398,-1.132782,2.8343048
2020-10-31 16:00:00,271.0406,265.60565,-1.1709747,2.9620514
2020-10-31 17:00:00,271.14975,264.65363,-1.1929779,3.0206604
2020-10-31 18:00:00,271.44568,263.81326,-1.2162476,3.0758514
2020-10-31 19:00:00,271.44128,263.14777,-1.2320404,3.473648
2020-10-31 20:00:00,271.82812,262.31738,-1.1838989,3.2773132
2020-10-31 21:00:00,271.8741,262.06885,-1.1865845,3.2696686
2020-10-31 22:00:00,271.83804,261.78995,-1.1663513,3.2780304
2020-10-31 23:00:00,271.90988,261.573,-1.1531525,3.2562408
2020-11-01 00:00:00,271.6387,261.25616,-1.1619415,3.2897034
2020-11-01 01:00:00,271.77026,261.18896,-1.1563263,3.2782745
2020-11-01 02:00:00,272.03833,261.3185,-1.1201477,3.1864624
2020-11-01 03:00:00,274.9778,264.62366,-0.89334106,2.4656982
2020-11-01 04:00:00,280.25726,268.72803,-0.32800293,0.96824646
2020-11-01 05:00:00,282.4132,264.85663,0.003540039,-0.17948914
2020-11-01 06:00:00,283.091,266.47046,0.3264618,-0.8075104
2020-11-01 07:00:00,282.98236,268.6261,0.50749207,-0.97216797
2020-11-01 08:00:00,283.00653,269.8593,0.5269928,-1.0335541
2020-11-01 09:00:00,282.8035,270.58142,0.52134705,-1.0007172
2020-11-01 10:00:00,282.26663,271.27856,0.46824646,-0.6988983
2020-11-01 11:00:00,281.2135,275.04614,0.33251953,0.20657349
2020-11-01 12:00:00,279.60477,271.83746,-0.044509888,1.2969513
2020-11-01 13:00:00,276.7863,270.9497,-0.2992859,1.8848877
2020-11-01 14:00:00,273.67035,269.57758,-0.5323639,2.4466248
2020-11-01 15:00:00,272.27295,268.6449,-0.81707764,2.919876
2020-11-01 16:00:00,271.92456,268.24243,-1.0010376,3.202591
2020-11-01 17:00:00,272.14758,267.73676,-1.0792999,3.3053894
2020-11-01 18:00:00,272.11682,266.37216,-1.1015167,3.3469086
2020-11-01 19:00:00,272.2397,265.44806,-1.1651306,3.5206757
2020-11-01 20:00:00,272.30505,263.36313,-1.1529388,3.4381104
2020-11-01 21:00:00,272.1801,261.86597,-1.155426,3.452362
2020-11-01 22:00:00,272.2232,260.84033,-1.1926117,3.4115753
2020-11-01 23:00:00,272.08942,260.46454,-1.1645966,3.4505463
2020-11-02 00:00:00,272.35663,259.90268,-1.134018,3.3705444
2020-11-02 01:00:00,272.66266,259.59058,-1.1307526,3.3540192
2020-11-02 02:00:00,273.12073,259.65375,-1.1004486,3.2791443
2020-11-02 03:00:00,275.40723,263.2616,-0.8740387,2.6969604
2020-11-02 04:00:00,278.52985,270.48248,-0.4212036,1.630188
2020-11-02 05:00:00,282.09558,264.90057,0.24946594,0.6349335
2020-11-02 06:00:00,283.0963,262.34326,0.9566803,-0.09257507
2020-11-02 07:00:00,283.07608,264.68564,1.1752472,-0.64779663
2020-11-02 08:00:00,283.16852,265.6396,1.1780853,-0.6945343
2020-11-02 09:00:00,283.1361,266.12836,1.1384735,-0.63871765
2020-11-02 10:00:00,283.16144,265.90894,0.71058655,-0.5088501
2020-11-02 11:00:00,282.26193,267.59558,-0.017364502,0.6125641
2020-11-02 12:00:00,278.80942,266.71637,-0.40422058,1.6324768
2020-11-02 13:00:00,274.58746,265.1489,-0.6756439,2.4628296
2020-11-02 14:00:00,272.6592,263.53668,-1.0106506,3.1066132
2020-11-02 15:00:00,272.4135,262.4745,-1.094986,3.343338
2020-11-02 16:00:00,273.26587,261.74875,-1.0385132,3.239685
2020-11-02 17:00:00,273.77917,261.03387,-1.0002747,3.2016602
2020-11-02 18:00:00,274.57172,260.75568,-0.8873596,3.0743866
2020-11-02 19:00:00,274.71536,261.03027,-0.85917664,2.9794312
2020-11-02 20:00:00,274.34555,260.78656,-0.7996216,2.8885956
2020-11-02 21:00:00,274.30402,260.6273,-0.7462311,2.7941437
2020-11-02 22:00:00,273.93484,260.15503,-0.6434326,2.8249664
2020-11-02 23:00:00,272.96487,259.27292,-0.6674957,3.0269012
2020-11-03 00:00:00,272.37152,258.4074,-0.72372437,3.1522522
2020-11-03 01:00:00,272.23224,257.75873,-0.78645325,3.2179413
2020-11-03 02:00:00,272.2917,258.60452,-0.83847046,3.242691
2020-11-03 03:00:00,274.68384,264.00653,-0.5652313,2.5872345
2020-11-03 04:00:00,279.70435,268.18884,0.22337341,1.154419
2020-11-03 05:00:00,281.66608,262.39526,1.4017181,0.31069946
2020-11-03 06:00:00,282.98123,263.16068,1.7210693,-0.30200195
2020-11-03 07:00:00,282.78806,264.40143,1.7601166,-0.4471283
2020-11-03 08:00:00,283.0912,265.3305,1.7529144,-0.5327606
2020-11-03 09:00:00,282.9714,266.21048,1.5633087,-0.6201172
2020-11-03 10:00:00,282.3369,267.24353,1.0697937,-0.56463623
2020-11-03 11:00:00,280.98404,273.65506,0.4797821,0.36827087
2020-11-03 12:00:00,278.188,268.30597,-0.11894226,1.4834442
2020-11-03 13:00:00,274.60553,266.94254,-0.43763733,2.1794891
2020-11-03 14:00:00,272.6615,265.71326,-0.6613922,2.6184082
2020-11-03 15:00:00,271.96692,264.72864,-0.7115326,2.799942
2020-11-03 16:00:00,271.73944,263.8926,-0.6608429,2.9330292
2020-11-03 17:00:00,271.6848,262.9491,-0.6358948,3.073578
2020-11-03 18:00:00,271.8003,261.94852,-0.55278015,3.1487427
2020-11-03 19:00:00,271.96423,262.67487,-0.350235,2.907608
2020-11-03 20:00:00,271.54764,262.27487,-0.23073292,2.77948
2020-11-03 21:00:00,271.29565,261.8717,-0.21368408,2.8110046
2020-11-03 22:00:00,271.14008,261.60608,-0.3026886,2.8958893
2020-11-03 23:00:00,271.0836,261.50226,-0.32862854,2.9209747
2020-11-04 00:00:00,271.0326,261.13187,-0.3390503,2.7401733
2020-11-04 01:00:00,271.0373,260.80737,-0.30236053,2.5851746
2020-11-04 02:00:00,271.45892,261.28583,-0.3647251,2.6136475
2020-11-04 03:00:00,273.23547,263.96136,-0.15569592,2.0917358
2020-11-04 04:00:00,277.7311,266.97565,0.44888783,0.6091461
2020-11-04 05:00:00,278.82608,264.5271,0.94818115,-0.27947998
2020-11-04 06:00:00,279.58252,265.56744,1.3175259,-0.60736084
2020-11-04 07:00:00,279.85706,266.69498,1.722414,-0.7707062
2020-11-04 08:00:00,280.1176,267.64587,1.6643248,-0.87449646
2020-11-04 09:00:00,279.97388,268.03055,1.4290075,-1.036087
2020-11-04 10:00:00,279.24652,268.36328,0.8712311,-0.9508171
2020-11-04 11:00:00,278.15845,268.5265,0.2310934,-0.23187256
2020-11-04 12:00:00,276.3727,269.276,-0.16555977,0.9675598
2020-11-04 13:00:00,273.71643,267.87854,-0.34184647,1.5921173
2020-11-04 14:00:00,271.10767,266.81323,-0.5006561,2.0053864
2020-11-04 15:00:00,269.87067,265.72202,-0.5767517,2.317154
2020-11-04 16:00:00,269.5946,264.95465,-0.62403107,2.4515839
2020-11-04 17:00:00,269.63647,264.14026,-0.7256689,2.4331818
2020-11-04 18:00:00,269.60843,263.6413,-0.7544575,2.4478302
2020-11-04 19:00:00,269.73517,263.5912,-0.85763454,2.4405975
2020-11-04 20:00:00,269.669,262.69275,-0.8952589,2.5928802
2020-11-04 21:00:00,269.94757,261.91168,-0.98513794,2.7636108
2020-11-04 22:00:00,270.35425,261.5069,-1.1102171,2.8021698
2020-11-04 23:00:00,270.76056,260.8987,-1.1901922,2.8588104
2020-11-05 00:00:00,271.12823,260.43814,-1.2209406,2.9395142
2020-11-05 01:00:00,271.25873,259.87415,-1.2471752,2.9505463
2020-11-05 02:00:00,271.61035,260.05743,-1.2546167,2.935379
2020-11-05 03:00:00,273.92273,262.69263,-0.99827766,2.2998962
2020-11-05 04:00:00,278.2328,264.6286,-0.5437851,0.93852234
2020-11-05 05:00:00,280.69653,263.44186,-0.56339455,-0.23475647
2020-11-05 06:00:00,281.80777,264.89087,-0.4593296,-0.799057
2020-11-05 07:00:00,282.12872,267.16443,-0.18584442,-1.075592
2020-11-05 08:00:00,282.19193,268.67715,-0.3587904,-1.1667633
2020-11-05 09:00:00,281.89392,269.29913,-0.57604694,-1.0767822
2020-11-05 10:00:00,281.30164,269.93225,-0.68485165,-0.68659973
2020-11-05 11:00:00,279.63025,273.57043,-0.76327515,0.4788971
2020-11-05 12:00:00,276.45844,270.32602,-0.767746,1.5165558
2020-11-05 13:00:00,273.841,269.08508,-0.77793884,2.0681
2020-11-05 14:00:00,271.81506,267.9427,-0.76849365,2.5055695
2020-11-05 15:00:00,271.3719,267.08295,-0.889164,2.7888489
2020-11-05 16:00:00,271.57343,266.40955,-1.0283165,2.908371
2020-11-05 17:00:00,271.87445,265.9879,-1.1032753,2.9518738
2020-11-05 18:00:00,272.17606,265.64838,-1.1567383,2.9958496
2020-11-05 19:00:00,272.82413,266.12842,-1.1812134,3.2869415
2020-11-05 20:00:00,273.15726,265.5246,-1.1160889,3.0886383
2020-11-05 21:00:00,273.2094,265.08685,-1.1144867,3.066269
2020-11-05 22:00:00,273.15936,264.62994,-1.1476898,3.0567932
2020-11-05 23:00:00,273.13837,264.162,-1.1552734,3.0405426
2020-11-06 00:00:00,273.1524,263.6345,-1.1569977,3.0605316
2020-11-06 01:00:00,273.25507,263.3526,-1.1431427,3.1155243
2020-11-06 02:00:00,273.5371,263.09937,-1.1078453,3.1056213
2020-11-06 03:00:00,275.56,265.52203,-0.9258499,2.5864258
2020-11-06 04:00:00,279.7344,269.62537,-0.39796448,1.272049
2020-11-06 05:00:00,283.05588,267.083,-0.10058594,0.048934937
2020-11-06 06:00:00,283.8946,267.5618,0.09140015,-0.61286926
2020-11-06 07:00:00,284.18555,269.90222,0.3486786,-0.7671051
2020-11-06 08:00:00,284.28738,271.00787,0.46401978,-0.8323364
2020-11-06 09:00:00,284.0033,271.89664,0.4842987,-0.8212433
2020-11-06 10:00:00,283.30832,272.63165,0.34854126,-0.4883423
2020-11-06 11:00:00,282.27826,273.1056,-0.03387451,0.6513214
2020-11-06 12:00:00,278.94302,272.41602,-0.37132263,1.6382599
2020-11-06 13:00:00,275.91675,270.9455,-0.5748596,2.2225037
2020-11-06 14:00:00,273.5281,269.6892,-0.851593,2.8458557
2020-11-06 15:00:00,273.37534,269.6389,-1.0496216,3.255005
2020-11-06 16:00:00,273.9237,270.0619,-1.1331177,3.4130554
2020-11-06 17:00:00,274.18732,270.10944,-1.1924744,3.4887695
2020-11-06 18:00:00,274.17242,269.36652,-1.2476807,3.542221
2020-11-06 19:00:00,274.15985,269.38333,-1.3298035,3.7268677
2020-11-06 20:00:00,274.08923,268.02808,-1.3207703,3.5833893
2020-11-06 21:00:00,273.98248,266.68372,-1.3281555,3.5929565
2020-11-06 22:00:00,273.96045,265.64752,-1.3281403,3.5485992
2020-11-06 23:00:00,273.91895,265.09833,-1.3450012,3.5885468
2020-11-07 00:00:00,273.92194,264.82977,-1.3421173,3.6022491
2020-11-07 01:00:00,274.32065,265.19415,-1.3134918,3.6154175
2020-11-07 02:00:00,274.45203,265.54352,-1.3180237,3.6340485
2020-11-07 03:00:00,276.63577,267.8363,-1.1244965,3.132965
2020-11-07 04:00:00,280.59625,273.2777,-0.70425415,1.9049377
2020-11-07 05:00:00,284.7248,270.4594,-0.29000854,0.60324097
2020-11-07 06:00:00,286.09387,267.81845,0.16743469,-0.14607239
2020-11-07 07:00:00,286.5677,268.84662,0.43441772,-0.49310303
2020-11-07 08:00:00,286.8578,269.4928,0.5502472,-0.56433105
2020-11-07 09:00:00,286.75787,270.33954,0.38168335,-0.5707245
2020-11-07 10:00:00,286.04645,271.6226,-0.2735443,0.0033721924
2020-11-07 11:00:00,283.5869,274.8216,-0.80537415,1.2364655
2020-11-07 12:00:00,279.6023,271.6868,-1.0276031,2.2113342
2020-11-07 13:00:00,277.12827,269.94553,-1.2033844,3.079773
2020-11-07 14:00:00,276.32605,268.1223,-1.2832031,3.601593
2020-11-07 15:00:00,276.10223,266.09973,-1.3180847,3.7758026
2020-11-07 16:00:00,276.0406,264.1372,-1.3700104,3.8665466
2020-11-07 17:00:00,276.088,262.48724,-1.383606,3.915863
2020-11-07 18:00:00,276.18573,261.16705,-1.3993225,3.9547577
2020-11-07 19:00:00,276.37823,261.2539,-1.3925171,4.078827
2020-11-07 20:00:00,276.55313,260.8285,-1.3516693,3.9756927
2020-11-07 21:00:00,276.53528,261.0911,-1.3637695,4.0437164
2020-11-07 22:00:00,276.75555,261.7649,-1.3556671,4.0586357
2020-11-07 23:00:00,277.03302,262.52365,-1.341919,4.0405064
2020-11-08 00:00:00,277.2928,263.065,-1.3360443,4.0610876
2020-11-08 01:00:00,277.53802,263.41452,-1.293045,4.0567694
2020-11-08 02:00:00,277.95743,264.35202,-1.2813416,4.002537
2020-11-08 03:00:00,280.30548,268.20108,-1.1122284,3.5022554
2020-11-08 04:00:00,283.77472,273.32977,-0.90826416,2.7136803
2020-11-08 05:00:00,288.08844,277.24658,-0.62519836,1.2752571
2020-11-08 06:00:00,290.76352,272.2941,-0.5796509,0.17631531
2020-11-08 07:00:00,291.32153,271.73743,-0.6584778,-0.19189453
2020-11-08 08:00:00,291.28235,272.50195,-1.0735626,-0.301651
2020-11-08 09:00:00,290.90625,273.73724,-1.0741425,-0.2834282
2020-11-08 10:00:00,289.5672,277.14633,-0.98420715,0.39572334
2020-11-08 11:00:00,287.05084,277.17432,-1.0922241,1.6905594
2020-11-08 12:00:00,283.58545,275.924,-1.2637024,2.7896671
2020-11-08 13:00:00,281.69226,274.7472,-1.3028107,3.372799
2020-11-08 14:00:00,281.399,273.56757,-1.3689423,3.5462322
2020-11-08 15:00:00,281.62234,272.56754,-1.2440033,3.476036
2020-11-08 16:00:00,281.5008,271.7484,-0.71961975,3.2539768
2020-11-08 17:00:00,280.88104,271.18604,0.2345581,2.4207478
2020-11-08 18:00:00,282.10138,270.20837,0.5583191,1.1536951
2020-11-08 19:00:00,283.33176,267.76907,0.58180237,0.17058372
2020-11-08 20:00:00,281.94086,267.78915,0.34465027,-0.08561516
2020-11-08 21:00:00,279.79608,268.59238,0.43284607,-0.92737484
2020-11-08 22:00:00,277.0475,269.9719,0.41392517,-0.9447479
2020-11-08 23:00:00,275.962,270.7808,0.3006134,-0.6207533
2020-11-09 00:00:00,275.07007,271.56195,0.15455627,-0.32432842
2020-11-09 01:00:00,273.41895,270.91302,0.1013031,0.19029617
2020-11-09 02:00:00,273.036,271.23248,0.09399414,0.28243256
2020-11-09 03:00:00,273.11285,272.46698,0.13912964,0.008190155
2020-11-09 04:00:00,274.15915,273.09485,0.28295898,-0.5891113
2020-11-09 05:00:00,273.62256,272.34348,0.18717957,-0.5215149
2020-11-09 06:00:00,274.03882,272.3306,0.16209412,-0.48043823
2020-11-09 07:00:00,275.16077,272.6819,0.3658142,-1.0144444
2020-11-09 08:00:00,275.64914,272.50903,0.26296997,-1.1142826
2020-11-09 09:00:00,275.55927,272.43134,0.17260742,-1.2235813
2020-11-09 10:00:00,275.13275,272.40405,-0.06297302,-0.75726604
2020-11-09 11:00:00,275.01923,272.39923,-0.01902771,-0.69573975
2020-11-09 12:00:00,274.72565,272.48804,-0.5560303,0.118068695
2020-11-09 13:00:00,273.4749,271.89404,-0.784256,1.2551384
2020-11-09 14:00:00,272.3634,270.67932,-0.7654877,1.697218
2020-11-09 15:00:00,271.87018,269.73447,-0.7369385,1.6507835
2020-11-09 16:00:00,271.01413,268.56952,-0.7402344,1.9094086
2020-11-09 17:00:00,270.64307,268.0429,-0.7036743,2.0319557
2020-11-09 18:00:00,270.77438,268.10547,-0.6670532,2.0583363
2020-11-09 19:00:00,270.4867,267.7053,-0.6690521,2.0144558
2020-11-09 20:00:00,270.4324,267.69257,-0.60765076,2.044939
2020-11-09 21:00:00,270.63702,267.913,-0.5045166,2.1581573
2020-11-09 22:00:00,270.80933,268.1557,-0.48457336,2.2572365
2020-11-09 23:00:00,271.03232,268.29172,-0.48161316,2.3239384
2020-11-10 00:00:00,271.06104,268.26773,-0.3507843,2.2894535
2020-11-10 01:00:00,271.22943,268.39218,-0.27708435,2.2706938
2020-11-10 02:00:00,270.83508,267.95892,-0.36878967,2.3249311
2020-11-10 03:00:00,272.94092,269.91107,-0.2584381,1.6982422
2020-11-10 04:00:00,276.30322,271.1205,0.27456665,0.6350384
2020-11-10 05:00:00,277.58783,271.10464,0.6586914,-0.092383385
2020-11-10 06:00:00,278.03668,271.70834,1.0703278,-0.7810955
2020-11-10 07:00:00,278.4362,271.4251,1.0634766,-1.0757027
2020-11-10 08:00:00,278.60043,272.24536,0.77926636,-0.89048386
2020-11-10 09:00:00,278.5904,272.62866,0.5800171,-0.9988537
2020-11-10 10:00:00,278.28964,272.77374,0.0309906,-0.81675434
2020-11-10 11:00:00,277.32776,272.77954,-0.4845276,-0.04043579
2020-11-10 12:00:00,275.11392,272.30817,-0.84043884,1.2187929
2020-11-10 13:00:00,272.94467,270.56604,-0.91978455,1.7581272
2020-11-10 14:00:00,271.97153,269.37433,-0.97325134,2.0944004
2020-11-10 15:00:00,271.4323,268.51068,-1.0109711,2.3948975
2020-11-10 16:00:00,271.59402,268.4514,-1.0625305,2.615326
2020-11-10 17:00:00,272.0169,268.54276,-1.081253,2.7823029
2020-11-10 18:00:00,272.23352,268.5226,-1.0988464,2.9727936
2020-11-10 19:00:00,272.68207,268.2309,-1.0742188,3.306778
2020-11-10 20:00:00,272.76324,267.74554,-1.1590881,3.3580017
2020-11-10 21:00:00,272.9684,267.41272,-1.1884308,3.423996
2020-11-10 22:00:00,272.9639,267.179,-1.2180939,3.488388
2020-11-10 23:00:00,273.27744,267.16382,-1.2068329,3.4636536
2020-11-11 00:00:00,273.40643,267.11584,-1.1834564,3.4857025
2020-11-11 01:00:00,273.91602,267.34027,-1.1164856,3.424347
2020-11-11 02:00:00,274.25433,267.52194,-1.0443115,3.369751
2020-11-11 03:00:00,275.81656,268.81653,-0.9208069,2.9421692
2020-11-11 04:00:00,279.4226,272.6949,-0.4142456,1.8082123
2020-11-11 05:00:00,282.80145,271.81326,0.12147522,0.5088959
2020-11-11 06:00:00,283.8835,271.45648,0.4330597,-0.30543518
2020-11-11 07:00:00,284.3843,272.03473,0.4018097,-0.52693176
2020-11-11 08:00:00,284.23993,273.04083,0.57940674,-0.76730347
2020-11-11 09:00:00,283.55127,273.8836,0.62483215,-0.69621277
2020-11-11 10:00:00,282.74637,274.44138,0.3990326,-0.34962463
2020-11-11 11:00:00,281.62384,276.1385,0.09385681,0.3486328
2020-11-11 12:00:00,280.13748,274.29138,-0.01625061,1.0378113
2020-11-11 13:00:00,279.3907,273.8526,-0.057800293,1.2546568
2020-11-11 14:00:00,279.28043,273.58636,-0.11357117,1.1948566
2020-11-11 15:00:00,279.0262,273.46942,-0.07447815,1.1474171
2020-11-11 16:00:00,278.8473,273.27502,-0.17808533,1.0391178
2020-11-11 17:00:00,277.57935,273.00195,-0.25691223,1.1277008
2020-11-11 18:00:00,275.78653,272.50626,-0.47587585,1.4083557
2020-11-11 19:00:00,273.74316,271.2391,-0.5868683,1.9349823
2020-11-11 20:00:00,273.44122,270.98694,-0.642807,2.0843506
2020-11-11 21:00:00,272.84558,270.28918,-0.7595215,2.3275757
2020-11-11 22:00:00,272.7269,270.30737,-0.65226746,2.2537537
2020-11-11 23:00:00,272.94037,270.62903,-0.50071716,2.1069489
2020-11-12 00:00:00,273.4536,270.55438,-0.23316956,1.7867584
2020-11-12 01:00:00,273.18893,269.94888,-0.13960266,1.808197
2020-11-12 02:00:00,273.62286,270.32892,-0.09399414,1.5951424
2020-11-12 03:00:00,275.5124,272.49146,-0.057357788,1.0061722
2020-11-12 04:00:00,276.11145,274.3442,0.14918518,0.22196198
2020-11-12 05:00:00,277.10355,273.87326,0.47213745,-0.5161133
2020-11-12 06:00:00,277.3479,274.49158,0.5976105,-0.6459961
2020-11-12 07:00:00,278.2364,274.20914,0.30708313,-0.5161438
2020-11-12 08:00:00,278.66235,274.85583,0.4950409,-1.3895874
2020-11-12 09:00:00,278.18802,275.1184,0.25819397,-1.408371
2020-11-12 10:00:00,277.1275,274.90286,0.15953064,-1.2143097
2020-11-12 11:00:00,276.0667,274.5102,0.10089111,-0.75488853
2020-11-12 12:00:00,275.19843,274.35168,-0.27993774,0.035398483
2020-11-12 13:00:00,274.94412,274.23914,-0.26620483,-0.15416145
2020-11-12 14:00:00,273.22577,273.1398,0.33605957,-0.6871557
2020-11-12 15:00:00,272.42386,272.34296,0.2661438,-0.7139435
2020-11-12 16:00:00,271.94748,271.833,-0.122039795,-0.66845703
2020-11-12 17:00:00,271.45895,271.30914,-0.042663574,-0.6257019
2020-11-12 18:00:00,270.80963,270.59048,-0.19641113,-0.28223705
2020-11-12 19:00:00,271.4454,271.2663,0.33935547,-0.14697552
2020-11-12 20:00:00,271.30023,270.97354,0.47309875,-0.1054039
2020-11-12 21:00:00,271.0186,270.77533,0.38891602,-0.45024872
2020-11-12 22:00:00,270.73645,270.40134,0.1783905,-0.09856415
2020-11-12 23:00:00,270.55716,269.7903,-0.0046844482,-0.17735386
2020-11-13 00:00:00,270.60718,269.68427,-0.2699585,-0.21606159
2020-11-13 01:00:00,270.11603,268.96942,-0.38352966,0.068175316
2020-11-13 02:00:00,270.16394,268.6394,-0.37329102,0.15324116
2020-11-13 03:00:00,270.45422,268.53152,-0.3903656,0.08220863
2020-11-13 04:00:00,270.93152,268.7033,-0.33244324,-0.2866745
2020-11-13 05:00:00,271.24808,269.75616,-0.07633972,-0.5427246
2020-11-13 06:00:00,271.78323,270.18597,0.30699158,-0.70840454
2020-11-13 07:00:00,271.42685,270.3935,0.70928955,-0.42851257
2020-11-13 08:00:00,271.5681,270.65912,0.83114624,-0.43147278
2020-11-13 09:00:00,271.81158,270.76938,0.864151,-0.27696228
2020-11-13 10:00:00,271.90695,270.7304,0.5630646,0.0019025803
2020-11-13 11:00:00,271.67548,270.35962,0.2549591,0.42790604
2020-11-13 12:00:00,271.0378,269.36646,-0.0011901855,0.9237366
2020-11-13 13:00:00,270.93182,268.62,-0.18321228,1.191452
2020-11-13 14:00:00,269.51166,266.83633,-0.274292,1.4894104
2020-11-13 15:00:00,268.42432,265.22028,-0.28234863,1.7594147
2020-11-13 16:00:00,267.39148,263.91797,-0.30633545,1.9339733
2020-11-13 17:00:00,266.46854,262.9437,-0.33224487,2.0818787
2020-11-13 18:00:00,266.31073,262.5927,-0.3307495,2.1252441
2020-11-13 19:00:00,265.87585,261.80814,-0.3965149,2.1207886
2020-11-13 20:00:00,264.88605,261.1582,-0.5445099,2.2469788
2020-11-13 21:00:00,263.7777,260.54507,-0.5015869,2.2886658
2020-11-13 22:00:00,263.9455,261.01868,-0.49882507,2.2875977
2020-11-13 23:00:00,264.07245,261.20483,-0.38638306,2.2431335
2020-11-14 00:00:00,265.3476,262.44562,-0.2628479,1.9908142
2020-11-14 01:00:00,266.84766,263.8573,-0.062057495,1.8240509
2020-11-14 02:00:00,266.60962,263.74768,-0.08576965,1.7953186
2020-11-14 03:00:00,269.96725,266.15393,0.1481018,1.2253418
2020-11-14 04:00:00,270.89502,267.21124,0.3304596,0.58699036
2020-11-14 05:00:00,270.4916,268.64807,0.62475586,0.13345337
2020-11-14 06:00:00,271.3908,269.36383,0.9013672,-0.15596008
2020-11-14 07:00:00,271.38745,269.9401,0.9276581,-0.69129944
2020-11-14 08:00:00,271.10086,269.95602,0.9174652,-0.5514679
2020-11-14 09:00:00,270.9156,269.99963,0.88856506,-0.5606842
2020-11-14 10:00:00,270.79785,269.91022,0.87509155,-0.58757496
2020-11-14 11:00:00,270.51392,269.78894,0.26914978,-0.06742382
2020-11-14 12:00:00,270.52197,269.6051,0.17642212,0.18970871
2020-11-14 13:00:00,270.51086,269.57855,0.38789368,-0.0011920929
2020-11-14 14:00:00,270.43933,269.6543,0.5500946,-0.16058159
2020-11-14 15:00:00,270.2633,269.5947,0.64985657,-0.023931503
2020-11-14 16:00:00,270.1703,269.44226,0.7020416,-0.072257996
2020-11-14 17:00:00,270.074,269.33374,0.6292267,0.008313179
2020-11-14 18:00:00,269.9679,269.26575,0.6552124,0.15393543
2020-11-14 19:00:00,269.96924,269.297,0.5283203,0.17852783
2020-11-14 20:00:00,270.14606,269.20615,0.29286194,0.4006958
2020-11-14 21:00:00,270.1621,269.0666,0.20013428,0.47349548
2020-11-14 22:00:00,270.3014,268.86478,0.1804657,0.41872978
2020-11-14 23:00:00,270.22662,268.737,0.21038818,0.38809204
2020-11-15 00:00:00,270.06985,268.4734,0.1295929,0.5405731
2020-11-15 01:00:00,270.2974,268.52493,0.025177002,0.50783443
2020-11-15 02:00:00,270.03046,268.0583,-0.13742065,0.564209
2020-11-15 03:00:00,270.08734,267.69458,-0.1910553,0.44900513
2020-11-15 04:00:00,270.3022,267.632,0.019317627,0.014541626
2020-11-15 05:00:00,269.7464,268.0755,0.48928833,-0.49319458
2020-11-15 06:00:00,270.60825,269.31454,0.7492218,-0.908371
2020-11-15 07:00:00,270.5564,269.4768,0.9292755,-1.0827942
2020-11-15 08:00:00,270.37265,269.4262,0.56347656,-1.0720215
2020-11-15 09:00:00,270.5577,269.56256,0.67518616,-0.891922
2020-11-15 10:00:00,269.98685,268.9346,0.5286255,-0.6235657
2020-11-15 11:00:00,269.67273,268.97784,0.38302612,-0.203125
2020-11-15 12:00:00,269.5514,268.8286,0.034240723,0.3358307
2020-11-15 13:00:00,269.56012,268.40527,-0.117111206,0.50216675
2020-11-15 14:00:00,269.0121,267.7664,-0.18380737,0.86994934
2020-11-15 15:00:00,268.85693,267.1905,-0.1496582,0.98324585
2020-11-15 16:00:00,267.26526,265.7627,-0.2944336,1.4099426
2020-11-15 17:00:00,266.5972,264.62238,-0.3097229,1.4994812
2020-11-15 18:00:00,267.1541,264.793,-0.1980133,1.3982544
2020-11-15 19:00:00,268.20093,265.02502,-0.10336304,1.1881714
2020-11-15 20:00:00,267.31488,264.51337,-0.07623291,1.3851471
2020-11-15 21:00:00,267.27518,264.07376,-0.15258789,1.4503784
2020-11-15 22:00:00,265.8016,262.61188,-0.29995728,1.7647705
2020-11-15 23:00:00,263.44604,260.65686,-0.52142334,2.2056274
2020-11-16 00:00:00,262.35135,259.7478,-0.6702118,2.516327
2020-11-16 01:00:00,262.56372,259.86713,-0.8315582,2.7634735
2020-11-16 02:00:00,262.8792,259.8827,-0.9832916,2.9862518
2020-11-16 03:00:00,263.78876,260.45972,-1.0616608,2.9406433
2020-11-16 04:00:00,265.98126,262.74564,-0.8750305,2.3939285
2020-11-16 05:00:00,268.58667,265.33054,-0.66555786,1.1502047
2020-11-16 06:00:00,272.03113,265.98303,-0.33380127,0.34910393
2020-11-16 07:00:00,272.64737,265.73218,0.44187927,-0.45106602
2020-11-16 08:00:00,272.44797,267.1103,0.91922,-0.93504524
2020-11-16 09:00:00,271.74176,267.72717,0.9469757,-1.3045559
2020-11-16 10:00:00,270.62274,267.95468,0.50675964,-0.99549294
2020-11-16 11:00:00,268.58936,266.35764,0.74409485,-1.8548746
2020-11-16 12:00:00,266.88483,266.00806,0.32533264,-1.2401781
2020-11-16 13:00:00,265.76648,264.91455,0.094955444,-1.13838
2020-11-16 14:00:00,264.60895,263.6737,-0.1328888,-0.8542204
2020-11-16 15:00:00,264.55518,263.4859,-0.15864563,-0.23461914
2020-11-16 16:00:00,264.13937,263.0412,-0.047042847,-0.021774292
2020-11-16 17:00:00,263.88718,262.74292,-0.010406494,0.033599854
2020-11-16 18:00:00,263.63492,262.4326,0.016052246,0.158844
2020-11-16 19:00:00,262.52234,260.997,-0.008560181,0.64775085
2020-11-16 20:00:00,261.0619,259.89465,-0.24720764,1.2041016
2020-11-16 21:00:00,262.11963,259.481,-0.09552002,0.87319946
2020-11-16 22:00:00,262.05127,259.5428,-0.023101807,0.87254333
2020-11-16 23:00:00,260.27686,258.3404,-0.13401794,1.3719635
2020-11-17 00:00:00,258.49426,256.60446,-0.22273254,1.701004
2020-11-17 01:00:00,258.1099,255.43042,-0.18972778,1.7209778
2020-11-17 02:00:00,258.69626,255.662,-0.13400269,1.6427002
2020-11-17 03:00:00,262.07788,257.42682,0.09465027,1.0015717
2020-11-17 04:00:00,263.11047,257.9173,0.28211975,0.37304688
2020-11-17 05:00:00,263.97406,259.04037,0.516449,0.065374374
2020-11-17 06:00:00,264.4146,260.6731,0.5877533,0.03806305
2020-11-17 07:00:00,264.85046,261.8039,0.90101624,-0.6638794
2020-11-17 08:00:00,265.2746,262.2711,1.0143738,-0.62672234
2020-11-17 09:00:00,265.0127,262.3271,0.89959717,-0.5834198
2020-11-17 10:00:00,264.9663,262.36255,0.8635254,-0.2796955
2020-11-17 11:00:00,264.24854,262.16687,0.88468933,0.046157837
2020-11-17 12:00:00,264.7503,261.56192,0.56869507,0.35938263
2020-11-17 13:00:00,264.68567,261.30536,0.5549469,0.3630638
2020-11-17 14:00:00,264.52386,261.06784,0.50601196,0.4749241
2020-11-17 15:00:00,264.37317,260.77682,0.466568,0.50969887
2020-11-17 16:00:00,263.9831,260.49805,0.3848114,0.65706444
2020-11-17 17:00:00,263.78903,260.21542,0.31245422,0.86170006
2020-11-17 18:00:00,263.78568,259.9221,0.39126587,0.83700466
2020-11-17 19:00:00,263.72815,259.0713,0.26869965,0.919693
2020-11-17 20:00:00,263.8117,259.02582,0.22137547,0.8759079
2020-11-17 21:00:00,263.72052,258.9159,0.2629795,0.9175339
2020-11-17 22:00:00,263.62326,258.86743,0.36187363,0.894104
2020-11-17 23:00:00,263.6756,259.068,0.4221239,0.80903625
2020-11-18 00:00:00,263.69275,259.19177,0.33738708,0.817894
2020-11-18 01:00:00,263.39648,259.0569,0.25479126,0.9282112
2020-11-18 02:00:00,263.3659,259.05872,0.22854614,0.8792362
2020-11-18 03:00:00,263.35376,259.0518,0.21520996,0.82977295
2020-11-18 04:00:00,263.68994,259.2411,0.28726196,0.46795082
2020-11-18 05:00:00,263.7964,260.86612,0.57489014,-0.12605095
2020-11-18 06:00:00,264.85297,261.34653,0.715744,-0.0677948
2020-11-18 07:00:00,264.70068,262.14313,1.1556396,-0.33120728
2020-11-18 08:00:00,264.72403,262.61816,1.1539612,-0.5980377
2020-11-18 09:00:00,264.64426,262.72882,1.0273438,-0.450531
2020-11-18 10:00:00,264.5385,262.63013,0.90060425,-0.3152771
2020-11-18 11:00:00,263.74988,262.16718,0.68704224,0.13964844
2020-11-18 12:00:00,264.18158,261.94662,0.2889099,0.4692688
2020-11-18 13:00:00,264.0893,261.46893,0.042404175,0.5999203
2020-11-18 14:00:00,263.8985,260.66888,-0.10534668,0.8547363
2020-11-18 15:00:00,263.57608,259.57477,-0.21810913,1.0824728
2020-11-18 16:00:00,262.96924,257.9754,-0.30615234,1.367773
2020-11-18 17:00:00,263.12833,257.12894,-0.21270752,1.2992096
2020-11-18 18:00:00,263.10468,256.83334,-0.07571411,1.2276764
2020-11-18 19:00:00,262.57593,257.68085,0.24110413,0.8327484
2020-11-18 20:00:00,262.44055,257.12793,0.25434875,1.006424
2020-11-18 21:00:00,262.51535,256.96777,0.1966095,0.9803467
2020-11-18 22:00:00,262.61597,257.18817,0.2577057,0.87957764
2020-11-18 23:00:00,262.59625,257.63348,0.16558838,0.8356781
2020-11-19 00:00:00,262.49454,257.7414,0.20599365,0.8556671
2020-11-19 01:00:00,262.1706,257.7623,0.3140869,0.7416687
2020-11-19 02:00:00,261.6126,257.29425,0.24519348,0.942749
2020-11-19 03:00:00,261.5755,256.9131,0.19087219,0.9849396
2020-11-19 04:00:00,262.0472,257.43494,0.22769165,0.71029663
2020-11-19 05:00:00,262.56348,258.8321,0.42225647,0.26705933
2020-11-19 06:00:00,263.357,259.97354,0.49038696,-0.060821533
2020-11-19 07:00:00,263.51898,260.9082,0.7897339,-0.6630211
2020-11-19 08:00:00,263.78125,261.25696,0.77207947,-0.9197407
2020-11-19 09:00:00,263.48178,261.13455,0.70721436,-0.90984344
2020-11-19 10:00:00,263.2219,260.8084,0.6577759,-0.7014675
2020-11-19 11:00:00,262.77536,260.39813,0.4318695,-0.10507774
2020-11-19 12:00:00,262.2514,259.9829,0.08918762,0.636673
2020-11-19 13:00:00,261.82336,259.18155,-0.055999756,0.96286774
2020-11-19 14:00:00,261.62732,258.17267,-0.16993713,1.1701145
2020-11-19 15:00:00,261.6616,257.19067,-0.26185608,1.2678528
2020-11-19 16:00:00,261.85678,256.51123,-0.33233643,1.2172241
2020-11-19 17:00:00,262.01202,255.90106,-0.4297638,1.2873535
2020-11-19 18:00:00,261.95978,255.7635,-0.44300842,1.3797607
2020-11-19 19:00:00,260.6435,254.73058,-0.37026978,1.6301727
2020-11-19 20:00:00,260.8609,254.52534,-0.39530945,1.6605835
2020-11-19 21:00:00,260.8764,254.47397,-0.4061737,1.6939697
2020-11-19 22:00:00,261.83847,254.95424,-0.32803345,1.6439972
2020-11-19 23:00:00,261.80737,254.92957,-0.2788391,1.6651917
2020-11-20 00:00:00,261.8643,254.96407,-0.2562256,1.6490784
2020-11-20 01:00:00,262.07477,255.23282,-0.2386322,1.6980438
2020-11-20 02:00:00,261.82697,255.1694,-0.23100281,1.7295227
2020-11-20 03:00:00,262.74088,255.66794,-0.11714172,1.5368042
2020-11-20 04:00:00,263.86136,256.57715,0.16448975,0.8577118
2020-11-20 05:00:00,265.17532,258.07562,0.33622742,0.24435425
2020-11-20 06:00:00,266.02625,259.90424,0.41693115,0.11329651
2020-11-20 07:00:00,266.15173,262.8449,0.612442,-0.34873962
2020-11-20 08:00:00,266.4956,263.3202,0.7622528,-0.5207977
2020-11-20 09:00:00,266.3927,263.66357,0.79681396,-0.40133667
2020-11-20 10:00:00,266.21753,263.7656,0.7523651,-0.19674683
2020-11-20 11:00:00,265.5693,263.42023,0.6552124,0.18203735
2020-11-20 12:00:00,265.7763,263.01825,0.43475342,0.57032776
2020-11-20 13:00:00,265.52502,262.52628,0.53312683,0.75805664
2020-11-20 14:00:00,265.27917,261.9716,0.35681152,1.1059113
2020-11-20 15:00:00,265.20697,261.28485,0.11779785,1.3363037
2020-11-20 16:00:00,265.31335,260.80048,-0.0017852783,1.4107819
2020-11-20 17:00:00,265.53418,260.47147,-0.14924622,1.3865509
2020-11-20 18:00:00,264.70395,259.62427,-0.22073364,1.4917297
2020-11-20 19:00:00,263.22928,258.15533,-0.3197937,1.731184
2020-11-20 20:00:00,263.03217,257.87567,-0.33059692,1.7782831
2020-11-20 21:00:00,263.55856,258.11346,-0.3487091,1.6865702
2020-11-20 22:00:00,264.31668,258.46777,-0.23049927,1.5731544
2020-11-20 23:00:00,265.6947,259.07172,-0.17285156,1.3936443
2020-11-21 00:00:00,265.8944,259.30054,-0.11239624,1.2996445
2020-11-21 01:00:00,265.75708,259.413,-0.27702332,1.2208424
2020-11-21 02:00:00,265.6135,259.27637,-0.3904419,1.1634674
2020-11-21 03:00:00,265.69818,259.0653,-0.40127563,1.1379852
2020-11-21 04:00:00,266.20996,259.35522,-0.27323914,0.8316498
2020-11-21 05:00:00,267.09277,260.68134,-0.2446289,0.2933197
2020-11-21 06:00:00,267.19534,263.03857,-0.35713196,0.06074524
2020-11-21 07:00:00,268.23624,261.65918,0.08985901,-0.47201538
2020-11-21 08:00:00,268.49982,262.3899,-0.108566284,-0.4024048
2020-11-21 09:00:00,268.4397,262.80902,-0.006454468,-0.4924469
2020-11-21 10:00:00,268.299,262.3026,-0.007873535,-0.22353745
2020-11-21 11:00:00,267.81763,262.13284,-0.12599182,0.4861641
2020-11-21 12:00:00,267.2779,261.61758,-0.2736206,0.90942
2020-11-21 13:00:00,266.84677,261.15088,-0.20239258,1.1458416
2020-11-21 14:00:00,266.61832,260.58014,-0.33184814,1.347971
2020-11-21 15:00:00,265.01138,259.1204,-0.53829956,1.571701
2020-11-21 16:00:00,263.55945,257.71597,-0.6117554,1.7646694
2020-11-21 17:00:00,263.07678,256.73132,-0.6208801,1.8686447
2020-11-21 18:00:00,262.75903,256.30182,-0.59950256,1.9675179
2020-11-21 19:00:00,259.55634,252.20094,-0.73028564,2.4508476
2020-11-21 20:00:00,259.32953,252.62064,-0.72480774,2.482338
2020-11-21 21:00:00,260.05774,253.19751,-0.6768646,2.3584766
2020-11-21 22:00:00,260.84344,253.46559,-0.61376953,2.192501
2020-11-21 23:00:00,261.09192,252.8482,-0.5688019,2.150117
2020-11-22 00:00:00,261.3504,252.08215,-0.5157776,2.1112862
2020-11-22 01:00:00,261.08856,251.1254,-0.50549316,2.1873474
2020-11-22 02:00:00,259.96423,250.35976,-0.5963135,2.3439484
2020-11-22 03:00:00,260.21045,251.03703,-0.62039185,2.2441864
2020-11-22 04:00:00,263.87125,253.69449,-0.37794495,1.6759796
2020-11-22 05:00:00,267.7314,256.76144,-0.056137085,0.7286377
2020-11-22 06:00:00,268.92822,257.18555,0.14936829,-0.12495422
2020-11-22 07:00:00,268.93735,260.78464,0.48220825,-0.20733643
2020-11-22 08:00:00,269.04266,262.20294,0.52622986,-0.4397316
2020-11-22 09:00:00,268.779,262.92538,0.50598145,-0.498971
2020-11-22 10:00:00,268.14847,263.92352,0.43141174,-0.39091492
2020-11-22 11:00:00,267.7331,262.31076,0.13618469,0.39891052
2020-11-22 12:00:00,266.88293,261.29688,-0.10798645,0.95838547
2020-11-22 13:00:00,266.0741,260.05157,-0.26016235,1.3108959
2020-11-22 14:00:00,265.30283,258.5205,-0.41055298,1.5208225
2020-11-22 15:00:00,264.95135,257.37744,-0.44976807,1.5883942
2020-11-22 16:00:00,264.40405,256.82617,-0.4368286,1.614686
2020-11-22 17:00:00,263.7692,256.612,-0.37464905,1.639308
2020-11-22 18:00:00,263.65063,256.673,-0.3123169,1.5673866
2020-11-22 19:00:00,265.11978,258.8559,-0.2393341,1.1918297
2020-11-22 20:00:00,264.55457,258.84308,-0.2576294,1.2215729
2020-11-22 21:00:00,263.21426,258.40637,-0.3360901,1.3915558
2020-11-22 22:00:00,262.1848,258.044,-0.35295105,1.5638885
2020-11-22 23:00:00,261.29834,257.69308,-0.36273193,1.7244873
2020-11-23 00:00:00,260.633,257.30402,-0.47496033,1.8323059
2020-11-23 01:00:00,260.9502,257.64966,-0.45924377,1.8442688
2020-11-23 02:00:00,260.63025,257.28046,-0.4680481,1.881546
2020-11-23 03:00:00,261.25595,257.78036,-0.41271973,1.7560272
2020-11-23 04:00:00,263.59525,259.67432,-0.15286255,1.3547974
2020-11-23 05:00:00,266.07922,262.09778,0.09831238,0.6074524
2020-11-23 06:00:00,266.73874,262.20352,0.24919128,0.0053710938
2020-11-23 07:00:00,266.80182,262.80716,0.27809143,-0.48381042
2020-11-23 08:00:00,267.41425,263.02908,0.39083862,-0.4893446
2020-11-23 09:00:00,267.68658,262.45602,0.18397522,-0.22449493
2020-11-23 10:00:00,267.95163,261.3516,-0.022354126,-0.16388893
2020-11-23 11:00:00,267.1407,261.0606,-0.44587708,0.847517
2020-11-23 12:00:00,263.3718,258.58667,-0.7870636,1.7459431
2020-11-23 13:00:00,260.48688,256.20636,-0.9125519,2.1819916
2020-11-23 14:00:00,258.07465,254.0202,-0.99876404,2.5698738
2020-11-23 15:00:00,256.2307,252.42618,-1.0388336,2.8968601
2020-11-23 16:00:00,255.30426,251.56223,-1.098999,3.1012363
2020-11-23 17:00:00,255.31773,251.08974,-1.0968018,3.2127247
2020-11-23 18:00:00,255.51164,251.0353,-1.1137695,3.2753162
2020-11-23 19:00:00,257.08453,251.66484,-0.8682251,2.8807526
2020-11-23 20:00:00,257.04614,251.58775,-0.8714447,2.7995148
2020-11-23 21:00:00,256.7819,251.50613,-0.9407196,2.845337
2020-11-23 22:00:00,257.92297,252.79683,-0.9285736,2.6899261
2020-11-23 23:00:00,258.82697,253.90985,-0.899765,2.5407372
2020-11-24 00:00:00,259.23254,254.46432,-0.9203186,2.5159311
2020-11-24 01:00:00,259.07178,254.35622,-0.93573,2.5441065
2020-11-24 02:00:00,258.86145,254.30199,-0.95224,2.5610409
2020-11-24 03:00:00,259.1085,254.61882,-0.93504333,2.5007896
2020-11-24 04:00:00,261.8747,256.43268,-0.59765625,1.9959555
2020-11-24 05:00:00,267.72504,260.18137,-0.24723816,0.9153938
2020-11-24 06:00:00,269.19165,260.48297,-0.08230591,0.0634861
2020-11-24 07:00:00,269.2594,260.0739,0.31932068,-0.17655945
2020-11-24 08:00:00,269.46362,262.50513,0.49595642,-0.36895752
2020-11-24 09:00:00,269.37198,262.31247,0.5275879,-0.27438354
2020-11-24 10:00:00,269.4007,261.48453,0.2752533,0.09732056
2020-11-24 11:00:00,268.6298,260.97827,-0.19351196,1.0373535
2020-11-24 12:00:00,265.2172,258.54666,-0.54389954,1.8802338
2020-11-24 13:00:00,260.82114,255.15283,-0.79763794,2.5463867
2020-11-24 14:00:00,257.324,252.5384,-1.0696716,3.0870514
2020-11-24 15:00:00,256.02396,251.36292,-1.2986755,3.444397
2020-11-24 16:00:00,255.86641,250.91536,-1.3569336,3.6274872
2020-11-24 17:00:00,256.28046,251.15677,-1.3913727,3.739502
2020-11-24 18:00:00,257.01892,251.45807,-1.3761292,3.7536926
2020-11-24 19:00:00,258.13007,252.2748,-1.2775421,3.7410889
2020-11-24 20:00:00,258.7046,252.51639,-1.3267059,3.721878
2020-11-24 21:00:00,259.3043,252.84123,-1.3495026,3.7430573
2020-11-24 22:00:00,259.8999,253.16205,-1.3423309,3.728775
2020-11-24 23:00:00,260.50952,253.74855,-1.3113861,3.6704712
2020-11-25 00:00:00,261.25507,254.3221,-1.2799225,3.5638885
2020-11-25 01:00:00,261.57153,254.5459,-1.2612762,3.5541077
2020-11-25 02:00:00,262.30975,255.28244,-1.2239532,3.3895264
2020-11-25 03:00:00,262.83722,255.84544,-1.2018738,3.2885742
2020-11-25 04:00:00,264.29272,257.416,-0.9988556,2.8311462
2020-11-25 05:00:00,266.92383,260.39868,-0.46740723,1.8705292
2020-11-25 06:00:00,271.10962,261.30475,-0.1676178,0.8971863
2020-11-25 07:00:00,272.37305,260.3587,0.25680542,-0.25772476
2020-11-25 08:00:00,272.4754,260.38055,0.043380737,-0.39432716
2020-11-25 09:00:00,272.45132,260.5797,-0.16389465,-0.42835808
2020-11-25 10:00:00,272.01474,260.94006,-0.2593689,-0.071437836
2020-11-25 11:00:00,270.95312,260.85822,-0.19255066,0.8442631
2020-11-25 12:00:00,269.36926,260.30832,-0.30369568,1.4668751
2020-11-25 13:00:00,267.15405,259.35065,-0.39898682,1.7696877
2020-11-25 14:00:00,265.48376,258.80707,-0.49604797,1.9829092
2020-11-25 15:00:00,263.81165,258.21368,-0.64682007,2.2035284
2020-11-25 16:00:00,263.29578,258.20544,-0.7133484,2.218563
2020-11-25 17:00:00,263.54797,258.5973,-0.6830139,2.161789
2020-11-25 18:00:00,263.41577,258.51157,-0.63900757,2.1777802
2020-11-25 19:00:00,265.35806,259.82162,-0.3423462,1.9121094
2020-11-25 20:00:00,266.59058,260.5993,-0.1609497,1.6583099
2020-11-25 21:00:00,266.6831,261.21313,-0.081832886,1.5943298
2020-11-25 22:00:00,266.49915,261.98236,-0.037643433,1.5862427
2020-11-25 23:00:00,266.0064,262.442,-0.1396637,1.6531525
2020-11-26 00:00:00,265.86908,262.7561,-0.2677765,1.6587677
2020-11-26 01:00:00,266.08508,263.08704,-0.31903076,1.6618595
2020-11-26 02:00:00,266.11322,263.1115,-0.26519775,1.6284428
2020-11-26 03:00:00,266.23303,263.2613,-0.2415924,1.5759821
2020-11-26 04:00:00,267.3574,264.22034,-0.20213318,1.324933
2020-11-26 05:00:00,269.6651,265.47534,-0.13043213,0.74321175
2020-11-26 06:00:00,270.2735,265.4589,-0.12687683,0.3575592
2020-11-26 07:00:00,270.5708,266.86014,0.7202759,-0.21244812
2020-11-26 08:00:00,270.9461,266.9275,0.6002655,-0.051589966
2020-11-26 09:00:00,271.33112,265.72784,0.6151428,-0.08830261
2020-11-26 10:00:00,271.6491,264.17273,0.34609985,0.0231781
2020-11-26 11:00:00,269.16837,263.5472,-0.47180176,1.227951
2020-11-26 12:00:00,265.6355,260.66364,-0.86105347,2.1173706
2020-11-26 13:00:00,262.00043,257.56226,-1.1537781,2.7972107
2020-11-26 14:00:00,260.22302,255.93483,-1.3251057,3.372635
2020-11-26 15:00:00,259.9759,255.43489,-1.4236069,3.7605133
2020-11-26 16:00:00,260.8158,256.13165,-1.4299545,3.9506226
2020-11-26 17:00:00,262.15997,257.16296,-1.4284058,3.9654999
2020-11-26 18:00:00,263.4787,258.21472,-1.368103,3.8231354
2020-11-26 19:00:00,264.9756,259.66156,-1.2371674,3.68721
2020-11-26 20:00:00,266.02872,260.45947,-1.1730804,3.4598083
2020-11-26 21:00:00,267.5163,262.33624,-1.0972137,3.2066803
2020-11-26 22:00:00,268.58734,263.7952,-1.1062317,3.0776672
2020-11-26 23:00:00,269.20068,264.76834,-1.1227417,2.996338
2020-11-27 00:00:00,269.59967,265.15652,-1.0732527,2.9365082
2020-11-27 01:00:00,270.296,265.96967,-1.0407124,2.8464355
2020-11-27 02:00:00,270.62848,266.53217,-1.1091156,2.8375244
2020-11-27 03:00:00,271.36218,267.66644,-1.1919861,2.6896362
2020-11-27 04:00:00,272.44437,269.0537,-1.1573792,2.4176788
2020-11-27 05:00:00,273.82663,270.60855,-1.0267334,1.9552155
2020-11-27 06:00:00,276.8376,271.2439,-0.81987,0.7584839
2020-11-27 07:00:00,278.95074,269.85883,-0.8653774,0.5308533
2020-11-27 08:00:00,279.4068,269.71255,-0.9343777,0.3497467
2020-11-27 09:00:00,279.47858,269.5455,-1.0056152,0.38375854
2020-11-27 10:00:00,279.30396,269.15875,-0.80789566,0.67063904
2020-11-27 11:00:00,275.50583,270.15753,-0.8507061,1.4580841
2020-11-27 12:00:00,273.56226,269.61093,-0.8956318,1.9940186
2020-11-27 13:00:00,272.88367,269.59216,-0.9345722,2.3027954
2020-11-27 14:00:00,272.69296,269.5479,-0.9531641,2.4960632
2020-11-27 15:00:00,272.5599,269.23865,-0.99549866,2.647934
2020-11-27 16:00:00,272.4981,268.93503,-1.0205383,2.7699432
2020-11-27 17:00:00,272.48102,268.7049,-0.9610596,2.8309174
2020-11-27 18:00:00,272.01263,267.90863,-0.90608215,2.8509216
2020-11-27 19:00:00,271.89664,268.1238,-0.8965149,2.8285828
2020-11-27 20:00:00,271.90082,268.06982,-0.89352417,2.7734833
2020-11-27 21:00:00,271.72055,267.8747,-0.97636414,2.874527
2020-11-27 22:00:00,272.03986,268.28897,-1.1124878,2.8950195
2020-11-27 23:00:00,272.66507,268.94385,-1.2077866,2.927536
2020-11-28 00:00:00,273.14395,269.43408,-1.1611652,2.8304138
2020-11-28 01:00:00,273.22113,269.43512,-1.2790527,2.8507233
2020-11-28 02:00:00,273.2671,270.04895,-1.1785431,2.9545746
2020-11-28 03:00:00,273.46106,270.58667,-0.6752777,2.5271912
2020-11-28 04:00:00,274.4727,271.25854,1.4114838,1.0558624
2020-11-28 05:00:00,274.271,271.34985,3.0757656,-0.7381897
2020-11-28 06:00:00,272.68677,271.53064,1.7143431,-0.8563385
2020-11-28 07:00:00,271.83282,270.97528,1.5492477,-0.9067383
2020-11-28 08:00:00,271.54755,271.12152,1.2914019,-1.2101898
2020-11-28 09:00:00,270.47107,270.12,0.64071465,-1.0766754
2020-11-28 10:00:00,269.9972,268.84955,-0.02255249,-0.8933716
2020-11-28 11:00:00,269.65045,268.32498,-0.5256195,-0.409729
2020-11-28 12:00:00,269.10254,267.70013,-0.729187,0.03743744
2020-11-28 13:00:00,268.82928,267.1092,-0.72854614,-0.08754063
2020-11-28 14:00:00,268.69925,266.7375,-0.6332092,0.07958412
2020-11-28 15:00:00,268.30035,266.04315,-0.54281616,0.34707642
2020-11-28 16:00:00,268.02066,264.81314,-0.644989,0.3266859
2020-11-28 17:00:00,267.8227,264.62247,-0.6915741,0.22070599
2020-11-28 18:00:00,267.56445,264.61188,-0.67962646,0.15057564
2020-11-28 19:00:00,267.39105,265.46072,-0.27990723,0.26085854
2020-11-28 20:00:00,267.2459,265.62836,-0.0665741,-0.080070496
2020-11-28 21:00:00,266.9409,265.2575,-0.04220581,0.23431206
2020-11-28 22:00:00,266.9743,264.95044,-0.18840027,0.4305172
2020-11-28 23:00:00,267.07162,264.63788,-0.09126282,0.369565
2020-11-29 00:00:00,267.10663,264.24384,-0.10992432,0.5421152
2020-11-29 01:00:00,266.73212,263.32617,-0.25149536,0.9403658
2020-11-29 02:00:00,266.73175,262.5312,-0.2527771,1.0665665
2020-11-29 03:00:00,266.51483,261.73602,-0.23477173,1.2078552
2020-11-29 04:00:00,266.53906,261.26453,-0.06997585,1.1592712
2020-11-29 05:00:00,266.93582,261.4969,0.19013786,0.7213745
2020-11-29 06:00:00,267.3604,261.8126,0.29054356,0.4820099
2020-11-29 07:00:00,267.50192,261.25635,0.40298462,0.19932556
2020-11-29 08:00:00,267.6191,261.4276,0.5888519,0.15263367
2020-11-29 09:00:00,267.51477,261.73102,0.47760487,0.2381134
2020-11-29 10:00:00,267.19653,261.61676,0.17706013,0.710022
2020-11-29 11:00:00,266.60986,261.32117,0.023910522,1.3070221
2020-11-29 12:00:00,265.00385,260.15356,-0.12652588,1.710022
2020-11-29 13:00:00,263.52277,258.93573,-0.2218628,2.0048218
2020-11-29 14:00:00,262.0739,257.7141,-0.29533386,2.2719364
2020-11-29 15:00:00,261.30798,257.028,-0.29606628,2.3738794
2020-11-29 16:00:00,261.1228,256.76056,-0.24742126,2.3653584
2020-11-29 17:00:00,260.31473,256.1681,-0.2509613,2.4472198
2020-11-29 18:00:00,259.2043,255.21269,-0.3034973,2.57193
2020-11-29 19:00:00,260.33426,255.47142,-0.17796326,2.4291687
2020-11-29 20:00:00,259.80566,254.95087,-0.19726562,2.48349
2020-11-29 21:00:00,258.65314,253.91426,-0.24945068,2.6448536
2020-11-29 22:00:00,258.70493,253.46443,-0.25708008,2.6461868
2020-11-29 23:00:00,258.12238,252.81427,-0.31384277,2.7062845
2020-11-30 00:00:00,257.4516,252.09158,-0.36558533,2.792283
2020-11-30 01:00:00,256.3215,250.91243,-0.43678284,2.9096165
2020-11-30 02:00:00,255.88597,250.17143,-0.5169525,2.961832
2020-11-30 03:00:00,255.39586,249.41809,-0.5817108,3.0433788
2020-11-30 04:00:00,256.53958,249.96336,-0.5293579,2.8499222
2020-11-30 05:00:00,258.50317,251.68623,-0.45799255,2.5474396
2020-11-30 06:00:00,260.62024,253.61792,-0.39611816,2.245596
2020-11-30 07:00:00,264.16968,254.67802,-0.19030762,1.548254
2020-11-30 08:00:00,265.1644,255.16537,-0.20549011,1.4172163
2020-11-30 09:00:00,265.0556,255.47108,-0.22007751,1.488739
2020-11-30 10:00:00,264.0202,255.18466,-0.33076477,1.7736969
2020-11-30 11:00:00,262.22504,253.99495,-0.49398804,2.1477203
2020-11-30 12:00:00,260.14423,252.43037,-0.5960846,2.5294037
2020-11-30 13:00:00,258.49738,251.01831,-0.64811707,2.7872467
2020-11-30 14:00:00,256.84702,249.68738,-0.75006104,3.0570374
2020-11-30 15:00:00,255.28223,248.47981,-0.8839264,3.301712
2020-11-30 16:00:00,254.52843,247.57408,-0.9846649,3.4796143
2020-11-30 17:00:00,254.3673,246.94403,-0.9972992,3.632492
2020-11-30 18:00:00,254.43387,246.38554,-1.0086975,3.7412262
2020-11-30 19:00:00,255.90929,246.3052,-0.7731323,3.375
2020-11-30 20:00:00,256.15036,245.87851,-0.8208313,3.362976
2020-11-30 21:00:00,256.58826,245.38568,-0.838974,3.3082123
2020-11-30 22:00:00,257.72723,245.60828,-0.82240295,3.157257
2020-11-30 23:00:00,258.72076,245.92209,-0.77711487,3.0330505
2020-12-01 00:00:00,259.44586,246.5941,-0.7228699,2.970108
2020-12-01 01:00:00,259.83606,247.16602,-0.7198639,2.9258575
2020-12-01 02:00:00,260.56836,248.03961,-0.7434845,2.8426666
2020-12-01 03:00:00,261.17453,248.90138,-0.73194885,2.8001862
2020-12-01 04:00:00,263.23135,250.75777,-0.6742554,2.5145721
2020-12-01 05:00:00,265.58746,252.5681,-0.62594604,2.1454773
2020-12-01 06:00:00,267.2041,254.23975,-0.47998047,1.911377
2020-12-01 07:00:00,269.66064,255.44128,-0.23599243,1.2820301
2020-12-01 08:00:00,268.80658,258.36346,-0.28001404,1.35429
2020-12-01 09:00:00,269.4997,258.4457,-0.25680542,1.3734188
2020-12-01 10:00:00,270.3322,257.73853,-0.15254211,1.3746338
2020-12-01 11:00:00,269.73795,256.84247,-0.002380371,1.6256256
2020-12-01 12:00:00,268.2909,256.03818,-0.20251465,1.9671631
2020-12-01 13:00:00,266.89038,255.06557,-0.3481903,2.247345
2020-12-01 14:00:00,266.1067,254.1652,-0.49043274,2.3859863
2020-12-01 15:00:00,265.32135,253.41043,-0.57917786,2.5190582
2020-12-01 16:00:00,265.24387,253.09282,-0.633255,2.5427399
2020-12-01 17:00:00,265.78766,253.28722,-0.698349,2.4438324
2020-12-01 18:00:00,265.3282,252.75746,-0.72024536,2.5003204
2020-12-01 19:00:00,263.10486,251.50194,-0.71432495,2.9975128
2020-12-01 20:00:00,262.89423,251.57683,-0.8070679,2.9986115
2020-12-01 21:00:00,262.6875,251.82254,-0.8376465,3.0285645
2020-12-01 22:00:00,262.62305,251.99944,-0.8678894,3.045761
2020-12-01 23:00:00,262.54446,252.13376,-0.8636694,3.0773163
2020-12-02 00:00:00,262.5081,252.29779,-0.8739214,3.109375
2020-12-02 01:00:00,262.7652,252.75233,-0.9047518,3.2108612
2020-12-02 02:00:00,262.48145,252.86124,-0.9461756,3.3219757
2020-12-02 03:00:00,263.06604,253.4307,-0.95828724,3.245758
2020-12-02 04:00:00,265.17688,255.18817,-0.80976486,2.9451447
2020-12-02 05:00:00,268.07214,257.4558,-0.68265724,2.5085754
2020-12-02 06:00:00,271.56366,259.48328,-0.5473461,1.9449921
2020-12-02 07:00:00,273.7661,260.8506,-0.3716364,1.5354614
2020-12-02 08:00:00,274.9352,260.489,-0.3086853,1.266098
2020-12-02 09:00:00,274.66327,261.22293,-0.37412548,1.2799835
2020-12-02 10:00:00,273.32895,261.637,-0.45855522,1.5548248
2020-12-02 11:00:00,271.78256,260.6845,-0.541708,1.908844
2020-12-02 12:00:00,269.78345,259.37677,-0.6896324,2.2504425
2020-12-02 13:00:00,268.00348,258.3424,-0.7918787,2.5329742
2020-12-02 14:00:00,266.1151,257.86053,-0.9767475,2.8289185
2020-12-02 15:00:00,264.6643,257.23068,-1.0749664,3.092514
2020-12-02 16:00:00,264.44586,256.9533,-1.0301819,3.110611
2020-12-02 17:00:00,264.5009,256.8472,-0.9811096,3.0692291
2020-12-02 18:00:00,264.4171,256.90607,-1.0355225,3.0593414
2020-12-02 19:00:00,264.16724,257.8437,-0.88926697,3.1596527
2020-12-02 20:00:00,264.78787,257.67816,-0.96643066,2.9695892
2020-12-02 21:00:00,264.96448,257.93433,-1.0319061,2.9254608
2020-12-02 22:00:00,265.44458,258.5456,-1.0364685,2.8504944
2020-12-02 23:00:00,265.1883,258.7734,-0.99580383,2.9232483
2020-12-03 00:00:00,264.97095,258.9875,-0.99861145,2.983612
2020-12-03 01:00:00,264.86597,259.09125,-1.0133362,3.0118713
2020-12-03 02:00:00,264.86734,258.9007,-0.969635,2.9796143
2020-12-03 03:00:00,264.86578,259.3468,-1.0179901,3.0365906
2020-12-03 04:00:00,266.3531,260.88348,-0.9099121,2.8035736
2020-12-03 05:00:00,269.25653,262.85422,-0.6630707,2.2496948
2020-12-03 06:00:00,273.0645,264.00116,-0.44058228,1.548706
2020-12-03 07:00:00,275.06775,265.10938,-0.35849,1.2438354
2020-12-03 08:00:00,275.8416,264.27805,-0.28900146,0.7819824
2020-12-03 09:00:00,275.48865,264.74817,0.038619995,0.5461731
2020-12-03 10:00:00,274.69757,265.03113,0.3275299,0.5190735
2020-12-03 11:00:00,273.51147,264.78198,0.07362366,1.1219788
2020-12-03 12:00:00,270.66205,264.01056,-0.33462524,1.6691742
2020-12-03 13:00:00,268.80286,262.765,-0.5605316,2.0017853
2020-12-03 14:00:00,267.10916,261.68604,-0.6437683,2.2670746
2020-12-03 15:00:00,265.20914,260.60956,-0.7742157,2.6040802
2020-12-03 16:00:00,264.29034,259.97253,-0.9058838,2.734909
2020-12-03 17:00:00,263.86575,259.58295,-0.9960327,2.7372894
2020-12-03 18:00:00,263.69394,259.25183,-1.0016632,2.7407227
2020-12-03 19:00:00,263.1588,258.99817,-1.021286,2.9183197
2020-12-03 20:00:00,263.7984,259.47626,-1.0065002,2.696701
2020-12-03 21:00:00,265.37677,260.25824,-0.87290955,2.418808
2020-12-03 22:00:00,267.04553,260.97464,-0.7041321,2.1833954
2020-12-03 23:00:00,267.9455,261.21863,-0.6103363,2.0592804
2020-12-04 00:00:00,268.88867,261.4899,-0.5304413,1.887497
2020-12-04 01:00:00,267.33707,260.62762,-0.5418854,1.9526367
2020-12-04 02:00:00,266.64294,260.44623,-0.6305084,1.9953308
2020-12-04 03:00:00,267.12668,260.7412,-0.6468048,1.885541
2020-12-04 04:00:00,269.20953,262.52637,-0.5129547,1.5002947
2020-12-04 05:00:00,270.91238,263.98828,-0.24214172,0.84172916
2020-12-04 06:00:00,271.30054,265.20233,-0.06311035,0.34457684
2020-12-04 07:00:00,271.6195,265.3119,0.03514099,0.41357994
2020-12-04 08:00:00,271.7013,266.84283,0.35995483,-0.0067710876
2020-12-04 09:00:00,271.33206,266.5733,0.35139465,0.072265625
2020-12-04 10:00:00,270.7096,266.8917,0.36331177,0.15037537
2020-12-04 11:00:00,269.87042,266.78925,0.29455566,0.5066376
2020-12-04 12:00:00,269.4057,266.43274,0.3171692,0.6712189
2020-12-04 13:00:00,269.09827,265.86298,0.18234253,0.62783813
2020-12-04 14:00:00,268.71902,265.40787,0.03703308,0.68948364
2020-12-04 15:00:00,267.85825,265.061,-0.16625977,0.8883362
2020-12-04 16:00:00,267.14166,264.664,-0.30319977,1.0481262
2020-12-04 17:00:00,267.04913,264.17957,-0.39953613,1.006958
2020-12-04 18:00:00,267.55206,264.24316,-0.45921326,0.8702698
2020-12-04 19:00:00,268.01477,263.8097,-0.4951477,0.8907471
2020-12-04 20:00:00,268.21393,263.7188,-0.48075867,0.7652588
2020-12-04 21:00:00,268.1526,263.4314,-0.53012085,0.7746887
2020-12-04 22:00:00,267.99866,263.0244,-0.59381104,0.82073975
2020-12-04 23:00:00,267.69598,262.50797,-0.4721527,0.9189606
2020-12-05 00:00:00,267.4028,261.87628,-0.4228363,1.0193329
2020-12-05 01:00:00,267.4416,261.7744,-0.43658447,0.99731064
2020-12-05 02:00:00,267.3988,261.34476,-0.37683105,1.0114775
2020-12-05 03:00:00,267.39682,261.03333,-0.21644592,1.0014086
2020-12-05 04:00:00,267.3647,261.08173,-0.14445496,0.88090706
2020-12-05 05:00:00,267.69885,262.39325,0.11047363,0.59022427
2020-12-05 06:00:00,268.0865,262.91068,0.379364,0.099630356
2020-12-05 07:00:00,267.33307,264.3819,0.48780823,-0.2338314
2020-12-05 08:00:00,267.6662,264.6681,0.5791168,-0.32374
2020-12-05 09:00:00,267.50577,265.01215,0.45425415,-0.12284851
2020-12-05 10:00:00,267.1352,264.77216,0.3397522,0.2427063
2020-12-05 11:00:00,266.86954,264.1916,0.13206482,0.6827545
2020-12-05 12:00:00,266.3406,262.93292,0.008621216,1.1656275
2020-12-05 13:00:00,265.3954,261.09613,-0.17077637,1.4621687
2020-12-05 14:00:00,264.51456,259.36325,-0.30334473,1.6895428
2020-12-05 15:00:00,264.08844,258.28616,-0.4249115,1.8083496
2020-12-05 16:00:00,263.49274,257.19635,-0.561615,1.9439545
2020-12-05 17:00:00,262.87726,256.1985,-0.631546,2.0951996
2020-12-05 18:00:00,261.8291,255.07812,-0.7013855,2.3069153
2020-12-05 19:00:00,261.02164,253.32237,-0.7311096,2.4229183
2020-12-05 20:00:00,260.54578,253.7064,-0.79740906,2.5143738
2020-12-05 21:00:00,259.94952,253.87997,-0.82910156,2.633255
2020-12-05 22:00:00,259.29584,253.76811,-0.888916,2.7636566
2020-12-05 23:00:00,259.08972,253.9704,-0.82289124,2.821579
2020-12-06 00:00:00,259.31818,254.13654,-0.8155823,2.7894592
2020-12-06 01:00:00,259.4248,253.9885,-0.7829437,2.7942305
2020-12-06 02:00:00,259.18622,253.98993,-0.82315063,2.8696938
2020-12-06 03:00:00,259.04205,253.70439,-0.84088135,2.927822
2020-12-06 04:00:00,260.6381,254.88623,-0.7017975,2.7221699
2020-12-06 05:00:00,263.24408,257.01538,-0.52508545,2.3061218
2020-12-06 06:00:00,267.02863,259.3416,-0.25291443,1.6382141
2020-12-06 07:00:00,268.55084,260.34106,-0.051132202,0.9647522
2020-12-06 08:00:00,268.87085,261.30606,-0.08441162,0.86686707
2020-12-06 09:00:00,268.77954,262.12247,-0.06665039,0.93621826
2020-12-06 10:00:00,267.94305,262.3133,-0.1675415,1.2176208
2020-12-06 11:00:00,266.90625,261.57324,-0.29656982,1.5978088
2020-12-06 12:00:00,265.35162,260.19272,-0.51660156,1.9343109
2020-12-06 13:00:00,264.22748,259.0061,-0.6242218,2.1445465
2020-12-06 14:00:00,263.39026,257.8119,-0.7327728,2.2985535
2020-12-06 15:00:00,262.74927,256.69843,-0.8069153,2.4131317
2020-12-06 16:00:00,261.6529,255.54623,-0.89611816,2.6125336
2020-12-06 17:00:00,260.78613,254.59904,-0.93530273,2.79776
2020-12-06 18:00:00,259.58597,252.96133,-1.0680695,3.0217285
2020-12-06 19:00:00,259.3515,253.23196,-0.95651245,3.1345673
2020-12-06 20:00:00,259.97742,253.34322,-0.934433,2.9940186
2020-12-06 21:00:00,260.521,253.57231,-0.92796326,2.9083557
2020-12-06 22:00:00,260.84143,253.73253,-0.8699341,2.8553314
2020-12-06 23:00:00,261.32474,254.05269,-0.7862091,2.742859
2020-12-07 00:00:00,261.7234,254.19621,-0.6794586,2.6455536
2020-12-07 01:00:00,262.00677,254.18018,-0.6609955,2.497116
2020-12-07 02:00:00,262.20685,254.32603,-0.6432648,2.4160767
2020-12-07 03:00:00,262.35876,254.49776,-0.6470947,2.351883
2020-12-07 04:00:00,263.90762,254.83575,-0.5046387,2.0902557
2020-12-07 05:00:00,265.49115,255.89098,-0.3212738,1.7887421
2020-12-07 06:00:00,266.85526,257.78336,-0.042144775,1.347168
2020-12-07 07:00:00,267.8376,259.31284,0.07298279,0.45565796
2020-12-07 08:00:00,267.9361,259.735,0.12017822,0.18151855
2020-12-07 09:00:00,267.82135,260.1503,0.014541626,0.20988464
2020-12-07 10:00:00,267.64313,259.75473,-0.16062927,0.59854126
2020-12-07 11:00:00,266.36078,258.59933,-0.35247803,1.1548157
2020-12-07 12:00:00,264.99063,256.71838,-0.43821716,1.6044922
2020-12-07 13:00:00,264.56403,255.79016,-0.44776917,1.7008848
2020-12-07 14:00:00,263.8634,255.75075,-0.5218353,1.859787
2020-12-07 15:00:00,264.3319,256.0175,-0.5473938,1.7867117
2020-12-07 16:00:00,264.34198,256.02982,-0.5711212,1.801302
2020-12-07 17:00:00,264.95773,256.30063,-0.56565857,1.720151
2020-12-07 18:00:00,266.16464,256.91956,-0.54826355,1.565445
2020-12-07 19:00:00,266.16492,257.9987,-0.38571167,1.6233368
2020-12-07 20:00:00,265.82306,258.06427,-0.44107056,1.6463318
2020-12-07 21:00:00,265.528,258.1073,-0.53215027,1.6408234
2020-12-07 22:00:00,265.52112,258.20367,-0.55397034,1.6264954
2020-12-07 23:00:00,265.3267,258.32773,-0.6014557,1.6107178
2020-12-08 00:00:00,265.43896,258.44757,-0.616745,1.6212311
2020-12-08 01:00:00,265.6881,258.60324,-0.6422119,1.6080017
2020-12-08 02:00:00,264.97467,258.27826,-0.69692993,1.7467651
2020-12-08 03:00:00,264.2804,257.9716,-0.7272949,1.8439331
2020-12-08 04:00:00,265.5547,258.50473,-0.6872711,1.6662445
2020-12-08 05:00:00,268.10846,259.45007,-0.42044067,1.2162933
2020-12-08 06:00:00,268.9065,259.95483,-0.23973083,0.72592163
2020-12-08 07:00:00,269.40762,260.64322,0.068618774,0.069107056
2020-12-08 08:00:00,269.7342,261.22733,-0.013870239,-0.15979004
2020-12-08 09:00:00,269.70868,261.59586,-0.09095764,0.04273987
2020-12-08 10:00:00,269.39282,261.7009,-0.15280151,0.5329895
2020-12-08 11:00:00,268.8205,261.4555,-0.206604,1.2727509
2020-12-08 12:00:00,267.26807,260.5725,-0.27677917,1.6672516
2020-12-08 13:00:00,266.8639,260.02097,-0.35083008,1.7553406
2020-12-08 14:00:00,266.7605,259.70026,-0.4257202,1.7984314
2020-12-08 15:00:00,266.49277,259.51096,-0.5124512,1.84935
2020-12-08 16:00:00,266.17133,259.27606,-0.56336975,1.9093933
2020-12-08 17:00:00,265.49435,258.94104,-0.63087463,2.0033417
2020-12-08 18:00:00,264.8405,258.6072,-0.6932373,2.0883179
2020-12-08 19:00:00,266.35608,258.92322,-0.5430908,1.84758
2020-12-08 20:00:00,265.2286,258.38202,-0.6557617,1.994873
2020-12-08 21:00:00,263.95514,257.80054,-0.72532654,2.1857452
2020-12-08 22:00:00,262.6886,257.10373,-0.78193665,2.3872375
2020-12-08 23:00:00,262.40076,257.00824,-0.7759247,2.448532
2020-12-09 00:00:00,262.3732,257.21933,-0.776886,2.4637604
2020-12-09 01:00:00,263.0884,258.00665,-0.7512512,2.4176483
2020-12-09 02:00:00,262.7813,257.96387,-0.7124634,2.5020294
2020-12-09 03:00:00,263.07956,258.04913,-0.7106476,2.4614105
2020-12-09 04:00:00,266.20898,259.48798,-0.60821533,1.9855499
2020-12-09 05:00:00,269.6584,260.71112,-0.37072754,1.3621826
2020-12-09 06:00:00,270.3197,260.7552,-0.13380432,1.0437622
2020-12-09 07:00:00,271.37653,261.83627,0.076828,0.38461304
2020-12-09 08:00:00,271.55154,262.2979,0.010696411,0.2730713
2020-12-09 09:00:00,271.38126,262.61908,0.02960205,0.22938156
2020-12-09 10:00:00,270.802,262.60675,-0.032699585,0.7064676
2020-12-09 11:00:00,269.3634,262.0094,-0.21824646,1.4017935
2020-12-09 12:00:00,267.07858,260.52643,-0.47099304,1.8723898
2020-12-09 13:00:00,265.4743,259.22955,-0.5938568,2.1161375
2020-12-09 14:00:00,264.49722,258.31583,-0.68281555,2.266861
2020-12-09 15:00:00,264.16644,257.72107,-0.71842957,2.3158798
2020-12-09 16:00:00,264.58853,257.64487,-0.73521423,2.2259636
2020-12-09 17:00:00,265.15198,257.71307,-0.7040558,2.1156902
2020-12-09 18:00:00,264.94666,257.45154,-0.69696045,2.1111622
2020-12-09 19:00:00,265.14917,257.60876,-0.6069336,2.1247292
2020-12-09 20:00:00,265.6482,257.42847,-0.62564087,2.012411
2020-12-09 21:00:00,265.46402,257.15515,-0.65315247,2.022932
2020-12-09 22:00:00,264.9669,256.93408,-0.6553345,2.096901
2020-12-09 23:00:00,264.49908,256.86026,-0.6200104,2.1526814
2020-12-10 00:00:00,263.9294,256.69098,-0.6138611,2.217188
2020-12-10 01:00:00,263.39014,256.4736,-0.61968994,2.2885895
2020-12-10 02:00:00,262.9177,256.14154,-0.64630127,2.3480625
2020-12-10 03:00:00,262.9944,256.05066,-0.64186096,2.3328304
2020-12-10 04:00:00,265.66486,257.21777,-0.5148163,1.9407997
2020-12-10 05:00:00,268.88983,258.54947,-0.26417542,1.210041
2020-12-10 06:00:00,269.55823,259.1781,-0.22457886,0.8603096
2020-12-10 07:00:00,269.93713,260.31372,-0.010131836,0.44925404
2020-12-10 08:00:00,270.09808,260.8048,-0.17019653,0.34389496
2020-12-10 09:00:00,269.99548,261.02338,-0.26255798,0.42948914
2020-12-10 10:00:00,269.7467,260.92224,-0.33480835,0.8213539
2020-12-10 11:00:00,268.11145,260.51428,-0.41415405,1.4364634
2020-12-10 12:00:00,266.2572,259.4571,-0.5830231,1.8644905
2020-12-10 13:00:00,264.92172,258.45694,-0.6529999,2.090828
2020-12-10 14:00:00,264.0307,257.61212,-0.7059479,2.2234669
2020-12-10 15:00:00,263.53082,256.99762,-0.7303467,2.3028412
2020-12-10 16:00:00,262.9991,256.39587,-0.73287964,2.4087982
2020-12-10 17:00:00,262.11914,255.36143,-0.8038788,2.5465546
2020-12-10 18:00:00,261.37875,254.58281,-0.8828583,2.653473
2020-12-10 19:00:00,262.14343,256.2245,-0.66044617,2.5917206
2020-12-10 20:00:00,261.99396,255.82973,-0.7341461,2.583023
2020-12-10 21:00:00,261.65265,255.42105,-0.7619324,2.6493664
2020-12-10 22:00:00,261.96152,255.35434,-0.7140808,2.5993042
2020-12-10 23:00:00,262.4953,255.35172,-0.64811707,2.5065765
2020-12-11 00:00:00,262.78467,255.12631,-0.6157837,2.4409142
2020-12-11 01:00:00,262.38232,254.43323,-0.59921265,2.4397717
2020-12-11 02:00:00,262.2987,253.93042,-0.5561218,2.439497
2020-12-11 03:00:00,262.44745,253.61928,-0.5517578,2.426464
2020-12-11 04:00:00,265.3979,254.5751,-0.4494934,2.0185223
2020-12-11 05:00:00,268.51746,255.65569,-0.1269989,1.3400383
2020-12-11 06:00:00,269.12085,256.5136,-0.080444336,0.83719254
2020-12-11 07:00:00,269.0428,257.84308,0.041275024,0.56594086
2020-12-11 08:00:00,269.22455,258.6891,0.008010864,0.49460983
2020-12-11 09:00:00,269.1709,259.19388,0.0055389404,0.5523348
2020-12-11 10:00:00,268.8568,259.26318,-0.08668518,0.8475113
2020-12-11 11:00:00,267.633,258.8523,-0.18319702,1.4431515
2020-12-11 12:00:00,265.9897,257.69324,-0.38845825,1.7755508
2020-12-11 13:00:00,265.05786,256.7223,-0.47009277,1.9090252
2020-12-11 14:00:00,264.6328,256.0681,-0.49021912,1.9697456
2020-12-11 15:00:00,264.32764,255.6496,-0.49552917,2.0198135
2020-12-11 16:00:00,264.3578,255.4475,-0.5189514,2.013279
2020-12-11 17:00:00,264.33545,255.24948,-0.55656433,2.002102
2020-12-11 18:00:00,264.08694,254.90611,-0.57307434,2.0315113
2020-12-11 19:00:00,264.47815,255.2737,-0.5145111,1.9719505
2020-12-11 20:00:00,264.8177,255.37183,-0.5886688,1.890274
2020-12-11 21:00:00,264.37592,255.32681,-0.6162262,1.9108276
2020-12-11 22:00:00,264.30585,255.53421,-0.65234375,1.8731995
2020-12-11 23:00:00,263.34686,255.48581,-0.69818115,1.9272614
2020-12-12 00:00:00,262.43222,255.27676,-0.722702,2.0078888
2020-12-12 01:00:00,261.8587,255.00919,-0.67759705,2.008545
2020-12-12 02:00:00,261.37225,254.76093,-0.6757202,2.064804
2020-12-12 03:00:00,260.99014,254.85628,-0.6813965,2.1155853
2020-12-12 04:00:00,263.262,256.11523,-0.5405121,1.7701721
2020-12-12 05:00:00,265.8405,257.44034,-0.39312744,1.1207886
2020-12-12 06:00:00,266.63873,258.39563,-0.3065033,0.6663971
2020-12-12 07:00:00,266.85626,259.19052,0.19364929,-0.18499756
2020-12-12 08:00:00,266.91525,259.66324,0.15020752,-0.3050537
2020-12-12 09:00:00,266.82483,259.95276,0.13633728,-0.16549683
2020-12-12 10:00:00,266.5258,260.04688,0.013397217,0.1287384
2020-12-12 11:00:00,265.8248,259.9272,-0.14753723,0.79138184
2020-12-12 12:00:00,265.1535,259.4286,-0.26889038,1.3721619
2020-12-12 13:00:00,264.00354,258.5464,-0.35401917,1.6230164
2020-12-12 14:00:00,263.79474,258.1375,-0.40524292,1.6980438
2020-12-12 15:00:00,263.18573,257.57,-0.44776917,1.8134613
2020-12-12 16:00:00,263.49542,257.52637,-0.4486847,1.7914429
2020-12-12 17:00:00,264.17334,257.66547,-0.4703369,1.7039032
2020-12-12 18:00:00,264.3426,257.4836,-0.4951172,1.6826172
2020-12-12 19:00:00,264.22495,258.05722,-0.36663818,1.6912842
2020-12-12 20:00:00,264.31964,257.84338,-0.42799377,1.6174011
2020-12-12 21:00:00,263.5849,257.19223,-0.5221863,1.6989136
2020-12-12 22:00:00,263.28735,256.53235,-0.54182434,1.7086391
2020-12-12 23:00:00,262.06717,255.53537,-0.597229,1.8694668
2020-12-13 00:00:00,261.83658,255.18982,-0.64305115,1.9040184
2020-12-13 01:00:00,261.40747,254.74014,-0.65441895,1.982502
2020-12-13 02:00:00,260.753,254.16185,-0.68826294,2.0578556
2020-12-13 03:00:00,261.10547,254.21254,-0.6953888,1.9763651
2020-12-13 04:00:00,263.71875,255.189,-0.54563904,1.6077967
2020-12-13 05:00:00,265.13004,256.18347,-0.37176514,1.0346766
2020-12-13 06:00:00,266.16495,257.04285,-0.28070068,0.47775364
2020-12-13 07:00:00,266.38983,259.12805,-0.04663849,-0.3170824
2020-12-13 08:00:00,266.28424,260.18423,-0.2081604,-0.46981812
2020-12-13 09:00:00,266.2489,260.33722,-0.22183228,-0.41281128
2020-12-13 10:00:00,266.12347,259.919,-0.2541809,-0.059646606
2020-12-13 11:00:00,265.3928,259.59946,-0.29379272,0.7963562
2020-12-13 12:00:00,264.76944,258.68903,-0.36247253,1.3809357
2020-12-13 13:00:00,263.88953,257.7851,-0.45451355,1.5679626
2020-12-13 14:00:00,263.27878,257.0081,-0.5721741,1.6659088
2020-12-13 15:00:00,262.98846,256.4348,-0.6255951,1.7189331
2020-12-13 16:00:00,262.4876,255.86015,-0.7003479,1.7846832
2020-12-13 17:00:00,261.49295,255.07576,-0.77267456,1.8925629
2020-12-13 18:00:00,260.51923,254.28185,-0.85450745,2.0048523
2020-12-13 19:00:00,261.0526,254.71484,-0.6904602,2.0057678
2020-12-13 20:00:00,261.26755,254.60329,-0.78338623,1.9419861
2020-12-13 21:00:00,261.032,254.3488,-0.8257904,1.9569702
2020-12-13 22:00:00,260.83182,254.13448,-0.8208771,1.9721832
2020-12-13 23:00:00,260.08878,253.63098,-0.85749817,2.0674744
2020-12-14 00:00:00,259.96826,253.48888,-0.8613281,2.0797272
2020-12-14 01:00:00,259.9357,253.42114,-0.83647156,2.1017456
2020-12-14 02:00:00,259.83716,253.13336,-0.80085754,2.0876923
2020-12-14 03:00:00,259.9541,253.11278,-0.8109894,2.0511475
2020-12-14 04:00:00,262.80875,254.27568,-0.66218567,1.6661224
2020-12-14 05:00:00,264.63458,255.34343,-0.46801758,1.0864105
2020-12-14 06:00:00,265.578,256.1898,-0.43255615,0.6484833
2020-12-14 07:00:00,266.16357,257.08826,-0.1902008,-0.055130005
2020-12-14 08:00:00,266.388,257.63232,-0.27113342,-0.3325348
2020-12-14 09:00:00,266.29028,257.9369,-0.27864838,-0.228302
2020-12-14 10:00:00,265.9204,258.11542,-0.26455784,0.2751007
2020-12-14 11:00:00,265.20325,257.93182,-0.31376076,0.98036194
2020-12-14 12:00:00,263.0631,256.8139,-0.47546768,1.6533356
2020-12-14 13:00:00,262.00012,255.9539,-0.6054268,1.8217621
2020-12-14 14:00:00,261.44153,255.50844,-0.69488525,1.9100189
2020-12-14 15:00:00,261.21738,255.0752,-0.7387543,1.9368744
2020-12-14 16:00:00,261.07596,254.39735,-0.7722626,1.947052
2020-12-14 17:00:00,260.76346,253.70576,-0.80848694,1.9891357
2020-12-14 18:00:00,259.77185,252.64894,-0.82022095,2.1227264
2020-12-14 19:00:00,260.90277,253.5339,-0.64715576,2.0265808
2020-12-14 20:00:00,260.5323,252.58672,-0.7064209,2.0551605
2020-12-14 21:00:00,260.5746,252.08902,-0.74780273,2.0345001
2020-12-14 22:00:00,260.97137,252.27602,-0.7425537,1.9333792
2020-12-14 23:00:00,261.62323,253.28087,-0.68640137,1.8215694
2020-12-15 00:00:00,261.6308,253.58609,-0.6915741,1.8072901
2020-12-15 01:00:00,262.2754,254.16536,-0.67652893,1.7010202
2020-12-15 02:00:00,261.76782,254.11595,-0.7135925,1.7930326
2020-12-15 03:00:00,260.95297,253.87613,-0.760437,1.9028988
2020-12-15 04:00:00,264.2956,255.24185,-0.58018494,1.4204845
2020-12-15 05:00:00,265.4096,256.19525,-0.40519714,0.7195282
2020-12-15 06:00:00,266.17383,257.2091,-0.33338928,0.14689636
2020-12-15 07:00:00,266.4944,257.83832,-0.040405273,-0.40340996
2020-12-15 08:00:00,266.6529,259.76855,-0.121170044,-0.60762024
2020-12-15 09:00:00,266.48187,261.3291,-0.1904211,-0.46775055
2020-12-15 10:00:00,266.40106,259.4923,-0.21811867,-0.16165733
2020-12-15 11:00:00,265.7307,259.32385,-0.2466259,0.65764046
2020-12-15 12:00:00,265.2048,258.492,-0.2764778,1.2644043
2020-12-15 13:00:00,264.15057,257.2979,-0.37965202,1.4637756
2020-12-15 14:00:00,263.658,256.3593,-0.47146606,1.5576477
2020-12-15 15:00:00,262.71793,255.46394,-0.55877686,1.6933441
2020-12-15 16:00:00,262.33954,254.90073,-0.62187195,1.7483368
2020-12-15 17:00:00,261.4691,254.23062,-0.6684418,1.8908691
2020-12-15 18:00:00,260.60913,253.59755,-0.7149353,2.0143719
2020-12-15 19:00:00,261.6001,254.97224,-0.48701477,1.9881821
2020-12-15 20:00:00,261.58148,254.34248,-0.6030731,1.9672585
2020-12-15 21:00:00,261.16757,253.65503,-0.6520996,2.0213375
2020-12-15 22:00:00,261.2266,253.5403,-0.66490173,1.9973392
2020-12-15 23:00:00,261.2516,253.58235,-0.6650696,1.9709511
2020-12-16 00:00:00,261.08203,253.57271,-0.66560364,1.9757004
2020-12-16 01:00:00,261.23953,253.68945,-0.63797,1.9528809
2020-12-16 02:00:00,261.18878,253.63513,-0.6006317,1.943161
2020-12-16 03:00:00,261.0692,253.44157,-0.61177063,1.9588623
2020-12-16 04:00:00,263.5349,254.3753,-0.5384369,1.589035
2020-12-16 05:00:00,265.18747,255.51733,-0.3722992,0.9744415
2020-12-16 06:00:00,266.1599,256.73285,-0.2987671,0.36672974
2020-12-16 07:00:00,266.63098,257.2254,-0.021133423,-0.36845398
2020-12-16 08:00:00,266.56628,260.97137,-0.19381714,-0.44404602
2020-12-16 09:00:00,266.76978,260.27863,-0.23168945,-0.50413513
2020-12-16 10:00:00,266.67267,258.19113,-0.23252869,-0.15907288
2020-12-16 11:00:00,265.94464,258.11572,-0.23384094,0.70036316
2020-12-16 12:00:00,265.34113,257.70203,-0.27770996,1.3472137
2020-12-16 13:00:00,264.16248,256.90176,-0.38059998,1.5752563
2020-12-16 14:00:00,263.5357,256.19415,-0.49012756,1.7053833
2020-12-16 15:00:00,262.63873,255.43895,-0.58221436,1.8542328
2020-12-16 16:00:00,261.58444,254.72752,-0.66838074,2.0056458
2020-12-16 17:00:00,260.58173,253.9083,-0.72447205,2.1584473
2020-12-16 18:00:00,260.33795,253.6518,-0.7564087,2.2145233
2020-12-16 19:00:00,261.4762,254.82666,-0.5512543,2.1313324
2020-12-16 20:00:00,261.30237,254.44405,-0.62901306,2.1304626
2020-12-16 21:00:00,260.46167,253.69205,-0.71372986,2.2266235
2020-12-16 22:00:00,259.51086,252.8283,-0.7658386,2.3513489
2020-12-16 23:00:00,258.31873,251.75801,-0.8499603,2.4844666
2020-12-17 00:00:00,257.03336,250.62248,-0.95851135,2.6687012
2020-12-17 01:00:00,255.87708,249.68419,-1.0813904,2.8733826
2020-12-17 02:00:00,254.74242,248.94205,-1.2199707,3.018341
2020-12-17 03:00:00,254.82639,249.49022,-1.2646942,2.99794
2020-12-17 04:00:00,258.26758,252.11086,-0.9867859,2.4875336
2020-12-17 05:00:00,263.65073,255.47081,-0.6255188,1.6446838
2020-12-17 06:00:00,266.52777,257.48688,-0.47181702,0.96528625
2020-12-17 07:00:00,267.0802,259.26062,-0.16749573,0.16934204
2020-12-17 08:00:00,267.6447,258.96674,-0.2690277,-0.16870117
2020-12-17 09:00:00,267.80273,259.12323,-0.31576538,-0.09597778
2020-12-17 10:00:00,267.60678,259.3385,-0.3319397,0.43852234
2020-12-17 11:00:00,265.95154,258.94617,-0.431839,1.3279266
2020-12-17 12:00:00,263.445,257.20465,-0.5983887,1.9824219
2020-12-17 13:00:00,261.723,255.63246,-0.6582794,2.2713165
2020-12-17 14:00:00,260.16754,254.2958,-0.73043823,2.5500183
2020-12-17 15:00:00,258.39478,252.95064,-0.869339,2.8519573
2020-12-17 16:00:00,256.90686,251.78726,-1.0643463,3.1158752
2020-12-17 17:00:00,256.24182,251.25778,-1.2133636,3.3627472
2020-12-17 18:00:00,256.02856,251.42314,-1.3075867,3.575821
2020-12-17 19:00:00,256.58447,252.13695,-1.2369232,3.5931702
2020-12-17 20:00:00,256.53348,251.73438,-1.2189484,3.5470886
2020-12-17 21:00:00,256.41376,251.48003,-1.2823944,3.7158356
2020-12-17 22:00:00,256.63428,251.44588,-1.3607788,3.879181
2020-12-17 23:00:00,257.29303,251.71967,-1.4204865,3.9795532
2020-12-18 00:00:00,258.0866,252.0336,-1.3938446,3.9872437
2020-12-18 01:00:00,259.00806,252.65724,-1.3454285,3.958908
2020-12-18 02:00:00,259.39746,252.7419,-1.3368073,3.9888153
2020-12-18 03:00:00,259.8896,253.04257,-1.3283997,3.9608765
2020-12-18 04:00:00,261.9532,255.20631,-1.2111053,3.462799
2020-12-18 05:00:00,264.49463,258.10312,-0.9617462,2.7351532
2020-12-18 06:00:00,266.82938,260.81757,-0.6993103,1.93396
2020-12-18 07:00:00,269.4406,263.26617,-0.568573,1.1856537
2020-12-18 08:00:00,270.71967,262.84818,-0.53897095,0.86408997
2020-12-18 09:00:00,271.47638,262.63214,-0.4566803,0.7229767
2020-12-18 10:00:00,269.97827,262.8765,-0.49777222,1.1517487
2020-12-18 11:00:00,266.6735,260.6695,-0.71447754,2.0316467
2020-12-18 12:00:00,263.79706,257.5033,-1.0051394,2.7932892
2020-12-18 13:00:00,262.16144,255.44603,-1.1928482,3.2776031
2020-12-18 14:00:00,261.5161,254.93393,-1.3235168,3.604248
2020-12-18 15:00:00,261.51083,254.84286,-1.3676844,3.8430328
2020-12-18 16:00:00,261.80994,254.80879,-1.4170532,3.987259
2020-12-18 17:00:00,262.0188,254.63708,-1.4662628,4.142929
2020-12-18 18:00:00,262.1522,254.42632,-1.4622498,4.2408295
2020-12-18 19:00:00,261.65393,254.42465,-1.5476837,4.394067
2020-12-18 20:00:00,261.8719,254.16089,-1.4992676,4.362955
2020-12-18 21:00:00,261.74176,253.9433,-1.5465851,4.4376783
2020-12-18 22:00:00,261.8264,253.87425,-1.5462952,4.444232
2020-12-18 23:00:00,261.98334,253.90204,-1.5114288,4.436943
2020-12-19 00:00:00,262.23578,254.07277,-1.4890289,4.431567
2020-12-19 01:00:00,262.35117,254.3049,-1.5208282,4.4485083
2020-12-19 02:00:00,262.5193,254.62709,-1.5435638,4.4851856
2020-12-19 03:00:00,263.21216,255.43193,-1.5304565,4.3985195
2020-12-19 04:00:00,265.61536,258.2187,-1.3991699,3.9151516
2020-12-19 05:00:00,268.45544,261.5702,-1.2493439,3.2223673
2020-12-19 06:00:00,270.83533,264.62048,-0.9563904,2.5256586
2020-12-19 07:00:00,272.79645,267.65756,-0.56770325,1.8728218
2020-12-19 08:00:00,274.57446,268.1659,-0.24975586,1.1016674
2020-12-19 09:00:00,273.9839,268.43997,-0.20159912,1.1556988
2020-12-19 10:00:00,272.43396,266.9997,-0.25733948,1.5658827
2020-12-19 11:00:00,269.96094,264.11926,-0.5131531,2.1330137
2020-12-19 12:00:00,267.80847,261.3702,-0.80477905,2.6424494
2020-12-19 13:00:00,266.7215,260.11554,-1.0781708,2.9016476
2020-12-19 14:00:00,266.79626,260.1074,-1.2790985,2.980919
2020-12-19 15:00:00,267.06335,260.30676,-1.3161163,2.9614058
2020-12-19 16:00:00,267.29153,260.45572,-1.2838898,2.889903
2020-12-19 17:00:00,267.37866,260.4579,-1.3598785,2.9713392
2020-12-19 18:00:00,267.46164,260.47357,-1.4032593,3.130457
2020-12-19 19:00:00,267.64978,261.5583,-1.1686707,3.4608088
2020-12-19 20:00:00,268.07816,261.80527,-0.9687805,3.1443853
2020-12-19 21:00:00,268.37567,262.1221,-0.5997162,2.700861
2020-12-19 22:00:00,267.9193,261.5242,-0.5145111,2.5198917
2020-12-19 23:00:00,267.3949,261.15686,-0.52030945,2.4084473
2020-12-20 00:00:00,267.8869,260.3752,-0.26834106,2.1481018
2020-12-20 01:00:00,266.75912,258.91064,-0.52301025,2.0832062
2020-12-20 02:00:00,266.3812,258.30255,-0.5732422,1.9830322
2020-12-20 03:00:00,267.79242,258.35498,-0.47291565,1.7341003
2020-12-20 04:00:00,268.89404,259.05566,-0.39805222,1.5054626
2020-12-20 05:00:00,269.5044,260.44574,-0.2435503,0.8267517
2020-12-20 06:00:00,269.8349,262.26172,-0.17520046,0.19319153
2020-12-20 07:00:00,270.3492,266.97714,0.40164375,-0.4293213
2020-12-20 08:00:00,270.4588,267.07385,0.374835,-0.6090698
2020-12-20 09:00:00,270.0946,267.67865,0.2512703,-0.5084381
2020-12-20 10:00:00,269.58203,267.99896,0.09133911,-0.23796082
2020-12-20 11:00:00,268.90958,267.7492,-0.08363247,0.309021
2020-12-20 12:00:00,268.4001,267.54733,-0.07373047,0.55336
2020-12-20 13:00:00,268.0392,267.34726,-0.122024536,0.6622772
2020-12-20 14:00:00,267.74353,267.11572,-0.121834755,0.5771332
2020-12-20 15:00:00,267.4086,266.77463,-0.07789707,0.5545502
2020-12-20 16:00:00,266.97888,266.47784,-0.10374355,0.6565857
2020-12-20 17:00:00,266.59244,265.9927,-0.07579899,0.77505493
2020-12-20 18:00:00,266.31757,265.3988,0.029928207,0.66308594
2020-12-20 19:00:00,266.3936,264.31857,0.12138176,0.5403595
2020-12-20 20:00:00,266.2459,264.34256,0.19106197,0.23684692
2020-12-20 21:00:00,265.95508,264.1966,0.1334858,0.26509094
2020-12-20 22:00:00,265.5574,263.85663,0.11017227,0.41864014
2020-12-20 23:00:00,265.227,263.4183,0.10777664,0.45265198
2020-12-21 00:00:00,265.00244,262.93298,0.109537125,0.5605011
2020-12-21 01:00:00,264.9222,262.50876,0.107928276,0.56437683
2020-12-21 02:00:00,264.68378,261.79645,0.07345486,0.70892334
2020-12-21 03:00:00,263.39435,260.4672,-0.10049629,1.210556
2020-12-21 04:00:00,261.23224,259.25604,-0.23713684,1.630722
2020-12-21 05:00:00,263.0136,261.17267,-0.24938965,1.2092438
2020-12-21 06:00:00,265.776,262.49548,-0.11999512,0.4797821
2020-12-21 07:00:00,265.85602,262.04153,-0.08181763,0.5029602
2020-12-21 08:00:00,266.50787,261.1799,0.16918945,0.30421448
2020-12-21 09:00:00,266.6759,261.92212,0.29762268,0.29162598
2020-12-21 10:00:00,266.7484,259.2518,0.17103577,0.6625519
2020-12-21 11:00:00,264.59265,258.3686,-0.05960083,1.4610138
2020-12-21 12:00:00,262.27515,256.04803,-0.3173523,2.0760803
2020-12-21 13:00:00,261.26038,254.46321,-0.45776367,2.281311
2020-12-21 14:00:00,260.55225,253.06367,-0.5335083,2.458826
2020-12-21 15:00:00,260.02362,251.83826,-0.5753479,2.6152668
2020-12-21 16:00:00,259.2124,250.71657,-0.6148224,2.8400593
2020-12-21 17:00:00,258.6632,249.90668,-0.6451111,2.9939594
2020-12-21 18:00:00,258.89648,249.51427,-0.6150055,3.0129242
2020-12-21 19:00:00,260.07602,249.65735,-0.4454651,2.855319
2020-12-21 20:00:00,260.23364,249.29477,-0.4947052,2.8364258
2020-12-21 21:00:00,260.9243,249.19228,-0.42694092,2.7583961
2020-12-21 22:00:00,261.04376,249.10469,-0.4235077,2.7635021
2020-12-21 23:00:00,261.4569,249.27022,-0.3869934,2.7270432
2020-12-22 00:00:00,261.7186,249.40407,-0.35421753,2.7090092
2020-12-22 01:00:00,262.15335,249.8239,-0.37252808,2.6966
2020-12-22 02:00:00,261.86768,249.782,-0.44476318,2.7438164
2020-12-22 03:00:00,261.9829,249.88837,-0.5212097,2.7463608
2020-12-22 04:00:00,263.67328,250.94992,-0.47055054,2.4869099
2020-12-22 05:00:00,266.0191,252.22432,-0.37806702,2.0591583
2020-12-22 06:00:00,269.28665,252.59326,-0.20703125,1.4378662
2020-12-22 07:00:00,270.10614,253.22838,0.26434326,0.6452179
2020-12-22 08:00:00,270.33853,254.19325,0.1403656,0.6363678
2020-12-22 09:00:00,270.39807,254.73192,0.14073181,0.6687317
2020-12-22 10:00:00,270.0976,255.06955,0.055740356,1.0410299
2020-12-22 11:00:00,267.86194,255.81,-0.17556763,1.6687517
2020-12-22 12:00:00,265.95648,254.43674,-0.40940857,2.083084
2020-12-22 13:00:00,264.45142,253.21587,-0.5614319,2.3211117
2020-12-22 14:00:00,263.3568,252.094,-0.70336914,2.4997091
2020-12-22 15:00:00,262.2606,251.08595,-0.8234863,2.701377
2020-12-22 16:00:00,261.50558,250.30786,-0.88952637,2.8504562
2020-12-22 17:00:00,260.78174,249.81691,-0.9297943,2.9842815
2020-12-22 18:00:00,260.7812,249.52574,-0.92033386,2.9844341
2020-12-22 19:00:00,261.42694,249.19994,-0.7940674,2.9442635
2020-12-22 20:00:00,260.92474,249.0846,-0.87319946,2.9657822
2020-12-22 21:00:00,260.62054,249.17197,-0.904068,3.0202446
2020-12-22 22:00:00,260.52356,249.41046,-0.89027405,3.0204315
2020-12-22 23:00:00,260.79306,249.86792,-0.87675476,2.9659576
2020-12-23 00:00:00,260.7617,250.03064,-0.8783264,2.944107
2020-12-23 01:00:00,260.71332,250.16487,-0.8568268,2.927719
2020-12-23 02:00:00,260.77417,250.28705,-0.82788086,2.9022827
2020-12-23 03:00:00,260.73938,250.3807,-0.83335876,2.915924
2020-12-23 04:00:00,262.39478,251.52814,-0.75227356,2.6627045
2020-12-23 05:00:00,265.4004,253.28821,-0.608902,2.1399536
2020-12-23 06:00:00,268.62817,254.69202,-0.4848938,1.4999866
2020-12-23 07:00:00,271.2667,256.40585,-0.2624054,0.6400299
2020-12-23 08:00:00,271.75626,256.9961,-0.2917328,0.2122345
2020-12-23 09:00:00,271.6113,257.37448,-0.30267334,0.18127441
2020-12-23 10:00:00,271.0583,257.44537,-0.2609558,0.67297363
2020-12-23 11:00:00,269.347,257.47345,-0.3088684,1.444046
2020-12-23 12:00:00,267.222,256.3922,-0.4413452,1.9084473
2020-12-23 13:00:00,265.42047,255.25473,-0.56840515,2.16687
2020-12-23 14:00:00,264.60196,254.55095,-0.6463165,2.2911224
2020-12-23 15:00:00,264.2263,254.12971,-0.68299866,2.3465424
2020-12-23 16:00:00,263.66666,253.77094,-0.7362366,2.4234085
2020-12-23 17:00:00,262.86877,253.45667,-0.8484955,2.5197296
2020-12-23 18:00:00,261.67078,253.14339,-0.9687805,2.6976233
2020-12-23 19:00:00,263.51013,254.34898,-0.7131195,2.5742493
2020-12-23 20:00:00,263.2774,254.49141,-0.718338,2.5587006
2020-12-23 21:00:00,262.96655,254.56958,-0.7271118,2.5808105
2020-12-23 22:00:00,262.50616,254.38264,-0.7719574,2.6302032
2020-12-23 23:00:00,262.33514,254.28996,-0.79164124,2.6185303
2020-12-24 00:00:00,262.185,254.1167,-0.78515625,2.6079712
2020-12-24 01:00:00,262.71118,254.1638,-0.730113,2.5153656
2020-12-24 02:00:00,263.94263,254.35968,-0.51390266,2.321106
2020-12-24 03:00:00,264.16077,254.72618,-0.39045715,2.2595825
2020-12-24 04:00:00,264.59625,255.54422,-0.51457214,2.1451416
2020-12-24 05:00:00,266.63995,257.40314,-0.4876709,1.7096863
2020-12-24 06:00:00,269.11038,259.60574,-0.3816986,1.2048645
2020-12-24 07:00:00,271.52783,261.901,-0.03919983,0.5810547
2020-12-24 08:00:00,271.85577,261.97815,0.09323883,0.4038849
2020-12-24 09:00:00,271.79797,261.8708,0.32623386,0.20422363
2020-12-24 10:00:00,271.45563,261.6911,0.11456776,0.547348
2020-12-24 11:00:00,269.80084,261.54456,-0.03154373,1.3267517
2020-12-24 12:00:00,268.3677,260.48163,-0.35678864,1.761383
2020-12-24 13:00:00,266.6049,259.1892,-0.5539923,2.065155
2020-12-24 14:00:00,264.97656,257.87994,-0.7090149,2.3649292
2020-12-24 15:00:00,263.81525,256.8376,-0.8109436,2.5977478
2020-12-24 16:00:00,262.4678,255.89331,-0.95695496,2.8766022
2020-12-24 17:00:00,261.53918,255.21458,-1.0940399,3.0657806
2020-12-24 18:00:00,260.82477,254.75157,-1.1599579,3.2015667
2020-12-24 19:00:00,261.35492,255.355,-1.0120697,3.1696472
2020-12-24 20:00:00,262.70154,256.13037,-0.96043396,2.8776531
2020-12-24 21:00:00,263.71838,256.81573,-0.9462738,2.716751
2020-12-24 22:00:00,263.58893,256.80243,-1.0149384,2.7594604
2020-12-24 23:00:00,262.94653,256.18112,-1.0297394,2.8845673
2020-12-25 00:00:00,263.0887,255.87038,-0.92846775,2.8660736
2020-12-25 01:00:00,263.17792,255.74959,-0.9870596,2.868805
2020-12-25 02:00:00,262.83276,255.57358,-1.0723429,2.9334717
2020-12-25 03:00:00,263.10175,255.57214,-0.9893055,2.8940887
2020-12-25 04:00:00,265.58063,257.04727,-0.80277634,2.4750671
2020-12-25 05:00:00,268.3803,258.95905,-0.6881237,1.9521484
2020-12-25 06:00:00,271.1641,260.66656,-0.51322365,1.4159088
2020-12-25 07:00:00,273.83368,261.75922,-0.19162178,0.3929901
2020-12-25 08:00:00,274.10272,262.45282,-0.30159855,0.1275177
2020-12-25 09:00:00,274.09875,263.1012,-0.22865105,0.27713013
2020-12-25 10:00:00,273.7895,263.8806,-0.2783184,0.63191223
2020-12-25 11:00:00,271.6281,264.80154,-0.39215088,1.3894806
2020-12-25 12:00:00,269.4375,263.09137,-0.6065674,2.0066833
2020-12-25 13:00:00,267.9064,261.48926,-0.72146606,2.3421783
2020-12-25 14:00:00,267.09113,260.53445,-0.7117157,2.475708
2020-12-25 15:00:00,265.61707,259.61475,-0.8265228,2.714035
2020-12-25 16:00:00,264.8143,259.10638,-0.9350891,2.8056183
2020-12-25 17:00:00,264.18738,258.60114,-1.0976562,2.8766022
2020-12-25 18:00:00,264.21393,258.42307,-1.0464172,2.8319702
2020-12-25 19:00:00,264.92728,259.20435,-0.8755188,2.7809448
2020-12-25 20:00:00,266.3034,259.63852,-0.65463257,2.429718
2020-12-25 21:00:00,266.5433,259.8401,-0.628891,2.3222961
2020-12-25 22:00:00,266.34814,260.01263,-0.7199402,2.3038483
2020-12-25 23:00:00,266.44073,260.3623,-0.7402191,2.2379303
2020-12-26 00:00:00,266.7893,260.5581,-0.68333435,2.134781
2020-12-26 01:00:00,267.02197,260.53848,-0.58158875,1.9637451
2020-12-26 02:00:00,267.01367,260.7025,-0.62187195,1.9003296
2020-12-26 03:00:00,266.94775,260.92114,-0.63604736,1.8453674
2020-12-26 04:00:00,267.53125,261.7731,-0.58447266,1.6587524
2020-12-26 05:00:00,268.94394,263.3988,-0.45617676,1.3113098
2020-12-26 06:00:00,270.49182,265.64975,-0.33789062,0.8588562
2020-12-26 07:00:00,271.154,267.34717,0.19273376,-0.20817566
2020-12-26 08:00:00,271.46906,267.5869,0.26200867,-0.30136108
2020-12-26 09:00:00,271.45474,267.785,0.28349304,-0.19262695
2020-12-26 10:00:00,271.01224,268.03107,0.27648926,-0.17456055
2020-12-26 11:00:00,269.8153,267.8489,0.013198853,0.86846924
2020-12-26 12:00:00,268.6317,266.37122,-0.044281006,1.1539459
2020-12-26 13:00:00,268.2848,265.5084,-0.17430115,1.2737274
2020-12-26 14:00:00,267.1813,264.39398,-0.27095032,1.4818115
2020-12-26 15:00:00,266.47165,263.443,-0.3068695,1.6208496
2020-12-26 16:00:00,266.31903,262.6841,-0.35414124,1.6698761
2020-12-26 17:00:00,265.94073,261.90845,-0.46206665,1.7551727
2020-12-26 18:00:00,265.28278,261.16046,-0.5298767,1.8749695
2020-12-26 19:00:00,260.53986,258.1253,-0.76683044,2.7394714
2020-12-26 20:00:00,259.805,257.53113,-0.928421,3.13945
2020-12-26 21:00:00,260.02628,257.4542,-0.97872925,3.2155457
2020-12-26 22:00:00,260.26038,257.4463,-0.95414734,2.9857025
2020-12-26 23:00:00,260.16034,257.1698,-0.86450195,2.7399597
2020-12-27 00:00:00,260.38367,257.04498,-0.79437256,2.527298
2020-12-27 01:00:00,260.9865,256.94785,-0.77716064,2.3618774
2020-12-27 02:00:00,261.05887,256.52496,-0.82528687,2.3587341
2020-12-27 03:00:00,261.1482,256.2011,-0.812027,2.366272
2020-12-27 04:00:00,264.359,257.6153,-0.6451721,1.9126587
2020-12-27 05:00:00,267.8506,259.0456,-0.47233582,1.0167999
2020-12-27 06:00:00,268.52905,259.77063,-0.17547607,0.070495605
2020-12-27 07:00:00,268.12494,264.21326,0.28579712,-0.39590454
2020-12-27 08:00:00,268.57584,263.12485,0.16096497,-0.24369812
2020-12-27 09:00:00,268.34857,263.58337,0.17681885,-0.37712097
2020-12-27 10:00:00,267.8824,264.73633,0.06762695,-0.1811676
2020-12-27 11:00:00,267.2489,262.77457,-0.13874817,0.70866394
2020-12-27 12:00:00,265.554,261.1974,-0.31391907,1.4715576
2020-12-27 13:00:00,265.17957,259.90283,-0.48210144,1.5669861
2020-12-27 14:00:00,264.88354,258.80933,-0.59880066,1.5883331
2020-12-27 15:00:00,263.69678,257.22443,-0.68937683,1.7738953
2020-12-27 16:00:00,262.11444,255.37558,-0.74909973,2.0221558
2020-12-27 17:00:00,261.57944,254.19801,-0.8057556,2.1144562
2020-12-27 18:00:00,261.75116,253.28273,-0.81300354,2.1133423
2020-12-27 19:00:00,262.91595,252.94614,-0.57566833,2.1187286
2020-12-27 20:00:00,263.67346,251.98834,-0.6626587,2.014206
2020-12-27 21:00:00,263.75354,250.5756,-0.7821808,1.9938049
2020-12-27 22:00:00,264.28735,249.03867,-0.7904968,1.9699097
2020-12-27 23:00:00,262.833,248.14656,-0.8338318,2.1660156
2020-12-28 00:00:00,262.06448,247.88072,-0.8869324,2.2743378
2020-12-28 01:00:00,261.02017,247.34912,-0.9198761,2.378189
2020-12-28 02:00:00,259.3693,246.7689,-0.9504547,2.6061096
2020-12-28 03:00:00,258.49396,246.24068,-0.96138,2.793991
2020-12-28 04:00:00,260.5664,247.24045,-0.81311035,2.5490875
2020-12-28 05:00:00,264.71188,249.37819,-0.52963257,1.9320984
2020-12-28 06:00:00,268.22913,250.87068,-0.18247986,1.2386322
2020-12-28 07:00:00,269.70563,256.62045,0.15037537,0.43745422
2020-12-28 08:00:00,270.48474,257.41254,0.12825012,0.30680847
2020-12-28 09:00:00,270.79077,258.32062,0.055114746,0.30854797
2020-12-28 10:00:00,270.4779,259.05255,0.0370636,0.68063354
2020-12-28 11:00:00,267.68634,259.82455,-0.14630127,1.5854034
2020-12-28 12:00:00,265.14093,258.28265,-0.3668213,2.191101
2020-12-28 13:00:00,263.00317,256.84833,-0.47683716,2.563202
2020-12-28 14:00:00,261.37927,255.49121,-0.56768227,2.8252716
2020-12-28 15:00:00,259.93213,253.90985,-0.71565723,3.069336
2020-12-28 16:00:00,258.87878,252.43283,-0.8443146,3.2500458
2020-12-28 17:00:00,258.48517,251.31807,-0.8999357,3.2807312
2020-12-28 18:00:00,258.92303,250.46864,-0.8658447,3.1435547
2020-12-28 19:00:00,261.75958,249.84628,-0.48815346,2.7180328
2020-12-28 20:00:00,263.90533,249.46545,-0.3864441,2.3614197
2020-12-28 21:00:00,264.27032,248.92934,-0.43728638,2.2827606
2020-12-28 22:00:00,263.83936,248.55821,-0.47459602,2.3151703
2020-12-28 23:00:00,263.00293,248.69994,-0.5622635,2.3827972
2020-12-29 00:00:00,263.06915,249.19261,-0.5847988,2.364334
2020-12-29 01:00:00,263.76117,249.90515,-0.60356903,2.3278656
2020-12-29 02:00:00,264.0286,250.50848,-0.66171074,2.3127441
2020-12-29 03:00:00,263.80847,250.95477,-0.71432114,2.338211
2020-12-29 04:00:00,266.4453,252.28613,-0.60863304,1.9120789
2020-12-29 05:00:00,269.08966,253.29323,-0.55391026,1.1408234
2020-12-29 06:00:00,269.86526,254.0853,-0.42549706,0.54533386
2020-12-29 07:00:00,270.33167,262.02545,0.04352951,-0.10935974
2020-12-29 08:00:00,270.4333,263.64804,0.02530098,-0.38554382
2020-12-29 09:00:00,270.23367,264.2492,0.008401871,-0.4045105
2020-12-29 10:00:00,270.01154,263.6985,-0.12247276,0.038528442
2020-12-29 11:00:00,269.24414,263.55664,-0.18804932,0.86476135
2020-12-29 12:00:00,267.80054,262.50058,-0.37020302,1.4876404
2020-12-29 13:00:00,266.11426,261.03857,-0.5438099,1.83078
2020-12-29 14:00:00,264.7306,259.62936,-0.657711,2.0925903
2020-12-29 15:00:00,263.65057,258.40894,-0.75728035,2.2950745
2020-12-29 16:00:00,262.27985,257.1184,-0.8328705,2.5376892
2020-12-29 17:00:00,260.90338,255.94193,-0.94073105,2.7805023
2020-12-29 18:00:00,259.74365,255.18579,-1.0529661,3.021286
2020-12-29 19:00:00,260.78427,256.34485,-0.8034687,2.7664795
2020-12-29 20:00:00,260.064,255.83157,-0.8392658,2.7554321
2020-12-29 21:00:00,258.29312,254.37091,-1.0477543,3.147934
2020-12-29 22:00:00,258.05737,254.0008,-1.15627,3.4049072
2020-12-29 23:00:00,258.41296,254.01358,-1.1419077,3.429947
2020-12-30 00:00:00,258.58698,253.73729,-1.1568375,3.4556274
2020-12-30 01:00:00,258.7519,253.47678,-1.2210951,3.5181885
2020-12-30 02:00:00,258.75592,252.8571,-1.1533203,3.3595428
2020-12-30 03:00:00,258.9506,252.15408,-0.99313354,3.0152588
2020-12-30 04:00:00,262.3327,253.69803,-0.717041,2.3760376
2020-12-30 05:00:00,266.38074,256.21906,-0.39120483,1.6452942
2020-12-30 06:00:00,268.98767,259.57578,-0.02684021,0.8275757
2020-12-30 07:00:00,269.62726,259.36627,0.43937683,-0.14640808
2020-12-30 08:00:00,269.8068,260.46115,0.4461975,-0.16877747
2020-12-30 09:00:00,269.78677,261.10538,0.36146545,-0.20005798
2020-12-30 10:00:00,269.59702,260.3602,0.11639404,0.10787964
2020-12-30 11:00:00,267.64645,260.5905,-0.081222534,1.0226288
2020-12-30 12:00:00,266.3373,258.60443,-0.2297821,1.698288
2020-12-30 13:00:00,264.36777,257.20932,-0.3291626,2.027588
2020-12-30 14:00:00,262.81708,256.044,-0.3801422,2.2481537
2020-12-30 15:00:00,261.70013,255.00314,-0.4321289,2.40242
2020-12-30 16:00:00,260.97305,254.10501,-0.4680786,2.4874268
2020-12-30 17:00:00,260.24915,253.30894,-0.50424194,2.58284
2020-12-30 18:00:00,260.15625,252.84328,-0.5008087,2.5635529
2020-12-30 19:00:00,262.0603,253.66351,-0.3899231,2.3287506
2020-12-30 20:00:00,261.2792,253.19592,-0.41571045,2.423129
2020-12-30 21:00:00,259.72864,252.23589,-0.47416687,2.6566868
2020-12-30 22:00:00,258.88245,251.56906,-0.53863525,2.7475338
2020-12-30 23:00:00,258.5653,251.24828,-0.5724335,2.7431479
2020-12-31 00:00:00,257.97974,250.7991,-0.60513306,2.8184032
2020-12-31 01:00:00,256.93005,250.10356,-0.69184875,2.9856358
2020-12-31 02:00:00,256.01233,249.52147,-0.7764435,3.150116
2020-12-31 03:00:00,255.92578,249.55493,-0.8591156,3.158142
2020-12-31 04:00:00,258.63428,251.89516,-0.73934937,2.7657318
2020-12-31 05:00:00,263.87613,255.73938,-0.36784363,1.9669647
2020-12-31 06:00:00,267.6554,259.13354,-0.123291016,1.2837524
2020-12-31 07:00:00,268.98856,261.2862,0.22567749,0.2348175
2020-12-31 08:00:00,269.2353,262.23267,0.19595337,0.00881958
2020-12-31 09:00:00,269.4143,261.28265,0.17079163,-0.0036468506
2020-12-31 10:00:00,269.1261,260.68665,0.10990906,0.30513
2020-12-31 11:00:00,267.3855,260.28754,-0.021606445,1.1709137
2020-12-31 12:00:00,265.7447,257.94507,-0.11437988,1.8024445
2020-12-31 13:00:00,264.27023,256.04617,-0.22645569,2.065506
2020-12-31 14:00:00,262.76282,254.48703,-0.37835693,2.3146973
2020-12-31 15:00:00,262.28998,253.59702,-0.46246338,2.3659058
2020-12-31 16:00:00,261.9491,253.15741,-0.4836731,2.3841095
2020-12-31 17:00:00,261.86478,252.95816,-0.47846985,2.3700104
2020-12-31 18:00:00,261.9502,252.67201,-0.47333527,2.3377533
2020-12-31 19:00:00,263.37164,252.857,-0.2854643,2.1456451
2020-12-31 20:00:00,263.03925,252.6843,-0.38122272,2.1635742
2020-12-31 21:00:00,262.9156,252.06642,-0.35477543,2.2108307
2020-12-31 22:00:00,263.54544,252.13155,-0.2614584,2.1092224
2020-12-31 23:00:00,264.0995,252.30995,-0.16573048,2.0198364
