datetime,blh
2020-01-01 00:00:00,13.370011
2020-01-01 01:00:00,14.024011
2020-01-01 02:00:00,14.281557
2020-01-01 03:00:00,14.021874
2020-01-01 04:00:00,16.041471
2020-01-01 05:00:00,42.073395
2020-01-01 06:00:00,162.3618
2020-01-01 07:00:00,312.22797
2020-01-01 08:00:00,429.76813
2020-01-01 09:00:00,508.20398
2020-01-01 10:00:00,394.32135
2020-01-01 11:00:00,268.0834
2020-01-01 12:00:00,94.65448
2020-01-01 13:00:00,52.24765
2020-01-01 14:00:00,38.349655
2020-01-01 15:00:00,26.610931
2020-01-01 16:00:00,20.504044
2020-01-01 17:00:00,19.134518
2020-01-01 18:00:00,17.162342
2020-01-01 19:00:00,13.335804
2020-01-01 20:00:00,12.149367
2020-01-01 21:00:00,12.659975
2020-01-01 22:00:00,12.20089
2020-01-01 23:00:00,12.591576
2020-01-02 00:00:00,26.562376
2020-01-02 01:00:00,22.412716
2020-01-02 02:00:00,20.440128
2020-01-02 03:00:00,18.028528
2020-01-02 04:00:00,16.258732
2020-01-02 05:00:00,33.59225
2020-01-02 06:00:00,101.8479
2020-01-02 07:00:00,190.01521
2020-01-02 08:00:00,262.3648
2020-01-02 09:00:00,323.00958
2020-01-02 10:00:00,303.1862
2020-01-02 11:00:00,93.10976
2020-01-02 12:00:00,25.285185
2020-01-02 13:00:00,15.859187
2020-01-02 14:00:00,20.025513
2020-01-02 15:00:00,14.416264
2020-01-02 16:00:00,15.166939
2020-01-02 17:00:00,17.254086
2020-01-02 18:00:00,17.871536
2020-01-02 19:00:00,17.049068
2020-01-02 20:00:00,17.647598
2020-01-02 21:00:00,17.48811
2020-01-02 22:00:00,18.874916
2020-01-02 23:00:00,16.094265
2020-01-03 00:00:00,14.713413
2020-01-03 01:00:00,13.213125
2020-01-03 02:00:00,11.943071
2020-01-03 03:00:00,11.664748
2020-01-03 04:00:00,12.346752
2020-01-03 05:00:00,30.62799
2020-01-03 06:00:00,164.53082
2020-01-03 07:00:00,334.8883
2020-01-03 08:00:00,490.6526
2020-01-03 09:00:00,562.6809
2020-01-03 10:00:00,333.89575
2020-01-03 11:00:00,141.88977
2020-01-03 12:00:00,36.45912
2020-01-03 13:00:00,28.929352
2020-01-03 14:00:00,25.690536
2020-01-03 15:00:00,21.638458
2020-01-03 16:00:00,19.582764
2020-01-03 17:00:00,20.860382
2020-01-03 18:00:00,22.710373
2020-01-03 19:00:00,22.323242
2020-01-03 20:00:00,22.6297
2020-01-03 21:00:00,23.0952
2020-01-03 22:00:00,29.905716
2020-01-03 23:00:00,20.48796
2020-01-04 00:00:00,16.098446
2020-01-04 01:00:00,14.932166
2020-01-04 02:00:00,14.85083
2020-01-04 03:00:00,15.966322
2020-01-04 04:00:00,21.130184
2020-01-04 05:00:00,64.77974
2020-01-04 06:00:00,143.3751
2020-01-04 07:00:00,259.2923
2020-01-04 08:00:00,459.53748
2020-01-04 09:00:00,555.07715
2020-01-04 10:00:00,627.4907
2020-01-04 11:00:00,256.72986
2020-01-04 12:00:00,85.46103
2020-01-04 13:00:00,87.47485
2020-01-04 14:00:00,106.13328
2020-01-04 15:00:00,115.903366
2020-01-04 16:00:00,111.390854
2020-01-04 17:00:00,105.27962
2020-01-04 18:00:00,108.30293
2020-01-04 19:00:00,98.04503
2020-01-04 20:00:00,95.055115
2020-01-04 21:00:00,68.46146
2020-01-04 22:00:00,73.51758
2020-01-04 23:00:00,59.264015
2020-01-05 00:00:00,69.88292
2020-01-05 01:00:00,76.328445
2020-01-05 02:00:00,73.74524
2020-01-05 03:00:00,74.8745
2020-01-05 04:00:00,87.877945
2020-01-05 05:00:00,117.73561
2020-01-05 06:00:00,183.14726
2020-01-05 07:00:00,310.8289
2020-01-05 08:00:00,426.99982
2020-01-05 09:00:00,514.63806
2020-01-05 10:00:00,402.65002
2020-01-05 11:00:00,300.85608
2020-01-05 12:00:00,85.50566
2020-01-05 13:00:00,64.74475
2020-01-05 14:00:00,58.516396
2020-01-05 15:00:00,51.092896
2020-01-05 16:00:00,42.82576
2020-01-05 17:00:00,31.644407
2020-01-05 18:00:00,26.491096
2020-01-05 19:00:00,24.9981
2020-01-05 20:00:00,16.378181
2020-01-05 21:00:00,17.773457
2020-01-05 22:00:00,47.87467
2020-01-05 23:00:00,44.862595
2020-01-06 00:00:00,21.187262
2020-01-06 01:00:00,27.888903
2020-01-06 02:00:00,47.2494
2020-01-06 03:00:00,59.40811
2020-01-06 04:00:00,35.315308
2020-01-06 05:00:00,92.559494
2020-01-06 06:00:00,194.86061
2020-01-06 07:00:00,356.9038
2020-01-06 08:00:00,480.4488
2020-01-06 09:00:00,534.6161
2020-01-06 10:00:00,527.6643
2020-01-06 11:00:00,364.58878
2020-01-06 12:00:00,252.89577
2020-01-06 13:00:00,228.20154
2020-01-06 14:00:00,215.8714
2020-01-06 15:00:00,177.06854
2020-01-06 16:00:00,147.65195
2020-01-06 17:00:00,141.48735
2020-01-06 18:00:00,127.191376
2020-01-06 19:00:00,113.883316
2020-01-06 20:00:00,101.09447
2020-01-06 21:00:00,101.70601
2020-01-06 22:00:00,108.99501
2020-01-06 23:00:00,107.01518
2020-01-07 00:00:00,104.57092
2020-01-07 01:00:00,109.18239
2020-01-07 02:00:00,118.92253
2020-01-07 03:00:00,103.36632
2020-01-07 04:00:00,110.26485
2020-01-07 05:00:00,129.01497
2020-01-07 06:00:00,244.02023
2020-01-07 07:00:00,404.64868
2020-01-07 08:00:00,583.5747
2020-01-07 09:00:00,599.4441
2020-01-07 10:00:00,613.6904
2020-01-07 11:00:00,434.76282
2020-01-07 12:00:00,157.34198
2020-01-07 13:00:00,69.55496
2020-01-07 14:00:00,60.48999
2020-01-07 15:00:00,63.167282
2020-01-07 16:00:00,60.339188
2020-01-07 17:00:00,58.12607
2020-01-07 18:00:00,45.399536
2020-01-07 19:00:00,35.389282
2020-01-07 20:00:00,25.392899
2020-01-07 21:00:00,18.855148
2020-01-07 22:00:00,20.55722
2020-01-07 23:00:00,26.104431
2020-01-08 00:00:00,26.60849
2020-01-08 01:00:00,28.875092
2020-01-08 02:00:00,32.595566
2020-01-08 03:00:00,32.348892
2020-01-08 04:00:00,43.153656
2020-01-08 05:00:00,68.45184
2020-01-08 06:00:00,142.18156
2020-01-08 07:00:00,292.9663
2020-01-08 08:00:00,455.08862
2020-01-08 09:00:00,629.7805
2020-01-08 10:00:00,429.0747
2020-01-08 11:00:00,247.52838
2020-01-08 12:00:00,57.882282
2020-01-08 13:00:00,45.753357
2020-01-08 14:00:00,44.340866
2020-01-08 15:00:00,37.250317
2020-01-08 16:00:00,31.339073
2020-01-08 17:00:00,28.485008
2020-01-08 18:00:00,28.69738
2020-01-08 19:00:00,29.314323
2020-01-08 20:00:00,30.617748
2020-01-08 21:00:00,32.00525
2020-01-08 22:00:00,30.282244
2020-01-08 23:00:00,20.917116
2020-01-09 00:00:00,16.107925
2020-01-09 01:00:00,17.962234
2020-01-09 02:00:00,21.775497
2020-01-09 03:00:00,26.703735
2020-01-09 04:00:00,31.97017
2020-01-09 05:00:00,48.546234
2020-01-09 06:00:00,77.52104
2020-01-09 07:00:00,146.58589
2020-01-09 08:00:00,222.27216
2020-01-09 09:00:00,268.6089
2020-01-09 10:00:00,277.6892
2020-01-09 11:00:00,188.8368
2020-01-09 12:00:00,73.13643
2020-01-09 13:00:00,40.222336
2020-01-09 14:00:00,26.747879
2020-01-09 15:00:00,21.54625
2020-01-09 16:00:00,17.919865
2020-01-09 17:00:00,15.468937
2020-01-09 18:00:00,12.940194
2020-01-09 19:00:00,11.999458
2020-01-09 20:00:00,13.783621
2020-01-09 21:00:00,14.413822
2020-01-09 22:00:00,16.751762
2020-01-09 23:00:00,19.731674
2020-01-10 00:00:00,16.595516
2020-01-10 01:00:00,12.964395
2020-01-10 02:00:00,16.348888
2020-01-10 03:00:00,13.92
2020-01-10 04:00:00,18.0124
2020-01-10 05:00:00,42.525085
2020-01-10 06:00:00,82.68497
2020-01-10 07:00:00,162.43474
2020-01-10 08:00:00,236.29385
2020-01-10 09:00:00,251.99481
2020-01-10 10:00:00,154.18056
2020-01-10 11:00:00,55.210907
2020-01-10 12:00:00,33.255966
2020-01-10 13:00:00,34.367813
2020-01-10 14:00:00,26.998848
2020-01-10 15:00:00,24.649555
2020-01-10 16:00:00,26.29303
2020-01-10 17:00:00,32.96837
2020-01-10 18:00:00,34.920975
2020-01-10 19:00:00,31.726715
2020-01-10 20:00:00,28.966614
2020-01-10 21:00:00,24.673338
2020-01-10 22:00:00,39.361984
2020-01-10 23:00:00,42.824238
2020-01-11 00:00:00,38.962036
2020-01-11 01:00:00,33.535236
2020-01-11 02:00:00,33.667618
2020-01-11 03:00:00,34.584873
2020-01-11 04:00:00,36.282486
2020-01-11 05:00:00,53.331787
2020-01-11 06:00:00,111.7816
2020-01-11 07:00:00,200.28433
2020-01-11 08:00:00,307.6584
2020-01-11 09:00:00,401.7403
2020-01-11 10:00:00,359.0636
2020-01-11 11:00:00,318.08557
2020-01-11 12:00:00,215.96878
2020-01-11 13:00:00,114.57907
2020-01-11 14:00:00,76.44757
2020-01-11 15:00:00,70.38331
2020-01-11 16:00:00,73.42937
2020-01-11 17:00:00,69.04047
2020-01-11 18:00:00,64.670425
2020-01-11 19:00:00,57.46994
2020-01-11 20:00:00,41.215332
2020-01-11 21:00:00,38.908585
2020-01-11 22:00:00,38.90312
2020-01-11 23:00:00,46.274796
2020-01-12 00:00:00,41.039555
2020-01-12 01:00:00,62.258717
2020-01-12 02:00:00,64.10787
2020-01-12 03:00:00,62.529907
2020-01-12 04:00:00,98.13854
2020-01-12 05:00:00,172.75331
2020-01-12 06:00:00,263.1476
2020-01-12 07:00:00,355.77008
2020-01-12 08:00:00,429.18445
2020-01-12 09:00:00,441.03607
2020-01-12 10:00:00,345.12436
2020-01-12 11:00:00,319.8311
2020-01-12 12:00:00,251.40024
2020-01-12 13:00:00,199.17084
2020-01-12 14:00:00,227.32655
2020-01-12 15:00:00,255.94977
2020-01-12 16:00:00,297.52484
2020-01-12 17:00:00,311.12354
2020-01-12 18:00:00,309.93988
2020-01-12 19:00:00,281.69928
2020-01-12 20:00:00,244.30403
2020-01-12 21:00:00,224.00395
2020-01-12 22:00:00,228.535
2020-01-12 23:00:00,252.27075
2020-01-13 00:00:00,235.99731
2020-01-13 01:00:00,231.01938
2020-01-13 02:00:00,221.55031
2020-01-13 03:00:00,201.03113
2020-01-13 04:00:00,195.87903
2020-01-13 05:00:00,239.10068
2020-01-13 06:00:00,313.4506
2020-01-13 07:00:00,432.44287
2020-01-13 08:00:00,462.38544
2020-01-13 09:00:00,477.79926
2020-01-13 10:00:00,441.56213
2020-01-13 11:00:00,372.6217
2020-01-13 12:00:00,316.4242
2020-01-13 13:00:00,89.71956
2020-01-13 14:00:00,100.41864
2020-01-13 15:00:00,130.14313
2020-01-13 16:00:00,153.42949
2020-01-13 17:00:00,111.534744
2020-01-13 18:00:00,101.509964
2020-01-13 19:00:00,93.478226
2020-01-13 20:00:00,94.500595
2020-01-13 21:00:00,95.19219
2020-01-13 22:00:00,78.57196
2020-01-13 23:00:00,84.85372
2020-01-14 00:00:00,82.18704
2020-01-14 01:00:00,69.64888
2020-01-14 02:00:00,72.64981
2020-01-14 03:00:00,76.64424
2020-01-14 04:00:00,98.59036
2020-01-14 05:00:00,150.29791
2020-01-14 06:00:00,287.79816
2020-01-14 07:00:00,408.28442
2020-01-14 08:00:00,509.636
2020-01-14 09:00:00,527.6404
2020-01-14 10:00:00,612.7927
2020-01-14 11:00:00,568.2675
2020-01-14 12:00:00,87.44534
2020-01-14 13:00:00,54.716507
2020-01-14 14:00:00,54.27778
2020-01-14 15:00:00,46.357346
2020-01-14 16:00:00,41.38549
2020-01-14 17:00:00,33.72154
2020-01-14 18:00:00,30.905262
2020-01-14 19:00:00,28.090971
2020-01-14 20:00:00,25.11124
2020-01-14 21:00:00,24.424803
2020-01-14 22:00:00,19.667753
2020-01-14 23:00:00,22.955124
2020-01-15 00:00:00,29.45759
2020-01-15 01:00:00,31.93265
2020-01-15 02:00:00,28.582474
2020-01-15 03:00:00,21.236126
2020-01-15 04:00:00,33.708416
2020-01-15 05:00:00,60.011887
2020-01-15 06:00:00,190.51755
2020-01-15 07:00:00,381.44177
2020-01-15 08:00:00,501.39404
2020-01-15 09:00:00,565.7451
2020-01-15 10:00:00,792.68604
2020-01-15 11:00:00,870.81445
2020-01-15 12:00:00,80.848495
2020-01-15 13:00:00,40.32773
2020-01-15 14:00:00,32.364456
2020-01-15 15:00:00,31.980515
2020-01-15 16:00:00,29.869278
2020-01-15 17:00:00,26.650524
2020-01-15 18:00:00,29.421627
2020-01-15 19:00:00,38.667404
2020-01-15 20:00:00,45.913345
2020-01-15 21:00:00,44.25452
2020-01-15 22:00:00,33.022743
2020-01-15 23:00:00,38.802185
2020-01-16 00:00:00,65.76684
2020-01-16 01:00:00,100.32248
2020-01-16 02:00:00,114.18797
2020-01-16 03:00:00,99.16998
2020-01-16 04:00:00,106.4015
2020-01-16 05:00:00,155.43843
2020-01-16 06:00:00,304.96857
2020-01-16 07:00:00,509.4848
2020-01-16 08:00:00,761.23047
2020-01-16 09:00:00,757.7456
2020-01-16 10:00:00,685.0383
2020-01-16 11:00:00,715.6572
2020-01-16 12:00:00,566.19806
2020-01-16 13:00:00,339.27582
2020-01-16 14:00:00,193.0555
2020-01-16 15:00:00,146.49266
2020-01-16 16:00:00,131.7547
2020-01-16 17:00:00,118.65442
2020-01-16 18:00:00,106.65825
2020-01-16 19:00:00,87.47296
2020-01-16 20:00:00,73.502914
2020-01-16 21:00:00,52.45021
2020-01-16 22:00:00,43.8098
2020-01-16 23:00:00,42.425247
2020-01-17 00:00:00,43.6091
2020-01-17 01:00:00,40.99901
2020-01-17 02:00:00,39.18338
2020-01-17 03:00:00,40.194824
2020-01-17 04:00:00,64.60478
2020-01-17 05:00:00,113.68216
2020-01-17 06:00:00,277.62436
2020-01-17 07:00:00,470.09396
2020-01-17 08:00:00,574.12646
2020-01-17 09:00:00,647.9768
2020-01-17 10:00:00,641.75616
2020-01-17 11:00:00,530.2934
2020-01-17 12:00:00,133.10309
2020-01-17 13:00:00,81.486725
2020-01-17 14:00:00,69.98076
2020-01-17 15:00:00,56.147263
2020-01-17 16:00:00,39.407875
2020-01-17 17:00:00,27.530567
2020-01-17 18:00:00,23.415373
2020-01-17 19:00:00,23.561125
2020-01-17 20:00:00,23.440704
2020-01-17 21:00:00,24.65545
2020-01-17 22:00:00,28.116947
2020-01-17 23:00:00,25.063745
2020-01-18 00:00:00,31.118517
2020-01-18 01:00:00,29.648602
2020-01-18 02:00:00,29.596678
2020-01-18 03:00:00,26.569008
2020-01-18 04:00:00,40.270287
2020-01-18 05:00:00,37.035496
2020-01-18 06:00:00,227.54326
2020-01-18 07:00:00,322.78256
2020-01-18 08:00:00,378.05475
2020-01-18 09:00:00,414.55927
2020-01-18 10:00:00,367.4995
2020-01-18 11:00:00,196.39247
2020-01-18 12:00:00,84.19191
2020-01-18 13:00:00,60.98903
2020-01-18 14:00:00,48.037033
2020-01-18 15:00:00,25.284586
2020-01-18 16:00:00,14.178607
2020-01-18 17:00:00,10.796233
2020-01-18 18:00:00,12.660887
2020-01-18 19:00:00,10.78735
2020-01-18 20:00:00,10.610216
2020-01-18 21:00:00,11.792113
2020-01-18 22:00:00,17.273415
2020-01-18 23:00:00,15.03459
2020-01-19 00:00:00,12.715305
2020-01-19 01:00:00,19.920908
2020-01-19 02:00:00,15.925439
2020-01-19 03:00:00,12.3721695
2020-01-19 04:00:00,11.642884
2020-01-19 05:00:00,40.449825
2020-01-19 06:00:00,113.70249
2020-01-19 07:00:00,221.9825
2020-01-19 08:00:00,328.98682
2020-01-19 09:00:00,345.49072
2020-01-19 10:00:00,377.16083
2020-01-19 11:00:00,245.60857
2020-01-19 12:00:00,38.77069
2020-01-19 13:00:00,30.672806
2020-01-19 14:00:00,33.48471
2020-01-19 15:00:00,38.39415
2020-01-19 16:00:00,33.995575
2020-01-19 17:00:00,26.80989
2020-01-19 18:00:00,24.26117
2020-01-19 19:00:00,24.11528
2020-01-19 20:00:00,23.31932
2020-01-19 21:00:00,19.417564
2020-01-19 22:00:00,18.857634
2020-01-19 23:00:00,17.880882
2020-01-20 00:00:00,22.40123
2020-01-20 01:00:00,27.560669
2020-01-20 02:00:00,33.98799
2020-01-20 03:00:00,47.327774
2020-01-20 04:00:00,77.56697
2020-01-20 05:00:00,193.4394
2020-01-20 06:00:00,358.2283
2020-01-20 07:00:00,557.666
2020-01-20 08:00:00,700.3616
2020-01-20 09:00:00,716.0093
2020-01-20 10:00:00,597.5569
2020-01-20 11:00:00,387.88425
2020-01-20 12:00:00,212.31529
2020-01-20 13:00:00,134.39389
2020-01-20 14:00:00,113.02545
2020-01-20 15:00:00,96.3945
2020-01-20 16:00:00,77.037964
2020-01-20 17:00:00,64.120865
2020-01-20 18:00:00,50.733322
2020-01-20 19:00:00,46.80745
2020-01-20 20:00:00,48.128338
2020-01-20 21:00:00,50.65824
2020-01-20 22:00:00,61.87823
2020-01-20 23:00:00,67.89302
2020-01-21 00:00:00,86.659164
2020-01-21 01:00:00,91.10025
2020-01-21 02:00:00,65.23648
2020-01-21 03:00:00,44.711823
2020-01-21 04:00:00,62.215973
2020-01-21 05:00:00,180.80902
2020-01-21 06:00:00,347.55682
2020-01-21 07:00:00,446.21533
2020-01-21 08:00:00,595.2095
2020-01-21 09:00:00,772.3596
2020-01-21 10:00:00,810.8762
2020-01-21 11:00:00,744.14813
2020-01-21 12:00:00,376.45514
2020-01-21 13:00:00,178.14922
2020-01-21 14:00:00,157.71362
2020-01-21 15:00:00,127.61255
2020-01-21 16:00:00,115.76836
2020-01-21 17:00:00,108.31874
2020-01-21 18:00:00,90.16095
2020-01-21 19:00:00,80.69017
2020-01-21 20:00:00,95.68455
2020-01-21 21:00:00,85.92136
2020-01-21 22:00:00,41.138065
2020-01-21 23:00:00,35.383877
2020-01-22 00:00:00,35.15709
2020-01-22 01:00:00,23.9413
2020-01-22 02:00:00,49.408493
2020-01-22 03:00:00,70.30441
2020-01-22 04:00:00,113.33121
2020-01-22 05:00:00,176.62277
2020-01-22 06:00:00,262.3969
2020-01-22 07:00:00,295.8103
2020-01-22 08:00:00,342.9021
2020-01-22 09:00:00,445.24097
2020-01-22 10:00:00,430.96216
2020-01-22 11:00:00,351.57758
2020-01-22 12:00:00,110.96866
2020-01-22 13:00:00,33.50992
2020-01-22 14:00:00,26.884933
2020-01-22 15:00:00,27.353577
2020-01-22 16:00:00,21.636627
2020-01-22 17:00:00,17.153595
2020-01-22 18:00:00,14.557749
2020-01-22 19:00:00,13.018093
2020-01-22 20:00:00,12.832271
2020-01-22 21:00:00,12.693658
2020-01-22 22:00:00,14.082687
2020-01-22 23:00:00,13.214519
2020-01-23 00:00:00,13.517209
2020-01-23 01:00:00,15.882922
2020-01-23 02:00:00,17.795563
2020-01-23 03:00:00,23.017975
2020-01-23 04:00:00,39.08052
2020-01-23 05:00:00,60.096283
2020-01-23 06:00:00,103.92685
2020-01-23 07:00:00,177.7249
2020-01-23 08:00:00,254.48257
2020-01-23 09:00:00,324.25336
2020-01-23 10:00:00,327.81775
2020-01-23 11:00:00,180.7851
2020-01-23 12:00:00,73.44176
2020-01-23 13:00:00,52.19867
2020-01-23 14:00:00,50.560333
2020-01-23 15:00:00,41.785324
2020-01-23 16:00:00,39.30075
2020-01-23 17:00:00,40.209442
2020-01-23 18:00:00,37.3631
2020-01-23 19:00:00,29.834198
2020-01-23 20:00:00,29.179352
2020-01-23 21:00:00,22.7695
2020-01-23 22:00:00,27.649094
2020-01-23 23:00:00,35.984573
2020-01-24 00:00:00,35.023376
2020-01-24 01:00:00,25.877106
2020-01-24 02:00:00,20.908463
2020-01-24 03:00:00,29.789398
2020-01-24 04:00:00,62.996185
2020-01-24 05:00:00,107.28484
2020-01-24 06:00:00,69.970924
2020-01-24 07:00:00,149.75217
2020-01-24 08:00:00,151.74611
2020-01-24 09:00:00,200.94247
2020-01-24 10:00:00,160.9821
2020-01-24 11:00:00,193.62001
2020-01-24 12:00:00,169.16943
2020-01-24 13:00:00,116.367325
2020-01-24 14:00:00,102.06735
2020-01-24 15:00:00,103.28293
2020-01-24 16:00:00,84.400055
2020-01-24 17:00:00,63.81018
2020-01-24 18:00:00,48.78952
2020-01-24 19:00:00,41.401337
2020-01-24 20:00:00,36.652603
2020-01-24 21:00:00,36.200195
2020-01-24 22:00:00,37.661346
2020-01-24 23:00:00,43.6857
2020-01-25 00:00:00,53.433304
2020-01-25 01:00:00,69.07785
2020-01-25 02:00:00,71.157074
2020-01-25 03:00:00,62.090225
2020-01-25 04:00:00,97.39171
2020-01-25 05:00:00,165.47589
2020-01-25 06:00:00,288.3189
2020-01-25 07:00:00,419.44995
2020-01-25 08:00:00,531.52295
2020-01-25 09:00:00,727.41455
2020-01-25 10:00:00,813.76196
2020-01-25 11:00:00,240.31226
2020-01-25 12:00:00,87.20969
2020-01-25 13:00:00,120.23685
2020-01-25 14:00:00,149.78989
2020-01-25 15:00:00,160.55211
2020-01-25 16:00:00,180.81207
2020-01-25 17:00:00,196.56284
2020-01-25 18:00:00,231.08096
2020-01-25 19:00:00,253.15633
2020-01-25 20:00:00,274.32922
2020-01-25 21:00:00,285.5619
2020-01-25 22:00:00,255.84698
2020-01-25 23:00:00,226.60934
2020-01-26 00:00:00,187.1851
2020-01-26 01:00:00,160.03549
2020-01-26 02:00:00,150.94247
2020-01-26 03:00:00,139.4387
2020-01-26 04:00:00,134.19324
2020-01-26 05:00:00,142.23555
2020-01-26 06:00:00,157.82608
2020-01-26 07:00:00,216.87657
2020-01-26 08:00:00,319.0227
2020-01-26 09:00:00,394.81104
2020-01-26 10:00:00,465.87012
2020-01-26 11:00:00,393.59497
2020-01-26 12:00:00,65.46509
2020-01-26 13:00:00,44.195496
2020-01-26 14:00:00,44.857426
2020-01-26 15:00:00,40.03952
2020-01-26 16:00:00,28.530273
2020-01-26 17:00:00,23.312832
2020-01-26 18:00:00,16.183456
2020-01-26 19:00:00,12.436272
2020-01-26 20:00:00,12.176796
2020-01-26 21:00:00,12.566883
2020-01-26 22:00:00,13.617627
2020-01-26 23:00:00,14.922166
2020-01-27 00:00:00,21.250526
2020-01-27 01:00:00,22.450468
2020-01-27 02:00:00,20.085514
2020-01-27 03:00:00,19.116842
2020-01-27 04:00:00,36.10077
2020-01-27 05:00:00,100.61583
2020-01-27 06:00:00,256.20667
2020-01-27 07:00:00,427.05054
2020-01-27 08:00:00,547.5237
2020-01-27 09:00:00,583.7517
2020-01-27 10:00:00,528.9678
2020-01-27 11:00:00,49.955948
2020-01-27 12:00:00,85.770874
2020-01-27 13:00:00,89.125244
2020-01-27 14:00:00,56.685287
2020-01-27 15:00:00,89.85628
2020-01-27 16:00:00,95.16687
2020-01-27 17:00:00,90.897736
2020-01-27 18:00:00,91.40425
2020-01-27 19:00:00,92.81236
2020-01-27 20:00:00,85.5217
2020-01-27 21:00:00,76.21399
2020-01-27 22:00:00,77.64453
2020-01-27 23:00:00,72.473526
2020-01-28 00:00:00,57.172314
2020-01-28 01:00:00,41.098015
2020-01-28 02:00:00,46.287006
2020-01-28 03:00:00,49.029713
2020-01-28 04:00:00,93.191925
2020-01-28 05:00:00,143.29793
2020-01-28 06:00:00,251.25908
2020-01-28 07:00:00,408.3097
2020-01-28 08:00:00,634.1072
2020-01-28 09:00:00,798.3999
2020-01-28 10:00:00,802.63403
2020-01-28 11:00:00,501.60352
2020-01-28 12:00:00,89.03133
2020-01-28 13:00:00,39.973557
2020-01-28 14:00:00,41.299545
2020-01-28 15:00:00,45.25108
2020-01-28 16:00:00,48.036125
2020-01-28 17:00:00,49.6872
2020-01-28 18:00:00,48.26006
2020-01-28 19:00:00,43.792244
2020-01-28 20:00:00,39.359932
2020-01-28 21:00:00,38.10487
2020-01-28 22:00:00,37.98152
2020-01-28 23:00:00,43.332886
2020-01-29 00:00:00,37.196648
2020-01-29 01:00:00,29.280476
2020-01-29 02:00:00,26.564108
2020-01-29 03:00:00,25.965242
2020-01-29 04:00:00,39.190926
2020-01-29 05:00:00,76.92284
2020-01-29 06:00:00,144.6557
2020-01-29 07:00:00,293.27417
2020-01-29 08:00:00,523.55945
2020-01-29 09:00:00,673.5241
2020-01-29 10:00:00,829.8436
2020-01-29 11:00:00,746.7396
2020-01-29 12:00:00,160.79523
2020-01-29 13:00:00,63.25203
2020-01-29 14:00:00,54.986374
2020-01-29 15:00:00,47.91155
2020-01-29 16:00:00,34.774605
2020-01-29 17:00:00,25.571419
2020-01-29 18:00:00,22.204226
2020-01-29 19:00:00,21.649689
2020-01-29 20:00:00,20.798132
2020-01-29 21:00:00,19.41922
2020-01-29 22:00:00,14.12488
2020-01-29 23:00:00,12.765613
2020-01-30 00:00:00,11.866627
2020-01-30 01:00:00,13.2793045
2020-01-30 02:00:00,12.973432
2020-01-30 03:00:00,12.110424
2020-01-30 04:00:00,17.118187
2020-01-30 05:00:00,76.45892
2020-01-30 06:00:00,161.19449
2020-01-30 07:00:00,308.57513
2020-01-30 08:00:00,407.4085
2020-01-30 09:00:00,473.14117
2020-01-30 10:00:00,421.6099
2020-01-30 11:00:00,267.43903
2020-01-30 12:00:00,94.19852
2020-01-30 13:00:00,54.736267
2020-01-30 14:00:00,38.59436
2020-01-30 15:00:00,25.203468
2020-01-30 16:00:00,15.827378
2020-01-30 17:00:00,12.174729
2020-01-30 18:00:00,13.373399
2020-01-30 19:00:00,15.334023
2020-01-30 20:00:00,13.931151
2020-01-30 21:00:00,12.319993
2020-01-30 22:00:00,12.84469
2020-01-30 23:00:00,20.28492
2020-01-31 00:00:00,15.686379
2020-01-31 01:00:00,14.831163
2020-01-31 02:00:00,16.585758
2020-01-31 03:00:00,16.477837
2020-01-31 04:00:00,21.052725
2020-01-31 05:00:00,44.14955
2020-01-31 06:00:00,41.7137
2020-01-31 07:00:00,77.63365
2020-01-31 08:00:00,316.23126
2020-01-31 09:00:00,403.47986
2020-01-31 10:00:00,365.47595
2020-01-31 11:00:00,59.225174
2020-01-31 12:00:00,30.12024
2020-01-31 13:00:00,23.890633
2020-01-31 14:00:00,20.596584
2020-01-31 15:00:00,20.773819
2020-01-31 16:00:00,23.623333
2020-01-31 17:00:00,25.531109
2020-01-31 18:00:00,25.045017
2020-01-31 19:00:00,23.44754
2020-01-31 20:00:00,21.225748
2020-01-31 21:00:00,18.76867
2020-01-31 22:00:00,19.418522
2020-01-31 23:00:00,19.50249
2020-02-01 00:00:00,18.427109
2020-02-01 01:00:00,17.139805
2020-02-01 02:00:00,15.573497
2020-02-01 03:00:00,16.076733
2020-02-01 04:00:00,20.257933
2020-02-01 05:00:00,40.60318
2020-02-01 06:00:00,94.75487
2020-02-01 07:00:00,169.76096
2020-02-01 08:00:00,273.10486
2020-02-01 09:00:00,353.6986
2020-02-01 10:00:00,247.49268
2020-02-01 11:00:00,98.72156
2020-02-01 12:00:00,48.311584
2020-02-01 13:00:00,24.032776
2020-02-01 14:00:00,14.551539
2020-02-01 15:00:00,16.775513
2020-02-01 16:00:00,19.029572
2020-02-01 17:00:00,20.139973
2020-02-01 18:00:00,19.58002
2020-02-01 19:00:00,17.014868
2020-02-01 20:00:00,15.470323
2020-02-01 21:00:00,15.193395
2020-02-01 22:00:00,16.703451
2020-02-01 23:00:00,18.007065
2020-02-02 00:00:00,21.20861
2020-02-02 01:00:00,26.194496
2020-02-02 02:00:00,30.71224
2020-02-02 03:00:00,35.529602
2020-02-02 04:00:00,43.17758
2020-02-02 05:00:00,65.475174
2020-02-02 06:00:00,131.48929
2020-02-02 07:00:00,231.61359
2020-02-02 08:00:00,440.38184
2020-02-02 09:00:00,608.3864
2020-02-02 10:00:00,545.68396
2020-02-02 11:00:00,152.8779
2020-02-02 12:00:00,66.38197
2020-02-02 13:00:00,59.008606
2020-02-02 14:00:00,58.600983
2020-02-02 15:00:00,50.05951
2020-02-02 16:00:00,39.605667
2020-02-02 17:00:00,39.998703
2020-02-02 18:00:00,49.482746
2020-02-02 19:00:00,79.033775
2020-02-02 20:00:00,59.87075
2020-02-02 21:00:00,39.12622
2020-02-02 22:00:00,48.36111
2020-02-02 23:00:00,33.095123
2020-02-03 00:00:00,23.663406
2020-02-03 01:00:00,19.527224
2020-02-03 02:00:00,25.58414
2020-02-03 03:00:00,21.654816
2020-02-03 04:00:00,12.945276
2020-02-03 05:00:00,36.91949
2020-02-03 06:00:00,164.01137
2020-02-03 07:00:00,510.30035
2020-02-03 08:00:00,661.385
2020-02-03 09:00:00,590.2395
2020-02-03 10:00:00,499.3872
2020-02-03 11:00:00,339.50555
2020-02-03 12:00:00,222.64778
2020-02-03 13:00:00,114.65401
2020-02-03 14:00:00,34.89032
2020-02-03 15:00:00,27.339111
2020-02-03 16:00:00,16.82634
2020-02-03 17:00:00,16.025835
2020-02-03 18:00:00,17.889416
2020-02-03 19:00:00,28.807537
2020-02-03 20:00:00,34.377914
2020-02-03 21:00:00,40.3701
2020-02-03 22:00:00,34.241913
2020-02-03 23:00:00,24.362259
2020-02-04 00:00:00,16.995705
2020-02-04 01:00:00,13.722124
2020-02-04 02:00:00,12.747843
2020-02-04 03:00:00,15.89798
2020-02-04 04:00:00,32.756046
2020-02-04 05:00:00,93.05481
2020-02-04 06:00:00,285.35352
2020-02-04 07:00:00,408.87216
2020-02-04 08:00:00,601.05884
2020-02-04 09:00:00,703.52295
2020-02-04 10:00:00,669.23535
2020-02-04 11:00:00,558.9496
2020-02-04 12:00:00,139.87105
2020-02-04 13:00:00,47.37915
2020-02-04 14:00:00,36.311172
2020-02-04 15:00:00,25.078903
2020-02-04 16:00:00,22.583954
2020-02-04 17:00:00,24.607216
2020-02-04 18:00:00,27.11707
2020-02-04 19:00:00,28.457815
2020-02-04 20:00:00,30.158745
2020-02-04 21:00:00,30.630367
2020-02-04 22:00:00,19.79601
2020-02-04 23:00:00,22.794182
2020-02-05 00:00:00,21.843775
2020-02-05 01:00:00,22.547775
2020-02-05 02:00:00,26.368961
2020-02-05 03:00:00,31.812454
2020-02-05 04:00:00,44.735504
2020-02-05 05:00:00,86.321396
2020-02-05 06:00:00,185.72974
2020-02-05 07:00:00,304.7027
2020-02-05 08:00:00,983.209
2020-02-05 09:00:00,1085.999
2020-02-05 10:00:00,1104.3965
2020-02-05 11:00:00,314.23035
2020-02-05 12:00:00,130.0738
2020-02-05 13:00:00,78.73459
2020-02-05 14:00:00,70.02106
2020-02-05 15:00:00,73.19072
2020-02-05 16:00:00,73.40573
2020-02-05 17:00:00,80.65369
2020-02-05 18:00:00,76.01033
2020-02-05 19:00:00,58.036575
2020-02-05 20:00:00,59.104477
2020-02-05 21:00:00,96.37956
2020-02-05 22:00:00,116.211655
2020-02-05 23:00:00,48.751465
2020-02-06 00:00:00,24.664822
2020-02-06 01:00:00,21.336163
2020-02-06 02:00:00,32.37352
2020-02-06 03:00:00,52.548336
2020-02-06 04:00:00,114.05351
2020-02-06 05:00:00,203.00568
2020-02-06 06:00:00,397.5885
2020-02-06 07:00:00,606.9221
2020-02-06 08:00:00,881.47705
2020-02-06 09:00:00,1045.0974
2020-02-06 10:00:00,762.8855
2020-02-06 11:00:00,629.3406
2020-02-06 12:00:00,311.87726
2020-02-06 13:00:00,104.42314
2020-02-06 14:00:00,58.32821
2020-02-06 15:00:00,43.408035
2020-02-06 16:00:00,30.033558
2020-02-06 17:00:00,24.282562
2020-02-06 18:00:00,22.682774
2020-02-06 19:00:00,23.470589
2020-02-06 20:00:00,23.058361
2020-02-06 21:00:00,22.493065
2020-02-06 22:00:00,20.10646
2020-02-06 23:00:00,21.296722
2020-02-07 00:00:00,24.613068
2020-02-07 01:00:00,31.253143
2020-02-07 02:00:00,33.289597
2020-02-07 03:00:00,32.89119
2020-02-07 04:00:00,37.028397
2020-02-07 05:00:00,60.50641
2020-02-07 06:00:00,126.353195
2020-02-07 07:00:00,227.2055
2020-02-07 08:00:00,336.1388
2020-02-07 09:00:00,403.81598
2020-02-07 10:00:00,324.70547
2020-02-07 11:00:00,109.842834
2020-02-07 12:00:00,29.343323
2020-02-07 13:00:00,21.337738
2020-02-07 14:00:00,25.791748
2020-02-07 15:00:00,33.203842
2020-02-07 16:00:00,36.153244
2020-02-07 17:00:00,34.95044
2020-02-07 18:00:00,34.134308
2020-02-07 19:00:00,33.71013
2020-02-07 20:00:00,33.333603
2020-02-07 21:00:00,33.76094
2020-02-07 22:00:00,33.69313
2020-02-07 23:00:00,33.81305
2020-02-08 00:00:00,30.89753
2020-02-08 01:00:00,26.25135
2020-02-08 02:00:00,24.085014
2020-02-08 03:00:00,21.916346
2020-02-08 04:00:00,30.63353
2020-02-08 05:00:00,42.049072
2020-02-08 06:00:00,90.58681
2020-02-08 07:00:00,168.6486
2020-02-08 08:00:00,245.85477
2020-02-08 09:00:00,304.30093
2020-02-08 10:00:00,275.02783
2020-02-08 11:00:00,227.78131
2020-02-08 12:00:00,108.93146
2020-02-08 13:00:00,62.92929
2020-02-08 14:00:00,54.78766
2020-02-08 15:00:00,49.92743
2020-02-08 16:00:00,47.70041
2020-02-08 17:00:00,45.679413
2020-02-08 18:00:00,46.092087
2020-02-08 19:00:00,48.329422
2020-02-08 20:00:00,53.104477
2020-02-08 21:00:00,58.529877
2020-02-08 22:00:00,66.60925
2020-02-08 23:00:00,71.66846
2020-02-09 00:00:00,67.40726
2020-02-09 01:00:00,73.616516
2020-02-09 02:00:00,81.38672
2020-02-09 03:00:00,91.80791
2020-02-09 04:00:00,117.19412
2020-02-09 05:00:00,165.52084
2020-02-09 06:00:00,234.10626
2020-02-09 07:00:00,284.6448
2020-02-09 08:00:00,605.62836
2020-02-09 09:00:00,1874.4788
2020-02-09 10:00:00,1801.2896
2020-02-09 11:00:00,1221.3406
2020-02-09 12:00:00,324.16653
2020-02-09 13:00:00,68.96272
2020-02-09 14:00:00,117.32507
2020-02-09 15:00:00,146.21977
2020-02-09 16:00:00,124.7285
2020-02-09 17:00:00,105.48833
2020-02-09 18:00:00,114.977005
2020-02-09 19:00:00,131.47662
2020-02-09 20:00:00,137.43481
2020-02-09 21:00:00,133.64523
2020-02-09 22:00:00,113.84868
2020-02-09 23:00:00,130.5505
2020-02-10 00:00:00,171.99297
2020-02-10 01:00:00,169.5405
2020-02-10 02:00:00,125.82497
2020-02-10 03:00:00,56.205887
2020-02-10 04:00:00,46.030106
2020-02-10 05:00:00,92.65222
2020-02-10 06:00:00,178.25262
2020-02-10 07:00:00,321.33395
2020-02-10 08:00:00,389.00598
2020-02-10 09:00:00,371.91364
2020-02-10 10:00:00,421.5088
2020-02-10 11:00:00,407.1178
2020-02-10 12:00:00,443.17465
2020-02-10 13:00:00,421.81793
2020-02-10 14:00:00,236.14102
2020-02-10 15:00:00,266.12354
2020-02-10 16:00:00,66.9086
2020-02-10 17:00:00,140.58537
2020-02-10 18:00:00,204.76137
2020-02-10 19:00:00,185.55653
2020-02-10 20:00:00,155.15228
2020-02-10 21:00:00,172.7775
2020-02-10 22:00:00,171.82039
2020-02-10 23:00:00,150.29828
2020-02-11 00:00:00,142.90712
2020-02-11 01:00:00,165.74605
2020-02-11 02:00:00,188.59773
2020-02-11 03:00:00,178.36324
2020-02-11 04:00:00,159.53296
2020-02-11 05:00:00,141.55997
2020-02-11 06:00:00,212.95369
2020-02-11 07:00:00,258.26038
2020-02-11 08:00:00,384.4021
2020-02-11 09:00:00,543.8562
2020-02-11 10:00:00,489.8026
2020-02-11 11:00:00,528.32495
2020-02-11 12:00:00,374.02008
2020-02-11 13:00:00,199.55061
2020-02-11 14:00:00,172.57858
2020-02-11 15:00:00,81.21661
2020-02-11 16:00:00,70.69603
2020-02-11 17:00:00,51.584457
2020-02-11 18:00:00,37.381775
2020-02-11 19:00:00,28.539246
2020-02-11 20:00:00,25.433216
2020-02-11 21:00:00,31.396114
2020-02-11 22:00:00,30.089687
2020-02-11 23:00:00,35.50493
2020-02-12 00:00:00,40.28514
2020-02-12 01:00:00,43.354904
2020-02-12 02:00:00,69.71419
2020-02-12 03:00:00,61.354393
2020-02-12 04:00:00,64.69284
2020-02-12 05:00:00,176.6214
2020-02-12 06:00:00,281.5073
2020-02-12 07:00:00,396.73663
2020-02-12 08:00:00,526.2937
2020-02-12 09:00:00,661.3147
2020-02-12 10:00:00,745.0681
2020-02-12 11:00:00,777.8169
2020-02-12 12:00:00,1493.5278
2020-02-12 13:00:00,616.2832
2020-02-12 14:00:00,134.53378
2020-02-12 15:00:00,196.15526
2020-02-12 16:00:00,217.63379
2020-02-12 17:00:00,431.6629
2020-02-12 18:00:00,379.28366
2020-02-12 19:00:00,280.71674
2020-02-12 20:00:00,284.58194
2020-02-12 21:00:00,286.40863
2020-02-12 22:00:00,292.31552
2020-02-12 23:00:00,302.93814
2020-02-13 00:00:00,290.31805
2020-02-13 01:00:00,245.6782
2020-02-13 02:00:00,243.1879
2020-02-13 03:00:00,249.34718
2020-02-13 04:00:00,301.84595
2020-02-13 05:00:00,360.07922
2020-02-13 06:00:00,481.82227
2020-02-13 07:00:00,675.60205
2020-02-13 08:00:00,869.615
2020-02-13 09:00:00,1001.87964
2020-02-13 10:00:00,1152.8228
2020-02-13 11:00:00,1060.2024
2020-02-13 12:00:00,361.5409
2020-02-13 13:00:00,98.11249
2020-02-13 14:00:00,52.06154
2020-02-13 15:00:00,44.64975
2020-02-13 16:00:00,37.79648
2020-02-13 17:00:00,30.92836
2020-02-13 18:00:00,25.938248
2020-02-13 19:00:00,20.295715
2020-02-13 20:00:00,18.58014
2020-02-13 21:00:00,17.97158
2020-02-13 22:00:00,16.053448
2020-02-13 23:00:00,16.357054
2020-02-14 00:00:00,18.608002
2020-02-14 01:00:00,23.297626
2020-02-14 02:00:00,23.555136
2020-02-14 03:00:00,24.715225
2020-02-14 04:00:00,37.45027
2020-02-14 05:00:00,74.933975
2020-02-14 06:00:00,129.41757
2020-02-14 07:00:00,190.71106
2020-02-14 08:00:00,301.83035
2020-02-14 09:00:00,390.2569
2020-02-14 10:00:00,406.10077
2020-02-14 11:00:00,353.63696
2020-02-14 12:00:00,132.9597
2020-02-14 13:00:00,47.831314
2020-02-14 14:00:00,23.9897
2020-02-14 15:00:00,20.562792
2020-02-14 16:00:00,23.237036
2020-02-14 17:00:00,23.458067
2020-02-14 18:00:00,24.184479
2020-02-14 19:00:00,24.425827
2020-02-14 20:00:00,23.802017
2020-02-14 21:00:00,23.769161
2020-02-14 22:00:00,20.53659
2020-02-14 23:00:00,19.025818
2020-02-15 00:00:00,17.188156
2020-02-15 01:00:00,17.405426
2020-02-15 02:00:00,21.12402
2020-02-15 03:00:00,21.16158
2020-02-15 04:00:00,27.499706
2020-02-15 05:00:00,58.369797
2020-02-15 06:00:00,110.953705
2020-02-15 07:00:00,259.5782
2020-02-15 08:00:00,636.2035
2020-02-15 09:00:00,659.83374
2020-02-15 10:00:00,750.2969
2020-02-15 11:00:00,835.562
2020-02-15 12:00:00,786.57324
2020-02-15 13:00:00,539.73706
2020-02-15 14:00:00,354.77792
2020-02-15 15:00:00,762.09717
2020-02-15 16:00:00,897.0039
2020-02-15 17:00:00,888.7407
2020-02-15 18:00:00,710.5022
2020-02-15 19:00:00,426.21442
2020-02-15 20:00:00,267.68817
2020-02-15 21:00:00,173.33983
2020-02-15 22:00:00,151.04424
2020-02-15 23:00:00,83.00795
2020-02-16 00:00:00,50.60544
2020-02-16 01:00:00,32.268967
2020-02-16 02:00:00,20.695877
2020-02-16 03:00:00,19.571732
2020-02-16 04:00:00,69.01402
2020-02-16 05:00:00,237.38637
2020-02-16 06:00:00,374.98755
2020-02-16 07:00:00,493.05743
2020-02-16 08:00:00,648.4007
2020-02-16 09:00:00,786.3648
2020-02-16 10:00:00,692.0327
2020-02-16 11:00:00,601.7097
2020-02-16 12:00:00,388.01297
2020-02-16 13:00:00,198.20668
2020-02-16 14:00:00,147.84198
2020-02-16 15:00:00,117.50844
2020-02-16 16:00:00,99.411575
2020-02-16 17:00:00,84.81088
2020-02-16 18:00:00,67.91235
2020-02-16 19:00:00,59.733124
2020-02-16 20:00:00,51.557594
2020-02-16 21:00:00,44.48932
2020-02-16 22:00:00,56.916435
2020-02-16 23:00:00,53.925602
2020-02-17 00:00:00,52.58705
2020-02-17 01:00:00,40.279953
2020-02-17 02:00:00,34.721455
2020-02-17 03:00:00,50.307095
2020-02-17 04:00:00,96.67648
2020-02-17 05:00:00,181.88982
2020-02-17 06:00:00,338.10458
2020-02-17 07:00:00,539.4236
2020-02-17 08:00:00,692.7175
2020-02-17 09:00:00,846.7273
2020-02-17 10:00:00,846.323
2020-02-17 11:00:00,773.16235
2020-02-17 12:00:00,282.01437
2020-02-17 13:00:00,119.98949
2020-02-17 14:00:00,102.40225
2020-02-17 15:00:00,95.66272
2020-02-17 16:00:00,90.20662
2020-02-17 17:00:00,66.8123
2020-02-17 18:00:00,59.074066
2020-02-17 19:00:00,59.306915
2020-02-17 20:00:00,81.16672
2020-02-17 21:00:00,94.578445
2020-02-17 22:00:00,148.35262
2020-02-17 23:00:00,176.9117
2020-02-18 00:00:00,202.19005
2020-02-18 01:00:00,226.94592
2020-02-18 02:00:00,238.96854
2020-02-18 03:00:00,239.56679
2020-02-18 04:00:00,236.1813
2020-02-18 05:00:00,257.03864
2020-02-18 06:00:00,331.09973
2020-02-18 07:00:00,393.17972
2020-02-18 08:00:00,401.03857
2020-02-18 09:00:00,446.53333
2020-02-18 10:00:00,743.2717
2020-02-18 11:00:00,773.4043
2020-02-18 12:00:00,513.16724
2020-02-18 13:00:00,369.2484
2020-02-18 14:00:00,287.3634
2020-02-18 15:00:00,233.82822
2020-02-18 16:00:00,197.25134
2020-02-18 17:00:00,149.31906
2020-02-18 18:00:00,188.08907
2020-02-18 19:00:00,156.61517
2020-02-18 20:00:00,158.36871
2020-02-18 21:00:00,54.350327
2020-02-18 22:00:00,85.81404
2020-02-18 23:00:00,67.94299
2020-02-19 00:00:00,73.43488
2020-02-19 01:00:00,89.96354
2020-02-19 02:00:00,91.30472
2020-02-19 03:00:00,83.892746
2020-02-19 04:00:00,137.96086
2020-02-19 05:00:00,218.33171
2020-02-19 06:00:00,315.06732
2020-02-19 07:00:00,409.57062
2020-02-19 08:00:00,499.62433
2020-02-19 09:00:00,564.40076
2020-02-19 10:00:00,672.99866
2020-02-19 11:00:00,627.26544
2020-02-19 12:00:00,444.08557
2020-02-19 13:00:00,134.0261
2020-02-19 14:00:00,92.82948
2020-02-19 15:00:00,64.74487
2020-02-19 16:00:00,42.54528
2020-02-19 17:00:00,27.963787
2020-02-19 18:00:00,17.606335
2020-02-19 19:00:00,12.664756
2020-02-19 20:00:00,11.622943
2020-02-19 21:00:00,11.607762
2020-02-19 22:00:00,10.838608
2020-02-19 23:00:00,11.615194
2020-02-20 00:00:00,12.44121
2020-02-20 01:00:00,13.90985
2020-02-20 02:00:00,15.928432
2020-02-20 03:00:00,19.305567
2020-02-20 04:00:00,57.327457
2020-02-20 05:00:00,116.81781
2020-02-20 06:00:00,171.83699
2020-02-20 07:00:00,209.71002
2020-02-20 08:00:00,282.5536
2020-02-20 09:00:00,334.43372
2020-02-20 10:00:00,350.8819
2020-02-20 11:00:00,322.0704
2020-02-20 12:00:00,83.20409
2020-02-20 13:00:00,17.081448
2020-02-20 14:00:00,29.052902
2020-02-20 15:00:00,20.933895
2020-02-20 16:00:00,19.972107
2020-02-20 17:00:00,18.411903
2020-02-20 18:00:00,17.661184
2020-02-20 19:00:00,17.098524
2020-02-20 20:00:00,16.320019
2020-02-20 21:00:00,15.867903
2020-02-20 22:00:00,13.059942
2020-02-20 23:00:00,15.157398
2020-02-21 00:00:00,13.577612
2020-02-21 01:00:00,11.298628
2020-02-21 02:00:00,11.0770855
2020-02-21 03:00:00,12.696713
2020-02-21 04:00:00,23.190077
2020-02-21 05:00:00,51.194504
2020-02-21 06:00:00,98.01572
2020-02-21 07:00:00,144.64711
2020-02-21 08:00:00,177.35007
2020-02-21 09:00:00,231.62794
2020-02-21 10:00:00,278.09647
2020-02-21 11:00:00,194.67664
2020-02-21 12:00:00,30.779343
2020-02-21 13:00:00,30.721634
2020-02-21 14:00:00,31.71112
2020-02-21 15:00:00,31.486374
2020-02-21 16:00:00,44.965805
2020-02-21 17:00:00,70.09163
2020-02-21 18:00:00,79.36937
2020-02-21 19:00:00,47.91649
2020-02-21 20:00:00,30.646046
2020-02-21 21:00:00,55.228535
2020-02-21 22:00:00,88.363144
2020-02-21 23:00:00,65.07046
2020-02-22 00:00:00,17.595032
2020-02-22 01:00:00,25.888931
2020-02-22 02:00:00,30.277725
2020-02-22 03:00:00,51.779617
2020-02-22 04:00:00,113.98546
2020-02-22 05:00:00,181.91977
2020-02-22 06:00:00,412.98828
2020-02-22 07:00:00,1066.6729
2020-02-22 08:00:00,1222.4082
2020-02-22 09:00:00,1200.5916
2020-02-22 10:00:00,849.9077
2020-02-22 11:00:00,538.57104
2020-02-22 12:00:00,273.76678
2020-02-22 13:00:00,142.87268
2020-02-22 14:00:00,91.82216
2020-02-22 15:00:00,66.26082
2020-02-22 16:00:00,51.549255
2020-02-22 17:00:00,51.04168
2020-02-22 18:00:00,56.81964
2020-02-22 19:00:00,62.241425
2020-02-22 20:00:00,65.04003
2020-02-22 21:00:00,60.136333
2020-02-22 22:00:00,59.82426
2020-02-22 23:00:00,54.283764
2020-02-23 00:00:00,44.940453
2020-02-23 01:00:00,31.164597
2020-02-23 02:00:00,25.072071
2020-02-23 03:00:00,26.102383
2020-02-23 04:00:00,60.308
2020-02-23 05:00:00,112.60666
2020-02-23 06:00:00,244.55365
2020-02-23 07:00:00,457.53586
2020-02-23 08:00:00,590.22003
2020-02-23 09:00:00,743.9602
2020-02-23 10:00:00,702.4436
2020-02-23 11:00:00,602.762
2020-02-23 12:00:00,353.65112
2020-02-23 13:00:00,104.88568
2020-02-23 14:00:00,94.33719
2020-02-23 15:00:00,82.37842
2020-02-23 16:00:00,60.08177
2020-02-23 17:00:00,29.630203
2020-02-23 18:00:00,23.497864
2020-02-23 19:00:00,65.104996
2020-02-23 20:00:00,95.43028
2020-02-23 21:00:00,84.04582
2020-02-23 22:00:00,82.0199
2020-02-23 23:00:00,28.040756
2020-02-24 00:00:00,17.760534
2020-02-24 01:00:00,19.779022
2020-02-24 02:00:00,20.42804
2020-02-24 03:00:00,18.809647
2020-02-24 04:00:00,47.560135
2020-02-24 05:00:00,227.59756
2020-02-24 06:00:00,464.70547
2020-02-24 07:00:00,729.1821
2020-02-24 08:00:00,877.72095
2020-02-24 09:00:00,1077.8037
2020-02-24 10:00:00,1321.9927
2020-02-24 11:00:00,969.2051
2020-02-24 12:00:00,318.47186
2020-02-24 13:00:00,32.823288
2020-02-24 14:00:00,29.594742
2020-02-24 15:00:00,36.316498
2020-02-24 16:00:00,37.224075
2020-02-24 17:00:00,34.9794
2020-02-24 18:00:00,31.263952
2020-02-24 19:00:00,25.545563
2020-02-24 20:00:00,15.950156
2020-02-24 21:00:00,13.924231
2020-02-24 22:00:00,12.79894
2020-02-24 23:00:00,13.182996
2020-02-25 00:00:00,15.612786
2020-02-25 01:00:00,24.278458
2020-02-25 02:00:00,31.788681
2020-02-25 03:00:00,37.525177
2020-02-25 04:00:00,58.13719
2020-02-25 05:00:00,135.28223
2020-02-25 06:00:00,457.12427
2020-02-25 07:00:00,994.3303
2020-02-25 08:00:00,1265.5142
2020-02-25 09:00:00,1402.4753
2020-02-25 10:00:00,1466.1946
2020-02-25 11:00:00,1128.7998
2020-02-25 12:00:00,224.64449
2020-02-25 13:00:00,83.8636
2020-02-25 14:00:00,75.19672
2020-02-25 15:00:00,84.22238
2020-02-25 16:00:00,94.59862
2020-02-25 17:00:00,112.274704
2020-02-25 18:00:00,102.06348
2020-02-25 19:00:00,97.190704
2020-02-25 20:00:00,109.38692
2020-02-25 21:00:00,107.07506
2020-02-25 22:00:00,136.81773
2020-02-25 23:00:00,159.7669
2020-02-26 00:00:00,177.16449
2020-02-26 01:00:00,185.59442
2020-02-26 02:00:00,201.87802
2020-02-26 03:00:00,212.24107
2020-02-26 04:00:00,231.91586
2020-02-26 05:00:00,258.96036
2020-02-26 06:00:00,387.96094
2020-02-26 07:00:00,480.98254
2020-02-26 08:00:00,454.17386
2020-02-26 09:00:00,330.14667
2020-02-26 10:00:00,271.75464
2020-02-26 11:00:00,196.0758
2020-02-26 12:00:00,198.00186
2020-02-26 13:00:00,141.99614
2020-02-26 14:00:00,203.73639
2020-02-26 15:00:00,263.81757
2020-02-26 16:00:00,289.86523
2020-02-26 17:00:00,426.516
2020-02-26 18:00:00,482.03143
2020-02-26 19:00:00,474.95963
2020-02-26 20:00:00,455.94812
2020-02-26 21:00:00,393.03302
2020-02-26 22:00:00,353.12497
2020-02-26 23:00:00,362.66455
2020-02-27 00:00:00,365.00305
2020-02-27 01:00:00,314.3797
2020-02-27 02:00:00,241.01135
2020-02-27 03:00:00,226.98978
2020-02-27 04:00:00,296.8446
2020-02-27 05:00:00,382.8252
2020-02-27 06:00:00,446.1662
2020-02-27 07:00:00,520.98895
2020-02-27 08:00:00,597.61206
2020-02-27 09:00:00,695.4431
2020-02-27 10:00:00,731.49756
2020-02-27 11:00:00,717.2548
2020-02-27 12:00:00,621.58344
2020-02-27 13:00:00,291.92035
2020-02-27 14:00:00,193.33527
2020-02-27 15:00:00,159.61949
2020-02-27 16:00:00,153.6183
2020-02-27 17:00:00,104.0294
2020-02-27 18:00:00,97.684616
2020-02-27 19:00:00,80.79439
2020-02-27 20:00:00,62.711227
2020-02-27 21:00:00,52.26985
2020-02-27 22:00:00,36.35927
2020-02-27 23:00:00,29.51139
2020-02-28 00:00:00,26.560513
2020-02-28 01:00:00,15.996532
2020-02-28 02:00:00,12.054268
2020-02-28 03:00:00,18.62456
2020-02-28 04:00:00,130.14143
2020-02-28 05:00:00,248.99779
2020-02-28 06:00:00,354.3531
2020-02-28 07:00:00,425.09775
2020-02-28 08:00:00,491.0879
2020-02-28 09:00:00,516.334
2020-02-28 10:00:00,610.6387
2020-02-28 11:00:00,589.2239
2020-02-28 12:00:00,517.46747
2020-02-28 13:00:00,87.65628
2020-02-28 14:00:00,35.585434
2020-02-28 15:00:00,25.949501
2020-02-28 16:00:00,23.226204
2020-02-28 17:00:00,23.890545
2020-02-28 18:00:00,22.512085
2020-02-28 19:00:00,21.89518
2020-02-28 20:00:00,22.24697
2020-02-28 21:00:00,20.582401
2020-02-28 22:00:00,14.335547
2020-02-28 23:00:00,11.132295
2020-02-29 00:00:00,14.355207
2020-02-29 01:00:00,16.999002
2020-02-29 02:00:00,20.996334
2020-02-29 03:00:00,29.51858
2020-02-29 04:00:00,62.380356
2020-02-29 05:00:00,140.55475
2020-02-29 06:00:00,282.04968
2020-02-29 07:00:00,392.14532
2020-02-29 08:00:00,469.50317
2020-02-29 09:00:00,520.9082
2020-02-29 10:00:00,576.32104
2020-02-29 11:00:00,517.6551
2020-02-29 12:00:00,269.1338
2020-02-29 13:00:00,69.175644
2020-02-29 14:00:00,38.176422
2020-02-29 15:00:00,35.48378
2020-02-29 16:00:00,27.599373
2020-02-29 17:00:00,18.115211
2020-02-29 18:00:00,16.514805
2020-02-29 19:00:00,15.778487
2020-02-29 20:00:00,14.34279
2020-02-29 21:00:00,13.355876
2020-02-29 22:00:00,12.8917885
2020-02-29 23:00:00,12.0438
2020-03-01 00:00:00,12.367264
2020-03-01 01:00:00,12.929144
2020-03-01 02:00:00,12.594851
2020-03-01 03:00:00,12.549193
2020-03-01 04:00:00,29.361847
2020-03-01 05:00:00,74.72275
2020-03-01 06:00:00,185.64308
2020-03-01 07:00:00,337.24982
2020-03-01 08:00:00,473.19556
2020-03-01 09:00:00,531.001
2020-03-01 10:00:00,501.69385
2020-03-01 11:00:00,421.30624
2020-03-01 12:00:00,104.64389
2020-03-01 13:00:00,40.859863
2020-03-01 14:00:00,29.012665
2020-03-01 15:00:00,23.201118
2020-03-01 16:00:00,20.799503
2020-03-01 17:00:00,23.495173
2020-03-01 18:00:00,23.399635
2020-03-01 19:00:00,22.183434
2020-03-01 20:00:00,20.107067
2020-03-01 21:00:00,18.834549
2020-03-01 22:00:00,19.187614
2020-03-01 23:00:00,17.600584
2020-03-02 00:00:00,14.4985
2020-03-02 01:00:00,12.4758625
2020-03-02 02:00:00,11.574558
2020-03-02 03:00:00,12.356949
2020-03-02 04:00:00,18.31784
2020-03-02 05:00:00,96.28531
2020-03-02 06:00:00,300.35443
2020-03-02 07:00:00,494.75415
2020-03-02 08:00:00,682.4426
2020-03-02 09:00:00,815.9092
2020-03-02 10:00:00,524.7283
2020-03-02 11:00:00,649.55005
2020-03-02 12:00:00,201.49432
2020-03-02 13:00:00,79.91298
2020-03-02 14:00:00,62.544342
2020-03-02 15:00:00,71.29964
2020-03-02 16:00:00,72.22153
2020-03-02 17:00:00,49.69406
2020-03-02 18:00:00,42.454994
2020-03-02 19:00:00,38.380955
2020-03-02 20:00:00,32.38852
2020-03-02 21:00:00,28.6366
2020-03-02 22:00:00,21.45137
2020-03-02 23:00:00,18.604008
2020-03-03 00:00:00,15.512032
2020-03-03 01:00:00,13.1087675
2020-03-03 02:00:00,11.878659
2020-03-03 03:00:00,21.157034
2020-03-03 04:00:00,83.73979
2020-03-03 05:00:00,187.68285
2020-03-03 06:00:00,295.03662
2020-03-03 07:00:00,407.1902
2020-03-03 08:00:00,523.6802
2020-03-03 09:00:00,638.0669
2020-03-03 10:00:00,735.0879
2020-03-03 11:00:00,821.854
2020-03-03 12:00:00,515.1493
2020-03-03 13:00:00,259.9651
2020-03-03 14:00:00,179.82307
2020-03-03 15:00:00,121.707794
2020-03-03 16:00:00,75.63893
2020-03-03 17:00:00,50.261726
2020-03-03 18:00:00,37.48728
2020-03-03 19:00:00,28.90802
2020-03-03 20:00:00,33.43801
2020-03-03 21:00:00,41.140324
2020-03-03 22:00:00,46.63858
2020-03-03 23:00:00,36.98413
2020-03-04 00:00:00,35.77948
2020-03-04 01:00:00,51.83068
2020-03-04 02:00:00,54.791943
2020-03-04 03:00:00,73.839424
2020-03-04 04:00:00,143.63332
2020-03-04 05:00:00,258.8822
2020-03-04 06:00:00,388.59033
2020-03-04 07:00:00,490.19775
2020-03-04 08:00:00,594.1653
2020-03-04 09:00:00,660.2151
2020-03-04 10:00:00,662.2969
2020-03-04 11:00:00,687.31836
2020-03-04 12:00:00,568.3506
2020-03-04 13:00:00,235.62567
2020-03-04 14:00:00,135.0084
2020-03-04 15:00:00,85.81369
2020-03-04 16:00:00,65.69
2020-03-04 17:00:00,72.58421
2020-03-04 18:00:00,85.80928
2020-03-04 19:00:00,92.38666
2020-03-04 20:00:00,104.33061
2020-03-04 21:00:00,131.68231
2020-03-04 22:00:00,144.74521
2020-03-04 23:00:00,143.8822
2020-03-05 00:00:00,129.35435
2020-03-05 01:00:00,134.55894
2020-03-05 02:00:00,173.77304
2020-03-05 03:00:00,240.20697
2020-03-05 04:00:00,302.40942
2020-03-05 05:00:00,351.41333
2020-03-05 06:00:00,357.7339
2020-03-05 07:00:00,400.32227
2020-03-05 08:00:00,460.51147
2020-03-05 09:00:00,737.8042
2020-03-05 10:00:00,704.4144
2020-03-05 11:00:00,655.9411
2020-03-05 12:00:00,417.48334
2020-03-05 13:00:00,248.05661
2020-03-05 14:00:00,198.80463
2020-03-05 15:00:00,153.9502
2020-03-05 16:00:00,137.253
2020-03-05 17:00:00,109.78009
2020-03-05 18:00:00,91.691574
2020-03-05 19:00:00,70.31212
2020-03-05 20:00:00,63.729706
2020-03-05 21:00:00,54.47946
2020-03-05 22:00:00,48.03482
2020-03-05 23:00:00,32.952927
2020-03-06 00:00:00,37.810486
2020-03-06 01:00:00,38.897217
2020-03-06 02:00:00,32.97162
2020-03-06 03:00:00,57.768616
2020-03-06 04:00:00,185.85187
2020-03-06 05:00:00,419.58716
2020-03-06 06:00:00,846.0271
2020-03-06 07:00:00,1165.7458
2020-03-06 08:00:00,1148.749
2020-03-06 09:00:00,1456.7461
2020-03-06 10:00:00,1439.1992
2020-03-06 11:00:00,1329.5542
2020-03-06 12:00:00,1183.4546
2020-03-06 13:00:00,699.8655
2020-03-06 14:00:00,565.7035
2020-03-06 15:00:00,460.36673
2020-03-06 16:00:00,376.03674
2020-03-06 17:00:00,298.43604
2020-03-06 18:00:00,221.5044
2020-03-06 19:00:00,158.00955
2020-03-06 20:00:00,138.54556
2020-03-06 21:00:00,124.557434
2020-03-06 22:00:00,125.47557
2020-03-06 23:00:00,119.8224
2020-03-07 00:00:00,122.03251
2020-03-07 01:00:00,63.081207
2020-03-07 02:00:00,56.463318
2020-03-07 03:00:00,134.0654
2020-03-07 04:00:00,275.93237
2020-03-07 05:00:00,464.4319
2020-03-07 06:00:00,670.3606
2020-03-07 07:00:00,860.8013
2020-03-07 08:00:00,1086.8176
2020-03-07 09:00:00,1224.8206
2020-03-07 10:00:00,1254.0659
2020-03-07 11:00:00,1218.3105
2020-03-07 12:00:00,1122.2634
2020-03-07 13:00:00,407.64615
2020-03-07 14:00:00,127.7556
2020-03-07 15:00:00,85.76573
2020-03-07 16:00:00,50.982468
2020-03-07 17:00:00,31.429466
2020-03-07 18:00:00,17.102238
2020-03-07 19:00:00,13.980682
2020-03-07 20:00:00,23.458313
2020-03-07 21:00:00,31.325562
2020-03-07 22:00:00,26.316498
2020-03-07 23:00:00,23.040726
2020-03-08 00:00:00,24.936373
2020-03-08 01:00:00,30.217953
2020-03-08 02:00:00,36.995087
2020-03-08 03:00:00,102.40488
2020-03-08 04:00:00,257.39758
2020-03-08 05:00:00,438.6775
2020-03-08 06:00:00,607.9856
2020-03-08 07:00:00,741.3491
2020-03-08 08:00:00,974.2261
2020-03-08 09:00:00,1307.8975
2020-03-08 10:00:00,1164.1958
2020-03-08 11:00:00,1167.0891
2020-03-08 12:00:00,1121.4758
2020-03-08 13:00:00,251.61523
2020-03-08 14:00:00,113.45012
2020-03-08 15:00:00,56.256058
2020-03-08 16:00:00,42.687447
2020-03-08 17:00:00,32.38147
2020-03-08 18:00:00,17.851227
2020-03-08 19:00:00,14.273914
2020-03-08 20:00:00,13.827287
2020-03-08 21:00:00,14.086878
2020-03-08 22:00:00,21.15057
2020-03-08 23:00:00,23.354328
2020-03-09 00:00:00,23.650131
2020-03-09 01:00:00,26.155457
2020-03-09 02:00:00,15.2171755
2020-03-09 03:00:00,29.628143
2020-03-09 04:00:00,132.968
2020-03-09 05:00:00,452.07837
2020-03-09 06:00:00,696.05493
2020-03-09 07:00:00,941.56616
2020-03-09 08:00:00,1199.4524
2020-03-09 09:00:00,1497.1553
2020-03-09 10:00:00,1482.8142
2020-03-09 11:00:00,1349.8955
2020-03-09 12:00:00,1158.6382
2020-03-09 13:00:00,228.69582
2020-03-09 14:00:00,96.214905
2020-03-09 15:00:00,64.92241
2020-03-09 16:00:00,46.76146
2020-03-09 17:00:00,39.57515
2020-03-09 18:00:00,30.91037
2020-03-09 19:00:00,22.450092
2020-03-09 20:00:00,18.488918
2020-03-09 21:00:00,17.182446
2020-03-09 22:00:00,18.238398
2020-03-09 23:00:00,14.948866
2020-03-10 00:00:00,12.014126
2020-03-10 01:00:00,11.646858
2020-03-10 02:00:00,13.456875
2020-03-10 03:00:00,20.147512
2020-03-10 04:00:00,128.11023
2020-03-10 05:00:00,425.50195
2020-03-10 06:00:00,723.5054
2020-03-10 07:00:00,941.8086
2020-03-10 08:00:00,1109.5723
2020-03-10 09:00:00,1207.177
2020-03-10 10:00:00,1261.3286
2020-03-10 11:00:00,1197.2954
2020-03-10 12:00:00,1034.0403
2020-03-10 13:00:00,168.6764
2020-03-10 14:00:00,78.4845
2020-03-10 15:00:00,53.135513
2020-03-10 16:00:00,51.004837
2020-03-10 17:00:00,47.911163
2020-03-10 18:00:00,41.68582
2020-03-10 19:00:00,27.083744
2020-03-10 20:00:00,17.108965
2020-03-10 21:00:00,14.276142
2020-03-10 22:00:00,15.775557
2020-03-10 23:00:00,15.810645
2020-03-11 00:00:00,11.664514
2020-03-11 01:00:00,11.872156
2020-03-11 02:00:00,12.12784
2020-03-11 03:00:00,12.871401
2020-03-11 04:00:00,126.14255
2020-03-11 05:00:00,441.9746
2020-03-11 06:00:00,706.2407
2020-03-11 07:00:00,859.261
2020-03-11 08:00:00,962.4514
2020-03-11 09:00:00,1065.0347
2020-03-11 10:00:00,1056.7766
2020-03-11 11:00:00,974.53906
2020-03-11 12:00:00,827.1963
2020-03-11 13:00:00,162.99841
2020-03-11 14:00:00,55.55606
2020-03-11 15:00:00,20.489819
2020-03-11 16:00:00,13.916058
2020-03-11 17:00:00,14.408911
2020-03-11 18:00:00,17.181404
2020-03-11 19:00:00,16.358116
2020-03-11 20:00:00,14.971218
2020-03-11 21:00:00,13.754949
2020-03-11 22:00:00,12.918817
2020-03-11 23:00:00,13.145882
2020-03-12 00:00:00,12.237117
2020-03-12 01:00:00,11.705941
2020-03-12 02:00:00,11.615692
2020-03-12 03:00:00,13.303189
2020-03-12 04:00:00,90.05699
2020-03-12 05:00:00,406.95166
2020-03-12 06:00:00,745.3723
2020-03-12 07:00:00,969.42554
2020-03-12 08:00:00,1113.175
2020-03-12 09:00:00,1211.967
2020-03-12 10:00:00,1151.2397
2020-03-12 11:00:00,1091.8713
2020-03-12 12:00:00,936.0481
2020-03-12 13:00:00,104.828
2020-03-12 14:00:00,17.40599
2020-03-12 15:00:00,15.411091
2020-03-12 16:00:00,28.157791
2020-03-12 17:00:00,32.035477
2020-03-12 18:00:00,36.340652
2020-03-12 19:00:00,36.74759
2020-03-12 20:00:00,35.59178
2020-03-12 21:00:00,33.534958
2020-03-12 22:00:00,32.11911
2020-03-12 23:00:00,31.634079
2020-03-13 00:00:00,27.710835
2020-03-13 01:00:00,22.622967
2020-03-13 02:00:00,17.90574
2020-03-13 03:00:00,18.00768
2020-03-13 04:00:00,57.36212
2020-03-13 05:00:00,262.83823
2020-03-13 06:00:00,604.81006
2020-03-13 07:00:00,940.25903
2020-03-13 08:00:00,1105.5334
2020-03-13 09:00:00,1169.9685
2020-03-13 10:00:00,1164.9587
2020-03-13 11:00:00,969.126
2020-03-13 12:00:00,319.37744
2020-03-13 13:00:00,100.75743
2020-03-13 14:00:00,58.391617
2020-03-13 15:00:00,46.600616
2020-03-13 16:00:00,34.430893
2020-03-13 17:00:00,23.962906
2020-03-13 18:00:00,19.442825
2020-03-13 19:00:00,19.190777
2020-03-13 20:00:00,19.90427
2020-03-13 21:00:00,19.80669
2020-03-13 22:00:00,15.511528
2020-03-13 23:00:00,15.162178
2020-03-14 00:00:00,16.00011
2020-03-14 01:00:00,15.885765
2020-03-14 02:00:00,18.586731
2020-03-14 03:00:00,28.718521
2020-03-14 04:00:00,79.71271
2020-03-14 05:00:00,389.6001
2020-03-14 06:00:00,826.9946
2020-03-14 07:00:00,1167.888
2020-03-14 08:00:00,1426.6602
2020-03-14 09:00:00,1549.6316
2020-03-14 10:00:00,1639.1931
2020-03-14 11:00:00,1513.6445
2020-03-14 12:00:00,504.73877
2020-03-14 13:00:00,34.83235
2020-03-14 14:00:00,18.1306
2020-03-14 15:00:00,22.743713
2020-03-14 16:00:00,25.730484
2020-03-14 17:00:00,27.369204
2020-03-14 18:00:00,28.60812
2020-03-14 19:00:00,27.38662
2020-03-14 20:00:00,27.199488
2020-03-14 21:00:00,27.431183
2020-03-14 22:00:00,26.13602
2020-03-14 23:00:00,25.211454
2020-03-15 00:00:00,26.64356
2020-03-15 01:00:00,27.784676
2020-03-15 02:00:00,26.18253
2020-03-15 03:00:00,33.02742
2020-03-15 04:00:00,54.915924
2020-03-15 05:00:00,123.65048
2020-03-15 06:00:00,381.64697
2020-03-15 07:00:00,605.76685
2020-03-15 08:00:00,768.08594
2020-03-15 09:00:00,848.6763
2020-03-15 10:00:00,703.69214
2020-03-15 11:00:00,613.563
2020-03-15 12:00:00,302.62683
2020-03-15 13:00:00,125.44968
2020-03-15 14:00:00,74.2814
2020-03-15 15:00:00,49.754623
2020-03-15 16:00:00,29.283203
2020-03-15 17:00:00,22.426876
2020-03-15 18:00:00,21.140057
2020-03-15 19:00:00,19.287376
2020-03-15 20:00:00,16.982857
2020-03-15 21:00:00,15.459889
2020-03-15 22:00:00,20.723948
2020-03-15 23:00:00,26.038914
2020-03-16 00:00:00,35.36647
2020-03-16 01:00:00,44.091568
2020-03-16 02:00:00,54.963768
2020-03-16 03:00:00,74.73253
2020-03-16 04:00:00,111.114136
2020-03-16 05:00:00,175.80891
2020-03-16 06:00:00,302.3015
2020-03-16 07:00:00,564.09106
2020-03-16 08:00:00,1113.5427
2020-03-16 09:00:00,1274.3059
2020-03-16 10:00:00,526.49
2020-03-16 11:00:00,428.41895
2020-03-16 12:00:00,40.526413
2020-03-16 13:00:00,34.979614
2020-03-16 14:00:00,30.025726
2020-03-16 15:00:00,34.0867
2020-03-16 16:00:00,40.571014
2020-03-16 17:00:00,37.473946
2020-03-16 18:00:00,25.335693
2020-03-16 19:00:00,16.939392
2020-03-16 20:00:00,14.2414875
2020-03-16 21:00:00,13.999631
2020-03-16 22:00:00,11.898812
2020-03-16 23:00:00,12.113941
2020-03-17 00:00:00,13.150819
2020-03-17 01:00:00,12.795956
2020-03-17 02:00:00,12.587481
2020-03-17 03:00:00,15.827035
2020-03-17 04:00:00,73.55495
2020-03-17 05:00:00,228.64745
2020-03-17 06:00:00,407.77222
2020-03-17 07:00:00,534.2925
2020-03-17 08:00:00,688.5735
2020-03-17 09:00:00,783.3999
2020-03-17 10:00:00,525.5122
2020-03-17 11:00:00,426.27197
2020-03-17 12:00:00,278.9508
2020-03-17 13:00:00,84.09407
2020-03-17 14:00:00,45.750984
2020-03-17 15:00:00,38.98134
2020-03-17 16:00:00,31.98982
2020-03-17 17:00:00,26.303005
2020-03-17 18:00:00,18.831179
2020-03-17 19:00:00,19.655878
2020-03-17 20:00:00,21.013638
2020-03-17 21:00:00,21.501207
2020-03-17 22:00:00,17.03474
2020-03-17 23:00:00,14.704299
2020-03-18 00:00:00,13.631097
2020-03-18 01:00:00,12.871271
2020-03-18 02:00:00,13.332555
2020-03-18 03:00:00,24.316874
2020-03-18 04:00:00,128.43341
2020-03-18 05:00:00,295.5023
2020-03-18 06:00:00,462.4187
2020-03-18 07:00:00,683.0249
2020-03-18 08:00:00,925.25684
2020-03-18 09:00:00,1117.2952
2020-03-18 10:00:00,1211.1067
2020-03-18 11:00:00,989.26587
2020-03-18 12:00:00,484.21338
2020-03-18 13:00:00,61.92891
2020-03-18 14:00:00,23.41127
2020-03-18 15:00:00,20.516525
2020-03-18 16:00:00,19.719452
2020-03-18 17:00:00,22.231827
2020-03-18 18:00:00,22.687115
2020-03-18 19:00:00,21.462215
2020-03-18 20:00:00,22.103811
2020-03-18 21:00:00,22.073753
2020-03-18 22:00:00,20.118334
2020-03-18 23:00:00,19.130035
2020-03-19 00:00:00,21.279465
2020-03-19 01:00:00,16.697662
2020-03-19 02:00:00,12.470856
2020-03-19 03:00:00,32.7712
2020-03-19 04:00:00,122.87523
2020-03-19 05:00:00,289.40967
2020-03-19 06:00:00,507.30518
2020-03-19 07:00:00,842.21265
2020-03-19 08:00:00,1169.4893
2020-03-19 09:00:00,1359.7546
2020-03-19 10:00:00,1443.4048
2020-03-19 11:00:00,1470.7375
2020-03-19 12:00:00,1114.2805
2020-03-19 13:00:00,150.27219
2020-03-19 14:00:00,98.580185
2020-03-19 15:00:00,98.91994
2020-03-19 16:00:00,77.744934
2020-03-19 17:00:00,42.918793
2020-03-19 18:00:00,31.903553
2020-03-19 19:00:00,26.817003
2020-03-19 20:00:00,22.240639
2020-03-19 21:00:00,19.270628
2020-03-19 22:00:00,16.516167
2020-03-19 23:00:00,16.104515
2020-03-20 00:00:00,15.225416
2020-03-20 01:00:00,15.67031
2020-03-20 02:00:00,17.66422
2020-03-20 03:00:00,29.276993
2020-03-20 04:00:00,89.57733
2020-03-20 05:00:00,265.18878
2020-03-20 06:00:00,483.24072
2020-03-20 07:00:00,762.8701
2020-03-20 08:00:00,1000.7971
2020-03-20 09:00:00,1125.8315
2020-03-20 10:00:00,1507.2935
2020-03-20 11:00:00,1439.8269
2020-03-20 12:00:00,210.2777
2020-03-20 13:00:00,97.737045
2020-03-20 14:00:00,39.777073
2020-03-20 15:00:00,23.091415
2020-03-20 16:00:00,36.82875
2020-03-20 17:00:00,77.953384
2020-03-20 18:00:00,127.30888
2020-03-20 19:00:00,131.99011
2020-03-20 20:00:00,111.015366
2020-03-20 21:00:00,111.11435
2020-03-20 22:00:00,132.51216
2020-03-20 23:00:00,195.05074
2020-03-21 00:00:00,254.73268
2020-03-21 01:00:00,436.3515
2020-03-21 02:00:00,612.45355
2020-03-21 03:00:00,700.9209
2020-03-21 04:00:00,765.32983
2020-03-21 05:00:00,813.0488
2020-03-21 06:00:00,857.2451
2020-03-21 07:00:00,1109.4285
2020-03-21 08:00:00,1047.9441
2020-03-21 09:00:00,1212.6123
2020-03-21 10:00:00,1516.4983
2020-03-21 11:00:00,1477.2065
2020-03-21 12:00:00,1335.2722
2020-03-21 13:00:00,76.19617
2020-03-21 14:00:00,52.29448
2020-03-21 15:00:00,56.010193
2020-03-21 16:00:00,44.78032
2020-03-21 17:00:00,32.58319
2020-03-21 18:00:00,25.48305
2020-03-21 19:00:00,19.087082
2020-03-21 20:00:00,18.744963
2020-03-21 21:00:00,18.352287
2020-03-21 22:00:00,13.849944
2020-03-21 23:00:00,40.254196
2020-03-22 00:00:00,65.83755
2020-03-22 01:00:00,84.674515
2020-03-22 02:00:00,94.200134
2020-03-22 03:00:00,137.07928
2020-03-22 04:00:00,188.5438
2020-03-22 05:00:00,341.79932
2020-03-22 06:00:00,617.5337
2020-03-22 07:00:00,870.145
2020-03-22 08:00:00,1029.9741
2020-03-22 09:00:00,1093.4187
2020-03-22 10:00:00,908.542
2020-03-22 11:00:00,867.6467
2020-03-22 12:00:00,750.2417
2020-03-22 13:00:00,460.0847
2020-03-22 14:00:00,321.79492
2020-03-22 15:00:00,249.37741
2020-03-22 16:00:00,172.76888
2020-03-22 17:00:00,101.21933
2020-03-22 18:00:00,64.504486
2020-03-22 19:00:00,56.756496
2020-03-22 20:00:00,54.806442
2020-03-22 21:00:00,49.342693
2020-03-22 22:00:00,51.71879
2020-03-22 23:00:00,49.48045
2020-03-23 00:00:00,34.714767
2020-03-23 01:00:00,30.537674
2020-03-23 02:00:00,28.369553
2020-03-23 03:00:00,72.78694
2020-03-23 04:00:00,203.18178
2020-03-23 05:00:00,333.74634
2020-03-23 06:00:00,452.11523
2020-03-23 07:00:00,588.4092
2020-03-23 08:00:00,701.5923
2020-03-23 09:00:00,766.7151
2020-03-23 10:00:00,745.38135
2020-03-23 11:00:00,686.74976
2020-03-23 12:00:00,528.96484
2020-03-23 13:00:00,188.4593
2020-03-23 14:00:00,82.72946
2020-03-23 15:00:00,41.99822
2020-03-23 16:00:00,29.458725
2020-03-23 17:00:00,25.868647
2020-03-23 18:00:00,29.037045
2020-03-23 19:00:00,29.534554
2020-03-23 20:00:00,28.254627
2020-03-23 21:00:00,42.092087
2020-03-23 22:00:00,43.82529
2020-03-23 23:00:00,44.721375
2020-03-24 00:00:00,46.973213
2020-03-24 01:00:00,54.02308
2020-03-24 02:00:00,64.77946
2020-03-24 03:00:00,98.83208
2020-03-24 04:00:00,167.39
2020-03-24 05:00:00,249.93306
2020-03-24 06:00:00,308.69604
2020-03-24 07:00:00,394.7964
2020-03-24 08:00:00,527.36426
2020-03-24 09:00:00,709.1116
2020-03-24 10:00:00,899.0371
2020-03-24 11:00:00,999.3635
2020-03-24 12:00:00,965.84155
2020-03-24 13:00:00,409.4212
2020-03-24 14:00:00,328.36368
2020-03-24 15:00:00,322.77075
2020-03-24 16:00:00,299.06683
2020-03-24 17:00:00,256.08563
2020-03-24 18:00:00,226.06676
2020-03-24 19:00:00,193.24704
2020-03-24 20:00:00,157.22318
2020-03-24 21:00:00,123.45578
2020-03-24 22:00:00,114.43083
2020-03-24 23:00:00,141.76295
2020-03-25 00:00:00,135.32153
2020-03-25 01:00:00,117.22844
2020-03-25 02:00:00,146.76108
2020-03-25 03:00:00,293.66504
2020-03-25 04:00:00,412.43457
2020-03-25 05:00:00,604.4595
2020-03-25 06:00:00,783.14795
2020-03-25 07:00:00,880.7029
2020-03-25 08:00:00,999.17236
2020-03-25 09:00:00,1077.9185
2020-03-25 10:00:00,1090.0105
2020-03-25 11:00:00,1148.9624
2020-03-25 12:00:00,1102.0186
2020-03-25 13:00:00,455.3587
2020-03-25 14:00:00,241.2281
2020-03-25 15:00:00,210.24411
2020-03-25 16:00:00,175.66884
2020-03-25 17:00:00,132.7425
2020-03-25 18:00:00,101.66705
2020-03-25 19:00:00,70.31966
2020-03-25 20:00:00,51.495228
2020-03-25 21:00:00,42.36855
2020-03-25 22:00:00,45.33498
2020-03-25 23:00:00,40.518402
2020-03-26 00:00:00,29.62355
2020-03-26 01:00:00,22.36554
2020-03-26 02:00:00,18.761093
2020-03-26 03:00:00,69.75375
2020-03-26 04:00:00,318.25635
2020-03-26 05:00:00,582.3574
2020-03-26 06:00:00,764.7993
2020-03-26 07:00:00,916.8242
2020-03-26 08:00:00,1055.7251
2020-03-26 09:00:00,1185.24
2020-03-26 10:00:00,1208.3511
2020-03-26 11:00:00,1151.052
2020-03-26 12:00:00,925.5996
2020-03-26 13:00:00,260.36682
2020-03-26 14:00:00,89.9005
2020-03-26 15:00:00,42.533478
2020-03-26 16:00:00,29.824484
2020-03-26 17:00:00,26.63417
2020-03-26 18:00:00,21.485275
2020-03-26 19:00:00,17.863129
2020-03-26 20:00:00,16.255672
2020-03-26 21:00:00,13.448575
2020-03-26 22:00:00,13.188988
2020-03-26 23:00:00,17.09692
2020-03-27 00:00:00,21.480404
2020-03-27 01:00:00,17.901752
2020-03-27 02:00:00,12.890987
2020-03-27 03:00:00,33.900543
2020-03-27 04:00:00,131.40921
2020-03-27 05:00:00,365.2605
2020-03-27 06:00:00,666.7263
2020-03-27 07:00:00,995.87915
2020-03-27 08:00:00,1133.0061
2020-03-27 09:00:00,1136.4106
2020-03-27 10:00:00,1225.8838
2020-03-27 11:00:00,1147.345
2020-03-27 12:00:00,673.48145
2020-03-27 13:00:00,260.21063
2020-03-27 14:00:00,72.292786
2020-03-27 15:00:00,54.365067
2020-03-27 16:00:00,49.845276
2020-03-27 17:00:00,51.719116
2020-03-27 18:00:00,47.51799
2020-03-27 19:00:00,41.58876
2020-03-27 20:00:00,36.432587
2020-03-27 21:00:00,31.144913
2020-03-27 22:00:00,24.234116
2020-03-27 23:00:00,23.50737
2020-03-28 00:00:00,23.232712
2020-03-28 01:00:00,22.914932
2020-03-28 02:00:00,23.976608
2020-03-28 03:00:00,56.527405
2020-03-28 04:00:00,232.0596
2020-03-28 05:00:00,562.2766
2020-03-28 06:00:00,958.5034
2020-03-28 07:00:00,1044.1545
2020-03-28 08:00:00,1171.1699
2020-03-28 09:00:00,1256.2698
2020-03-28 10:00:00,1511.8623
2020-03-28 11:00:00,1435.4243
2020-03-28 12:00:00,1453.5325
2020-03-28 13:00:00,76.445435
2020-03-28 14:00:00,26.722488
2020-03-28 15:00:00,20.54065
2020-03-28 16:00:00,18.940414
2020-03-28 17:00:00,19.294693
2020-03-28 18:00:00,21.028946
2020-03-28 19:00:00,19.717392
2020-03-28 20:00:00,18.717335
2020-03-28 21:00:00,18.883953
2020-03-28 22:00:00,15.922291
2020-03-28 23:00:00,18.677677
2020-03-29 00:00:00,21.898575
2020-03-29 01:00:00,26.057528
2020-03-29 02:00:00,33.45885
2020-03-29 03:00:00,53.575897
2020-03-29 04:00:00,166.50763
2020-03-29 05:00:00,655.0637
2020-03-29 06:00:00,1142.26
2020-03-29 07:00:00,1284.3469
2020-03-29 08:00:00,1379.5918
2020-03-29 09:00:00,1428.585
2020-03-29 10:00:00,1286.9529
2020-03-29 11:00:00,1121.0156
2020-03-29 12:00:00,779.24146
2020-03-29 13:00:00,155.36694
2020-03-29 14:00:00,58.59082
2020-03-29 15:00:00,31.25624
2020-03-29 16:00:00,22.377243
2020-03-29 17:00:00,20.82394
2020-03-29 18:00:00,19.335453
2020-03-29 19:00:00,17.010164
2020-03-29 20:00:00,15.563392
2020-03-29 21:00:00,16.179974
2020-03-29 22:00:00,16.47846
2020-03-29 23:00:00,18.707867
2020-03-30 00:00:00,19.051895
2020-03-30 01:00:00,17.547808
2020-03-30 02:00:00,16.479416
2020-03-30 03:00:00,33.97168
2020-03-30 04:00:00,84.693634
2020-03-30 05:00:00,305.9287
2020-03-30 06:00:00,713.07056
2020-03-30 07:00:00,1069.0942
2020-03-30 08:00:00,1284.0999
2020-03-30 09:00:00,1358.5916
2020-03-30 10:00:00,1172.1848
2020-03-30 11:00:00,344.0232
2020-03-30 12:00:00,244.42157
2020-03-30 13:00:00,135.43103
2020-03-30 14:00:00,76.59184
2020-03-30 15:00:00,45.146515
2020-03-30 16:00:00,37.960358
2020-03-30 17:00:00,38.358856
2020-03-30 18:00:00,42.80716
2020-03-30 19:00:00,43.49106
2020-03-30 20:00:00,43.589325
2020-03-30 21:00:00,39.015213
2020-03-30 22:00:00,37.308167
2020-03-30 23:00:00,38.15921
2020-03-31 00:00:00,35.444534
2020-03-31 01:00:00,20.800156
2020-03-31 02:00:00,38.41516
2020-03-31 03:00:00,88.79732
2020-03-31 04:00:00,181.29378
2020-03-31 05:00:00,390.61945
2020-03-31 06:00:00,528.4475
2020-03-31 07:00:00,816.01807
2020-03-31 08:00:00,1109.385
2020-03-31 09:00:00,1207.1711
2020-03-31 10:00:00,1515.7358
2020-03-31 11:00:00,1571.198
2020-03-31 12:00:00,1021.542
2020-03-31 13:00:00,817.2634
2020-03-31 14:00:00,444.08032
2020-03-31 15:00:00,94.74086
2020-03-31 16:00:00,134.1013
2020-03-31 17:00:00,157.64279
2020-03-31 18:00:00,143.76936
2020-03-31 19:00:00,103.04979
2020-03-31 20:00:00,71.52614
2020-03-31 21:00:00,63.758255
2020-03-31 22:00:00,74.51582
2020-03-31 23:00:00,62.068573
2020-04-01 00:00:00,65.90848
2020-04-01 01:00:00,82.14722
2020-04-01 02:00:00,87.493866
2020-04-01 03:00:00,136.29301
2020-04-01 04:00:00,794.9675
2020-04-01 05:00:00,843.21094
2020-04-01 06:00:00,1133.0559
2020-04-01 07:00:00,846.89746
2020-04-01 08:00:00,561.86475
2020-04-01 09:00:00,526.3169
2020-04-01 10:00:00,415.531
2020-04-01 11:00:00,443.75684
2020-04-01 12:00:00,449.6206
2020-04-01 13:00:00,413.84763
2020-04-01 14:00:00,277.7833
2020-04-01 15:00:00,213.71626
2020-04-01 16:00:00,229.19907
2020-04-01 17:00:00,220.69366
2020-04-01 18:00:00,187.58513
2020-04-01 19:00:00,133.0794
2020-04-01 20:00:00,99.685745
2020-04-01 21:00:00,67.53383
2020-04-01 22:00:00,84.273895
2020-04-01 23:00:00,81.52927
2020-04-02 00:00:00,83.4948
2020-04-02 01:00:00,83.52641
2020-04-02 02:00:00,77.31613
2020-04-02 03:00:00,137.83961
2020-04-02 04:00:00,467.43726
2020-04-02 05:00:00,1145.6895
2020-04-02 06:00:00,1380.5078
2020-04-02 07:00:00,1494.7673
2020-04-02 08:00:00,1538.334
2020-04-02 09:00:00,1585.1936
2020-04-02 10:00:00,1521.2988
2020-04-02 11:00:00,1301.9897
2020-04-02 12:00:00,931.9138
2020-04-02 13:00:00,194.79083
2020-04-02 14:00:00,76.352356
2020-04-02 15:00:00,52.10501
2020-04-02 16:00:00,44.53656
2020-04-02 17:00:00,31.997238
2020-04-02 18:00:00,27.893272
2020-04-02 19:00:00,28.825693
2020-04-02 20:00:00,29.35392
2020-04-02 21:00:00,28.8475
2020-04-02 22:00:00,21.035028
2020-04-02 23:00:00,20.364307
2020-04-03 00:00:00,22.896454
2020-04-03 01:00:00,22.497324
2020-04-03 02:00:00,22.739471
2020-04-03 03:00:00,39.196976
2020-04-03 04:00:00,96.09465
2020-04-03 05:00:00,279.92017
2020-04-03 06:00:00,606.02637
2020-04-03 07:00:00,840.1416
2020-04-03 08:00:00,1071.5754
2020-04-03 09:00:00,1021.54663
2020-04-03 10:00:00,913.6262
2020-04-03 11:00:00,480.73877
2020-04-03 12:00:00,400.15918
2020-04-03 13:00:00,261.91455
2020-04-03 14:00:00,146.72678
2020-04-03 15:00:00,103.93817
2020-04-03 16:00:00,88.433945
2020-04-03 17:00:00,65.12996
2020-04-03 18:00:00,54.56781
2020-04-03 19:00:00,47.534393
2020-04-03 20:00:00,42.191467
2020-04-03 21:00:00,37.21054
2020-04-03 22:00:00,25.039291
2020-04-03 23:00:00,25.355759
2020-04-04 00:00:00,22.87175
2020-04-04 01:00:00,21.978437
2020-04-04 02:00:00,30.720974
2020-04-04 03:00:00,58.66928
2020-04-04 04:00:00,132.6226
2020-04-04 05:00:00,344.14185
2020-04-04 06:00:00,560.2637
2020-04-04 07:00:00,744.5935
2020-04-04 08:00:00,1079.3403
2020-04-04 09:00:00,1205.1025
2020-04-04 10:00:00,1626.5244
2020-04-04 11:00:00,847.0664
2020-04-04 12:00:00,419.56567
2020-04-04 13:00:00,138.8349
2020-04-04 14:00:00,170.42223
2020-04-04 15:00:00,145.50813
2020-04-04 16:00:00,86.797806
2020-04-04 17:00:00,63.14456
2020-04-04 18:00:00,158.06935
2020-04-04 19:00:00,335.55664
2020-04-04 20:00:00,373.8379
2020-04-04 21:00:00,273.48657
2020-04-04 22:00:00,132.62393
2020-04-04 23:00:00,128.11348
2020-04-05 00:00:00,99.89473
2020-04-05 01:00:00,117.77391
2020-04-05 02:00:00,126.91768
2020-04-05 03:00:00,123.27693
2020-04-05 04:00:00,223.4476
2020-04-05 05:00:00,447.72345
2020-04-05 06:00:00,536.10913
2020-04-05 07:00:00,588.37476
2020-04-05 08:00:00,728.8108
2020-04-05 09:00:00,954.2615
2020-04-05 10:00:00,720.7793
2020-04-05 11:00:00,745.16235
2020-04-05 12:00:00,774.8528
2020-04-05 13:00:00,241.92258
2020-04-05 14:00:00,71.07593
2020-04-05 15:00:00,45.552765
2020-04-05 16:00:00,29.958923
2020-04-05 17:00:00,21.524307
2020-04-05 18:00:00,15.251168
2020-04-05 19:00:00,15.2422085
2020-04-05 20:00:00,13.672887
2020-04-05 21:00:00,13.8037195
2020-04-05 22:00:00,15.321298
2020-04-05 23:00:00,15.216293
2020-04-06 00:00:00,26.735065
2020-04-06 01:00:00,25.784384
2020-04-06 02:00:00,26.043291
2020-04-06 03:00:00,74.60361
2020-04-06 04:00:00,224.63461
2020-04-06 05:00:00,498.48267
2020-04-06 06:00:00,743.1211
2020-04-06 07:00:00,979.6384
2020-04-06 08:00:00,1171.3535
2020-04-06 09:00:00,1214.0759
2020-04-06 10:00:00,1204.0737
2020-04-06 11:00:00,1162.2432
2020-04-06 12:00:00,1138.1887
2020-04-06 13:00:00,90.46658
2020-04-06 14:00:00,31.128967
2020-04-06 15:00:00,20.647095
2020-04-06 16:00:00,28.756577
2020-04-06 17:00:00,35.27301
2020-04-06 18:00:00,37.30899
2020-04-06 19:00:00,35.433968
2020-04-06 20:00:00,37.945354
2020-04-06 21:00:00,41.060173
2020-04-06 22:00:00,44.060654
2020-04-06 23:00:00,66.42844
2020-04-07 00:00:00,76.69466
2020-04-07 01:00:00,90.63324
2020-04-07 02:00:00,138.53723
2020-04-07 03:00:00,206.65732
2020-04-07 04:00:00,353.5808
2020-04-07 05:00:00,441.77148
2020-04-07 06:00:00,712.5205
2020-04-07 07:00:00,1066.4595
2020-04-07 08:00:00,1365.0676
2020-04-07 09:00:00,1494.6775
2020-04-07 10:00:00,929.7053
2020-04-07 11:00:00,810.6294
2020-04-07 12:00:00,648.9104
2020-04-07 13:00:00,617.4242
2020-04-07 14:00:00,660.00385
2020-04-07 15:00:00,655.2262
2020-04-07 16:00:00,607.5665
2020-04-07 17:00:00,542.1351
2020-04-07 18:00:00,507.2812
2020-04-07 19:00:00,482.61053
2020-04-07 20:00:00,454.56186
2020-04-07 21:00:00,444.4504
2020-04-07 22:00:00,395.29462
2020-04-07 23:00:00,376.0064
2020-04-08 00:00:00,331.24677
2020-04-08 01:00:00,305.02866
2020-04-08 02:00:00,312.3523
2020-04-08 03:00:00,298.13983
2020-04-08 04:00:00,287.99243
2020-04-08 05:00:00,289.4912
2020-04-08 06:00:00,381.72284
2020-04-08 07:00:00,372.28528
2020-04-08 08:00:00,373.41498
2020-04-08 09:00:00,442.10834
2020-04-08 10:00:00,431.9854
2020-04-08 11:00:00,443.70233
2020-04-08 12:00:00,393.5132
2020-04-08 13:00:00,264.30676
2020-04-08 14:00:00,169.86877
2020-04-08 15:00:00,193.0577
2020-04-08 16:00:00,178.76828
2020-04-08 17:00:00,125.41052
2020-04-08 18:00:00,147.34998
2020-04-08 19:00:00,201.82811
2020-04-08 20:00:00,208.29967
2020-04-08 21:00:00,181.38281
2020-04-08 22:00:00,251.29013
2020-04-08 23:00:00,290.9583
2020-04-09 00:00:00,246.11537
2020-04-09 01:00:00,238.61313
2020-04-09 02:00:00,303.69855
2020-04-09 03:00:00,253.53906
2020-04-09 04:00:00,398.54956
2020-04-09 05:00:00,546.7815
2020-04-09 06:00:00,817.187
2020-04-09 07:00:00,1165.7485
2020-04-09 08:00:00,1427.5369
2020-04-09 09:00:00,1571.5657
2020-04-09 10:00:00,1435.8093
2020-04-09 11:00:00,1392.0933
2020-04-09 12:00:00,1250.3691
2020-04-09 13:00:00,639.1648
2020-04-09 14:00:00,149.88481
2020-04-09 15:00:00,105.04396
2020-04-09 16:00:00,78.282
2020-04-09 17:00:00,55.916412
2020-04-09 18:00:00,46.553368
2020-04-09 19:00:00,38.145912
2020-04-09 20:00:00,31.846481
2020-04-09 21:00:00,30.06384
2020-04-09 22:00:00,29.064545
2020-04-09 23:00:00,31.58633
2020-04-10 00:00:00,25.386082
2020-04-10 01:00:00,13.671407
2020-04-10 02:00:00,13.408678
2020-04-10 03:00:00,56.656063
2020-04-10 04:00:00,94.27205
2020-04-10 05:00:00,176.76654
2020-04-10 06:00:00,294.38373
2020-04-10 07:00:00,395.85394
2020-04-10 08:00:00,472.63745
2020-04-10 09:00:00,529.47534
2020-04-10 10:00:00,669.29126
2020-04-10 11:00:00,605.2263
2020-04-10 12:00:00,422.0395
2020-04-10 13:00:00,168.71498
2020-04-10 14:00:00,64.21216
2020-04-10 15:00:00,56.57013
2020-04-10 16:00:00,37.07497
2020-04-10 17:00:00,16.510925
2020-04-10 18:00:00,11.59291
2020-04-10 19:00:00,13.663524
2020-04-10 20:00:00,18.330357
2020-04-10 21:00:00,20.144543
2020-04-10 22:00:00,19.953423
2020-04-10 23:00:00,13.2778635
2020-04-11 00:00:00,21.792435
2020-04-11 01:00:00,31.463547
2020-04-11 02:00:00,47.866577
2020-04-11 03:00:00,69.47781
2020-04-11 04:00:00,141.40796
2020-04-11 05:00:00,172.88101
2020-04-11 06:00:00,210.76094
2020-04-11 07:00:00,213.86324
2020-04-11 08:00:00,235.05191
2020-04-11 09:00:00,433.82678
2020-04-11 10:00:00,444.86703
2020-04-11 11:00:00,335.28638
2020-04-11 12:00:00,353.02563
2020-04-11 13:00:00,229.02042
2020-04-11 14:00:00,209.84431
2020-04-11 15:00:00,214.68341
2020-04-11 16:00:00,215.52809
2020-04-11 17:00:00,183.23264
2020-04-11 18:00:00,161.23584
2020-04-11 19:00:00,148.35042
2020-04-11 20:00:00,123.87253
2020-04-11 21:00:00,122.92778
2020-04-11 22:00:00,130.83026
2020-04-11 23:00:00,93.32216
2020-04-12 00:00:00,62.207382
2020-04-12 01:00:00,148.56334
2020-04-12 02:00:00,104.65918
2020-04-12 03:00:00,88.63161
2020-04-12 04:00:00,141.03232
2020-04-12 05:00:00,187.49971
2020-04-12 06:00:00,306.57007
2020-04-12 07:00:00,508.82178
2020-04-12 08:00:00,378.77417
2020-04-12 09:00:00,224.38664
2020-04-12 10:00:00,305.8977
2020-04-12 11:00:00,186.23108
2020-04-12 12:00:00,240.68967
2020-04-12 13:00:00,85.81171
2020-04-12 14:00:00,75.49419
2020-04-12 15:00:00,83.04372
2020-04-12 16:00:00,64.841675
2020-04-12 17:00:00,36.41832
2020-04-12 18:00:00,39.14302
2020-04-12 19:00:00,66.824936
2020-04-12 20:00:00,107.84287
2020-04-12 21:00:00,138.91432
2020-04-12 22:00:00,118.31654
2020-04-12 23:00:00,100.74588
2020-04-13 00:00:00,90.3896
2020-04-13 01:00:00,65.020874
2020-04-13 02:00:00,57.442657
2020-04-13 03:00:00,100.0323
2020-04-13 04:00:00,329.71417
2020-04-13 05:00:00,395.9165
2020-04-13 06:00:00,403.0464
2020-04-13 07:00:00,401.6272
2020-04-13 08:00:00,552.26245
2020-04-13 09:00:00,506.5205
2020-04-13 10:00:00,319.93628
2020-04-13 11:00:00,354.43634
2020-04-13 12:00:00,271.11096
2020-04-13 13:00:00,164.39651
2020-04-13 14:00:00,126.79202
2020-04-13 15:00:00,53.674286
2020-04-13 16:00:00,57.324097
2020-04-13 17:00:00,37.178757
2020-04-13 18:00:00,27.089005
2020-04-13 19:00:00,19.572044
2020-04-13 20:00:00,21.810776
2020-04-13 21:00:00,18.808334
2020-04-13 22:00:00,24.259445
2020-04-13 23:00:00,14.556794
2020-04-14 00:00:00,14.5213175
2020-04-14 01:00:00,15.182566
2020-04-14 02:00:00,31.972866
2020-04-14 03:00:00,64.537094
2020-04-14 04:00:00,236.21954
2020-04-14 05:00:00,531.7698
2020-04-14 06:00:00,694.89404
2020-04-14 07:00:00,857.31323
2020-04-14 08:00:00,983.47095
2020-04-14 09:00:00,1047.2808
2020-04-14 10:00:00,996.32983
2020-04-14 11:00:00,858.541
2020-04-14 12:00:00,756.3838
2020-04-14 13:00:00,698.3152
2020-04-14 14:00:00,587.8741
2020-04-14 15:00:00,449.12933
2020-04-14 16:00:00,346.9719
2020-04-14 17:00:00,300.12372
2020-04-14 18:00:00,333.61548
2020-04-14 19:00:00,367.84662
2020-04-14 20:00:00,362.01675
2020-04-14 21:00:00,344.3744
2020-04-14 22:00:00,296.1877
2020-04-14 23:00:00,280.14102
2020-04-15 00:00:00,260.24994
2020-04-15 01:00:00,232.004
2020-04-15 02:00:00,226.75627
2020-04-15 03:00:00,267.83002
2020-04-15 04:00:00,359.85938
2020-04-15 05:00:00,487.29077
2020-04-15 06:00:00,640.02783
2020-04-15 07:00:00,705.126
2020-04-15 08:00:00,816.3408
2020-04-15 09:00:00,1012.9072
2020-04-15 10:00:00,1087.7615
2020-04-15 11:00:00,1068.2493
2020-04-15 12:00:00,642.08765
2020-04-15 13:00:00,296.7251
2020-04-15 14:00:00,184.67653
2020-04-15 15:00:00,192.7655
2020-04-15 16:00:00,217.78386
2020-04-15 17:00:00,215.45229
2020-04-15 18:00:00,167.63275
2020-04-15 19:00:00,107.1031
2020-04-15 20:00:00,62.015488
2020-04-15 21:00:00,31.67926
2020-04-15 22:00:00,24.418404
2020-04-15 23:00:00,18.948692
2020-04-16 00:00:00,18.145935
2020-04-16 01:00:00,21.27089
2020-04-16 02:00:00,29.203125
2020-04-16 03:00:00,140.62659
2020-04-16 04:00:00,373.8694
2020-04-16 05:00:00,599.2722
2020-04-16 06:00:00,808.5508
2020-04-16 07:00:00,952.6057
2020-04-16 08:00:00,1082.2109
2020-04-16 09:00:00,1162.7302
2020-04-16 10:00:00,1212.8982
2020-04-16 11:00:00,1065.6589
2020-04-16 12:00:00,901.478
2020-04-16 13:00:00,244.57892
2020-04-16 14:00:00,92.014755
2020-04-16 15:00:00,54.321854
2020-04-16 16:00:00,45.440155
2020-04-16 17:00:00,32.507187
2020-04-16 18:00:00,21.08388
2020-04-16 19:00:00,17.945148
2020-04-16 20:00:00,17.856379
2020-04-16 21:00:00,17.684338
2020-04-16 22:00:00,18.66629
2020-04-16 23:00:00,20.19156
2020-04-17 00:00:00,20.000162
2020-04-17 01:00:00,17.624613
2020-04-17 02:00:00,18.606403
2020-04-17 03:00:00,47.913666
2020-04-17 04:00:00,192.0546
2020-04-17 05:00:00,504.34326
2020-04-17 06:00:00,793.7688
2020-04-17 07:00:00,1007.95996
2020-04-17 08:00:00,1125.0977
2020-04-17 09:00:00,1240.0735
2020-04-17 10:00:00,1516.2952
2020-04-17 11:00:00,1150.7297
2020-04-17 12:00:00,916.7727
2020-04-17 13:00:00,257.37122
2020-04-17 14:00:00,82.91057
2020-04-17 15:00:00,54.189423
2020-04-17 16:00:00,44.298737
2020-04-17 17:00:00,36.35251
2020-04-17 18:00:00,31.122208
2020-04-17 19:00:00,27.693935
2020-04-17 20:00:00,25.188961
2020-04-17 21:00:00,21.628235
2020-04-17 22:00:00,17.86588
2020-04-17 23:00:00,19.934383
2020-04-18 00:00:00,25.37732
2020-04-18 01:00:00,26.256393
2020-04-18 02:00:00,28.05885
2020-04-18 03:00:00,54.506058
2020-04-18 04:00:00,145.69028
2020-04-18 05:00:00,416.13428
2020-04-18 06:00:00,849.676
2020-04-18 07:00:00,1145.8181
2020-04-18 08:00:00,1325.9099
2020-04-18 09:00:00,1458.6226
2020-04-18 10:00:00,1601.9263
2020-04-18 11:00:00,1422.658
2020-04-18 12:00:00,1041.3162
2020-04-18 13:00:00,230.33539
2020-04-18 14:00:00,103.216385
2020-04-18 15:00:00,74.65527
2020-04-18 16:00:00,61.52835
2020-04-18 17:00:00,43.762253
2020-04-18 18:00:00,32.169678
2020-04-18 19:00:00,27.454361
2020-04-18 20:00:00,23.527351
2020-04-18 21:00:00,19.448502
2020-04-18 22:00:00,16.920826
2020-04-18 23:00:00,15.072518
2020-04-19 00:00:00,15.731891
2020-04-19 01:00:00,15.673524
2020-04-19 02:00:00,17.26788
2020-04-19 03:00:00,56.735733
2020-04-19 04:00:00,187.6643
2020-04-19 05:00:00,389.65747
2020-04-19 06:00:00,624.0725
2020-04-19 07:00:00,852.66284
2020-04-19 08:00:00,1028.6875
2020-04-19 09:00:00,1172.6206
2020-04-19 10:00:00,1504.9404
2020-04-19 11:00:00,1523.6892
2020-04-19 12:00:00,1227.6567
2020-04-19 13:00:00,131.81802
2020-04-19 14:00:00,52.526688
2020-04-19 15:00:00,34.48384
2020-04-19 16:00:00,22.165771
2020-04-19 17:00:00,13.989745
2020-04-19 18:00:00,16.294619
2020-04-19 19:00:00,22.145872
2020-04-19 20:00:00,25.449154
2020-04-19 21:00:00,27.667736
2020-04-19 22:00:00,27.94807
2020-04-19 23:00:00,24.885925
2020-04-20 00:00:00,25.122566
2020-04-20 01:00:00,28.48555
2020-04-20 02:00:00,39.60019
2020-04-20 03:00:00,95.12085
2020-04-20 04:00:00,255.32729
2020-04-20 05:00:00,400.14185
2020-04-20 06:00:00,571.3904
2020-04-20 07:00:00,813.9585
2020-04-20 08:00:00,1094.8054
2020-04-20 09:00:00,1326.8015
2020-04-20 10:00:00,2171.4536
2020-04-20 11:00:00,909.49146
2020-04-20 12:00:00,297.7619
2020-04-20 13:00:00,52.087524
2020-04-20 14:00:00,22.133347
2020-04-20 15:00:00,28.088589
2020-04-20 16:00:00,34.505936
2020-04-20 17:00:00,32.001892
2020-04-20 18:00:00,28.650177
2020-04-20 19:00:00,26.636524
2020-04-20 20:00:00,24.155693
2020-04-20 21:00:00,22.179457
2020-04-20 22:00:00,18.149183
2020-04-20 23:00:00,16.743418
2020-04-21 00:00:00,15.977313
2020-04-21 01:00:00,16.049068
2020-04-21 02:00:00,20.770294
2020-04-21 03:00:00,52.70659
2020-04-21 04:00:00,155.928
2020-04-21 05:00:00,395.86304
2020-04-21 06:00:00,741.88965
2020-04-21 07:00:00,1138.6768
2020-04-21 08:00:00,1463.935
2020-04-21 09:00:00,1660.4128
2020-04-21 10:00:00,2454.0962
2020-04-21 11:00:00,1742.158
2020-04-21 12:00:00,199.4325
2020-04-21 13:00:00,53.355423
2020-04-21 14:00:00,31.966324
2020-04-21 15:00:00,31.52031
2020-04-21 16:00:00,30.224152
2020-04-21 17:00:00,27.358313
2020-04-21 18:00:00,23.112476
2020-04-21 19:00:00,21.321129
2020-04-21 20:00:00,20.765522
2020-04-21 21:00:00,18.887083
2020-04-21 22:00:00,18.176407
2020-04-21 23:00:00,19.9351
2020-04-22 00:00:00,19.815895
2020-04-22 01:00:00,18.350723
2020-04-22 02:00:00,27.871933
2020-04-22 03:00:00,74.37587
2020-04-22 04:00:00,188.7525
2020-04-22 05:00:00,356.7666
2020-04-22 06:00:00,631.98145
2020-04-22 07:00:00,971.04785
2020-04-22 08:00:00,1243.065
2020-04-22 09:00:00,1462.352
2020-04-22 10:00:00,2020.5537
2020-04-22 11:00:00,1729.2449
2020-04-22 12:00:00,1134.4624
2020-04-22 13:00:00,51.976913
2020-04-22 14:00:00,29.46634
2020-04-22 15:00:00,36.4682
2020-04-22 16:00:00,37.165543
2020-04-22 17:00:00,32.661804
2020-04-22 18:00:00,31.279991
2020-04-22 19:00:00,31.308891
2020-04-22 20:00:00,29.216347
2020-04-22 21:00:00,24.133213
2020-04-22 22:00:00,19.348598
2020-04-22 23:00:00,20.165155
2020-04-23 00:00:00,21.82561
2020-04-23 01:00:00,22.747828
2020-04-23 02:00:00,30.365051
2020-04-23 03:00:00,52.13057
2020-04-23 04:00:00,123.68965
2020-04-23 05:00:00,325.27808
2020-04-23 06:00:00,653.4658
2020-04-23 07:00:00,1015.7927
2020-04-23 08:00:00,1279.1636
2020-04-23 09:00:00,1373.8552
2020-04-23 10:00:00,1245.8804
2020-04-23 11:00:00,1000.3696
2020-04-23 12:00:00,640.9802
2020-04-23 13:00:00,190.05632
2020-04-23 14:00:00,77.370056
2020-04-23 15:00:00,51.212967
2020-04-23 16:00:00,38.195892
2020-04-23 17:00:00,27.903961
2020-04-23 18:00:00,25.398584
2020-04-23 19:00:00,24.959103
2020-04-23 20:00:00,22.568306
2020-04-23 21:00:00,19.390102
2020-04-23 22:00:00,13.843481
2020-04-23 23:00:00,15.091724
2020-04-24 00:00:00,18.978184
2020-04-24 01:00:00,22.326088
2020-04-24 02:00:00,28.394753
2020-04-24 03:00:00,59.31514
2020-04-24 04:00:00,147.71143
2020-04-24 05:00:00,338.95898
2020-04-24 06:00:00,516.5676
2020-04-24 07:00:00,768.4851
2020-04-24 08:00:00,1086.1323
2020-04-24 09:00:00,1377.2568
2020-04-24 10:00:00,1853.7095
2020-04-24 11:00:00,2118.9465
2020-04-24 12:00:00,150.27908
2020-04-24 13:00:00,15.824525
2020-04-24 14:00:00,23.802063
2020-04-24 15:00:00,32.62047
2020-04-24 16:00:00,24.115128
2020-04-24 17:00:00,35.829575
2020-04-24 18:00:00,93.40277
2020-04-24 19:00:00,174.43147
2020-04-24 20:00:00,155.0244
2020-04-24 21:00:00,108.64082
2020-04-24 22:00:00,113.66562
2020-04-24 23:00:00,165.65222
2020-04-25 00:00:00,185.83203
2020-04-25 01:00:00,152.79169
2020-04-25 02:00:00,141.42226
2020-04-25 03:00:00,220.84962
2020-04-25 04:00:00,372.94763
2020-04-25 05:00:00,535.2363
2020-04-25 06:00:00,663.44995
2020-04-25 07:00:00,764.09985
2020-04-25 08:00:00,854.66626
2020-04-25 09:00:00,1031.812
2020-04-25 10:00:00,805.7888
2020-04-25 11:00:00,915.7283
2020-04-25 12:00:00,849.949
2020-04-25 13:00:00,519.34546
2020-04-25 14:00:00,121.962585
2020-04-25 15:00:00,80.38341
2020-04-25 16:00:00,38.717773
2020-04-25 17:00:00,20.529495
2020-04-25 18:00:00,25.653503
2020-04-25 19:00:00,20.03257
2020-04-25 20:00:00,15.269687
2020-04-25 21:00:00,14.537464
2020-04-25 22:00:00,16.727402
2020-04-25 23:00:00,20.949413
2020-04-26 00:00:00,25.563477
2020-04-26 01:00:00,24.742256
2020-04-26 02:00:00,30.801086
2020-04-26 03:00:00,75.83411
2020-04-26 04:00:00,317.58057
2020-04-26 05:00:00,625.9258
2020-04-26 06:00:00,849.77954
2020-04-26 07:00:00,976.906
2020-04-26 08:00:00,1071.7424
2020-04-26 09:00:00,1110.2622
2020-04-26 10:00:00,973.55176
2020-04-26 11:00:00,866.553
2020-04-26 12:00:00,611.4822
2020-04-26 13:00:00,231.05316
2020-04-26 14:00:00,73.41147
2020-04-26 15:00:00,44.273697
2020-04-26 16:00:00,34.015472
2020-04-26 17:00:00,29.421143
2020-04-26 18:00:00,28.652348
2020-04-26 19:00:00,28.284904
2020-04-26 20:00:00,27.68974
2020-04-26 21:00:00,29.999481
2020-04-26 22:00:00,26.892365
2020-04-26 23:00:00,34.961243
2020-04-27 00:00:00,39.988495
2020-04-27 01:00:00,40.908386
2020-04-27 02:00:00,42.575897
2020-04-27 03:00:00,65.30881
2020-04-27 04:00:00,125.470764
2020-04-27 05:00:00,309.43506
2020-04-27 06:00:00,604.64185
2020-04-27 07:00:00,847.1499
2020-04-27 08:00:00,1123.5916
2020-04-27 09:00:00,1392.7092
2020-04-27 10:00:00,1601.3916
2020-04-27 11:00:00,1448.2029
2020-04-27 12:00:00,114.516495
2020-04-27 13:00:00,44.94268
2020-04-27 14:00:00,38.761734
2020-04-27 15:00:00,30.742828
2020-04-27 16:00:00,24.12799
2020-04-27 17:00:00,21.803452
2020-04-27 18:00:00,18.090958
2020-04-27 19:00:00,20.08372
2020-04-27 20:00:00,28.427135
2020-04-27 21:00:00,29.29186
2020-04-27 22:00:00,123.37224
2020-04-27 23:00:00,251.73051
2020-04-28 00:00:00,49.595108
2020-04-28 01:00:00,72.37225
2020-04-28 02:00:00,93.27937
2020-04-28 03:00:00,104.2865
2020-04-28 04:00:00,166.37726
2020-04-28 05:00:00,519.77563
2020-04-28 06:00:00,879.22
2020-04-28 07:00:00,780.0713
2020-04-28 08:00:00,817.9612
2020-04-28 09:00:00,867.85864
2020-04-28 10:00:00,360.86475
2020-04-28 11:00:00,268.5368
2020-04-28 12:00:00,388.28674
2020-04-28 13:00:00,342.14038
2020-04-28 14:00:00,158.10593
2020-04-28 15:00:00,37.58908
2020-04-28 16:00:00,47.119247
2020-04-28 17:00:00,20.989807
2020-04-28 18:00:00,17.527695
2020-04-28 19:00:00,16.90279
2020-04-28 20:00:00,15.604798
2020-04-28 21:00:00,16.581078
2020-04-28 22:00:00,27.573734
2020-04-28 23:00:00,25.367641
2020-04-29 00:00:00,27.07077
2020-04-29 01:00:00,34.710068
2020-04-29 02:00:00,62.00421
2020-04-29 03:00:00,160.57716
2020-04-29 04:00:00,398.0616
2020-04-29 05:00:00,611.0945
2020-04-29 06:00:00,808.6687
2020-04-29 07:00:00,924.57544
2020-04-29 08:00:00,971.47754
2020-04-29 09:00:00,1055.1091
2020-04-29 10:00:00,520.13696
2020-04-29 11:00:00,527.92944
2020-04-29 12:00:00,536.85254
2020-04-29 13:00:00,204.39137
2020-04-29 14:00:00,188.25655
2020-04-29 15:00:00,188.80728
2020-04-29 16:00:00,120.37416
2020-04-29 17:00:00,189.60597
2020-04-29 18:00:00,159.81001
2020-04-29 19:00:00,109.52875
2020-04-29 20:00:00,106.0168
2020-04-29 21:00:00,107.271225
2020-04-29 22:00:00,157.69072
2020-04-29 23:00:00,76.85707
2020-04-30 00:00:00,97.35899
2020-04-30 01:00:00,64.27077
2020-04-30 02:00:00,76.63052
2020-04-30 03:00:00,165.02687
2020-04-30 04:00:00,377.98608
2020-04-30 05:00:00,721.79004
2020-04-30 06:00:00,1119.3276
2020-04-30 07:00:00,1563.4651
2020-04-30 08:00:00,1694.5007
2020-04-30 09:00:00,1761.9451
2020-04-30 10:00:00,1760.2649
2020-04-30 11:00:00,1595.5537
2020-04-30 12:00:00,1417.2842
2020-04-30 13:00:00,410.36548
2020-04-30 14:00:00,161.2605
2020-04-30 15:00:00,102.53691
2020-04-30 16:00:00,76.45624
2020-04-30 17:00:00,52.93344
2020-04-30 18:00:00,33.11035
2020-04-30 19:00:00,28.128502
2020-04-30 20:00:00,26.930676
2020-04-30 21:00:00,24.787985
2020-04-30 22:00:00,23.012962
2020-04-30 23:00:00,25.229847
2020-05-01 00:00:00,23.130707
2020-05-01 01:00:00,22.870209
2020-05-01 02:00:00,35.104507
2020-05-01 03:00:00,70.554504
2020-05-01 04:00:00,187.9703
2020-05-01 05:00:00,493.1787
2020-05-01 06:00:00,773.0659
2020-05-01 07:00:00,972.0896
2020-05-01 08:00:00,1067.1594
2020-05-01 09:00:00,1138.8105
2020-05-01 10:00:00,1162.3242
2020-05-01 11:00:00,1105.9636
2020-05-01 12:00:00,345.79175
2020-05-01 13:00:00,147.10666
2020-05-01 14:00:00,273.00168
2020-05-01 15:00:00,404.3687
2020-05-01 16:00:00,401.10144
2020-05-01 17:00:00,378.35156
2020-05-01 18:00:00,309.6821
2020-05-01 19:00:00,166.89944
2020-05-01 20:00:00,58.238068
2020-05-01 21:00:00,33.765274
2020-05-01 22:00:00,23.48558
2020-05-01 23:00:00,28.25299
2020-05-02 00:00:00,21.767166
2020-05-02 01:00:00,25.576385
2020-05-02 02:00:00,44.576553
2020-05-02 03:00:00,145.52945
2020-05-02 04:00:00,472.86304
2020-05-02 05:00:00,903.1616
2020-05-02 06:00:00,1106.2598
2020-05-02 07:00:00,1287.2668
2020-05-02 08:00:00,1228.0874
2020-05-02 09:00:00,791.09863
2020-05-02 10:00:00,457.40942
2020-05-02 11:00:00,314.04468
2020-05-02 12:00:00,334.6499
2020-05-02 13:00:00,257.55133
2020-05-02 14:00:00,200.65985
2020-05-02 15:00:00,196.84212
2020-05-02 16:00:00,40.136597
2020-05-02 17:00:00,36.357895
2020-05-02 18:00:00,31.218002
2020-05-02 19:00:00,17.04866
2020-05-02 20:00:00,54.65424
2020-05-02 21:00:00,47.085533
2020-05-02 22:00:00,43.12507
2020-05-02 23:00:00,54.647987
2020-05-03 00:00:00,36.480106
2020-05-03 01:00:00,59.98253
2020-05-03 02:00:00,140.8767
2020-05-03 03:00:00,290.3126
2020-05-03 04:00:00,415.3855
2020-05-03 05:00:00,598.4341
2020-05-03 06:00:00,675.9624
2020-05-03 07:00:00,887.95264
2020-05-03 08:00:00,1122.6685
2020-05-03 09:00:00,1221.4785
2020-05-03 10:00:00,1534.0193
2020-05-03 11:00:00,1350.261
2020-05-03 12:00:00,1276.5952
2020-05-03 13:00:00,250.12993
2020-05-03 14:00:00,103.13724
2020-05-03 15:00:00,69.16841
2020-05-03 16:00:00,44.174057
2020-05-03 17:00:00,33.06253
2020-05-03 18:00:00,30.562347
2020-05-03 19:00:00,28.761688
2020-05-03 20:00:00,25.885515
2020-05-03 21:00:00,29.594158
2020-05-03 22:00:00,40.813995
2020-05-03 23:00:00,40.921158
2020-05-04 00:00:00,34.9541
2020-05-04 01:00:00,35.54254
2020-05-04 02:00:00,44.7359
2020-05-04 03:00:00,74.73958
2020-05-04 04:00:00,169.61342
2020-05-04 05:00:00,431.6548
2020-05-04 06:00:00,678.3933
2020-05-04 07:00:00,875.8572
2020-05-04 08:00:00,1037.24
2020-05-04 09:00:00,1081.7856
2020-05-04 10:00:00,1026.615
2020-05-04 11:00:00,943.3508
2020-05-04 12:00:00,738.46216
2020-05-04 13:00:00,168.32065
2020-05-04 14:00:00,54.660187
2020-05-04 15:00:00,30.617786
2020-05-04 16:00:00,76.90921
2020-05-04 17:00:00,255.45702
2020-05-04 18:00:00,217.58133
2020-05-04 19:00:00,61.549667
2020-05-04 20:00:00,47.661423
2020-05-04 21:00:00,50.367004
2020-05-04 22:00:00,49.259033
2020-05-04 23:00:00,66.34744
2020-05-05 00:00:00,66.90906
2020-05-05 01:00:00,155.63545
2020-05-05 02:00:00,378.55414
2020-05-05 03:00:00,570.08496
2020-05-05 04:00:00,548.44336
2020-05-05 05:00:00,437.94043
2020-05-05 06:00:00,458.3645
2020-05-05 07:00:00,1146.595
2020-05-05 08:00:00,1385.5417
2020-05-05 09:00:00,1435.9607
2020-05-05 10:00:00,692.53784
2020-05-05 11:00:00,440.93433
2020-05-05 12:00:00,439.0857
2020-05-05 13:00:00,409.2351
2020-05-05 14:00:00,240.20682
2020-05-05 15:00:00,155.00713
2020-05-05 16:00:00,95.42786
2020-05-05 17:00:00,63.122665
2020-05-05 18:00:00,45.95726
2020-05-05 19:00:00,37.294144
2020-05-05 20:00:00,35.358826
2020-05-05 21:00:00,38.45337
2020-05-05 22:00:00,35.411118
2020-05-05 23:00:00,43.461533
2020-05-06 00:00:00,42.233444
2020-05-06 01:00:00,23.801407
2020-05-06 02:00:00,58.58699
2020-05-06 03:00:00,122.22461
2020-05-06 04:00:00,330.4109
2020-05-06 05:00:00,484.70337
2020-05-06 06:00:00,691.8545
2020-05-06 07:00:00,1037.935
2020-05-06 08:00:00,1355.825
2020-05-06 09:00:00,1586.9724
2020-05-06 10:00:00,1369.7153
2020-05-06 11:00:00,1176.0332
2020-05-06 12:00:00,581.386
2020-05-06 13:00:00,346.98608
2020-05-06 14:00:00,37.35544
2020-05-06 15:00:00,22.83104
2020-05-06 16:00:00,40.151733
2020-05-06 17:00:00,36.0858
2020-05-06 18:00:00,36.928604
2020-05-06 19:00:00,34.957077
2020-05-06 20:00:00,34.86388
2020-05-06 21:00:00,34.623306
2020-05-06 22:00:00,33.537064
2020-05-06 23:00:00,41.30664
2020-05-07 00:00:00,46.491135
2020-05-07 01:00:00,52.051178
2020-05-07 02:00:00,72.1299
2020-05-07 03:00:00,169.19763
2020-05-07 04:00:00,337.81934
2020-05-07 05:00:00,1015.3552
2020-05-07 06:00:00,1534.6672
2020-05-07 07:00:00,2262.0635
2020-05-07 08:00:00,2300.7869
2020-05-07 09:00:00,2269.7002
2020-05-07 10:00:00,2204.3923
2020-05-07 11:00:00,1943.3691
2020-05-07 12:00:00,469.23145
2020-05-07 13:00:00,165.1922
2020-05-07 14:00:00,109.55394
2020-05-07 15:00:00,76.66231
2020-05-07 16:00:00,56.771957
2020-05-07 17:00:00,43.889236
2020-05-07 18:00:00,37.24088
2020-05-07 19:00:00,33.57485
2020-05-07 20:00:00,30.201378
2020-05-07 21:00:00,23.549902
2020-05-07 22:00:00,19.031185
2020-05-07 23:00:00,21.977695
2020-05-08 00:00:00,19.261889
2020-05-08 01:00:00,16.445343
2020-05-08 02:00:00,25.291004
2020-05-08 03:00:00,61.403793
2020-05-08 04:00:00,175.96658
2020-05-08 05:00:00,544.59546
2020-05-08 06:00:00,790.4768
2020-05-08 07:00:00,1345.3162
2020-05-08 08:00:00,1671.6748
2020-05-08 09:00:00,1481.9011
2020-05-08 10:00:00,1477.988
2020-05-08 11:00:00,282.66257
2020-05-08 12:00:00,202.81279
2020-05-08 13:00:00,380.28638
2020-05-08 14:00:00,244.18942
2020-05-08 15:00:00,261.43335
2020-05-08 16:00:00,327.84674
2020-05-08 17:00:00,304.8463
2020-05-08 18:00:00,247.98094
2020-05-08 19:00:00,142.28967
2020-05-08 20:00:00,51.43701
2020-05-08 21:00:00,45.526703
2020-05-08 22:00:00,52.369324
2020-05-08 23:00:00,71.4317
2020-05-09 00:00:00,54.11905
2020-05-09 01:00:00,31.993973
2020-05-09 02:00:00,64.14862
2020-05-09 03:00:00,232.03535
2020-05-09 04:00:00,364.74512
2020-05-09 05:00:00,551.5513
2020-05-09 06:00:00,361.28857
2020-05-09 07:00:00,376.07422
2020-05-09 08:00:00,513.0847
2020-05-09 09:00:00,715.94824
2020-05-09 10:00:00,812.78394
2020-05-09 11:00:00,850.39136
2020-05-09 12:00:00,662.6526
2020-05-09 13:00:00,160.08612
2020-05-09 14:00:00,130.38232
2020-05-09 15:00:00,113.25238
2020-05-09 16:00:00,48.790756
2020-05-09 17:00:00,84.52243
2020-05-09 18:00:00,108.64644
2020-05-09 19:00:00,98.57013
2020-05-09 20:00:00,86.463104
2020-05-09 21:00:00,83.75452
2020-05-09 22:00:00,79.156876
2020-05-09 23:00:00,100.26016
2020-05-10 00:00:00,98.3589
2020-05-10 01:00:00,97.16925
2020-05-10 02:00:00,128.58485
2020-05-10 03:00:00,240.63115
2020-05-10 04:00:00,721.3596
2020-05-10 05:00:00,1284.6184
2020-05-10 06:00:00,1461.644
2020-05-10 07:00:00,1599.6738
2020-05-10 08:00:00,1723.2544
2020-05-10 09:00:00,1681.206
2020-05-10 10:00:00,1521.6257
2020-05-10 11:00:00,1294.9187
2020-05-10 12:00:00,1015.86597
2020-05-10 13:00:00,285.45215
2020-05-10 14:00:00,137.95842
2020-05-10 15:00:00,106.071884
2020-05-10 16:00:00,97.82469
2020-05-10 17:00:00,86.05055
2020-05-10 18:00:00,57.012894
2020-05-10 19:00:00,38.55809
2020-05-10 20:00:00,29.383358
2020-05-10 21:00:00,24.750599
2020-05-10 22:00:00,20.07319
2020-05-10 23:00:00,17.3589
2020-05-11 00:00:00,15.494435
2020-05-11 01:00:00,15.257718
2020-05-11 02:00:00,19.775604
2020-05-11 03:00:00,62.66748
2020-05-11 04:00:00,212.96812
2020-05-11 05:00:00,411.4231
2020-05-11 06:00:00,671.74243
2020-05-11 07:00:00,868.8425
2020-05-11 08:00:00,980.0188
2020-05-11 09:00:00,1026.9307
2020-05-11 10:00:00,1007.28784
2020-05-11 11:00:00,895.8689
2020-05-11 12:00:00,678.0867
2020-05-11 13:00:00,46.66974
2020-05-11 14:00:00,20.34552
2020-05-11 15:00:00,13.523377
2020-05-11 16:00:00,17.26362
2020-05-11 17:00:00,20.275402
2020-05-11 18:00:00,20.239765
2020-05-11 19:00:00,19.651398
2020-05-11 20:00:00,20.141783
2020-05-11 21:00:00,22.056376
2020-05-11 22:00:00,20.770693
2020-05-11 23:00:00,23.385302
2020-05-12 00:00:00,25.40883
2020-05-12 01:00:00,27.354544
2020-05-12 02:00:00,33.485474
2020-05-12 03:00:00,62.626648
2020-05-12 04:00:00,164.63155
2020-05-12 05:00:00,500.9143
2020-05-12 06:00:00,924.4429
2020-05-12 07:00:00,1269.6494
2020-05-12 08:00:00,1443.083
2020-05-12 09:00:00,1593.8599
2020-05-12 10:00:00,740.9971
2020-05-12 11:00:00,428.37207
2020-05-12 12:00:00,410.03662
2020-05-12 13:00:00,333.01385
2020-05-12 14:00:00,143.1045
2020-05-12 15:00:00,247.4753
2020-05-12 16:00:00,297.74188
2020-05-12 17:00:00,222.24216
2020-05-12 18:00:00,95.7025
2020-05-12 19:00:00,39.104492
2020-05-12 20:00:00,32.450012
2020-05-12 21:00:00,42.22609
2020-05-12 22:00:00,38.73578
2020-05-12 23:00:00,46.113167
2020-05-13 00:00:00,34.52536
2020-05-13 01:00:00,26.542572
2020-05-13 02:00:00,66.43796
2020-05-13 03:00:00,312.73224
2020-05-13 04:00:00,529.3755
2020-05-13 05:00:00,669.2837
2020-05-13 06:00:00,862.4812
2020-05-13 07:00:00,1020.3943
2020-05-13 08:00:00,1147.8953
2020-05-13 09:00:00,722.73535
2020-05-13 10:00:00,958.2954
2020-05-13 11:00:00,615.4072
2020-05-13 12:00:00,728.3616
2020-05-13 13:00:00,649.3545
2020-05-13 14:00:00,551.15936
2020-05-13 15:00:00,424.76627
2020-05-13 16:00:00,344.2226
2020-05-13 17:00:00,269.45038
2020-05-13 18:00:00,262.57837
2020-05-13 19:00:00,267.18195
2020-05-13 20:00:00,266.36432
2020-05-13 21:00:00,270.5612
2020-05-13 22:00:00,195.44746
2020-05-13 23:00:00,162.9538
2020-05-14 00:00:00,163.4736
2020-05-14 01:00:00,182.27179
2020-05-14 02:00:00,270.8827
2020-05-14 03:00:00,279.41208
2020-05-14 04:00:00,344.4734
2020-05-14 05:00:00,356.198
2020-05-14 06:00:00,325.4162
2020-05-14 07:00:00,305.70413
2020-05-14 08:00:00,250.7054
2020-05-14 09:00:00,330.93735
2020-05-14 10:00:00,362.78296
2020-05-14 11:00:00,319.4043
2020-05-14 12:00:00,335.73486
2020-05-14 13:00:00,355.06738
2020-05-14 14:00:00,116.516235
2020-05-14 15:00:00,21.719086
2020-05-14 16:00:00,36.06987
2020-05-14 17:00:00,38.828552
2020-05-14 18:00:00,40.04219
2020-05-14 19:00:00,36.969997
2020-05-14 20:00:00,25.844536
2020-05-14 21:00:00,17.814823
2020-05-14 22:00:00,18.136932
2020-05-14 23:00:00,22.493132
2020-05-15 00:00:00,27.753502
2020-05-15 01:00:00,27.700867
2020-05-15 02:00:00,45.792084
2020-05-15 03:00:00,124.678345
2020-05-15 04:00:00,409.39355
2020-05-15 05:00:00,721.26
2020-05-15 06:00:00,976.2783
2020-05-15 07:00:00,1169.7014
2020-05-15 08:00:00,1277.4827
2020-05-15 09:00:00,1325.6426
2020-05-15 10:00:00,1443.3853
2020-05-15 11:00:00,1327.3928
2020-05-15 12:00:00,1354.394
2020-05-15 13:00:00,290.91992
2020-05-15 14:00:00,84.98091
2020-05-15 15:00:00,35.133224
2020-05-15 16:00:00,29.365604
2020-05-15 17:00:00,35.062916
2020-05-15 18:00:00,36.386963
2020-05-15 19:00:00,39.43251
2020-05-15 20:00:00,40.458954
2020-05-15 21:00:00,37.73889
2020-05-15 22:00:00,25.033432
2020-05-15 23:00:00,29.110336
2020-05-16 00:00:00,25.175674
2020-05-16 01:00:00,19.5822
2020-05-16 02:00:00,60.454906
2020-05-16 03:00:00,180.64444
2020-05-16 04:00:00,373.1902
2020-05-16 05:00:00,588.85913
2020-05-16 06:00:00,774.1306
2020-05-16 07:00:00,872.4575
2020-05-16 08:00:00,1034.7046
2020-05-16 09:00:00,953.1233
2020-05-16 10:00:00,855.4219
2020-05-16 11:00:00,369.20044
2020-05-16 12:00:00,500.03882
2020-05-16 13:00:00,381.667
2020-05-16 14:00:00,53.76538
2020-05-16 15:00:00,29.532562
2020-05-16 16:00:00,44.51671
2020-05-16 17:00:00,46.45433
2020-05-16 18:00:00,43.510803
2020-05-16 19:00:00,36.62442
2020-05-16 20:00:00,35.096634
2020-05-16 21:00:00,32.825516
2020-05-16 22:00:00,38.16501
2020-05-16 23:00:00,42.475845
2020-05-17 00:00:00,38.448868
2020-05-17 01:00:00,38.97937
2020-05-17 02:00:00,79.39809
2020-05-17 03:00:00,190.42784
2020-05-17 04:00:00,574.0984
2020-05-17 05:00:00,1033.7488
2020-05-17 06:00:00,1425.9065
2020-05-17 07:00:00,1717.0518
2020-05-17 08:00:00,1815.4036
2020-05-17 09:00:00,1902.9448
2020-05-17 10:00:00,1990.4309
2020-05-17 11:00:00,1977.3687
2020-05-17 12:00:00,686.5237
2020-05-17 13:00:00,112.46539
2020-05-17 14:00:00,49.4485
2020-05-17 15:00:00,54.222183
2020-05-17 16:00:00,48.40016
2020-05-17 17:00:00,40.921936
2020-05-17 18:00:00,38.912994
2020-05-17 19:00:00,36.263805
2020-05-17 20:00:00,36.223007
2020-05-17 21:00:00,35.819763
2020-05-17 22:00:00,33.997864
2020-05-17 23:00:00,34.114372
2020-05-18 00:00:00,37.48033
2020-05-18 01:00:00,40.071106
2020-05-18 02:00:00,59.672745
2020-05-18 03:00:00,119.5246
2020-05-18 04:00:00,328.24194
2020-05-18 05:00:00,707.05664
2020-05-18 06:00:00,832.8916
2020-05-18 07:00:00,868.3274
2020-05-18 08:00:00,450.8252
2020-05-18 09:00:00,548.4426
2020-05-18 10:00:00,615.3501
2020-05-18 11:00:00,519.69946
2020-05-18 12:00:00,382.6023
2020-05-18 13:00:00,312.5102
2020-05-18 14:00:00,303.7123
2020-05-18 15:00:00,246.45338
2020-05-18 16:00:00,168.15503
2020-05-18 17:00:00,156.68025
2020-05-18 18:00:00,142.10681
2020-05-18 19:00:00,118.89821
2020-05-18 20:00:00,80.459305
2020-05-18 21:00:00,48.086212
2020-05-18 22:00:00,36.54226
2020-05-18 23:00:00,23.771667
2020-05-19 00:00:00,24.809128
2020-05-19 01:00:00,23.906708
2020-05-19 02:00:00,43.71875
2020-05-19 03:00:00,179.40147
2020-05-19 04:00:00,450.6858
2020-05-19 05:00:00,1224.4907
2020-05-19 06:00:00,1411.3604
2020-05-19 07:00:00,1483.9519
2020-05-19 08:00:00,1491.2878
2020-05-19 09:00:00,1494.968
2020-05-19 10:00:00,1494.6357
2020-05-19 11:00:00,1459.1807
2020-05-19 12:00:00,1277.7078
2020-05-19 13:00:00,266.8772
2020-05-19 14:00:00,95.06082
2020-05-19 15:00:00,26.736908
2020-05-19 16:00:00,37.85573
2020-05-19 17:00:00,30.78717
2020-05-19 18:00:00,28.967438
2020-05-19 19:00:00,29.765533
2020-05-19 20:00:00,27.279236
2020-05-19 21:00:00,23.503391
2020-05-19 22:00:00,26.745941
2020-05-19 23:00:00,28.350616
2020-05-20 00:00:00,28.757828
2020-05-20 01:00:00,30.137081
2020-05-20 02:00:00,55.417603
2020-05-20 03:00:00,193.78284
2020-05-20 04:00:00,616.89014
2020-05-20 05:00:00,943.72534
2020-05-20 06:00:00,1294.456
2020-05-20 07:00:00,1847.0742
2020-05-20 08:00:00,1913.709
2020-05-20 09:00:00,2075.2195
2020-05-20 10:00:00,2212.37
2020-05-20 11:00:00,2200.9783
2020-05-20 12:00:00,2121.7253
2020-05-20 13:00:00,174.15411
2020-05-20 14:00:00,21.591995
2020-05-20 15:00:00,24.214111
2020-05-20 16:00:00,26.498047
2020-05-20 17:00:00,23.857803
2020-05-20 18:00:00,22.18724
2020-05-20 19:00:00,20.197052
2020-05-20 20:00:00,16.852934
2020-05-20 21:00:00,14.748095
2020-05-20 22:00:00,20.412615
2020-05-20 23:00:00,32.275253
2020-05-21 00:00:00,41.44275
2020-05-21 01:00:00,44.534092
2020-05-21 02:00:00,55.640335
2020-05-21 03:00:00,112.53993
2020-05-21 04:00:00,289.3684
2020-05-21 05:00:00,666.12646
2020-05-21 06:00:00,1000.9324
2020-05-21 07:00:00,1421.0051
2020-05-21 08:00:00,1569.48
2020-05-21 09:00:00,1586.4819
2020-05-21 10:00:00,1713.8096
2020-05-21 11:00:00,1455.938
2020-05-21 12:00:00,1351.2756
2020-05-21 13:00:00,357.3672
2020-05-21 14:00:00,136.4485
2020-05-21 15:00:00,104.19899
2020-05-21 16:00:00,87.14049
2020-05-21 17:00:00,57.937363
2020-05-21 18:00:00,40.859497
2020-05-21 19:00:00,33.67253
2020-05-21 20:00:00,33.260048
2020-05-21 21:00:00,34.411358
2020-05-21 22:00:00,32.250816
2020-05-21 23:00:00,29.148876
2020-05-22 00:00:00,26.836992
2020-05-22 01:00:00,28.314716
2020-05-22 02:00:00,37.820282
2020-05-22 03:00:00,89.28163
2020-05-22 04:00:00,198.7866
2020-05-22 05:00:00,416.11914
2020-05-22 06:00:00,661.7715
2020-05-22 07:00:00,895.6035
2020-05-22 08:00:00,1073.7698
2020-05-22 09:00:00,1189.919
2020-05-22 10:00:00,1258.8381
2020-05-22 11:00:00,1181.9663
2020-05-22 12:00:00,926.8252
2020-05-22 13:00:00,306.4856
2020-05-22 14:00:00,115.97603
2020-05-22 15:00:00,71.535645
2020-05-22 16:00:00,54.533127
2020-05-22 17:00:00,38.978043
2020-05-22 18:00:00,30.653625
2020-05-22 19:00:00,27.35093
2020-05-22 20:00:00,24.118233
2020-05-22 21:00:00,21.274296
2020-05-22 22:00:00,17.302916
2020-05-22 23:00:00,17.38164
2020-05-23 00:00:00,17.706772
2020-05-23 01:00:00,15.864408
2020-05-23 02:00:00,27.63272
2020-05-23 03:00:00,83.67682
2020-05-23 04:00:00,210.70613
2020-05-23 05:00:00,321.60645
2020-05-23 06:00:00,453.85693
2020-05-23 07:00:00,614.26636
2020-05-23 08:00:00,781.1941
2020-05-23 09:00:00,907.17554
2020-05-23 10:00:00,950.8628
2020-05-23 11:00:00,964.18823
2020-05-23 12:00:00,598.4309
2020-05-23 13:00:00,169.93567
2020-05-23 14:00:00,48.588806
2020-05-23 15:00:00,19.438068
2020-05-23 16:00:00,20.722141
2020-05-23 17:00:00,22.380333
2020-05-23 18:00:00,22.48268
2020-05-23 19:00:00,21.850658
2020-05-23 20:00:00,20.066072
2020-05-23 21:00:00,16.830423
2020-05-23 22:00:00,16.495693
2020-05-23 23:00:00,19.909195
2020-05-24 00:00:00,18.240345
2020-05-24 01:00:00,16.094398
2020-05-24 02:00:00,29.051437
2020-05-24 03:00:00,74.87123
2020-05-24 04:00:00,191.48174
2020-05-24 05:00:00,323.8518
2020-05-24 06:00:00,503.3037
2020-05-24 07:00:00,689.7207
2020-05-24 08:00:00,866.9143
2020-05-24 09:00:00,1021.0769
2020-05-24 10:00:00,911.1245
2020-05-24 11:00:00,744.70557
2020-05-24 12:00:00,459.04004
2020-05-24 13:00:00,51.681915
2020-05-24 14:00:00,28.189068
2020-05-24 15:00:00,26.27095
2020-05-24 16:00:00,20.777557
2020-05-24 17:00:00,17.984274
2020-05-24 18:00:00,16.815403
2020-05-24 19:00:00,15.748671
2020-05-24 20:00:00,17.56195
2020-05-24 21:00:00,21.225422
2020-05-24 22:00:00,25.184633
2020-05-24 23:00:00,22.38693
2020-05-25 00:00:00,21.725595
2020-05-25 01:00:00,19.140377
2020-05-25 02:00:00,27.119427
2020-05-25 03:00:00,79.663025
2020-05-25 04:00:00,211.96068
2020-05-25 05:00:00,354.33838
2020-05-25 06:00:00,513.64746
2020-05-25 07:00:00,668.5049
2020-05-25 08:00:00,815.5613
2020-05-25 09:00:00,955.5227
2020-05-25 10:00:00,1101.2156
2020-05-25 11:00:00,885.10986
2020-05-25 12:00:00,414.68762
2020-05-25 13:00:00,88.81239
2020-05-25 14:00:00,29.680222
2020-05-25 15:00:00,32.695576
2020-05-25 16:00:00,32.69516
2020-05-25 17:00:00,23.716568
2020-05-25 18:00:00,20.538235
2020-05-25 19:00:00,21.020367
2020-05-25 20:00:00,22.311504
2020-05-25 21:00:00,24.147963
2020-05-25 22:00:00,17.569925
2020-05-25 23:00:00,21.091469
2020-05-26 00:00:00,20.799793
2020-05-26 01:00:00,19.812004
2020-05-26 02:00:00,44.804245
2020-05-26 03:00:00,117.39209
2020-05-26 04:00:00,229.89651
2020-05-26 05:00:00,353.99976
2020-05-26 06:00:00,497.87598
2020-05-26 07:00:00,669.7993
2020-05-26 08:00:00,833.9502
2020-05-26 09:00:00,954.90454
2020-05-26 10:00:00,979.7246
2020-05-26 11:00:00,680.08154
2020-05-26 12:00:00,403.79187
2020-05-26 13:00:00,154.36029
2020-05-26 14:00:00,29.74527
2020-05-26 15:00:00,23.683783
2020-05-26 16:00:00,26.721954
2020-05-26 17:00:00,21.75853
2020-05-26 18:00:00,21.783485
2020-05-26 19:00:00,29.72525
2020-05-26 20:00:00,34.79851
2020-05-26 21:00:00,41.95169
2020-05-26 22:00:00,33.01394
2020-05-26 23:00:00,28.379967
2020-05-27 00:00:00,24.508205
2020-05-27 01:00:00,27.932186
2020-05-27 02:00:00,81.755394
2020-05-27 03:00:00,278.33035
2020-05-27 04:00:00,447.77734
2020-05-27 05:00:00,625.7263
2020-05-27 06:00:00,842.48975
2020-05-27 07:00:00,1000.9873
2020-05-27 08:00:00,1105.5427
2020-05-27 09:00:00,1200.239
2020-05-27 10:00:00,1089.248
2020-05-27 11:00:00,237.63489
2020-05-27 12:00:00,358.0957
2020-05-27 13:00:00,81.16159
2020-05-27 14:00:00,68.83922
2020-05-27 15:00:00,45.600174
2020-05-27 16:00:00,37.949112
2020-05-27 17:00:00,32.42331
2020-05-27 18:00:00,27.784195
2020-05-27 19:00:00,19.698689
2020-05-27 20:00:00,18.104454
2020-05-27 21:00:00,20.38683
2020-05-27 22:00:00,20.336662
2020-05-27 23:00:00,22.385231
2020-05-28 00:00:00,31.069416
2020-05-28 01:00:00,34.529175
2020-05-28 02:00:00,60.106594
2020-05-28 03:00:00,207.86131
2020-05-28 04:00:00,382.99756
2020-05-28 05:00:00,492.62622
2020-05-28 06:00:00,628.3296
2020-05-28 07:00:00,835.49634
2020-05-28 08:00:00,1147.4077
2020-05-28 09:00:00,986.67285
2020-05-28 10:00:00,940.64526
2020-05-28 11:00:00,899.0735
2020-05-28 12:00:00,498.48828
2020-05-28 13:00:00,242.60959
2020-05-28 14:00:00,63.90419
2020-05-28 15:00:00,39.01271
2020-05-28 16:00:00,42.257233
2020-05-28 17:00:00,50.05867
2020-05-28 18:00:00,43.013954
2020-05-28 19:00:00,30.586182
2020-05-28 20:00:00,25.891537
2020-05-28 21:00:00,25.071308
2020-05-28 22:00:00,19.860771
2020-05-28 23:00:00,14.847069
2020-05-29 00:00:00,13.760769
2020-05-29 01:00:00,14.363992
2020-05-29 02:00:00,62.50331
2020-05-29 03:00:00,284.0645
2020-05-29 04:00:00,447.28052
2020-05-29 05:00:00,617.04517
2020-05-29 06:00:00,779.5012
2020-05-29 07:00:00,968.5845
2020-05-29 08:00:00,1098.595
2020-05-29 09:00:00,1206.2542
2020-05-29 10:00:00,1307.54
2020-05-29 11:00:00,1426.8552
2020-05-29 12:00:00,757.0144
2020-05-29 13:00:00,49.20073
2020-05-29 14:00:00,35.829514
2020-05-29 15:00:00,45.277954
2020-05-29 16:00:00,46.900406
2020-05-29 17:00:00,44.3882
2020-05-29 18:00:00,37.206497
2020-05-29 19:00:00,32.836605
2020-05-29 20:00:00,34.073704
2020-05-29 21:00:00,38.98906
2020-05-29 22:00:00,41.054085
2020-05-29 23:00:00,35.67783
2020-05-30 00:00:00,28.917278
2020-05-30 01:00:00,28.70723
2020-05-30 02:00:00,50.89769
2020-05-30 03:00:00,147.11267
2020-05-30 04:00:00,353.6194
2020-05-30 05:00:00,573.5137
2020-05-30 06:00:00,903.2412
2020-05-30 07:00:00,1333.4812
2020-05-30 08:00:00,2286.3398
2020-05-30 09:00:00,2287.1313
2020-05-30 10:00:00,2754.9917
2020-05-30 11:00:00,1704.6323
2020-05-30 12:00:00,784.5342
2020-05-30 13:00:00,280.78418
2020-05-30 14:00:00,99.11676
2020-05-30 15:00:00,53.889328
2020-05-30 16:00:00,36.317047
2020-05-30 17:00:00,25.892105
2020-05-30 18:00:00,24.433132
2020-05-30 19:00:00,24.059984
2020-05-30 20:00:00,21.676746
2020-05-30 21:00:00,20.39555
2020-05-30 22:00:00,15.688485
2020-05-30 23:00:00,18.385077
2020-05-31 00:00:00,20.375618
2020-05-31 01:00:00,24.519173
2020-05-31 02:00:00,44.046295
2020-05-31 03:00:00,129.65059
2020-05-31 04:00:00,350.92017
2020-05-31 05:00:00,708.26733
2020-05-31 06:00:00,1364.252
2020-05-31 07:00:00,2469.1997
2020-05-31 08:00:00,2803.8484
2020-05-31 09:00:00,2928.8013
2020-05-31 10:00:00,2755.9993
2020-05-31 11:00:00,2517.526
2020-05-31 12:00:00,1068.2412
2020-05-31 13:00:00,179.05803
2020-05-31 14:00:00,85.831116
2020-05-31 15:00:00,62.769226
2020-05-31 16:00:00,58.485107
2020-05-31 17:00:00,51.918488
2020-05-31 18:00:00,49.843628
2020-05-31 19:00:00,48.69551
2020-05-31 20:00:00,41.433704
2020-05-31 21:00:00,32.3612
2020-05-31 22:00:00,23.028992
2020-05-31 23:00:00,25.52634
2020-06-01 00:00:00,32.57518
2020-06-01 01:00:00,40.5972
2020-06-01 02:00:00,53.351074
2020-06-01 03:00:00,125.96008
2020-06-01 04:00:00,361.5669
2020-06-01 05:00:00,757.8081
2020-06-01 06:00:00,1533.2246
2020-06-01 07:00:00,3124.7688
2020-06-01 08:00:00,3300.1648
2020-06-01 09:00:00,3265.1482
2020-06-01 10:00:00,2754.393
2020-06-01 11:00:00,1208.1846
2020-06-01 12:00:00,695.1736
2020-06-01 13:00:00,84.97496
2020-06-01 14:00:00,102.648575
2020-06-01 15:00:00,112.76459
2020-06-01 16:00:00,107.53911
2020-06-01 17:00:00,65.6042
2020-06-01 18:00:00,40.374092
2020-06-01 19:00:00,33.090157
2020-06-01 20:00:00,32.52031
2020-06-01 21:00:00,34.231155
2020-06-01 22:00:00,30.969421
2020-06-01 23:00:00,33.110245
2020-06-02 00:00:00,37.850555
2020-06-02 01:00:00,41.77092
2020-06-02 02:00:00,54.55977
2020-06-02 03:00:00,106.93526
2020-06-02 04:00:00,349.6703
2020-06-02 05:00:00,965.95996
2020-06-02 06:00:00,1639.0837
2020-06-02 07:00:00,2506.4753
2020-06-02 08:00:00,2918.6975
2020-06-02 09:00:00,2952.3748
2020-06-02 10:00:00,2628.0986
2020-06-02 11:00:00,2218.8857
2020-06-02 12:00:00,521.0908
2020-06-02 13:00:00,365.7461
2020-06-02 14:00:00,93.38391
2020-06-02 15:00:00,45.55191
2020-06-02 16:00:00,34.044052
2020-06-02 17:00:00,31.444763
2020-06-02 18:00:00,31.442028
2020-06-02 19:00:00,35.61669
2020-06-02 20:00:00,46.29706
2020-06-02 21:00:00,47.797455
2020-06-02 22:00:00,41.223206
2020-06-02 23:00:00,36.824257
2020-06-03 00:00:00,33.177692
2020-06-03 01:00:00,33.629795
2020-06-03 02:00:00,51.87996
2020-06-03 03:00:00,135.71573
2020-06-03 04:00:00,513.9458
2020-06-03 05:00:00,961.8782
2020-06-03 06:00:00,1708.8
2020-06-03 07:00:00,2032.8164
2020-06-03 08:00:00,2148.1555
2020-06-03 09:00:00,2314.9258
2020-06-03 10:00:00,2952.3706
2020-06-03 11:00:00,703.0354
2020-06-03 12:00:00,489.38696
2020-06-03 13:00:00,259.17017
2020-06-03 14:00:00,78.97722
2020-06-03 15:00:00,54.83345
2020-06-03 16:00:00,54.116776
2020-06-03 17:00:00,46.052505
2020-06-03 18:00:00,35.443905
2020-06-03 19:00:00,28.717026
2020-06-03 20:00:00,25.540337
2020-06-03 21:00:00,25.941647
2020-06-03 22:00:00,28.008148
2020-06-03 23:00:00,28.192833
2020-06-04 00:00:00,29.235468
2020-06-04 01:00:00,30.028625
2020-06-04 02:00:00,43.593414
2020-06-04 03:00:00,118.16226
2020-06-04 04:00:00,419.2849
2020-06-04 05:00:00,812.2107
2020-06-04 06:00:00,1234.8516
2020-06-04 07:00:00,1610.9048
2020-06-04 08:00:00,1870.4795
2020-06-04 09:00:00,2172.1084
2020-06-04 10:00:00,1943.8972
2020-06-04 11:00:00,615.62256
2020-06-04 12:00:00,139.66296
2020-06-04 13:00:00,219.66846
2020-06-04 14:00:00,216.32956
2020-06-04 15:00:00,190.95227
2020-06-04 16:00:00,133.483
2020-06-04 17:00:00,64.80256
2020-06-04 18:00:00,36.372047
2020-06-04 19:00:00,35.758812
2020-06-04 20:00:00,38.00876
2020-06-04 21:00:00,37.16213
2020-06-04 22:00:00,34.12404
2020-06-04 23:00:00,53.66696
2020-06-05 00:00:00,77.46295
2020-06-05 01:00:00,86.271835
2020-06-05 02:00:00,93.15967
2020-06-05 03:00:00,159.86879
2020-06-05 04:00:00,376.93335
2020-06-05 05:00:00,1176.583
2020-06-05 06:00:00,2156.3481
2020-06-05 07:00:00,4213.378
2020-06-05 08:00:00,4501.538
2020-06-05 09:00:00,4096.9907
2020-06-05 10:00:00,1473.9553
2020-06-05 11:00:00,935.6929
2020-06-05 12:00:00,739.7302
2020-06-05 13:00:00,478.59326
2020-06-05 14:00:00,342.9419
2020-06-05 15:00:00,219.8543
2020-06-05 16:00:00,140.1155
2020-06-05 17:00:00,107.16066
2020-06-05 18:00:00,99.63414
2020-06-05 19:00:00,92.84863
2020-06-05 20:00:00,75.56406
2020-06-05 21:00:00,55.949738
2020-06-05 22:00:00,55.68579
2020-06-05 23:00:00,38.743385
2020-06-06 00:00:00,36.622803
2020-06-06 01:00:00,46.56996
2020-06-06 02:00:00,94.35889
2020-06-06 03:00:00,230.12283
2020-06-06 04:00:00,448.1018
2020-06-06 05:00:00,680.136
2020-06-06 06:00:00,967.9248
2020-06-06 07:00:00,1360.2273
2020-06-06 08:00:00,1646.2134
2020-06-06 09:00:00,1852.5544
2020-06-06 10:00:00,1882.5342
2020-06-06 11:00:00,1930.7112
2020-06-06 12:00:00,1839.2761
2020-06-06 13:00:00,808.20483
2020-06-06 14:00:00,353.4381
2020-06-06 15:00:00,210.21237
2020-06-06 16:00:00,139.06248
2020-06-06 17:00:00,84.19046
2020-06-06 18:00:00,57.633743
2020-06-06 19:00:00,42.392876
2020-06-06 20:00:00,37.383377
2020-06-06 21:00:00,33.166595
2020-06-06 22:00:00,30.66896
2020-06-06 23:00:00,21.491425
2020-06-07 00:00:00,23.216352
2020-06-07 01:00:00,30.972048
2020-06-07 02:00:00,104.32356
2020-06-07 03:00:00,300.83093
2020-06-07 04:00:00,494.84473
2020-06-07 05:00:00,697.47217
2020-06-07 06:00:00,944.4824
2020-06-07 07:00:00,1223.0957
2020-06-07 08:00:00,1476.7957
2020-06-07 09:00:00,1587.7983
2020-06-07 10:00:00,1591.3406
2020-06-07 11:00:00,1572.0527
2020-06-07 12:00:00,1523.9658
2020-06-07 13:00:00,178.88503
2020-06-07 14:00:00,78.61905
2020-06-07 15:00:00,66.977875
2020-06-07 16:00:00,80.16368
2020-06-07 17:00:00,134.27362
2020-06-07 18:00:00,29.204346
2020-06-07 19:00:00,43.21689
2020-06-07 20:00:00,56.662933
2020-06-07 21:00:00,43.394882
2020-06-07 22:00:00,94.6004
2020-06-07 23:00:00,127.28482
2020-06-08 00:00:00,146.0028
2020-06-08 01:00:00,226.39603
2020-06-08 02:00:00,394.3142
2020-06-08 03:00:00,478.68384
2020-06-08 04:00:00,601.0066
2020-06-08 05:00:00,1284.1631
2020-06-08 06:00:00,1811.7214
2020-06-08 07:00:00,2515.5022
2020-06-08 08:00:00,2993.798
2020-06-08 09:00:00,2494.789
2020-06-08 10:00:00,1110.8291
2020-06-08 11:00:00,987.635
2020-06-08 12:00:00,1114.9861
2020-06-08 13:00:00,717.05396
2020-06-08 14:00:00,388.22388
2020-06-08 15:00:00,147.67072
2020-06-08 16:00:00,240.85143
2020-06-08 17:00:00,253.25749
2020-06-08 18:00:00,175.06853
2020-06-08 19:00:00,109.06189
2020-06-08 20:00:00,81.295364
2020-06-08 21:00:00,71.5943
2020-06-08 22:00:00,71.51318
2020-06-08 23:00:00,72.94654
2020-06-09 00:00:00,47.853054
2020-06-09 01:00:00,46.294083
2020-06-09 02:00:00,83.34497
2020-06-09 03:00:00,252.79234
2020-06-09 04:00:00,738.2976
2020-06-09 05:00:00,1785.6855
2020-06-09 06:00:00,2678.5513
2020-06-09 07:00:00,2755.6648
2020-06-09 08:00:00,2839.5251
2020-06-09 09:00:00,2714.9294
2020-06-09 10:00:00,1336.5344
2020-06-09 11:00:00,1233.5715
2020-06-09 12:00:00,902.3667
2020-06-09 13:00:00,583.71094
2020-06-09 14:00:00,336.93594
2020-06-09 15:00:00,178.35309
2020-06-09 16:00:00,77.78937
2020-06-09 17:00:00,53.133053
2020-06-09 18:00:00,44.073063
2020-06-09 19:00:00,24.920868
2020-06-09 20:00:00,23.648336
2020-06-09 21:00:00,22.555452
2020-06-09 22:00:00,28.051697
2020-06-09 23:00:00,30.919083
2020-06-10 00:00:00,28.269226
2020-06-10 01:00:00,32.323563
2020-06-10 02:00:00,59.220627
2020-06-10 03:00:00,197.48349
2020-06-10 04:00:00,1301.0583
2020-06-10 05:00:00,2691.3716
2020-06-10 06:00:00,2839.3936
2020-06-10 07:00:00,2927.0461
2020-06-10 08:00:00,2990.1846
2020-06-10 09:00:00,3002.7095
2020-06-10 10:00:00,3044.3362
2020-06-10 11:00:00,2804.104
2020-06-10 12:00:00,2400.667
2020-06-10 13:00:00,806.6592
2020-06-10 14:00:00,344.8629
2020-06-10 15:00:00,223.59344
2020-06-10 16:00:00,187.17679
2020-06-10 17:00:00,119.16446
2020-06-10 18:00:00,56.056458
2020-06-10 19:00:00,36.215164
2020-06-10 20:00:00,31.28621
2020-06-10 21:00:00,29.472607
2020-06-10 22:00:00,28.468176
2020-06-10 23:00:00,24.086658
2020-06-11 00:00:00,20.146362
2020-06-11 01:00:00,17.422905
2020-06-11 02:00:00,74.82468
2020-06-11 03:00:00,366.00024
2020-06-11 04:00:00,763.7124
2020-06-11 05:00:00,1386.2014
2020-06-11 06:00:00,1866.5986
2020-06-11 07:00:00,2105.128
2020-06-11 08:00:00,2315.144
2020-06-11 09:00:00,2495.3975
2020-06-11 10:00:00,2686.648
2020-06-11 11:00:00,2407.2214
2020-06-11 12:00:00,2391.6917
2020-06-11 13:00:00,510.7942
2020-06-11 14:00:00,94.95528
2020-06-11 15:00:00,60.646454
2020-06-11 16:00:00,57.433716
2020-06-11 17:00:00,48.984055
2020-06-11 18:00:00,41.6718
2020-06-11 19:00:00,43.812164
2020-06-11 20:00:00,40.38118
2020-06-11 21:00:00,36.285233
2020-06-11 22:00:00,27.373163
2020-06-11 23:00:00,20.606552
2020-06-12 00:00:00,22.391556
2020-06-12 01:00:00,26.790817
2020-06-12 02:00:00,58.231796
2020-06-12 03:00:00,234.8915
2020-06-12 04:00:00,741.53735
2020-06-12 05:00:00,1705.3813
2020-06-12 06:00:00,2799.9097
2020-06-12 07:00:00,2823.8271
2020-06-12 08:00:00,2446.3508
2020-06-12 09:00:00,2135.767
2020-06-12 10:00:00,2576.5337
2020-06-12 11:00:00,2690.8872
2020-06-12 12:00:00,1706.0764
2020-06-12 13:00:00,498.89697
2020-06-12 14:00:00,44.01645
2020-06-12 15:00:00,31.448544
2020-06-12 16:00:00,29.886795
2020-06-12 17:00:00,30.861343
2020-06-12 18:00:00,28.155533
2020-06-12 19:00:00,29.210135
2020-06-12 20:00:00,31.162727
2020-06-12 21:00:00,29.857166
2020-06-12 22:00:00,22.497314
2020-06-12 23:00:00,23.122223
2020-06-13 00:00:00,26.08342
2020-06-13 01:00:00,31.316147
2020-06-13 02:00:00,43.79065
2020-06-13 03:00:00,105.10544
2020-06-13 04:00:00,505.09448
2020-06-13 05:00:00,1254.438
2020-06-13 06:00:00,2076.7024
2020-06-13 07:00:00,2399.3
2020-06-13 08:00:00,2559.6792
2020-06-13 09:00:00,2667.4465
2020-06-13 10:00:00,2770.6797
2020-06-13 11:00:00,2706.6743
2020-06-13 12:00:00,2563.7268
2020-06-13 13:00:00,397.64575
2020-06-13 14:00:00,57.057266
2020-06-13 15:00:00,42.822144
2020-06-13 16:00:00,43.613144
2020-06-13 17:00:00,48.328613
2020-06-13 18:00:00,45.514908
2020-06-13 19:00:00,40.196487
2020-06-13 20:00:00,34.900604
2020-06-13 21:00:00,32.125153
2020-06-13 22:00:00,30.645462
2020-06-13 23:00:00,31.983368
2020-06-14 00:00:00,30.463577
2020-06-14 01:00:00,32.368637
2020-06-14 02:00:00,43.72455
2020-06-14 03:00:00,96.80272
2020-06-14 04:00:00,301.7168
2020-06-14 05:00:00,1271.0286
2020-06-14 06:00:00,2152.819
2020-06-14 07:00:00,2997.4192
2020-06-14 08:00:00,3112.8025
2020-06-14 09:00:00,3232.1404
2020-06-14 10:00:00,3520.8599
2020-06-14 11:00:00,3256.648
2020-06-14 12:00:00,2752.6711
2020-06-14 13:00:00,275.8197
2020-06-14 14:00:00,42.026382
2020-06-14 15:00:00,50.322205
2020-06-14 16:00:00,70.37811
2020-06-14 17:00:00,93.836044
2020-06-14 18:00:00,77.42122
2020-06-14 19:00:00,41.573353
2020-06-14 20:00:00,23.557096
2020-06-14 21:00:00,19.391106
2020-06-14 22:00:00,26.020462
2020-06-14 23:00:00,33.029617
2020-06-15 00:00:00,32.988235
2020-06-15 01:00:00,32.486633
2020-06-15 02:00:00,44.18283
2020-06-15 03:00:00,122.83609
2020-06-15 04:00:00,435.48926
2020-06-15 05:00:00,1046.1025
2020-06-15 06:00:00,1729.6838
2020-06-15 07:00:00,3376.2559
2020-06-15 08:00:00,3539.186
2020-06-15 09:00:00,3502.2642
2020-06-15 10:00:00,3500.5217
2020-06-15 11:00:00,3307.4775
2020-06-15 12:00:00,2954.1604
2020-06-15 13:00:00,283.08618
2020-06-15 14:00:00,108.58598
2020-06-15 15:00:00,110.386444
2020-06-15 16:00:00,106.7672
2020-06-15 17:00:00,89.9426
2020-06-15 18:00:00,65.42651
2020-06-15 19:00:00,47.88846
2020-06-15 20:00:00,36.962326
2020-06-15 21:00:00,31.862713
2020-06-15 22:00:00,33.1353
2020-06-15 23:00:00,42.747345
2020-06-16 00:00:00,52.742157
2020-06-16 01:00:00,55.685745
2020-06-16 02:00:00,76.065186
2020-06-16 03:00:00,217.41315
2020-06-16 04:00:00,428.6997
2020-06-16 05:00:00,659.23535
2020-06-16 06:00:00,987.0403
2020-06-16 07:00:00,1273.273
2020-06-16 08:00:00,1513.6582
2020-06-16 09:00:00,1725.1279
2020-06-16 10:00:00,1928.3374
2020-06-16 11:00:00,1673.176
2020-06-16 12:00:00,1386.8467
2020-06-16 13:00:00,826.5183
2020-06-16 14:00:00,411.96753
2020-06-16 15:00:00,246.80493
2020-06-16 16:00:00,195.77422
2020-06-16 17:00:00,174.93004
2020-06-16 18:00:00,163.27412
2020-06-16 19:00:00,166.32397
2020-06-16 20:00:00,140.265
2020-06-16 21:00:00,102.91263
2020-06-16 22:00:00,76.819534
2020-06-16 23:00:00,78.57654
2020-06-17 00:00:00,85.83832
2020-06-17 01:00:00,113.94759
2020-06-17 02:00:00,189.38474
2020-06-17 03:00:00,316.79028
2020-06-17 04:00:00,722.9656
2020-06-17 05:00:00,1234.6079
2020-06-17 06:00:00,1523.9949
2020-06-17 07:00:00,1731.5161
2020-06-17 08:00:00,1890.5422
2020-06-17 09:00:00,2018.2957
2020-06-17 10:00:00,1994.717
2020-06-17 11:00:00,1997.7129
2020-06-17 12:00:00,1950.394
2020-06-17 13:00:00,1826.2649
2020-06-17 14:00:00,294.67188
2020-06-17 15:00:00,131.91234
2020-06-17 16:00:00,109.13916
2020-06-17 17:00:00,112.64923
2020-06-17 18:00:00,99.96153
2020-06-17 19:00:00,72.809235
2020-06-17 20:00:00,56.801514
2020-06-17 21:00:00,49.227432
2020-06-17 22:00:00,51.314896
2020-06-17 23:00:00,42.20717
2020-06-18 00:00:00,29.139782
2020-06-18 01:00:00,28.182388
2020-06-18 02:00:00,76.13316
2020-06-18 03:00:00,247.20505
2020-06-18 04:00:00,518.084
2020-06-18 05:00:00,1073.9802
2020-06-18 06:00:00,1620.5237
2020-06-18 07:00:00,1803.6587
2020-06-18 08:00:00,1978.0876
2020-06-18 09:00:00,2118.6572
2020-06-18 10:00:00,2271.0095
2020-06-18 11:00:00,2299.5527
2020-06-18 12:00:00,2338.7349
2020-06-18 13:00:00,1060.98
2020-06-18 14:00:00,113.85129
2020-06-18 15:00:00,37.698364
2020-06-18 16:00:00,29.969376
2020-06-18 17:00:00,32.0222
2020-06-18 18:00:00,30.034958
2020-06-18 19:00:00,27.839697
2020-06-18 20:00:00,27.089996
2020-06-18 21:00:00,25.99242
2020-06-18 22:00:00,21.85964
2020-06-18 23:00:00,21.284142
2020-06-19 00:00:00,18.126423
2020-06-19 01:00:00,17.534523
2020-06-19 02:00:00,42.649933
2020-06-19 03:00:00,190.72298
2020-06-19 04:00:00,453.46582
2020-06-19 05:00:00,1027.8914
2020-06-19 06:00:00,1778.4675
2020-06-19 07:00:00,1964.3638
2020-06-19 08:00:00,2095.6252
2020-06-19 09:00:00,2233.6433
2020-06-19 10:00:00,2307.8245
2020-06-19 11:00:00,2291.0374
2020-06-19 12:00:00,2247.2476
2020-06-19 13:00:00,963.8552
2020-06-19 14:00:00,95.96399
2020-06-19 15:00:00,24.160172
2020-06-19 16:00:00,21.979538
2020-06-19 17:00:00,23.330948
2020-06-19 18:00:00,25.81903
2020-06-19 19:00:00,26.192886
2020-06-19 20:00:00,26.213043
2020-06-19 21:00:00,24.86409
2020-06-19 22:00:00,17.454853
2020-06-19 23:00:00,15.891063
2020-06-20 00:00:00,16.987988
2020-06-20 01:00:00,18.832062
2020-06-20 02:00:00,36.968857
2020-06-20 03:00:00,110.91867
2020-06-20 04:00:00,456.70044
2020-06-20 05:00:00,1195.3301
2020-06-20 06:00:00,2204.5642
2020-06-20 07:00:00,2397.3376
2020-06-20 08:00:00,2564.429
2020-06-20 09:00:00,2659.9836
2020-06-20 10:00:00,2690.087
2020-06-20 11:00:00,2467.3457
2020-06-20 12:00:00,2201.2085
2020-06-20 13:00:00,993.5913
2020-06-20 14:00:00,425.61517
2020-06-20 15:00:00,185.7537
2020-06-20 16:00:00,120.00383
2020-06-20 17:00:00,81.60977
2020-06-20 18:00:00,58.317505
2020-06-20 19:00:00,40.367294
2020-06-20 20:00:00,30.712418
2020-06-20 21:00:00,26.252342
2020-06-20 22:00:00,22.830246
2020-06-20 23:00:00,25.090067
2020-06-21 00:00:00,21.981878
2020-06-21 01:00:00,20.43859
2020-06-21 02:00:00,35.165802
2020-06-21 03:00:00,100.65892
2020-06-21 04:00:00,334.635
2020-06-21 05:00:00,671.64014
2020-06-21 06:00:00,1078.4644
2020-06-21 07:00:00,1516.8779
2020-06-21 08:00:00,1689.5515
2020-06-21 09:00:00,1785.8298
2020-06-21 10:00:00,1354.7705
2020-06-21 11:00:00,1224.3015
2020-06-21 12:00:00,909.5281
2020-06-21 13:00:00,376.1891
2020-06-21 14:00:00,106.82239
2020-06-21 15:00:00,50.11125
2020-06-21 16:00:00,38.921112
2020-06-21 17:00:00,31.606903
2020-06-21 18:00:00,25.957903
2020-06-21 19:00:00,20.901089
2020-06-21 20:00:00,18.09462
2020-06-21 21:00:00,16.111961
2020-06-21 22:00:00,13.64826
2020-06-21 23:00:00,14.525378
2020-06-22 00:00:00,15.701948
2020-06-22 01:00:00,18.715729
2020-06-22 02:00:00,34.128494
2020-06-22 03:00:00,79.875854
2020-06-22 04:00:00,179.43604
2020-06-22 05:00:00,589.08325
2020-06-22 06:00:00,1060.8062
2020-06-22 07:00:00,1373.6074
2020-06-22 08:00:00,1465.3784
2020-06-22 09:00:00,1487.9922
2020-06-22 10:00:00,955.65283
2020-06-22 11:00:00,794.7075
2020-06-22 12:00:00,470.4768
2020-06-22 13:00:00,163.12737
2020-06-22 14:00:00,62.730286
2020-06-22 15:00:00,84.41374
2020-06-22 16:00:00,97.69681
2020-06-22 17:00:00,96.863464
2020-06-22 18:00:00,62.832924
2020-06-22 19:00:00,54.65362
2020-06-22 20:00:00,60.822067
2020-06-22 21:00:00,104.60614
2020-06-22 22:00:00,173.82141
2020-06-22 23:00:00,249.50633
2020-06-23 00:00:00,195.21442
2020-06-23 01:00:00,140.43289
2020-06-23 02:00:00,99.49957
2020-06-23 03:00:00,218.32683
2020-06-23 04:00:00,454.54517
2020-06-23 05:00:00,865.15186
2020-06-23 06:00:00,1336.1646
2020-06-23 07:00:00,1682.8701
2020-06-23 08:00:00,2252.608
2020-06-23 09:00:00,2697.5789
2020-06-23 10:00:00,3016.605
2020-06-23 11:00:00,2466.9817
2020-06-23 12:00:00,2203.6733
2020-06-23 13:00:00,812.4573
2020-06-23 14:00:00,109.41438
2020-06-23 15:00:00,62.37155
2020-06-23 16:00:00,58.939804
2020-06-23 17:00:00,49.54149
2020-06-23 18:00:00,39.99872
2020-06-23 19:00:00,29.760803
2020-06-23 20:00:00,27.50977
2020-06-23 21:00:00,30.794207
2020-06-23 22:00:00,38.063004
2020-06-23 23:00:00,38.150345
2020-06-24 00:00:00,35.72232
2020-06-24 01:00:00,29.86398
2020-06-24 02:00:00,40.009262
2020-06-24 03:00:00,136.097
2020-06-24 04:00:00,318.69263
2020-06-24 05:00:00,522.0513
2020-06-24 06:00:00,1321.0881
2020-06-24 07:00:00,2315.486
2020-06-24 08:00:00,2952.0452
2020-06-24 09:00:00,3265.7092
2020-06-24 10:00:00,3405.164
2020-06-24 11:00:00,3057.0085
2020-06-24 12:00:00,2255.4329
2020-06-24 13:00:00,940.26025
2020-06-24 14:00:00,215.67592
2020-06-24 15:00:00,82.984146
2020-06-24 16:00:00,61.881897
2020-06-24 17:00:00,50.3851
2020-06-24 18:00:00,40.177597
2020-06-24 19:00:00,32.720387
2020-06-24 20:00:00,28.943495
2020-06-24 21:00:00,27.030373
2020-06-24 22:00:00,28.346138
2020-06-24 23:00:00,33.079838
2020-06-25 00:00:00,33.076195
2020-06-25 01:00:00,37.143814
2020-06-25 02:00:00,53.022583
2020-06-25 03:00:00,136.63219
2020-06-25 04:00:00,518.57446
2020-06-25 05:00:00,1276.5049
2020-06-25 06:00:00,2362.5403
2020-06-25 07:00:00,2541.6492
2020-06-25 08:00:00,2608.1833
2020-06-25 09:00:00,2593.6675
2020-06-25 10:00:00,2433.3813
2020-06-25 11:00:00,2231.533
2020-06-25 12:00:00,1457.5667
2020-06-25 13:00:00,594.3718
2020-06-25 14:00:00,100.02211
2020-06-25 15:00:00,46.537037
2020-06-25 16:00:00,32.91717
2020-06-25 17:00:00,26.217157
2020-06-25 18:00:00,29.68845
2020-06-25 19:00:00,27.855576
2020-06-25 20:00:00,19.70121
2020-06-25 21:00:00,34.890476
2020-06-25 22:00:00,35.012684
2020-06-25 23:00:00,26.502054
2020-06-26 00:00:00,23.366207
2020-06-26 01:00:00,37.153046
2020-06-26 02:00:00,173.92726
2020-06-26 03:00:00,416.57446
2020-06-26 04:00:00,541.00024
2020-06-26 05:00:00,744.719
2020-06-26 06:00:00,1236.6287
2020-06-26 07:00:00,2309.8547
2020-06-26 08:00:00,2626.6091
2020-06-26 09:00:00,3292.014
2020-06-26 10:00:00,3685.1895
2020-06-26 11:00:00,3489.6208
2020-06-26 12:00:00,3192.6387
2020-06-26 13:00:00,1673.1301
2020-06-26 14:00:00,131.79364
2020-06-26 15:00:00,182.0267
2020-06-26 16:00:00,726.8302
2020-06-26 17:00:00,1076.9077
2020-06-26 18:00:00,112.00925
2020-06-26 19:00:00,104.984146
2020-06-26 20:00:00,183.38533
2020-06-26 21:00:00,644.68085
2020-06-26 22:00:00,233.77626
2020-06-26 23:00:00,56.223312
2020-06-27 00:00:00,83.10893
2020-06-27 01:00:00,305.35907
2020-06-27 02:00:00,598.45435
2020-06-27 03:00:00,708.02075
2020-06-27 04:00:00,961.938
2020-06-27 05:00:00,1365.6584
2020-06-27 06:00:00,1682.7063
2020-06-27 07:00:00,1877.4497
2020-06-27 08:00:00,2033.7903
2020-06-27 09:00:00,2143.3745
2020-06-27 10:00:00,2161.5088
2020-06-27 11:00:00,2065.0027
2020-06-27 12:00:00,1979.6436
2020-06-27 13:00:00,1905.8062
2020-06-27 14:00:00,830.20776
2020-06-27 15:00:00,274.91443
2020-06-27 16:00:00,139.15482
2020-06-27 17:00:00,47.69928
2020-06-27 18:00:00,23.256683
2020-06-27 19:00:00,30.438293
2020-06-27 20:00:00,38.54866
2020-06-27 21:00:00,42.29547
2020-06-27 22:00:00,25.197937
2020-06-27 23:00:00,30.521519
2020-06-28 00:00:00,34.059223
2020-06-28 01:00:00,41.92679
2020-06-28 02:00:00,150.14246
2020-06-28 03:00:00,481.22607
2020-06-28 04:00:00,914.12524
2020-06-28 05:00:00,1695.7283
2020-06-28 06:00:00,2331.2893
2020-06-28 07:00:00,2489.5095
2020-06-28 08:00:00,2511.143
2020-06-28 09:00:00,2493.463
2020-06-28 10:00:00,2396.886
2020-06-28 11:00:00,2347.415
2020-06-28 12:00:00,2279.186
2020-06-28 13:00:00,2010.3115
2020-06-28 14:00:00,367.18945
2020-06-28 15:00:00,83.33481
2020-06-28 16:00:00,52.516327
2020-06-28 17:00:00,49.29297
2020-06-28 18:00:00,50.89009
2020-06-28 19:00:00,51.827515
2020-06-28 20:00:00,46.470215
2020-06-28 21:00:00,37.90999
2020-06-28 22:00:00,30.02597
2020-06-28 23:00:00,23.972046
2020-06-29 00:00:00,20.175776
2020-06-29 01:00:00,18.487823
2020-06-29 02:00:00,39.258453
2020-06-29 03:00:00,147.65689
2020-06-29 04:00:00,495.33862
2020-06-29 05:00:00,867.333
2020-06-29 06:00:00,1126.4023
2020-06-29 07:00:00,1356.9739
2020-06-29 08:00:00,1549.229
2020-06-29 09:00:00,1681.3496
2020-06-29 10:00:00,1660.5415
2020-06-29 11:00:00,1639.207
2020-06-29 12:00:00,1384.9329
2020-06-29 13:00:00,597.12036
2020-06-29 14:00:00,110.49745
2020-06-29 15:00:00,45.645905
2020-06-29 16:00:00,31.923813
2020-06-29 17:00:00,24.293167
2020-06-29 18:00:00,17.920446
2020-06-29 19:00:00,18.389479
2020-06-29 20:00:00,21.941828
2020-06-29 21:00:00,21.74418
2020-06-29 22:00:00,18.406662
2020-06-29 23:00:00,22.406872
2020-06-30 00:00:00,24.75138
2020-06-30 01:00:00,29.405838
2020-06-30 02:00:00,38.16249
2020-06-30 03:00:00,86.97536
2020-06-30 04:00:00,288.66458
2020-06-30 05:00:00,516.4492
2020-06-30 06:00:00,790.854
2020-06-30 07:00:00,1442.686
2020-06-30 08:00:00,1769.876
2020-06-30 09:00:00,1943.7432
2020-06-30 10:00:00,1713.9363
2020-06-30 11:00:00,2374.469
2020-06-30 12:00:00,2307.1687
2020-06-30 13:00:00,358.2444
2020-06-30 14:00:00,14.569871
2020-06-30 15:00:00,172.5806
2020-06-30 16:00:00,120.80527
2020-06-30 17:00:00,57.357574
2020-06-30 18:00:00,49.931976
2020-06-30 19:00:00,85.84532
2020-06-30 20:00:00,91.48695
2020-06-30 21:00:00,77.055084
2020-06-30 22:00:00,66.1508
2020-06-30 23:00:00,90.86363
2020-07-01 00:00:00,89.114075
2020-07-01 01:00:00,74.10622
2020-07-01 02:00:00,86.48004
2020-07-01 03:00:00,169.62985
2020-07-01 04:00:00,732.25854
2020-07-01 05:00:00,1570.8438
2020-07-01 06:00:00,2869.182
2020-07-01 07:00:00,3074.7295
2020-07-01 08:00:00,3171.4631
2020-07-01 09:00:00,3229.7996
2020-07-01 10:00:00,3456.6987
2020-07-01 11:00:00,2510.2383
2020-07-01 12:00:00,1788.5549
2020-07-01 13:00:00,363.7661
2020-07-01 14:00:00,213.25897
2020-07-01 15:00:00,118.82538
2020-07-01 16:00:00,62.455032
2020-07-01 17:00:00,54.660187
2020-07-01 18:00:00,56.61078
2020-07-01 19:00:00,54.913193
2020-07-01 20:00:00,48.245483
2020-07-01 21:00:00,51.509613
2020-07-01 22:00:00,51.47072
2020-07-01 23:00:00,56.44786
2020-07-02 00:00:00,59.01979
2020-07-02 01:00:00,85.37718
2020-07-02 02:00:00,233.98972
2020-07-02 03:00:00,512.9585
2020-07-02 04:00:00,669.906
2020-07-02 05:00:00,1014.3074
2020-07-02 06:00:00,1526.877
2020-07-02 07:00:00,1764.219
2020-07-02 08:00:00,1925.0359
2020-07-02 09:00:00,2155.5303
2020-07-02 10:00:00,2359.6057
2020-07-02 11:00:00,2292.2617
2020-07-02 12:00:00,2135.6284
2020-07-02 13:00:00,1903.1199
2020-07-02 14:00:00,604.1658
2020-07-02 15:00:00,379.761
2020-07-02 16:00:00,438.8482
2020-07-02 17:00:00,481.38037
2020-07-02 18:00:00,510.26587
2020-07-02 19:00:00,490.58148
2020-07-02 20:00:00,401.0797
2020-07-02 21:00:00,298.12506
2020-07-02 22:00:00,216.9033
2020-07-02 23:00:00,170.43546
2020-07-03 00:00:00,148.47621
2020-07-03 01:00:00,170.68071
2020-07-03 02:00:00,261.47287
2020-07-03 03:00:00,392.1172
2020-07-03 04:00:00,648.1189
2020-07-03 05:00:00,936.56494
2020-07-03 06:00:00,1138.0203
2020-07-03 07:00:00,1253.8562
2020-07-03 08:00:00,1345.0347
2020-07-03 09:00:00,1443.928
2020-07-03 10:00:00,1541.3955
2020-07-03 11:00:00,1604.8716
2020-07-03 12:00:00,1613.2737
2020-07-03 13:00:00,1515.8555
2020-07-03 14:00:00,430.02832
2020-07-03 15:00:00,157.16026
2020-07-03 16:00:00,101.86978
2020-07-03 17:00:00,86.782776
2020-07-03 18:00:00,75.56859
2020-07-03 19:00:00,51.995087
2020-07-03 20:00:00,41.32585
2020-07-03 21:00:00,40.51909
2020-07-03 22:00:00,41.970932
2020-07-03 23:00:00,27.268402
2020-07-04 00:00:00,21.264748
2020-07-04 01:00:00,27.660227
2020-07-04 02:00:00,78.817245
2020-07-04 03:00:00,272.56738
2020-07-04 04:00:00,575.8589
2020-07-04 05:00:00,1063.875
2020-07-04 06:00:00,1409.7754
2020-07-04 07:00:00,1661.8977
2020-07-04 08:00:00,1863.2329
2020-07-04 09:00:00,2000.4548
2020-07-04 10:00:00,2062.2861
2020-07-04 11:00:00,2074.8804
2020-07-04 12:00:00,2036.5767
2020-07-04 13:00:00,1717.5408
2020-07-04 14:00:00,383.95215
2020-07-04 15:00:00,123.37067
2020-07-04 16:00:00,70.91106
2020-07-04 17:00:00,49.367188
2020-07-04 18:00:00,32.40724
2020-07-04 19:00:00,25.322174
2020-07-04 20:00:00,27.758667
2020-07-04 21:00:00,25.262836
2020-07-04 22:00:00,24.238075
2020-07-04 23:00:00,19.265251
2020-07-05 00:00:00,15.524292
2020-07-05 01:00:00,16.334087
2020-07-05 02:00:00,52.223694
2020-07-05 03:00:00,266.28204
2020-07-05 04:00:00,535.011
2020-07-05 05:00:00,871.17896
2020-07-05 06:00:00,1299.0452
2020-07-05 07:00:00,1756.5156
2020-07-05 08:00:00,2057.8179
2020-07-05 09:00:00,2360.8223
2020-07-05 10:00:00,2557.1123
2020-07-05 11:00:00,2658.495
2020-07-05 12:00:00,2782.7424
2020-07-05 13:00:00,2743.0967
2020-07-05 14:00:00,292.90674
2020-07-05 15:00:00,161.88103
2020-07-05 16:00:00,95.09184
2020-07-05 17:00:00,59.333725
2020-07-05 18:00:00,37.10428
2020-07-05 19:00:00,34.455643
2020-07-05 20:00:00,45.635483
2020-07-05 21:00:00,63.967773
2020-07-05 22:00:00,72.28851
2020-07-05 23:00:00,101.3584
2020-07-06 00:00:00,124.897095
2020-07-06 01:00:00,148.67523
2020-07-06 02:00:00,196.17233
2020-07-06 03:00:00,325.1455
2020-07-06 04:00:00,835.78784
2020-07-06 05:00:00,1619.3909
2020-07-06 06:00:00,2052.9028
2020-07-06 07:00:00,2251.693
2020-07-06 08:00:00,2324.8853
2020-07-06 09:00:00,2359.3484
2020-07-06 10:00:00,2329.221
2020-07-06 11:00:00,2286.6907
2020-07-06 12:00:00,2185.212
2020-07-06 13:00:00,1983.061
2020-07-06 14:00:00,167.82239
2020-07-06 15:00:00,51.429474
2020-07-06 16:00:00,39.578644
2020-07-06 17:00:00,37.195145
2020-07-06 18:00:00,31.02356
2020-07-06 19:00:00,26.966904
2020-07-06 20:00:00,26.89212
2020-07-06 21:00:00,26.267727
2020-07-06 22:00:00,20.508442
2020-07-06 23:00:00,20.642735
2020-07-07 00:00:00,21.00642
2020-07-07 01:00:00,20.007353
2020-07-07 02:00:00,33.922333
2020-07-07 03:00:00,104.994934
2020-07-07 04:00:00,412.8606
2020-07-07 05:00:00,902.98413
2020-07-07 06:00:00,1375.9065
2020-07-07 07:00:00,1611.0334
2020-07-07 08:00:00,1753.8943
2020-07-07 09:00:00,1873.6138
2020-07-07 10:00:00,1862.6709
2020-07-07 11:00:00,1799.99
2020-07-07 12:00:00,1657.645
2020-07-07 13:00:00,680.0083
2020-07-07 14:00:00,58.050476
2020-07-07 15:00:00,32.176468
2020-07-07 16:00:00,27.940338
2020-07-07 17:00:00,23.415771
2020-07-07 18:00:00,19.39711
2020-07-07 19:00:00,19.265095
2020-07-07 20:00:00,21.78283
2020-07-07 21:00:00,23.422813
2020-07-07 22:00:00,17.941547
2020-07-07 23:00:00,16.44569
2020-07-08 00:00:00,15.796082
2020-07-08 01:00:00,14.350103
2020-07-08 02:00:00,37.04239
2020-07-08 03:00:00,127.27945
2020-07-08 04:00:00,299.41284
2020-07-08 05:00:00,584.4529
2020-07-08 06:00:00,978.7285
2020-07-08 07:00:00,1477.3418
2020-07-08 08:00:00,1792.1592
2020-07-08 09:00:00,2090.2246
2020-07-08 10:00:00,2056.1865
2020-07-08 11:00:00,2159.7207
2020-07-08 12:00:00,833.90576
2020-07-08 13:00:00,265.8546
2020-07-08 14:00:00,114.02817
2020-07-08 15:00:00,103.493256
2020-07-08 16:00:00,62.01129
2020-07-08 17:00:00,52.570847
2020-07-08 18:00:00,46.819153
2020-07-08 19:00:00,41.341995
2020-07-08 20:00:00,31.086208
2020-07-08 21:00:00,23.387066
2020-07-08 22:00:00,17.117092
2020-07-08 23:00:00,20.090664
2020-07-09 00:00:00,27.690735
2020-07-09 01:00:00,34.538696
2020-07-09 02:00:00,76.206665
2020-07-09 03:00:00,277.5111
2020-07-09 04:00:00,591.00635
2020-07-09 05:00:00,1027.803
2020-07-09 06:00:00,3072.589
2020-07-09 07:00:00,3336.0295
2020-07-09 08:00:00,3425.9465
2020-07-09 09:00:00,3455.5022
2020-07-09 10:00:00,3389.297
2020-07-09 11:00:00,2573.0823
2020-07-09 12:00:00,949.0674
2020-07-09 13:00:00,175.71606
2020-07-09 14:00:00,102.674576
2020-07-09 15:00:00,80.46579
2020-07-09 16:00:00,64.50255
2020-07-09 17:00:00,63.857193
2020-07-09 18:00:00,76.19742
2020-07-09 19:00:00,62.855286
2020-07-09 20:00:00,47.869186
2020-07-09 21:00:00,37.34912
2020-07-09 22:00:00,26.791245
2020-07-09 23:00:00,29.407635
2020-07-10 00:00:00,33.629993
2020-07-10 01:00:00,32.68446
2020-07-10 02:00:00,65.348404
2020-07-10 03:00:00,181.53754
2020-07-10 04:00:00,438.30273
2020-07-10 05:00:00,991.15063
2020-07-10 06:00:00,1836.0679
2020-07-10 07:00:00,2856.5894
2020-07-10 08:00:00,2262.2192
2020-07-10 09:00:00,1262.1997
2020-07-10 10:00:00,844.6836
2020-07-10 11:00:00,1268.3142
2020-07-10 12:00:00,1138.9666
2020-07-10 13:00:00,537.10986
2020-07-10 14:00:00,41.941574
2020-07-10 15:00:00,59.158447
2020-07-10 16:00:00,37.772724
2020-07-10 17:00:00,30.597378
2020-07-10 18:00:00,23.560186
2020-07-10 19:00:00,22.806229
2020-07-10 20:00:00,20.137606
2020-07-10 21:00:00,38.894215
2020-07-10 22:00:00,90.2961
2020-07-10 23:00:00,127.57608
2020-07-11 00:00:00,131.44302
2020-07-11 01:00:00,123.71147
2020-07-11 02:00:00,144.88762
2020-07-11 03:00:00,260.60632
2020-07-11 04:00:00,616.0586
2020-07-11 05:00:00,1253.2424
2020-07-11 06:00:00,2196.6833
2020-07-11 07:00:00,2507.8713
2020-07-11 08:00:00,2587.1265
2020-07-11 09:00:00,2810.9414
2020-07-11 10:00:00,2532.7017
2020-07-11 11:00:00,1817.7915
2020-07-11 12:00:00,1619.1875
2020-07-11 13:00:00,626.0957
2020-07-11 14:00:00,137.93974
2020-07-11 15:00:00,61.101807
2020-07-11 16:00:00,43.1285
2020-07-11 17:00:00,36.964836
2020-07-11 18:00:00,36.899178
2020-07-11 19:00:00,22.374924
2020-07-11 20:00:00,13.612405
2020-07-11 21:00:00,28.756699
2020-07-11 22:00:00,29.941605
2020-07-11 23:00:00,28.059258
2020-07-12 00:00:00,27.149586
2020-07-12 01:00:00,38.464043
2020-07-12 02:00:00,117.583694
2020-07-12 03:00:00,367.76807
2020-07-12 04:00:00,640.3423
2020-07-12 05:00:00,902.57104
2020-07-12 06:00:00,1161.6289
2020-07-12 07:00:00,1443.6272
2020-07-12 08:00:00,1721.7651
2020-07-12 09:00:00,1916.0483
2020-07-12 10:00:00,1800.1746
2020-07-12 11:00:00,1973.6978
2020-07-12 12:00:00,1882.6814
2020-07-12 13:00:00,694.272
2020-07-12 14:00:00,125.874344
2020-07-12 15:00:00,79.96384
2020-07-12 16:00:00,78.35083
2020-07-12 17:00:00,118.72987
2020-07-12 18:00:00,144.12032
2020-07-12 19:00:00,130.95554
2020-07-12 20:00:00,101.252106
2020-07-12 21:00:00,76.04025
2020-07-12 22:00:00,59.40039
2020-07-12 23:00:00,47.389145
2020-07-13 00:00:00,47.753998
2020-07-13 01:00:00,46.468872
2020-07-13 02:00:00,106.23695
2020-07-13 03:00:00,333.32864
2020-07-13 04:00:00,577.38525
2020-07-13 05:00:00,870.2046
2020-07-13 06:00:00,1176.3823
2020-07-13 07:00:00,1616.4268
2020-07-13 08:00:00,1816.2722
2020-07-13 09:00:00,2202.3752
2020-07-13 10:00:00,877.71265
2020-07-13 11:00:00,777.9258
2020-07-13 12:00:00,846.7029
2020-07-13 13:00:00,341.12988
2020-07-13 14:00:00,191.61429
2020-07-13 15:00:00,66.98596
2020-07-13 16:00:00,80.01166
2020-07-13 17:00:00,122.211685
2020-07-13 18:00:00,91.39963
2020-07-13 19:00:00,61.73095
2020-07-13 20:00:00,40.31485
2020-07-13 21:00:00,28.87752
2020-07-13 22:00:00,17.305391
2020-07-13 23:00:00,17.888935
2020-07-14 00:00:00,22.886978
2020-07-14 01:00:00,28.231663
2020-07-14 02:00:00,48.100983
2020-07-14 03:00:00,141.5231
2020-07-14 04:00:00,493.8806
2020-07-14 05:00:00,974.26294
2020-07-14 06:00:00,1707.5039
2020-07-14 07:00:00,2337.022
2020-07-14 08:00:00,2520.1687
2020-07-14 09:00:00,2677.853
2020-07-14 10:00:00,2054.9722
2020-07-14 11:00:00,1093.9456
2020-07-14 12:00:00,686.89526
2020-07-14 13:00:00,455.3269
2020-07-14 14:00:00,136.9175
2020-07-14 15:00:00,55.47563
2020-07-14 16:00:00,44.96489
2020-07-14 17:00:00,37.52838
2020-07-14 18:00:00,33.912415
2020-07-14 19:00:00,31.239395
2020-07-14 20:00:00,28.468765
2020-07-14 21:00:00,26.701279
2020-07-14 22:00:00,19.888998
2020-07-14 23:00:00,19.49223
2020-07-15 00:00:00,19.00969
2020-07-15 01:00:00,19.773712
2020-07-15 02:00:00,40.795853
2020-07-15 03:00:00,122.954346
2020-07-15 04:00:00,490.344
2020-07-15 05:00:00,1006.2163
2020-07-15 06:00:00,1628.5264
2020-07-15 07:00:00,2180.2769
2020-07-15 08:00:00,2389.14
2020-07-15 09:00:00,2262.0605
2020-07-15 10:00:00,1414.8535
2020-07-15 11:00:00,1648.5615
2020-07-15 12:00:00,1076.2412
2020-07-15 13:00:00,72.52771
2020-07-15 14:00:00,67.443726
2020-07-15 15:00:00,175.49507
2020-07-15 16:00:00,219.73581
2020-07-15 17:00:00,170.99918
2020-07-15 18:00:00,104.44281
2020-07-15 19:00:00,58.045746
2020-07-15 20:00:00,36.129116
2020-07-15 21:00:00,27.777218
2020-07-15 22:00:00,17.25755
2020-07-15 23:00:00,19.671417
2020-07-16 00:00:00,29.140945
2020-07-16 01:00:00,42.64386
2020-07-16 02:00:00,65.596634
2020-07-16 03:00:00,169.27995
2020-07-16 04:00:00,445.56982
2020-07-16 05:00:00,1078.425
2020-07-16 06:00:00,1919.6047
2020-07-16 07:00:00,2698.7932
2020-07-16 08:00:00,2989.8918
2020-07-16 09:00:00,3109.8992
2020-07-16 10:00:00,3518.583
2020-07-16 11:00:00,3404.742
2020-07-16 12:00:00,1132.2036
2020-07-16 13:00:00,226.88965
2020-07-16 14:00:00,39.118393
2020-07-16 15:00:00,31.87082
2020-07-16 16:00:00,41.270508
2020-07-16 17:00:00,56.953125
2020-07-16 18:00:00,64.65468
2020-07-16 19:00:00,62.10704
2020-07-16 20:00:00,50.605606
2020-07-16 21:00:00,40.31035
2020-07-16 22:00:00,30.915985
2020-07-16 23:00:00,31.724472
2020-07-17 00:00:00,30.905563
2020-07-17 01:00:00,37.467438
2020-07-17 02:00:00,68.01636
2020-07-17 03:00:00,144.17427
2020-07-17 04:00:00,349.40527
2020-07-17 05:00:00,802.6135
2020-07-17 06:00:00,1857.0354
2020-07-17 07:00:00,3107.9424
2020-07-17 08:00:00,3253.1316
2020-07-17 09:00:00,3280.9822
2020-07-17 10:00:00,3615.3152
2020-07-17 11:00:00,1042.447
2020-07-17 12:00:00,1227.1746
2020-07-17 13:00:00,292.9292
2020-07-17 14:00:00,173.37569
2020-07-17 15:00:00,114.86978
2020-07-17 16:00:00,93.59419
2020-07-17 17:00:00,78.88985
2020-07-17 18:00:00,67.02489
2020-07-17 19:00:00,59.045853
2020-07-17 20:00:00,53.78528
2020-07-17 21:00:00,49.12863
2020-07-17 22:00:00,39.99786
2020-07-17 23:00:00,35.57636
2020-07-18 00:00:00,31.87207
2020-07-18 01:00:00,32.73005
2020-07-18 02:00:00,63.880203
2020-07-18 03:00:00,228.85817
2020-07-18 04:00:00,623.5762
2020-07-18 05:00:00,912.1355
2020-07-18 06:00:00,1367.4214
2020-07-18 07:00:00,1810.1062
2020-07-18 08:00:00,1728.9395
2020-07-18 09:00:00,2367.0864
2020-07-18 10:00:00,570.98364
2020-07-18 11:00:00,1256.3984
2020-07-18 12:00:00,969.0598
2020-07-18 13:00:00,607.0205
2020-07-18 14:00:00,160.85739
2020-07-18 15:00:00,77.534805
2020-07-18 16:00:00,61.093414
2020-07-18 17:00:00,49.860336
2020-07-18 18:00:00,42.437103
2020-07-18 19:00:00,36.583084
2020-07-18 20:00:00,34.698357
2020-07-18 21:00:00,35.812958
2020-07-18 22:00:00,50.340363
2020-07-18 23:00:00,58.11171
2020-07-19 00:00:00,56.50528
2020-07-19 01:00:00,58.948105
2020-07-19 02:00:00,80.311264
2020-07-19 03:00:00,167.0217
2020-07-19 04:00:00,368.6101
2020-07-19 05:00:00,822.4265
2020-07-19 06:00:00,1438.9204
2020-07-19 07:00:00,2025.3018
2020-07-19 08:00:00,2806.0132
2020-07-19 09:00:00,3085.4556
2020-07-19 10:00:00,1561.5725
2020-07-19 11:00:00,2457.5535
2020-07-19 12:00:00,710.71094
2020-07-19 13:00:00,308.4756
2020-07-19 14:00:00,173.37051
2020-07-19 15:00:00,127.95265
2020-07-19 16:00:00,98.70973
2020-07-19 17:00:00,69.95297
2020-07-19 18:00:00,55.799118
2020-07-19 19:00:00,50.24733
2020-07-19 20:00:00,50.313873
2020-07-19 21:00:00,58.4917
2020-07-19 22:00:00,78.971695
2020-07-19 23:00:00,79.77673
2020-07-20 00:00:00,76.91737
2020-07-20 01:00:00,69.41962
2020-07-20 02:00:00,95.43927
2020-07-20 03:00:00,199.56293
2020-07-20 04:00:00,473.3025
2020-07-20 05:00:00,706.31104
2020-07-20 06:00:00,969.68823
2020-07-20 07:00:00,1345.4553
2020-07-20 08:00:00,2919.817
2020-07-20 09:00:00,1079.9641
2020-07-20 10:00:00,474.82788
2020-07-20 11:00:00,305.8247
2020-07-20 12:00:00,313.48877
2020-07-20 13:00:00,298.32104
2020-07-20 14:00:00,239.35051
2020-07-20 15:00:00,179.4169
2020-07-20 16:00:00,126.11188
2020-07-20 17:00:00,78.41202
2020-07-20 18:00:00,51.82852
2020-07-20 19:00:00,40.851746
2020-07-20 20:00:00,33.41313
2020-07-20 21:00:00,30.936111
2020-07-20 22:00:00,19.46019
2020-07-20 23:00:00,21.31099
2020-07-21 00:00:00,19.548187
2020-07-21 01:00:00,19.909538
2020-07-21 02:00:00,47.069626
2020-07-21 03:00:00,222.63557
2020-07-21 04:00:00,407.8069
2020-07-21 05:00:00,587.8052
2020-07-21 06:00:00,819.4402
2020-07-21 07:00:00,1194.4385
2020-07-21 08:00:00,2842.1853
2020-07-21 09:00:00,3154.4495
2020-07-21 10:00:00,3254.876
2020-07-21 11:00:00,3296.372
2020-07-21 12:00:00,1049.8877
2020-07-21 13:00:00,322.03906
2020-07-21 14:00:00,252.37839
2020-07-21 15:00:00,192.22984
2020-07-21 16:00:00,145.63017
2020-07-21 17:00:00,100.87839
2020-07-21 18:00:00,73.411255
2020-07-21 19:00:00,61.259155
2020-07-21 20:00:00,51.778137
2020-07-21 21:00:00,47.84108
2020-07-21 22:00:00,44.989487
2020-07-21 23:00:00,44.621857
2020-07-22 00:00:00,46.87584
2020-07-22 01:00:00,45.25798
2020-07-22 02:00:00,52.950104
2020-07-22 03:00:00,124.047806
2020-07-22 04:00:00,330.81445
2020-07-22 05:00:00,595.51807
2020-07-22 06:00:00,958.0371
2020-07-22 07:00:00,1687.7183
2020-07-22 08:00:00,2308.9214
2020-07-22 09:00:00,2458.9312
2020-07-22 10:00:00,3349.569
2020-07-22 11:00:00,2310.9502
2020-07-22 12:00:00,1185.8135
2020-07-22 13:00:00,233.94864
2020-07-22 14:00:00,78.19389
2020-07-22 15:00:00,58.561264
2020-07-22 16:00:00,50.29602
2020-07-22 17:00:00,45.34749
2020-07-22 18:00:00,40.250927
2020-07-22 19:00:00,35.80412
2020-07-22 20:00:00,34.770615
2020-07-22 21:00:00,31.151176
2020-07-22 22:00:00,19.363548
2020-07-22 23:00:00,18.03915
2020-07-23 00:00:00,19.089096
2020-07-23 01:00:00,18.017319
2020-07-23 02:00:00,19.711441
2020-07-23 03:00:00,55.167908
2020-07-23 04:00:00,176.89853
2020-07-23 05:00:00,432.73633
2020-07-23 06:00:00,709.7444
2020-07-23 07:00:00,1051.3904
2020-07-23 08:00:00,1683.7151
2020-07-23 09:00:00,2212.2961
2020-07-23 10:00:00,2590.4148
2020-07-23 11:00:00,2338.7268
2020-07-23 12:00:00,1233.7471
2020-07-23 13:00:00,124.36438
2020-07-23 14:00:00,55.032516
2020-07-23 15:00:00,36.488113
2020-07-23 16:00:00,35.245636
2020-07-23 17:00:00,29.287811
2020-07-23 18:00:00,74.11937
2020-07-23 19:00:00,199.57195
2020-07-23 20:00:00,273.4332
2020-07-23 21:00:00,258.05444
2020-07-23 22:00:00,157.54845
2020-07-23 23:00:00,63.511734
2020-07-24 00:00:00,72.53084
2020-07-24 01:00:00,130.78523
2020-07-24 02:00:00,127.00821
2020-07-24 03:00:00,316.84375
2020-07-24 04:00:00,472.86963
2020-07-24 05:00:00,744.4907
2020-07-24 06:00:00,938.9968
2020-07-24 07:00:00,1206.4861
2020-07-24 08:00:00,1396.1655
2020-07-24 09:00:00,1528.1895
2020-07-24 10:00:00,1193.4712
2020-07-24 11:00:00,1475.1013
2020-07-24 12:00:00,1439.5652
2020-07-24 13:00:00,939.0027
2020-07-24 14:00:00,83.33276
2020-07-24 15:00:00,60.722763
2020-07-24 16:00:00,72.33682
2020-07-24 17:00:00,71.389755
2020-07-24 18:00:00,65.232864
2020-07-24 19:00:00,58.28383
2020-07-24 20:00:00,47.833008
2020-07-24 21:00:00,50.12854
2020-07-24 22:00:00,41.05092
2020-07-24 23:00:00,38.14656
2020-07-25 00:00:00,33.96013
2020-07-25 01:00:00,33.24434
2020-07-25 02:00:00,52.37439
2020-07-25 03:00:00,121.17316
2020-07-25 04:00:00,357.9475
2020-07-25 05:00:00,779.4978
2020-07-25 06:00:00,1241.3577
2020-07-25 07:00:00,1752.8369
2020-07-25 08:00:00,2024.3899
2020-07-25 09:00:00,2233.2395
2020-07-25 10:00:00,2466.0466
2020-07-25 11:00:00,2075.8474
2020-07-25 12:00:00,1856.6125
2020-07-25 13:00:00,664.2114
2020-07-25 14:00:00,38.431107
2020-07-25 15:00:00,19.880783
2020-07-25 16:00:00,23.006058
2020-07-25 17:00:00,23.753372
2020-07-25 18:00:00,29.501053
2020-07-25 19:00:00,31.785538
2020-07-25 20:00:00,32.19957
2020-07-25 21:00:00,29.336708
2020-07-25 22:00:00,30.338852
2020-07-25 23:00:00,31.878017
2020-07-26 00:00:00,32.730743
2020-07-26 01:00:00,27.007736
2020-07-26 02:00:00,36.204178
2020-07-26 03:00:00,89.676926
2020-07-26 04:00:00,282.12653
2020-07-26 05:00:00,494.06543
2020-07-26 06:00:00,653.6035
2020-07-26 07:00:00,1211.8408
2020-07-26 08:00:00,2008.7278
2020-07-26 09:00:00,2316.9802
2020-07-26 10:00:00,3026.3582
2020-07-26 11:00:00,1432.2759
2020-07-26 12:00:00,1534.3752
2020-07-26 13:00:00,197.92378
2020-07-26 14:00:00,303.1401
2020-07-26 15:00:00,421.0332
2020-07-26 16:00:00,471.357
2020-07-26 17:00:00,285.71133
2020-07-26 18:00:00,133.1114
2020-07-26 19:00:00,59.631363
2020-07-26 20:00:00,33.89543
2020-07-26 21:00:00,37.518112
2020-07-26 22:00:00,34.691406
2020-07-26 23:00:00,36.27858
2020-07-27 00:00:00,31.990143
2020-07-27 01:00:00,26.59404
2020-07-27 02:00:00,124.255646
2020-07-27 03:00:00,260.69684
2020-07-27 04:00:00,458.14478
2020-07-27 05:00:00,775.1316
2020-07-27 06:00:00,1519.4978
2020-07-27 07:00:00,2185.2573
2020-07-27 08:00:00,2391.4229
2020-07-27 09:00:00,2474.7026
2020-07-27 10:00:00,2404.834
2020-07-27 11:00:00,2169.4517
2020-07-27 12:00:00,1915.9829
2020-07-27 13:00:00,622.69604
2020-07-27 14:00:00,108.75557
2020-07-27 15:00:00,66.95151
2020-07-27 16:00:00,53.385765
2020-07-27 17:00:00,38.586845
2020-07-27 18:00:00,26.483246
2020-07-27 19:00:00,22.149212
2020-07-27 20:00:00,25.48777
2020-07-27 21:00:00,25.45102
2020-07-27 22:00:00,23.967823
2020-07-27 23:00:00,23.34586
2020-07-28 00:00:00,24.562305
2020-07-28 01:00:00,29.693539
2020-07-28 02:00:00,61.065613
2020-07-28 03:00:00,199.26176
2020-07-28 04:00:00,410.6819
2020-07-28 05:00:00,647.9231
2020-07-28 06:00:00,1515.2234
2020-07-28 07:00:00,2429.2627
2020-07-28 08:00:00,2422.591
2020-07-28 09:00:00,2454.812
2020-07-28 10:00:00,1109.2871
2020-07-28 11:00:00,1241.4414
2020-07-28 12:00:00,832.6199
2020-07-28 13:00:00,384.30493
2020-07-28 14:00:00,189.09749
2020-07-28 15:00:00,121.548996
2020-07-28 16:00:00,88.88495
2020-07-28 17:00:00,60.447952
2020-07-28 18:00:00,26.41481
2020-07-28 19:00:00,16.676033
2020-07-28 20:00:00,21.231287
2020-07-28 21:00:00,23.997845
2020-07-28 22:00:00,18.295944
2020-07-28 23:00:00,14.380891
2020-07-29 00:00:00,24.413803
2020-07-29 01:00:00,42.10063
2020-07-29 02:00:00,69.02107
2020-07-29 03:00:00,154.54584
2020-07-29 04:00:00,371.54883
2020-07-29 05:00:00,741.62256
2020-07-29 06:00:00,1145.6509
2020-07-29 07:00:00,1664.2231
2020-07-29 08:00:00,2033.5562
2020-07-29 09:00:00,2255.3489
2020-07-29 10:00:00,2358.7512
2020-07-29 11:00:00,2326.3264
2020-07-29 12:00:00,2175.8965
2020-07-29 13:00:00,1088.1831
2020-07-29 14:00:00,238.53984
2020-07-29 15:00:00,106.671844
2020-07-29 16:00:00,77.91873
2020-07-29 17:00:00,63.43988
2020-07-29 18:00:00,45.994354
2020-07-29 19:00:00,33.005753
2020-07-29 20:00:00,28.905182
2020-07-29 21:00:00,27.379501
2020-07-29 22:00:00,23.453556
2020-07-29 23:00:00,23.232014
2020-07-30 00:00:00,22.175884
2020-07-30 01:00:00,20.186327
2020-07-30 02:00:00,28.403473
2020-07-30 03:00:00,85.03349
2020-07-30 04:00:00,273.5149
2020-07-30 05:00:00,574.3567
2020-07-30 06:00:00,985.70264
2020-07-30 07:00:00,1309.6934
2020-07-30 08:00:00,1535.3293
2020-07-30 09:00:00,1624.8425
2020-07-30 10:00:00,1534.8882
2020-07-30 11:00:00,1465.4395
2020-07-30 12:00:00,1368.0093
2020-07-30 13:00:00,107.54088
2020-07-30 14:00:00,78.83519
2020-07-30 15:00:00,41.51021
2020-07-30 16:00:00,32.51092
2020-07-30 17:00:00,27.970856
2020-07-30 18:00:00,24.004883
2020-07-30 19:00:00,24.696625
2020-07-30 20:00:00,19.471298
2020-07-30 21:00:00,16.407034
2020-07-30 22:00:00,26.532494
2020-07-30 23:00:00,41.58062
2020-07-31 00:00:00,58.30081
2020-07-31 01:00:00,66.08545
2020-07-31 02:00:00,89.125
2020-07-31 03:00:00,343.75662
2020-07-31 04:00:00,888.407
2020-07-31 05:00:00,993.33154
2020-07-31 06:00:00,1270.2458
2020-07-31 07:00:00,1496.1138
2020-07-31 08:00:00,1466.5278
2020-07-31 09:00:00,1421.0227
2020-07-31 10:00:00,1107.7344
2020-07-31 11:00:00,1128.4958
2020-07-31 12:00:00,1073.3289
2020-07-31 13:00:00,351.33838
2020-07-31 14:00:00,128.07867
2020-07-31 15:00:00,117.38779
2020-07-31 16:00:00,103.21585
2020-07-31 17:00:00,143.26625
2020-07-31 18:00:00,188.15033
2020-07-31 19:00:00,199.27943
2020-07-31 20:00:00,186.68826
2020-07-31 21:00:00,175.26945
2020-07-31 22:00:00,116.777115
2020-07-31 23:00:00,102.45233
2020-08-01 00:00:00,107.433426
2020-08-01 01:00:00,118.9344
2020-08-01 02:00:00,186.60938
2020-08-01 03:00:00,284.22873
2020-08-01 04:00:00,478.7627
2020-08-01 05:00:00,962.68115
2020-08-01 06:00:00,1305.8501
2020-08-01 07:00:00,1526.9443
2020-08-01 08:00:00,1733.397
2020-08-01 09:00:00,1933.2764
2020-08-01 10:00:00,1536.2097
2020-08-01 11:00:00,1466.706
2020-08-01 12:00:00,1531.0374
2020-08-01 13:00:00,469.57007
2020-08-01 14:00:00,49.228226
2020-08-01 15:00:00,24.87738
2020-08-01 16:00:00,24.343018
2020-08-01 17:00:00,21.75021
2020-08-01 18:00:00,32.482193
2020-08-01 19:00:00,33.569626
2020-08-01 20:00:00,30.467209
2020-08-01 21:00:00,23.25969
2020-08-01 22:00:00,17.586681
2020-08-01 23:00:00,15.796337
2020-08-02 00:00:00,15.949776
2020-08-02 01:00:00,15.965909
2020-08-02 02:00:00,27.648117
2020-08-02 03:00:00,123.97632
2020-08-02 04:00:00,436.7898
2020-08-02 05:00:00,1038.1858
2020-08-02 06:00:00,1879.1499
2020-08-02 07:00:00,2253.3445
2020-08-02 08:00:00,2504.3364
2020-08-02 09:00:00,2708.9695
2020-08-02 10:00:00,2561.7622
2020-08-02 11:00:00,2694.158
2020-08-02 12:00:00,2624.1543
2020-08-02 13:00:00,2080.0999
2020-08-02 14:00:00,58.81938
2020-08-02 15:00:00,28.768509
2020-08-02 16:00:00,30.825958
2020-08-02 17:00:00,30.59845
2020-08-02 18:00:00,31.215347
2020-08-02 19:00:00,28.427261
2020-08-02 20:00:00,23.434536
2020-08-02 21:00:00,21.038696
2020-08-02 22:00:00,16.193233
2020-08-02 23:00:00,15.737096
2020-08-03 00:00:00,15.167561
2020-08-03 01:00:00,14.761199
2020-08-03 02:00:00,24.63388
2020-08-03 03:00:00,104.70978
2020-08-03 04:00:00,325.51245
2020-08-03 05:00:00,824.8357
2020-08-03 06:00:00,1683.5317
2020-08-03 07:00:00,2121.221
2020-08-03 08:00:00,2313.8005
2020-08-03 09:00:00,2443.5225
2020-08-03 10:00:00,2464.0913
2020-08-03 11:00:00,2422.4846
2020-08-03 12:00:00,2341.56
2020-08-03 13:00:00,837.24634
2020-08-03 14:00:00,66.79059
2020-08-03 15:00:00,61.020798
2020-08-03 16:00:00,70.91814
2020-08-03 17:00:00,68.59192
2020-08-03 18:00:00,55.532074
2020-08-03 19:00:00,47.91722
2020-08-03 20:00:00,48.39971
2020-08-03 21:00:00,50.266354
2020-08-03 22:00:00,50.600273
2020-08-03 23:00:00,48.781258
2020-08-04 00:00:00,41.638977
2020-08-04 01:00:00,35.794743
2020-08-04 02:00:00,54.500687
2020-08-04 03:00:00,194.70045
2020-08-04 04:00:00,436.19336
2020-08-04 05:00:00,682.2175
2020-08-04 06:00:00,1408.4004
2020-08-04 07:00:00,2511.2954
2020-08-04 08:00:00,2607.8352
2020-08-04 09:00:00,2682.5933
2020-08-04 10:00:00,2822.5261
2020-08-04 11:00:00,2750.7207
2020-08-04 12:00:00,2703.0496
2020-08-04 13:00:00,2222.1182
2020-08-04 14:00:00,54.56517
2020-08-04 15:00:00,56.374878
2020-08-04 16:00:00,66.02936
2020-08-04 17:00:00,67.10228
2020-08-04 18:00:00,60.01149
2020-08-04 19:00:00,49.216217
2020-08-04 20:00:00,44.639694
2020-08-04 21:00:00,42.57489
2020-08-04 22:00:00,31.30893
2020-08-04 23:00:00,33.4355
2020-08-05 00:00:00,34.092148
2020-08-05 01:00:00,34.663254
2020-08-05 02:00:00,48.773148
2020-08-05 03:00:00,114.701355
2020-08-05 04:00:00,306.47852
2020-08-05 05:00:00,593.4131
2020-08-05 06:00:00,1008.54395
2020-08-05 07:00:00,1825.0593
2020-08-05 08:00:00,2837.5024
2020-08-05 09:00:00,2875.1907
2020-08-05 10:00:00,3389.8506
2020-08-05 11:00:00,2828.5955
2020-08-05 12:00:00,2441.4553
2020-08-05 13:00:00,591.9968
2020-08-05 14:00:00,19.002106
2020-08-05 15:00:00,13.917689
2020-08-05 16:00:00,15.809193
2020-08-05 17:00:00,20.04654
2020-08-05 18:00:00,17.583984
2020-08-05 19:00:00,16.350866
2020-08-05 20:00:00,15.091862
2020-08-05 21:00:00,13.839481
2020-08-05 22:00:00,22.250038
2020-08-05 23:00:00,29.650036
2020-08-06 00:00:00,40.275978
2020-08-06 01:00:00,41.51632
2020-08-06 02:00:00,59.50421
2020-08-06 03:00:00,197.99255
2020-08-06 04:00:00,444.0813
2020-08-06 05:00:00,618.1406
2020-08-06 06:00:00,778.9551
2020-08-06 07:00:00,946.1765
2020-08-06 08:00:00,1161.605
2020-08-06 09:00:00,1435.5208
2020-08-06 10:00:00,1909.7134
2020-08-06 11:00:00,1768.2634
2020-08-06 12:00:00,1666.7178
2020-08-06 13:00:00,288.18774
2020-08-06 14:00:00,55.71573
2020-08-06 15:00:00,29.022964
2020-08-06 16:00:00,26.336151
2020-08-06 17:00:00,27.494125
2020-08-06 18:00:00,21.66452
2020-08-06 19:00:00,22.802185
2020-08-06 20:00:00,23.763489
2020-08-06 21:00:00,20.850609
2020-08-06 22:00:00,16.18449
2020-08-06 23:00:00,19.449326
2020-08-07 00:00:00,27.044338
2020-08-07 01:00:00,34.434296
2020-08-07 02:00:00,97.70364
2020-08-07 03:00:00,270.19556
2020-08-07 04:00:00,430.59692
2020-08-07 05:00:00,579.2053
2020-08-07 06:00:00,737.96606
2020-08-07 07:00:00,893.14136
2020-08-07 08:00:00,1048.6946
2020-08-07 09:00:00,1255.8337
2020-08-07 10:00:00,1420.6453
2020-08-07 11:00:00,1707.8635
2020-08-07 12:00:00,1770.0007
2020-08-07 13:00:00,300.88428
2020-08-07 14:00:00,41.531204
2020-08-07 15:00:00,46.302322
2020-08-07 16:00:00,102.00102
2020-08-07 17:00:00,175.52583
2020-08-07 18:00:00,166.87216
2020-08-07 19:00:00,142.28368
2020-08-07 20:00:00,117.87042
2020-08-07 21:00:00,75.000854
2020-08-07 22:00:00,50.785896
2020-08-07 23:00:00,33.905594
2020-08-08 00:00:00,32.238705
2020-08-08 01:00:00,30.685497
2020-08-08 02:00:00,41.297302
2020-08-08 03:00:00,151.68546
2020-08-08 04:00:00,433.6411
2020-08-08 05:00:00,877.15845
2020-08-08 06:00:00,1367.3313
2020-08-08 07:00:00,1632.385
2020-08-08 08:00:00,1775.1472
2020-08-08 09:00:00,1860.4141
2020-08-08 10:00:00,1894.8657
2020-08-08 11:00:00,1992.7773
2020-08-08 12:00:00,1965.1975
2020-08-08 13:00:00,1393.2932
2020-08-08 14:00:00,194.06776
2020-08-08 15:00:00,49.033142
2020-08-08 16:00:00,32.667343
2020-08-08 17:00:00,36.34723
2020-08-08 18:00:00,36.43138
2020-08-08 19:00:00,44.45073
2020-08-08 20:00:00,54.04413
2020-08-08 21:00:00,64.95079
2020-08-08 22:00:00,150.25342
2020-08-08 23:00:00,197.28123
2020-08-09 00:00:00,156.34569
2020-08-09 01:00:00,132.90607
2020-08-09 02:00:00,197.11407
2020-08-09 03:00:00,443.9099
2020-08-09 04:00:00,712.31274
2020-08-09 05:00:00,1031.688
2020-08-09 06:00:00,1995.3923
2020-08-09 07:00:00,2229.7903
2020-08-09 08:00:00,2432.4673
2020-08-09 09:00:00,2559.2478
2020-08-09 10:00:00,2834.4556
2020-08-09 11:00:00,2592.7087
2020-08-09 12:00:00,2395.5122
2020-08-09 13:00:00,2117.4927
2020-08-09 14:00:00,29.804184
2020-08-09 15:00:00,37.729675
2020-08-09 16:00:00,43.463028
2020-08-09 17:00:00,45.185898
2020-08-09 18:00:00,46.55818
2020-08-09 19:00:00,39.79904
2020-08-09 20:00:00,32.084423
2020-08-09 21:00:00,23.865135
2020-08-09 22:00:00,22.72055
2020-08-09 23:00:00,21.745777
2020-08-10 00:00:00,23.290895
2020-08-10 01:00:00,22.850286
2020-08-10 02:00:00,33.405502
2020-08-10 03:00:00,117.57109
2020-08-10 04:00:00,378.5669
2020-08-10 05:00:00,734.9817
2020-08-10 06:00:00,1548.227
2020-08-10 07:00:00,2455.2502
2020-08-10 08:00:00,2634.4329
2020-08-10 09:00:00,2763.5134
2020-08-10 10:00:00,2827.111
2020-08-10 11:00:00,2728.7783
2020-08-10 12:00:00,2522.1548
2020-08-10 13:00:00,2337.8513
2020-08-10 14:00:00,37.455383
2020-08-10 15:00:00,52.391464
2020-08-10 16:00:00,70.061935
2020-08-10 17:00:00,71.24692
2020-08-10 18:00:00,58.351547
2020-08-10 19:00:00,60.332886
2020-08-10 20:00:00,61.402344
2020-08-10 21:00:00,51.6416
2020-08-10 22:00:00,50.52339
2020-08-10 23:00:00,48.334457
2020-08-11 00:00:00,30.13124
2020-08-11 01:00:00,20.57013
2020-08-11 02:00:00,17.808609
2020-08-11 03:00:00,138.94211
2020-08-11 04:00:00,447.6311
2020-08-11 05:00:00,680.44116
2020-08-11 06:00:00,975.58887
2020-08-11 07:00:00,1852.3093
2020-08-11 08:00:00,2131.867
2020-08-11 09:00:00,2312.6501
2020-08-11 10:00:00,2504.219
2020-08-11 11:00:00,2280.7598
2020-08-11 12:00:00,2169.0955
2020-08-11 13:00:00,1575.4277
2020-08-11 14:00:00,160.11069
2020-08-11 15:00:00,62.700592
2020-08-11 16:00:00,53.964813
2020-08-11 17:00:00,56.01335
2020-08-11 18:00:00,53.72531
2020-08-11 19:00:00,49.77101
2020-08-11 20:00:00,41.613937
2020-08-11 21:00:00,33.343422
2020-08-11 22:00:00,29.841125
2020-08-11 23:00:00,28.007452
2020-08-12 00:00:00,28.478563
2020-08-12 01:00:00,23.751213
2020-08-12 02:00:00,28.805775
2020-08-12 03:00:00,107.50203
2020-08-12 04:00:00,293.5161
2020-08-12 05:00:00,606.9092
2020-08-12 06:00:00,1282.575
2020-08-12 07:00:00,1838.9619
2020-08-12 08:00:00,1980.3301
2020-08-12 09:00:00,2041.6416
2020-08-12 10:00:00,2049.6672
2020-08-12 11:00:00,2004.6243
2020-08-12 12:00:00,1907.7407
2020-08-12 13:00:00,605.25586
2020-08-12 14:00:00,161.6309
2020-08-12 15:00:00,81.49237
2020-08-12 16:00:00,66.29501
2020-08-12 17:00:00,67.28818
2020-08-12 18:00:00,59.585495
2020-08-12 19:00:00,49.195816
2020-08-12 20:00:00,39.7966
2020-08-12 21:00:00,31.924301
2020-08-12 22:00:00,22.994385
2020-08-12 23:00:00,20.351168
2020-08-13 00:00:00,20.091793
2020-08-13 01:00:00,21.116703
2020-08-13 02:00:00,33.3668
2020-08-13 03:00:00,67.42407
2020-08-13 04:00:00,318.43677
2020-08-13 05:00:00,634.3408
2020-08-13 06:00:00,1248.0022
2020-08-13 07:00:00,1979.0964
2020-08-13 08:00:00,2319.7346
2020-08-13 09:00:00,2348.4475
2020-08-13 10:00:00,2384.724
2020-08-13 11:00:00,2273.7646
2020-08-13 12:00:00,2092.102
2020-08-13 13:00:00,810.0913
2020-08-13 14:00:00,24.792725
2020-08-13 15:00:00,28.410622
2020-08-13 16:00:00,32.604523
2020-08-13 17:00:00,29.816181
2020-08-13 18:00:00,24.806747
2020-08-13 19:00:00,22.222733
2020-08-13 20:00:00,23.888721
2020-08-13 21:00:00,25.473957
2020-08-13 22:00:00,28.870178
2020-08-13 23:00:00,30.95338
2020-08-14 00:00:00,31.037203
2020-08-14 01:00:00,28.667723
2020-08-14 02:00:00,33.985126
2020-08-14 03:00:00,77.653824
2020-08-14 04:00:00,252.54326
2020-08-14 05:00:00,918.2427
2020-08-14 06:00:00,1637.1833
2020-08-14 07:00:00,1818.7515
2020-08-14 08:00:00,1990.8198
2020-08-14 09:00:00,2133.791
2020-08-14 10:00:00,2186.4905
2020-08-14 11:00:00,2105.3652
2020-08-14 12:00:00,2034.5442
2020-08-14 13:00:00,346.69067
2020-08-14 14:00:00,92.84955
2020-08-14 15:00:00,50.080185
2020-08-14 16:00:00,45.65645
2020-08-14 17:00:00,43.507507
2020-08-14 18:00:00,33.04605
2020-08-14 19:00:00,28.073124
2020-08-14 20:00:00,25.736645
2020-08-14 21:00:00,25.051315
2020-08-14 22:00:00,25.400732
2020-08-14 23:00:00,23.776875
2020-08-15 00:00:00,19.60331
2020-08-15 01:00:00,16.009628
2020-08-15 02:00:00,15.304487
2020-08-15 03:00:00,59.56807
2020-08-15 04:00:00,208.312
2020-08-15 05:00:00,474.7422
2020-08-15 06:00:00,870.7407
2020-08-15 07:00:00,1240.9656
2020-08-15 08:00:00,1482.2776
2020-08-15 09:00:00,1663.1863
2020-08-15 10:00:00,1804.3267
2020-08-15 11:00:00,1769.4148
2020-08-15 12:00:00,1621.1257
2020-08-15 13:00:00,172.64459
2020-08-15 14:00:00,41.383163
2020-08-15 15:00:00,21.060928
2020-08-15 16:00:00,18.492783
2020-08-15 17:00:00,16.879272
2020-08-15 18:00:00,20.168224
2020-08-15 19:00:00,24.303524
2020-08-15 20:00:00,22.303535
2020-08-15 21:00:00,21.09962
2020-08-15 22:00:00,18.35247
2020-08-15 23:00:00,19.274529
2020-08-16 00:00:00,20.699604
2020-08-16 01:00:00,17.615215
2020-08-16 02:00:00,14.173986
2020-08-16 03:00:00,46.20381
2020-08-16 04:00:00,135.07074
2020-08-16 05:00:00,223.99438
2020-08-16 06:00:00,702.74927
2020-08-16 07:00:00,881.2239
2020-08-16 08:00:00,821.52344
2020-08-16 09:00:00,1093.4014
2020-08-16 10:00:00,1463.8792
2020-08-16 11:00:00,318.26978
2020-08-16 12:00:00,279.44714
2020-08-16 13:00:00,136.89703
2020-08-16 14:00:00,50.360123
2020-08-16 15:00:00,26.76529
2020-08-16 16:00:00,29.188202
2020-08-16 17:00:00,30.165344
2020-08-16 18:00:00,27.286545
2020-08-16 19:00:00,25.90976
2020-08-16 20:00:00,22.400589
2020-08-16 21:00:00,20.524887
2020-08-16 22:00:00,31.708694
2020-08-16 23:00:00,41.055954
2020-08-17 00:00:00,40.839752
2020-08-17 01:00:00,34.004066
2020-08-17 02:00:00,40.841293
2020-08-17 03:00:00,124.363495
2020-08-17 04:00:00,335.49725
2020-08-17 05:00:00,553.60645
2020-08-17 06:00:00,645.7119
2020-08-17 07:00:00,784.7346
2020-08-17 08:00:00,991.26904
2020-08-17 09:00:00,1084.2449
2020-08-17 10:00:00,602.9343
2020-08-17 11:00:00,654.0708
2020-08-17 12:00:00,707.27075
2020-08-17 13:00:00,310.54102
2020-08-17 14:00:00,118.79562
2020-08-17 15:00:00,113.20172
2020-08-17 16:00:00,310.87573
2020-08-17 17:00:00,443.82703
2020-08-17 18:00:00,400.08704
2020-08-17 19:00:00,298.3106
2020-08-17 20:00:00,229.65909
2020-08-17 21:00:00,221.42809
2020-08-17 22:00:00,229.13678
2020-08-17 23:00:00,203.69608
2020-08-18 00:00:00,140.37892
2020-08-18 01:00:00,34.691864
2020-08-18 02:00:00,38.243805
2020-08-18 03:00:00,168.97981
2020-08-18 04:00:00,509.37524
2020-08-18 05:00:00,1019.5056
2020-08-18 06:00:00,1268.154
2020-08-18 07:00:00,1484.1511
2020-08-18 08:00:00,1753.3091
2020-08-18 09:00:00,1920.8767
2020-08-18 10:00:00,1807.8755
2020-08-18 11:00:00,1760.1204
2020-08-18 12:00:00,1665.6511
2020-08-18 13:00:00,1503.6438
2020-08-18 14:00:00,88.11545
2020-08-18 15:00:00,31.569931
2020-08-18 16:00:00,22.88972
2020-08-18 17:00:00,20.710926
2020-08-18 18:00:00,19.43471
2020-08-18 19:00:00,21.557922
2020-08-18 20:00:00,24.254517
2020-08-18 21:00:00,26.354279
2020-08-18 22:00:00,19.433533
2020-08-18 23:00:00,18.014025
2020-08-19 00:00:00,16.126484
2020-08-19 01:00:00,14.433842
2020-08-19 02:00:00,26.168442
2020-08-19 03:00:00,121.597824
2020-08-19 04:00:00,393.07446
2020-08-19 05:00:00,836.303
2020-08-19 06:00:00,1454.1594
2020-08-19 07:00:00,1840.1294
2020-08-19 08:00:00,1995.0774
2020-08-19 09:00:00,2139.4233
2020-08-19 10:00:00,2312.7954
2020-08-19 11:00:00,2208.187
2020-08-19 12:00:00,2027.364
2020-08-19 13:00:00,854.0327
2020-08-19 14:00:00,160.87485
2020-08-19 15:00:00,94.531906
2020-08-19 16:00:00,83.57724
2020-08-19 17:00:00,76.95007
2020-08-19 18:00:00,62.220856
2020-08-19 19:00:00,51.498825
2020-08-19 20:00:00,44.03943
2020-08-19 21:00:00,40.362823
2020-08-19 22:00:00,47.157196
2020-08-19 23:00:00,43.541077
2020-08-20 00:00:00,37.86238
2020-08-20 01:00:00,32.051834
2020-08-20 02:00:00,32.80087
2020-08-20 03:00:00,87.10161
2020-08-20 04:00:00,282.98022
2020-08-20 05:00:00,863.20557
2020-08-20 06:00:00,1829.9377
2020-08-20 07:00:00,2163.5618
2020-08-20 08:00:00,2371.8562
2020-08-20 09:00:00,2621.5808
2020-08-20 10:00:00,2867.0151
2020-08-20 11:00:00,2823.7458
2020-08-20 12:00:00,2725.1208
2020-08-20 13:00:00,711.58765
2020-08-20 14:00:00,93.43643
2020-08-20 15:00:00,45.146545
2020-08-20 16:00:00,41.57808
2020-08-20 17:00:00,36.898453
2020-08-20 18:00:00,32.040436
2020-08-20 19:00:00,29.868198
2020-08-20 20:00:00,29.336697
2020-08-20 21:00:00,29.593653
2020-08-20 22:00:00,20.96762
2020-08-20 23:00:00,20.46803
2020-08-21 00:00:00,19.86604
2020-08-21 01:00:00,18.451761
2020-08-21 02:00:00,22.290236
2020-08-21 03:00:00,60.305847
2020-08-21 04:00:00,251.34808
2020-08-21 05:00:00,991.1499
2020-08-21 06:00:00,1702.8257
2020-08-21 07:00:00,2480.38
2020-08-21 08:00:00,2553.2964
2020-08-21 09:00:00,2563.2996
2020-08-21 10:00:00,2554.4229
2020-08-21 11:00:00,2435.1143
2020-08-21 12:00:00,2259.9492
2020-08-21 13:00:00,346.2199
2020-08-21 14:00:00,54.664963
2020-08-21 15:00:00,36.25833
2020-08-21 16:00:00,39.990036
2020-08-21 17:00:00,42.504013
2020-08-21 18:00:00,42.394684
2020-08-21 19:00:00,40.18994
2020-08-21 20:00:00,35.133457
2020-08-21 21:00:00,32.438457
2020-08-21 22:00:00,33.540073
2020-08-21 23:00:00,34.52997
2020-08-22 00:00:00,33.352295
2020-08-22 01:00:00,27.63063
2020-08-22 02:00:00,27.91719
2020-08-22 03:00:00,61.435867
2020-08-22 04:00:00,172.25735
2020-08-22 05:00:00,519.91675
2020-08-22 06:00:00,982.9048
2020-08-22 07:00:00,1328.959
2020-08-22 08:00:00,1447.8115
2020-08-22 09:00:00,1559.5496
2020-08-22 10:00:00,1441.3313
2020-08-22 11:00:00,1348.864
2020-08-22 12:00:00,1230.9604
2020-08-22 13:00:00,179.05469
2020-08-22 14:00:00,48.730164
2020-08-22 15:00:00,40.03203
2020-08-22 16:00:00,42.803207
2020-08-22 17:00:00,43.470337
2020-08-22 18:00:00,38.461502
2020-08-22 19:00:00,34.16518
2020-08-22 20:00:00,31.281239
2020-08-22 21:00:00,28.797533
2020-08-22 22:00:00,22.620647
2020-08-22 23:00:00,20.617695
2020-08-23 00:00:00,19.756649
2020-08-23 01:00:00,19.56816
2020-08-23 02:00:00,27.771568
2020-08-23 03:00:00,47.678787
2020-08-23 04:00:00,129.18524
2020-08-23 05:00:00,468.09497
2020-08-23 06:00:00,858.3718
2020-08-23 07:00:00,1066.2405
2020-08-23 08:00:00,1171.8694
2020-08-23 09:00:00,1314.0134
2020-08-23 10:00:00,1075.8328
2020-08-23 11:00:00,960.01636
2020-08-23 12:00:00,669.19775
2020-08-23 13:00:00,127.00482
2020-08-23 14:00:00,48.955322
2020-08-23 15:00:00,27.309006
2020-08-23 16:00:00,19.166904
2020-08-23 17:00:00,21.650875
2020-08-23 18:00:00,28.848114
2020-08-23 19:00:00,30.632202
2020-08-23 20:00:00,37.467926
2020-08-23 21:00:00,43.033447
2020-08-23 22:00:00,48.532135
2020-08-23 23:00:00,55.82892
2020-08-24 00:00:00,56.96884
2020-08-24 01:00:00,41.41321
2020-08-24 02:00:00,90.85642
2020-08-24 03:00:00,155.67049
2020-08-24 04:00:00,221.8686
2020-08-24 05:00:00,413.71265
2020-08-24 06:00:00,727.6797
2020-08-24 07:00:00,1217.6216
2020-08-24 08:00:00,1595.2659
2020-08-24 09:00:00,1646.8789
2020-08-24 10:00:00,1113.3242
2020-08-24 11:00:00,765.50635
2020-08-24 12:00:00,607.9109
2020-08-24 13:00:00,430.69482
2020-08-24 14:00:00,62.475204
2020-08-24 15:00:00,39.601486
2020-08-24 16:00:00,35.06505
2020-08-24 17:00:00,36.356308
2020-08-24 18:00:00,32.111893
2020-08-24 19:00:00,35.483948
2020-08-24 20:00:00,60.418034
2020-08-24 21:00:00,81.229416
2020-08-24 22:00:00,93.44617
2020-08-24 23:00:00,66.51257
2020-08-25 00:00:00,38.179916
2020-08-25 01:00:00,34.992302
2020-08-25 02:00:00,69.83482
2020-08-25 03:00:00,405.40405
2020-08-25 04:00:00,735.85596
2020-08-25 05:00:00,902.2888
2020-08-25 06:00:00,1042.1909
2020-08-25 07:00:00,1185.5303
2020-08-25 08:00:00,1351.7568
2020-08-25 09:00:00,1435.3813
2020-08-25 10:00:00,1433.1016
2020-08-25 11:00:00,1294.2732
2020-08-25 12:00:00,1138.5996
2020-08-25 13:00:00,1003.18726
2020-08-25 14:00:00,317.4287
2020-08-25 15:00:00,150.27652
2020-08-25 16:00:00,107.73299
2020-08-25 17:00:00,83.64592
2020-08-25 18:00:00,97.53296
2020-08-25 19:00:00,155.52666
2020-08-25 20:00:00,326.54358
2020-08-25 21:00:00,304.02292
2020-08-25 22:00:00,175.16132
2020-08-25 23:00:00,157.03104
2020-08-26 00:00:00,152.69429
2020-08-26 01:00:00,80.915436
2020-08-26 02:00:00,115.977005
2020-08-26 03:00:00,389.99902
2020-08-26 04:00:00,377.03433
2020-08-26 05:00:00,312.26425
2020-08-26 06:00:00,354.03265
2020-08-26 07:00:00,363.4429
2020-08-26 08:00:00,354.0039
2020-08-26 09:00:00,357.44827
2020-08-26 10:00:00,259.79327
2020-08-26 11:00:00,290.4278
2020-08-26 12:00:00,379.42993
2020-08-26 13:00:00,323.65875
2020-08-26 14:00:00,240.54617
2020-08-26 15:00:00,155.76884
2020-08-26 16:00:00,95.51103
2020-08-26 17:00:00,57.275864
2020-08-26 18:00:00,70.176865
2020-08-26 19:00:00,111.003845
2020-08-26 20:00:00,122.43727
2020-08-26 21:00:00,104.77695
2020-08-26 22:00:00,135.2141
2020-08-26 23:00:00,120.03679
2020-08-27 00:00:00,80.54486
2020-08-27 01:00:00,72.09433
2020-08-27 02:00:00,120.23906
2020-08-27 03:00:00,350.4095
2020-08-27 04:00:00,811.83496
2020-08-27 05:00:00,988.12354
2020-08-27 06:00:00,903.0266
2020-08-27 07:00:00,1001.41284
2020-08-27 08:00:00,1223.0308
2020-08-27 09:00:00,1124.9043
2020-08-27 10:00:00,1288.1301
2020-08-27 11:00:00,1408.1345
2020-08-27 12:00:00,1274.3767
2020-08-27 13:00:00,506.0857
2020-08-27 14:00:00,95.38957
2020-08-27 15:00:00,36.716614
2020-08-27 16:00:00,17.556717
2020-08-27 17:00:00,14.826627
2020-08-27 18:00:00,18.966354
2020-08-27 19:00:00,20.662476
2020-08-27 20:00:00,18.742569
2020-08-27 21:00:00,15.102867
2020-08-27 22:00:00,12.328616
2020-08-27 23:00:00,13.357477
2020-08-28 00:00:00,14.542499
2020-08-28 01:00:00,14.281823
2020-08-28 02:00:00,16.697346
2020-08-28 03:00:00,103.79018
2020-08-28 04:00:00,293.52124
2020-08-28 05:00:00,495.88403
2020-08-28 06:00:00,666.93115
2020-08-28 07:00:00,817.3257
2020-08-28 08:00:00,937.2229
2020-08-28 09:00:00,1032.1584
2020-08-28 10:00:00,1090.4626
2020-08-28 11:00:00,1072.2527
2020-08-28 12:00:00,973.4785
2020-08-28 13:00:00,173.75458
2020-08-28 14:00:00,31.864227
2020-08-28 15:00:00,15.498345
2020-08-28 16:00:00,18.590164
2020-08-28 17:00:00,19.162313
2020-08-28 18:00:00,17.395876
2020-08-28 19:00:00,17.025646
2020-08-28 20:00:00,16.7975
2020-08-28 21:00:00,16.824928
2020-08-28 22:00:00,20.877136
2020-08-28 23:00:00,28.545845
2020-08-29 00:00:00,29.132042
2020-08-29 01:00:00,23.531837
2020-08-29 02:00:00,28.660698
2020-08-29 03:00:00,86.10155
2020-08-29 04:00:00,241.5728
2020-08-29 05:00:00,401.85913
2020-08-29 06:00:00,588.5842
2020-08-29 07:00:00,777.0962
2020-08-29 08:00:00,939.4407
2020-08-29 09:00:00,1076.665
2020-08-29 10:00:00,1202.367
2020-08-29 11:00:00,1209.667
2020-08-29 12:00:00,1111.9543
2020-08-29 13:00:00,100.4758
2020-08-29 14:00:00,43.867905
2020-08-29 15:00:00,35.60595
2020-08-29 16:00:00,32.65503
2020-08-29 17:00:00,26.221893
2020-08-29 18:00:00,26.825516
2020-08-29 19:00:00,25.269745
2020-08-29 20:00:00,19.89661
2020-08-29 21:00:00,17.01033
2020-08-29 22:00:00,12.225648
2020-08-29 23:00:00,12.740355
2020-08-30 00:00:00,15.190854
2020-08-30 01:00:00,18.09616
2020-08-30 02:00:00,22.68626
2020-08-30 03:00:00,57.14659
2020-08-30 04:00:00,182.54724
2020-08-30 05:00:00,495.24194
2020-08-30 06:00:00,837.907
2020-08-30 07:00:00,1156.2278
2020-08-30 08:00:00,1527.0901
2020-08-30 09:00:00,1908.8765
2020-08-30 10:00:00,1674.7048
2020-08-30 11:00:00,1324.2825
2020-08-30 12:00:00,592.2473
2020-08-30 13:00:00,41.132263
2020-08-30 14:00:00,23.94246
2020-08-30 15:00:00,23.997284
2020-08-30 16:00:00,27.833324
2020-08-30 17:00:00,28.386776
2020-08-30 18:00:00,29.39532
2020-08-30 19:00:00,28.454346
2020-08-30 20:00:00,26.112007
2020-08-30 21:00:00,20.033176
2020-08-30 22:00:00,12.048
2020-08-30 23:00:00,14.715667
2020-08-31 00:00:00,18.845875
2020-08-31 01:00:00,22.083
2020-08-31 02:00:00,23.512085
2020-08-31 03:00:00,45.464188
2020-08-31 04:00:00,126.11513
2020-08-31 05:00:00,245.9568
2020-08-31 06:00:00,355.11816
2020-08-31 07:00:00,608.10034
2020-08-31 08:00:00,1285.3259
2020-08-31 09:00:00,1018.7002
2020-08-31 10:00:00,599.0032
2020-08-31 11:00:00,498.61157
2020-08-31 12:00:00,443.40503
2020-08-31 13:00:00,176.20403
2020-08-31 14:00:00,87.4532
2020-08-31 15:00:00,79.36069
2020-08-31 16:00:00,66.765015
2020-08-31 17:00:00,53.52742
2020-08-31 18:00:00,47.10582
2020-08-31 19:00:00,38.119797
2020-08-31 20:00:00,31.686024
2020-08-31 21:00:00,29.554157
2020-08-31 22:00:00,27.847748
2020-08-31 23:00:00,22.921692
2020-09-01 00:00:00,23.879154
2020-09-01 01:00:00,28.867435
2020-09-01 02:00:00,37.72158
2020-09-01 03:00:00,84.616135
2020-09-01 04:00:00,205.49095
2020-09-01 05:00:00,434.36108
2020-09-01 06:00:00,853.02637
2020-09-01 07:00:00,1372.386
2020-09-01 08:00:00,1733.6365
2020-09-01 09:00:00,1923.3005
2020-09-01 10:00:00,2350.0444
2020-09-01 11:00:00,1866.1448
2020-09-01 12:00:00,1004.2976
2020-09-01 13:00:00,102.58891
2020-09-01 14:00:00,37.159058
2020-09-01 15:00:00,28.387955
2020-09-01 16:00:00,25.318195
2020-09-01 17:00:00,24.18275
2020-09-01 18:00:00,25.51389
2020-09-01 19:00:00,25.859169
2020-09-01 20:00:00,21.695475
2020-09-01 21:00:00,14.834663
2020-09-01 22:00:00,14.128119
2020-09-01 23:00:00,14.610343
2020-09-02 00:00:00,15.788619
2020-09-02 01:00:00,17.614475
2020-09-02 02:00:00,20.81184
2020-09-02 03:00:00,44.86177
2020-09-02 04:00:00,132.79305
2020-09-02 05:00:00,338.40918
2020-09-02 06:00:00,539.9336
2020-09-02 07:00:00,745.39185
2020-09-02 08:00:00,965.49
2020-09-02 09:00:00,1362.8494
2020-09-02 10:00:00,982.79443
2020-09-02 11:00:00,1073.0796
2020-09-02 12:00:00,685.3655
2020-09-02 13:00:00,171.15334
2020-09-02 14:00:00,53.13208
2020-09-02 15:00:00,34.685986
2020-09-02 16:00:00,39.918022
2020-09-02 17:00:00,63.85762
2020-09-02 18:00:00,88.0901
2020-09-02 19:00:00,67.757355
2020-09-02 20:00:00,45.19635
2020-09-02 21:00:00,35.360718
2020-09-02 22:00:00,20.153301
2020-09-02 23:00:00,20.968489
2020-09-03 00:00:00,27.2057
2020-09-03 01:00:00,30.466553
2020-09-03 02:00:00,35.895676
2020-09-03 03:00:00,70.59122
2020-09-03 04:00:00,171.80107
2020-09-03 05:00:00,660.9966
2020-09-03 06:00:00,1148.1721
2020-09-03 07:00:00,2065.2417
2020-09-03 08:00:00,2401.875
2020-09-03 09:00:00,3043.463
2020-09-03 10:00:00,3201.2432
2020-09-03 11:00:00,2897.9507
2020-09-03 12:00:00,1196.5791
2020-09-03 13:00:00,158.45139
2020-09-03 14:00:00,114.59288
2020-09-03 15:00:00,134.94081
2020-09-03 16:00:00,127.99834
2020-09-03 17:00:00,105.56673
2020-09-03 18:00:00,79.46358
2020-09-03 19:00:00,57.283127
2020-09-03 20:00:00,45.47557
2020-09-03 21:00:00,35.38417
2020-09-03 22:00:00,28.66333
2020-09-03 23:00:00,27.625282
2020-09-04 00:00:00,27.968449
2020-09-04 01:00:00,30.785513
2020-09-04 02:00:00,37.217407
2020-09-04 03:00:00,81.13344
2020-09-04 04:00:00,239.24062
2020-09-04 05:00:00,491.03857
2020-09-04 06:00:00,895.64844
2020-09-04 07:00:00,1337.313
2020-09-04 08:00:00,1982.0037
2020-09-04 09:00:00,2797.2927
2020-09-04 10:00:00,2776.0046
2020-09-04 11:00:00,2548.5583
2020-09-04 12:00:00,2198.0918
2020-09-04 13:00:00,46.714355
2020-09-04 14:00:00,12.226803
2020-09-04 15:00:00,16.589094
2020-09-04 16:00:00,24.482529
2020-09-04 17:00:00,29.1212
2020-09-04 18:00:00,20.15688
2020-09-04 19:00:00,14.048772
2020-09-04 20:00:00,13.854956
2020-09-04 21:00:00,16.921326
2020-09-04 22:00:00,24.763912
2020-09-04 23:00:00,25.03085
2020-09-05 00:00:00,25.340155
2020-09-05 01:00:00,24.641928
2020-09-05 02:00:00,28.152014
2020-09-05 03:00:00,70.92087
2020-09-05 04:00:00,258.015
2020-09-05 05:00:00,520.2622
2020-09-05 06:00:00,785.3965
2020-09-05 07:00:00,1122.5178
2020-09-05 08:00:00,1674.7429
2020-09-05 09:00:00,2228.1406
2020-09-05 10:00:00,2490.8416
2020-09-05 11:00:00,2369.8528
2020-09-05 12:00:00,2077.7053
2020-09-05 13:00:00,75.15744
2020-09-05 14:00:00,22.014954
2020-09-05 15:00:00,21.805588
2020-09-05 16:00:00,35.728546
2020-09-05 17:00:00,43.85289
2020-09-05 18:00:00,46.004547
2020-09-05 19:00:00,52.437057
2020-09-05 20:00:00,53.76425
2020-09-05 21:00:00,47.395687
2020-09-05 22:00:00,51.074654
2020-09-05 23:00:00,45.460392
2020-09-06 00:00:00,36.314316
2020-09-06 01:00:00,34.20703
2020-09-06 02:00:00,48.664566
2020-09-06 03:00:00,156.7431
2020-09-06 04:00:00,320.66602
2020-09-06 05:00:00,551.1035
2020-09-06 06:00:00,850.1372
2020-09-06 07:00:00,1121.4497
2020-09-06 08:00:00,1333.0967
2020-09-06 09:00:00,1494.1609
2020-09-06 10:00:00,1569.2725
2020-09-06 11:00:00,1561.5625
2020-09-06 12:00:00,1493.1375
2020-09-06 13:00:00,455.28418
2020-09-06 14:00:00,211.90533
2020-09-06 15:00:00,210.07848
2020-09-06 16:00:00,225.99652
2020-09-06 17:00:00,180.48256
2020-09-06 18:00:00,128.66595
2020-09-06 19:00:00,76.754456
2020-09-06 20:00:00,46.246735
2020-09-06 21:00:00,32.73935
2020-09-06 22:00:00,27.28592
2020-09-06 23:00:00,18.726786
2020-09-07 00:00:00,16.74852
2020-09-07 01:00:00,18.773624
2020-09-07 02:00:00,26.6025
2020-09-07 03:00:00,94.96887
2020-09-07 04:00:00,283.19067
2020-09-07 05:00:00,497.60522
2020-09-07 06:00:00,791.7141
2020-09-07 07:00:00,1104.9299
2020-09-07 08:00:00,1295.802
2020-09-07 09:00:00,1432.0359
2020-09-07 10:00:00,1460.6934
2020-09-07 11:00:00,1512.1143
2020-09-07 12:00:00,1373.5884
2020-09-07 13:00:00,207.27034
2020-09-07 14:00:00,64.58678
2020-09-07 15:00:00,36.41225
2020-09-07 16:00:00,34.03421
2020-09-07 17:00:00,26.215912
2020-09-07 18:00:00,21.11161
2020-09-07 19:00:00,17.257801
2020-09-07 20:00:00,15.898385
2020-09-07 21:00:00,15.328913
2020-09-07 22:00:00,13.530299
2020-09-07 23:00:00,12.425425
2020-09-08 00:00:00,12.150884
2020-09-08 01:00:00,12.524124
2020-09-08 02:00:00,14.480036
2020-09-08 03:00:00,67.382034
2020-09-08 04:00:00,235.73354
2020-09-08 05:00:00,415.9143
2020-09-08 06:00:00,655.80176
2020-09-08 07:00:00,905.23315
2020-09-08 08:00:00,1086.1787
2020-09-08 09:00:00,1220.2798
2020-09-08 10:00:00,1252.8335
2020-09-08 11:00:00,1217.1133
2020-09-08 12:00:00,1093.2461
2020-09-08 13:00:00,126.36044
2020-09-08 14:00:00,52.127777
2020-09-08 15:00:00,37.0918
2020-09-08 16:00:00,35.509247
2020-09-08 17:00:00,30.770233
2020-09-08 18:00:00,20.247972
2020-09-08 19:00:00,17.359768
2020-09-08 20:00:00,18.568068
2020-09-08 21:00:00,18.48839
2020-09-08 22:00:00,19.446941
2020-09-08 23:00:00,19.53928
2020-09-09 00:00:00,18.8581
2020-09-09 01:00:00,16.462982
2020-09-09 02:00:00,15.925904
2020-09-09 03:00:00,55.05551
2020-09-09 04:00:00,205.95557
2020-09-09 05:00:00,395.53516
2020-09-09 06:00:00,634.3635
2020-09-09 07:00:00,920.9087
2020-09-09 08:00:00,1090.0049
2020-09-09 09:00:00,1220.8044
2020-09-09 10:00:00,1296.8
2020-09-09 11:00:00,1272.6038
2020-09-09 12:00:00,1108.1538
2020-09-09 13:00:00,101.41675
2020-09-09 14:00:00,42.21598
2020-09-09 15:00:00,29.630638
2020-09-09 16:00:00,25.718826
2020-09-09 17:00:00,22.172485
2020-09-09 18:00:00,21.071243
2020-09-09 19:00:00,19.870209
2020-09-09 20:00:00,18.505005
2020-09-09 21:00:00,17.115767
2020-09-09 22:00:00,14.4373
2020-09-09 23:00:00,14.081887
2020-09-10 00:00:00,14.470681
2020-09-10 01:00:00,15.401701
2020-09-10 02:00:00,17.469234
2020-09-10 03:00:00,43.684586
2020-09-10 04:00:00,180.08363
2020-09-10 05:00:00,446.6023
2020-09-10 06:00:00,827.4177
2020-09-10 07:00:00,1208.7302
2020-09-10 08:00:00,1514.1292
2020-09-10 09:00:00,1698.1775
2020-09-10 10:00:00,1758.2197
2020-09-10 11:00:00,1681.4133
2020-09-10 12:00:00,1516.0247
2020-09-10 13:00:00,65.372604
2020-09-10 14:00:00,25.952148
2020-09-10 15:00:00,14.959233
2020-09-10 16:00:00,16.102203
2020-09-10 17:00:00,21.56708
2020-09-10 18:00:00,23.511032
2020-09-10 19:00:00,19.53265
2020-09-10 20:00:00,17.633286
2020-09-10 21:00:00,17.071766
2020-09-10 22:00:00,14.855871
2020-09-10 23:00:00,14.882407
2020-09-11 00:00:00,15.36089
2020-09-11 01:00:00,14.526475
2020-09-11 02:00:00,14.113383
2020-09-11 03:00:00,34.33461
2020-09-11 04:00:00,141.60367
2020-09-11 05:00:00,392.542
2020-09-11 06:00:00,679.7102
2020-09-11 07:00:00,1060.6077
2020-09-11 08:00:00,1543.1343
2020-09-11 09:00:00,1855.792
2020-09-11 10:00:00,2225.8347
2020-09-11 11:00:00,2048.48
2020-09-11 12:00:00,1785.1782
2020-09-11 13:00:00,185.89812
2020-09-11 14:00:00,53.81923
2020-09-11 15:00:00,22.392456
2020-09-11 16:00:00,21.400116
2020-09-11 17:00:00,29.988144
2020-09-11 18:00:00,37.8647
2020-09-11 19:00:00,40.438614
2020-09-11 20:00:00,39.727585
2020-09-11 21:00:00,42.44951
2020-09-11 22:00:00,57.600784
2020-09-11 23:00:00,52.490784
2020-09-12 00:00:00,51.499786
2020-09-12 01:00:00,55.731155
2020-09-12 02:00:00,68.815475
2020-09-12 03:00:00,177.61137
2020-09-12 04:00:00,368.30005
2020-09-12 05:00:00,712.6194
2020-09-12 06:00:00,1055.0122
2020-09-12 07:00:00,1418.9182
2020-09-12 08:00:00,1655.8359
2020-09-12 09:00:00,1753.3774
2020-09-12 10:00:00,1810.8616
2020-09-12 11:00:00,1679.1262
2020-09-12 12:00:00,1470.404
2020-09-12 13:00:00,204.0918
2020-09-12 14:00:00,102.778076
2020-09-12 15:00:00,74.69864
2020-09-12 16:00:00,64.85216
2020-09-12 17:00:00,50.710648
2020-09-12 18:00:00,36.507477
2020-09-12 19:00:00,28.72255
2020-09-12 20:00:00,25.942808
2020-09-12 21:00:00,25.085009
2020-09-12 22:00:00,22.075872
2020-09-12 23:00:00,25.729061
2020-09-13 00:00:00,23.251085
2020-09-13 01:00:00,17.649958
2020-09-13 02:00:00,15.2506275
2020-09-13 03:00:00,56.432007
2020-09-13 04:00:00,204.89246
2020-09-13 05:00:00,413.96313
2020-09-13 06:00:00,693.1316
2020-09-13 07:00:00,924.2739
2020-09-13 08:00:00,1074.3418
2020-09-13 09:00:00,1184.76
2020-09-13 10:00:00,1256.9297
2020-09-13 11:00:00,1188.2012
2020-09-13 12:00:00,955.67236
2020-09-13 13:00:00,79.90074
2020-09-13 14:00:00,30.458767
2020-09-13 15:00:00,27.283318
2020-09-13 16:00:00,28.259338
2020-09-13 17:00:00,21.7323
2020-09-13 18:00:00,15.475697
2020-09-13 19:00:00,14.601221
2020-09-13 20:00:00,15.0387535
2020-09-13 21:00:00,13.957937
2020-09-13 22:00:00,14.412299
2020-09-13 23:00:00,15.576014
2020-09-14 00:00:00,16.311289
2020-09-14 01:00:00,16.62954
2020-09-14 02:00:00,21.070997
2020-09-14 03:00:00,62.739334
2020-09-14 04:00:00,220.3365
2020-09-14 05:00:00,472.0254
2020-09-14 06:00:00,875.16455
2020-09-14 07:00:00,1430.4678
2020-09-14 08:00:00,1738.9084
2020-09-14 09:00:00,1937.7041
2020-09-14 10:00:00,2121.4744
2020-09-14 11:00:00,2139.9844
2020-09-14 12:00:00,2077.0251
2020-09-14 13:00:00,123.982605
2020-09-14 14:00:00,42.914597
2020-09-14 15:00:00,33.294388
2020-09-14 16:00:00,32.37021
2020-09-14 17:00:00,33.98282
2020-09-14 18:00:00,33.94301
2020-09-14 19:00:00,34.832596
2020-09-14 20:00:00,36.502335
2020-09-14 21:00:00,38.45616
2020-09-14 22:00:00,43.21869
2020-09-14 23:00:00,39.98829
2020-09-15 00:00:00,36.316753
2020-09-15 01:00:00,34.737625
2020-09-15 02:00:00,35.918335
2020-09-15 03:00:00,78.564804
2020-09-15 04:00:00,260.35577
2020-09-15 05:00:00,472.14038
2020-09-15 06:00:00,1093.1047
2020-09-15 07:00:00,1963.4348
2020-09-15 08:00:00,2156.8354
2020-09-15 09:00:00,2168.6047
2020-09-15 10:00:00,2215.988
2020-09-15 11:00:00,2061.2026
2020-09-15 12:00:00,1806.28
2020-09-15 13:00:00,40.129242
2020-09-15 14:00:00,24.467438
2020-09-15 15:00:00,27.610962
2020-09-15 16:00:00,30.256454
2020-09-15 17:00:00,28.270447
2020-09-15 18:00:00,22.86959
2020-09-15 19:00:00,18.047981
2020-09-15 20:00:00,14.702611
2020-09-15 21:00:00,13.170044
2020-09-15 22:00:00,12.416337
2020-09-15 23:00:00,14.818698
2020-09-16 00:00:00,20.364447
2020-09-16 01:00:00,31.884375
2020-09-16 02:00:00,49.67487
2020-09-16 03:00:00,100.23654
2020-09-16 04:00:00,281.7776
2020-09-16 05:00:00,715.52515
2020-09-16 06:00:00,1431.541
2020-09-16 07:00:00,2198.1423
2020-09-16 08:00:00,2391.8008
2020-09-16 09:00:00,2507.739
2020-09-16 10:00:00,2588.043
2020-09-16 11:00:00,2365.253
2020-09-16 12:00:00,2034.509
2020-09-16 13:00:00,36.894333
2020-09-16 14:00:00,30.824493
2020-09-16 15:00:00,27.890533
2020-09-16 16:00:00,26.007019
2020-09-16 17:00:00,34.381516
2020-09-16 18:00:00,34.718933
2020-09-16 19:00:00,30.456192
2020-09-16 20:00:00,29.080917
2020-09-16 21:00:00,35.785187
2020-09-16 22:00:00,51.836304
2020-09-16 23:00:00,60.932526
2020-09-17 00:00:00,73.93208
2020-09-17 01:00:00,78.131546
2020-09-17 02:00:00,87.52084
2020-09-17 03:00:00,226.64702
2020-09-17 04:00:00,469.89917
2020-09-17 05:00:00,933.4634
2020-09-17 06:00:00,1918.1641
2020-09-17 07:00:00,2401.7373
2020-09-17 08:00:00,2527.9133
2020-09-17 09:00:00,2725.6687
2020-09-17 10:00:00,2273.8735
2020-09-17 11:00:00,764.1792
2020-09-17 12:00:00,726.8081
2020-09-17 13:00:00,698.23145
2020-09-17 14:00:00,668.1841
2020-09-17 15:00:00,577.93756
2020-09-17 16:00:00,380.8404
2020-09-17 17:00:00,129.59978
2020-09-17 18:00:00,169.99835
2020-09-17 19:00:00,195.99263
2020-09-17 20:00:00,146.66669
2020-09-17 21:00:00,80.56784
2020-09-17 22:00:00,34.818573
2020-09-17 23:00:00,24.805313
2020-09-18 00:00:00,29.87909
2020-09-18 01:00:00,44.41992
2020-09-18 02:00:00,77.929474
2020-09-18 03:00:00,220.43965
2020-09-18 04:00:00,442.38745
2020-09-18 05:00:00,680.8838
2020-09-18 06:00:00,968.6726
2020-09-18 07:00:00,1304.2483
2020-09-18 08:00:00,1577.5117
2020-09-18 09:00:00,1881.8455
2020-09-18 10:00:00,2041.9446
2020-09-18 11:00:00,2188.4048
2020-09-18 12:00:00,2287.6729
2020-09-18 13:00:00,165.7358
2020-09-18 14:00:00,146.25824
2020-09-18 15:00:00,230.07205
2020-09-18 16:00:00,229.78574
2020-09-18 17:00:00,188.09836
2020-09-18 18:00:00,98.54997
2020-09-18 19:00:00,46.678757
2020-09-18 20:00:00,34.430542
2020-09-18 21:00:00,26.13955
2020-09-18 22:00:00,15.275428
2020-09-18 23:00:00,14.0245075
2020-09-19 00:00:00,17.52269
2020-09-19 01:00:00,19.377121
2020-09-19 02:00:00,18.766663
2020-09-19 03:00:00,120.28673
2020-09-19 04:00:00,416.55493
2020-09-19 05:00:00,731.59155
2020-09-19 06:00:00,979.91016
2020-09-19 07:00:00,1182.634
2020-09-19 08:00:00,1339.4329
2020-09-19 09:00:00,1392.1267
2020-09-19 10:00:00,1392.3047
2020-09-19 11:00:00,1272.2534
2020-09-19 12:00:00,967.55664
2020-09-19 13:00:00,193.99931
2020-09-19 14:00:00,82.965256
2020-09-19 15:00:00,61.71698
2020-09-19 16:00:00,46.671432
2020-09-19 17:00:00,31.98993
2020-09-19 18:00:00,26.345222
2020-09-19 19:00:00,24.244156
2020-09-19 20:00:00,25.000454
2020-09-19 21:00:00,28.487213
2020-09-19 22:00:00,25.672531
2020-09-19 23:00:00,20.881239
2020-09-20 00:00:00,19.161018
2020-09-20 01:00:00,22.800087
2020-09-20 02:00:00,27.851547
2020-09-20 03:00:00,41.76349
2020-09-20 04:00:00,120.396515
2020-09-20 05:00:00,361.21655
2020-09-20 06:00:00,576.4155
2020-09-20 07:00:00,754.26
2020-09-20 08:00:00,991.8303
2020-09-20 09:00:00,1286.998
2020-09-20 10:00:00,1293.074
2020-09-20 11:00:00,1314.9619
2020-09-20 12:00:00,319.05402
2020-09-20 13:00:00,53.20656
2020-09-20 14:00:00,29.977575
2020-09-20 15:00:00,23.599594
2020-09-20 16:00:00,17.644993
2020-09-20 17:00:00,21.800491
2020-09-20 18:00:00,24.634705
2020-09-20 19:00:00,26.37194
2020-09-20 20:00:00,24.788763
2020-09-20 21:00:00,21.110428
2020-09-20 22:00:00,17.61753
2020-09-20 23:00:00,17.009823
2020-09-21 00:00:00,15.099776
2020-09-21 01:00:00,12.090983
2020-09-21 02:00:00,11.677609
2020-09-21 03:00:00,16.157951
2020-09-21 04:00:00,125.85794
2020-09-21 05:00:00,343.92847
2020-09-21 06:00:00,605.0029
2020-09-21 07:00:00,928.656
2020-09-21 08:00:00,1206.3496
2020-09-21 09:00:00,1347.0173
2020-09-21 10:00:00,1358.3374
2020-09-21 11:00:00,1338.1741
2020-09-21 12:00:00,848.91016
2020-09-21 13:00:00,324.42184
2020-09-21 14:00:00,149.25107
2020-09-21 15:00:00,49.293198
2020-09-21 16:00:00,27.601562
2020-09-21 17:00:00,17.812973
2020-09-21 18:00:00,32.246605
2020-09-21 19:00:00,36.65631
2020-09-21 20:00:00,38.266994
2020-09-21 21:00:00,54.07242
2020-09-21 22:00:00,92.21922
2020-09-21 23:00:00,104.19253
2020-09-22 00:00:00,96.90324
2020-09-22 01:00:00,79.86457
2020-09-22 02:00:00,68.79298
2020-09-22 03:00:00,121.78996
2020-09-22 04:00:00,261.71924
2020-09-22 05:00:00,508.87354
2020-09-22 06:00:00,879.65576
2020-09-22 07:00:00,1174.3877
2020-09-22 08:00:00,1314.8359
2020-09-22 09:00:00,1447.4841
2020-09-22 10:00:00,1447.8496
2020-09-22 11:00:00,1354.3008
2020-09-22 12:00:00,1095.8989
2020-09-22 13:00:00,479.67456
2020-09-22 14:00:00,316.9498
2020-09-22 15:00:00,274.5522
2020-09-22 16:00:00,235.2054
2020-09-22 17:00:00,211.71988
2020-09-22 18:00:00,178.69843
2020-09-22 19:00:00,138.40309
2020-09-22 20:00:00,103.84265
2020-09-22 21:00:00,94.00055
2020-09-22 22:00:00,104.24634
2020-09-22 23:00:00,131.87291
2020-09-23 00:00:00,121.61803
2020-09-23 01:00:00,60.967667
2020-09-23 02:00:00,36.410355
2020-09-23 03:00:00,99.545456
2020-09-23 04:00:00,257.79596
2020-09-23 05:00:00,536.7461
2020-09-23 06:00:00,812.44165
2020-09-23 07:00:00,976.1626
2020-09-23 08:00:00,1087.2463
2020-09-23 09:00:00,1192.5847
2020-09-23 10:00:00,1260.6377
2020-09-23 11:00:00,1253.5669
2020-09-23 12:00:00,1062.9324
2020-09-23 13:00:00,114.71564
2020-09-23 14:00:00,49.513107
2020-09-23 15:00:00,39.180264
2020-09-23 16:00:00,37.757217
2020-09-23 17:00:00,37.48066
2020-09-23 18:00:00,30.47554
2020-09-23 19:00:00,22.46295
2020-09-23 20:00:00,18.768082
2020-09-23 21:00:00,17.895441
2020-09-23 22:00:00,15.286576
2020-09-23 23:00:00,15.638817
2020-09-24 00:00:00,15.877382
2020-09-24 01:00:00,14.569222
2020-09-24 02:00:00,13.863658
2020-09-24 03:00:00,28.631409
2020-09-24 04:00:00,186.14969
2020-09-24 05:00:00,631.7683
2020-09-24 06:00:00,878.77075
2020-09-24 07:00:00,1049.7634
2020-09-24 08:00:00,1172.1274
2020-09-24 09:00:00,1188.3914
2020-09-24 10:00:00,1172.9609
2020-09-24 11:00:00,1140.479
2020-09-24 12:00:00,912.7759
2020-09-24 13:00:00,145.92802
2020-09-24 14:00:00,99.45839
2020-09-24 15:00:00,94.971405
2020-09-24 16:00:00,93.77243
2020-09-24 17:00:00,74.5354
2020-09-24 18:00:00,53.84305
2020-09-24 19:00:00,39.475998
2020-09-24 20:00:00,30.521782
2020-09-24 21:00:00,28.050537
2020-09-24 22:00:00,26.65852
2020-09-24 23:00:00,23.482738
2020-09-25 00:00:00,19.528088
2020-09-25 01:00:00,14.474784
2020-09-25 02:00:00,12.709651
2020-09-25 03:00:00,46.26602
2020-09-25 04:00:00,198.44481
2020-09-25 05:00:00,358.32764
2020-09-25 06:00:00,556.08887
2020-09-25 07:00:00,775.71704
2020-09-25 08:00:00,982.23096
2020-09-25 09:00:00,1116.429
2020-09-25 10:00:00,1264.5725
2020-09-25 11:00:00,1301.8743
2020-09-25 12:00:00,1070.9158
2020-09-25 13:00:00,90.83746
2020-09-25 14:00:00,38.423874
2020-09-25 15:00:00,32.829285
2020-09-25 16:00:00,28.910614
2020-09-25 17:00:00,21.775028
2020-09-25 18:00:00,19.58791
2020-09-25 19:00:00,23.523426
2020-09-25 20:00:00,25.469181
2020-09-25 21:00:00,24.057064
2020-09-25 22:00:00,28.221199
2020-09-25 23:00:00,35.199833
2020-09-26 00:00:00,40.91699
2020-09-26 01:00:00,41.32814
2020-09-26 02:00:00,43.80185
2020-09-26 03:00:00,113.490845
2020-09-26 04:00:00,305.4895
2020-09-26 05:00:00,452.26465
2020-09-26 06:00:00,626.553
2020-09-26 07:00:00,828.0154
2020-09-26 08:00:00,1067.9175
2020-09-26 09:00:00,1216.1956
2020-09-26 10:00:00,1316.7512
2020-09-26 11:00:00,1243.6997
2020-09-26 12:00:00,857.14404
2020-09-26 13:00:00,137.95305
2020-09-26 14:00:00,105.73512
2020-09-26 15:00:00,90.58928
2020-09-26 16:00:00,69.31355
2020-09-26 17:00:00,56.870865
2020-09-26 18:00:00,49.297928
2020-09-26 19:00:00,44.113876
2020-09-26 20:00:00,39.1015
2020-09-26 21:00:00,34.477173
2020-09-26 22:00:00,33.133865
2020-09-26 23:00:00,35.49589
2020-09-27 00:00:00,35.561092
2020-09-27 01:00:00,34.38814
2020-09-27 02:00:00,35.274506
2020-09-27 03:00:00,76.32323
2020-09-27 04:00:00,263.54834
2020-09-27 05:00:00,471.9558
2020-09-27 06:00:00,757.9348
2020-09-27 07:00:00,1038.9941
2020-09-27 08:00:00,1215.1797
2020-09-27 09:00:00,1349.1809
2020-09-27 10:00:00,1503.4714
2020-09-27 11:00:00,1413.1565
2020-09-27 12:00:00,707.8474
2020-09-27 13:00:00,114.628235
2020-09-27 14:00:00,60.10533
2020-09-27 15:00:00,39.187805
2020-09-27 16:00:00,33.64012
2020-09-27 17:00:00,23.865173
2020-09-27 18:00:00,22.609818
2020-09-27 19:00:00,20.98352
2020-09-27 20:00:00,17.449562
2020-09-27 21:00:00,14.869306
2020-09-27 22:00:00,11.524758
2020-09-27 23:00:00,11.624952
2020-09-28 00:00:00,11.905892
2020-09-28 01:00:00,13.582906
2020-09-28 02:00:00,18.44638
2020-09-28 03:00:00,48.38365
2020-09-28 04:00:00,187.07227
2020-09-28 05:00:00,391.0288
2020-09-28 06:00:00,721.97925
2020-09-28 07:00:00,1058.2266
2020-09-28 08:00:00,1328.7217
2020-09-28 09:00:00,1453.6721
2020-09-28 10:00:00,1537.4543
2020-09-28 11:00:00,1437.2573
2020-09-28 12:00:00,764.52026
2020-09-28 13:00:00,180.6324
2020-09-28 14:00:00,110.33498
2020-09-28 15:00:00,70.46022
2020-09-28 16:00:00,53.644897
2020-09-28 17:00:00,44.526
2020-09-28 18:00:00,37.7153
2020-09-28 19:00:00,34.991135
2020-09-28 20:00:00,33.375824
2020-09-28 21:00:00,34.208347
2020-09-28 22:00:00,52.894196
2020-09-28 23:00:00,80.29884
2020-09-29 00:00:00,84.62343
2020-09-29 01:00:00,69.73563
2020-09-29 02:00:00,64.46093
2020-09-29 03:00:00,118.83913
2020-09-29 04:00:00,251.14928
2020-09-29 05:00:00,467.32837
2020-09-29 06:00:00,633.364
2020-09-29 07:00:00,743.33716
2020-09-29 08:00:00,833.26636
2020-09-29 09:00:00,937.34766
2020-09-29 10:00:00,1034.4111
2020-09-29 11:00:00,1026.9089
2020-09-29 12:00:00,917.4895
2020-09-29 13:00:00,500.28345
2020-09-29 14:00:00,277.9492
2020-09-29 15:00:00,162.16774
2020-09-29 16:00:00,82.227936
2020-09-29 17:00:00,102.76419
2020-09-29 18:00:00,102.26753
2020-09-29 19:00:00,114.53836
2020-09-29 20:00:00,153.0103
2020-09-29 21:00:00,162.5306
2020-09-29 22:00:00,162.41536
2020-09-29 23:00:00,136.21123
2020-09-30 00:00:00,111.82216
2020-09-30 01:00:00,86.98259
2020-09-30 02:00:00,65.12056
2020-09-30 03:00:00,152.47527
2020-09-30 04:00:00,289.20996
2020-09-30 05:00:00,447.73315
2020-09-30 06:00:00,585.3662
2020-09-30 07:00:00,861.5813
2020-09-30 08:00:00,1059.8269
2020-09-30 09:00:00,1339.5725
2020-09-30 10:00:00,1575.862
2020-09-30 11:00:00,1574.7422
2020-09-30 12:00:00,1445.1116
2020-09-30 13:00:00,173.06944
2020-09-30 14:00:00,86.238785
2020-09-30 15:00:00,98.79956
2020-09-30 16:00:00,102.35457
2020-09-30 17:00:00,82.04559
2020-09-30 18:00:00,59.05687
2020-09-30 19:00:00,45.062912
2020-09-30 20:00:00,39.25769
2020-09-30 21:00:00,36.599976
2020-09-30 22:00:00,35.449493
2020-09-30 23:00:00,43.17833
2020-10-01 00:00:00,43.69731
2020-10-01 01:00:00,37.444687
2020-10-01 02:00:00,38.619415
2020-10-01 03:00:00,56.118973
2020-10-01 04:00:00,144.56131
2020-10-01 05:00:00,637.8667
2020-10-01 06:00:00,1194.0146
2020-10-01 07:00:00,1509.79
2020-10-01 08:00:00,1668.1843
2020-10-01 09:00:00,1751.3735
2020-10-01 10:00:00,1777.3298
2020-10-01 11:00:00,1622.2644
2020-10-01 12:00:00,1146.0796
2020-10-01 13:00:00,173.0433
2020-10-01 14:00:00,104.39772
2020-10-01 15:00:00,77.34892
2020-10-01 16:00:00,60.58864
2020-10-01 17:00:00,45.822083
2020-10-01 18:00:00,31.52699
2020-10-01 19:00:00,24.130562
2020-10-01 20:00:00,21.198872
2020-10-01 21:00:00,20.0569
2020-10-01 22:00:00,15.185835
2020-10-01 23:00:00,12.499673
2020-10-02 00:00:00,11.483715
2020-10-02 01:00:00,12.325838
2020-10-02 02:00:00,13.3926325
2020-10-02 03:00:00,30.020813
2020-10-02 04:00:00,152.08752
2020-10-02 05:00:00,505.35815
2020-10-02 06:00:00,980.2114
2020-10-02 07:00:00,1317.7222
2020-10-02 08:00:00,1639.3962
2020-10-02 09:00:00,1806.8428
2020-10-02 10:00:00,2018.2512
2020-10-02 11:00:00,1912.4836
2020-10-02 12:00:00,614.198
2020-10-02 13:00:00,106.985825
2020-10-02 14:00:00,65.44232
2020-10-02 15:00:00,56.160538
2020-10-02 16:00:00,51.305695
2020-10-02 17:00:00,40.525513
2020-10-02 18:00:00,28.285799
2020-10-02 19:00:00,25.487537
2020-10-02 20:00:00,24.519676
2020-10-02 21:00:00,22.96293
2020-10-02 22:00:00,16.504045
2020-10-02 23:00:00,16.470188
2020-10-03 00:00:00,16.22882
2020-10-03 01:00:00,16.063152
2020-10-03 02:00:00,15.87008
2020-10-03 03:00:00,30.022367
2020-10-03 04:00:00,104.35571
2020-10-03 05:00:00,710.822
2020-10-03 06:00:00,1690.9136
2020-10-03 07:00:00,2116.5015
2020-10-03 08:00:00,2374.3806
2020-10-03 09:00:00,2455.251
2020-10-03 10:00:00,2532.021
2020-10-03 11:00:00,2343.0151
2020-10-03 12:00:00,1539.9475
2020-10-03 13:00:00,61.868454
2020-10-03 14:00:00,33.576584
2020-10-03 15:00:00,25.389282
2020-10-03 16:00:00,18.78186
2020-10-03 17:00:00,18.727814
2020-10-03 18:00:00,21.116688
2020-10-03 19:00:00,23.31327
2020-10-03 20:00:00,24.448975
2020-10-03 21:00:00,22.439398
2020-10-03 22:00:00,16.714954
2020-10-03 23:00:00,14.713077
2020-10-04 00:00:00,15.1752615
2020-10-04 01:00:00,15.758444
2020-10-04 02:00:00,16.875504
2020-10-04 03:00:00,31.737297
2020-10-04 04:00:00,96.29483
2020-10-04 05:00:00,455.77515
2020-10-04 06:00:00,1196.5696
2020-10-04 07:00:00,2125.0742
2020-10-04 08:00:00,2310.5913
2020-10-04 09:00:00,2387.0325
2020-10-04 10:00:00,2519.2668
2020-10-04 11:00:00,2395.9563
2020-10-04 12:00:00,445.02637
2020-10-04 13:00:00,86.616425
2020-10-04 14:00:00,46.78749
2020-10-04 15:00:00,50.403107
2020-10-04 16:00:00,66.3125
2020-10-04 17:00:00,69.01141
2020-10-04 18:00:00,57.02281
2020-10-04 19:00:00,39.4718
2020-10-04 20:00:00,31.174347
2020-10-04 21:00:00,28.367336
2020-10-04 22:00:00,25.168772
2020-10-04 23:00:00,24.955627
2020-10-05 00:00:00,23.479038
2020-10-05 01:00:00,18.09319
2020-10-05 02:00:00,13.705188
2020-10-05 03:00:00,27.44744
2020-10-05 04:00:00,106.56625
2020-10-05 05:00:00,400.87378
2020-10-05 06:00:00,960.51294
2020-10-05 07:00:00,1554.948
2020-10-05 08:00:00,1789.6101
2020-10-05 09:00:00,1895.9861
2020-10-05 10:00:00,1982.2051
2020-10-05 11:00:00,1862.1211
2020-10-05 12:00:00,910.4646
2020-10-05 13:00:00,188.94272
2020-10-05 14:00:00,168.04315
2020-10-05 15:00:00,170.50201
2020-10-05 16:00:00,140.18333
2020-10-05 17:00:00,108.25563
2020-10-05 18:00:00,79.720184
2020-10-05 19:00:00,56.952915
2020-10-05 20:00:00,62.590256
2020-10-05 21:00:00,105.87254
2020-10-05 22:00:00,194.02428
2020-10-05 23:00:00,225.95782
2020-10-06 00:00:00,231.27522
2020-10-06 01:00:00,222.30182
2020-10-06 02:00:00,194.37975
2020-10-06 03:00:00,213.95544
2020-10-06 04:00:00,295.62573
2020-10-06 05:00:00,389.68604
2020-10-06 06:00:00,600.1199
2020-10-06 07:00:00,859.572
2020-10-06 08:00:00,1038.8472
2020-10-06 09:00:00,1163.03
2020-10-06 10:00:00,1199.071
2020-10-06 11:00:00,1169.3245
2020-10-06 12:00:00,739.7649
2020-10-06 13:00:00,151.18343
2020-10-06 14:00:00,65.771484
2020-10-06 15:00:00,32.648163
2020-10-06 16:00:00,26.92865
2020-10-06 17:00:00,21.611328
2020-10-06 18:00:00,19.472717
2020-10-06 19:00:00,23.661577
2020-10-06 20:00:00,24.118298
2020-10-06 21:00:00,20.13574
2020-10-06 22:00:00,15.719862
2020-10-06 23:00:00,21.89267
2020-10-07 00:00:00,17.738968
2020-10-07 01:00:00,13.48865
2020-10-07 02:00:00,12.226404
2020-10-07 03:00:00,34.210403
2020-10-07 04:00:00,172.57872
2020-10-07 05:00:00,407.05444
2020-10-07 06:00:00,648.605
2020-10-07 07:00:00,861.3657
2020-10-07 08:00:00,1004.8364
2020-10-07 09:00:00,1180.4409
2020-10-07 10:00:00,1194.0222
2020-10-07 11:00:00,1065.4861
2020-10-07 12:00:00,743.7134
2020-10-07 13:00:00,158.85535
2020-10-07 14:00:00,109.72986
2020-10-07 15:00:00,83.86357
2020-10-07 16:00:00,60.406128
2020-10-07 17:00:00,43.670803
2020-10-07 18:00:00,36.70498
2020-10-07 19:00:00,32.023888
2020-10-07 20:00:00,28.171972
2020-10-07 21:00:00,19.853043
2020-10-07 22:00:00,15.642747
2020-10-07 23:00:00,15.099781
2020-10-08 00:00:00,12.7629595
2020-10-08 01:00:00,11.301315
2020-10-08 02:00:00,11.431548
2020-10-08 03:00:00,27.65384
2020-10-08 04:00:00,131.52997
2020-10-08 05:00:00,398.71582
2020-10-08 06:00:00,809.3508
2020-10-08 07:00:00,1093.2949
2020-10-08 08:00:00,1280.2566
2020-10-08 09:00:00,1394.5486
2020-10-08 10:00:00,1467.8279
2020-10-08 11:00:00,1339.8884
2020-10-08 12:00:00,877.57324
2020-10-08 13:00:00,258.69492
2020-10-08 14:00:00,222.00682
2020-10-08 15:00:00,241.7004
2020-10-08 16:00:00,244.18036
2020-10-08 17:00:00,223.41827
2020-10-08 18:00:00,193.74672
2020-10-08 19:00:00,162.78755
2020-10-08 20:00:00,133.21413
2020-10-08 21:00:00,108.12103
2020-10-08 22:00:00,84.579346
2020-10-08 23:00:00,63.848804
2020-10-09 00:00:00,40.111977
2020-10-09 01:00:00,48.332397
2020-10-09 02:00:00,58.537918
2020-10-09 03:00:00,132.79701
2020-10-09 04:00:00,287.97794
2020-10-09 05:00:00,464.82178
2020-10-09 06:00:00,689.1997
2020-10-09 07:00:00,903.02026
2020-10-09 08:00:00,1089.9846
2020-10-09 09:00:00,1234.992
2020-10-09 10:00:00,1365.52
2020-10-09 11:00:00,1314.9336
2020-10-09 12:00:00,1059.6582
2020-10-09 13:00:00,101.50685
2020-10-09 14:00:00,54.15869
2020-10-09 15:00:00,37.460663
2020-10-09 16:00:00,31.114883
2020-10-09 17:00:00,25.078728
2020-10-09 18:00:00,16.11557
2020-10-09 19:00:00,14.179316
2020-10-09 20:00:00,15.067384
2020-10-09 21:00:00,15.462409
2020-10-09 22:00:00,11.180558
2020-10-09 23:00:00,13.172715
2020-10-10 00:00:00,15.638656
2020-10-10 01:00:00,16.30665
2020-10-10 02:00:00,17.834082
2020-10-10 03:00:00,36.772797
2020-10-10 04:00:00,245.92107
2020-10-10 05:00:00,601.50073
2020-10-10 06:00:00,1107.9216
2020-10-10 07:00:00,1370.3359
2020-10-10 08:00:00,1538.5503
2020-10-10 09:00:00,1678.9846
2020-10-10 10:00:00,1829.2842
2020-10-10 11:00:00,1850.6125
2020-10-10 12:00:00,1662.242
2020-10-10 13:00:00,94.82623
2020-10-10 14:00:00,61.80928
2020-10-10 15:00:00,55.844345
2020-10-10 16:00:00,42.61859
2020-10-10 17:00:00,25.027935
2020-10-10 18:00:00,16.810268
2020-10-10 19:00:00,19.473698
2020-10-10 20:00:00,23.858545
2020-10-10 21:00:00,25.052736
2020-10-10 22:00:00,37.438328
2020-10-10 23:00:00,40.079388
2020-10-11 00:00:00,31.695845
2020-10-11 01:00:00,22.654526
2020-10-11 02:00:00,23.574924
2020-10-11 03:00:00,55.09256
2020-10-11 04:00:00,259.30005
2020-10-11 05:00:00,511.04028
2020-10-11 06:00:00,802.3025
2020-10-11 07:00:00,1098.4355
2020-10-11 08:00:00,1276.2695
2020-10-11 09:00:00,1378.2146
2020-10-11 10:00:00,1562.6008
2020-10-11 11:00:00,1582.8469
2020-10-11 12:00:00,1373.8384
2020-10-11 13:00:00,72.220276
2020-10-11 14:00:00,44.002975
2020-10-11 15:00:00,35.10263
2020-10-11 16:00:00,28.30922
2020-10-11 17:00:00,17.103764
2020-10-11 18:00:00,22.586971
2020-10-11 19:00:00,28.289274
2020-10-11 20:00:00,30.683064
2020-10-11 21:00:00,32.215683
2020-10-11 22:00:00,45.396767
2020-10-11 23:00:00,43.739754
2020-10-12 00:00:00,32.71129
2020-10-12 01:00:00,26.962404
2020-10-12 02:00:00,27.884932
2020-10-12 03:00:00,58.266052
2020-10-12 04:00:00,229.3853
2020-10-12 05:00:00,419.98486
2020-10-12 06:00:00,677.59814
2020-10-12 07:00:00,999.6238
2020-10-12 08:00:00,1213.2986
2020-10-12 09:00:00,1310.0872
2020-10-12 10:00:00,1436.3174
2020-10-12 11:00:00,1373.2051
2020-10-12 12:00:00,449.00732
2020-10-12 13:00:00,82.091034
2020-10-12 14:00:00,47.441742
2020-10-12 15:00:00,35.874462
2020-10-12 16:00:00,28.207977
2020-10-12 17:00:00,19.265293
2020-10-12 18:00:00,16.511375
2020-10-12 19:00:00,20.66121
2020-10-12 20:00:00,24.652275
2020-10-12 21:00:00,28.384518
2020-10-12 22:00:00,44.805428
2020-10-12 23:00:00,53.316116
2020-10-13 00:00:00,47.29346
2020-10-13 01:00:00,39.11609
2020-10-13 02:00:00,36.590637
2020-10-13 03:00:00,64.01483
2020-10-13 04:00:00,217.61699
2020-10-13 05:00:00,387.7798
2020-10-13 06:00:00,612.2612
2020-10-13 07:00:00,865.9846
2020-10-13 08:00:00,1056.6343
2020-10-13 09:00:00,1174.4587
2020-10-13 10:00:00,1343.1218
2020-10-13 11:00:00,1309.3457
2020-10-13 12:00:00,220.16693
2020-10-13 13:00:00,46.79802
2020-10-13 14:00:00,23.566671
2020-10-13 15:00:00,16.574436
2020-10-13 16:00:00,14.775054
2020-10-13 17:00:00,15.2068815
2020-10-13 18:00:00,15.728908
2020-10-13 19:00:00,15.52279
2020-10-13 20:00:00,14.182513
2020-10-13 21:00:00,13.244003
2020-10-13 22:00:00,13.179707
2020-10-13 23:00:00,14.723453
2020-10-14 00:00:00,14.909689
2020-10-14 01:00:00,14.802767
2020-10-14 02:00:00,15.803573
2020-10-14 03:00:00,25.032898
2020-10-14 04:00:00,104.9223
2020-10-14 05:00:00,344.31738
2020-10-14 06:00:00,607.70386
2020-10-14 07:00:00,849.8008
2020-10-14 08:00:00,1016.62085
2020-10-14 09:00:00,1124.9214
2020-10-14 10:00:00,1320.8748
2020-10-14 11:00:00,1283.8315
2020-10-14 12:00:00,238.91232
2020-10-14 13:00:00,87.92221
2020-10-14 14:00:00,51.394714
2020-10-14 15:00:00,38.24463
2020-10-14 16:00:00,27.115458
2020-10-14 17:00:00,18.463959
2020-10-14 18:00:00,16.349741
2020-10-14 19:00:00,15.074026
2020-10-14 20:00:00,13.968467
2020-10-14 21:00:00,14.038248
2020-10-14 22:00:00,15.811797
2020-10-14 23:00:00,19.20808
2020-10-15 00:00:00,24.94358
2020-10-15 01:00:00,24.500088
2020-10-15 02:00:00,19.673374
2020-10-15 03:00:00,27.692951
2020-10-15 04:00:00,92.64856
2020-10-15 05:00:00,298.38013
2020-10-15 06:00:00,516.9077
2020-10-15 07:00:00,796.5364
2020-10-15 08:00:00,975.3706
2020-10-15 09:00:00,1106.9685
2020-10-15 10:00:00,1219.0151
2020-10-15 11:00:00,1164.7849
2020-10-15 12:00:00,207.0903
2020-10-15 13:00:00,87.01312
2020-10-15 14:00:00,59.51735
2020-10-15 15:00:00,39.831085
2020-10-15 16:00:00,26.786346
2020-10-15 17:00:00,15.943564
2020-10-15 18:00:00,16.168741
2020-10-15 19:00:00,16.860352
2020-10-15 20:00:00,16.906921
2020-10-15 21:00:00,16.820385
2020-10-15 22:00:00,21.733082
2020-10-15 23:00:00,29.842665
2020-10-16 00:00:00,36.23274
2020-10-16 01:00:00,33.335487
2020-10-16 02:00:00,22.850948
2020-10-16 03:00:00,29.472025
2020-10-16 04:00:00,88.91875
2020-10-16 05:00:00,296.1947
2020-10-16 06:00:00,495.43726
2020-10-16 07:00:00,696.8638
2020-10-16 08:00:00,887.2053
2020-10-16 09:00:00,1013.40674
2020-10-16 10:00:00,1121.0161
2020-10-16 11:00:00,1064.9285
2020-10-16 12:00:00,202.01202
2020-10-16 13:00:00,76.99776
2020-10-16 14:00:00,44.22519
2020-10-16 15:00:00,33.022064
2020-10-16 16:00:00,21.638218
2020-10-16 17:00:00,14.473303
2020-10-16 18:00:00,14.454765
2020-10-16 19:00:00,15.4736
2020-10-16 20:00:00,15.618507
2020-10-16 21:00:00,16.139053
2020-10-16 22:00:00,22.086004
2020-10-16 23:00:00,24.967224
2020-10-17 00:00:00,23.405468
2020-10-17 01:00:00,21.122269
2020-10-17 02:00:00,19.706768
2020-10-17 03:00:00,26.468338
2020-10-17 04:00:00,78.82504
2020-10-17 05:00:00,295.22144
2020-10-17 06:00:00,597.0669
2020-10-17 07:00:00,885.0432
2020-10-17 08:00:00,1091.6877
2020-10-17 09:00:00,1220.4336
2020-10-17 10:00:00,1455.512
2020-10-17 11:00:00,1324.5242
2020-10-17 12:00:00,162.63602
2020-10-17 13:00:00,52.185684
2020-10-17 14:00:00,31.981298
2020-10-17 15:00:00,25.473131
2020-10-17 16:00:00,19.967468
2020-10-17 17:00:00,18.49718
2020-10-17 18:00:00,17.679707
2020-10-17 19:00:00,17.691868
2020-10-17 20:00:00,17.25576
2020-10-17 21:00:00,16.594625
2020-10-17 22:00:00,13.3085375
2020-10-17 23:00:00,13.0376005
2020-10-18 00:00:00,13.07246
2020-10-18 01:00:00,12.828894
2020-10-18 02:00:00,12.338681
2020-10-18 03:00:00,13.523216
2020-10-18 04:00:00,58.824463
2020-10-18 05:00:00,254.78906
2020-10-18 06:00:00,560.771
2020-10-18 07:00:00,927.91943
2020-10-18 08:00:00,1217.0618
2020-10-18 09:00:00,1359.9951
2020-10-18 10:00:00,1421.5376
2020-10-18 11:00:00,1298.1064
2020-10-18 12:00:00,251.02124
2020-10-18 13:00:00,116.149216
2020-10-18 14:00:00,110.31885
2020-10-18 15:00:00,100.97426
2020-10-18 16:00:00,64.21892
2020-10-18 17:00:00,37.417553
2020-10-18 18:00:00,29.13832
2020-10-18 19:00:00,23.944351
2020-10-18 20:00:00,19.14732
2020-10-18 21:00:00,16.549381
2020-10-18 22:00:00,12.5788
2020-10-18 23:00:00,12.763975
2020-10-19 00:00:00,12.5426445
2020-10-19 01:00:00,12.530984
2020-10-19 02:00:00,12.65964
2020-10-19 03:00:00,13.378834
2020-10-19 04:00:00,63.569977
2020-10-19 05:00:00,224.45444
2020-10-19 06:00:00,386.16504
2020-10-19 07:00:00,542.2197
2020-10-19 08:00:00,669.7366
2020-10-19 09:00:00,765.479
2020-10-19 10:00:00,785.4734
2020-10-19 11:00:00,738.82104
2020-10-19 12:00:00,140.76952
2020-10-19 13:00:00,47.60742
2020-10-19 14:00:00,30.564789
2020-10-19 15:00:00,27.195114
2020-10-19 16:00:00,22.087107
2020-10-19 17:00:00,22.871428
2020-10-19 18:00:00,20.011335
2020-10-19 19:00:00,17.282017
2020-10-19 20:00:00,17.855698
2020-10-19 21:00:00,19.605461
2020-10-19 22:00:00,19.803818
2020-10-19 23:00:00,16.420227
2020-10-20 00:00:00,20.100006
2020-10-20 01:00:00,22.520283
2020-10-20 02:00:00,18.130266
2020-10-20 03:00:00,21.419172
2020-10-20 04:00:00,67.5596
2020-10-20 05:00:00,229.43181
2020-10-20 06:00:00,424.06177
2020-10-20 07:00:00,617.42017
2020-10-20 08:00:00,771.2156
2020-10-20 09:00:00,884.96265
2020-10-20 10:00:00,948.0117
2020-10-20 11:00:00,812.42944
2020-10-20 12:00:00,107.96974
2020-10-20 13:00:00,25.737343
2020-10-20 14:00:00,17.093681
2020-10-20 15:00:00,17.359451
2020-10-20 16:00:00,18.626663
2020-10-20 17:00:00,21.04683
2020-10-20 18:00:00,21.716324
2020-10-20 19:00:00,21.003494
2020-10-20 20:00:00,20.914322
2020-10-20 21:00:00,21.064571
2020-10-20 22:00:00,24.569033
2020-10-20 23:00:00,25.850483
2020-10-21 00:00:00,25.529324
2020-10-21 01:00:00,25.672739
2020-10-21 02:00:00,24.829468
2020-10-21 03:00:00,31.957062
2020-10-21 04:00:00,88.79213
2020-10-21 05:00:00,339.54816
2020-10-21 06:00:00,790.1301
2020-10-21 07:00:00,1252.26
2020-10-21 08:00:00,1435.7405
2020-10-21 09:00:00,1543.6523
2020-10-21 10:00:00,1647.3562
2020-10-21 11:00:00,1528.6597
2020-10-21 12:00:00,54.261627
2020-10-21 13:00:00,22.640732
2020-10-21 14:00:00,29.069931
2020-10-21 15:00:00,34.434418
2020-10-21 16:00:00,36.070496
2020-10-21 17:00:00,39.451614
2020-10-21 18:00:00,43.38115
2020-10-21 19:00:00,47.40213
2020-10-21 20:00:00,51.40007
2020-10-21 21:00:00,53.090515
2020-10-21 22:00:00,48.51062
2020-10-21 23:00:00,37.87033
2020-10-22 00:00:00,52.943497
2020-10-22 01:00:00,143.02324
2020-10-22 02:00:00,221.48923
2020-10-22 03:00:00,231.79375
2020-10-22 04:00:00,252.38835
2020-10-22 05:00:00,366.79034
2020-10-22 06:00:00,654.5791
2020-10-22 07:00:00,941.2234
2020-10-22 08:00:00,1111.2146
2020-10-22 09:00:00,1230.8081
2020-10-22 10:00:00,1212.5952
2020-10-22 11:00:00,1034.8623
2020-10-22 12:00:00,587.01953
2020-10-22 13:00:00,254.68913
2020-10-22 14:00:00,210.05205
2020-10-22 15:00:00,184.55634
2020-10-22 16:00:00,155.96758
2020-10-22 17:00:00,140.8458
2020-10-22 18:00:00,145.74495
2020-10-22 19:00:00,147.05794
2020-10-22 20:00:00,164.9996
2020-10-22 21:00:00,206.48393
2020-10-22 22:00:00,172.91187
2020-10-22 23:00:00,178.47957
2020-10-23 00:00:00,140.60223
2020-10-23 01:00:00,106.26275
2020-10-23 02:00:00,71.129456
2020-10-23 03:00:00,161.95325
2020-10-23 04:00:00,308.93726
2020-10-23 05:00:00,860.5061
2020-10-23 06:00:00,1456.218
2020-10-23 07:00:00,1873.3735
2020-10-23 08:00:00,1965.9519
2020-10-23 09:00:00,1954.0918
2020-10-23 10:00:00,1925.0134
2020-10-23 11:00:00,1550.4927
2020-10-23 12:00:00,1242.4143
2020-10-23 13:00:00,149.74802
2020-10-23 14:00:00,66.81598
2020-10-23 15:00:00,50.35138
2020-10-23 16:00:00,42.410385
2020-10-23 17:00:00,33.880753
2020-10-23 18:00:00,29.018984
2020-10-23 19:00:00,26.932135
2020-10-23 20:00:00,27.602486
2020-10-23 21:00:00,30.285011
2020-10-23 22:00:00,29.431961
2020-10-23 23:00:00,32.851547
2020-10-24 00:00:00,36.94802
2020-10-24 01:00:00,37.892273
2020-10-24 02:00:00,36.841904
2020-10-24 03:00:00,46.50844
2020-10-24 04:00:00,110.53685
2020-10-24 05:00:00,640.4529
2020-10-24 06:00:00,959.2986
2020-10-24 07:00:00,1280.415
2020-10-24 08:00:00,1513.9807
2020-10-24 09:00:00,1625.4407
2020-10-24 10:00:00,1710.1887
2020-10-24 11:00:00,1480.2144
2020-10-24 12:00:00,582.76807
2020-10-24 13:00:00,203.00404
2020-10-24 14:00:00,190.51442
2020-10-24 15:00:00,166.12299
2020-10-24 16:00:00,117.24686
2020-10-24 17:00:00,81.80327
2020-10-24 18:00:00,50.9142
2020-10-24 19:00:00,34.0745
2020-10-24 20:00:00,25.998444
2020-10-24 21:00:00,19.685614
2020-10-24 22:00:00,13.651605
2020-10-24 23:00:00,16.885014
2020-10-25 00:00:00,19.15287
2020-10-25 01:00:00,15.034781
2020-10-25 02:00:00,11.548351
2020-10-25 03:00:00,11.142199
2020-10-25 04:00:00,70.608246
2020-10-25 05:00:00,387.06592
2020-10-25 06:00:00,761.8093
2020-10-25 07:00:00,966.73364
2020-10-25 08:00:00,1095.6189
2020-10-25 09:00:00,1165.8789
2020-10-25 10:00:00,1179.9114
2020-10-25 11:00:00,1059.8433
2020-10-25 12:00:00,133.98074
2020-10-25 13:00:00,60.89296
2020-10-25 14:00:00,43.31836
2020-10-25 15:00:00,31.63733
2020-10-25 16:00:00,23.030045
2020-10-25 17:00:00,18.306116
2020-10-25 18:00:00,18.130222
2020-10-25 19:00:00,18.961365
2020-10-25 20:00:00,18.926403
2020-10-25 21:00:00,17.70364
2020-10-25 22:00:00,14.367053
2020-10-25 23:00:00,15.047713
2020-10-26 00:00:00,14.985839
2020-10-26 01:00:00,13.534665
2020-10-26 02:00:00,13.512474
2020-10-26 03:00:00,17.808998
2020-10-26 04:00:00,52.8826
2020-10-26 05:00:00,175.98944
2020-10-26 06:00:00,401.73608
2020-10-26 07:00:00,621.7866
2020-10-26 08:00:00,801.844
2020-10-26 09:00:00,960.6738
2020-10-26 10:00:00,1186.5002
2020-10-26 11:00:00,1110.0632
2020-10-26 12:00:00,70.53883
2020-10-26 13:00:00,25.51455
2020-10-26 14:00:00,21.71376
2020-10-26 15:00:00,23.033157
2020-10-26 16:00:00,22.31607
2020-10-26 17:00:00,17.886936
2020-10-26 18:00:00,14.945901
2020-10-26 19:00:00,13.329588
2020-10-26 20:00:00,12.888866
2020-10-26 21:00:00,13.524824
2020-10-26 22:00:00,13.674676
2020-10-26 23:00:00,15.3130865
2020-10-27 00:00:00,16.525618
2020-10-27 01:00:00,14.925926
2020-10-27 02:00:00,13.287488
2020-10-27 03:00:00,12.421365
2020-10-27 04:00:00,41.86554
2020-10-27 05:00:00,205.35864
2020-10-27 06:00:00,462.95874
2020-10-27 07:00:00,801.10376
2020-10-27 08:00:00,1120.968
2020-10-27 09:00:00,1263.0625
2020-10-27 10:00:00,1102.5437
2020-10-27 11:00:00,894.2136
2020-10-27 12:00:00,164.78658
2020-10-27 13:00:00,178.3055
2020-10-27 14:00:00,242.48405
2020-10-27 15:00:00,268.66318
2020-10-27 16:00:00,286.5993
2020-10-27 17:00:00,279.7381
2020-10-27 18:00:00,282.32416
2020-10-27 19:00:00,289.18222
2020-10-27 20:00:00,280.4917
2020-10-27 21:00:00,253.41487
2020-10-27 22:00:00,222.01787
2020-10-27 23:00:00,212.01395
2020-10-28 00:00:00,189.78531
2020-10-28 01:00:00,179.43893
2020-10-28 02:00:00,171.01263
2020-10-28 03:00:00,192.94666
2020-10-28 04:00:00,273.02097
2020-10-28 05:00:00,461.7024
2020-10-28 06:00:00,699.1482
2020-10-28 07:00:00,896.6631
2020-10-28 08:00:00,1048.8567
2020-10-28 09:00:00,1145.263
2020-10-28 10:00:00,1158.3867
2020-10-28 11:00:00,1107.8601
2020-10-28 12:00:00,731.4065
2020-10-28 13:00:00,282.87842
2020-10-28 14:00:00,254.76591
2020-10-28 15:00:00,225.97922
2020-10-28 16:00:00,185.70418
2020-10-28 17:00:00,147.58618
2020-10-28 18:00:00,115.2984
2020-10-28 19:00:00,77.250854
2020-10-28 20:00:00,48.96263
2020-10-28 21:00:00,36.950226
2020-10-28 22:00:00,30.802662
2020-10-28 23:00:00,33.229057
2020-10-29 00:00:00,37.080296
2020-10-29 01:00:00,34.560303
2020-10-29 02:00:00,29.501331
2020-10-29 03:00:00,32.331955
2020-10-29 04:00:00,161.00015
2020-10-29 05:00:00,416.16064
2020-10-29 06:00:00,606.72925
2020-10-29 07:00:00,778.2141
2020-10-29 08:00:00,884.9685
2020-10-29 09:00:00,960.6736
2020-10-29 10:00:00,1002.6531
2020-10-29 11:00:00,751.5
2020-10-29 12:00:00,228.44417
2020-10-29 13:00:00,135.33092
2020-10-29 14:00:00,117.98833
2020-10-29 15:00:00,82.48883
2020-10-29 16:00:00,44.18593
2020-10-29 17:00:00,27.716629
2020-10-29 18:00:00,23.864044
2020-10-29 19:00:00,20.606487
2020-10-29 20:00:00,16.938267
2020-10-29 21:00:00,14.545976
2020-10-29 22:00:00,12.599279
2020-10-29 23:00:00,11.718305
2020-10-30 00:00:00,11.428253
2020-10-30 01:00:00,16.672485
2020-10-30 02:00:00,22.383621
2020-10-30 03:00:00,18.45628
2020-10-30 04:00:00,63.22795
2020-10-30 05:00:00,190.10446
2020-10-30 06:00:00,327.9629
2020-10-30 07:00:00,477.54468
2020-10-30 08:00:00,605.5676
2020-10-30 09:00:00,686.2903
2020-10-30 10:00:00,694.40625
2020-10-30 11:00:00,619.2461
2020-10-30 12:00:00,140.6052
2020-10-30 13:00:00,56.954987
2020-10-30 14:00:00,39.140167
2020-10-30 15:00:00,29.338017
2020-10-30 16:00:00,19.710363
2020-10-30 17:00:00,15.726433
2020-10-30 18:00:00,14.672997
2020-10-30 19:00:00,13.823714
2020-10-30 20:00:00,13.257584
2020-10-30 21:00:00,12.663274
2020-10-30 22:00:00,11.094438
2020-10-30 23:00:00,10.820828
2020-10-31 00:00:00,11.092004
2020-10-31 01:00:00,11.066554
2020-10-31 02:00:00,11.182097
2020-10-31 03:00:00,11.989297
2020-10-31 04:00:00,36.864883
2020-10-31 05:00:00,127.65439
2020-10-31 06:00:00,308.9944
2020-10-31 07:00:00,479.7046
2020-10-31 08:00:00,609.5657
2020-10-31 09:00:00,689.021
2020-10-31 10:00:00,663.13916
2020-10-31 11:00:00,449.29443
2020-10-31 12:00:00,92.32547
2020-10-31 13:00:00,43.16068
2020-10-31 14:00:00,36.17366
2020-10-31 15:00:00,29.985962
2020-10-31 16:00:00,23.61131
2020-10-31 17:00:00,17.575916
2020-10-31 18:00:00,16.091373
2020-10-31 19:00:00,15.220242
2020-10-31 20:00:00,14.392345
2020-10-31 21:00:00,13.216201
2020-10-31 22:00:00,12.403174
2020-10-31 23:00:00,11.396002
2020-11-01 00:00:00,11.245484
2020-11-01 01:00:00,11.711172
2020-11-01 02:00:00,12.817308
2020-11-01 03:00:00,14.02729
2020-11-01 04:00:00,30.301949
2020-11-01 05:00:00,85.91852
2020-11-01 06:00:00,307.59473
2020-11-01 07:00:00,558.2715
2020-11-01 08:00:00,793.1448
2020-11-01 09:00:00,930.4236
2020-11-01 10:00:00,916.853
2020-11-01 11:00:00,176.9818
2020-11-01 12:00:00,67.00371
2020-11-01 13:00:00,41.415634
2020-11-01 14:00:00,39.124847
2020-11-01 15:00:00,30.015396
2020-11-01 16:00:00,22.496876
2020-11-01 17:00:00,19.162914
2020-11-01 18:00:00,17.656204
2020-11-01 19:00:00,16.362686
2020-11-01 20:00:00,15.321618
2020-11-01 21:00:00,14.248589
2020-11-01 22:00:00,13.078707
2020-11-01 23:00:00,12.044431
2020-11-02 00:00:00,11.981887
2020-11-02 01:00:00,11.471796
2020-11-02 02:00:00,13.953644
2020-11-02 03:00:00,16.359165
2020-11-02 04:00:00,30.841606
2020-11-02 05:00:00,77.31235
2020-11-02 06:00:00,313.0852
2020-11-02 07:00:00,613.42456
2020-11-02 08:00:00,863.0161
2020-11-02 09:00:00,957.5598
2020-11-02 10:00:00,866.1084
2020-11-02 11:00:00,324.9762
2020-11-02 12:00:00,91.819
2020-11-02 13:00:00,59.368866
2020-11-02 14:00:00,50.161423
2020-11-02 15:00:00,37.61908
2020-11-02 16:00:00,27.56913
2020-11-02 17:00:00,24.545464
2020-11-02 18:00:00,23.376379
2020-11-02 19:00:00,22.122719
2020-11-02 20:00:00,20.42812
2020-11-02 21:00:00,18.351461
2020-11-02 22:00:00,15.278099
2020-11-02 23:00:00,12.069131
2020-11-03 00:00:00,11.540813
2020-11-03 01:00:00,12.765601
2020-11-03 02:00:00,13.996478
2020-11-03 03:00:00,14.7069845
2020-11-03 04:00:00,32.64486
2020-11-03 05:00:00,127.65843
2020-11-03 06:00:00,312.45972
2020-11-03 07:00:00,534.63696
2020-11-03 08:00:00,744.74976
2020-11-03 09:00:00,871.71606
2020-11-03 10:00:00,838.4021
2020-11-03 11:00:00,522.88715
2020-11-03 12:00:00,90.02008
2020-11-03 13:00:00,53.54442
2020-11-03 14:00:00,53.28665
2020-11-03 15:00:00,49.78804
2020-11-03 16:00:00,36.013382
2020-11-03 17:00:00,25.671288
2020-11-03 18:00:00,19.394245
2020-11-03 19:00:00,17.111048
2020-11-03 20:00:00,15.186949
2020-11-03 21:00:00,13.065337
2020-11-03 22:00:00,12.692812
2020-11-03 23:00:00,15.479289
2020-11-04 00:00:00,20.145088
2020-11-04 01:00:00,20.785606
2020-11-04 02:00:00,17.394936
2020-11-04 03:00:00,14.911775
2020-11-04 04:00:00,50.517735
2020-11-04 05:00:00,190.39241
2020-11-04 06:00:00,351.14722
2020-11-04 07:00:00,501.73682
2020-11-04 08:00:00,639.55884
2020-11-04 09:00:00,750.39795
2020-11-04 10:00:00,720.98755
2020-11-04 11:00:00,499.70544
2020-11-04 12:00:00,61.333694
2020-11-04 13:00:00,27.795662
2020-11-04 14:00:00,19.307755
2020-11-04 15:00:00,16.613888
2020-11-04 16:00:00,18.022745
2020-11-04 17:00:00,17.04454
2020-11-04 18:00:00,15.565648
2020-11-04 19:00:00,14.15047
2020-11-04 20:00:00,13.508792
2020-11-04 21:00:00,12.412668
2020-11-04 22:00:00,11.935424
2020-11-04 23:00:00,11.1170845
2020-11-05 00:00:00,11.075457
2020-11-05 01:00:00,11.137531
2020-11-05 02:00:00,11.14051
2020-11-05 03:00:00,11.989662
2020-11-05 04:00:00,26.222382
2020-11-05 05:00:00,101.93132
2020-11-05 06:00:00,270.70895
2020-11-05 07:00:00,438.25464
2020-11-05 08:00:00,581.3562
2020-11-05 09:00:00,664.4385
2020-11-05 10:00:00,652.8762
2020-11-05 11:00:00,508.2929
2020-11-05 12:00:00,103.33374
2020-11-05 13:00:00,59.506332
2020-11-05 14:00:00,44.13655
2020-11-05 15:00:00,28.620487
2020-11-05 16:00:00,18.710445
2020-11-05 17:00:00,15.82195
2020-11-05 18:00:00,14.7383995
2020-11-05 19:00:00,14.2929945
2020-11-05 20:00:00,13.145547
2020-11-05 21:00:00,12.766147
2020-11-05 22:00:00,12.684544
2020-11-05 23:00:00,11.549933
2020-11-06 00:00:00,11.713632
2020-11-06 01:00:00,11.662509
2020-11-06 02:00:00,12.636691
2020-11-06 03:00:00,14.132935
2020-11-06 04:00:00,28.118698
2020-11-06 05:00:00,74.671844
2020-11-06 06:00:00,242.49348
2020-11-06 07:00:00,421.68408
2020-11-06 08:00:00,584.50366
2020-11-06 09:00:00,687.05835
2020-11-06 10:00:00,546.47485
2020-11-06 11:00:00,48.25261
2020-11-06 12:00:00,21.362087
2020-11-06 13:00:00,18.649185
2020-11-06 14:00:00,18.67749
2020-11-06 15:00:00,17.949402
2020-11-06 16:00:00,16.881754
2020-11-06 17:00:00,16.789627
2020-11-06 18:00:00,15.90315
2020-11-06 19:00:00,14.779833
2020-11-06 20:00:00,13.812015
2020-11-06 21:00:00,13.3097105
2020-11-06 22:00:00,12.856202
2020-11-06 23:00:00,11.990499
2020-11-07 00:00:00,11.969719
2020-11-07 01:00:00,12.987959
2020-11-07 02:00:00,12.962226
2020-11-07 03:00:00,13.142794
2020-11-07 04:00:00,21.826508
2020-11-07 05:00:00,64.497574
2020-11-07 06:00:00,177.054
2020-11-07 07:00:00,383.84546
2020-11-07 08:00:00,606.81714
2020-11-07 09:00:00,674.13135
2020-11-07 10:00:00,509.01978
2020-11-07 11:00:00,126.39711
2020-11-07 12:00:00,95.34038
2020-11-07 13:00:00,75.92026
2020-11-07 14:00:00,71.45523
2020-11-07 15:00:00,79.12126
2020-11-07 16:00:00,99.50218
2020-11-07 17:00:00,119.60672
2020-11-07 18:00:00,132.58511
2020-11-07 19:00:00,126.50343
2020-11-07 20:00:00,118.27905
2020-11-07 21:00:00,102.37126
2020-11-07 22:00:00,79.23172
2020-11-07 23:00:00,56.135666
2020-11-08 00:00:00,44.4189
2020-11-08 01:00:00,25.569504
2020-11-08 02:00:00,16.2323
2020-11-08 03:00:00,32.031067
2020-11-08 04:00:00,77.66576
2020-11-08 05:00:00,146.92671
2020-11-08 06:00:00,283.95465
2020-11-08 07:00:00,364.53784
2020-11-08 08:00:00,458.1277
2020-11-08 09:00:00,512.9009
2020-11-08 10:00:00,555.6609
2020-11-08 11:00:00,377.497
2020-11-08 12:00:00,101.98413
2020-11-08 13:00:00,205.30876
2020-11-08 14:00:00,313.7954
2020-11-08 15:00:00,372.97644
2020-11-08 16:00:00,445.32007
2020-11-08 17:00:00,477.60883
2020-11-08 18:00:00,481.87082
2020-11-08 19:00:00,493.06683
2020-11-08 20:00:00,542.16113
2020-11-08 21:00:00,535.6584
2020-11-08 22:00:00,263.6632
2020-11-08 23:00:00,254.04231
2020-11-09 00:00:00,141.15402
2020-11-09 01:00:00,47.928085
2020-11-09 02:00:00,60.994186
2020-11-09 03:00:00,93.95383
2020-11-09 04:00:00,289.31555
2020-11-09 05:00:00,472.89014
2020-11-09 06:00:00,667.00366
2020-11-09 07:00:00,933.33813
2020-11-09 08:00:00,1104.0205
2020-11-09 09:00:00,1159.7363
2020-11-09 10:00:00,867.604
2020-11-09 11:00:00,696.2412
2020-11-09 12:00:00,129.2244
2020-11-09 13:00:00,29.962845
2020-11-09 14:00:00,20.493061
2020-11-09 15:00:00,26.14592
2020-11-09 16:00:00,30.132294
2020-11-09 17:00:00,29.14888
2020-11-09 18:00:00,27.345634
2020-11-09 19:00:00,25.386929
2020-11-09 20:00:00,21.636732
2020-11-09 21:00:00,23.384178
2020-11-09 22:00:00,22.753895
2020-11-09 23:00:00,29.091461
2020-11-10 00:00:00,37.571533
2020-11-10 01:00:00,30.489746
2020-11-10 02:00:00,25.50703
2020-11-10 03:00:00,29.885225
2020-11-10 04:00:00,62.58844
2020-11-10 05:00:00,286.3379
2020-11-10 06:00:00,449.85834
2020-11-10 07:00:00,631.3489
2020-11-10 08:00:00,692.57007
2020-11-10 09:00:00,718.7029
2020-11-10 10:00:00,652.0686
2020-11-10 11:00:00,373.41055
2020-11-10 12:00:00,100.2166
2020-11-10 13:00:00,70.73178
2020-11-10 14:00:00,78.716034
2020-11-10 15:00:00,73.86096
2020-11-10 16:00:00,56.018906
2020-11-10 17:00:00,30.208876
2020-11-10 18:00:00,17.396168
2020-11-10 19:00:00,13.853426
2020-11-10 20:00:00,11.952044
2020-11-10 21:00:00,11.118033
2020-11-10 22:00:00,15.388198
2020-11-10 23:00:00,15.630938
2020-11-11 00:00:00,24.011448
2020-11-11 01:00:00,16.295586
2020-11-11 02:00:00,16.36766
2020-11-11 03:00:00,12.741977
2020-11-11 04:00:00,26.081905
2020-11-11 05:00:00,163.844
2020-11-11 06:00:00,381.7234
2020-11-11 07:00:00,495.6223
2020-11-11 08:00:00,569.5835
2020-11-11 09:00:00,587.48755
2020-11-11 10:00:00,469.94702
2020-11-11 11:00:00,158.47205
2020-11-11 12:00:00,68.83971
2020-11-11 13:00:00,64.946396
2020-11-11 14:00:00,63.068573
2020-11-11 15:00:00,56.005447
2020-11-11 16:00:00,50.253845
2020-11-11 17:00:00,44.668457
2020-11-11 18:00:00,38.273605
2020-11-11 19:00:00,27.550537
2020-11-11 20:00:00,54.386734
2020-11-11 21:00:00,86.525696
2020-11-11 22:00:00,97.8089
2020-11-11 23:00:00,175.90277
2020-11-12 00:00:00,204.39552
2020-11-12 01:00:00,215.75752
2020-11-12 02:00:00,217.71
2020-11-12 03:00:00,216.65292
2020-11-12 04:00:00,201.60358
2020-11-12 05:00:00,183.60843
2020-11-12 06:00:00,256.53635
2020-11-12 07:00:00,297.03687
2020-11-12 08:00:00,289.7935
2020-11-12 09:00:00,266.18982
2020-11-12 10:00:00,260.47797
2020-11-12 11:00:00,296.2107
2020-11-12 12:00:00,281.48013
2020-11-12 13:00:00,248.73178
2020-11-12 14:00:00,252.76128
2020-11-12 15:00:00,270.78506
2020-11-12 16:00:00,278.2348
2020-11-12 17:00:00,267.40747
2020-11-12 18:00:00,276.92365
2020-11-12 19:00:00,244.81255
2020-11-12 20:00:00,214.62726
2020-11-12 21:00:00,205.77849
2020-11-12 22:00:00,191.47557
2020-11-12 23:00:00,183.42346
2020-11-13 00:00:00,165.14194
2020-11-13 01:00:00,137.7448
2020-11-13 02:00:00,111.544266
2020-11-13 03:00:00,114.66557
2020-11-13 04:00:00,173.38843
2020-11-13 05:00:00,312.9272
2020-11-13 06:00:00,459.2926
2020-11-13 07:00:00,579.6487
2020-11-13 08:00:00,657.3342
2020-11-13 09:00:00,677.69116
2020-11-13 10:00:00,636.9829
2020-11-13 11:00:00,506.87964
2020-11-13 12:00:00,289.86554
2020-11-13 13:00:00,184.17903
2020-11-13 14:00:00,163.30312
2020-11-13 15:00:00,122.51165
2020-11-13 16:00:00,102.98903
2020-11-13 17:00:00,96.58981
2020-11-13 18:00:00,97.27028
2020-11-13 19:00:00,112.95398
2020-11-13 20:00:00,121.68178
2020-11-13 21:00:00,132.1353
2020-11-13 22:00:00,162.46863
2020-11-13 23:00:00,199.2025
2020-11-14 00:00:00,205.40976
2020-11-14 01:00:00,192.15637
2020-11-14 02:00:00,201.63
2020-11-14 03:00:00,201.37802
2020-11-14 04:00:00,264.87225
2020-11-14 05:00:00,452.61182
2020-11-14 06:00:00,475.24
2020-11-14 07:00:00,637.2346
2020-11-14 08:00:00,698.5703
2020-11-14 09:00:00,731.04004
2020-11-14 10:00:00,689.06665
2020-11-14 11:00:00,689.6704
2020-11-14 12:00:00,163.46822
2020-11-14 13:00:00,90.317154
2020-11-14 14:00:00,69.86461
2020-11-14 15:00:00,53.90773
2020-11-14 16:00:00,45.426178
2020-11-14 17:00:00,39.210907
2020-11-14 18:00:00,33.14328
2020-11-14 19:00:00,30.154648
2020-11-14 20:00:00,26.983704
2020-11-14 21:00:00,24.75409
2020-11-14 22:00:00,24.956802
2020-11-14 23:00:00,26.921005
2020-11-15 00:00:00,30.632462
2020-11-15 01:00:00,24.45285
2020-11-15 02:00:00,21.702698
2020-11-15 03:00:00,24.595215
2020-11-15 04:00:00,79.59654
2020-11-15 05:00:00,324.17685
2020-11-15 06:00:00,831.1306
2020-11-15 07:00:00,1202.2427
2020-11-15 08:00:00,1413.7041
2020-11-15 09:00:00,1479.374
2020-11-15 10:00:00,1403.4963
2020-11-15 11:00:00,884.03296
2020-11-15 12:00:00,46.72943
2020-11-15 13:00:00,18.166876
2020-11-15 14:00:00,18.254097
2020-11-15 15:00:00,24.014297
2020-11-15 16:00:00,31.065125
2020-11-15 17:00:00,36.27449
2020-11-15 18:00:00,36.67917
2020-11-15 19:00:00,33.96396
2020-11-15 20:00:00,31.128174
2020-11-15 21:00:00,27.061691
2020-11-15 22:00:00,23.411667
2020-11-15 23:00:00,18.001652
2020-11-16 00:00:00,14.171613
2020-11-16 01:00:00,13.489139
2020-11-16 02:00:00,14.123251
2020-11-16 03:00:00,20.558613
2020-11-16 04:00:00,79.07083
2020-11-16 05:00:00,288.65564
2020-11-16 06:00:00,454.70337
2020-11-16 07:00:00,652.32764
2020-11-16 08:00:00,779.68115
2020-11-16 09:00:00,801.375
2020-11-16 10:00:00,638.2991
2020-11-16 11:00:00,482.28687
2020-11-16 12:00:00,347.3656
2020-11-16 13:00:00,267.28253
2020-11-16 14:00:00,229.3963
2020-11-16 15:00:00,196.20401
2020-11-16 16:00:00,177.42517
2020-11-16 17:00:00,165.41878
2020-11-16 18:00:00,164.63068
2020-11-16 19:00:00,155.06334
2020-11-16 20:00:00,153.7245
2020-11-16 21:00:00,152.0041
2020-11-16 22:00:00,131.50784
2020-11-16 23:00:00,125.23593
2020-11-17 00:00:00,126.30495
2020-11-17 01:00:00,117.79738
2020-11-17 02:00:00,123.17732
2020-11-17 03:00:00,124.83835
2020-11-17 04:00:00,166.49886
2020-11-17 05:00:00,243.04459
2020-11-17 06:00:00,390.17798
2020-11-17 07:00:00,502.68652
2020-11-17 08:00:00,598.70605
2020-11-17 09:00:00,616.0918
2020-11-17 10:00:00,552.1465
2020-11-17 11:00:00,485.2272
2020-11-17 12:00:00,344.92908
2020-11-17 13:00:00,264.9094
2020-11-17 14:00:00,207.976
2020-11-17 15:00:00,171.10307
2020-11-17 16:00:00,151.46721
2020-11-17 17:00:00,139.50769
2020-11-17 18:00:00,133.7195
2020-11-17 19:00:00,124.377716
2020-11-17 20:00:00,119.05757
2020-11-17 21:00:00,119.15796
2020-11-17 22:00:00,128.23883
2020-11-17 23:00:00,147.936
2020-11-18 00:00:00,173.16452
2020-11-18 01:00:00,187.68062
2020-11-18 02:00:00,195.30064
2020-11-18 03:00:00,215.34047
2020-11-18 04:00:00,249.87709
2020-11-18 05:00:00,274.39374
2020-11-18 06:00:00,307.0525
2020-11-18 07:00:00,348.06934
2020-11-18 08:00:00,353.4646
2020-11-18 09:00:00,344.04834
2020-11-18 10:00:00,346.46674
2020-11-18 11:00:00,336.6127
2020-11-18 12:00:00,327.32275
2020-11-18 13:00:00,326.84753
2020-11-18 14:00:00,321.03387
2020-11-18 15:00:00,317.45364
2020-11-18 16:00:00,325.25348
2020-11-18 17:00:00,323.21393
2020-11-18 18:00:00,310.1258
2020-11-18 19:00:00,296.50238
2020-11-18 20:00:00,261.9879
2020-11-18 21:00:00,266.7812
2020-11-18 22:00:00,123.51901
2020-11-18 23:00:00,151.5755
2020-11-19 00:00:00,129.72856
2020-11-19 01:00:00,170.08405
2020-11-19 02:00:00,161.524
2020-11-19 03:00:00,224.0639
2020-11-19 04:00:00,306.86365
2020-11-19 05:00:00,414.4286
2020-11-19 06:00:00,535.0726
2020-11-19 07:00:00,669.2996
2020-11-19 08:00:00,727.3372
2020-11-19 09:00:00,767.7417
2020-11-19 10:00:00,881.5774
2020-11-19 11:00:00,764.2473
2020-11-19 12:00:00,141.8946
2020-11-19 13:00:00,64.4314
2020-11-19 14:00:00,38.771027
2020-11-19 15:00:00,35.824524
2020-11-19 16:00:00,40.48198
2020-11-19 17:00:00,45.998596
2020-11-19 18:00:00,51.11383
2020-11-19 19:00:00,58.194016
2020-11-19 20:00:00,68.45926
2020-11-19 21:00:00,76.75174
2020-11-19 22:00:00,45.499725
2020-11-19 23:00:00,42.602844
2020-11-20 00:00:00,36.91144
2020-11-20 01:00:00,26.955894
2020-11-20 02:00:00,25.650307
2020-11-20 03:00:00,24.837166
2020-11-20 04:00:00,53.759853
2020-11-20 05:00:00,135.50504
2020-11-20 06:00:00,435.38477
2020-11-20 07:00:00,616.9061
2020-11-20 08:00:00,711.3806
2020-11-20 09:00:00,752.9763
2020-11-20 10:00:00,802.21094
2020-11-20 11:00:00,352.0922
2020-11-20 12:00:00,135.68756
2020-11-20 13:00:00,108.42529
2020-11-20 14:00:00,86.904755
2020-11-20 15:00:00,67.34047
2020-11-20 16:00:00,62.88797
2020-11-20 17:00:00,57.286224
2020-11-20 18:00:00,45.728455
2020-11-20 19:00:00,34.766068
2020-11-20 20:00:00,33.20717
2020-11-20 21:00:00,33.67775
2020-11-20 22:00:00,35.56302
2020-11-20 23:00:00,53.966095
2020-11-21 00:00:00,71.80992
2020-11-21 01:00:00,72.45078
2020-11-21 02:00:00,66.746346
2020-11-21 03:00:00,49.73752
2020-11-21 04:00:00,87.51547
2020-11-21 05:00:00,162.61581
2020-11-21 06:00:00,313.85077
2020-11-21 07:00:00,461.40387
2020-11-21 08:00:00,577.8347
2020-11-21 09:00:00,644.28906
2020-11-21 10:00:00,662.7427
2020-11-21 11:00:00,198.58179
2020-11-21 12:00:00,69.51492
2020-11-21 13:00:00,41.86728
2020-11-21 14:00:00,41.361496
2020-11-21 15:00:00,45.1102
2020-11-21 16:00:00,51.801
2020-11-21 17:00:00,65.89369
2020-11-21 18:00:00,73.854416
2020-11-21 19:00:00,81.49252
2020-11-21 20:00:00,79.20015
2020-11-21 21:00:00,64.782265
2020-11-21 22:00:00,86.765305
2020-11-21 23:00:00,122.64163
2020-11-22 00:00:00,137.2875
2020-11-22 01:00:00,150.83742
2020-11-22 02:00:00,139.7644
2020-11-22 03:00:00,154.5794
2020-11-22 04:00:00,210.55257
2020-11-22 05:00:00,270.6115
2020-11-22 06:00:00,314.2309
2020-11-22 07:00:00,359.55566
2020-11-22 08:00:00,383.3573
2020-11-22 09:00:00,393.52832
2020-11-22 10:00:00,417.0857
2020-11-22 11:00:00,329.93164
2020-11-22 12:00:00,118.206665
2020-11-22 13:00:00,73.093216
2020-11-22 14:00:00,28.058838
2020-11-22 15:00:00,23.617477
2020-11-22 16:00:00,18.372421
2020-11-22 17:00:00,14.799708
2020-11-22 18:00:00,17.098282
2020-11-22 19:00:00,18.642532
2020-11-22 20:00:00,19.040619
2020-11-22 21:00:00,20.172401
2020-11-22 22:00:00,16.868116
2020-11-22 23:00:00,23.194519
2020-11-23 00:00:00,36.223434
2020-11-23 01:00:00,37.67755
2020-11-23 02:00:00,35.612823
2020-11-23 03:00:00,35.831497
2020-11-23 04:00:00,49.175476
2020-11-23 05:00:00,75.2608
2020-11-23 06:00:00,172.91313
2020-11-23 07:00:00,356.6762
2020-11-23 08:00:00,439.79102
2020-11-23 09:00:00,459.7539
2020-11-23 10:00:00,402.80676
2020-11-23 11:00:00,192.25679
2020-11-23 12:00:00,81.69914
2020-11-23 13:00:00,65.59187
2020-11-23 14:00:00,49.630554
2020-11-23 15:00:00,27.512663
2020-11-23 16:00:00,17.663692
2020-11-23 17:00:00,14.430658
2020-11-23 18:00:00,13.293429
2020-11-23 19:00:00,12.268093
2020-11-23 20:00:00,10.98788
2020-11-23 21:00:00,10.647626
2020-11-23 22:00:00,12.491437
2020-11-23 23:00:00,15.308088
2020-11-24 00:00:00,13.735256
2020-11-24 01:00:00,11.22984
2020-11-24 02:00:00,11.052572
2020-11-24 03:00:00,12.071753
2020-11-24 04:00:00,34.90041
2020-11-24 05:00:00,74.43614
2020-11-24 06:00:00,176.72418
2020-11-24 07:00:00,252.28593
2020-11-24 08:00:00,290.4251
2020-11-24 09:00:00,306.38943
2020-11-24 10:00:00,272.54074
2020-11-24 11:00:00,53.281525
2020-11-24 12:00:00,19.377178
2020-11-24 13:00:00,15.936656
2020-11-24 14:00:00,18.35839
2020-11-24 15:00:00,17.579433
2020-11-24 16:00:00,15.720368
2020-11-24 17:00:00,13.694737
2020-11-24 18:00:00,12.165573
2020-11-24 19:00:00,11.161394
2020-11-24 20:00:00,10.841216
2020-11-24 21:00:00,11.4499655
2020-11-24 22:00:00,12.2187
2020-11-24 23:00:00,11.234343
2020-11-25 00:00:00,10.650526
2020-11-25 01:00:00,11.097591
2020-11-25 02:00:00,12.229796
2020-11-25 03:00:00,12.695538
2020-11-25 04:00:00,13.559182
2020-11-25 05:00:00,42.71765
2020-11-25 06:00:00,167.807
2020-11-25 07:00:00,344.1731
2020-11-25 08:00:00,454.0569
2020-11-25 09:00:00,228.41357
2020-11-25 10:00:00,429.99902
2020-11-25 11:00:00,24.404785
2020-11-25 12:00:00,13.439313
2020-11-25 13:00:00,20.988146
2020-11-25 14:00:00,20.381313
2020-11-25 15:00:00,19.067642
2020-11-25 16:00:00,16.084213
2020-11-25 17:00:00,13.566436
2020-11-25 18:00:00,12.594474
2020-11-25 19:00:00,11.9466
2020-11-25 20:00:00,12.20361
2020-11-25 21:00:00,12.955958
2020-11-25 22:00:00,12.6174755
2020-11-25 23:00:00,11.541152
2020-11-26 00:00:00,11.663483
2020-11-26 01:00:00,13.892218
2020-11-26 02:00:00,15.452001
2020-11-26 03:00:00,17.533566
2020-11-26 04:00:00,33.643463
2020-11-26 05:00:00,61.826187
2020-11-26 06:00:00,126.71222
2020-11-26 07:00:00,166.09569
2020-11-26 08:00:00,163.32549
2020-11-26 09:00:00,123.544586
2020-11-26 10:00:00,50.611786
2020-11-26 11:00:00,40.096497
2020-11-26 12:00:00,43.468643
2020-11-26 13:00:00,31.115948
2020-11-26 14:00:00,19.715883
2020-11-26 15:00:00,19.686111
2020-11-26 16:00:00,20.94318
2020-11-26 17:00:00,20.295288
2020-11-26 18:00:00,19.281097
2020-11-26 19:00:00,19.584564
2020-11-26 20:00:00,19.370764
2020-11-26 21:00:00,17.863335
2020-11-26 22:00:00,16.494282
2020-11-26 23:00:00,16.902386
2020-11-27 00:00:00,23.548399
2020-11-27 01:00:00,17.09388
2020-11-27 02:00:00,13.0771885
2020-11-27 03:00:00,12.826542
2020-11-27 04:00:00,14.10246
2020-11-27 05:00:00,29.616863
2020-11-27 06:00:00,52.591217
2020-11-27 07:00:00,74.46478
2020-11-27 08:00:00,100.1579
2020-11-27 09:00:00,95.82985
2020-11-27 10:00:00,62.58246
2020-11-27 11:00:00,37.190643
2020-11-27 12:00:00,31.66957
2020-11-27 13:00:00,40.61432
2020-11-27 14:00:00,53.423965
2020-11-27 15:00:00,61.81346
2020-11-27 16:00:00,55.42299
2020-11-27 17:00:00,85.75484
2020-11-27 18:00:00,126.17876
2020-11-27 19:00:00,139.99222
2020-11-27 20:00:00,167.18558
2020-11-27 21:00:00,296.6197
2020-11-27 22:00:00,541.07983
2020-11-27 23:00:00,376.41296
2020-11-28 00:00:00,482.84344
2020-11-28 01:00:00,466.23755
2020-11-28 02:00:00,247.87827
2020-11-28 03:00:00,179.41284
2020-11-28 04:00:00,150.22037
2020-11-28 05:00:00,364.1396
2020-11-28 06:00:00,364.78595
2020-11-28 07:00:00,362.44336
2020-11-28 08:00:00,484.96582
2020-11-28 09:00:00,525.3816
2020-11-28 10:00:00,407.13843
2020-11-28 11:00:00,230.61328
2020-11-28 12:00:00,94.455414
2020-11-28 13:00:00,62.4256
2020-11-28 14:00:00,54.80768
2020-11-28 15:00:00,55.04521
2020-11-28 16:00:00,62.974045
2020-11-28 17:00:00,72.21792
2020-11-28 18:00:00,75.89577
2020-11-28 19:00:00,73.28794
2020-11-28 20:00:00,73.390526
2020-11-28 21:00:00,69.71011
2020-11-28 22:00:00,71.72794
2020-11-28 23:00:00,62.655205
2020-11-29 00:00:00,52.36617
2020-11-29 01:00:00,39.704735
2020-11-29 02:00:00,39.73583
2020-11-29 03:00:00,44.69126
2020-11-29 04:00:00,68.67389
2020-11-29 05:00:00,107.84668
2020-11-29 06:00:00,146.37129
2020-11-29 07:00:00,193.29755
2020-11-29 08:00:00,241.65132
2020-11-29 09:00:00,293.78784
2020-11-29 10:00:00,292.4518
2020-11-29 11:00:00,147.29776
2020-11-29 12:00:00,61.47075
2020-11-29 13:00:00,50.932365
2020-11-29 14:00:00,49.516884
2020-11-29 15:00:00,43.396492
2020-11-29 16:00:00,29.99125
2020-11-29 17:00:00,21.87846
2020-11-29 18:00:00,17.038101
2020-11-29 19:00:00,13.958732
2020-11-29 20:00:00,13.8457985
2020-11-29 21:00:00,14.786481
2020-11-29 22:00:00,11.764452
2020-11-29 23:00:00,14.932199
2020-11-30 00:00:00,24.201477
2020-11-30 01:00:00,13.168077
2020-11-30 02:00:00,23.464443
2020-11-30 03:00:00,26.295378
2020-11-30 04:00:00,40.729965
2020-11-30 05:00:00,72.707146
2020-11-30 06:00:00,110.6392
2020-11-30 07:00:00,149.8077
2020-11-30 08:00:00,161.4232
2020-11-30 09:00:00,170.09381
2020-11-30 10:00:00,164.69135
2020-11-30 11:00:00,77.69402
2020-11-30 12:00:00,50.259434
2020-11-30 13:00:00,44.349655
2020-11-30 14:00:00,39.30713
2020-11-30 15:00:00,30.18053
2020-11-30 16:00:00,16.416513
2020-11-30 17:00:00,12.605775
2020-11-30 18:00:00,11.43702
2020-11-30 19:00:00,11.948915
2020-11-30 20:00:00,11.561347
2020-11-30 21:00:00,11.525493
2020-11-30 22:00:00,11.26897
2020-11-30 23:00:00,16.0849
2020-12-01 00:00:00,21.846764
2020-12-01 01:00:00,24.041553
2020-12-01 02:00:00,26.236511
2020-12-01 03:00:00,27.750362
2020-12-01 04:00:00,14.065554
2020-12-01 05:00:00,42.749153
2020-12-01 06:00:00,83.855774
2020-12-01 07:00:00,132.22902
2020-12-01 08:00:00,164.51482
2020-12-01 09:00:00,106.681885
2020-12-01 10:00:00,42.292862
2020-12-01 11:00:00,29.884354
2020-12-01 12:00:00,23.041607
2020-12-01 13:00:00,21.111847
2020-12-01 14:00:00,20.107372
2020-12-01 15:00:00,19.509815
2020-12-01 16:00:00,18.470446
2020-12-01 17:00:00,18.084824
2020-12-01 18:00:00,16.964912
2020-12-01 19:00:00,14.42819
2020-12-01 20:00:00,11.429253
2020-12-01 21:00:00,11.095046
2020-12-01 22:00:00,16.975262
2020-12-01 23:00:00,13.3333025
2020-12-02 00:00:00,13.055657
2020-12-02 01:00:00,12.65027
2020-12-02 02:00:00,12.7385845
2020-12-02 03:00:00,12.352309
2020-12-02 04:00:00,12.392367
2020-12-02 05:00:00,27.916508
2020-12-02 06:00:00,61.950333
2020-12-02 07:00:00,159.25381
2020-12-02 08:00:00,190.77689
2020-12-02 09:00:00,221.15839
2020-12-02 10:00:00,112.22957
2020-12-02 11:00:00,76.485535
2020-12-02 12:00:00,40.388046
2020-12-02 13:00:00,26.899818
2020-12-02 14:00:00,29.60226
2020-12-02 15:00:00,29.256933
2020-12-02 16:00:00,24.429483
2020-12-02 17:00:00,16.463657
2020-12-02 18:00:00,16.331196
2020-12-02 19:00:00,21.550652
2020-12-02 20:00:00,25.333282
2020-12-02 21:00:00,29.20533
2020-12-02 22:00:00,44.040176
2020-12-02 23:00:00,47.872482
2020-12-03 00:00:00,38.147903
2020-12-03 01:00:00,27.812534
2020-12-03 02:00:00,27.388748
2020-12-03 03:00:00,26.327679
2020-12-03 04:00:00,41.348545
2020-12-03 05:00:00,120.09508
2020-12-03 06:00:00,233.72856
2020-12-03 07:00:00,318.7235
2020-12-03 08:00:00,384.14795
2020-12-03 09:00:00,406.4214
2020-12-03 10:00:00,380.77448
2020-12-03 11:00:00,267.3996
2020-12-03 12:00:00,125.585754
2020-12-03 13:00:00,105.663956
2020-12-03 14:00:00,85.31143
2020-12-03 15:00:00,70.615654
2020-12-03 16:00:00,62.58164
2020-12-03 17:00:00,59.331406
2020-12-03 18:00:00,60.637012
2020-12-03 19:00:00,63.707397
2020-12-03 20:00:00,69.54992
2020-12-03 21:00:00,72.10437
2020-12-03 22:00:00,57.502655
2020-12-03 23:00:00,61.19966
2020-12-04 00:00:00,70.4999
2020-12-04 01:00:00,80.85828
2020-12-04 02:00:00,87.38785
2020-12-04 03:00:00,93.066696
2020-12-04 04:00:00,132.6043
2020-12-04 05:00:00,179.69354
2020-12-04 06:00:00,250.58224
2020-12-04 07:00:00,344.7932
2020-12-04 08:00:00,447.28223
2020-12-04 09:00:00,466.76636
2020-12-04 10:00:00,472.55298
2020-12-04 11:00:00,392.22498
2020-12-04 12:00:00,116.34831
2020-12-04 13:00:00,58.479156
2020-12-04 14:00:00,41.761246
2020-12-04 15:00:00,39.013382
2020-12-04 16:00:00,41.052654
2020-12-04 17:00:00,44.49179
2020-12-04 18:00:00,45.962585
2020-12-04 19:00:00,45.280083
2020-12-04 20:00:00,48.885784
2020-12-04 21:00:00,52.59527
2020-12-04 22:00:00,60.076527
2020-12-04 23:00:00,69.99412
2020-12-05 00:00:00,81.33136
2020-12-05 01:00:00,95.824036
2020-12-05 02:00:00,98.137405
2020-12-05 03:00:00,95.46161
2020-12-05 04:00:00,128.52136
2020-12-05 05:00:00,227.33687
2020-12-05 06:00:00,333.3977
2020-12-05 07:00:00,423.57666
2020-12-05 08:00:00,469.83838
2020-12-05 09:00:00,461.50684
2020-12-05 10:00:00,355.7461
2020-12-05 11:00:00,175.9536
2020-12-05 12:00:00,73.917755
2020-12-05 13:00:00,60.49022
2020-12-05 14:00:00,57.117302
2020-12-05 15:00:00,54.14821
2020-12-05 16:00:00,49.443645
2020-12-05 17:00:00,42.95211
2020-12-05 18:00:00,38.594353
2020-12-05 19:00:00,33.298447
2020-12-05 20:00:00,29.784752
2020-12-05 21:00:00,29.737629
2020-12-05 22:00:00,29.115551
2020-12-05 23:00:00,32.85962
2020-12-06 00:00:00,37.757458
2020-12-06 01:00:00,39.105354
2020-12-06 02:00:00,37.544174
2020-12-06 03:00:00,32.34793
2020-12-06 04:00:00,43.934647
2020-12-06 05:00:00,145.63618
2020-12-06 06:00:00,239.25368
2020-12-06 07:00:00,346.49683
2020-12-06 08:00:00,373.62573
2020-12-06 09:00:00,385.43066
2020-12-06 10:00:00,302.8584
2020-12-06 11:00:00,129.57822
2020-12-06 12:00:00,91.0208
2020-12-06 13:00:00,76.81178
2020-12-06 14:00:00,63.13733
2020-12-06 15:00:00,41.176926
2020-12-06 16:00:00,35.9487
2020-12-06 17:00:00,29.816189
2020-12-06 18:00:00,31.395683
2020-12-06 19:00:00,36.964977
2020-12-06 20:00:00,43.890945
2020-12-06 21:00:00,56.678352
2020-12-06 22:00:00,67.59486
2020-12-06 23:00:00,71.54698
2020-12-07 00:00:00,74.33471
2020-12-07 01:00:00,72.42882
2020-12-07 02:00:00,93.671776
2020-12-07 03:00:00,110.07989
2020-12-07 04:00:00,126.164505
2020-12-07 05:00:00,196.2377
2020-12-07 06:00:00,262.90552
2020-12-07 07:00:00,311.76562
2020-12-07 08:00:00,363.71802
2020-12-07 09:00:00,367.3518
2020-12-07 10:00:00,341.99045
2020-12-07 11:00:00,291.31604
2020-12-07 12:00:00,174.99054
2020-12-07 13:00:00,138.69243
2020-12-07 14:00:00,121.70419
2020-12-07 15:00:00,113.875565
2020-12-07 16:00:00,99.54164
2020-12-07 17:00:00,84.33154
2020-12-07 18:00:00,75.65787
2020-12-07 19:00:00,72.14566
2020-12-07 20:00:00,69.55776
2020-12-07 21:00:00,68.93199
2020-12-07 22:00:00,58.909866
2020-12-07 23:00:00,45.827904
2020-12-08 00:00:00,57.06205
2020-12-08 01:00:00,65.89339
2020-12-08 02:00:00,70.43643
2020-12-08 03:00:00,71.10982
2020-12-08 04:00:00,99.310684
2020-12-08 05:00:00,137.55785
2020-12-08 06:00:00,189.03993
2020-12-08 07:00:00,244.19173
2020-12-08 08:00:00,281.43994
2020-12-08 09:00:00,291.8413
2020-12-08 10:00:00,271.49902
2020-12-08 11:00:00,192.1212
2020-12-08 12:00:00,81.12654
2020-12-08 13:00:00,58.85768
2020-12-08 14:00:00,66.83301
2020-12-08 15:00:00,58.979748
2020-12-08 16:00:00,48.895008
2020-12-08 17:00:00,45.022636
2020-12-08 18:00:00,38.964775
2020-12-08 19:00:00,31.213184
2020-12-08 20:00:00,28.023293
2020-12-08 21:00:00,31.016582
2020-12-08 22:00:00,29.173134
2020-12-08 23:00:00,55.73974
2020-12-09 00:00:00,58.39937
2020-12-09 01:00:00,34.869507
2020-12-09 02:00:00,37.20331
2020-12-09 03:00:00,42.211136
2020-12-09 04:00:00,60.944427
2020-12-09 05:00:00,137.82253
2020-12-09 06:00:00,208.42087
2020-12-09 07:00:00,293.39844
2020-12-09 08:00:00,368.1648
2020-12-09 09:00:00,392.25952
2020-12-09 10:00:00,358.45142
2020-12-09 11:00:00,140.86664
2020-12-09 12:00:00,40.763
2020-12-09 13:00:00,32.394943
2020-12-09 14:00:00,32.471222
2020-12-09 15:00:00,32.9814
2020-12-09 16:00:00,32.28869
2020-12-09 17:00:00,35.169834
2020-12-09 18:00:00,37.055252
2020-12-09 19:00:00,35.66179
2020-12-09 20:00:00,28.45965
2020-12-09 21:00:00,22.148647
2020-12-09 22:00:00,18.497192
2020-12-09 23:00:00,13.297559
2020-12-10 00:00:00,16.349155
2020-12-10 01:00:00,18.985256
2020-12-10 02:00:00,17.804962
2020-12-10 03:00:00,18.433807
2020-12-10 04:00:00,23.702087
2020-12-10 05:00:00,107.563644
2020-12-10 06:00:00,224.90959
2020-12-10 07:00:00,318.1062
2020-12-10 08:00:00,386.04297
2020-12-10 09:00:00,426.9099
2020-12-10 10:00:00,405.77075
2020-12-10 11:00:00,105.57205
2020-12-10 12:00:00,49.9653
2020-12-10 13:00:00,30.764816
2020-12-10 14:00:00,30.174438
2020-12-10 15:00:00,30.902618
2020-12-10 16:00:00,26.166538
2020-12-10 17:00:00,24.728436
2020-12-10 18:00:00,18.15821
2020-12-10 19:00:00,12.727163
2020-12-10 20:00:00,10.773497
2020-12-10 21:00:00,10.820338
2020-12-10 22:00:00,15.568011
2020-12-10 23:00:00,16.380533
2020-12-11 00:00:00,17.16431
2020-12-11 01:00:00,14.062702
2020-12-11 02:00:00,12.61987
2020-12-11 03:00:00,11.590356
2020-12-11 04:00:00,13.9616165
2020-12-11 05:00:00,97.08496
2020-12-11 06:00:00,167.78122
2020-12-11 07:00:00,285.60193
2020-12-11 08:00:00,352.65674
2020-12-11 09:00:00,387.8728
2020-12-11 10:00:00,361.97714
2020-12-11 11:00:00,100.47423
2020-12-11 12:00:00,52.486206
2020-12-11 13:00:00,38.112473
2020-12-11 14:00:00,30.713234
2020-12-11 15:00:00,26.597166
2020-12-11 16:00:00,21.413933
2020-12-11 17:00:00,14.91868
2020-12-11 18:00:00,12.385445
2020-12-11 19:00:00,11.7174425
2020-12-11 20:00:00,13.465463
2020-12-11 21:00:00,17.198261
2020-12-11 22:00:00,28.944489
2020-12-11 23:00:00,32.72075
2020-12-12 00:00:00,32.243248
2020-12-12 01:00:00,21.928791
2020-12-12 02:00:00,28.630562
2020-12-12 03:00:00,37.162674
2020-12-12 04:00:00,55.50833
2020-12-12 05:00:00,116.572556
2020-12-12 06:00:00,217.7541
2020-12-12 07:00:00,310.85645
2020-12-12 08:00:00,356.5979
2020-12-12 09:00:00,399.79028
2020-12-12 10:00:00,371.54492
2020-12-12 11:00:00,132.3779
2020-12-12 12:00:00,49.573807
2020-12-12 13:00:00,18.64224
2020-12-12 14:00:00,17.34255
2020-12-12 15:00:00,15.225869
2020-12-12 16:00:00,14.532626
2020-12-12 17:00:00,15.009736
2020-12-12 18:00:00,15.745433
2020-12-12 19:00:00,15.572158
2020-12-12 20:00:00,14.543605
2020-12-12 21:00:00,14.12974
2020-12-12 22:00:00,11.870694
2020-12-12 23:00:00,13.488181
2020-12-13 00:00:00,20.496614
2020-12-13 01:00:00,23.53141
2020-12-13 02:00:00,19.515766
2020-12-13 03:00:00,19.138119
2020-12-13 04:00:00,23.844864
2020-12-13 05:00:00,89.06082
2020-12-13 06:00:00,260.94962
2020-12-13 07:00:00,390.76733
2020-12-13 08:00:00,469.56152
2020-12-13 09:00:00,467.3369
2020-12-13 10:00:00,422.95996
2020-12-13 11:00:00,138.6327
2020-12-13 12:00:00,74.06044
2020-12-13 13:00:00,40.550537
2020-12-13 14:00:00,33.83663
2020-12-13 15:00:00,36.339737
2020-12-13 16:00:00,30.484985
2020-12-13 17:00:00,20.129208
2020-12-13 18:00:00,15.478677
2020-12-13 19:00:00,19.139664
2020-12-13 20:00:00,23.450665
2020-12-13 21:00:00,27.582031
2020-12-13 22:00:00,47.542297
2020-12-13 23:00:00,54.833443
2020-12-14 00:00:00,62.606796
2020-12-14 01:00:00,30.449375
2020-12-14 02:00:00,37.043823
2020-12-14 03:00:00,51.202072
2020-12-14 04:00:00,85.62637
2020-12-14 05:00:00,133.96227
2020-12-14 06:00:00,219.98575
2020-12-14 07:00:00,339.3318
2020-12-14 08:00:00,432.36694
2020-12-14 09:00:00,427.20117
2020-12-14 10:00:00,433.58105
2020-12-14 11:00:00,189.62784
2020-12-14 12:00:00,85.73749
2020-12-14 13:00:00,80.280685
2020-12-14 14:00:00,67.89583
2020-12-14 15:00:00,71.216064
2020-12-14 16:00:00,77.07391
2020-12-14 17:00:00,60.694912
2020-12-14 18:00:00,48.914047
2020-12-14 19:00:00,36.79155
2020-12-14 20:00:00,30.242685
2020-12-14 21:00:00,29.444805
2020-12-14 22:00:00,37.287098
2020-12-14 23:00:00,36.952168
2020-12-15 00:00:00,45.79757
2020-12-15 01:00:00,52.453083
2020-12-15 02:00:00,56.538353
2020-12-15 03:00:00,67.53285
2020-12-15 04:00:00,109.190475
2020-12-15 05:00:00,209.26505
2020-12-15 06:00:00,333.7223
2020-12-15 07:00:00,425.25195
2020-12-15 08:00:00,521.1299
2020-12-15 09:00:00,534.16846
2020-12-15 10:00:00,565.0635
2020-12-15 11:00:00,154.53659
2020-12-15 12:00:00,71.73956
2020-12-15 13:00:00,44.512314
2020-12-15 14:00:00,41.83539
2020-12-15 15:00:00,43.81346
2020-12-15 16:00:00,42.111984
2020-12-15 17:00:00,36.649918
2020-12-15 18:00:00,33.42639
2020-12-15 19:00:00,28.843185
2020-12-15 20:00:00,26.480267
2020-12-15 21:00:00,24.980259
2020-12-15 22:00:00,24.316914
2020-12-15 23:00:00,24.648043
2020-12-16 00:00:00,25.31276
2020-12-16 01:00:00,27.076153
2020-12-16 02:00:00,28.474907
2020-12-16 03:00:00,27.57129
2020-12-16 04:00:00,34.468338
2020-12-16 05:00:00,106.86598
2020-12-16 06:00:00,286.91693
2020-12-16 07:00:00,463.76978
2020-12-16 08:00:00,570.0647
2020-12-16 09:00:00,606.11914
2020-12-16 10:00:00,523.0847
2020-12-16 11:00:00,175.91678
2020-12-16 12:00:00,81.58537
2020-12-16 13:00:00,63.658096
2020-12-16 14:00:00,56.189743
2020-12-16 15:00:00,38.450912
2020-12-16 16:00:00,28.667755
2020-12-16 17:00:00,25.611511
2020-12-16 18:00:00,21.867933
2020-12-16 19:00:00,16.341038
2020-12-16 20:00:00,12.482314
2020-12-16 21:00:00,11.123955
2020-12-16 22:00:00,11.78671
2020-12-16 23:00:00,12.5894375
2020-12-17 00:00:00,13.153546
2020-12-17 01:00:00,14.765281
2020-12-17 02:00:00,15.176666
2020-12-17 03:00:00,13.6813
2020-12-17 04:00:00,14.636752
2020-12-17 05:00:00,54.31192
2020-12-17 06:00:00,152.85242
2020-12-17 07:00:00,270.4275
2020-12-17 08:00:00,339.59515
2020-12-17 09:00:00,358.93604
2020-12-17 10:00:00,277.18118
2020-12-17 11:00:00,102.0157
2020-12-17 12:00:00,54.393585
2020-12-17 13:00:00,39.827972
2020-12-17 14:00:00,26.946991
2020-12-17 15:00:00,17.88623
2020-12-17 16:00:00,15.785222
2020-12-17 17:00:00,14.901952
2020-12-17 18:00:00,14.133363
2020-12-17 19:00:00,12.911246
2020-12-17 20:00:00,11.794535
2020-12-17 21:00:00,11.51566
2020-12-17 22:00:00,12.496319
2020-12-17 23:00:00,12.22699
2020-12-18 00:00:00,13.363605
2020-12-18 01:00:00,12.643225
2020-12-18 02:00:00,11.257452
2020-12-18 03:00:00,11.209692
2020-12-18 04:00:00,12.01996
2020-12-18 05:00:00,23.942398
2020-12-18 06:00:00,88.11156
2020-12-18 07:00:00,172.84334
2020-12-18 08:00:00,220.78062
2020-12-18 09:00:00,223.6749
2020-12-18 10:00:00,124.40587
2020-12-18 11:00:00,61.130264
2020-12-18 12:00:00,37.152573
2020-12-18 13:00:00,17.62268
2020-12-18 14:00:00,12.449935
2020-12-18 15:00:00,11.4501295
2020-12-18 16:00:00,11.611424
2020-12-18 17:00:00,11.378688
2020-12-18 18:00:00,11.790585
2020-12-18 19:00:00,11.328535
2020-12-18 20:00:00,12.142277
2020-12-18 21:00:00,12.22961
2020-12-18 22:00:00,16.507607
2020-12-18 23:00:00,18.377674
2020-12-19 00:00:00,18.942268
2020-12-19 01:00:00,21.751404
2020-12-19 02:00:00,18.434526
2020-12-19 03:00:00,37.421738
2020-12-19 04:00:00,52.337555
2020-12-19 05:00:00,81.338165
2020-12-19 06:00:00,161.85437
2020-12-19 07:00:00,235.90639
2020-12-19 08:00:00,287.00317
2020-12-19 09:00:00,235.24179
2020-12-19 10:00:00,206.36597
2020-12-19 11:00:00,138.56628
2020-12-19 12:00:00,120.61386
2020-12-19 13:00:00,121.82512
2020-12-19 14:00:00,139.22388
2020-12-19 15:00:00,125.64171
2020-12-19 16:00:00,91.127686
2020-12-19 17:00:00,60.66513
2020-12-19 18:00:00,78.73657
2020-12-19 19:00:00,103.05702
2020-12-19 20:00:00,129.37207
2020-12-19 21:00:00,143.97139
2020-12-19 22:00:00,143.69397
2020-12-19 23:00:00,152.50362
2020-12-20 00:00:00,151.54759
2020-12-20 01:00:00,152.05112
2020-12-20 02:00:00,144.5291
2020-12-20 03:00:00,142.349
2020-12-20 04:00:00,152.41283
2020-12-20 05:00:00,167.6705
2020-12-20 06:00:00,202.58138
2020-12-20 07:00:00,234.19879
2020-12-20 08:00:00,254.8722
2020-12-20 09:00:00,273.29517
2020-12-20 10:00:00,275.69363
2020-12-20 11:00:00,236.00468
2020-12-20 12:00:00,176.48625
2020-12-20 13:00:00,168.62547
2020-12-20 14:00:00,188.33003
2020-12-20 15:00:00,190.66414
2020-12-20 16:00:00,168.93689
2020-12-20 17:00:00,147.81218
2020-12-20 18:00:00,136.68361
2020-12-20 19:00:00,124.23552
2020-12-20 20:00:00,124.80499
2020-12-20 21:00:00,116.278046
2020-12-20 22:00:00,122.41382
2020-12-20 23:00:00,116.048645
2020-12-21 00:00:00,115.33084
2020-12-21 01:00:00,82.039444
2020-12-21 02:00:00,59.012085
2020-12-21 03:00:00,47.315956
2020-12-21 04:00:00,74.98732
2020-12-21 05:00:00,143.73004
2020-12-21 06:00:00,246.84563
2020-12-21 07:00:00,346.56067
2020-12-21 08:00:00,405.265
2020-12-21 09:00:00,423.88007
2020-12-21 10:00:00,361.71713
2020-12-21 11:00:00,147.68715
2020-12-21 12:00:00,63.5177
2020-12-21 13:00:00,51.926605
2020-12-21 14:00:00,41.29982
2020-12-21 15:00:00,28.780785
2020-12-21 16:00:00,26.775478
2020-12-21 17:00:00,27.86331
2020-12-21 18:00:00,29.010216
2020-12-21 19:00:00,29.339817
2020-12-21 20:00:00,26.203194
2020-12-21 21:00:00,22.036991
2020-12-21 22:00:00,13.928951
2020-12-21 23:00:00,11.5052395
2020-12-22 00:00:00,14.488252
2020-12-22 01:00:00,15.748355
2020-12-22 02:00:00,12.872859
2020-12-22 03:00:00,11.212866
2020-12-22 04:00:00,11.56964
2020-12-22 05:00:00,31.002316
2020-12-22 06:00:00,233.00746
2020-12-22 07:00:00,369.99506
2020-12-22 08:00:00,443.16168
2020-12-22 09:00:00,477.2824
2020-12-22 10:00:00,457.15723
2020-12-22 11:00:00,134.36308
2020-12-22 12:00:00,66.9825
2020-12-22 13:00:00,47.2172
2020-12-22 14:00:00,43.24227
2020-12-22 15:00:00,36.143818
2020-12-22 16:00:00,21.89016
2020-12-22 17:00:00,14.040693
2020-12-22 18:00:00,12.141007
2020-12-22 19:00:00,13.191866
2020-12-22 20:00:00,13.768945
2020-12-22 21:00:00,15.228128
2020-12-22 22:00:00,21.02412
2020-12-22 23:00:00,32.446808
2020-12-23 00:00:00,41.090908
2020-12-23 01:00:00,16.370998
2020-12-23 02:00:00,30.054947
2020-12-23 03:00:00,29.008661
2020-12-23 04:00:00,16.702705
2020-12-23 05:00:00,88.17166
2020-12-23 06:00:00,213.63063
2020-12-23 07:00:00,290.18457
2020-12-23 08:00:00,336.88574
2020-12-23 09:00:00,373.9408
2020-12-23 10:00:00,410.2259
2020-12-23 11:00:00,350.68646
2020-12-23 12:00:00,86.2724
2020-12-23 13:00:00,52.05945
2020-12-23 14:00:00,44.942276
2020-12-23 15:00:00,35.66463
2020-12-23 16:00:00,30.278044
2020-12-23 17:00:00,28.114948
2020-12-23 18:00:00,25.688396
2020-12-23 19:00:00,23.784332
2020-12-23 20:00:00,24.060694
2020-12-23 21:00:00,24.120289
2020-12-23 22:00:00,19.069408
2020-12-23 23:00:00,14.07677
2020-12-24 00:00:00,16.121376
2020-12-24 01:00:00,21.151796
2020-12-24 02:00:00,19.44886
2020-12-24 03:00:00,18.47864
2020-12-24 04:00:00,26.848267
2020-12-24 05:00:00,49.15567
2020-12-24 06:00:00,122.170044
2020-12-24 07:00:00,208.5666
2020-12-24 08:00:00,259.95685
2020-12-24 09:00:00,263.72397
2020-12-24 10:00:00,188.55843
2020-12-24 11:00:00,108.260864
2020-12-24 12:00:00,62.9433
2020-12-24 13:00:00,46.9765
2020-12-24 14:00:00,39.298737
2020-12-24 15:00:00,24.498108
2020-12-24 16:00:00,14.171818
2020-12-24 17:00:00,12.94295
2020-12-24 18:00:00,14.49115
2020-12-24 19:00:00,16.991444
2020-12-24 20:00:00,18.295877
2020-12-24 21:00:00,11.815545
2020-12-24 22:00:00,15.727446
2020-12-24 23:00:00,14.257303
2020-12-25 00:00:00,14.170905
2020-12-25 01:00:00,17.1138
2020-12-25 02:00:00,20.537762
2020-12-25 03:00:00,25.903
2020-12-25 04:00:00,32.855743
2020-12-25 05:00:00,47.564453
2020-12-25 06:00:00,79.24045
2020-12-25 07:00:00,122.78903
2020-12-25 08:00:00,130.94444
2020-12-25 09:00:00,90.1992
2020-12-25 10:00:00,84.00836
2020-12-25 11:00:00,93.79317
2020-12-25 12:00:00,98.05034
2020-12-25 13:00:00,80.33461
2020-12-25 14:00:00,61.749813
2020-12-25 15:00:00,60.129265
2020-12-25 16:00:00,76.83187
2020-12-25 17:00:00,107.94145
2020-12-25 18:00:00,125.96173
2020-12-25 19:00:00,108.31772
2020-12-25 20:00:00,81.46774
2020-12-25 21:00:00,65.87983
2020-12-25 22:00:00,55.130756
2020-12-25 23:00:00,45.322327
2020-12-26 00:00:00,25.589157
2020-12-26 01:00:00,14.4368
2020-12-26 02:00:00,16.277506
2020-12-26 03:00:00,19.7593
2020-12-26 04:00:00,19.23513
2020-12-26 05:00:00,32.514053
2020-12-26 06:00:00,81.59511
2020-12-26 07:00:00,142.17822
2020-12-26 08:00:00,222.30956
2020-12-26 09:00:00,329.29443
2020-12-26 10:00:00,244.09142
2020-12-26 11:00:00,268.87714
2020-12-26 12:00:00,211.63617
2020-12-26 13:00:00,192.50577
2020-12-26 14:00:00,208.48692
2020-12-26 15:00:00,209.09634
2020-12-26 16:00:00,236.24442
2020-12-26 17:00:00,190.26378
2020-12-26 18:00:00,160.64796
2020-12-26 19:00:00,165.02736
2020-12-26 20:00:00,196.97107
2020-12-26 21:00:00,213.29008
2020-12-26 22:00:00,237.99475
2020-12-26 23:00:00,256.65604
2020-12-27 00:00:00,264.44922
2020-12-27 01:00:00,261.3084
2020-12-27 02:00:00,259.38754
2020-12-27 03:00:00,264.96857
2020-12-27 04:00:00,286.2449
2020-12-27 05:00:00,303.7633
2020-12-27 06:00:00,298.25256
2020-12-27 07:00:00,315.8636
2020-12-27 08:00:00,333.29767
2020-12-27 09:00:00,339.73865
2020-12-27 10:00:00,369.9378
2020-12-27 11:00:00,318.66345
2020-12-27 12:00:00,271.68945
2020-12-27 13:00:00,226.48552
2020-12-27 14:00:00,188.99474
2020-12-27 15:00:00,130.46373
2020-12-27 16:00:00,153.06502
2020-12-27 17:00:00,142.35757
2020-12-27 18:00:00,128.67178
2020-12-27 19:00:00,121.0983
2020-12-27 20:00:00,136.02824
2020-12-27 21:00:00,126.02402
2020-12-27 22:00:00,79.12752
2020-12-27 23:00:00,82.020584
2020-12-28 00:00:00,84.40193
2020-12-28 01:00:00,113.61551
2020-12-28 02:00:00,115.941025
2020-12-28 03:00:00,121.21408
2020-12-28 04:00:00,153.64127
2020-12-28 05:00:00,261.95654
2020-12-28 06:00:00,325.53442
2020-12-28 07:00:00,405.50696
2020-12-28 08:00:00,429.9065
2020-12-28 09:00:00,437.87012
2020-12-28 10:00:00,429.24835
2020-12-28 11:00:00,373.59906
2020-12-28 12:00:00,137.2693
2020-12-28 13:00:00,68.18294
2020-12-28 14:00:00,46.814613
2020-12-28 15:00:00,28.957912
2020-12-28 16:00:00,18.467815
2020-12-28 17:00:00,21.671665
2020-12-28 18:00:00,33.151848
2020-12-28 19:00:00,41.125477
2020-12-28 20:00:00,42.38952
2020-12-28 21:00:00,36.84096
2020-12-28 22:00:00,37.020226
2020-12-28 23:00:00,26.85772
2020-12-29 00:00:00,26.788498
2020-12-29 01:00:00,24.68903
2020-12-29 02:00:00,24.969511
2020-12-29 03:00:00,25.877655
2020-12-29 04:00:00,40.076065
2020-12-29 05:00:00,92.6977
2020-12-29 06:00:00,176.2823
2020-12-29 07:00:00,322.0819
2020-12-29 08:00:00,405.90863
2020-12-29 09:00:00,431.49725
2020-12-29 10:00:00,429.62164
2020-12-29 11:00:00,211.41872
2020-12-29 12:00:00,81.85066
2020-12-29 13:00:00,51.232635
2020-12-29 14:00:00,47.414825
2020-12-29 15:00:00,43.081886
2020-12-29 16:00:00,32.809032
2020-12-29 17:00:00,23.90508
2020-12-29 18:00:00,19.091318
2020-12-29 19:00:00,20.636143
2020-12-29 20:00:00,24.671354
2020-12-29 21:00:00,25.856348
2020-12-29 22:00:00,20.357994
2020-12-29 23:00:00,23.408825
2020-12-30 00:00:00,27.60653
2020-12-30 01:00:00,28.141815
2020-12-30 02:00:00,17.00769
2020-12-30 03:00:00,37.42146
2020-12-30 04:00:00,56.700035
2020-12-30 05:00:00,112.1514
2020-12-30 06:00:00,147.39543
2020-12-30 07:00:00,260.6068
2020-12-30 08:00:00,324.8678
2020-12-30 09:00:00,364.56967
2020-12-30 10:00:00,353.13403
2020-12-30 11:00:00,244.8944
2020-12-30 12:00:00,89.648056
2020-12-30 13:00:00,59.89301
2020-12-30 14:00:00,50.888184
2020-12-30 15:00:00,41.920254
2020-12-30 16:00:00,31.332424
2020-12-30 17:00:00,24.911514
2020-12-30 18:00:00,24.6245
2020-12-30 19:00:00,24.283443
2020-12-30 20:00:00,19.679256
2020-12-30 21:00:00,18.191921
2020-12-30 22:00:00,14.98752
2020-12-30 23:00:00,30.71275
2020-12-31 00:00:00,47.20889
2020-12-31 01:00:00,61.935307
2020-12-31 02:00:00,71.384964
2020-12-31 03:00:00,69.0636
2020-12-31 04:00:00,75.97737
2020-12-31 05:00:00,126.83486
2020-12-31 06:00:00,170.34732
2020-12-31 07:00:00,263.22552
2020-12-31 08:00:00,295.4803
2020-12-31 09:00:00,330.049
2020-12-31 10:00:00,330.6637
2020-12-31 11:00:00,192.29733
2020-12-31 12:00:00,73.599594
2020-12-31 13:00:00,60.491272
2020-12-31 14:00:00,44.565643
2020-12-31 15:00:00,33.440434
2020-12-31 16:00:00,29.49378
2020-12-31 17:00:00,21.603756
2020-12-31 18:00:00,13.325864
2020-12-31 19:00:00,12.237618
2020-12-31 20:00:00,13.933131
2020-12-31 21:00:00,13.468067
2020-12-31 22:00:00,23.155483
2020-12-31 23:00:00,48.679153
