datetime,temp_c,rh,wind,pm25,blh
2020-01-01 00:00:00,-3.4476399999999785,85.10433861323266,2.1676520328729816,36.0,13.370011
2020-01-01 01:00:00,-3.8128699999999753,84.37805815483308,2.044006837330101,38.0,14.024011
2020-01-01 02:00:00,-4.036019999999951,83.79456771428809,2.0483208536670667,31.0,14.281557
2020-01-01 03:00:00,-4.056600000000003,83.12239500187471,2.0342435434305792,31.0,14.021874
2020-01-01 04:00:00,-2.2477799999999775,82.98148647107547,1.4798656316041336,32.0,16.041471
2020-01-01 05:00:00,2.1317999999999984,77.27270268405141,0.8485295691119373,26.0,42.073395
2020-01-01 06:00:00,5.562460000000044,64.68127864022432,0.3626230837903347,26.0,162.3618
2020-01-01 07:00:00,7.574600000000032,56.619365493506024,1.2231073271006188,30.0,312.22797
2020-01-01 08:00:00,8.664800000000014,51.01512943959218,1.7311176985623584,20.0,429.76813
2020-01-01 09:00:00,9.194180000000017,48.81597462828742,1.925675740089116,34.0,508.20398
2020-01-01 10:00:00,9.086400000000026,50.70303734273645,1.9495237091400712,46.0,394.32135
2020-01-01 11:00:00,8.039670000000001,56.02382692953343,1.9775004296727914,46.0,268.0834
2020-01-01 12:00:00,5.307280000000048,63.13483908962905,1.9557201122409134,69.0,94.65448
2020-01-01 13:00:00,2.1034800000000473,72.61333437416408,1.7535399660470246,79.0,52.24765
2020-01-01 14:00:00,0.28835000000003674,76.23883307663425,1.864841277305417,86.0,38.349655
2020-01-01 15:00:00,-1.0233499999999935,76.83979782284055,2.0706668302151705,69.0,26.610931
2020-01-01 16:00:00,-1.919870000000003,75.19753133681118,2.232208169116682,69.0,20.504044
2020-01-01 17:00:00,-2.3496999999999844,72.30812580805244,2.134679781508449,71.0,19.134518
2020-01-01 18:00:00,-2.754199999999969,70.92409431565848,2.0099238031414273,73.0,17.162342
2020-01-01 19:00:00,-2.254799999999989,68.06188930098841,2.1688321863756377,58.0,13.335804
2020-01-01 20:00:00,-2.79562999999996,70.04098031340122,2.080174714712402,49.0,12.149367
2020-01-01 21:00:00,-2.764319999999998,69.89359729780769,2.0339239366229265,51.0,12.659975
2020-01-01 22:00:00,-2.3952999999999633,67.91005853331461,2.1692427795730196,44.0,12.20089
2020-01-01 23:00:00,-2.1703999999999724,67.71419016379504,1.9910843972551164,42.0,12.591576
2020-01-02 00:00:00,-2.1417299999999955,68.70212166364608,1.7673441588451073,53.0,26.562376
2020-01-02 01:00:00,-1.917639999999949,69.2261665023436,1.667672991069486,48.0,22.412716
2020-01-02 02:00:00,-1.6285799999999995,69.1007006434083,1.7433981562627712,48.0,20.440128
2020-01-02 03:00:00,-1.201849999999979,68.92016512851454,1.9850993668568333,46.0,18.028528
2020-01-02 04:00:00,-0.16559999999998354,72.00569300815869,1.7184068049883279,48.0,16.258732
2020-01-02 05:00:00,2.2922300000000178,72.24957206605245,1.043597695683427,38.0,33.59225
2020-01-02 06:00:00,3.947300000000041,69.23788019594757,0.7563959755987328,51.0,101.8479
2020-01-02 07:00:00,5.4065800000000195,61.44349844266883,0.2142659182489413,38.0,190.01521
2020-01-02 08:00:00,5.928800000000024,59.85444367431148,0.25395900749448225,38.0,262.3648
2020-01-02 09:00:00,6.691740000000038,57.740249986101325,0.15879656127314132,52.0,323.00958
2020-01-02 10:00:00,6.875100000000032,57.79546529813319,0.8902908841435058,52.0,303.1862
2020-01-02 11:00:00,6.05322000000001,62.80343577825963,1.7042045811414381,54.0,93.10976
2020-01-02 12:00:00,4.499050000000011,70.34215567556146,1.2673924555143368,48.0,25.285185
2020-01-02 13:00:00,3.167380000000037,79.14387806199548,0.7954933985519226,36.0,15.859187
2020-01-02 14:00:00,1.7311000000000263,82.56996900825916,1.307014900480083,36.0,20.025513
2020-01-02 15:00:00,1.3742300000000114,81.52449620734077,1.2311503376522737,44.0,14.416264
2020-01-02 16:00:00,0.8847300000000473,83.2791393010088,1.570690991132899,44.0,15.166939
2020-01-02 17:00:00,1.2515800000000468,79.35179206234399,1.1654581765091443,51.0,17.254086
2020-01-02 18:00:00,1.5576000000000363,77.9527377721973,1.0271948624093492,52.0,17.871536
2020-01-02 19:00:00,0.39160000000003947,84.02530886873033,1.8757042750490307,47.0,17.049068
2020-01-02 20:00:00,0.2139500000000112,86.79332435074501,1.9586727383574625,57.0,17.647598
2020-01-02 21:00:00,-0.48279999999999745,90.51561943764187,1.952246633916263,57.0,17.48811
2020-01-02 22:00:00,-1.060579999999959,92.0229965798318,2.013445144677232,49.0,18.874916
2020-01-02 23:00:00,-1.5816999999999553,92.18756666476106,1.9755063281755643,49.0,16.094265
2020-01-03 00:00:00,-1.8246199999999817,91.62601023302811,1.883081328287193,52.0,14.713413
2020-01-03 01:00:00,-1.634559999999965,92.68686643388828,1.7073391794768882,52.0,13.213125
2020-01-03 02:00:00,-1.5175499999999715,92.47390365538661,1.6539668013241753,66.0,11.943071
2020-01-03 03:00:00,-1.4715999999999667,92.14184112029638,1.6864905379708983,63.0,11.664748
2020-01-03 04:00:00,-0.11259999999998627,94.61819848899846,1.1557120970008226,62.0,12.346752
2020-01-03 05:00:00,2.8495700000000284,91.75558839051814,0.7468502762739317,62.0,30.62799
2020-01-03 06:00:00,5.038780000000031,77.29137781128446,0.6147162842722376,68.0,164.53082
2020-01-03 07:00:00,5.608600000000024,73.50772731173075,0.91332797569273,68.0,334.8883
2020-01-03 08:00:00,5.912260000000003,74.89652313691421,1.1676531492152111,52.0,490.6526
2020-01-03 09:00:00,5.974330000000009,75.39420276939448,0.8171209313763994,48.0,562.6809
2020-01-03 10:00:00,5.970000000000027,75.8539542315996,0.9594916393907817,48.0,333.89575
2020-01-03 11:00:00,5.617999999999995,79.71581908907342,0.5159612137188231,45.0,141.88977
2020-01-03 12:00:00,4.896749999999997,83.20616063941472,0.7520587606392023,44.0,36.45912
2020-01-03 13:00:00,3.428800000000024,89.42166416957495,1.6275048571167445,44.0,28.929352
2020-01-03 14:00:00,2.5469600000000128,90.9333592345086,1.912212206069667,44.0,25.690536
2020-01-03 15:00:00,1.661580000000015,90.99319479105343,2.084561448893146,43.0,21.638458
2020-01-03 16:00:00,1.3368800000000078,90.3063527886552,2.15407530064225,43.0,19.582764
2020-01-03 17:00:00,0.7284500000000094,91.79213471248362,2.0598985230060847,33.0,20.860382
2020-01-03 18:00:00,-0.09463999999996986,92.72187314557854,2.068081225928049,28.0,22.710373
2020-01-03 19:00:00,0.5138800000000288,92.04528099205902,1.914989936849617,23.0,22.323242
2020-01-03 20:00:00,0.09017000000000053,92.75043860585076,1.8775372063497358,23.0,22.6297
2020-01-03 21:00:00,-0.15194999999999936,93.46978681408305,1.8449383260899705,34.0,23.0952
2020-01-03 22:00:00,-0.9060699999999997,93.30034178005067,1.9641989692377528,24.0,29.905716
2020-01-03 23:00:00,-1.4425999999999704,93.58983231135977,1.9617604636585382,24.0,20.48796
2020-01-04 00:00:00,-1.844099999999969,93.6309330133547,1.9591721630166916,28.0,16.098446
2020-01-04 01:00:00,-1.7779999999999632,93.7752596482375,1.8784551358032229,26.0,14.932166
2020-01-04 02:00:00,-2.078899999999976,93.72826600193247,1.987389577641737,29.0,14.85083
2020-01-04 03:00:00,-2.099649999999997,93.32025757991437,1.911656591625955,29.0,15.966322
2020-01-04 04:00:00,-0.9064699999999561,93.49376075726067,1.441145865707625,36.0,21.130184
2020-01-04 05:00:00,2.3329700000000457,89.49235363735532,1.1822724850666095,24.0,64.77974
2020-01-04 06:00:00,5.0326200000000085,77.19567140231771,1.1936497259206404,24.0,143.3751
2020-01-04 07:00:00,6.767880000000048,66.08232585559846,1.6830814223109418,20.0,259.2923
2020-01-04 08:00:00,7.494600000000048,62.57962176940491,1.8473245480575222,20.0,459.53748
2020-01-04 09:00:00,8.037000000000035,58.59801780755414,1.7767925004661713,24.0,555.07715
2020-01-04 10:00:00,7.630240000000015,63.52727824953084,1.3702416640773325,19.0,627.4907
2020-01-04 11:00:00,6.891200000000026,68.098959402814,1.3399155397360731,19.0,256.72986
2020-01-04 12:00:00,5.36868000000004,76.10789489180522,1.2401085446651072,36.0,85.46103
2020-01-04 13:00:00,3.552760000000035,89.44967918405659,1.3691403857923539,36.0,87.47485
2020-01-04 14:00:00,3.0477500000000077,90.42611427082159,1.5715812279173418,28.0,106.13328
2020-01-04 15:00:00,2.709220000000016,90.77500213594955,1.8480840150551952,24.0,115.903366
2020-01-04 16:00:00,2.110680000000002,92.60126497903863,1.7701661628448764,21.0,111.390854
2020-01-04 17:00:00,1.3447000000000457,92.66436670994763,1.7175782947714378,20.0,105.27962
2020-01-04 18:00:00,0.9548300000000154,92.94988336869288,1.7273404928753409,24.0,108.30293
2020-01-04 19:00:00,0.9103000000000065,95.66517428220789,1.9450704864549946,23.0,98.04503
2020-01-04 20:00:00,0.48757000000000517,95.09400928638833,1.9478424614837642,21.0,95.055115
2020-01-04 21:00:00,-0.1782999999999788,95.12098170967856,1.7312006412943879,21.0,68.46146
2020-01-04 22:00:00,-0.6437699999999609,94.74173152727198,1.6085866202226724,23.0,73.51758
2020-01-04 23:00:00,-1.081639999999993,94.34511781593037,1.63791815741643,26.0,59.264015
2020-01-05 00:00:00,-1.6797199999999748,93.91424568005256,1.796960475638652,26.0,69.88292
2020-01-05 01:00:00,-2.1457599999999957,93.38430903298335,1.9240812460497088,27.0,76.328445
2020-01-05 02:00:00,-2.772899999999993,92.32003404323196,2.070088705906974,27.0,73.74524
2020-01-05 03:00:00,-3.0662999999999556,91.26730862023022,2.0615418657515545,34.0,74.8745
2020-01-05 04:00:00,-1.4396699999999782,91.60018704699955,1.5744813143208305,34.0,87.877945
2020-01-05 05:00:00,1.936550000000011,86.64879219425683,1.276224933860395,25.0,117.73561
2020-01-05 06:00:00,4.840020000000038,74.80931797647952,1.4544775032362223,25.0,183.14726
2020-01-05 07:00:00,5.9471000000000345,66.1066280562396,1.70892142092827,20.0,310.8289
2020-01-05 08:00:00,7.040980000000047,60.569281451330106,2.0756614219681886,17.0,426.99982
2020-01-05 09:00:00,7.567900000000009,58.065328738780444,2.2485831271239776,17.0,514.63806
2020-01-05 10:00:00,7.807820000000049,57.2213353843672,2.1727136670742877,17.0,402.65002
2020-01-05 11:00:00,7.152250000000038,61.77471508759497,1.6837309116639927,27.0,300.85608
2020-01-05 12:00:00,5.400480000000016,68.43353339296287,1.2226310209089863,35.0,85.50566
2020-01-05 13:00:00,2.9039600000000405,79.39064961170351,1.0486264240562173,35.0,64.74475
2020-01-05 14:00:00,1.1441599999999994,80.53623999939343,1.1074147527529603,37.0,58.516396
2020-01-05 15:00:00,-0.9926799999999503,86.88981838820632,1.2187493652972723,37.0,51.092896
2020-01-05 16:00:00,-2.3479699999999752,90.76951513373841,1.5424140043858523,39.0,42.82576
2020-01-05 17:00:00,-2.5537199999999984,91.08569262491213,1.3637022610779037,39.0,31.644407
2020-01-05 18:00:00,-1.6737999999999715,88.04286595528517,0.8750070368879963,38.0,26.491096
2020-01-05 19:00:00,-2.3705799999999613,85.94227184094626,1.4752538273274631,38.0,24.9981
2020-01-05 20:00:00,-2.1645599999999945,84.51026338345451,1.5624398969336037,41.0,16.378181
2020-01-05 21:00:00,-1.8739400000000046,85.17319918274816,1.1576255029722222,43.0,17.773457
2020-01-05 22:00:00,-1.0202999999999633,81.44637006966198,1.028005846067179,33.0,47.87467
2020-01-05 23:00:00,-0.005439999999964584,78.90128179611052,0.9252320504510909,39.0,44.862595
2020-01-06 00:00:00,-0.15405999999995856,82.75559410578234,1.159533518178655,48.0,21.187262
2020-01-06 01:00:00,-0.3150699999999915,84.4555222781145,1.284567876591799,61.0,27.888903
2020-01-06 02:00:00,-0.23255000000000337,85.20024776598297,1.26298029487879,61.0,47.2494
2020-01-06 03:00:00,-0.05819999999999936,87.36252309204328,1.092550863864476,47.0,59.40811
2020-01-06 04:00:00,0.9712499999999977,83.71023706077885,0.651173739825171,32.0,35.315308
2020-01-06 05:00:00,1.8546400000000176,88.0859392297101,0.7320589223017085,32.0,92.559494
2020-01-06 06:00:00,2.606899999999996,89.93768486855411,1.143527032891064,27.0,194.86061
2020-01-06 07:00:00,2.552880000000016,93.80533883069982,1.3750024261936014,26.0,356.9038
2020-01-06 08:00:00,3.5257799999999975,93.49750320858084,1.642939183771666,27.0,480.4488
2020-01-06 09:00:00,3.4245200000000295,98.42764460278838,1.6285622838292186,15.0,534.6161
2020-01-06 10:00:00,3.019770000000051,98.13817557894667,1.744250532479059,15.0,527.6643
2020-01-06 11:00:00,2.4860199999999963,99.00258775469327,1.5479731109379278,17.0,364.58878
2020-01-06 12:00:00,1.7976300000000265,99.0903812306439,1.573884960576543,15.0,252.89577
2020-01-06 13:00:00,1.2808500000000436,99.2299932576624,1.5219906953464706,18.0,228.20154
2020-01-06 14:00:00,0.9233000000000402,99.30904318757548,1.225135316135955,29.0,215.8714
2020-01-06 15:00:00,0.612700000000018,99.3123061398228,0.9461069010382849,19.0,177.06854
2020-01-06 16:00:00,0.4112800000000334,99.40782805400028,0.747293075233608,19.0,147.65195
2020-01-06 17:00:00,0.18490000000002738,99.4203423889285,0.6542527342353126,13.0,141.48735
2020-01-06 18:00:00,0.10058000000003631,99.31532101666255,0.6458290001801533,16.0,127.191376
2020-01-06 19:00:00,-0.16812999999996237,98.8741047887924,0.7299632923493208,16.0,113.883316
2020-01-06 20:00:00,-0.4037799999999834,99.1474312045548,0.7899653602783195,14.0,101.09447
2020-01-06 21:00:00,-0.4520599999999604,99.11841811161412,0.788324459350574,14.0,101.70601
2020-01-06 22:00:00,-0.4784599999999841,98.80725225899366,0.827707590970141,12.0,108.99501
2020-01-06 23:00:00,-0.5791699999999764,98.70948678017578,0.7846735339506111,16.0,107.01518
2020-01-07 00:00:00,-0.618629999999996,98.10273209464955,0.6557457067686853,12.0,104.57092
2020-01-07 01:00:00,-0.8235499999999547,97.92246452957382,0.5504092281623651,12.0,109.18239
2020-01-07 02:00:00,-0.9770299999999565,97.79077178720034,0.37842604423956405,15.0,118.92253
2020-01-07 03:00:00,-1.0696499999999673,97.75912109097177,0.2458111747893519,33.0,103.36632
2020-01-07 04:00:00,-0.7357499999999959,96.853878129255,0.3370616900003483,33.0,110.26485
2020-01-07 05:00:00,0.050319999999999254,91.2037534821622,0.8678627165676885,32.0,129.01497
2020-01-07 06:00:00,1.0855999999999995,88.26937453503723,1.5061327470010106,32.0,244.02023
2020-01-07 07:00:00,2.1188000000000216,78.66963322365007,2.1244501711255763,24.0,404.64868
2020-01-07 08:00:00,2.5091000000000463,74.37732478890835,2.1220059764892274,27.0,583.5747
2020-01-07 09:00:00,2.9039000000000215,68.96027359490391,2.1789774368514534,19.0,599.4441
2020-01-07 10:00:00,3.0346300000000497,66.96505599057755,1.9155431163139502,19.0,613.6904
2020-01-07 11:00:00,2.6413800000000265,69.87003478560385,1.605276375714967,20.0,434.76282
2020-01-07 12:00:00,1.9703600000000279,73.51862166799168,1.6413007124637289,20.0,157.34198
2020-01-07 13:00:00,1.0573400000000106,78.57322106057055,1.4589326402578906,22.0,69.55496
2020-01-07 14:00:00,0.5445799999999963,82.54932369860614,1.0868241739508515,22.0,60.48999
2020-01-07 15:00:00,0.13320000000004484,86.34393006381943,0.7972575464879375,27.0,63.167282
2020-01-07 16:00:00,-0.378879999999981,90.27672357460716,0.7393406732764674,27.0,60.339188
2020-01-07 17:00:00,-0.7416000000000054,89.79262524760588,0.7380444765788305,28.0,58.12607
2020-01-07 18:00:00,-0.9484299999999735,87.73707880708966,0.6497535321364697,21.0,45.399536
2020-01-07 19:00:00,-1.8738799999999856,91.22443159105669,1.2332238891712162,21.0,35.389282
2020-01-07 20:00:00,-2.7081000000000017,90.77356532686248,1.440052578940157,19.0,25.392899
2020-01-07 21:00:00,-2.9470000000000027,90.8101701618425,1.3184154682588074,19.0,18.855148
2020-01-07 22:00:00,-3.2249199999999973,90.22376153313131,1.2328766763257553,22.0,20.55722
2020-01-07 23:00:00,-3.5969599999999673,89.97432840739728,1.2281200769576734,22.0,26.104431
2020-01-09 00:00:00,-5.962469999999996,74.77975604399138,2.3224136058333547,21.0,16.107925
2020-01-09 01:00:00,-6.125399999999956,74.21014685220096,2.393244779224345,21.0,17.962234
2020-01-09 02:00:00,-6.3004999999999995,73.5762163137879,2.3774981710750587,16.0,21.775497
2020-01-09 03:00:00,-6.320299999999975,72.15674942015167,2.3796147155426652,16.0,26.703735
2020-01-09 04:00:00,-4.916659999999979,69.08999024820078,2.122689822155062,18.0,31.97017
2020-01-09 05:00:00,-1.0440999999999576,60.999780430313116,1.744664899580013,17.0,48.546234
2020-01-09 06:00:00,2.501000000000033,54.18765707526585,1.3226778239917876,17.0,77.52104
2020-01-09 07:00:00,5.168240000000026,50.07883219750789,0.9486512102170376,17.0,146.58589
2020-01-09 08:00:00,6.422660000000008,44.32549364371338,1.0543261831649495,17.0,222.27216
2020-01-09 09:00:00,6.977869999999996,41.86970519352854,1.3847236075712606,22.0,268.6089
2020-01-09 10:00:00,6.893370000000004,44.58064435920675,1.6045193707588614,24.0,277.6892
2020-01-09 11:00:00,6.1884000000000015,50.309489292033774,1.6761946409047965,24.0,188.8368
2020-01-09 12:00:00,3.938070000000039,56.90512984808949,2.028069346722148,32.0,73.13643
2020-01-09 13:00:00,0.6335700000000202,67.26338027997619,2.141955207536294,27.0,40.222336
2020-01-09 14:00:00,-1.9225799999999822,74.06706687751831,2.248769148548641,18.0,26.747879
2020-01-09 15:00:00,-3.415079999999989,76.69463667077497,2.409379348694632,24.0,21.54625
2020-01-09 16:00:00,-4.243349999999964,76.74032789499853,2.4686625936756483,24.0,17.919865
2020-01-09 17:00:00,-4.413430000000005,74.65971076093788,2.409191800018038,22.0,15.468937
2020-01-09 18:00:00,-4.308329999999955,72.81169774291509,2.291651360732485,25.0,12.940194
2020-01-09 19:00:00,-3.7761999999999603,71.03496139813245,2.155684449091043,19.0,11.999458
2020-01-09 20:00:00,-3.694339999999954,71.40903492255067,2.0780820100708017,25.0,13.783621
2020-01-09 21:00:00,-3.46035999999998,71.43546282632538,1.998810463646316,27.0,14.413822
2020-01-09 22:00:00,-3.2216599999999858,71.35607566438183,2.007590846599718,27.0,16.751762
2020-01-09 23:00:00,-3.2187599999999748,71.31066274143642,2.0022309754325947,35.0,19.731674
2020-01-10 00:00:00,-3.1806399999999826,71.13931947683754,2.11560277791593,32.0,16.595516
2020-01-10 01:00:00,-3.264599999999973,72.02370735939216,2.3222629701081594,38.0,12.964395
2020-01-10 02:00:00,-3.4522499999999923,73.05199444914703,2.341846779741161,67.0,16.348888
2020-01-10 03:00:00,-3.282539999999983,72.87524583966811,2.1238239924221096,67.0,13.92
2020-01-10 04:00:00,-1.670659999999998,72.18641637782612,1.6580074590852134,67.0,18.0124
2020-01-10 05:00:00,2.0892000000000053,65.78902235892824,1.0670776375670001,68.0,42.525085
2020-01-10 06:00:00,5.304900000000032,59.57651235627434,0.6681198261069043,34.0,82.68497
2020-01-10 07:00:00,7.748680000000036,49.008388966906516,1.348711578868058,34.0,162.43474
2020-01-10 08:00:00,8.89163000000002,44.66139445924625,1.9405307873398387,33.0,236.29385
2020-01-10 09:00:00,9.300800000000038,46.22184676996839,2.1081832622819676,53.0,251.99481
2020-01-10 10:00:00,9.160240000000044,50.78263888853348,1.9538358135427092,45.0,154.18056
2020-01-10 11:00:00,8.386470000000031,52.76629403035611,2.2307046112313684,45.0,55.210907
2020-01-10 12:00:00,6.486469999999997,54.72083488053552,2.578110887654672,48.0,33.255966
2020-01-10 13:00:00,3.9665800000000218,63.673943241619,2.4759848207567527,45.0,34.367813
2020-01-10 14:00:00,2.2152300000000196,75.80325132115696,2.5250745899632117,45.0,26.998848
2020-01-10 15:00:00,1.6601200000000063,82.12372040527531,2.653057903232457,42.0,24.649555
2020-01-10 16:00:00,1.5200399999999945,75.25166406810624,2.868220968058435,28.0,26.29303
2020-01-10 17:00:00,1.921700000000044,71.78157867168783,2.754845595163562,28.0,32.96837
2020-01-10 18:00:00,1.6976000000000226,71.58121944157119,2.6969663705084663,24.0,34.920975
2020-01-10 19:00:00,0.8765500000000088,75.32158571925645,2.1807946524475326,24.0,31.726715
2020-01-10 20:00:00,0.16586000000000922,81.0164954813625,1.5487727467450658,31.0,28.966614
2020-01-10 21:00:00,-0.7069499999999493,84.69969629613873,1.3968084557268265,63.0,24.673338
2020-01-10 22:00:00,-1.5091299999999706,87.97015668799254,1.6827679392038106,61.0,39.361984
2020-01-10 23:00:00,-1.647199999999998,87.05628302837533,1.843743102293172,61.0,42.824238
2020-01-11 00:00:00,-1.6812499999999773,85.82036499512246,1.9238621945116676,72.0,38.962036
2020-01-11 01:00:00,-1.3308999999999855,84.45928365875723,1.7931806418664826,72.0,33.535236
2020-01-11 02:00:00,-1.0029700000000048,83.52435437631766,1.6384959489957223,51.0,33.667618
2020-01-11 03:00:00,-0.4179399999999873,84.00794875055281,1.5457739843046268,49.0,34.584873
2020-01-11 04:00:00,0.9761000000000308,83.95213719895497,1.4580398091174962,41.0,36.282486
2020-01-11 05:00:00,3.9833600000000047,76.89694138922192,1.0802729701542764,41.0,53.331787
2020-01-11 06:00:00,6.855000000000018,67.74250080093442,0.5668462218371008,39.0,111.7816
2020-01-11 07:00:00,7.980700000000013,63.19645903459423,1.029770653962474,31.0,200.28433
2020-01-11 08:00:00,8.413800000000037,61.208893922329054,1.7335157755973494,31.0,307.6584
2020-01-11 09:00:00,8.695400000000006,58.942244714472096,2.270615351029628,29.0,401.7403
2020-01-11 10:00:00,8.3981,60.69639111051727,2.3357608207511147,29.0,359.0636
2020-01-11 11:00:00,7.51934,65.01114515851931,1.887245275663027,46.0,318.08557
2020-01-11 12:00:00,6.5533700000000294,67.68593528205746,1.8954511697919865,36.0,215.96878
2020-01-11 13:00:00,5.314800000000048,71.68043770084017,2.283240948340692,36.0,114.57907
2020-01-11 14:00:00,4.40273000000002,73.94827660427723,2.4039920261704384,30.0,76.44757
2020-01-11 15:00:00,3.6525500000000193,75.21010325448296,2.4168977063404338,32.0,70.38331
2020-01-11 16:00:00,3.6528600000000324,73.08783363646157,2.3887306500636294,32.0,73.42937
2020-01-11 17:00:00,3.392719999999997,72.63200655397755,2.258677653426575,28.0,69.04047
2020-01-11 18:00:00,3.100999999999999,74.25444001717588,1.8238980412535126,43.0,64.670425
2020-01-11 19:00:00,3.255240000000015,77.49394433615508,1.6862353067257072,51.0,57.46994
2020-01-11 20:00:00,3.07650000000001,79.52415991064328,1.221509936813316,58.0,41.215332
2020-01-11 21:00:00,2.8366000000000327,81.15857939124585,0.9496242248530876,62.0,38.908585
2020-01-11 22:00:00,2.307640000000049,84.12077007471513,0.9296911310583155,43.0,38.90312
2020-01-11 23:00:00,2.166440000000023,83.58578039862691,0.6264281098766792,43.0,46.274796
2020-01-12 00:00:00,2.2524999999999977,82.47856834286857,0.3410821672627779,60.0,41.039555
2020-01-12 01:00:00,2.2074800000000323,83.19270864019784,0.42706654281975026,56.0,62.258717
2020-01-12 02:00:00,2.18100000000004,83.60531619868195,0.35799123976370373,56.0,64.10787
2020-01-12 03:00:00,1.992460000000051,85.26772923393499,0.09416424888335719,54.0,62.529907
2020-01-12 04:00:00,2.1871600000000058,87.91245665342161,0.36303885543185815,62.0,98.13854
2020-01-12 05:00:00,3.400170000000003,84.64606451090124,1.0683385467511926,60.0,172.75331
2020-01-12 06:00:00,4.49597,81.06363910234252,1.8221332671931134,73.0,263.1476
2020-01-12 07:00:00,4.905420000000049,81.42121228012005,2.157293699733942,37.0,355.77008
2020-01-12 08:00:00,4.794640000000015,82.01600515588272,2.697675630957104,42.0,429.18445
2020-01-12 09:00:00,4.1743000000000166,84.65253308845583,2.6946670522217806,42.0,441.03607
2020-01-12 10:00:00,3.2333600000000047,92.08088665448531,2.444061309697073,37.0,345.12436
2020-01-12 11:00:00,2.411770000000047,95.56925590686734,2.131788981833624,35.0,319.8311
2020-01-12 12:00:00,1.2465500000000134,99.06407839997468,1.8132959495278673,35.0,251.40024
2020-01-12 13:00:00,0.8068000000000097,98.98965462920502,1.7310043672776623,24.0,199.17084
2020-01-12 14:00:00,0.5375600000000418,98.0045242449895,1.8238537082084285,18.0,227.32655
2020-01-12 15:00:00,0.15347000000002708,96.13485084708134,2.1622999281317643,18.0,255.94977
2020-01-12 16:00:00,-0.22213999999996759,95.09104843700905,2.3304835266970887,20.0,297.52484
2020-01-12 17:00:00,-0.6449999999999818,94.19553260475352,2.3791793719030516,20.0,311.12354
2020-01-12 18:00:00,-1.0659499999999866,93.94279495263655,1.968034290053797,19.0,309.93988
2020-01-12 19:00:00,-1.2718299999999658,93.81187363737581,1.7396682189357917,20.0,281.69928
2020-01-12 20:00:00,-1.4869400000000041,93.07820971205312,1.41438936343989,20.0,244.30403
2020-01-12 21:00:00,-1.7336199999999735,93.78213610033603,1.5605381343792835,19.0,224.00395
2020-01-12 22:00:00,-1.9240499999999656,93.60494912059909,1.7306711822764607,23.0,228.535
2020-01-12 23:00:00,-2.3084499999999935,94.7819310070872,1.725146112459997,23.0,252.27075
2020-01-13 00:00:00,-2.5398999999999887,94.42332410955348,1.6458280500154217,20.0,235.99731
2020-01-13 01:00:00,-2.6966299999999706,94.01885109299167,1.480217171404497,24.0,231.01938
2020-01-13 02:00:00,-2.8432999999999993,93.78617321452933,1.227722594653663,23.0,221.55031
2020-01-13 03:00:00,-2.9682999999999993,94.25877888315505,0.8402263249750147,23.0,201.03113
2020-01-13 04:00:00,-2.9353999999999587,93.75586383845949,0.750717343229257,24.0,195.87903
2020-01-13 05:00:00,-2.265139999999974,90.01318328920985,0.966948518969826,25.0,239.10068
2020-01-13 06:00:00,-1.644139999999993,88.00814925974406,1.5060025799271695,20.0,313.4506
2020-01-13 07:00:00,-1.6005999999999858,86.60224642462987,1.7733794072510796,20.0,432.44287
2020-01-13 08:00:00,-1.4674999999999727,84.9294023762573,1.897526665439625,22.0,462.38544
2020-01-13 09:00:00,-1.288979999999981,82.9324094653128,1.6099384569096307,20.0,477.79926
2020-01-13 10:00:00,-1.2514999999999645,81.95944156271332,1.23210366389273,23.0,441.56213
2020-01-13 11:00:00,-1.2299600000000055,81.31130950072297,1.0804219387787992,22.0,372.6217
2020-01-13 12:00:00,-1.6941999999999666,84.81155104426952,1.208133079415487,22.0,316.4242
2020-01-13 13:00:00,-2.8466599999999858,88.32525543119925,1.3333065670877533,19.0,89.71956
2020-01-13 14:00:00,-4.067539999999951,89.9504740766277,1.3352822436995333,26.0,100.41864
2020-01-13 15:00:00,-4.432169999999985,90.06484357903625,1.2985623184110147,28.0,130.14313
2020-01-13 16:00:00,-4.3736299999999915,90.56826352901724,1.1887552102460703,20.0,153.42949
2020-01-13 17:00:00,-3.508519999999976,89.94480355807673,0.774868241596413,40.0,111.534744
2020-01-13 18:00:00,-3.8459799999999973,91.06794221079282,1.006140415995722,39.0,101.509964
2020-01-13 19:00:00,-3.444919999999968,89.71969620536167,1.055616232015742,39.0,93.478226
2020-01-13 20:00:00,-3.601229999999987,89.73490186675512,1.0687721912726253,41.0,94.500595
2020-01-13 21:00:00,-3.803079999999966,90.36788391226978,0.8289094330270635,41.0,95.19219
2020-01-13 22:00:00,-4.041629999999998,90.68319915947635,0.6601820644971994,56.0,78.57196
2020-01-13 23:00:00,-3.9457199999999943,89.1172153109169,0.34846800964174734,51.0,84.85372
2020-01-14 00:00:00,-3.9110999999999763,87.9937788428819,0.27285463618155403,74.0,82.18704
2020-01-14 01:00:00,-4.03107,87.70170482544447,0.28323173291398074,74.0,69.64888
2020-01-14 02:00:00,-4.079869999999971,87.38393998470889,0.5029909574995222,64.0,72.64981
2020-01-14 03:00:00,-4.249059999999986,87.89599116439246,0.7316972417506687,64.0,76.64424
2020-01-14 04:00:00,-3.9472999999999843,86.94405787269102,0.763587797635971,40.0,98.59036
2020-01-14 05:00:00,-2.701030000000003,81.9690087748595,0.8100521202589075,28.0,150.29791
2020-01-14 06:00:00,-2.275919999999985,82.26631306773587,1.2851800855463618,25.0,287.79816
2020-01-14 07:00:00,-0.4037500000000023,75.17704221170813,1.577751639109898,24.0,408.28442
2020-01-14 08:00:00,0.18478000000004613,72.97056082670599,1.641221083828696,22.0,509.636
2020-01-14 09:00:00,0.5311500000000251,71.53836329414753,1.3806418836242025,22.0,527.6404
2020-01-14 10:00:00,0.855860000000007,71.0664539667629,1.1698092804895166,23.0,612.7927
2020-01-14 11:00:00,0.5957300000000032,71.9952503412771,1.399960075370488,23.0,568.2675
2020-01-14 12:00:00,-0.8922000000000025,78.39400683383141,1.6768309167844475,33.0,87.44534
2020-01-14 13:00:00,-3.1268399999999588,83.09140160780005,1.7620910630942297,33.0,54.716507
2020-01-14 14:00:00,-4.2697,85.2442770397299,1.6982897306042304,39.0,54.27778
2020-01-14 15:00:00,-4.4862399999999525,86.57273928402086,1.6770225001510863,41.0,46.357346
2020-01-14 16:00:00,-4.678799999999967,86.40135280624908,1.6117604240143912,41.0,41.38549
2020-01-14 17:00:00,-5.039499999999975,85.9683525348734,1.619403519658794,46.0,33.72154
2020-01-14 18:00:00,-5.417029999999954,85.41488141508084,1.6485680245079637,27.0,30.905262
2020-01-14 19:00:00,-5.207619999999963,82.73192607058903,1.6274370352954612,59.0,28.090971
2020-01-14 20:00:00,-5.508579999999995,80.94422128931052,1.6866308408842434,59.0,25.11124
2020-01-14 21:00:00,-5.581919999999968,78.95367360259273,1.6902519779571596,63.0,24.424803
2020-01-14 22:00:00,-5.154099999999971,76.5678299370478,1.5499323274150842,57.0,19.667753
2020-01-14 23:00:00,-4.625219999999956,75.15405177707646,1.3358537784731204,57.0,22.955124
2020-01-15 00:00:00,-4.345739999999978,75.8089267274598,1.3954135015778757,72.0,29.45759
2020-01-15 01:00:00,-4.07302999999996,76.0395688880132,1.4452843857277708,73.0,31.93265
2020-01-15 02:00:00,-4.376679999999965,75.95840784674097,1.4836389294647805,57.0,28.582474
2020-01-15 03:00:00,-4.212259999999958,73.56862580820733,1.3725906641846393,57.0,21.236126
2020-01-15 04:00:00,-3.126679999999965,71.06535193637855,0.9253378905632504,55.0,33.708416
2020-01-15 05:00:00,-1.1435599999999795,69.68002824469045,0.2858592608706468,62.0,60.011887
2020-01-15 06:00:00,0.13732000000004518,69.40409471357724,0.7377009082143311,59.0,190.51755
2020-01-15 07:00:00,1.4557700000000295,70.89412535938477,1.250330670613898,59.0,381.44177
2020-01-15 08:00:00,2.1813600000000406,68.81053841939374,1.6868219820544823,59.0,501.39404
2020-01-15 09:00:00,2.5456500000000233,68.01936318155869,1.863890338039285,70.0,565.7451
2020-01-15 10:00:00,2.6388500000000477,66.98600127995138,1.8652630761270432,79.0,792.68604
2020-01-15 11:00:00,2.4672500000000355,67.64827397385471,1.546437620964884,71.0,870.81445
2020-01-15 12:00:00,1.461400000000026,73.03918607872455,1.4720881129212153,68.0,80.848495
2020-01-15 13:00:00,-0.6794999999999618,83.51053227584062,1.5385343473507376,64.0,40.32773
2020-01-15 14:00:00,-2.4955799999999613,88.7971303389746,1.5311666797405659,58.0,32.364456
2020-01-15 15:00:00,-3.557399999999973,89.06565669509772,1.7130552786852296,53.0,31.980515
2020-01-15 16:00:00,-4.158239999999978,89.22612137634941,1.7087747796773043,85.0,29.869278
2020-01-15 17:00:00,-4.3396999999999935,88.32237273183587,1.7294753994309875,85.0,26.650524
2020-01-15 18:00:00,-4.430669999999964,85.97304928923681,1.6706506698756536,85.0,29.421627
2020-01-15 19:00:00,-3.6218599999999697,82.67706109411779,1.5228196162380978,77.0,38.667404
2020-01-15 20:00:00,-3.2902599999999893,81.14840484757485,1.540115441036538,80.0,45.913345
2020-01-15 21:00:00,-3.214969999999994,80.1063428472006,1.4749406591502627,89.0,44.25452
2020-01-15 22:00:00,-3.264070000000004,79.951535344578,1.3252256733692607,89.0,33.022743
2020-01-15 23:00:00,-3.3859599999999546,80.65185178185331,1.360386952520745,96.0,38.802185
2020-01-16 00:00:00,-3.2676500000000033,80.22703972818286,1.5486890648137848,93.0,65.76684
2020-01-16 01:00:00,-3.2743999999999573,79.93599913784882,1.649979819921699,95.0,100.32248
2020-01-16 02:00:00,-3.144299999999987,79.15811052701177,1.4009261022199215,106.0,114.18797
2020-01-16 03:00:00,-3.2315399999999954,81.15106207100985,0.9944351612567621,76.0,99.16998
2020-01-16 04:00:00,-2.2923599999999738,77.0518551457353,0.6460162944943089,81.0,106.4015
2020-01-16 05:00:00,-0.40384999999997717,73.00490437527989,0.6586574499011608,61.0,155.43843
2020-01-16 06:00:00,1.0476300000000265,69.01260530990407,1.3142918272276174,61.0,304.96857
2020-01-16 07:00:00,1.5299300000000358,70.26379161597673,1.9748843485665584,55.0,509.4848
2020-01-16 08:00:00,1.984700000000032,67.80510873450066,2.2056214732617474,53.0,761.23047
2020-01-16 09:00:00,2.114900000000034,66.98159402839484,2.517566644514647,34.0,757.7456
2020-01-16 10:00:00,1.8888200000000097,67.75765381322148,2.7128045941166885,27.0,685.0383
2020-01-16 11:00:00,1.3639800000000264,71.37330856158714,2.5676234478195457,17.0,715.6572
2020-01-16 12:00:00,0.6379000000000019,75.65365433290589,2.2943078945890725,34.0,566.19806
2020-01-16 13:00:00,-0.3275499999999738,80.02114860571668,2.2129727531513064,30.0,339.27582
2020-01-16 14:00:00,-1.0780999999999494,83.01844172330128,2.1102208688214437,30.0,193.0555
2020-01-16 15:00:00,-1.8377699999999777,85.43582151811914,1.9637088052212743,55.0,146.49266
2020-01-16 16:00:00,-2.5354999999999563,87.01797384718154,1.647616826371897,67.0,131.7547
2020-01-16 17:00:00,-3.3023399999999583,88.18570112360875,1.336942953659957,51.0,118.65442
2020-01-16 18:00:00,-3.934730000000002,87.8710479047412,1.2580744809990831,51.0,106.65825
2020-01-16 19:00:00,-5.014039999999966,85.79819383153519,1.4035635513700153,55.0,87.47296
2020-01-16 20:00:00,-5.262369999999976,83.41040745912828,1.3990856149246647,74.0,73.502914
2020-01-16 21:00:00,-5.698069999999973,81.82180870009661,1.5116870804574472,74.0,52.45021
2020-01-16 22:00:00,-5.822549999999978,78.89318429144849,1.6186681510682077,81.0,43.8098
2020-01-16 23:00:00,-5.763800000000003,75.2649145506949,1.6178154838231196,98.0,42.425247
2020-01-17 00:00:00,-5.876199999999983,72.09417110836478,1.7252396411040278,70.0,43.6091
2020-01-17 01:00:00,-5.920399999999972,69.11738272908799,1.7288962340915777,71.0,40.99901
2020-01-17 02:00:00,-6.181899999999985,66.85624149353009,1.7977335547424151,71.0,39.18338
2020-01-17 03:00:00,-6.211919999999964,64.23223883370503,1.8209076663603265,93.0,40.194824
2020-01-17 04:00:00,-4.527749999999969,61.14607690445187,1.4376356843247335,93.0,64.60478
2020-01-17 05:00:00,-1.8923699999999712,55.250755202792526,0.9591097035864297,84.0,113.68216
2020-01-17 06:00:00,0.5844700000000103,49.25174892708669,0.5302583682743819,18.0,277.62436
2020-01-17 07:00:00,2.0126300000000015,51.66050840280382,1.053390875992372,30.0,470.09396
2020-01-17 08:00:00,2.634180000000015,51.065033747932986,1.2607965818211357,29.0,574.12646
2020-01-17 09:00:00,3.177030000000002,50.12945815495894,1.4543334464171362,30.0,647.9768
2020-01-17 10:00:00,3.319180000000017,49.82788956756345,1.7505435896953836,30.0,641.75616
2020-01-17 11:00:00,2.997600000000034,51.54543148874945,1.852645428644232,26.0,530.2934
2020-01-17 12:00:00,1.542320000000018,58.338089967160265,2.0405309585250277,59.0,133.10309
2020-01-17 13:00:00,-0.5608299999999531,65.80417574046612,2.169280245880471,74.0,81.486725
2020-01-17 14:00:00,-2.276559999999961,71.0623563303222,2.084363695053752,74.0,69.98076
2020-01-17 15:00:00,-3.669960000000003,73.6401597792018,1.9769533721470367,77.0,56.147263
2020-01-17 16:00:00,-4.616669999999999,73.32712406245919,1.907249365746703,73.0,39.407875
2020-01-17 17:00:00,-5.175939999999969,71.14182845724292,1.858710729451837,101.0,27.530567
2020-01-17 18:00:00,-5.490799999999979,68.21965516174102,1.8351806723178974,121.0,23.415373
2020-01-17 19:00:00,-5.450349999999958,64.01469514978133,1.7828300861705526,123.0,23.561125
2020-01-17 20:00:00,-5.533299999999997,62.17978677511055,1.8045406004574247,123.0,23.440704
2020-01-17 21:00:00,-5.619479999999953,60.484637862515015,1.8388819696195513,122.0,24.65545
2020-01-17 22:00:00,-5.690339999999992,58.627594745720764,1.8550412863697947,63.0,28.116947
2020-01-17 23:00:00,-5.787399999999991,57.28741588295169,1.8055545826723987,63.0,25.063745
2020-01-18 00:00:00,-5.9710399999999595,56.96874280460208,1.6738747326294223,63.0,31.118517
2020-01-18 01:00:00,-6.208699999999965,57.28963840444371,1.513630623952969,96.0,29.648602
2020-01-18 02:00:00,-6.33902999999998,57.60562313216635,1.3889076081261453,96.0,29.596678
2020-01-18 03:00:00,-6.328649999999982,57.47399967242742,1.4603139850967974,105.0,26.569008
2020-01-18 04:00:00,-3.7798499999999535,57.343127558121346,1.2081422595428415,92.0,40.270287
2020-01-18 05:00:00,0.04092000000002827,47.25684212414193,0.9230550204232278,85.0,37.035496
2020-01-18 06:00:00,2.3564400000000205,36.33036920533582,1.0623991331768377,85.0,227.54326
2020-01-18 07:00:00,3.5200399999999945,35.35531607808432,0.8918897123635476,99.0,322.78256
2020-01-18 08:00:00,4.460530000000006,37.25325824660254,0.7689637295144899,81.0,378.05475
2020-01-18 09:00:00,4.904440000000022,36.805601192126126,0.7316380763196308,81.0,414.55927
2020-01-18 10:00:00,4.96690000000001,37.74893930483646,1.2529236501672798,94.0,367.4995
2020-01-18 11:00:00,4.300319999999999,43.5494788530166,1.634995236309403,148.0,196.39247
2020-01-18 12:00:00,2.5792000000000144,49.322022741294376,2.0709561159802026,175.0,84.19191
2020-01-18 13:00:00,0.13247000000001208,57.002375242028045,2.204083937160291,195.0,60.98903
2020-01-18 14:00:00,-1.804239999999993,62.33429725529892,2.280711011123036,223.0,48.037033
2020-01-18 15:00:00,-3.454399999999964,64.98095756556619,2.407762582930971,223.0,25.284586
2020-01-18 16:00:00,-4.666479999999979,66.17999683793737,2.4549874816655404,178.0,14.178607
2020-01-18 17:00:00,-5.382599999999968,65.8819117737168,2.1495755375654912,152.0,10.796233
2020-01-18 18:00:00,-5.747659999999996,65.08516409485142,1.9528273226137813,254.0,12.660887
2020-01-18 19:00:00,-5.168919999999957,64.4718528960885,2.042725495804919,254.0,10.78735
2020-01-18 20:00:00,-5.037819999999954,63.522981839569894,2.1374257729212696,247.0,10.610216
2020-01-18 21:00:00,-4.982759999999985,62.35196860659423,2.331619321413976,143.0,11.792113
2020-01-18 22:00:00,-5.2307799999999816,62.24709942326574,2.510770075476759,86.0,17.273415
2020-01-18 23:00:00,-5.476169999999968,61.95229301882545,2.344224127840742,86.0,15.03459
2020-01-19 00:00:00,-5.61642999999998,61.707650766366925,1.8732275938959404,57.0,12.715305
2020-01-19 01:00:00,-5.628330000000005,61.653919996380296,1.8041225283067315,103.0,19.920908
2020-01-19 02:00:00,-5.472499999999968,60.95618352634239,2.066326795529272,117.0,15.925439
2020-01-19 03:00:00,-4.877839999999992,59.24947064251868,2.0751858404967174,117.0,12.3721695
2020-01-19 04:00:00,-2.743349999999964,61.17386740826928,1.640499869290927,67.0,11.642884
2020-01-19 05:00:00,1.2404999999999973,58.3867789122192,1.037240176981896,97.0,40.449825
2020-01-19 06:00:00,4.545860000000005,48.29693588580102,0.456032472669337,97.0,113.70249
2020-01-19 07:00:00,5.853600000000029,35.632627665348046,1.319605617071602,100.0,221.9825
2020-01-19 08:00:00,6.3430700000000115,34.06274555435052,1.415701761909357,99.0,328.98682
2020-01-19 09:00:00,6.4039600000000405,37.732018714135656,1.4066562326833838,89.0,345.49072
2020-01-19 10:00:00,5.8942200000000184,45.26668092910089,1.169407802950409,113.0,377.16083
2020-01-19 11:00:00,5.082850000000008,53.46043741573724,0.931484037822104,113.0,245.60857
2020-01-19 12:00:00,3.6992400000000316,66.41471097007619,0.7214357236887015,124.0,38.77069
2020-01-19 13:00:00,2.7898500000000013,67.88458410439387,0.6798222130928435,116.0,30.672806
2020-01-19 14:00:00,1.0097000000000094,85.37205459281469,1.2393719949127593,78.0,33.48471
2020-01-19 15:00:00,0.8743200000000115,87.90017629151325,1.7601920240528872,78.0,38.39415
2020-01-19 16:00:00,0.8702600000000302,89.14974548236523,1.6359340040419053,64.0,33.995575
2020-01-19 17:00:00,0.6308800000000474,90.96883023806343,1.3869127850358436,54.0,26.80989
2020-01-19 18:00:00,0.5228000000000179,92.73487465002727,1.0832781947721175,54.0,24.26117
2020-01-19 19:00:00,0.49350000000004,91.98670723359011,1.3714245887763643,48.0,24.11528
2020-01-19 20:00:00,0.5240699999999947,92.1151826121145,1.411159988116213,51.0,23.31932
2020-01-19 21:00:00,0.2318400000000338,91.7422957695757,1.416286995286961,53.0,19.417564
2020-01-19 22:00:00,0.32976999999999634,89.85489541199378,1.1885043068402035,53.0,18.857634
2020-01-19 23:00:00,0.4668800000000033,87.71655320172495,1.0534849395800683,37.0,17.880882
2020-01-20 00:00:00,-0.06784999999996444,90.27821996411768,1.3308904458351218,47.0,22.40123
2020-01-20 01:00:00,-0.26959999999996853,92.47930565178324,1.554031893583476,52.0,27.560669
2020-01-20 02:00:00,-0.34213999999997213,92.94765696994494,1.7005997549217746,52.0,33.98799
2020-01-20 03:00:00,-0.7083499999999958,93.23719913681603,1.889180315047949,88.0,47.327774
2020-01-20 04:00:00,-0.442359999999951,95.72661110385972,1.3770740917379753,86.0,77.56697
2020-01-20 05:00:00,1.5582500000000437,91.39624838099081,1.3025087872247407,78.0,193.4394
2020-01-20 06:00:00,2.902060000000006,84.47704421219619,1.65852108015054,78.0,358.2283
2020-01-20 07:00:00,4.2388200000000325,77.23681477943956,1.482377472689632,64.0,557.666
2020-01-20 08:00:00,4.68398000000002,74.9526621512385,1.869120183250732,41.0,700.3616
2020-01-20 09:00:00,4.8636000000000195,73.52479204057407,2.222894096557463,35.0,716.0093
2020-01-20 10:00:00,4.420680000000004,74.76449755167152,2.326943736542687,41.0,597.5569
2020-01-20 11:00:00,3.885900000000049,77.6756110253151,2.0884724605401193,50.0,387.88425
2020-01-20 12:00:00,2.6431500000000483,82.80711847043226,2.1197753242812505,62.0,212.31529
2020-01-20 13:00:00,1.1398599999999988,87.84847275658403,2.2819596311580725,62.0,134.39389
2020-01-20 14:00:00,0.4053000000000111,89.90986608992729,2.139746194781449,78.0,113.02545
2020-01-20 15:00:00,-0.3979999999999677,91.7353340192813,2.0156873871813685,90.0,96.3945
2020-01-20 16:00:00,-0.9680999999999926,91.79944960037828,1.9074194416421995,78.0,77.037964
2020-01-20 17:00:00,-1.4323200000000043,91.4978154046689,1.959074301622307,78.0,64.120865
2020-01-20 18:00:00,-1.7040799999999763,91.32876494148003,1.9098216628603966,89.0,50.733322
2020-01-20 19:00:00,-0.4182199999999625,90.5653433098602,1.168518502944779,89.0,46.80745
2020-01-20 20:00:00,-0.44751999999999725,91.28631422470455,1.2526734277132967,100.0,48.128338
2020-01-20 21:00:00,-0.3110999999999535,91.75286803868157,1.2190224348517762,100.0,50.65824
2020-01-20 22:00:00,-0.2877599999999916,91.93092850662154,1.2370926301132354,112.0,61.87823
2020-01-20 23:00:00,-0.2842200000000048,92.10650267054717,1.3086992628448448,133.0,67.89302
2020-01-21 01:00:00,-0.0755999999999517,92.94416422695811,1.24585875168641,79.0,91.10025
2020-01-21 02:00:00,-0.30575999999996384,93.84610658940879,1.3310188506672058,54.0,65.23648
2020-01-21 03:00:00,-0.38079999999996517,94.06570477750114,1.2990318627687296,54.0,44.711823
2020-01-21 04:00:00,0.18908000000004677,93.05031056939107,1.0056519088511753,46.0,62.215973
2020-01-21 05:00:00,1.5153700000000185,86.42150190589763,1.0774120300222072,46.0,180.80902
2020-01-21 06:00:00,2.6176399999999944,76.49878740418285,1.4180315326869648,36.0,347.55682
2020-01-21 07:00:00,3.3297400000000152,73.16975831354576,1.391157249958222,35.0,446.21533
2020-01-21 08:00:00,3.802819999999997,68.95862503342381,1.6848532433089596,35.0,595.2095
2020-01-21 09:00:00,4.161040000000014,66.14386087466097,1.9422161259396133,42.0,772.3596
2020-01-21 10:00:00,3.990440000000035,66.00210511231977,2.1278440604873867,42.0,810.8762
2020-01-21 11:00:00,3.389499999999998,69.14346443000392,1.9602091626390181,42.0,744.14813
2020-01-21 12:00:00,2.620200000000011,73.65333643805111,1.7707388150725816,37.0,376.45514
2020-01-21 13:00:00,1.6337200000000394,78.5503287912284,1.7624094904041399,63.0,178.14922
2020-01-21 14:00:00,0.8013200000000325,82.75200424648173,1.8025078767783786,63.0,157.71362
2020-01-21 15:00:00,0.3454800000000091,85.2783029180107,1.6998274611695352,61.0,127.61255
2020-01-21 16:00:00,-0.08615999999994983,87.20233718139804,1.706541491230228,64.0,115.76836
2020-01-21 17:00:00,-0.533269999999959,88.7798945098311,1.7500213223578176,108.0,108.31874
2020-01-21 18:00:00,-0.9029999999999632,89.87800763907536,1.8720883689069785,108.0,90.16095
2020-01-21 19:00:00,-1.2202499999999645,91.80257532312453,1.5914822761254528,63.0,80.69017
2020-01-21 20:00:00,-1.480139999999949,91.54921510301045,1.8485642427797884,57.0,95.68455
2020-01-21 21:00:00,-1.5914999999999964,91.98658230022494,1.6262298308989378,40.0,85.92136
2020-01-21 22:00:00,-1.3482999999999947,90.89686847813671,0.9816422419320442,40.0,41.138065
2020-01-21 23:00:00,-0.817359999999951,87.22490096554087,0.5077932908123073,60.0,35.383877
2020-01-22 00:00:00,-0.7127999999999588,87.77155972347907,0.23861979150819276,51.0,35.15709
2020-01-22 01:00:00,-0.8100999999999772,90.26065656262946,0.21769641425425915,48.0,23.9413
2020-01-22 02:00:00,-0.9368999999999801,94.32851393228246,0.3927519075895165,47.0,49.408493
2020-01-22 03:00:00,-1.1397999999999797,95.01571572446709,0.8158084311147468,57.0,70.30441
2020-01-22 04:00:00,-1.2126199999999585,95.00557590492426,1.2422721080624337,100.0,113.33121
2020-01-22 05:00:00,-0.014649999999960528,92.14383850498196,1.7933700018120773,100.0,176.62277
2020-01-22 06:00:00,0.6841400000000135,89.36967381876927,1.9961760124546188,70.0,262.3969
2020-01-22 07:00:00,1.105600000000038,85.68121107315022,2.477030848742617,60.0,295.8103
2020-01-22 08:00:00,1.3722800000000461,83.99147846920164,2.7329238372895155,47.0,342.9021
2020-01-22 09:00:00,1.2210300000000416,87.86509004569409,2.6205381981870555,47.0,445.24097
2020-01-22 10:00:00,1.1496200000000272,90.43468270506588,2.4011457722473493,37.0,430.96216
2020-01-22 11:00:00,0.9944700000000353,91.26130252081484,2.0661334686627044,37.0,351.57758
2020-01-22 12:00:00,0.5606999999999971,91.9459173756496,1.6506180554186016,39.0,110.96866
2020-01-22 13:00:00,-0.15330000000000155,93.98320132966539,1.4633364011671164,48.0,33.50992
2020-01-22 14:00:00,-1.339149999999961,95.6265521423948,1.2609480212031938,48.0,26.884933
2020-01-22 15:00:00,-2.7787199999999643,96.28147146130306,1.7109944702445135,44.0,27.353577
2020-01-22 16:00:00,-4.2620000000000005,95.91846012332539,1.9317079586864139,44.0,21.636627
2020-01-22 17:00:00,-5.332529999999963,94.89120196438822,2.054266815373617,52.0,17.153595
2020-01-22 18:00:00,-6.403049999999951,93.49362750236341,2.15100654946339,55.0,14.557749
2020-01-22 19:00:00,-7.379099999999994,91.74748090709465,1.9757825810726752,53.0,13.018093
2020-01-22 20:00:00,-8.651679999999999,91.69194406139576,2.06369151785693,53.0,12.832271
2020-01-22 21:00:00,-9.72769999999997,91.45005664503844,2.1266127274249027,75.0,12.693658
2020-01-22 22:00:00,-10.632999999999981,90.76600538168883,2.1387168268398016,104.0,14.082687
2020-01-22 23:00:00,-10.683629999999994,89.19186763782933,2.0490893128466,104.0,13.214519
2020-01-23 00:00:00,-11.270899999999983,88.94984751328683,2.059212307478675,183.0,13.517209
2020-01-23 01:00:00,-12.092929999999967,87.9239261918791,2.2304141157788613,123.0,15.882922
2020-01-23 02:00:00,-12.281619999999975,87.14719257260772,2.231920818780382,92.0,17.795563
2020-01-23 03:00:00,-12.122199999999964,85.51281186313334,2.3105315659762473,99.0,23.017975
2020-01-23 04:00:00,-8.052279999999996,79.20208597662729,2.044314164544404,22.0,39.08052
2020-01-23 05:00:00,-3.260400000000004,72.78079004694388,1.8321599666541317,19.0,60.096283
2020-01-23 06:00:00,1.02337,71.03301033403352,1.4464854958621594,22.0,103.92685
2020-01-23 07:00:00,6.416899999999998,55.22112693325739,1.2404545570987042,22.0,177.7249
2020-01-23 08:00:00,8.404200000000003,49.335420952846384,1.0119185803903445,24.0,254.48257
2020-01-23 09:00:00,9.35940000000005,47.129730399480295,0.8648454537718054,22.0,324.25336
2020-01-23 10:00:00,9.416899999999998,49.79050426268942,0.7577479575913154,22.0,327.81775
2020-01-23 11:00:00,8.736170000000016,55.35166551287089,0.8674419525200336,27.0,180.7851
2020-01-23 12:00:00,6.18300000000005,61.846470061645874,1.5813089701065441,25.0,73.44176
2020-01-23 13:00:00,1.9404499999999985,70.22110584780962,2.293581672255671,25.0,52.19867
2020-01-23 14:00:00,0.10525000000001228,67.99386658364345,3.1979934496422273,22.0,50.560333
2020-01-23 15:00:00,-1.6388999999999783,67.79982627593314,3.2625040297008043,22.0,41.785324
2020-01-23 16:00:00,-2.5184699999999793,65.29026520340437,3.3573501769880423,15.0,39.30075
2020-01-23 17:00:00,-2.862859999999955,61.76034752678024,3.3012657217448345,15.0,40.209442
2020-01-23 18:00:00,-2.6654699999999707,58.63577552094908,2.9300537672394023,20.0,37.3631
2020-01-23 19:00:00,-1.4196199999999521,53.143711163466975,2.9092466333722706,20.0,29.834198
2020-01-23 20:00:00,-0.9004999999999654,53.561583530225015,2.3410339155353945,21.0,29.179352
2020-01-23 21:00:00,-0.6047699999999736,59.99067728448892,2.160052137249776,19.0,22.7695
2020-01-23 22:00:00,-0.6446299999999496,64.04455132531336,2.421432797083247,16.0,27.649094
2020-01-23 23:00:00,-0.6137499999999818,68.30300762053781,2.7043855424970826,21.0,35.984573
2020-01-24 00:00:00,-0.6084999999999923,71.2139705552995,2.7547539555625704,20.0,35.023376
2020-01-24 01:00:00,-0.42749999999995225,71.5796194214836,2.526269431554222,36.0,25.877106
2020-01-24 02:00:00,0.30966000000000804,70.99950591140974,2.4398908540850313,57.0,20.908463
2020-01-24 03:00:00,0.5876700000000028,72.72151731436495,1.8528645469867733,67.0,29.789398
2020-01-24 04:00:00,1.2736000000000445,79.70194100970559,0.9678529206928402,67.0,62.996185
2020-01-24 06:00:00,4.227869999999996,70.38483653471472,0.21281272989464217,77.0,69.970924
2020-01-24 07:00:00,5.351700000000051,64.62496934456263,0.573297699743004,86.0,149.75217
2020-01-24 08:00:00,5.337980000000016,62.10398862464829,0.6323450616829024,86.0,151.74611
2020-01-24 09:00:00,4.628320000000031,70.34236685346701,1.5916032976187817,57.0,200.94247
2020-01-24 10:00:00,3.763940000000048,76.68906818980273,2.698325338778074,41.0,160.9821
2020-01-24 11:00:00,3.7143800000000056,76.1871528485771,3.3878918819143697,25.0,193.62001
2020-01-24 12:00:00,4.01547000000005,75.50765898390699,3.712024329400668,25.0,169.16943
2020-01-24 13:00:00,3.579499999999996,76.96156691464843,3.4681239208648367,25.0,116.367325
2020-01-24 14:00:00,2.961270000000013,82.29310911213547,3.2997714023270537,41.0,102.06735
2020-01-24 15:00:00,2.8198000000000434,85.30666500062607,3.001589355700418,41.0,103.28293
2020-01-24 16:00:00,2.6194700000000353,87.14226417466647,2.6967850845238392,56.0,84.400055
2020-01-24 17:00:00,2.565240000000017,88.3995736169898,2.6345641044313535,44.0,63.81018
2020-01-24 18:00:00,2.4869600000000105,89.1469783183995,2.3854200484004173,47.0,48.78952
2020-01-24 19:00:00,2.3735000000000355,91.59922630277636,2.149741668816151,49.0,41.401337
2020-01-24 20:00:00,1.8305300000000102,92.66516884530162,2.1492434990844775,54.0,36.652603
2020-01-24 21:00:00,1.4475300000000288,93.33358713766725,2.08025784231986,46.0,36.200195
2020-01-24 22:00:00,1.122700000000009,93.61330602670289,2.0032847096051034,46.0,37.661346
2020-01-24 23:00:00,1.0456800000000044,93.52432981721574,1.899090023710893,42.0,43.6857
2020-01-25 00:00:00,0.7675399999999968,92.73289864248322,2.107352833722927,35.0,53.433304
2020-01-25 01:00:00,1.001920000000041,91.19610583175486,2.362929847724746,51.0,69.07785
2020-01-25 02:00:00,0.7745600000000081,90.74416116048077,2.4573451931738712,51.0,71.157074
2020-01-25 03:00:00,0.6631700000000365,91.80582940857697,1.997875603287452,50.0,62.090225
2020-01-25 04:00:00,2.186239999999998,92.59594524235581,1.3860593719879555,55.0,97.39171
2020-01-25 05:00:00,4.929130000000043,85.90811210593905,1.371136953095125,59.0,165.47589
2020-01-25 06:00:00,5.716030000000046,83.6992543332233,1.6128497199860874,79.0,288.3189
2020-01-25 07:00:00,6.349000000000046,80.01075632938255,2.36023413375405,79.0,419.44995
2020-01-25 08:00:00,6.838300000000004,76.39363103241398,2.4510203797198424,76.0,531.52295
2020-01-25 09:00:00,7.138850000000048,73.21954809710044,2.384788531506274,91.0,727.41455
2020-01-25 10:00:00,6.837370000000021,76.04721376244191,2.090467937579895,85.0,813.76196
2020-01-25 11:00:00,5.836880000000008,83.62465652198796,1.4893621736961309,85.0,240.31226
2020-01-25 12:00:00,4.986230000000035,90.57821070915232,1.602385329513445,76.0,87.20969
2020-01-25 13:00:00,4.063930000000028,92.15647534029559,1.6951889234905293,68.0,120.23685
2020-01-25 14:00:00,3.2191700000000196,95.01596725398745,2.2232458709903815,59.0,149.78989
2020-01-25 15:00:00,2.270780000000002,97.02243472187043,2.5558451338636488,18.0,160.55211
2020-01-25 16:00:00,1.3215299999999957,98.17163527292756,2.494170553940433,20.0,180.81207
2020-01-25 17:00:00,0.6282000000000494,98.54078529452364,2.32543532865413,28.0,196.56284
2020-01-25 18:00:00,0.10537000000005037,97.3481458766123,2.5102752615994306,28.0,231.08096
2020-01-25 19:00:00,0.0706400000000258,97.33416457845517,2.115085917127737,31.0,253.15633
2020-01-25 20:00:00,-0.3493699999999649,95.11238400553529,2.1531369034732184,31.0,274.32922
2020-01-25 21:00:00,-0.8714999999999691,95.06873357576897,2.0010255428655204,22.0,285.5619
2020-01-25 22:00:00,-1.3582999999999856,95.21068545404609,1.746003242653246,22.0,255.84698
2020-01-25 23:00:00,-1.714399999999955,94.94608216578753,1.6863874426491796,26.0,226.60934
2020-01-26 00:00:00,-2.0840199999999527,94.7232489357595,1.5814139571614385,26.0,187.1851
2020-01-26 01:00:00,-2.2513799999999833,93.98422313201543,1.479525297640639,25.0,160.03549
2020-01-26 02:00:00,-2.4284399999999664,93.72057240004925,1.3048348037620403,48.0,150.94247
2020-01-26 03:00:00,-2.409220000000005,93.13068610540205,1.0815394178475273,79.0,139.4387
2020-01-26 04:00:00,-2.2318499999999517,92.9312978983498,0.8964211000654423,54.0,134.19324
2020-01-26 05:00:00,-1.490199999999959,92.18028256584054,0.5717013317764964,38.0,142.23555
2020-01-26 06:00:00,-0.5404399999999896,86.42340700511672,0.32748098473376436,39.0,157.82608
2020-01-26 07:00:00,1.0487300000000346,82.71007285078507,0.5083494982087136,39.0,216.87657
2020-01-26 08:00:00,1.5183000000000106,83.73641137914176,1.1744528396467018,49.0,319.0227
2020-01-26 09:00:00,2.058340000000044,81.40952042867222,1.4589848854663985,48.0,394.81104
2020-01-26 10:00:00,2.203330000000051,80.99133781718258,1.5528645060410133,48.0,465.87012
2020-01-26 11:00:00,1.7812400000000252,83.77594025898364,1.412561856199271,39.0,393.59497
2020-01-26 12:00:00,1.299950000000024,85.03378749416055,1.1828779993764784,35.0,65.46509
2020-01-26 13:00:00,1.7011400000000094,78.83427408456497,0.9476680027031801,23.0,44.195496
2020-01-26 14:00:00,0.858600000000024,81.67673953373975,0.46764310606832915,38.0,44.857426
2020-01-26 15:00:00,-0.012180000000000746,81.44277403636848,1.0191641006347416,38.0,40.03952
2020-01-26 16:00:00,-1.974899999999991,83.31471765608462,1.606489009711645,45.0,28.530273
2020-01-26 17:00:00,-5.115499999999997,87.3011157736841,1.898331332324449,52.0,23.312832
2020-01-26 18:00:00,-6.1001999999999725,86.45311684478263,1.896558093226646,60.0,16.183456
2020-01-26 19:00:00,-4.712869999999953,82.61032682177624,1.7299738049960554,60.0,12.436272
2020-01-26 20:00:00,-4.353899999999953,80.72230341407871,1.6245950171757622,61.0,12.176796
2020-01-26 21:00:00,-4.486429999999984,79.9245315294942,1.633430378704847,68.0,12.566883
2020-01-26 22:00:00,-5.492529999999988,80.20894959783664,1.839439208236698,67.0,13.617627
2020-01-26 23:00:00,-5.99276999999995,79.05827164535982,1.9981837161656415,56.0,14.922166
2020-01-27 00:00:00,-5.691299999999956,76.67944628575175,2.009333876200929,48.0,21.250526
2020-01-27 01:00:00,-4.390139999999974,72.12426924407829,1.8058429060884478,48.0,22.450468
2020-01-27 02:00:00,-2.5287199999999643,67.03901066808278,1.536589816694142,91.0,20.085514
2020-01-27 03:00:00,-2.6586699999999723,67.47013275308183,1.6020102302452441,93.0,19.116842
2020-01-27 04:00:00,-0.3398499999999558,67.47117063175806,1.2398008003550038,91.0,36.10077
2020-01-27 05:00:00,2.0650300000000357,64.10419890399514,1.261460448010386,75.0,100.61583
2020-01-27 06:00:00,1.133800000000008,78.37479472117694,1.6516422450106711,57.0,256.20667
2020-01-27 07:00:00,3.900000000000034,72.76440908940621,2.1017143275424757,47.0,427.05054
2020-01-27 08:00:00,3.548000000000002,76.38746701456009,2.3191205480653156,46.0,547.5237
2020-01-27 09:00:00,3.0393600000000447,80.71870302548525,2.0678719021852054,46.0,583.7517
2020-01-27 10:00:00,1.9660000000000082,89.84181600971012,1.328355135882991,24.0,528.9678
2020-01-27 11:00:00,2.0458300000000236,90.99472664960905,1.1187897560055904,39.0,49.955948
2020-01-27 12:00:00,1.2845700000000306,93.32504571296636,1.574983754126312,35.0,85.770874
2020-01-27 13:00:00,0.9330000000000496,93.99608405841988,1.5522947526241873,35.0,89.125244
2020-01-27 14:00:00,0.426900000000046,95.39503472681335,1.2565588260694156,42.0,56.685287
2020-01-27 15:00:00,-0.09747999999996182,96.34735188197018,1.1100956309549965,72.0,89.85628
2020-01-27 16:00:00,-0.5749299999999948,98.15084321053408,0.9314267433608483,72.0,95.16687
2020-01-27 17:00:00,-0.41172000000000253,98.00946980448963,0.5917881181128183,52.0,90.897736
2020-01-27 18:00:00,-0.2878799999999728,96.65795171613087,0.47487405135831334,59.0,91.40425
2020-01-27 19:00:00,-0.11679999999995516,93.47544570371893,0.5148134062108969,77.0,92.81236
2020-01-27 20:00:00,-0.2939199999999573,93.83329080198159,0.5829253912266852,94.0,85.5217
2020-01-27 21:00:00,-0.28872999999998683,94.16114296583697,0.5389593583613963,94.0,76.21399
2020-01-27 22:00:00,-0.38992999999999256,94.275861137059,0.5132295798601795,88.0,77.64453
2020-01-27 23:00:00,-0.4592299999999909,92.41006189302546,0.6594813181359023,83.0,72.473526
2020-01-28 00:00:00,-0.3184599999999591,90.02493290726666,0.5419161483338588,59.0,57.172314
2020-01-28 01:00:00,-0.32876999999996315,88.22683639510983,0.4283185264007442,51.0,41.098015
2020-01-28 02:00:00,-0.317799999999977,88.18562174119533,0.4992923939199944,47.0,46.287006
2020-01-28 03:00:00,-0.5053199999999833,88.65529695973457,0.5941450033316311,48.0,49.029713
2020-01-28 04:00:00,-0.2982499999999959,88.7030409383038,0.45009578792698035,61.0,93.191925
2020-01-28 05:00:00,0.6103800000000206,87.6075030111553,0.6086329229866436,61.0,143.29793
2020-01-28 06:00:00,0.5274000000000001,91.36233065307349,1.4504967295125841,52.0,251.25908
2020-01-28 07:00:00,2.4139000000000124,86.42777524995657,1.785781151837394,46.0,408.3097
2020-01-28 08:00:00,2.711330000000032,83.37777378435129,2.0331450851225177,39.0,634.1072
2020-01-28 09:00:00,2.7154199999999946,81.2771309460711,1.8789052332452136,41.0,798.3999
2020-01-28 10:00:00,2.60214000000002,81.54440011987438,1.7227803517940004,44.0,802.63403
2020-01-28 11:00:00,2.1463300000000345,83.08025398347394,1.5327881195925643,51.0,501.60352
2020-01-28 12:00:00,2.2945799999999963,80.0281486999332,1.092848330570396,55.0,89.03133
2020-01-28 13:00:00,2.2371200000000044,77.32366047391137,0.7791067514274168,78.0,39.973557
2020-01-28 14:00:00,-0.6909499999999866,85.05215926624476,1.6128128970974034,78.0,41.299545
2020-01-28 15:00:00,-4.076570000000004,89.91138871484961,2.3537603474520616,159.0,45.25108
2020-01-28 16:00:00,-5.955449999999985,90.70238580028293,2.5572201923442455,185.0,48.036125
2020-01-28 17:00:00,-7.45799999999997,90.17447216502391,2.6313079762127676,185.0,49.6872
2020-01-28 18:00:00,-8.573339999999973,89.59082522165136,2.5859071930715687,68.0,48.26006
2020-01-28 19:00:00,-8.23837999999995,89.97104139857736,2.4893045417351267,68.0,43.792244
2020-01-28 20:00:00,-8.527379999999994,89.22550659847201,2.4461110304967617,60.0,39.359932
2020-01-28 21:00:00,-9.187099999999987,88.56425731448239,2.4258330370952117,72.0,38.10487
2020-01-28 22:00:00,-9.540079999999989,87.62472751418868,2.348038150354651,45.0,37.98152
2020-01-28 23:00:00,-9.769169999999974,86.52372347004695,2.261995004201751,82.0,43.332886
2020-01-29 00:00:00,-9.996299999999962,85.19013470896408,2.2221337044941873,23.0,37.196648
2020-01-29 01:00:00,-10.109929999999963,83.48692413772507,2.193926348730686,23.0,29.280476
2020-01-29 02:00:00,-9.988039999999955,81.35841453638936,2.132414871699213,31.0,26.564108
2020-01-29 03:00:00,-9.645849999999996,79.04665689084845,2.0628801269999792,31.0,25.965242
2020-01-29 04:00:00,-4.886269999999968,72.2790555797505,1.6278932511636166,34.0,39.190926
2020-01-29 05:00:00,-0.37503999999995585,65.97439108863139,1.1419723983430248,34.0,76.92284
2020-01-29 06:00:00,2.6486000000000445,55.81971782853684,0.6756994037674108,18.0,144.6557
2020-01-29 07:00:00,3.937220000000025,68.16542544451553,1.330380193262366,24.0,293.27417
2020-01-29 08:00:00,4.3136800000000335,63.999031031464256,2.116510597712187,29.0,523.55945
2020-01-29 09:00:00,4.568080000000009,62.2436249130996,2.475022250969817,32.0,673.5241
2020-01-29 10:00:00,5.452260000000024,54.91969041759242,2.4215131485565347,36.0,829.8436
2020-01-29 11:00:00,4.828700000000026,58.18750490864,2.187964545459149,36.0,746.7396
2020-01-29 12:00:00,3.5285600000000272,66.02446880279953,1.9277245415988589,34.0,160.79523
2020-01-29 13:00:00,1.8338300000000345,66.66042049608075,1.7483904531799335,91.0,63.25203
2020-01-29 14:00:00,-0.08549999999996771,70.44287707567383,1.6953668862744873,76.0,54.986374
2020-01-29 15:00:00,-2.2527999999999793,74.24864094080856,1.7517729531800432,76.0,47.91155
2020-01-29 16:00:00,-4.18856999999997,77.50286892057774,1.8993138651227974,91.0,34.774605
2020-01-29 17:00:00,-5.30935999999997,77.08052249874524,2.0285839735726623,90.0,25.571419
2020-01-29 18:00:00,-5.98196999999999,74.95423388165031,2.135017177182513,25.0,22.204226
2020-01-29 19:00:00,-5.538849999999968,73.20993686826007,1.9955858402794528,25.0,21.649689
2020-01-29 20:00:00,-5.949869999999976,71.28545272256662,2.118899850394403,21.0,20.798132
2020-01-29 21:00:00,-6.279819999999972,69.38794794769267,2.2345935581875676,21.0,19.41922
2020-01-29 22:00:00,-6.354219999999998,67.60205028102318,2.2180415480527684,27.0,14.12488
2020-01-29 23:00:00,-6.420749999999998,66.11236754700994,2.1887451938503255,25.0,12.765613
2020-01-30 00:00:00,-6.480079999999987,65.30664401717729,2.1603508977007517,23.0,11.866627
2020-01-30 01:00:00,-6.514139999999998,64.6971434418609,2.1338909440811706,23.0,13.2793045
2020-01-30 02:00:00,-6.412119999999959,63.915733477693024,2.0735789509242175,39.0,12.973432
2020-01-30 03:00:00,-6.230319999999949,63.61205555238709,2.0378639481400325,40.0,12.110424
2020-01-30 04:00:00,-2.1400999999999613,64.86746913488653,1.4805832341743288,40.0,17.118187
2020-01-30 05:00:00,2.580000000000041,54.07682194343334,1.0462265722378483,43.0,76.45892
2020-01-30 06:00:00,4.95428000000004,44.9870939592948,0.4746345905745401,20.0,161.19449
2020-01-30 07:00:00,5.765039999999999,50.90898867410321,0.565653077732868,21.0,308.57513
2020-01-30 08:00:00,7.370050000000049,42.708084956144624,1.2141217046422823,21.0,407.4085
2020-01-30 09:00:00,7.999050000000011,41.38673245015421,1.7505369492515641,27.0,473.14117
2020-01-30 10:00:00,8.173180000000002,40.882371145868035,2.013153193686452,32.0,421.6099
2020-01-30 11:00:00,7.571830000000034,47.65114932951096,1.7786636784698378,36.0,267.43903
2020-01-30 12:00:00,5.817650000000015,52.803014865548796,2.0307205046646004,36.0,94.19852
2020-01-30 13:00:00,2.5164400000000455,60.25072807665594,2.2747417459440973,49.0,54.736267
2020-01-30 14:00:00,-0.7558999999999969,69.51140479809798,2.155317319519541,94.0,38.59436
2020-01-30 15:00:00,-2.5459399999999732,72.58248874573518,2.1540279208800266,94.0,25.203468
2020-01-30 16:00:00,-3.4027999999999565,71.86535504174168,2.188183526226696,69.0,15.827378
2020-01-30 17:00:00,-3.725379999999973,68.95670227843763,2.3209224553356207,66.0,12.174729
2020-01-30 18:00:00,-3.914099999999962,66.06692215384273,2.5006359304298242,68.0,13.373399
2020-01-30 19:00:00,-3.4604999999999677,64.22587275663027,2.372700741981732,68.0,15.334023
2020-01-30 20:00:00,-3.6399999999999864,63.29203068673959,2.403080083826303,65.0,13.931151
2020-01-30 21:00:00,-3.896829999999966,63.36811792298423,2.2986688382746583,40.0,12.319993
2020-01-30 22:00:00,-4.11493999999999,63.34239703016621,2.221947290929517,37.0,12.84469
2020-01-30 23:00:00,-4.341649999999959,63.80506183947354,2.2274918830200154,37.0,20.28492
2020-01-31 00:00:00,-4.5563699999999585,64.05209379773149,2.302845443692165,72.0,15.686379
2020-01-31 01:00:00,-4.6784999999999854,64.08192866962192,2.319621130846829,72.0,14.831163
2020-01-31 02:00:00,-4.738259999999968,63.69787170216077,2.305425269043384,65.0,16.585758
2020-01-31 03:00:00,-4.621369999999956,63.2598431474847,2.242744348017676,44.0,16.477837
2020-01-31 04:00:00,-1.858829999999955,66.14881015500697,1.6278959945159406,24.0,21.052725
2020-01-31 05:00:00,3.5085000000000264,58.25236793310647,1.155206323261103,23.0,44.14955
2020-01-31 06:00:00,6.798600000000022,47.68375255327984,0.8081761144810976,23.0,41.7137
2020-01-31 07:00:00,9.031920000000014,38.95861929117148,0.5738898592766124,22.0,77.63365
2020-01-31 08:00:00,10.078880000000026,35.42756271815391,0.3243271302734102,27.0,316.23126
2020-01-31 09:00:00,10.651030000000048,35.01933547452629,0.41066813255209417,22.0,403.47986
2020-01-31 10:00:00,10.842579999999998,35.69644613061722,0.6688734836522223,24.0,365.47595
2020-01-31 11:00:00,10.40396000000004,42.04701326723914,0.6700936724026444,31.0,59.225174
2020-01-31 12:00:00,8.226600000000019,60.79373518158737,1.2488150820735642,31.0,30.12024
2020-01-31 13:00:00,3.782800000000009,62.948237134691595,2.535511745547639,29.0,23.890633
2020-01-31 14:00:00,0.8690400000000409,68.44865094337088,2.9858837039788004,29.0,20.596584
2020-01-31 15:00:00,-1.1964499999999703,72.45132958403215,2.909988725291298,17.0,20.773819
2020-01-31 16:00:00,-1.988779999999963,70.06966524714878,2.9077472853180137,17.0,23.623333
2020-01-31 17:00:00,-2.2958699999999794,65.90840219782058,2.900600920387244,15.0,25.531109
2020-01-31 18:00:00,-2.5656999999999925,62.62598974394081,2.8624982298580304,15.0,25.045017
2020-01-31 19:00:00,-1.636699999999962,55.958531251428745,2.8392704599970755,16.0,23.44754
2020-01-31 20:00:00,-1.9087599999999725,54.830403821671105,2.8349273102431995,12.0,21.225748
2020-01-31 21:00:00,-2.2092700000000036,54.061520618806206,2.7815037966863057,12.0,18.76867
2020-01-31 22:00:00,-2.3416499999999587,53.585104566990985,2.727239076408413,16.0,19.418522
2020-02-01 00:00:00,-2.665899999999965,53.40150382887387,2.5802071708016774,11.0,18.427109
2020-02-01 01:00:00,-2.77679999999998,54.195522478888044,2.4887115953147534,12.0,17.139805
2020-02-01 02:00:00,-3.0841399999999908,55.96242568751709,2.5002805927872505,16.0,15.573497
2020-02-01 03:00:00,-3.080099999999959,57.0600115761787,2.485061401471775,15.0,16.076733
2020-02-01 04:00:00,-0.39145999999999503,59.93343759407923,1.996338142614574,15.0,20.257933
2020-02-01 05:00:00,4.685540000000003,54.95211880398891,1.50781849225158,14.0,40.60318
2020-02-01 06:00:00,8.504800000000046,52.15167262159884,1.064184349923123,15.0,94.75487
2020-02-01 07:00:00,10.989800000000002,42.32618180253491,0.8530579426520428,15.0,169.76096
2020-02-01 08:00:00,12.453030000000012,35.47563716969804,0.4793537473989575,10.0,273.10486
2020-02-01 09:00:00,13.245140000000049,32.44718163045821,0.3529955604771828,14.0,353.6986
2020-02-01 10:00:00,13.454679999999996,33.1705847668641,0.3690529888294227,18.0,247.49268
2020-02-01 11:00:00,12.982079999999996,40.39029006019012,0.3530305669364925,17.0,98.72156
2020-02-01 12:00:00,11.428860000000043,48.946740785644344,0.8443193378414044,22.0,48.311584
2020-02-01 13:00:00,5.59250000000003,66.04553192772462,2.0203727830902913,18.0,24.032776
2020-02-01 14:00:00,2.1441300000000183,74.13580339099553,2.614605300416402,15.0,14.551539
2020-02-01 15:00:00,0.47133999999999787,75.23692209969373,2.7265926178665274,15.0,16.775513
2020-02-01 16:00:00,-0.20016999999995733,70.55901643929656,2.7470894380124866,13.0,19.029572
2020-02-01 17:00:00,-0.43164999999999054,65.1345174245314,2.7432151384709345,21.0,20.139973
2020-02-01 18:00:00,-0.6449599999999691,61.37416591896757,2.720306025842212,21.0,19.58002
2020-02-01 19:00:00,-0.6429200000000037,64.01919890506922,2.549273751929321,15.0,17.014868
2020-02-01 20:00:00,-1.2015700000000038,65.27379438886852,2.6206931788157375,15.0,15.470323
2020-02-01 21:00:00,-1.5213999999999714,65.58118683906224,2.6285105109175055,21.0,15.193395
2020-02-01 22:00:00,-1.7272699999999759,65.0590611968338,2.736091621876452,14.0,16.703451
2020-02-01 23:00:00,-1.8543999999999983,63.89022424787265,2.8606626702353566,14.0,18.007065
2020-02-02 00:00:00,-1.7928199999999492,61.273633110763946,2.9879385779495715,14.0,21.20861
2020-02-02 01:00:00,-1.42614999999995,56.74134864600861,3.106328575900248,11.0,26.194496
2020-02-02 02:00:00,-0.7158599999999637,50.630869001489664,3.1663429612662917,13.0,30.71224
2020-02-02 03:00:00,-0.05557999999996355,49.266188273609885,3.1364125646751746,12.0,35.529602
2020-02-02 04:00:00,2.399620000000027,54.60289575715723,2.7503204658908307,12.0,43.17758
2020-02-02 05:00:00,6.598900000000015,56.18466395696403,2.2938174319286593,25.0,65.475174
2020-02-02 06:00:00,11.016230000000007,51.382894575413566,1.949089488741554,21.0,131.48929
2020-02-02 07:00:00,14.321900000000028,40.81572113789404,2.5180000740163058,25.0,231.61359
2020-02-02 08:00:00,15.974019999999996,38.32902898102621,2.674351917903627,26.0,440.38184
2020-02-02 09:00:00,16.73520000000002,37.378931340481444,2.611036924420534,26.0,608.3864
2020-02-02 10:00:00,16.715840000000014,40.36238852709051,2.2992495136345275,25.0,545.68396
2020-02-02 11:00:00,15.449800000000039,45.697037421008304,2.2484931412432636,30.0,152.8779
2020-02-02 12:00:00,12.588530000000048,49.72752925576225,2.7846952868497854,30.0,66.38197
2020-02-02 13:00:00,9.16482000000002,53.31035488709239,3.0437017530515122,26.0,59.008606
2020-02-02 14:00:00,7.4094800000000305,50.942737767793155,2.8912670727334513,22.0,58.600983
2020-02-02 15:00:00,6.197530000000029,49.78557930815255,2.6705692504152068,17.0,50.05951
2020-02-02 16:00:00,4.967980000000011,51.73523708447088,2.4265006061838443,17.0,39.605667
2020-02-02 17:00:00,4.029300000000035,55.34753966048529,2.212569588299214,20.0,39.998703
2020-02-02 18:00:00,3.235299999999995,59.87107074521273,2.0009255789293614,40.0,49.482746
2020-02-02 19:00:00,4.678670000000011,52.45275945543792,0.5069564428691428,53.0,79.033775
2020-02-02 20:00:00,3.2306800000000067,63.41382252278813,1.144332673429494,53.0,59.87075
2020-02-02 21:00:00,2.7315300000000207,62.3107358862245,2.3754862501531133,47.0,39.12622
2020-02-02 22:00:00,2.3164300000000253,62.080572965672225,2.4841450379706775,43.0,48.36111
2020-02-02 23:00:00,2.00857000000002,63.534556007844714,2.348450502581702,51.0,33.095123
2020-02-03 00:00:00,1.8727700000000027,65.57256789189702,2.123979097558648,70.0,23.663406
2020-02-03 01:00:00,1.3381600000000162,69.71084650769012,1.7649769518148526,62.0,19.527224
2020-02-03 02:00:00,1.4863000000000284,67.86423499081512,1.2716818715508895,62.0,25.58414
2020-02-03 03:00:00,2.6479000000000497,61.8893532829915,0.9132566628121902,70.0,21.654816
2020-02-03 04:00:00,3.7114500000000135,66.61204071026275,0.6883652634971397,63.0,12.945276
2020-02-03 05:00:00,6.334220000000016,69.46504566332402,0.29985648105772333,51.0,36.91949
2020-02-03 06:00:00,7.950950000000034,60.82864963938283,1.6563483796138843,49.0,164.01137
2020-02-03 07:00:00,9.1019,59.69631462351006,2.101900292131185,49.0,510.30035
2020-02-03 08:00:00,8.961880000000008,68.3579462705127,2.703248293682578,51.0,661.385
2020-02-03 09:00:00,8.02346,78.80005053831715,2.6371378749005387,51.0,590.2395
2020-02-03 10:00:00,7.1149200000000405,89.31716975644278,2.3826572744072974,43.0,499.3872
2020-02-03 11:00:00,6.164180000000044,92.46711784011474,2.0505913455258584,38.0,339.50555
2020-02-03 12:00:00,5.469420000000014,95.1520235384137,1.4153334305601388,39.0,222.64778
2020-02-03 13:00:00,4.829949999999997,95.1988956415637,0.7518114314419085,36.0,114.65401
2020-02-03 14:00:00,4.429160000000024,95.83474078507227,0.7228749653796823,25.0,34.89032
2020-02-03 15:00:00,4.111469999999997,97.28198464137466,0.8135616638322584,25.0,27.339111
2020-02-03 16:00:00,3.901450000000011,97.40657613403323,0.9946848913572781,19.0,16.82634
2020-02-03 17:00:00,3.598350000000039,97.76322161971767,1.0343288681675222,26.0,16.025835
2020-02-03 18:00:00,3.011070000000018,98.01828021155784,1.0492978534265915,32.0,17.889416
2020-02-03 19:00:00,3.429900000000032,92.39752097206564,0.8390658893095643,28.0,28.807537
2020-02-03 20:00:00,2.414030000000025,95.14539655679462,1.135561379571216,28.0,34.377914
2020-02-03 21:00:00,2.1926799999999957,95.54549464568728,1.03125113031064,27.0,40.3701
2020-02-03 22:00:00,1.515950000000032,95.58992617291013,1.1637411897467507,27.0,34.241913
2020-02-03 23:00:00,0.9660300000000461,94.88371313248489,1.2462605451193307,28.0,24.362259
2020-02-04 00:00:00,-0.5002499999999941,96.23395661037817,1.446347370315364,33.0,16.995705
2020-02-04 01:00:00,-1.3099699999999643,96.22508159329364,1.5387758246094543,30.0,13.722124
2020-02-04 02:00:00,-1.8635299999999688,95.32931569543364,1.6833922035588855,31.0,12.747843
2020-02-04 03:00:00,-1.9389699999999834,95.08279574408637,1.6451269266990998,31.0,15.89798
2020-02-04 04:00:00,0.6231300000000033,96.19072132341813,1.0792208924835176,24.0,32.756046
2020-02-04 05:00:00,3.558620000000019,87.35888760799142,0.7013400178604785,26.0,93.05481
2020-02-04 06:00:00,5.593900000000019,74.78989155971868,0.280750859609401,26.0,285.35352
2020-02-04 07:00:00,7.251500000000021,64.963075206657,0.2222904488147563,29.0,408.87216
2020-02-04 08:00:00,8.319000000000017,60.34364030702425,0.14772598192835318,36.0,601.05884
2020-02-04 09:00:00,9.025400000000047,56.40588908806542,0.5040821848842735,34.0,703.52295
2020-02-04 10:00:00,9.335700000000031,53.670694174371576,0.5737297867132597,34.0,669.23535
2020-02-04 11:00:00,9.266230000000007,52.43160550448659,0.7208691194506389,36.0,558.9496
2020-02-04 12:00:00,8.68685000000005,56.08357229763419,1.135120739269078,36.0,139.87105
2020-02-04 13:00:00,6.875360000000001,63.08228620648188,1.8362151089128662,74.0,47.37915
2020-02-04 14:00:00,4.544340000000034,70.56650216995772,2.3269334500358125,74.0,36.311172
2020-02-04 15:00:00,2.4236000000000217,77.31740622251728,2.491702231982532,77.0,25.078903
2020-02-04 16:00:00,0.5746400000000449,82.8366434321313,2.594065907118724,77.0,22.583954
2020-02-04 17:00:00,-0.5935999999999808,83.45890840836691,2.677752603649239,31.0,24.607216
2020-02-04 18:00:00,-1.32589999999999,81.1337956075586,2.730054163981642,29.0,27.11707
2020-02-04 19:00:00,-0.9266399999999635,72.78944627641484,2.6540223591067336,27.0,28.457815
2020-02-04 20:00:00,-1.2106699999999933,69.38624993742543,2.777414500087569,22.0,30.158745
2020-02-04 21:00:00,-1.1891200000000026,65.0075156489713,2.7158340360399955,22.0,30.630367
2020-02-04 22:00:00,-1.1857699999999909,62.36021284056245,2.547612166060369,21.0,19.79601
2020-02-04 23:00:00,-1.3557500000000005,61.9584008844946,2.5233961316348092,18.0,22.794182
2020-02-05 00:00:00,-1.4643599999999992,62.125831314162006,2.6157633664159117,20.0,21.843775
2020-02-05 01:00:00,-1.6679399999999873,63.1749180915052,2.7018012390721315,20.0,22.547775
2020-02-05 02:00:00,-1.868380000000002,64.09393118833047,2.7791368457766517,28.0,26.368961
2020-02-05 03:00:00,-1.4956699999999614,64.71026604361228,2.746788283107529,26.0,31.812454
2020-02-05 04:00:00,1.1340600000000336,67.14910474868985,2.3035289437938413,26.0,44.735504
2020-02-05 05:00:00,5.6299000000000206,64.00520909990948,1.9065536370786538,28.0,86.321396
2020-02-05 06:00:00,9.608540000000005,55.71324248937148,1.7982010077456245,27.0,185.72974
2020-02-05 07:00:00,12.6216,45.02462014022016,2.0247719623171325,25.0,304.7027
2020-02-05 08:00:00,14.104700000000037,40.84339633995331,2.2129736717170405,28.0,983.209
2020-02-05 09:00:00,14.807299999999998,34.669637302995355,2.500129804828772,28.0,1085.999
2020-02-05 10:00:00,14.807900000000018,35.58001477939384,2.5214695727360845,34.0,1104.3965
2020-02-05 11:00:00,13.768640000000005,41.982387638227145,2.4041165024637428,39.0,314.23035
2020-02-05 12:00:00,11.762900000000002,45.689334944930195,2.676225016335424,39.0,130.0738
2020-02-05 13:00:00,9.423900000000003,44.77342659658298,2.939677020639543,52.0,78.73459
2020-02-05 14:00:00,8.282860000000028,42.734207227336796,2.8899079589501393,48.0,70.02106
2020-02-05 15:00:00,7.21096,43.54744737464245,2.8250568649889156,41.0,73.19072
2020-02-05 16:00:00,6.195030000000031,47.687966840179286,2.554257710535656,41.0,73.40573
2020-02-05 17:00:00,5.310570000000041,53.07779559184097,2.2224022537958783,83.0,80.65369
2020-02-05 18:00:00,4.020170000000007,65.50797379699081,1.7678831149261538,57.0,76.01033
2020-02-05 19:00:00,5.382840000000044,64.44391942258177,1.4792734899900692,52.0,58.036575
2020-02-05 20:00:00,6.323570000000018,61.68657604048511,0.3087742264179348,52.0,59.104477
2020-02-05 21:00:00,6.0174200000000155,67.37907687514043,0.4258310683747419,54.0,96.37956
2020-02-05 22:00:00,5.776450000000011,71.99869175417216,0.6031756201592448,47.0,116.211655
2020-02-05 23:00:00,4.4716999999999985,82.4599078698043,0.9907534946585969,59.0,48.751465
2020-02-06 00:00:00,4.531150000000025,80.84717412407358,0.7792008253334718,52.0,24.664822
2020-02-06 01:00:00,4.063070000000039,84.20967804483662,0.8678827525644288,52.0,21.336163
2020-02-06 02:00:00,3.6250200000000063,87.40544327065804,0.9455553829827289,60.0,32.37352
2020-02-06 03:00:00,3.599080000000015,89.41898956410975,0.9042996388676814,31.0,52.548336
2020-02-06 04:00:00,4.02090000000004,94.53572124812665,0.756083324411622,31.0,114.05351
2020-02-06 05:00:00,4.9027000000000385,89.62262719883039,0.7398084152041938,32.0,203.00568
2020-02-06 06:00:00,5.707940000000008,84.88379846060157,0.4761017565680295,29.0,397.5885
2020-02-06 07:00:00,8.100729999999999,76.57042230861316,0.6454229516180391,38.0,606.9221
2020-02-06 08:00:00,9.447500000000048,67.77608013430749,0.9363161979003367,35.0,881.47705
2020-02-06 09:00:00,10.116660000000024,61.89821492920732,1.2569081838400846,35.0,1045.0974
2020-02-06 10:00:00,10.183900000000051,60.094915395499946,1.6897956956468998,26.0,762.8855
2020-02-06 11:00:00,9.727779999999996,63.21747652409065,2.2888908488021276,25.0,629.3406
2020-02-06 12:00:00,8.778160000000014,69.24908257624891,1.9959747690687502,25.0,311.87726
2020-02-06 13:00:00,7.159100000000024,76.38830066469951,2.0885798389256873,40.0,104.42314
2020-02-06 14:00:00,5.474420000000009,83.01544712929595,2.1220900552243323,51.0,58.32821
2020-02-06 15:00:00,3.9015700000000493,87.21389006195285,2.218697007933136,60.0,43.408035
2020-02-06 16:00:00,2.295620000000042,90.20794867701957,2.2467285134267514,89.0,30.033558
2020-02-06 17:00:00,0.8660800000000108,91.79521941874182,2.2096185868001386,89.0,24.282562
2020-02-06 18:00:00,-0.2418599999999742,91.11567960704119,2.3214802663290186,74.0,22.682774
2020-02-06 19:00:00,0.43060000000002674,87.38158987921649,2.4008496562626758,74.0,23.470589
2020-02-06 20:00:00,0.13738000000000739,84.96538353330476,2.4684314396854865,42.0,23.058361
2020-02-06 21:00:00,-0.23539999999997008,83.11133206901852,2.4596932370408364,52.0,22.493065
2020-02-06 22:00:00,-0.7725999999999544,82.02318676796871,2.5217038619315524,52.0,20.10646
2020-02-06 23:00:00,-1.0191699999999742,79.89008279993887,2.533323434456694,40.0,21.296722
2020-02-08 00:00:00,-0.6822999999999979,56.05467259652033,2.85659286607298,19.0,30.89753
2020-02-08 01:00:00,-1.2409399999999664,60.090990577624424,2.860416407894636,22.0,26.25135
2020-02-08 02:00:00,-1.5974999999999682,62.62817892926855,2.927542382567366,22.0,24.085014
2020-02-08 03:00:00,-1.4096999999999866,64.89109802910757,2.8416552925674,23.0,21.916346
2020-02-08 04:00:00,2.220600000000047,68.77413418662154,2.2532486620579326,20.0,30.63353
2020-02-08 05:00:00,8.412000000000035,60.077255288599545,1.8922591641208968,24.0,42.049072
2020-02-08 06:00:00,13.026940000000025,53.11171753177087,1.3516020241049225,24.0,90.58681
2020-02-08 07:00:00,16.213220000000035,44.139532876398846,1.0443744526254233,12.0,168.6486
2020-02-08 08:00:00,17.747920000000022,41.64729139476512,0.9781524985409343,12.0,245.85477
2020-02-08 09:00:00,18.463700000000017,41.665047238601375,1.4643430655803056,17.0,304.30093
2020-02-08 10:00:00,18.609200000000044,44.761081888376935,1.879775800569709,16.0,275.02783
2020-02-08 11:00:00,17.94766000000004,51.64270471985679,2.1335511271544654,16.0,227.78131
2020-02-08 12:00:00,15.560820000000035,57.479337136411175,2.9098791809395697,27.0,108.93146
2020-02-08 13:00:00,11.402370000000019,60.35237398774116,3.4401921132300517,22.0,62.92929
2020-02-08 14:00:00,8.970799999999997,55.25482669132198,3.490516621256544,30.0,54.78766
2020-02-08 15:00:00,7.394740000000013,49.88177176104473,3.4490985057809356,30.0,49.92743
2020-02-08 16:00:00,6.595420000000047,45.02603625886374,3.4382889886277668,17.0,47.70041
2020-02-08 17:00:00,5.922200000000032,42.55297229795539,3.475426707718268,17.0,45.679413
2020-02-08 18:00:00,5.453760000000045,40.93187468552804,3.5046176879886577,16.0,46.092087
2020-02-08 19:00:00,5.797200000000032,38.29778051903019,3.5538774458115534,10.0,48.329422
2020-02-08 20:00:00,6.064570000000003,36.18124382921245,3.571135901883512,10.0,53.104477
2020-02-08 21:00:00,6.469320000000039,34.423990078900424,3.6460431712473866,17.0,58.529877
2020-02-08 22:00:00,7.113430000000051,32.12983154434322,3.7659037785833895,17.0,66.60925
2020-02-08 23:00:00,8.07238000000001,29.835086289926164,3.799488904007743,19.0,71.66846
2020-02-09 00:00:00,8.738550000000032,32.543797655823866,3.862296178868147,20.0,67.40726
2020-02-09 01:00:00,8.708150000000046,41.20009810266276,3.873826366634784,20.0,73.616516
2020-02-09 02:00:00,8.691550000000007,42.36712684939328,3.8448247031359712,25.0,81.38672
2020-02-09 03:00:00,9.01785000000001,45.15137688961114,3.7986135506972385,30.0,91.80791
2020-02-09 04:00:00,10.85623000000004,48.910353722727734,3.5812570441853584,30.0,117.19412
2020-02-09 05:00:00,14.608940000000018,47.410339822897306,3.2532744600413195,29.0,165.52084
2020-02-09 06:00:00,16.75400000000002,47.401379449789836,2.7333045484718914,45.0,234.10626
2020-02-09 07:00:00,17.86187000000001,44.59716061549301,2.5641651432583705,51.0,284.6448
2020-02-09 08:00:00,18.208600000000047,44.97228807635381,2.218252643475331,76.0,605.62836
2020-02-09 09:00:00,17.352840000000015,35.24030081572483,5.107481816275959,76.0,1874.4788
2020-02-09 10:00:00,15.096900000000005,40.845874554334195,4.49794366505142,63.0,1801.2896
2020-02-09 11:00:00,13.398650000000032,52.7189474367486,3.1104480306130338,63.0,1221.3406
2020-02-09 12:00:00,11.93950000000001,65.91222989797275,2.1234003046138263,50.0,324.16653
2020-02-09 13:00:00,10.062600000000032,81.03619635741047,3.3709927014057,50.0,68.96272
2020-02-09 14:00:00,9.485600000000034,83.7821644409212,4.156344302039985,49.0,117.32507
2020-02-09 15:00:00,9.238060000000019,84.15270979480225,3.9916081426256422,45.0,146.21977
2020-02-09 16:00:00,9.067200000000014,83.97497828276403,3.620038659754386,42.0,124.7285
2020-02-09 17:00:00,8.850729999999999,82.94272010181069,3.379361946370577,42.0,105.48833
2020-02-09 18:00:00,8.558680000000038,82.15584189044534,3.3193432361848103,34.0,114.977005
2020-02-09 19:00:00,8.58578,84.31003791674478,3.164736849771121,39.0,131.47662
2020-02-09 20:00:00,8.156100000000038,84.7457708684545,2.9653090667536244,36.0,137.43481
2020-02-09 21:00:00,8.035120000000006,85.26017758884029,2.9435566078195707,36.0,133.64523
2020-02-09 22:00:00,7.83883000000003,86.54754512287828,3.0132910378431386,32.0,113.84868
2020-02-09 23:00:00,7.5494600000000105,86.30909662953187,3.292691062190416,27.0,130.5505
2020-02-10 00:00:00,7.453700000000026,84.2293869047813,3.569838700785642,22.0,171.99297
2020-02-10 01:00:00,7.313130000000001,81.53698128577078,3.60221221103854,27.0,169.5405
2020-02-10 02:00:00,6.927400000000034,81.3540945373916,3.098994694795717,31.0,125.82497
2020-02-10 03:00:00,6.652919999999995,83.23388027357383,2.3787644772220466,39.0,56.205887
2020-02-10 04:00:00,7.4888500000000136,88.86150138644862,1.5771292360285951,39.0,46.030106
2020-02-10 05:00:00,9.715020000000038,82.56284825560887,0.4759536756320644,40.0,92.65222
2020-02-10 06:00:00,10.377300000000048,82.2329908100985,1.011348235765784,48.0,178.25262
2020-02-10 07:00:00,10.269980000000032,81.37418966911304,2.6575372016514427,26.0,321.33395
2020-02-10 08:00:00,10.086700000000008,84.20414030314551,3.1588816108444524,22.0,389.00598
2020-02-10 09:00:00,9.44473000000005,90.62383446799642,3.40575386792827,36.0,371.91364
2020-02-10 10:00:00,8.812200000000018,92.55041882274222,3.651989846063992,36.0,421.5088
2020-02-10 11:00:00,7.925070000000005,94.79064204962091,3.512256199505412,24.0,407.1178
2020-02-10 12:00:00,7.2133400000000165,95.62698656945312,3.0048376682108886,27.0,443.17465
2020-02-10 13:00:00,6.66885000000002,94.82289436388565,2.2523746833639064,27.0,421.81793
2020-02-10 14:00:00,6.142179999999996,93.97469658699453,1.312260925495698,22.0,236.14102
2020-02-10 15:00:00,5.79113000000001,94.9591842010109,1.313338247039468,26.0,266.12354
2020-02-10 16:00:00,5.398340000000019,96.84303582324203,1.7201169071021356,26.0,66.9086
2020-02-10 17:00:00,4.979120000000023,97.34511902875508,2.060849347711841,47.0,140.58537
2020-02-10 18:00:00,4.425100000000043,97.9902816147586,2.091378554500208,49.0,204.76137
2020-02-10 19:00:00,4.436760000000049,97.6258754966066,1.897435748156003,49.0,185.55653
2020-02-10 20:00:00,4.046230000000037,98.13173937888803,1.7604530677171601,29.0,155.15228
2020-02-10 21:00:00,3.834000000000003,97.95244117597106,1.7730204008275146,27.0,172.7775
2020-02-10 22:00:00,3.606800000000021,98.12624356543138,1.7806427145473653,27.0,171.82039
2020-02-10 23:00:00,3.458280000000002,98.06828039076586,1.523912271761288,19.0,150.29828
2020-02-11 00:00:00,3.3614000000000033,97.19893798914019,1.3796837156610386,19.0,142.90712
2020-02-11 01:00:00,3.28036000000003,98.07509065284611,1.3152538328525238,20.0,165.74605
2020-02-11 02:00:00,3.1777000000000157,98.22730584352193,1.2275994452825447,22.0,188.59773
2020-02-11 03:00:00,3.077600000000018,98.4072054733216,1.118310514674681,22.0,178.36324
2020-02-11 04:00:00,3.1650000000000205,96.97850417840196,1.1047807409456993,28.0,159.53296
2020-02-11 05:00:00,3.6183000000000334,94.74866431084162,1.0134528996894183,28.0,141.55997
2020-02-11 06:00:00,4.58044000000001,89.19997906207777,0.9968048037175503,30.0,212.95369
2020-02-11 07:00:00,5.454200000000014,86.31441987996716,1.609886572237625,43.0,258.26038
2020-02-11 08:00:00,6.848000000000013,79.92547728875346,1.9383418423397691,43.0,384.4021
2020-02-11 09:00:00,7.533780000000036,76.25695860790006,2.443161293666558,35.0,543.8562
2020-02-11 10:00:00,7.867819999999995,73.40318674682901,2.5791154036810777,41.0,489.8026
2020-02-11 11:00:00,7.930780000000027,72.68601519140837,2.381797698438079,45.0,528.32495
2020-02-11 12:00:00,7.415430000000015,77.12875320587862,2.0495492536522515,36.0,374.02008
2020-02-11 13:00:00,6.098960000000034,84.1675756782484,2.1006618111153563,36.0,199.55061
2020-02-11 14:00:00,5.104939999999999,88.23300639803509,1.7943497246399907,37.0,172.57858
2020-02-11 15:00:00,4.595300000000009,90.85018678678458,1.3296807526629217,53.0,81.21661
2020-02-11 16:00:00,3.8029000000000224,93.77710184470355,1.6556947856538542,60.0,70.69603
2020-02-11 17:00:00,3.201999999999998,93.58080621744314,2.049080286949762,60.0,51.584457
2020-02-11 18:00:00,2.4886700000000133,93.6177152434265,1.855890074951558,48.0,37.381775
2020-02-11 19:00:00,1.0581000000000245,96.40665756309348,1.450897481649069,67.0,28.539246
2020-02-11 20:00:00,0.43533000000002176,96.52504120489301,1.6982165101993003,37.0,25.433216
2020-02-11 21:00:00,-0.11764999999996917,95.90330031230255,1.7727918679522985,35.0,31.396114
2020-02-11 22:00:00,-0.47622999999998683,94.58458978975514,1.8257668750004996,35.0,30.089687
2020-02-11 23:00:00,0.3675500000000511,93.82879861527847,1.5664336017983942,39.0,35.50493
2020-02-12 00:00:00,1.1525500000000193,92.84609420305904,1.3611118836531477,52.0,40.28514
2020-02-12 01:00:00,1.9227000000000203,89.8734657159507,1.8151649998653951,52.0,43.354904
2020-02-13 09:00:00,5.338459999999998,61.37361321615428,1.8417927828255867,20.0,1001.87964
2020-02-13 10:00:00,5.641140000000007,58.224188521728394,1.8653255361705017,17.0,1152.8228
2020-02-13 11:00:00,5.607630000000029,57.85220524634174,1.7535765703735902,16.0,1060.2024
2020-02-13 12:00:00,5.106100000000026,58.30959475951014,1.346904356414998,16.0,361.5409
2020-02-13 13:00:00,3.9775600000000395,63.374762785851686,1.3084835675592874,25.0,98.11249
2020-02-13 14:00:00,2.053600000000017,74.20346719483075,1.5149396930630799,47.0,52.06154
2020-02-13 15:00:00,0.258700000000033,80.37223726543878,1.9220287533299494,59.0,44.64975
2020-02-13 16:00:00,-0.6983999999999924,82.39511637348754,2.2464619870028604,59.0,37.79648
2020-02-13 17:00:00,-1.6076999999999657,84.0430409547299,2.203319457276491,85.0,30.92836
2020-02-13 18:00:00,-2.095859999999959,83.34774626186002,2.0979468680307063,105.0,25.938248
2020-02-13 19:00:00,-1.4013400000000047,80.59842876239402,1.841112522010907,99.0,20.295715
2020-02-13 20:00:00,-1.4420199999999568,79.13161015931007,1.9528502345466843,99.0,18.58014
2020-02-13 21:00:00,-1.7044399999999769,78.24367545383531,2.112662839967251,35.0,17.97158
2020-02-13 22:00:00,-1.996499999999969,76.66867616959647,2.266596710829886,18.0,16.053448
2020-02-13 23:00:00,-2.4779399999999896,74.49569801365273,2.5120110742846857,15.0,16.357054
2020-02-14 00:00:00,-2.5290299999999775,68.11081760538946,2.715342692417401,15.0,18.608002
2020-02-14 01:00:00,-2.3113199999999665,60.80489294414401,2.787557538350762,12.0,23.297626
2020-02-14 02:00:00,-2.275669999999991,58.08514227965216,2.803132311694405,17.0,23.555136
2020-02-14 03:00:00,-1.8304499999999848,59.9334046593224,2.682173916355479,17.0,24.715225
2020-02-14 04:00:00,1.2455000000000496,63.79047763723095,2.047109604202775,19.0,37.45027
2020-02-14 05:00:00,5.601740000000007,59.02041295589682,1.3962626708074968,12.0,74.933975
2020-02-14 06:00:00,8.529260000000022,51.60411150937606,0.7160900604950046,18.0,129.41757
2020-02-14 07:00:00,9.209920000000011,49.705694613051335,1.0206732312517066,12.0,190.71106
2020-02-14 08:00:00,10.598960000000034,44.72068459215093,1.5477185987083242,12.0,301.83035
2020-02-14 09:00:00,11.408650000000023,42.138374599923715,1.8724069557821554,15.0,390.2569
2020-02-14 10:00:00,11.967700000000036,40.84216407026555,1.8251327116922238,16.0,406.10077
2020-02-14 11:00:00,11.624099999999999,46.29065637318085,1.224628109731787,16.0,353.63696
2020-02-14 12:00:00,10.440240000000017,53.94022844355026,1.1422403168870026,22.0,132.9597
2020-02-14 13:00:00,7.868430000000046,65.18978059772674,1.3663391679099484,29.0,47.831314
2020-02-14 14:00:00,5.082480000000032,70.23045286057949,2.0312883998717237,29.0,23.9897
2020-02-14 15:00:00,3.4898300000000404,71.4679034721235,2.6493957787773814,56.0,20.562792
2020-02-14 16:00:00,2.5276000000000067,71.52680783200618,2.667832199837583,29.0,23.237036
2020-02-14 17:00:00,1.8117300000000114,71.16489286748516,2.6884902940816415,29.0,23.458067
2020-02-14 18:00:00,1.294399999999996,69.99866326355881,2.7130288729299767,14.0,24.184479
2020-02-14 19:00:00,1.1263700000000085,68.5754111554755,2.565596086587052,17.0,24.425827
2020-02-14 20:00:00,0.7859000000000265,68.35767628555296,2.4355737826966215,17.0,23.802017
2020-02-14 21:00:00,0.5225000000000364,67.68353830370673,2.4075044581208305,32.0,23.769161
2020-02-14 22:00:00,0.4293800000000374,66.13800514275981,2.391989160830633,60.0,20.53659
2020-02-14 23:00:00,0.6478500000000054,64.79011453831677,2.221245941159622,82.0,19.025818
2020-02-15 00:00:00,0.4588600000000156,68.194621875363,2.007299365111126,48.0,17.188156
2020-02-15 01:00:00,-0.5908000000000015,74.49348606474966,1.9392815469916533,48.0,17.405426
2020-02-15 02:00:00,-0.7029999999999745,76.6439317308103,2.0769175207990522,21.0,21.12402
2020-02-15 03:00:00,-0.43889999999998963,79.76442321665917,1.7397070498674425,42.0,21.16158
2020-02-15 04:00:00,2.2541400000000067,80.15666951314468,1.2633431172108038,58.0,27.499706
2020-02-15 05:00:00,6.634700000000009,68.9482703710049,0.7975820370091565,39.0,58.369797
2020-02-15 06:00:00,9.346830000000011,57.34060434158294,0.6078173927494394,64.0,110.953705
2020-02-15 07:00:00,10.822960000000023,47.09724247126179,0.9366584628640775,44.0,259.5782
2020-02-15 08:00:00,10.48860000000002,53.568545484755894,4.567917890830592,44.0,636.2035
2020-02-15 09:00:00,8.227530000000002,73.54084531612143,5.374712136466838,17.0,659.83374
2020-02-15 10:00:00,5.9168300000000045,89.86479286156597,4.742473844875398,16.0,750.2969
2020-02-15 11:00:00,4.223600000000033,97.35452600025025,3.47603863981988,16.0,835.562
2020-02-15 12:00:00,3.193960000000004,97.89500866315718,2.941016929076506,18.0,786.57324
2020-02-15 13:00:00,2.813199999999995,97.17886098632947,2.6925981375717263,11.0,539.73706
2020-02-15 14:00:00,2.365530000000035,97.31698048003216,2.8890678573108057,12.0,354.77792
2020-02-15 15:00:00,1.9647800000000188,96.60875608900893,3.313100848175875,12.0,762.09717
2020-02-15 16:00:00,1.3508500000000367,94.3844083527886,3.794639495750193,10.0,897.0039
2020-02-15 17:00:00,0.7031000000000063,96.18711449908831,3.4187003421033615,10.0,888.7407
2020-02-15 18:00:00,0.03910000000001901,92.81139900109581,3.0739641814979386,12.0,710.5022
2020-02-15 19:00:00,-0.06735999999995101,95.02819636407654,2.6475596690111307,13.0,426.21442
2020-02-15 20:00:00,-0.19769999999999754,94.44763953354988,2.5250999561497163,12.0,267.68817
2020-02-15 21:00:00,-0.37129999999996244,91.58153930933555,2.3009912611760006,15.0,173.33983
2020-02-15 22:00:00,-0.5074799999999868,94.14731290906026,1.9095659344274876,15.0,151.04424
2020-02-15 23:00:00,-0.883829999999989,91.54503602440619,1.7358310586022307,13.0,83.00795
2020-02-16 00:00:00,-1.295569999999998,88.97620397573473,1.6866996637027738,13.0,50.60544
2020-02-16 01:00:00,-1.9695799999999508,88.73862461462535,1.7643469794734425,16.0,32.268967
2020-02-16 02:00:00,-3.1548799999999915,89.29363453045883,1.9788774753014464,13.0,20.695877
2020-02-16 03:00:00,-4.062099999999987,89.63015194259089,1.9750395446641578,12.0,19.571732
2020-02-16 04:00:00,-1.904799999999966,86.42061220635706,1.8218027420283882,9.0,69.01402
2020-02-16 05:00:00,0.3774700000000166,76.62605481487024,1.584008306054217,14.0,237.38637
2020-02-16 06:00:00,2.529320000000041,64.37514208014933,1.2390426904987333,8.0,374.98755
2020-02-16 07:00:00,4.172500000000014,55.85063380355297,1.4658880632774558,8.0,493.05743
2020-02-16 08:00:00,5.322720000000004,50.10015971382255,1.771073083370672,11.0,648.4007
2020-02-16 09:00:00,6.138640000000009,45.98795625877329,2.1711135430523307,13.0,786.3648
2020-02-16 10:00:00,6.542439999999999,43.39764475272385,2.464921198470614,11.0,692.0327
2020-02-16 11:00:00,6.328240000000051,44.43538219809537,2.575721634587366,11.0,601.7097
2020-02-16 12:00:00,5.454000000000008,51.13184222481925,2.291135109313567,19.0,388.01297
2020-02-16 13:00:00,3.7853000000000065,56.95930036009467,2.394495069961816,31.0,198.20668
2020-02-16 14:00:00,2.3298000000000343,61.23635897061642,2.30778550952392,42.0,147.84198
2020-02-16 15:00:00,1.0297500000000355,64.03263620180256,2.057503675255556,42.0,117.50844
2020-02-16 16:00:00,-0.2134800000000041,67.54370505799127,1.9626349797793805,57.0,99.411575
2020-02-16 17:00:00,-1.2566999999999666,71.09727161721482,1.9452452172952,33.0,84.81088
2020-02-16 18:00:00,-1.6395599999999604,72.20464219226444,1.9338726532965427,21.0,67.91235
2020-02-16 19:00:00,-1.3716499999999883,69.41370979884996,1.6854006956289653,36.0,59.733124
2020-02-16 20:00:00,-1.2851999999999748,69.21156482396046,1.6042463552737154,47.0,51.557594
2020-02-16 21:00:00,-1.1545999999999594,68.09680412531227,1.574803711740755,37.0,44.48932
2020-02-16 22:00:00,-1.0714499999999703,67.27610891439207,1.494659833687873,37.0,56.916435
2020-02-16 23:00:00,-1.0072999999999865,66.08213184355515,1.4653177725530697,60.0,53.925602
2020-02-17 00:00:00,-1.0933299999999804,65.86942326760578,1.4684203964040312,71.0,52.58705
2020-02-17 01:00:00,-1.0943399999999883,65.39489858466048,1.483388999951456,72.0,40.279953
2020-02-17 02:00:00,-1.1257699999999886,67.26204368156752,1.464242756157532,78.0,34.721455
2020-02-17 03:00:00,-1.092079999999953,75.98249540048278,1.1859852065657575,32.0,50.307095
2020-02-17 04:00:00,1.5672500000000014,60.47286675656442,0.8583023492429824,32.0,96.67648
2020-02-17 05:00:00,3.6052500000000123,51.48188802609336,0.8732892185264217,30.0,181.88982
2020-02-17 06:00:00,5.110470000000021,45.675813653475984,1.4102130987684767,19.0,338.10458
2020-02-17 07:00:00,6.227380000000039,46.57944843268834,1.9980830477338534,22.0,539.4236
2020-02-17 08:00:00,6.983100000000036,46.415685224023434,2.073647584072272,22.0,692.7175
2020-02-17 09:00:00,7.319800000000043,47.03667668793309,2.043096045855067,22.0,846.7273
2020-02-17 10:00:00,7.451620000000048,47.8960381734102,1.8629477080236174,23.0,846.323
2020-02-17 11:00:00,7.169700000000034,49.664185299199325,1.9322588444227056,24.0,773.16235
2020-02-17 12:00:00,6.329250000000002,55.686877723940526,1.8809867614809255,46.0,282.01437
2020-02-17 13:00:00,4.846370000000036,60.50907327317763,1.999403058711607,67.0,119.98949
2020-02-17 14:00:00,3.6912000000000376,64.0071894087039,1.9012684754450937,69.0,102.40225
2020-02-17 15:00:00,3.0085000000000264,66.53094341461187,1.5511292599272322,26.0,95.66272
2020-02-17 16:00:00,2.3524400000000014,75.08521461675687,1.0267329488742873,23.0,90.20662
2020-02-17 17:00:00,1.958280000000002,79.4167308745479,0.7643107012874113,18.0,66.8123
2020-02-17 18:00:00,1.5740600000000313,82.1482897527853,0.8840685162833827,23.0,59.074066
2020-02-17 19:00:00,1.574100000000044,85.34484446648975,0.752617737214404,23.0,59.306915
2020-02-17 20:00:00,1.5901000000000067,84.31800579947074,0.6196978856994797,28.0,81.16672
2020-02-17 21:00:00,1.2024000000000115,86.68946564359533,1.0226369297574605,32.0,94.578445
2020-02-17 22:00:00,0.8381600000000162,91.25601982001683,1.4164246840268357,33.0,148.35262
2020-02-17 23:00:00,0.6630499999999984,93.11025819892069,1.8027080285154475,33.0,176.9117
2020-02-18 00:00:00,0.410850000000039,92.89721288182709,2.072135281476615,27.0,202.19005
2020-02-18 01:00:00,0.27648000000004913,92.33812590284825,2.0513886126331595,28.0,226.94592
2020-02-18 02:00:00,-0.14972999999997683,94.11478000891981,1.9523613586155457,19.0,238.96854
2020-02-18 03:00:00,-0.3531199999999899,93.96903449788323,1.871981360553232,19.0,239.56679
2020-02-18 04:00:00,-0.5299999999999727,93.57853169233752,2.0580979955839083,26.0,236.1813
2020-02-18 05:00:00,-0.6957199999999943,93.33505230345513,2.4764792396243926,26.0,257.03864
2020-02-18 06:00:00,-0.8797699999999509,92.67170452924378,2.9955409936592154,17.0,331.09973
2020-02-18 07:00:00,-1.1512799999999856,88.1473232514273,3.5302442919394754,20.0,393.17972
2020-02-18 08:00:00,-0.6380999999999517,82.27768878172594,3.134622448193959,20.0,401.03857
2020-02-18 09:00:00,0.09017000000000053,74.48301658148846,2.524399739396249,17.0,446.53333
2020-02-18 10:00:00,0.7931000000000381,68.9858516861451,2.3914236851913,17.0,743.2717
2020-02-18 11:00:00,0.8116700000000492,68.44979084776153,2.356797626863775,20.0,773.4043
2020-02-18 12:00:00,0.5377000000000294,70.03785897781363,2.1831707072456945,25.0,513.16724
2020-02-18 13:00:00,-0.4848700000000008,75.25304065355957,1.9378644401896126,35.0,369.2484
2020-02-18 14:00:00,-1.732280000000003,79.61840578342938,1.678569156235694,25.0,287.3634
2020-02-18 15:00:00,-2.268699999999967,81.05401542543339,1.5656709352115405,24.0,233.82822
2020-02-18 16:00:00,-2.5334199999999782,81.79551003530256,1.357735779530852,25.0,197.25134
2020-02-18 17:00:00,-2.368439999999964,80.16755347053439,1.1262823315804842,19.0,149.31906
2020-02-18 18:00:00,-2.0951299999999833,78.10989902665025,0.94737923043993,19.0,188.08907
2020-02-18 19:00:00,-2.0042499999999563,80.03851712006096,0.6580973883081966,29.0,156.61517
2020-02-18 20:00:00,-2.3970999999999663,81.52090482549056,0.5841992292607351,29.0,158.36871
2020-02-18 21:00:00,-2.9484599999999546,82.25007766571323,0.693225408295765,34.0,54.350327
2020-02-18 22:00:00,-3.6899199999999723,82.0729200006928,0.8501216827434032,33.0,85.81404
2020-02-18 23:00:00,-4.419349999999952,80.6965979481884,1.0360859811069556,63.0,67.94299
2020-02-19 00:00:00,-6.467199999999991,82.68717497177917,1.39911440966317,57.0,73.43488
2020-02-19 01:00:00,-8.484749999999963,85.32241723766613,1.679784765277269,57.0,89.96354
2020-02-19 02:00:00,-9.070959999999957,85.64176001752999,1.682436965256083,96.0,91.30472
2020-02-19 03:00:00,-8.053380000000004,83.74980674713365,1.521360171080434,66.0,83.892746
2020-02-19 04:00:00,-6.476079999999968,78.43550464595009,1.485683347416138,66.0,137.96086
2020-02-19 05:00:00,-2.912969999999973,68.93263842805058,1.0594287123086654,55.0,218.33171
2020-02-19 06:00:00,-0.5687599999999975,69.90306918888969,0.549915431518704,32.0,315.06732
2020-02-19 07:00:00,1.5828800000000456,56.8329630611718,0.7002887961538729,32.0,409.57062
2020-02-19 08:00:00,2.368250000000046,61.99543242963157,1.8356749156610759,22.0,499.62433
2020-02-19 09:00:00,2.917660000000012,60.92986032948658,2.4656136443767203,15.0,564.40076
2020-02-19 10:00:00,3.2053000000000225,60.7356404022708,2.6627554098255533,21.0,672.99866
2020-02-19 11:00:00,3.1120200000000295,62.650466774055346,2.655895202288965,32.0,627.26544
2020-02-19 12:00:00,3.065400000000011,62.59238017082231,2.282169921664881,39.0,444.08557
2020-02-19 13:00:00,1.5904199999999946,66.90823220749213,2.2868108477638134,39.0,134.0261
2020-02-19 14:00:00,-1.9272499999999582,77.91777394675049,2.115964531520094,54.0,92.82948
2020-02-19 15:00:00,-3.9984999999999786,75.18886922582986,1.9015144546548284,54.0,64.74487
2020-02-19 16:00:00,-5.6737999999999715,75.11236942921887,1.9493567097440248,64.0,42.54528
2020-02-19 17:00:00,-6.792029999999954,75.70707097017188,2.028825176011726,68.0,27.963787
2020-02-19 18:00:00,-7.81899999999996,76.49658004406255,2.1336317396938793,42.0,17.606335
2020-02-19 19:00:00,-7.765479999999968,78.22920802360115,2.0388401947753083,42.0,12.664756
2020-02-19 20:00:00,-8.065159999999992,76.78111246696155,2.1137608617313175,40.0,11.622943
2020-02-19 21:00:00,-8.551549999999963,76.31597852296143,2.221118448257591,43.0,11.607762
2020-02-19 22:00:00,-8.024450000000002,73.88214060736684,2.1191164442685375,43.0,10.838608
2020-02-19 23:00:00,-6.736699999999985,68.4777328283417,1.9898713299972648,66.0,11.615194
2020-02-20 00:00:00,-5.58439999999996,62.34558516717609,1.9227011077786422,112.0,12.44121
2020-02-20 01:00:00,-5.379369999999994,59.33386051647506,1.9107912965381375,177.0,13.90985
2020-02-20 02:00:00,-5.1881499999999505,57.54239532551385,1.861151789339091,177.0,15.928432
2020-02-20 03:00:00,-2.76182,53.913221952909,1.5641101366036896,196.0,19.305567
2020-02-20 04:00:00,0.3083000000000311,52.62686239831007,1.1412204842673281,35.0,57.327457
2020-02-20 05:00:00,3.2648599999999988,43.6164148646631,0.7766720510457744,42.0,116.81781
2020-02-20 06:00:00,4.558620000000019,48.68503458559418,0.6890305964855633,42.0,171.83699
2020-02-20 07:00:00,7.142100000000028,40.88348401568448,0.4188748910436189,37.0,209.71002
2020-02-20 08:00:00,8.672400000000039,42.79231013706732,0.5135123827606789,32.0,282.5536
2020-02-20 09:00:00,9.576099999999997,43.35001416956467,1.054463729599762,78.0,334.43372
2020-02-20 10:00:00,9.937040000000025,45.28180116946003,1.4809960607513477,76.0,350.8819
2020-02-20 11:00:00,9.724940000000004,49.89570324805798,1.5387962101857413,76.0,322.0704
2020-02-20 12:00:00,8.703400000000045,57.18853887959446,1.1161182665984006,65.0,83.20409
2020-02-20 13:00:00,6.7199300000000335,71.51157130039388,0.6954433763163278,62.0,17.081448
2020-02-20 14:00:00,3.247160000000008,75.24313209710901,2.3604913407031063,100.0,29.052902
2020-02-20 15:00:00,1.4778699999999958,74.25642352512072,2.8969112870284945,100.0,20.933895
2020-02-20 16:00:00,-0.8711999999999875,78.008439704561,2.686336608977799,47.0,19.972107
2020-02-20 17:00:00,-1.8224500000000035,77.08249739963426,2.6930788824586225,51.0,18.411903
2020-02-20 18:00:00,-2.105259999999987,74.22054622266192,2.885025149959303,51.0,17.661184
2020-02-20 19:00:00,-2.116369999999961,74.57263161986566,2.8722520256782236,36.0,17.098524
2020-02-20 20:00:00,-2.4226999999999634,74.08550567150883,2.981803451036538,34.0,16.320019
2020-02-20 21:00:00,-2.5744399999999814,72.96620036456838,3.007021436731858,54.0,15.867903
2020-02-20 22:00:00,-2.700749999999971,72.44560130234453,2.727485077978185,66.0,13.059942
2020-02-20 23:00:00,-2.7211999999999534,72.2509598121339,2.543176868424773,66.0,15.157398
2020-02-21 00:00:00,-2.470799999999997,70.76021320055443,2.757132703846502,65.0,13.577612
2020-02-21 01:00:00,-2.2598299999999654,69.83787271414542,2.6861890092895515,65.0,11.298628
2020-02-21 02:00:00,-1.7718600000000038,68.40692916897045,2.5801681426434064,56.0,11.0770855
2020-02-21 03:00:00,-0.9889999999999759,70.388834403963,2.384851324957346,35.0,12.696713
2020-02-21 04:00:00,3.020750000000021,70.35975156113193,1.8796631898833034,32.0,23.190077
2020-02-21 05:00:00,8.410850000000039,62.98898495451703,1.4849132922901591,32.0,51.194504
2020-02-21 06:00:00,12.213040000000035,50.66050364692183,1.1598562456945298,37.0,98.01572
2020-02-21 07:00:00,14.759670000000028,48.89765363859041,1.112267769743567,37.0,144.64711
2020-02-21 08:00:00,16.301500000000033,44.34631424328352,0.46336434329665466,50.0,177.35007
2020-02-21 09:00:00,16.910500000000013,45.76279546212473,1.4260708498002646,58.0,231.62794
2020-02-21 10:00:00,16.436300000000017,51.055070813838306,2.0422671504386494,58.0,278.09647
2020-02-21 11:00:00,15.44440000000003,58.36836319423001,1.5663495754911976,43.0,194.67664
2020-02-21 12:00:00,14.048180000000002,64.2806892015681,0.898695093729456,77.0,30.779343
2020-02-21 13:00:00,11.703200000000038,70.17783389462014,2.1837795202689327,69.0,30.721634
2020-02-21 14:00:00,9.24185,73.713225000891,2.829051091224511,85.0,31.71112
2020-02-21 15:00:00,7.249840000000006,76.5759861002649,2.706142592936198,85.0,31.486374
2020-02-21 16:00:00,6.628700000000038,73.18512150537693,2.863417712900073,85.0,44.965805
2020-02-21 17:00:00,7.1935700000000224,64.12743214649144,3.2718322148783243,35.0,70.09163
2020-02-21 18:00:00,8.075300000000027,56.90487155858359,3.148316330986327,35.0,79.36937
2020-02-21 19:00:00,7.474330000000009,62.23528011107198,2.4433003489259564,40.0,47.91649
2020-02-21 20:00:00,6.41130000000004,67.40195996709444,0.6533650759321448,41.0,30.646046
2020-02-21 21:00:00,5.6387000000000285,72.42367053895387,0.48773512791750123,53.0,55.228535
2020-02-21 22:00:00,7.230950000000007,66.99580660334796,0.9181932636262943,33.0,88.363144
2020-02-21 23:00:00,6.108940000000018,75.24547122303852,1.2779049222661147,30.0,65.07046
2020-02-22 00:00:00,6.492330000000038,76.75372120352945,0.6986538232568491,30.0,17.595032
2020-02-22 01:00:00,6.229640000000018,77.8869776735877,0.7758655729868947,28.0,25.888931
2020-02-22 02:00:00,5.895350000000008,80.86703486705403,0.9030888478745616,28.0,30.277725
2020-02-22 03:00:00,4.399770000000046,91.35870574098978,1.3031104512946896,27.0,51.779617
2020-02-22 04:00:00,5.042630000000031,93.28482704770235,1.4786980828851606,27.0,113.98546
2020-02-22 05:00:00,7.236720000000048,88.91946064274539,1.413677800296359,16.0,181.91977
2020-02-22 06:00:00,8.800960000000032,84.5443854283481,1.407847535552681,19.0,412.98828
2020-02-22 07:00:00,10.33883000000003,77.50817860785703,2.1577439178799063,18.0,1066.6729
2020-02-22 08:00:00,11.671100000000024,65.34955337642404,2.986152875050916,18.0,1222.4082
2020-02-22 09:00:00,11.67986000000002,65.5915397503303,2.5007390413859736,17.0,1200.5916
2020-02-22 10:00:00,11.433130000000006,67.3009647804645,2.290236868100961,17.0,849.9077
2020-02-22 11:00:00,10.836540000000014,70.88096703264893,2.104499671899571,17.0,538.57104
2020-02-22 12:00:00,10.082400000000007,74.4502490132606,1.7221699895648193,18.0,273.76678
2020-02-22 13:00:00,8.98860000000002,78.50302495841497,1.5218454134307762,37.0,142.87268
2020-02-22 14:00:00,7.997280000000046,81.80723519120957,1.8630610606722047,51.0,91.82216
2020-02-22 15:00:00,6.404380000000003,85.72145423978421,1.9993894783870652,73.0,66.26082
2020-02-22 16:00:00,5.343650000000025,88.16805492278472,1.7396221494521649,96.0,51.549255
2020-02-22 17:00:00,4.318020000000047,90.52260446251854,1.6553360189911956,107.0,51.04168
2020-02-22 18:00:00,3.812280000000044,90.19293646720922,1.7334618610412778,107.0,56.81964
2020-02-22 19:00:00,2.7801500000000487,91.15275823642381,2.0328104428945113,108.0,62.241425
2020-02-22 20:00:00,2.5371300000000474,91.02875742778383,2.1157407136193345,108.0,65.04003
2020-02-22 21:00:00,1.87560000000002,92.07043639257166,2.1755194173353014,99.0,60.136333
2020-02-22 22:00:00,1.5327400000000466,92.47894315463883,2.1735556464906827,49.0,59.82426
2020-02-22 23:00:00,1.278160000000014,92.45774157304503,2.1975196796553744,49.0,54.283764
2020-02-23 00:00:00,0.8958400000000211,92.33663643256384,2.184103081783916,45.0,44.940453
2020-02-23 01:00:00,0.6004300000000171,92.13053724822667,2.1436005196370265,50.0,31.164597
2020-02-23 02:00:00,0.321200000000033,92.23387026936136,2.107056730113042,50.0,25.072071
2020-02-23 03:00:00,0.8268400000000042,91.61991302795367,1.8183235194023208,41.0,26.102383
2020-02-23 04:00:00,4.465940000000046,85.67785054783585,1.1091684808213629,37.0,60.308
2020-02-23 05:00:00,8.674950000000024,73.85028947515306,0.3607252154360113,27.0,112.60666
2020-02-23 06:00:00,10.809320000000014,65.24255612898102,0.14698715301239215,23.0,244.55365
2020-02-23 07:00:00,12.271000000000015,62.708056454612056,0.9378174058336679,19.0,457.53586
2020-02-23 08:00:00,13.216400000000021,61.36536909910783,1.166133911909909,20.0,590.22003
2020-02-23 09:00:00,13.954250000000002,60.29716327671463,1.3921671761418846,20.0,743.9602
2020-02-23 10:00:00,14.232320000000016,59.939564154663174,1.5521706767785717,22.0,702.4436
2020-02-23 11:00:00,13.96884,60.97415005696207,1.7616144175304111,28.0,602.762
2020-02-23 12:00:00,12.98422000000005,67.90478165145272,1.6616322504691494,30.0,353.65112
2020-02-23 13:00:00,11.363,73.56200393081653,1.8156918471230186,30.0,104.88568
2020-02-23 14:00:00,9.452230000000043,82.07828784585475,1.4914945725339308,38.0,94.33719
2020-02-23 15:00:00,8.094719999999995,87.63734833193998,1.1272227366059238,38.0,82.37842
2020-02-23 16:00:00,7.207899999999995,88.42774971669817,1.2428718704826336,44.0,60.08177
2020-02-23 17:00:00,6.618130000000008,89.29071192293254,1.416954725789251,41.0,29.630203
2020-02-23 18:00:00,6.238500000000045,90.77909229834394,1.4736066248817832,45.0,23.497864
2020-02-23 19:00:00,6.783650000000023,91.1925984149873,1.9093413496351668,42.0,65.104996
2020-02-23 20:00:00,7.185570000000041,90.35778034796603,2.3137690539350637,26.0,95.43028
2020-02-23 21:00:00,7.281730000000039,89.96930442304517,2.2451968696435864,14.0,84.04582
2020-02-23 22:00:00,6.962580000000003,90.81991140471523,1.9363726662368377,19.0,82.0199
2020-02-23 23:00:00,6.1083000000000425,93.30849698383348,1.5425827912795995,20.0,28.040756
2020-02-24 00:00:00,5.804400000000044,94.21515695056142,1.473345007024146,20.0,17.760534
2020-02-24 01:00:00,5.633000000000038,93.14753586844766,1.8863591122406869,23.0,19.779022
2020-02-24 02:00:00,5.491360000000043,93.97618001021162,1.8271532405833018,29.0,20.42804
2020-02-24 03:00:00,5.522360000000049,94.70001570430226,1.597387740072592,41.0,18.809647
2020-02-24 04:00:00,7.496900000000039,93.47824147151215,1.0259151174595857,37.0,47.560135
2020-02-24 05:00:00,9.69213000000002,86.05479767223859,1.0781116517185931,37.0,227.59756
2020-02-24 06:00:00,10.936239999999998,77.35512799187288,1.6446876788599378,26.0,464.70547
2020-02-24 07:00:00,11.910799999999995,79.0364619669553,2.0673868648319154,38.0,729.1821
2020-02-24 08:00:00,12.826870000000042,77.30156286991159,1.7052284899883101,38.0,877.72095
2020-02-24 09:00:00,13.46243000000004,75.03671007481647,1.299224056482489,37.0,1077.8037
2020-02-24 10:00:00,13.211880000000008,73.96239284512346,0.9284031468234824,36.0,1321.9927
2020-02-24 11:00:00,12.908839999999998,72.24724672320156,0.7373023752108764,42.0,969.2051
2020-02-24 12:00:00,12.70165000000003,71.13232507357996,0.8382205719493245,42.0,318.47186
2020-02-24 13:00:00,11.800160000000005,74.50786592931166,1.3467951758806245,66.0,32.823288
2020-02-24 14:00:00,9.947530000000029,82.40994111092938,1.7833148208790675,52.0,29.594742
2020-02-24 15:00:00,7.975430000000017,86.9798348144712,2.2580191974910777,56.0,36.316498
2020-02-24 16:00:00,6.291280000000029,89.90769577757233,2.4587333990196254,100.0,37.224075
2020-02-24 17:00:00,5.188130000000001,89.31170196325063,2.5209478927645868,100.0,34.9794
2020-02-24 18:00:00,4.599199999999996,86.19130310957947,2.5148325827826428,71.0,31.263952
2020-02-24 19:00:00,4.6124000000000365,85.94241022845618,2.2030168504460192,29.0,25.545563
2020-02-24 20:00:00,4.30865,86.18512989571282,2.0958400511286643,29.0,15.950156
2020-02-24 21:00:00,3.57552000000004,89.05176379664239,2.2103969950414895,27.0,13.924231
2020-02-24 22:00:00,2.9857000000000085,92.06324701496412,2.1098235202789364,35.0,12.79894
2020-02-24 23:00:00,3.0635599999999954,92.61609778130452,1.9884440630525106,30.0,13.182996
2020-02-25 00:00:00,2.6764200000000073,92.66564555121623,2.2941054594396046,21.0,15.612786
2020-02-25 01:00:00,2.615700000000004,90.3719218440674,2.6310470469545084,26.0,24.278458
2020-02-25 02:00:00,2.850999999999999,86.41452895858926,2.876294772999393,22.0,31.788681
2020-02-25 03:00:00,3.858060000000023,84.15270051292269,2.673927231419733,22.0,37.525177
2020-02-25 04:00:00,7.855860000000007,78.94944912562742,2.0459321736825413,18.0,58.13719
2020-02-25 05:00:00,12.205300000000022,67.27300718734946,1.5340588455070392,18.0,135.28223
2020-02-25 06:00:00,14.832670000000007,51.27182980804043,1.579640629501071,23.0,457.12427
2020-02-25 07:00:00,16.487760000000037,41.98779780451929,2.2651553648987632,20.0,994.3303
2020-02-25 08:00:00,17.216300000000047,39.50130443717671,2.1141835928745354,22.0,1265.5142
2020-02-25 09:00:00,17.653650000000027,38.60808189970682,1.98029035396225,22.0,1402.4753
2020-02-25 10:00:00,17.774320000000046,38.579693699602984,1.9554278248025398,22.0,1466.1946
2020-02-25 11:00:00,17.528740000000028,39.83234427815669,1.8062977332008585,46.0,1128.7998
2020-02-25 12:00:00,16.666070000000047,49.547187169447604,1.5018397099550913,46.0,224.64449
2020-02-25 13:00:00,14.795370000000048,53.14301462486556,2.1946445863864925,46.0,83.8636
2020-02-25 14:00:00,11.467800000000011,60.225996609265316,2.783679584410422,46.0,75.19672
2020-02-25 15:00:00,8.869000000000028,64.62942737986155,3.062867406712253,26.0,84.22238
2020-02-25 16:00:00,7.759119999999996,61.336218253931754,3.5376967345082644,20.0,94.59862
2020-02-25 17:00:00,7.298730000000035,56.563551895207134,3.8157520760314814,25.0,112.274704
2020-02-25 18:00:00,7.243920000000003,52.87812580876088,3.7345718924178284,21.0,102.06348
2020-02-25 19:00:00,7.799650000000042,51.813576038917844,3.6687517053923737,19.0,97.190704
2020-02-25 20:00:00,7.7339000000000055,50.915200116270746,3.761102584485019,16.0,109.38692
2020-02-25 21:00:00,7.649740000000008,49.82118347196916,3.7698225719155647,14.0,107.07506
2020-02-25 22:00:00,7.499720000000025,49.47870984209601,3.8318352465038363,14.0,136.81773
2020-02-25 23:00:00,7.711240000000032,47.77534725326129,3.948911453253729,19.0,159.7669
2020-02-26 00:00:00,8.280760000000043,45.11418394730242,4.0229654619831345,20.0,177.16449
2020-02-26 01:00:00,8.726800000000026,43.761142869944436,4.002101707430266,17.0,185.59442
2020-02-26 02:00:00,9.341400000000021,43.26444660358704,3.88920724507206,20.0,201.87802
2020-02-26 03:00:00,10.234100000000012,46.54549740310322,3.5709614265347995,23.0,212.24107
2020-02-26 04:00:00,11.908100000000047,51.41599019363678,3.5360206095920272,24.0,231.91586
2020-02-26 05:00:00,13.731899999999996,50.82638825073579,4.015778260407974,25.0,258.96036
2020-02-26 06:00:00,17.820760000000007,45.65246378482964,3.5952442387444177,25.0,387.96094
2020-02-26 07:00:00,19.88348000000002,41.16485720616131,3.956894165805152,42.0,480.98254
2020-02-26 08:00:00,19.123800000000017,44.36124379244524,2.782223017174881,42.0,454.17386
2020-02-26 09:00:00,17.262260000000026,50.986008988240066,2.137154469623826,52.0,330.14667
2020-02-26 10:00:00,15.817530000000033,57.18182373352913,1.7581430836619671,26.0,271.75464
2020-02-26 11:00:00,14.603020000000015,60.66840259497108,2.840187674775808,26.0,196.0758
2020-02-26 12:00:00,13.598700000000008,62.044593346641896,2.5970167288596167,21.0,198.00186
2020-02-26 13:00:00,12.51278000000002,76.81066021321,0.4896111850288057,28.0,141.99614
2020-02-26 14:00:00,10.966400000000021,81.93872410660353,0.9303376059221495,24.0,203.73639
2020-02-26 15:00:00,9.840450000000033,92.23486467671358,0.755448831869946,21.0,263.81757
2020-02-26 16:00:00,9.454980000000035,92.19677058334904,1.4617546713741818,14.0,289.86523
2020-02-26 17:00:00,8.313400000000001,95.47964054509552,3.2591050792325262,14.0,426.516
2020-02-26 18:00:00,6.170000000000016,96.79563066350784,4.249524892542309,11.0,482.03143
2020-02-26 19:00:00,4.423240000000021,96.03291725406193,4.260154279257375,9.0,474.95963
2020-02-26 20:00:00,3.309320000000014,95.74062067969743,3.9444262830883634,10.0,455.94812
2020-02-26 21:00:00,2.2275000000000205,97.89679141016433,3.4979421625674516,10.0,393.03302
2020-02-26 22:00:00,1.4964200000000005,99.43308369530787,2.83391871230563,12.0,353.12497
2020-02-26 23:00:00,1.2183500000000436,98.76400945015058,2.604198399501438,12.0,362.66455
2020-02-27 00:00:00,0.9952600000000302,97.61497144137711,2.3368633368349228,23.0,365.00305
2020-02-27 01:00:00,0.9203700000000481,98.64511077354749,2.0883278519789394,8.0,314.3797
2020-02-27 02:00:00,0.8496600000000285,98.35534412797287,1.8798112579834498,13.0,241.01135
2020-02-27 03:00:00,0.9124000000000478,97.21827433932944,2.1953670318902807,13.0,226.98978
2020-02-27 04:00:00,1.198000000000036,92.3113266507519,2.7022285020155588,11.0,296.8446
2020-02-27 05:00:00,1.7567999999999984,87.46292391793244,2.728381631902876,11.0,382.8252
2020-02-27 06:00:00,2.154570000000035,84.38670449401127,2.475574507352128,16.0,446.1662
2020-02-27 07:00:00,3.0200399999999945,79.86580193824662,2.6933424229158627,17.0,520.98895
2020-02-27 08:00:00,3.419370000000015,75.16565881299358,2.9178841310271384,18.0,597.61206
2020-02-27 09:00:00,3.705000000000041,70.49015612531278,2.8421896790063204,21.0,695.4431
2020-02-27 10:00:00,3.7994300000000294,67.7846858074618,2.5982243962956586,21.0,731.49756
2020-02-27 11:00:00,4.05068,64.97648971510549,2.411798634021118,18.0,717.2548
2020-02-27 12:00:00,3.754000000000019,65.07559320257047,2.034730225471205,28.0,621.58344
2020-02-27 13:00:00,3.1719000000000506,67.76396129873375,1.7127765412012623,28.0,291.92035
2020-02-27 14:00:00,2.384200000000021,70.75001472106558,1.849377397890542,38.0,193.33527
2020-02-27 15:00:00,1.6279800000000364,73.58068844994001,1.9310830402784667,54.0,159.61949
2020-02-27 16:00:00,0.6453999999999951,77.27344971774521,1.9966154348352045,54.0,153.6183
2020-02-27 17:00:00,0.09370000000001255,79.6138067167305,1.6564302292259774,48.0,104.0294
2020-02-27 18:00:00,-0.8209599999999568,84.13236142093415,1.375963465669415,48.0,97.684616
2020-02-27 19:00:00,-1.050329999999974,86.94055571159268,0.9904666436685398,57.0,80.79439
2020-02-27 20:00:00,-0.8509999999999991,83.3743766503771,0.6772123657496948,57.0,62.711227
2020-02-27 21:00:00,-0.9861799999999903,82.84786355274032,0.5012737801605737,54.0,52.26985
2020-02-27 22:00:00,-1.3380999999999972,83.2876693756038,0.5206061572484822,38.0,36.35927
2020-02-27 23:00:00,-1.7554700000000025,83.9787296038166,0.6219128555739349,38.0,29.51139
2020-02-28 00:00:00,-2.1590999999999667,84.74458687320717,0.8756883819250062,35.0,26.560513
2020-02-28 01:00:00,-3.5480699999999956,88.25010546436448,1.2025031517362479,35.0,15.996532
2020-02-28 02:00:00,-4.248940000000005,90.05333277134586,1.441895304017684,41.0,12.054268
2020-02-28 03:00:00,-2.9764999999999873,91.08922353465067,1.170904549547841,39.0,18.62456
2020-02-28 04:00:00,0.6552000000000362,82.10712145250278,1.1828530576080238,46.0,130.14143
2020-02-28 05:00:00,2.220799999999997,75.19633523752054,1.0793367315595928,56.0,248.99779
2020-02-28 06:00:00,3.713099999999997,67.92303230686237,0.9066249436439652,56.0,354.3531
2020-02-28 07:00:00,5.788630000000012,63.97616408288487,1.2191156399473986,53.0,425.09775
2020-02-28 08:00:00,6.941460000000006,61.29759789223515,1.570465741083353,48.0,491.0879
2020-02-28 09:00:00,7.720730000000003,59.82560580635694,1.7419462225354316,48.0,516.334
2020-02-28 10:00:00,8.312600000000032,58.643411401664984,1.954180307282184,53.0,610.6387
2020-02-28 11:00:00,8.506130000000041,57.62125028153275,2.131926269392403,53.0,589.2239
2020-02-28 12:00:00,8.112729999999999,58.73131823595812,1.9357172699629974,54.0,517.46747
2020-02-28 13:00:00,6.785120000000006,65.06881974891336,1.6460343754286846,54.0,87.65628
2020-02-28 14:00:00,4.741660000000024,78.5991378740782,1.1829202581699325,62.0,35.585434
2020-02-28 15:00:00,4.521200000000022,73.04695908308865,0.45611284491670673,62.0,25.949501
2020-02-28 16:00:00,3.631370000000004,75.9246290869902,0.9120987788382969,43.0,23.226204
2020-02-28 17:00:00,0.8767600000000471,85.70697471523859,1.5561923016648962,30.0,23.890545
2020-02-28 18:00:00,-0.766399999999976,89.92736888552825,1.8412017832091354,30.0,22.512085
2020-02-28 19:00:00,-1.1624499999999784,90.26269426454952,1.7329967379601756,27.0,21.89518
2020-02-28 20:00:00,-1.7766199999999799,90.425665310943,1.97923734671416,48.0,22.24697
2020-02-28 21:00:00,-2.1350499999999784,89.75606665950549,2.1425281300680896,63.0,20.582401
2020-02-28 22:00:00,-2.4862999999999715,88.88011514185438,2.1343558925039137,63.0,14.335547
2020-02-28 23:00:00,-2.7898999999999887,87.74401377927929,2.046485290468955,88.0,11.132295
2020-02-29 00:00:00,-2.9881299999999555,86.13148989484654,2.051063352248494,94.0,14.355207
2020-02-29 01:00:00,-3.0073600000000056,84.28011914647935,2.104153459693589,94.0,16.999002
2020-02-29 02:00:00,-2.9334799999999746,83.01600075498118,2.1300361901156917,103.0,20.996334
2020-02-29 03:00:00,-1.4832799999999793,83.83165782097363,1.6939035305632524,130.0,29.51858
2020-02-29 04:00:00,3.7386000000000195,77.23879801145695,0.9631975598058762,73.0,62.380356
2020-02-29 05:00:00,7.889200000000017,63.37171938754464,0.45888290475620264,38.0,140.55475
2020-02-29 06:00:00,10.254480000000001,52.07045186909882,0.7470910096612928,38.0,282.04968
2020-02-29 07:00:00,12.54638,48.49282720540239,1.2162717193537866,26.0,392.14532
2020-02-29 08:00:00,13.917750000000012,45.5877833424051,1.7004368838158483,22.0,469.50317
2020-02-29 09:00:00,14.855500000000006,44.0184041350332,2.147603232882881,27.0,520.9082
2020-02-29 10:00:00,15.298100000000034,43.40115566981996,2.37766770025484,27.0,576.32104
2020-02-29 11:00:00,15.241780000000006,44.212038522659846,2.43669680511252,33.0,517.6551
2020-02-29 12:00:00,14.205300000000022,53.321761617545434,2.004115277743047,33.0,269.1338
2020-02-29 13:00:00,12.203100000000006,58.73379713360228,2.012080872514932,55.0,69.175644
2020-02-29 14:00:00,9.117760000000033,75.47343336053204,1.4111179788251336,47.0,38.176422
2020-02-29 15:00:00,6.441900000000032,80.27658709186257,1.6346018157112943,47.0,35.48378
2020-02-29 16:00:00,3.9596200000000294,87.72463726479522,1.9960091038940326,83.0,27.599373
2020-02-29 17:00:00,2.868600000000015,88.07289085171426,2.6356181657625144,63.0,18.115211
2020-02-29 18:00:00,1.7653999999999996,88.67136498683873,2.7329161160930027,65.0,16.514805
2020-02-29 19:00:00,1.522640000000024,85.89569884962337,2.5948409576453986,65.0,15.778487
2020-02-29 20:00:00,1.087500000000034,83.92763063759365,2.611785576551376,64.0,14.34279
2020-02-29 21:00:00,0.5853800000000433,82.67120397855776,2.600874513027205,61.0,13.355876
2020-02-29 22:00:00,0.12975000000000136,81.7389380256366,2.5762891694871852,61.0,12.8917885
2020-03-01 00:00:00,-0.4704299999999648,80.13758570787141,2.5431505502193317,81.0,12.367264
2020-03-01 01:00:00,-0.6273299999999722,79.23587575384106,2.53369143904773,81.0,12.929144
2020-03-01 02:00:00,-0.5990999999999644,78.81499541475108,2.4589763124546815,83.0,12.594851
2020-03-01 03:00:00,1.0682300000000282,80.24988945567362,1.9788173236816227,83.0,12.549193
2020-03-01 04:00:00,6.374170000000049,76.58539821576943,1.4018509646799266,16.0,29.361847
2020-03-01 05:00:00,11.845000000000027,65.51179633860819,0.8304098215698107,18.0,74.72275
2020-03-01 06:00:00,15.21792000000005,49.30818313561336,0.6712070952828301,18.0,185.64308
2020-03-01 07:00:00,17.15984000000003,42.03325362053643,0.578577309290704,21.0,337.24982
2020-03-01 08:00:00,18.1644,41.496373838101775,1.051606650317139,21.0,473.19556
2020-03-01 09:00:00,18.644300000000044,42.369725256917356,1.2990866666909342,24.0,531.001
2020-03-01 10:00:00,18.81545,43.331591245689744,1.1332407454571831,24.0,501.69385
2020-03-01 11:00:00,18.647550000000024,45.03502455431,0.6496603836907336,26.0,421.30624
2020-03-01 12:00:00,17.914800000000014,53.53989751230658,0.235050931534053,31.0,104.64389
2020-03-01 13:00:00,15.659170000000017,69.11105179910103,1.3400265742747839,58.0,40.859863
2020-03-01 14:00:00,12.336540000000014,69.80584276505823,2.692611504229192,58.0,29.012665
2020-03-01 15:00:00,9.839800000000025,74.4959009392027,2.9131496928577167,38.0,23.201118
2020-03-01 16:00:00,7.129170000000045,82.10314364612839,2.8199600178909354,51.0,20.799503
2020-03-01 17:00:00,5.488730000000032,84.65123833687406,2.8142964470259857,17.0,23.495173
2020-03-01 18:00:00,4.715400000000045,83.1256715753794,2.777977999072863,16.0,23.399635
2020-03-01 19:00:00,5.260680000000036,76.11313558770811,2.7107457455358612,19.0,22.183434
2020-03-01 20:00:00,4.741000000000042,76.00506212176626,2.6791514236061014,18.0,20.107067
2020-03-01 21:00:00,4.241660000000024,76.36219314061381,2.578171860261949,12.0,18.834549
2020-03-01 22:00:00,3.7663800000000265,77.00899308979697,2.50893690803639,12.0,19.187614
2020-03-01 23:00:00,3.3240300000000502,77.54786796796938,2.484186207966282,45.0,17.600584
2020-03-02 00:00:00,2.9151200000000017,77.97498888393993,2.4253404259817204,84.0,14.4985
2020-03-02 01:00:00,2.4758000000000493,78.79647989255862,2.402519209616551,84.0,12.4758625
2020-03-02 02:00:00,2.056669999999997,80.4308849858874,2.434740797480416,55.0,11.574558
2020-03-02 03:00:00,3.3763400000000274,82.32513940942523,2.0217414910108586,51.0,12.356949
2020-03-02 04:00:00,9.054900000000032,79.70425764481807,1.3207561095004405,51.0,18.31784
2020-03-02 05:00:00,14.73947000000004,60.62434468253792,0.7551324085111979,31.0,96.28531
2020-03-02 06:00:00,17.048850000000016,46.85107940339835,0.7310093778190482,32.0,300.35443
2020-03-02 07:00:00,18.06414000000001,47.364473502662456,1.2702706539623632,32.0,494.75415
2020-03-02 08:00:00,18.66990000000004,48.49303698195727,1.5457093568724627,48.0,682.4426
2020-03-02 09:00:00,18.989130000000046,49.045445219017864,1.5790696670788533,42.0,815.9092
2020-03-02 10:00:00,18.956600000000037,50.17341936799367,1.467279982171456,29.0,524.7283
2020-03-02 11:00:00,18.70953000000003,52.10578634390429,1.3136435659470571,29.0,649.55005
2020-03-02 12:00:00,17.98434000000003,60.08685897014606,1.2567357829805794,38.0,201.49432
2020-03-02 13:00:00,16.583979999999997,65.66782252781475,1.5431545546612142,38.0,79.91298
2020-03-02 14:00:00,13.553430000000048,78.0680126674198,1.8970991542797089,52.0,62.544342
2020-03-02 15:00:00,11.156730000000039,83.72211599895537,2.2222227687525233,61.0,71.29964
2020-03-02 16:00:00,9.109830000000045,87.06858139883005,2.3091708123686305,67.0,72.22153
2020-03-02 17:00:00,7.312460000000044,91.19434484774222,2.2537157835505743,33.0,49.69406
2020-03-02 18:00:00,6.2649000000000115,92.36576042741802,2.235870818748411,35.0,42.454994
2020-03-02 19:00:00,6.225000000000023,89.36030810487188,2.1241460599638673,35.0,38.380955
2020-03-02 20:00:00,5.399000000000001,89.46622235329288,2.172903196073387,41.0,32.38852
2020-03-02 21:00:00,4.8154499999999985,88.8495902401543,2.2096561786300875,44.0,28.6366
2020-03-02 22:00:00,4.393200000000036,87.79975460884187,2.2008444903119937,37.0,21.45137
2020-03-02 23:00:00,4.027000000000044,87.38218080692627,2.0868633582886953,39.0,18.604008
2020-03-03 00:00:00,3.6680500000000507,87.45936822713355,1.9888273667748262,39.0,15.512032
2020-03-03 01:00:00,3.2663200000000074,87.85872215076559,1.985773260061549,24.0,13.1087675
2020-03-03 02:00:00,2.9766500000000065,88.4439427087546,2.015633291008977,45.0,11.878659
2020-03-03 03:00:00,4.145530000000008,89.25819312011907,1.569908028262822,45.0,21.157034
2020-03-03 04:00:00,9.096600000000024,79.49213751018209,0.9326707527732879,44.0,83.73979
2020-03-03 05:00:00,12.064300000000003,68.00922349477077,1.2217992809805485,21.0,187.68285
2020-03-03 06:00:00,13.544579999999996,65.0660688932841,1.441889893771838,17.0,295.03662
2020-03-03 07:00:00,15.508800000000008,62.55718656971204,1.8791250757844289,17.0,407.1902
2020-03-03 08:00:00,16.25980000000004,63.16948867546238,2.4220274569299485,17.0,523.6802
2020-03-03 09:00:00,16.592070000000035,63.210322381275724,2.759099941712045,42.0,638.0669
2020-03-03 10:00:00,16.774,62.29341930827841,2.787108300351554,42.0,735.0879
2020-03-03 11:00:00,16.453640000000007,62.1675219463518,2.6753826827997838,33.0,821.854
2020-03-03 12:00:00,15.68398000000002,65.88494744579756,2.224237715485847,28.0,515.1493
2020-03-03 13:00:00,13.829679999999996,71.15306669635997,2.435008375699082,28.0,259.9651
2020-03-03 14:00:00,11.965940000000046,74.61198575030753,2.2755878706243142,25.0,179.82307
2020-03-03 15:00:00,10.387400000000014,79.8147121322794,1.6093862625213322,47.0,121.707794
2020-03-03 16:00:00,9.211880000000008,83.88783309700284,1.0498388576463804,38.0,75.63893
2020-03-03 17:00:00,8.277370000000019,84.6500177469186,1.0152077252642777,34.0,50.261726
2020-03-03 18:00:00,6.6177600000000325,89.10264365871346,1.1603296839629647,34.0,37.48728
2020-03-03 19:00:00,4.838900000000024,90.78015966853182,1.0657389271168751,27.0,28.90802
2020-03-03 20:00:00,4.204000000000008,91.7227810652512,1.1861672682634026,27.0,33.43801
2020-03-03 21:00:00,3.472500000000025,93.99634485843455,1.601835915394723,27.0,41.140324
2020-03-03 22:00:00,3.4349600000000464,94.38443756821947,1.60945687374231,24.0,46.63858
2020-03-03 23:00:00,3.2258000000000493,94.84092316159528,1.6685771426314968,24.0,36.98413
2020-03-04 00:00:00,2.9575000000000387,94.8995950905418,1.6092407353592872,28.0,35.77948
2020-03-04 01:00:00,2.8090500000000134,94.92065114783743,1.4497865744195804,28.0,51.83068
2020-03-04 02:00:00,2.750500000000045,95.13564062130985,1.3120330255113741,33.0,54.791943
2020-03-04 03:00:00,4.233240000000023,94.47594646723982,0.9349190046372782,36.0,73.839424
2020-03-04 04:00:00,7.483200000000011,87.38182565099335,1.2438444278975125,37.0,143.63332
2020-03-04 05:00:00,8.86062000000004,83.30410309581809,1.3908472184439413,47.0,258.8822
2020-03-04 06:00:00,10.556540000000041,78.6598909850878,1.3969562876335286,58.0,388.59033
2020-03-04 07:00:00,12.958150000000046,70.66962254217071,1.7767219101031553,67.0,490.19775
2020-03-04 08:00:00,13.673550000000034,68.78161719154758,2.179301353616062,67.0,594.1653
2020-03-04 09:00:00,14.06844000000001,68.67688171169877,2.245860325948791,62.0,660.2151
2020-03-04 10:00:00,14.262170000000026,67.59995854599373,2.4007765269926913,68.0,662.2969
2020-03-04 11:00:00,14.238950000000045,66.72411574455437,2.2192095916325094,70.0,687.31836
2020-03-04 12:00:00,13.830100000000016,68.05946388858152,2.153897375328221,49.0,568.3506
2020-03-04 13:00:00,12.24642,75.66833616805053,2.2653754953986964,49.0,235.62567
2020-03-04 14:00:00,10.59426000000002,81.54582327828248,1.9209864645482584,44.0,135.0084
2020-03-04 15:00:00,9.261560000000031,88.33701583162943,1.3224983138342483,44.0,85.81369
2020-03-04 16:00:00,8.310080000000028,89.51141001315337,1.109944481882193,48.0,65.69
2020-03-04 17:00:00,7.240560000000016,92.04478571939975,1.4173691231422116,32.0,72.58421
2020-03-04 18:00:00,6.610500000000002,93.76458130809878,1.6734122051296154,37.0,85.80928
2020-03-04 19:00:00,6.389980000000037,92.32448874757527,1.8997780083402744,44.0,92.38666
2020-03-04 20:00:00,6.471339999999998,91.54952001143661,1.7995462145905812,36.0,104.33061
2020-03-04 21:00:00,6.627700000000004,89.75131382303978,1.7656240593853405,27.0,131.68231
2020-03-04 22:00:00,6.577719999999999,89.14739569389852,1.7567538504081341,22.0,144.74521
2020-03-04 23:00:00,6.647360000000049,88.19818825270936,1.8694575396226196,23.0,143.8822
2020-03-05 00:00:00,6.5560500000000275,88.32779151343209,1.8516646262105232,23.0,129.35435
2020-03-05 01:00:00,6.387960000000021,89.35253783319737,1.8228608299608422,27.0,134.55894
2020-03-05 02:00:00,6.1754999999999995,91.10389161952611,1.888534497924985,25.0,173.77304
2020-03-05 03:00:00,6.2484699999999975,93.51164793644872,1.8893972512271553,25.0,240.20697
2020-03-05 04:00:00,6.55776000000003,92.88940527052135,2.3366677554589055,32.0,302.40942
2020-03-05 05:00:00,6.799000000000035,91.10858870709056,2.85557673322418,33.0,351.41333
2020-03-05 06:00:00,7.100520000000017,88.10607027331652,2.9288139590744935,33.0,357.7339
2020-03-05 07:00:00,7.436580000000049,82.00817554358332,2.8360628580788845,20.0,400.32227
2020-03-05 08:00:00,7.3951000000000136,82.22729772402725,2.6164717102466843,20.0,460.51147
2020-03-05 09:00:00,7.399500000000046,82.46354291385836,2.4091190227673027,19.0,737.8042
2020-03-05 10:00:00,7.02090000000004,86.31090350138348,2.0237609188291295,19.0,704.4144
2020-03-05 11:00:00,6.673730000000035,88.37374999780103,1.548411857281715,23.0,655.9411
2020-03-05 12:00:00,6.326870000000042,90.79659131404097,1.3452085427020333,26.0,417.48334
2020-03-05 13:00:00,6.056200000000047,91.51317070202907,1.7348956723660132,29.0,248.05661
2020-03-05 14:00:00,5.474480000000028,91.44869643758943,1.8452968354861312,29.0,198.80463
2020-03-05 15:00:00,5.157129999999995,92.3388828671065,1.6418363008626224,28.0,153.9502
2020-03-05 16:00:00,4.846400000000017,93.07212325711313,1.5877079683193913,27.0,137.253
2020-03-05 17:00:00,4.44747000000001,94.69777311222833,1.4593634659206356,27.0,109.78009
2020-03-05 18:00:00,4.0762000000000285,94.54811467814142,1.562749048506829,30.0,91.691574
2020-03-05 19:00:00,3.486570000000029,93.73184690034842,1.9093133982370338,30.0,70.31212
2020-03-05 20:00:00,3.096580000000017,94.5700281197702,1.7748251275600224,22.0,63.729706
2020-03-05 21:00:00,2.5447000000000344,95.5517078071844,1.6794732073506413,22.0,54.47946
2020-03-05 22:00:00,2.343560000000025,96.4836047562038,1.4397362575633812,26.0,48.03482
2020-03-05 23:00:00,1.7296400000000176,96.94765461360389,1.517524235245924,31.0,32.952927
2020-03-06 00:00:00,1.8205500000000256,97.40508563045263,1.3719326113580168,35.0,37.810486
2020-03-06 01:00:00,1.9446700000000305,97.15331890675893,1.3815788904166857,37.0,38.897217
2020-03-06 04:00:00,4.793540000000007,89.45242697831085,1.1330556092932709,25.0,185.85187
2020-03-06 05:00:00,6.425260000000037,79.04939126753266,1.0244665409453055,25.0,419.58716
2020-03-06 06:00:00,7.787400000000048,65.87038667729566,1.3883117432717371,25.0,846.0271
2020-03-06 07:00:00,8.48257000000001,60.54816930516601,2.05858006762949,30.0,1165.7458
2020-03-06 08:00:00,8.973720000000014,56.567255024861126,2.688920631607964,22.0,1148.749
2020-03-06 09:00:00,9.208150000000046,53.89393821867061,3.1871253696898285,22.0,1456.7461
2020-03-06 10:00:00,9.005640000000028,53.28127893316144,3.4452800454674635,22.0,1439.1992
2020-03-06 11:00:00,8.3519,55.68393475551642,3.4525818245200472,19.0,1329.5542
2020-03-06 12:00:00,7.19482000000005,60.96597991168436,3.3063626202961407,20.0,1183.4546
2020-03-06 13:00:00,5.846100000000035,68.17225573389494,3.7557277131050286,21.0,699.8655
2020-03-06 14:00:00,4.45822000000004,75.58746719098848,4.0279229008194335,26.0,565.7035
2020-03-06 15:00:00,3.3678800000000138,81.7225032743,3.5809082795041753,23.0,460.36673
2020-03-06 16:00:00,2.8717599999999948,84.10352803304366,2.968241662460677,19.0,376.03674
2020-03-06 17:00:00,2.60510000000005,85.36457521687397,2.3144991341033228,19.0,298.43604
2020-03-06 18:00:00,2.3290000000000077,86.3512047791431,1.7251204339657609,27.0,221.5044
2020-03-06 19:00:00,1.9875000000000114,85.85476395176626,1.73192452419141,33.0,158.00955
2020-03-06 20:00:00,1.3198000000000434,88.80981175112541,1.6521336938546953,34.0,138.54556
2020-03-06 21:00:00,0.5354600000000005,92.50045497816153,1.4752734689900928,37.0,124.557434
2020-03-06 22:00:00,-0.037479999999959546,93.39617115920615,1.0033588766742663,25.0,125.47557
2020-03-06 23:00:00,0.36605000000002974,90.93880212247745,0.34565731002523326,25.0,119.8224
2020-03-07 00:00:00,0.1419999999999959,90.84703856194912,0.036559032209069475,35.0,122.03251
2020-03-07 01:00:00,-0.26223999999996295,90.6976641043272,0.1605441139979118,57.0,63.081207
2020-03-07 02:00:00,-0.6101699999999823,90.41675838026013,0.3161232093571736,27.0,56.463318
2020-03-07 03:00:00,0.07010000000002492,90.2030339317306,0.41739428196055633,27.0,134.0654
2020-03-07 04:00:00,1.47890000000001,82.81121486669664,0.8587843802462632,23.0,275.93237
2020-03-07 05:00:00,2.723260000000039,77.75944586430924,1.3826579937787833,23.0,464.4319
2020-03-07 06:00:00,3.856400000000008,73.13798525001927,1.86049608679037,24.0,670.3606
2020-03-07 07:00:00,5.747000000000014,66.3487844416098,2.1211794165628546,31.0,860.8013
2020-03-07 08:00:00,6.604900000000043,63.252848633743234,2.467987774000178,31.0,1086.8176
2020-03-07 09:00:00,7.18398000000002,59.82711327777513,2.671684390771954,30.0,1224.8206
2020-03-07 10:00:00,7.452500000000043,56.95215511875541,2.850861845464885,30.0,1254.0659
2020-03-07 11:00:00,7.32552000000004,55.3704314922342,2.6266551234365143,32.0,1218.3105
2020-03-07 12:00:00,6.91885000000002,53.98626768867296,2.40787534632434,29.0,1122.2634
2020-03-07 13:00:00,5.73678000000001,57.60430077592189,1.8599176338575265,27.0,407.64615
2020-03-07 14:00:00,4.3441400000000385,60.86207705886689,1.3993514516146757,25.0,127.7556
2020-03-07 15:00:00,3.290549999999996,67.45002260513567,0.3888562803473696,56.0,85.76573
2020-03-07 16:00:00,2.5409800000000473,68.65446926062484,0.5804028838243535,56.0,50.982468
2020-03-07 17:00:00,1.7676000000000158,74.47715223273894,0.863716297949127,59.0,31.429466
2020-03-07 18:00:00,1.3542000000000485,78.57402051152899,0.958081928137049,70.0,17.102238
2020-03-07 19:00:00,-0.034580000000005384,84.36151116128072,1.2129342428323118,48.0,13.980682
2020-03-07 20:00:00,-0.11529999999999063,85.55241567631195,1.2580911392489065,44.0,23.458313
2020-03-07 21:00:00,-0.3739400000000046,85.17221980185965,1.2668068432250184,48.0,31.325562
2020-03-07 22:00:00,-0.5592999999999506,84.81297406297661,1.2086278721156378,45.0,26.316498
2020-03-07 23:00:00,-0.9430999999999585,84.85116537491467,1.194438969852814,38.0,23.040726
2020-03-09 00:00:00,-1.7503399999999942,90.52553748740031,2.0154768154011107,79.0,23.650131
2020-03-09 01:00:00,-2.052099999999996,90.9675151072231,1.9057797454539098,137.0,26.155457
2020-03-09 02:00:00,-2.5423599999999738,91.98126481135844,1.7621436717510521,94.0,15.2171755
2020-03-09 03:00:00,-0.29069999999995844,91.64918473121678,1.0118143153181027,94.0,29.628143
2020-03-09 04:00:00,4.684780000000046,71.92752038135735,0.6554213219579758,48.0,132.968
2020-03-09 05:00:00,7.084300000000042,61.901862021939,1.7379343227146453,40.0,452.07837
2020-03-09 06:00:00,8.534400000000005,56.22920538920216,2.4963778735181017,40.0,696.05493
2020-03-09 07:00:00,9.763570000000016,53.486100864058415,3.083755706150434,30.0,941.56616
2020-03-09 08:00:00,10.62542000000002,50.60479250872346,3.4027214690733785,31.0,1199.4524
2020-03-09 09:00:00,11.182280000000048,47.33325169020144,3.425865756700652,31.0,1497.1553
2020-03-09 10:00:00,11.413780000000031,45.631584343904386,3.6599147355677086,31.0,1482.8142
2020-03-09 11:00:00,11.199060000000031,44.9655060485899,3.673442369867528,38.0,1349.8955
2020-03-09 12:00:00,10.35372000000001,48.77979925551106,3.479075851105578,38.0,1158.6382
2020-03-09 13:00:00,8.622060000000033,55.42415160761803,2.969187856178245,51.0,228.69582
2020-03-09 14:00:00,6.736100000000022,61.26598223831417,2.632285545084811,63.0,96.214905
2020-03-09 15:00:00,5.303300000000036,66.14165057817084,2.4089774537521644,63.0,64.92241
2020-03-09 16:00:00,4.311640000000011,70.41334462234707,1.962966124961912,50.0,46.76146
2020-03-09 17:00:00,2.624900000000025,79.86897892030115,1.6751101745980352,52.0,39.57515
2020-03-09 18:00:00,1.6937500000000227,82.35575850209298,1.5140642547835181,52.0,30.91037
2020-03-09 19:00:00,1.0431800000000067,85.1134602158195,1.6010016458120726,62.0,22.450092
2020-03-09 20:00:00,0.31911999999999807,86.92010820788835,1.6255278674440035,68.0,18.488918
2020-03-09 21:00:00,-0.6080000000000041,88.62873676449946,1.7787323807091833,68.0,17.182446
2020-03-09 22:00:00,-0.9875999999999863,88.93345372960897,1.7742878303543004,120.0,18.238398
2020-03-09 23:00:00,-1.189300000000003,88.64536585621869,1.7423830393190771,131.0,14.948866
2020-03-10 00:00:00,-1.4785499999999843,88.15952777718584,1.7231633093518903,131.0,12.014126
2020-03-10 01:00:00,-1.7136299999999665,88.1797572411702,1.7084190428324435,125.0,11.646858
2020-03-10 02:00:00,-2.008699999999976,88.29320293383483,1.6837982073092237,96.0,13.456875
2020-03-10 03:00:00,1.2965300000000184,84.90465706363351,0.7831016406652674,96.0,20.147512
2020-03-10 04:00:00,5.521140000000003,68.96418812507017,0.19874937448502575,39.0,128.11023
2020-03-10 05:00:00,7.7135000000000105,53.38139679551596,1.3098526765174414,39.0,425.50195
2020-03-10 06:00:00,8.959950000000049,48.27035786159593,1.914594111615624,23.0,723.5054
2020-03-10 07:00:00,10.057150000000036,45.40837727000153,2.3920799385462437,40.0,941.8086
2020-03-10 08:00:00,10.781820000000039,43.65559044605827,2.6855633943734283,23.0,1109.5723
2020-03-10 09:00:00,11.124000000000024,42.857841333482135,2.8975559811814677,22.0,1207.177
2020-03-10 10:00:00,11.308440000000019,42.07533490710576,3.014612385712581,22.0,1261.3286
2020-03-10 11:00:00,11.074520000000007,41.46759087355637,3.0590587841492325,22.0,1197.2954
2020-03-10 12:00:00,10.377700000000004,43.92922740123936,2.6266578011064574,22.0,1034.0403
2020-03-10 13:00:00,8.985680000000002,50.30678128970254,2.1614237956499185,39.0,168.6764
2020-03-10 14:00:00,7.443870000000004,54.378376840402225,1.9843388069503556,47.0,78.4845
2020-03-10 15:00:00,5.708370000000002,61.71417311861668,1.9676814838805847,49.0,53.135513
2020-03-10 16:00:00,4.089260000000024,68.38232803315408,2.088138987910748,49.0,51.004837
2020-03-10 17:00:00,2.7064000000000306,75.0999001500047,1.9450893935060287,64.0,47.911163
2020-03-10 18:00:00,1.8179600000000278,77.79300852616,1.7711720724275917,99.0,41.68582
2020-03-10 19:00:00,1.3564700000000016,78.86957816824707,1.708365675699117,81.0,27.083744
2020-03-10 20:00:00,0.655050000000017,80.99692213163397,1.6509111793224311,94.0,17.108965
2020-03-10 21:00:00,-0.07946999999995796,83.59192641905322,1.6376246139236996,94.0,14.276142
2020-03-10 22:00:00,-0.6949799999999868,86.63707947401902,1.6531762683411864,97.0,15.775557
2020-03-10 23:00:00,-1.404579999999953,88.6770197315523,1.6948039299029822,97.0,15.810645
2020-03-11 00:00:00,-1.7910499999999843,89.11469690819746,1.6738964567230203,108.0,11.664514
2020-03-11 01:00:00,-1.813099999999963,88.09417775871447,1.6466844703927443,120.0,11.872156
2020-03-11 02:00:00,-1.286299999999983,85.33649647860287,1.5501925998600465,135.0,12.12784
2020-03-11 03:00:00,1.5227300000000241,82.04286442954148,0.8860131980314585,146.0,12.871401
2020-03-11 04:00:00,5.82806000000005,65.7269718488217,0.4337560289495519,27.0,126.14255
2020-03-11 05:00:00,7.898400000000038,56.11243961922867,0.9210331447169429,27.0,441.9746
2020-03-11 06:00:00,9.193540000000041,50.93327118989285,1.2225798577687512,30.0,706.2407
2020-03-11 07:00:00,10.526200000000017,46.19347099125314,1.6858855876230552,23.0,859.261
2020-03-11 08:00:00,11.306050000000027,44.540416809024435,2.0644406932805786,23.0,962.4514
2020-03-11 09:00:00,11.721900000000005,43.57845189997527,2.2136814594112972,25.0,1065.0347
2020-03-11 10:00:00,11.957539999999995,42.77242023173046,2.2025314487738896,25.0,1056.7766
2020-03-11 11:00:00,11.870140000000049,42.28685288656372,2.238195585374634,22.0,974.53906
2020-03-11 12:00:00,11.317350000000033,43.1696599829919,2.197697975085612,24.0,827.1963
2020-03-11 13:00:00,10.046040000000005,50.19909518119833,1.8276505702030494,41.0,162.99841
2020-03-11 14:00:00,8.241270000000043,58.31277280073391,1.656076099510273,61.0,55.55606
2020-03-11 15:00:00,6.736019999999996,65.79137619841978,1.3054489677289696,49.0,20.489819
2020-03-11 16:00:00,6.980600000000038,59.61718318173103,1.0817902426020511,58.0,13.916058
2020-03-11 17:00:00,5.302900000000022,66.98594782016757,1.3264480578858713,97.0,14.408911
2020-03-11 18:00:00,3.4482700000000364,75.24796942677806,1.7346135080516052,95.0,17.181404
2020-03-11 19:00:00,1.9615699999999947,79.65140647311733,2.111746398161312,73.0,16.358116
2020-03-11 20:00:00,0.8046000000000504,84.22652495306008,2.209584654954004,81.0,14.971218
2020-03-11 21:00:00,-0.07609999999999673,87.4899846137575,2.204856953281021,81.0,13.754949
2020-03-11 22:00:00,-0.7187999999999874,89.50940893913615,2.110184150203735,151.0,12.918817
2020-03-11 23:00:00,-1.1899199999999723,90.33149307103521,2.0914852569284346,119.0,13.145882
2020-03-12 00:00:00,-1.5049999999999955,90.69122474976852,2.050555114446051,98.0,12.237117
2020-03-12 01:00:00,-1.7093999999999596,90.58854644265037,2.0323217167530783,98.0,11.705941
2020-03-12 02:00:00,-1.7912699999999973,90.47538784566999,1.9832105871159815,59.0,11.615692
2020-03-12 03:00:00,1.3644700000000398,89.05119665588889,1.1872068346821878,59.0,13.303189
2020-03-12 04:00:00,7.5756000000000085,67.32272395923408,0.6142990847938005,71.0,90.05699
2020-03-12 05:00:00,9.684660000000008,53.969992304126684,0.4205972685247742,77.0,406.95166
2020-03-12 06:00:00,11.022760000000005,48.89428344380729,0.7467545258217853,77.0,745.3723
2020-03-12 07:00:00,12.199600000000032,46.81657167798007,1.5283101756180812,63.0,969.42554
2020-03-12 08:00:00,12.898130000000037,47.44819602504958,2.148131943878041,67.0,1113.175
2020-03-12 09:00:00,13.229430000000036,47.940451931329456,2.5914796999436573,62.0,1211.967
2020-03-12 10:00:00,13.34268000000003,48.79729778111475,2.677277563589502,62.0,1151.2397
2020-03-12 11:00:00,13.053250000000048,49.86126429156401,2.482469308327315,61.0,1091.8713
2020-03-12 12:00:00,12.475060000000042,52.604942062878784,1.9982551870173106,64.0,936.0481
2020-03-12 13:00:00,11.523300000000006,58.25039228217455,1.372400874031445,67.0,104.828
2020-03-12 14:00:00,10.601800000000026,59.95437262685584,0.2977388724106466,67.0,17.40599
2020-03-12 15:00:00,7.748620000000017,75.91433257055998,1.613550669350921,71.0,15.411091
2020-03-12 16:00:00,6.184660000000008,80.32841748732096,2.458981145701416,77.0,28.157791
2020-03-12 17:00:00,4.955960000000005,84.57269826082816,2.5362242460027784,84.0,32.035477
2020-03-12 18:00:00,4.252280000000042,85.48722703004275,2.6207659020516982,80.0,36.340652
2020-03-12 19:00:00,3.67428000000001,86.9572801365806,2.395799049478353,80.0,36.74759
2020-03-12 20:00:00,2.9010300000000484,87.95770252816389,2.472457091216341,69.0,35.59178
2020-03-12 21:00:00,2.217579999999998,88.49947177814245,2.5388792177557598,69.0,33.534958
2020-03-12 22:00:00,1.6395500000000425,88.32764797412437,2.5987404735342277,74.0,32.11911
2020-03-12 23:00:00,1.1032299999999964,87.8666373086488,2.610436604917031,74.0,31.634079
2020-03-13 00:00:00,0.526800000000037,87.38580906319972,2.6020448041123396,77.0,27.710835
2020-03-13 01:00:00,-0.045079999999984466,87.05243703351795,2.5860798825708637,71.0,22.622967
2020-03-13 02:00:00,-0.400669999999991,86.42277687615548,2.509658049166024,53.0,17.90574
2020-03-13 03:00:00,2.4034000000000333,85.35796299736589,1.6758562929036347,49.0,18.00768
2020-03-13 04:00:00,9.43383,69.55852168522674,0.9534547444038418,49.0,57.36212
2020-03-13 05:00:00,12.87673000000001,45.07037754384129,0.7912953738256846,50.0,262.83823
2020-03-13 06:00:00,14.27108000000004,39.1347348147,0.9678460777189041,38.0,604.81006
2020-03-13 07:00:00,15.16640000000001,35.715275282479205,1.1354267898760326,38.0,940.25903
2020-03-13 08:00:00,15.801540000000045,34.424143839921655,1.2403218501406803,27.0,1105.5334
2020-03-13 09:00:00,16.197400000000016,34.032194382536986,1.3566670800254017,29.0,1169.9685
2020-03-13 10:00:00,16.21627000000001,34.27102194369584,1.3606087214540101,32.0,1164.9587
2020-03-13 11:00:00,16.010770000000036,35.005196828458516,1.337937293753164,35.0,969.126
2020-03-13 12:00:00,15.320460000000026,41.98086110417584,1.3865326084580456,42.0,319.37744
2020-03-13 13:00:00,13.985680000000002,47.331060855323265,1.767516084989158,42.0,100.75743
2020-03-13 14:00:00,11.603420000000028,52.801223071828225,2.343181551610906,65.0,58.391617
2020-03-13 15:00:00,9.388120000000015,57.85269134529342,2.771129982352188,65.0,46.600616
2020-03-13 16:00:00,7.118430000000046,65.2661720986563,2.6880361615026573,83.0,34.430893
2020-03-13 17:00:00,5.118620000000021,73.36455046753221,2.5383973027969318,85.0,23.962906
2020-03-13 18:00:00,3.6517000000000053,79.08231347107143,2.533803765415895,85.0,19.442825
2020-03-13 19:00:00,4.057430000000011,75.4887196742468,2.3844698983753068,85.0,19.190777
2020-03-13 20:00:00,3.6380000000000337,76.0573028992084,2.479497499613068,54.0,19.90427
2020-03-13 21:00:00,3.249050000000011,76.02856423716975,2.4847999638671636,54.0,19.80669
2020-03-13 22:00:00,2.969570000000033,75.64860663712112,2.470069039775811,27.0,15.511528
2020-03-13 23:00:00,2.8945600000000127,74.93759663851758,2.425352722056173,31.0,15.162178
2020-03-14 00:00:00,2.8527500000000146,74.53448535800517,2.3957515867432524,31.0,16.00011
2020-03-14 01:00:00,2.4632799999999975,76.01065805106231,2.4533834791367854,34.0,15.885765
2020-03-14 02:00:00,2.1224600000000464,78.45158175046696,2.523091702971054,31.0,18.586731
2020-03-14 03:00:00,4.933800000000019,80.05397146413824,1.8171019703690654,37.0,28.718521
2020-03-14 04:00:00,11.191980000000001,65.15719278207507,1.2629831546753343,32.0,79.71271
2020-03-14 05:00:00,14.722560000000044,46.72670172875514,1.7177031034345516,32.0,389.6001
2020-03-14 06:00:00,16.21926000000002,44.59531023952836,2.7541935630863223,55.0,826.9946
2020-03-14 07:00:00,17.187460000000044,44.63292994807445,2.9523227601451523,52.0,1167.888
2020-03-14 08:00:00,17.7971,44.40765277572622,3.0357949086034464,49.0,1426.6602
2020-03-14 09:00:00,17.961940000000027,43.68954276786646,2.8018515968859536,38.0,1549.6316
2020-03-14 10:00:00,18.07086000000004,42.995403602810974,2.4513490431823963,38.0,1639.1931
2020-03-14 11:00:00,17.84158000000002,42.973866121838505,1.9177987553460476,41.0,1513.6445
2020-03-14 12:00:00,17.298360000000002,47.48644039970936,1.1624109021658875,57.0,504.73877
2020-03-14 13:00:00,15.949370000000044,69.93132605274909,0.5647061326105552,57.0,34.83235
2020-03-14 14:00:00,15.21517,52.86109934488471,0.811843947446982,74.0,18.1306
2020-03-14 15:00:00,10.229820000000018,73.47854630371606,2.2550948129930197,107.0,22.743713
2020-03-14 16:00:00,8.58743000000004,76.36795511933228,2.8526717126176293,79.0,25.730484
2020-03-14 17:00:00,6.765129999999999,81.6613695027124,2.778877846630001,79.0,27.369204
2020-03-14 18:00:00,5.518760000000043,83.23489672675714,2.792574363231918,53.0,28.60812
2020-03-14 19:00:00,5.4191000000000145,77.57739852311245,2.680842454331073,37.0,27.38662
2020-03-14 20:00:00,4.68240000000003,76.93145176571507,2.7983905204039146,26.0,27.199488
2020-03-14 21:00:00,3.9122600000000034,76.275415743244,2.84326263488938,26.0,27.431183
2020-03-14 22:00:00,3.16366000000005,76.06799565779343,2.8762145953141256,26.0,26.13602
2020-03-14 23:00:00,2.581260000000043,75.45490816122512,2.9483549494351946,25.0,25.211454
2020-03-15 00:00:00,2.297270000000026,73.3748690483017,3.046309760992766,25.0,26.64356
2020-03-15 01:00:00,2.096580000000017,71.42195384376107,3.0574912277289905,23.0,27.784676
2020-03-15 02:00:00,2.0359000000000265,71.55800803257827,2.9185747148827508,20.0,26.18253
2020-03-15 03:00:00,5.171260000000018,73.57481495000235,2.153819653715896,22.0,33.02742
2020-03-15 04:00:00,11.152919999999995,63.72445611469365,1.766429283427562,22.0,54.915924
2020-03-15 05:00:00,15.94912000000005,50.216807670424046,1.3920222928417647,18.0,123.65048
2020-03-15 06:00:00,18.723780000000033,32.068995358603196,1.243681288759443,13.0,381.64697
2020-03-15 07:00:00,19.991970000000038,27.771068182535476,0.9894550523152318,11.0,605.76685
2020-03-15 08:00:00,20.790250000000015,27.05072254646733,0.6945087189031608,13.0,768.08594
2020-03-15 09:00:00,21.285500000000013,27.059084883633243,0.7400375277888538,13.0,848.6763
2020-03-15 10:00:00,21.491300000000024,27.861251522562213,1.37939860542272,30.0,703.69214
2020-03-15 11:00:00,21.10653000000002,30.65804472513602,2.501644869721626,30.0,613.563
2020-03-15 12:00:00,19.579600000000028,40.49588458233738,2.2564540636648753,27.0,302.62683
2020-03-15 13:00:00,17.723900000000015,42.565917272866,2.295779577840033,50.0,125.44968
2020-03-15 14:00:00,15.766170000000045,44.144164777660066,2.944300913551815,56.0,74.2814
2020-03-15 15:00:00,13.820150000000012,49.12977564478641,2.9117422382451648,46.0,49.754623
2020-03-15 16:00:00,11.727440000000001,57.557120247297135,2.742520538543239,46.0,29.283203
2020-03-15 17:00:00,10.002040000000022,65.76837816807435,2.590508411716244,56.0,22.426876
2020-03-15 18:00:00,8.62620000000004,71.99749628410133,2.480700414678605,25.0,21.140057
2020-03-15 19:00:00,8.37050000000005,72.62654005970367,2.352952839922225,25.0,19.287376
2020-03-15 20:00:00,7.471860000000049,75.39888870421132,2.4422405893707113,21.0,16.982857
2020-03-15 21:00:00,6.963459999999998,76.15813401219792,2.4325503802827995,21.0,15.459889
2020-03-15 22:00:00,6.571860000000015,76.23170863738669,2.509558588738612,19.0,20.723948
2020-03-15 23:00:00,6.481160000000045,74.56675354540363,2.6237353670435377,17.0,26.038914
2020-03-16 00:00:00,6.63882000000001,71.21947433204674,2.753692056521772,16.0,35.36647
2020-03-16 01:00:00,6.858640000000037,67.37430637592921,2.8756118759338776,18.0,44.091568
2020-03-16 02:00:00,7.148520000000019,65.5679352531013,2.9143753094823537,18.0,54.963768
2020-03-16 03:00:00,9.701999999999998,64.71798803410503,2.522657027138293,16.0,74.73253
2020-03-16 04:00:00,13.880820000000028,61.46242434578499,1.9967716829800954,16.0,111.114136
2020-03-16 05:00:00,17.948050000000023,52.862599692953175,1.4580066350634917,17.0,175.80891
2020-03-16 06:00:00,20.890900000000045,38.21264407049308,1.3590644355516663,29.0,302.3015
2020-03-16 07:00:00,23.049900000000036,36.311420409056595,2.3432584141961232,17.0,564.09106
2020-03-16 08:00:00,23.943700000000035,31.687154978595668,2.195396357816823,21.0,1113.5427
2020-03-16 09:00:00,24.28970000000004,30.01647361744493,1.9903252589649243,19.0,1274.3059
2020-03-16 10:00:00,24.33620000000002,30.012628411106665,1.8550892953103388,26.0,526.49
2020-03-16 11:00:00,23.957600000000014,34.85856789381038,1.3136047255106391,26.0,428.41895
2020-03-16 12:00:00,23.077170000000024,42.35340210438866,0.7835281960605783,24.0,40.526413
2020-03-16 13:00:00,21.887320000000045,46.632089695142874,0.8529988998529526,36.0,34.979614
2020-03-16 14:00:00,18.781900000000007,51.56295238880817,1.4439817336836536,31.0,30.025726
2020-03-16 15:00:00,15.932700000000011,57.385166230443616,1.9232261771400185,20.0,34.0867
2020-03-16 16:00:00,13.060400000000016,64.07989690071568,2.3521885431221112,20.0,40.571014
2020-03-16 17:00:00,10.744349999999997,68.25631070694038,2.4575419166744386,20.0,37.473946
2020-03-16 18:00:00,9.404750000000035,70.77343465229093,2.6402229733146436,20.0,25.335693
2020-03-16 19:00:00,9.198200000000043,79.72917941213211,2.241819319346831,21.0,16.939392
2020-03-16 20:00:00,8.522400000000005,80.44772984713684,2.314013750055919,20.0,14.2414875
2020-03-17 02:00:00,7.119650000000036,79.18398132279849,2.051523715815431,21.0,12.587481
2020-03-17 03:00:00,9.233180000000004,81.95494699047894,1.5334895481721451,38.0,15.827035
2020-03-17 04:00:00,14.69747000000001,71.80199913648809,0.9710179056950234,36.0,73.55495
2020-03-17 05:00:00,17.99926000000005,46.97457148148254,1.216608485937221,48.0,228.64745
2020-03-17 06:00:00,18.865319999999997,47.054451723087276,1.9056865875260838,49.0,407.77222
2020-03-17 07:00:00,20.48490000000004,42.719754772629486,1.4099926939840823,51.0,534.2925
2020-03-17 08:00:00,21.23947000000004,42.74210201999217,1.4014434255186936,37.0,688.5735
2020-03-17 09:00:00,21.79794000000004,42.84061772651437,1.96676363170967,37.0,783.3999
2020-03-17 10:00:00,21.627700000000004,43.6513385311211,2.517113128438873,39.0,525.5122
2020-03-17 11:00:00,21.18440000000004,44.08699836461447,2.0615757731296056,43.0,426.27197
2020-03-17 12:00:00,20.858000000000004,46.93960238254318,1.2899822866141661,43.0,278.9508
2020-03-17 13:00:00,19.526940000000025,54.82582344737585,1.4387053698376224,56.0,84.09407
2020-03-17 14:00:00,16.686120000000017,66.86458595058224,1.826370702817856,32.0,45.750984
2020-03-17 15:00:00,14.310270000000003,73.79718196728797,2.1510790397592414,32.0,38.98134
2020-03-17 16:00:00,12.322440000000029,81.01664131279114,2.1014363632127058,44.0,31.98982
2020-03-17 17:00:00,10.909750000000031,85.80311416609479,1.970801092765261,44.0,26.303005
2020-03-17 18:00:00,9.978000000000009,87.87999936040822,2.027638776559524,59.0,18.831179
2020-03-17 19:00:00,9.58856000000003,88.14269353676984,2.2095742910204965,63.0,19.655878
2020-03-17 20:00:00,8.94300000000004,88.97308745537978,2.300013179895149,73.0,21.013638
2020-03-17 21:00:00,8.21884,89.1079503972927,2.3507754626095676,75.0,21.501207
2020-03-17 22:00:00,7.822960000000023,87.74854277109021,2.2857227590079425,75.0,17.03474
2020-03-17 23:00:00,7.540980000000047,86.37402300754677,2.186007250628727,61.0,14.704299
2020-03-18 00:00:00,7.459069999999997,84.86711476391301,1.9826160647581954,61.0,13.631097
2020-03-18 01:00:00,7.108420000000024,85.47260345293464,1.9376904766696175,54.0,12.871271
2020-03-18 02:00:00,7.0341999999999985,86.61910253151567,1.9466236879924506,47.0,13.332555
2020-03-18 03:00:00,10.037300000000016,84.41418841871258,1.2734580083034148,47.0,24.316874
2020-03-18 04:00:00,14.90963000000005,67.6475779281858,0.8664567454697164,55.0,128.43341
2020-03-18 05:00:00,17.077020000000005,57.55914746535385,1.0201770450984173,55.0,295.5023
2020-03-18 06:00:00,18.549980000000005,55.44558229977999,1.2311624667800845,78.0,462.4187
2020-03-18 07:00:00,19.79006000000004,53.616135925107066,1.6718141983479848,45.0,683.0249
2020-03-18 08:00:00,20.596220000000017,50.48390169750251,2.0869082222940256,33.0,925.25684
2020-03-18 09:00:00,20.93282000000005,47.15898352006787,2.309730050274802,33.0,1117.2952
2020-03-18 10:00:00,21.126000000000033,44.957220982714595,2.3268296068297225,30.0,1211.1067
2020-03-18 11:00:00,20.6875,44.5688055517788,1.9446066220285532,29.0,989.26587
2020-03-18 12:00:00,20.162230000000022,48.08057202719164,1.082084828028478,29.0,484.21338
2020-03-18 13:00:00,18.82125000000002,69.17929288170139,0.8854563353587485,36.0,61.92891
2020-03-18 14:00:00,17.025500000000022,61.9172159162844,1.080391720041083,36.0,23.41127
2020-03-18 15:00:00,14.927030000000002,68.48815575377698,1.428805054796759,39.0,20.516525
2020-03-18 16:00:00,12.582300000000032,76.78244521699153,1.841970662816269,42.0,19.719452
2020-03-18 17:00:00,10.662230000000022,84.31429467296002,2.240466137848672,42.0,22.231827
2020-03-18 18:00:00,9.262170000000026,88.88320326456021,2.3505714081157563,43.0,22.687115
2020-03-18 19:00:00,8.412560000000042,89.1590278241422,2.1149460448693165,44.0,21.462215
2020-03-18 20:00:00,7.8270500000000425,89.90510833032451,2.231705063401698,40.0,22.103811
2020-03-18 21:00:00,7.300560000000019,90.41204273908797,2.3174785668671913,40.0,22.073753
2020-03-18 22:00:00,6.815480000000036,90.6857105232497,2.2705789351319803,35.0,20.118334
2020-03-18 23:00:00,6.466880000000003,90.3271074990177,2.115373889966795,37.0,19.130035
2020-03-19 00:00:00,6.1019000000000005,90.3966128538326,1.9756244844976782,37.0,21.279465
2020-03-19 01:00:00,5.905850000000044,90.01989659764361,1.9911917125614118,41.0,16.697662
2020-03-19 02:00:00,5.850500000000011,89.78205389319635,2.072206021671624,51.0,12.470856
2020-03-19 03:00:00,9.059079999999994,87.01642198967252,1.305640903854827,28.0,32.7712
2020-03-19 04:00:00,14.456800000000044,67.25104665848656,0.8653798820742458,28.0,122.87523
2020-03-19 05:00:00,16.402430000000038,60.69168593923688,1.0431850795736368,25.0,289.40967
2020-03-19 06:00:00,17.760370000000023,57.726431066779426,1.3149353527666832,30.0,507.30518
2020-03-19 07:00:00,19.56698,52.357425142693465,1.652765107576488,36.0,842.21265
2020-03-19 08:00:00,20.305570000000046,47.4610111004783,1.8105148461083662,36.0,1169.4893
2020-03-19 09:00:00,20.765160000000037,43.58279991323628,2.0096195208685748,28.0,1359.7546
2020-03-19 10:00:00,20.894040000000018,41.67827816166413,2.0888957830443267,28.0,1443.4048
2020-03-19 11:00:00,20.778830000000028,40.78420054235534,2.1248401649426834,24.0,1470.7375
2020-03-19 12:00:00,20.173900000000003,44.8472861640579,1.9152681814213697,28.0,1114.2805
2020-03-19 13:00:00,18.665670000000034,51.25518825382264,2.151134701703064,30.0,150.27219
2020-03-19 14:00:00,16.46950000000004,55.516629494754184,2.55725874631099,22.0,98.580185
2020-03-19 15:00:00,14.651400000000024,60.435486631572694,2.772288110737428,34.0,98.91994
2020-03-19 16:00:00,12.97714000000002,66.48229672515632,2.5536847418149407,38.0,77.744934
2020-03-19 17:00:00,11.119600000000048,74.45496020096532,2.324365792536657,38.0,42.918793
2020-03-19 18:00:00,9.430630000000008,82.11129317984644,2.349421848127931,63.0,31.903553
2020-03-19 19:00:00,8.953100000000006,82.56469536724623,2.2285869200054393,66.0,26.817003
2020-03-19 20:00:00,8.193660000000023,84.90385731353642,2.294537089680568,69.0,22.240639
2020-03-19 21:00:00,7.4990999999999985,86.60087681644012,2.3437598689962353,52.0,19.270628
2020-03-19 22:00:00,6.873100000000022,87.63673555686775,2.363436839121995,34.0,16.516167
2020-03-19 23:00:00,6.342070000000035,88.09401977210376,2.3571410937863253,34.0,16.104515
2020-03-20 00:00:00,5.880760000000009,88.23479287097165,2.3577721244886964,26.0,15.225416
2020-03-20 01:00:00,5.559400000000039,87.82029325686563,2.4214110361479837,31.0,15.67031
2020-03-20 02:00:00,5.60677000000004,86.92732521889316,2.3295918941180416,23.0,17.66422
2020-03-20 03:00:00,9.14312000000001,84.09708437201441,1.4911748564051868,25.0,29.276993
2020-03-20 04:00:00,15.229820000000018,64.79356248655081,0.7876814167569934,26.0,89.57733
2020-03-20 05:00:00,18.001599999999996,51.93069377793897,0.5942582378851653,23.0,265.18878
2020-03-20 06:00:00,19.487240000000043,49.35963054017471,0.8240343418261159,23.0,483.24072
2020-03-20 07:00:00,21.310270000000003,43.2288327843985,0.7445638257148702,33.0,762.8701
2020-03-20 08:00:00,22.049980000000005,40.51222656575696,1.0628662461425848,29.0,1000.7971
2020-03-20 09:00:00,22.581080000000043,39.19243266453806,1.2709790416854876,35.0,1125.8315
2020-03-20 10:00:00,22.724050000000034,38.90243102636807,1.3327638703694589,36.0,1507.2935
2020-03-20 11:00:00,22.574850000000026,39.21605522538615,1.1698770933089533,31.0,1439.8269
2020-03-20 12:00:00,22.066670000000045,43.0234641030156,0.8386587275725642,31.0,210.2777
2020-03-20 13:00:00,20.391020000000026,67.82636387715822,0.7539306486122195,38.0,97.737045
2020-03-20 14:00:00,18.826900000000023,56.21035221104371,0.9912579459781595,63.0,39.777073
2020-03-20 15:00:00,17.150630000000035,59.53977177329916,1.2913315435355632,72.0,23.091415
2020-03-20 16:00:00,14.42837000000003,70.20369337402961,1.814266287348233,49.0,36.82875
2020-03-20 17:00:00,12.831080000000043,77.03086463705569,2.412334403638851,54.0,77.953384
2020-03-20 18:00:00,12.397000000000048,80.39868838262485,2.5679473677901177,58.0,127.30888
2020-03-20 19:00:00,12.736300000000028,71.69572660157935,2.441910599717892,58.0,131.99011
2020-03-20 20:00:00,12.420560000000023,82.36017635663647,2.5222980558530277,36.0,111.015366
2020-03-20 21:00:00,12.070340000000044,91.9653523432543,2.4303523845596793,34.0,111.11435
2020-03-20 22:00:00,12.159400000000005,93.07938205583541,2.2510858438931973,22.0,132.51216
2020-03-20 23:00:00,12.184230000000014,93.96350775614955,2.517789548738214,20.0,195.05074
2020-03-21 00:00:00,12.062520000000006,95.28940601865331,2.8319941665910915,20.0,254.73268
2020-03-21 01:00:00,11.99648000000002,96.21987647002086,3.094302661430278,26.0,436.3515
2020-03-21 02:00:00,11.816340000000025,94.6720959931292,3.5514642035911024,23.0,612.45355
2020-03-21 03:00:00,11.458500000000015,92.88583676475186,3.5596919839138117,23.0,700.9209
2020-03-21 04:00:00,11.252160000000003,90.31254885463193,2.5413792578667973,25.0,765.32983
2020-03-21 05:00:00,11.452780000000018,86.29993133108658,1.3250079392314182,21.0,813.0488
2020-03-21 06:00:00,12.084500000000048,76.28137878261488,1.041568427734768,21.0,857.2451
2020-03-21 07:00:00,12.763500000000022,72.05351350885314,1.412959363967149,29.0,1109.4285
2020-03-21 08:00:00,13.312600000000032,67.21154311189515,1.374717912948591,27.0,1047.9441
2020-03-21 09:00:00,14.307000000000016,60.76762085291752,1.8326268764876827,27.0,1212.6123
2020-03-21 10:00:00,15.01162000000005,55.59757330319355,1.9976246312702193,21.0,1516.4983
2020-03-21 11:00:00,15.319800000000043,52.27355151127801,1.697893508029034,22.0,1477.2065
2020-03-21 12:00:00,15.105000000000018,51.43536999183468,0.8840550290247717,28.0,1335.2722
2020-03-21 13:00:00,14.551170000000013,57.98651114666992,0.5958754527301033,33.0,76.19617
2020-03-21 14:00:00,12.046600000000012,74.60655109079586,1.346151771285675,33.0,52.29448
2020-03-21 15:00:00,9.857500000000016,76.91217664294267,2.0915101778364122,40.0,56.010193
2020-03-21 16:00:00,8.595799999999997,79.8678661996839,2.323245017090027,34.0,44.78032
2020-03-21 17:00:00,7.3136800000000335,83.50962435691505,2.3299784467760234,34.0,32.58319
2020-03-21 18:00:00,6.4039600000000405,85.74466215345777,2.2310392671699457,42.0,25.48305
2020-03-21 19:00:00,5.747280000000046,90.02891755954508,2.1568401363392207,42.0,19.087082
2020-03-21 20:00:00,5.206350000000043,90.27807508379111,2.152843807174164,20.0,18.744963
2020-03-21 21:00:00,4.664540000000045,90.28184250226735,2.104639708970773,21.0,18.352287
2020-03-21 22:00:00,4.141300000000001,90.60112023139438,1.8639020128897692,21.0,13.849944
2020-03-21 23:00:00,3.7699200000000133,91.23448857975343,1.7975216560125582,17.0,40.254196
2020-03-22 00:00:00,3.649530000000027,90.35181503939957,2.1154568846994732,34.0,65.83755
2020-03-22 01:00:00,3.600430000000017,87.55252474945604,2.285740821023208,33.0,84.674515
2020-03-22 02:00:00,4.024000000000001,82.42107686618945,2.290677603174314,33.0,94.200134
2020-03-22 03:00:00,7.177729999999997,73.72699864945609,1.912175459036448,28.0,137.07928
2020-03-22 04:00:00,11.35880000000003,61.75076458484421,1.4980955208499758,29.0,188.5438
2020-03-22 05:00:00,14.167630000000031,50.28079165664337,1.3899220485812442,29.0,341.79932
2020-03-22 06:00:00,15.878600000000006,47.36594092209436,1.6033320907224171,32.0,617.5337
2020-03-22 07:00:00,16.54803000000004,52.326953825541985,1.1498178760959232,40.0,870.145
2020-03-22 08:00:00,17.477300000000014,50.3755956556373,1.6249583349538719,40.0,1029.9741
2020-03-22 09:00:00,18.145100000000014,49.19453348595129,2.437317838250178,40.0,1093.4187
2020-03-22 10:00:00,18.345270000000028,48.651795370000215,3.2361992526301466,30.0,908.542
2020-03-22 11:00:00,17.987099999999998,49.746589421063696,3.699072665717834,29.0,867.6467
2020-03-22 12:00:00,17.206350000000043,53.716428274492955,3.659624233590741,34.0,750.2417
2020-03-22 13:00:00,15.676300000000026,60.518118219118946,3.189341086897824,34.0,460.0847
2020-03-22 14:00:00,13.758399999999995,66.56871954840118,3.235626682419491,29.0,321.79492
2020-03-22 15:00:00,12.483940000000018,69.85245220241441,3.1762251979886265,29.0,249.37741
2020-03-22 16:00:00,11.558700000000044,70.78787258325401,2.8596393930703585,30.0,172.76888
2020-03-22 17:00:00,10.513059999999996,72.98434880905704,2.4061747468150374,33.0,101.21933
2020-03-22 18:00:00,9.462730000000022,76.39949824212063,2.029885528515798,46.0,64.504486
2020-03-22 19:00:00,9.33420000000001,77.6629126211555,1.883617783404717,52.0,56.756496
2020-03-22 20:00:00,8.994439999999997,78.07739161382592,1.8839418197256146,52.0,54.806442
2020-03-22 21:00:00,8.90798000000001,76.82317956868603,1.9489638809972365,53.0,49.342693
2020-03-22 22:00:00,8.739040000000045,75.50251546504201,1.9979587008557935,68.0,51.71879
2020-03-22 23:00:00,8.812520000000006,72.99734365950556,2.00177343342976,59.0,49.48045
2020-03-23 00:00:00,8.73090000000002,72.3120140706584,1.8556894723640376,59.0,34.714767
2020-03-23 01:00:00,8.329340000000002,77.38962231882552,1.5067003820039377,53.0,30.537674
2020-03-23 02:00:00,8.062900000000013,82.51401657638684,1.2208180769498056,49.0,28.369553
2020-03-23 03:00:00,10.28830000000005,78.85744300039234,0.8276918127823242,36.0,72.78694
2020-03-23 14:00:00,15.851980000000026,65.6980194235031,1.6705363302918343,94.0,82.72946
2020-03-23 15:00:00,14.106840000000034,74.00603710100435,1.3311358013508088,74.0,41.99822
2020-03-23 16:00:00,13.03958,76.66926964139776,1.2834446686476064,74.0,29.458725
2020-03-23 17:00:00,12.500699999999995,77.35082695385395,1.1390621352678914,75.0,25.868647
2020-03-23 18:00:00,11.715660000000014,80.27084214485593,1.1772279423229204,63.0,29.037045
2020-03-23 19:00:00,11.66980000000001,80.95969444545223,1.1895151398644281,58.0,29.534554
2020-03-23 20:00:00,11.4101,82.351117336613,1.387830532008913,44.0,28.254627
2020-03-23 21:00:00,11.265800000000013,83.26640384872958,1.574565450155493,44.0,42.092087
2020-03-23 22:00:00,11.15360000000004,84.32747926085622,1.6423036061870078,32.0,43.82529
2020-03-23 23:00:00,10.93240000000003,85.188911129473,1.582826465336469,32.0,44.721375
2020-03-24 00:00:00,10.747980000000041,85.702259106654,1.3102190928679407,32.0,46.973213
2020-03-24 01:00:00,10.66604000000001,84.9938357306507,1.064591992505791,32.0,54.02308
2020-03-24 02:00:00,10.517100000000028,87.21756601177954,0.9098646074943727,26.0,64.77946
2020-03-24 03:00:00,11.10310000000004,91.3185970269299,0.3744733503924809,38.0,98.83208
2020-03-24 04:00:00,13.003000000000043,79.94659638118019,0.5176965192620531,38.0,167.39
2020-03-24 05:00:00,14.491420000000005,73.95963312147175,1.4393681593313046,42.0,249.93306
2020-03-24 06:00:00,15.868800000000022,68.17231046718874,1.9531033638929636,51.0,308.69604
2020-03-24 07:00:00,16.724850000000004,62.904572087928095,1.599683983785721,51.0,394.7964
2020-03-24 08:00:00,17.50567000000001,57.88271070096524,2.2093400694743366,57.0,527.36426
2020-03-24 09:00:00,18.21786000000003,53.61024792777498,2.6872132272785874,57.0,709.1116
2020-03-24 10:00:00,18.720799999999997,50.74727032710345,2.890978585072959,56.0,899.0371
2020-03-24 11:00:00,18.733240000000023,48.90567911008021,2.885293470941214,50.0,999.3635
2020-03-24 12:00:00,18.205100000000016,50.65865152862399,2.4496074365156764,45.0,965.84155
2020-03-24 13:00:00,16.731100000000026,56.69782616828628,1.9861492509572156,45.0,409.4212
2020-03-24 14:00:00,14.868980000000022,64.94241304503024,1.4560200131333372,38.0,328.36368
2020-03-24 15:00:00,13.141020000000026,69.9331345376246,1.464972438751986,37.0,322.77075
2020-03-24 16:00:00,11.997950000000003,74.29937675933668,2.501366380077709,42.0,299.06683
2020-03-24 17:00:00,11.54928000000001,78.94446638820823,3.0941875534612846,42.0,256.08563
2020-03-24 18:00:00,11.204000000000008,83.24463049503709,3.15883974058304,33.0,226.06676
2020-03-24 19:00:00,10.778279999999995,88.00974902247742,2.5722329229096283,38.0,193.24704
2020-03-24 20:00:00,10.310570000000041,91.28436112924916,2.090504429485458,41.0,157.22318
2020-03-24 21:00:00,9.609280000000012,93.92328167210717,1.7135481579556031,42.0,123.45578
2020-03-24 22:00:00,8.853420000000028,95.37704784032424,1.6437696288358248,42.0,114.43083
2020-03-24 23:00:00,8.350549999999998,96.43679195927895,1.6795334967598903,49.0,141.76295
2020-03-25 00:00:00,7.6445000000000505,97.71376140898259,1.6928666541781263,45.0,135.32153
2020-03-25 01:00:00,7.132040000000018,98.35574241517782,1.6533200785934474,51.0,117.22844
2020-03-25 02:00:00,7.0756000000000085,98.40265574562306,1.585691615368625,42.0,146.76108
2020-03-25 03:00:00,9.405240000000049,92.20907824980107,1.7407309783103853,42.0,293.66504
2020-03-25 04:00:00,10.830070000000035,77.89260343412276,2.4599898532714723,38.0,412.43457
2020-03-25 05:00:00,12.04507000000001,67.99936902812148,2.9327914674233577,30.0,604.4595
2020-03-25 06:00:00,12.835300000000018,61.93227042600734,3.11944618474848,38.0,783.14795
2020-03-25 07:00:00,13.768700000000024,52.933478549054996,3.1577887748884104,39.0,880.7029
2020-03-25 08:00:00,14.26934,49.116334322505196,3.3180409793040955,39.0,999.17236
2020-03-25 09:00:00,14.17294000000004,47.25247727708586,3.2225258427930594,37.0,1077.9185
2020-03-25 10:00:00,14.387050000000045,46.08456817616784,3.0210913392611167,36.0,1090.0105
2020-03-25 11:00:00,14.250500000000045,45.798841079551394,2.7994397937759423,43.0,1148.9624
2020-03-25 12:00:00,13.69467000000003,47.138391876372964,2.6335515590893697,42.0,1102.0186
2020-03-25 13:00:00,12.687600000000032,52.78745678638913,2.2499217126221103,38.0,455.3587
2020-03-25 14:00:00,11.176350000000014,56.64179141881282,2.4316552148758674,34.0,241.2281
2020-03-25 15:00:00,10.161770000000047,59.09475214847827,2.5111960685341286,39.0,210.24411
2020-03-25 16:00:00,9.154930000000036,61.38307512229314,2.5084385500177127,38.0,175.66884
2020-03-25 17:00:00,8.433680000000038,62.71300611700459,2.345481135152643,33.0,132.7425
2020-03-25 18:00:00,7.658260000000041,65.37742075053922,2.1040618461785314,40.0,101.66705
2020-03-25 19:00:00,6.144740000000013,72.01743683106302,1.778011569085083,35.0,70.31966
2020-03-25 20:00:00,5.273680000000013,78.26709674406953,1.6627519087660072,34.0,51.495228
2020-03-25 21:00:00,4.51705000000004,82.06577040799903,1.713838659398909,36.0,42.36855
2020-03-25 22:00:00,4.046660000000031,84.67142933245132,1.7385307947350466,40.0,45.33498
2020-03-25 23:00:00,3.697900000000004,86.42154207922368,1.8423265907942001,40.0,40.518402
2020-03-26 00:00:00,3.3946200000000317,88.62327193802155,1.8498137304638702,46.0,29.62355
2020-03-26 01:00:00,3.003750000000025,90.38331084224535,1.8573661477567853,46.0,22.36554
2020-03-26 02:00:00,3.4197000000000344,91.56094590885844,1.444677392177719,54.0,18.761093
2020-03-26 03:00:00,7.556730000000016,79.01994688905103,0.6440978430288256,44.0,69.75375
2020-03-26 04:00:00,9.965020000000038,59.23319765874035,0.5326448396013893,43.0,318.25635
2020-03-26 05:00:00,11.58462000000003,54.24759293626201,1.0875400479724264,37.0,582.3574
2020-03-26 06:00:00,12.558620000000019,51.980147863297105,1.4848029279278268,37.0,764.7993
2020-03-26 07:00:00,14.042470000000037,49.37780441415262,1.8179608554157134,35.0,916.8242
2020-03-26 08:00:00,14.835170000000005,47.57511420350449,2.0520886775704668,33.0,1055.7251
2020-03-26 09:00:00,15.392539999999997,46.11773516393804,2.1603278242442756,35.0,1185.24
2020-03-26 10:00:00,15.54952000000003,45.49195752943277,2.2888155329018405,30.0,1208.3511
2020-03-26 11:00:00,15.417169999999999,45.424238867051095,2.3427428853351233,30.0,1151.052
2020-03-26 12:00:00,14.937200000000018,45.61979640300808,2.2792164886859454,34.0,925.5996
2020-03-26 13:00:00,13.846640000000036,51.728959747870505,1.75526940035036,46.0,260.36682
2020-03-26 14:00:00,12.314840000000004,56.285806168856226,1.6032304255461347,46.0,89.9005
2020-03-26 15:00:00,11.23538000000002,61.16441041514227,0.9008801743529339,52.0,42.533478
2020-03-26 16:00:00,11.366900000000044,53.789422215524155,0.21179826915263264,59.0,29.824484
2020-03-26 17:00:00,10.739280000000008,55.37870354560296,0.3619166070273216,59.0,26.63417
2020-03-26 18:00:00,10.316460000000006,56.358295565142285,0.865426725496166,63.0,21.485275
2020-03-26 19:00:00,8.07394000000005,69.30419654456088,1.6463682449292192,75.0,17.863129
2020-03-26 20:00:00,6.680750000000046,77.02202010919402,2.098415033988006,80.0,16.255672
2020-03-26 21:00:00,5.660730000000001,82.47611535126927,2.039542420853975,106.0,13.448575
2020-03-26 22:00:00,4.957700000000045,86.49213411274116,1.8490785133488652,106.0,13.188988
2020-03-26 23:00:00,4.485380000000021,88.48485645671026,1.8143650915827023,68.0,17.09692
2020-03-27 00:00:00,4.0499000000000365,89.95514806194863,1.8400076953993263,62.0,21.480404
2020-03-27 01:00:00,3.880200000000002,90.46814809673752,1.7413918490399094,62.0,17.901752
2020-03-27 02:00:00,4.38760000000002,90.96816963748745,1.3906790272137544,59.0,12.890987
2020-03-27 03:00:00,8.31286,84.93822589749294,0.6305042426662038,46.0,33.900543
2020-03-27 04:00:00,11.228420000000028,65.56369530046463,1.2510423367627532,29.0,131.40921
2020-03-27 05:00:00,11.867940000000033,62.10971573081741,2.200602248954304,32.0,365.2605
2020-03-27 06:00:00,12.046960000000013,62.85133440606498,2.4217825673117748,32.0,666.7263
2020-03-27 07:00:00,15.752530000000036,49.337148091928945,2.8619347808713687,26.0,995.87915
2020-03-27 08:00:00,16.099270000000047,48.515923647411405,3.159798432487308,26.0,1133.0061
2020-03-27 09:00:00,16.116570000000024,48.10237816250079,3.2334392403343255,30.0,1136.4106
2020-03-27 10:00:00,15.777800000000013,48.240401242650265,3.202358532051477,34.0,1225.8838
2020-03-27 11:00:00,15.316980000000001,49.39761366674739,3.051764217374927,34.0,1147.345
2020-03-27 12:00:00,14.28176000000002,56.462990006167175,2.3397968379157024,39.0,673.48145
2020-03-27 13:00:00,13.094899999999996,63.75460329011915,2.1583370310446095,32.0,260.21063
2020-03-27 14:00:00,11.982700000000023,71.32170411191619,2.0593851336216917,37.0,72.292786
2020-03-27 15:00:00,11.099480000000028,78.24005773096951,1.5041719225886714,44.0,54.365067
2020-03-27 16:00:00,9.997400000000027,86.96336303981187,0.8547036659464368,44.0,49.845276
2020-03-27 17:00:00,9.945100000000025,84.29071053766317,0.432442578691546,49.0,51.719116
2020-03-27 18:00:00,9.249540000000025,86.93711405703564,0.8584493245373045,48.0,47.51799
2020-03-27 19:00:00,8.14706000000001,88.21351389909796,1.3465890299290277,48.0,41.58876
2020-03-27 20:00:00,7.338530000000048,90.58773964064592,1.4830124214127036,45.0,36.432587
2020-03-27 21:00:00,6.62936000000002,92.08055184698955,1.5939083481658263,38.0,31.144913
2020-03-27 22:00:00,5.970000000000027,93.10480228340477,1.7018418652238017,32.0,24.234116
2020-03-27 23:00:00,5.482630000000029,93.60439683090627,1.8179448440184565,34.0,23.50737
2020-03-28 00:00:00,5.220060000000046,93.5707649386759,1.8706490809198422,43.0,23.232712
2020-03-28 01:00:00,5.007040000000018,93.84176954223744,1.8065944833348275,43.0,22.914932
2020-03-28 02:00:00,5.308440000000019,93.92760215906473,1.4748033596427994,34.0,23.976608
2020-03-28 03:00:00,8.514859999999999,84.18412574142683,1.0086170411181699,27.0,56.527405
2020-03-28 04:00:00,11.292900000000031,73.23859411134183,0.3219550767773796,27.0,232.0596
2020-03-28 05:00:00,12.773830000000032,71.59863600013323,0.9505702441112982,30.0,562.2766
2020-03-28 06:00:00,13.712730000000022,67.09377554459479,1.7215812643808042,32.0,958.5034
2020-03-28 07:00:00,14.9144,59.042319293257435,2.330853051549175,28.0,1044.1545
2020-03-28 08:00:00,15.509730000000047,57.00002971368846,2.3290831141956065,23.0,1171.1699
2020-03-28 09:00:00,15.802400000000034,53.995855039174415,2.1290744782641235,23.0,1256.2698
2020-03-28 10:00:00,16.11288000000002,50.52506486823622,2.0188009372930087,29.0,1511.8623
2020-03-28 11:00:00,16.283560000000023,46.67040895258119,1.8921578952700249,25.0,1435.4243
2020-03-28 12:00:00,16.025779999999997,44.962805541540796,1.5431088538076798,27.0,1453.5325
2020-03-28 13:00:00,15.35677000000004,50.4416305137876,0.983323889848002,36.0,76.445435
2020-03-28 14:00:00,13.37124,65.22288238217087,1.092547359531842,36.0,26.722488
2020-03-28 15:00:00,11.053860000000043,69.4384471535393,1.5930699195009592,38.0,20.54065
2020-03-28 16:00:00,8.89160000000004,76.55152195409828,1.8682059478511999,39.0,18.940414
2020-03-28 17:00:00,7.0647200000000225,84.01188519316771,2.0012908065833432,39.0,19.294693
2020-03-28 18:00:00,5.912260000000003,87.79554791158756,2.1486568383236655,51.0,21.028946
2020-03-28 19:00:00,5.110500000000002,90.60359414344924,2.1262510698417367,35.0,19.717392
2020-03-28 20:00:00,4.502830000000017,91.63759202217095,2.2245639271420834,44.0,18.717335
2020-03-28 21:00:00,4.014670000000024,92.49638653051399,2.270119094462073,44.0,18.883953
2020-03-28 22:00:00,3.6036000000000286,92.67653866494582,2.3371150063090766,39.0,15.922291
2020-03-28 23:00:00,3.2959200000000237,92.67887824243692,2.375410576838897,39.0,18.677677
2020-03-29 00:00:00,3.028380000000027,92.50129233837501,2.4208011532476434,35.0,21.898575
2020-03-29 01:00:00,3.032070000000033,91.20496467676863,2.487153552711067,46.0,26.057528
2020-03-29 02:00:00,4.146200000000022,86.33845944443155,2.3795643484816345,33.0,33.45885
2020-03-29 03:00:00,7.802450000000022,78.56412827862765,1.8164582629000285,29.0,53.575897
2020-03-29 04:00:00,12.471670000000017,62.84505807295229,1.2393581520682762,20.0,166.50763
2020-03-29 05:00:00,14.795920000000024,47.155601804615095,0.6944725812989525,24.0,655.0637
2020-03-29 06:00:00,16.111350000000016,38.85490033747481,0.3980111834733597,24.0,1142.26
2020-03-29 07:00:00,17.278099999999995,36.340178306869845,0.6843457874196281,20.0,1284.3469
2020-03-29 08:00:00,17.948200000000043,35.70356595891485,1.2789528528500298,23.0,1379.5918
2020-03-29 09:00:00,18.39413000000002,35.3737925966459,1.7418430567389303,23.0,1428.585
2020-03-29 10:00:00,18.52117000000004,34.84703505461277,1.9369662172582567,23.0,1286.9529
2020-03-29 11:00:00,18.42240000000004,34.156704189812814,1.8385127442672378,22.0,1121.0156
2020-03-29 12:00:00,18.00448,35.41244943377644,1.5094043241320556,24.0,779.24146
2020-03-29 13:00:00,16.822720000000004,43.934352200093414,1.2324944795254582,24.0,155.36694
2020-03-29 14:00:00,14.60363000000001,55.85048902914033,1.1883096812592084,39.0,58.59082
2020-03-29 15:00:00,14.48720000000003,43.94602217683896,0.9784074898064605,46.0,31.25624
2020-03-29 16:00:00,10.78000000000003,58.915537458373464,1.9282051480857463,60.0,22.377243
2020-03-29 17:00:00,8.6952,65.63857032106442,2.783219214956567,60.0,20.82394
2020-03-29 18:00:00,6.961800000000039,74.35177095355643,2.5982715857762693,80.0,19.335453
2020-03-29 19:00:00,6.1240999999999985,80.8464271648618,2.436283174334608,63.0,17.010164
2020-03-29 20:00:00,5.587800000000016,82.15214878001059,2.4522279975483197,63.0,15.563392
2020-03-29 21:00:00,4.942350000000033,83.38425444793143,2.507265534679343,29.0,16.179974
2020-03-29 22:00:00,4.45980000000003,83.12534290098915,2.58821104120667,13.0,16.47846
2020-03-29 23:00:00,4.164100000000019,81.16630069478093,2.60905044556668,19.0,18.707867
2020-03-30 00:00:00,3.880640000000028,80.10507049971831,2.545488997007728,18.0,19.051895
2020-03-30 01:00:00,3.5646600000000035,80.76338361833953,2.4717490926399996,19.0,17.547808
2020-03-30 02:00:00,4.210050000000024,82.20139321584071,2.0975787549558085,19.0,16.479416
2020-03-30 03:00:00,8.985500000000002,79.44885749061577,1.2941212605298276,14.0,33.97168
2020-03-30 04:00:00,14.828360000000032,59.041428411303585,0.6827551115398598,11.0,84.693634
2020-03-30 05:00:00,17.61170000000004,42.72258761826434,0.20260691059178762,18.0,305.9287
2020-03-30 06:00:00,19.194119999999998,36.88758868563521,0.9454910476821515,18.0,713.07056
2020-03-30 07:00:00,21.17420000000004,34.588376818790564,1.327369027514927,17.0,1069.0942
2020-03-30 08:00:00,21.90990000000005,33.26747426211795,1.6463055229967658,15.0,1284.0999
2020-03-30 09:00:00,22.29480000000001,32.05361038924959,1.844041991185114,16.0,1358.5916
2020-03-30 10:00:00,22.208030000000008,31.712642043724138,1.8728901285203197,17.0,1172.1848
2020-03-30 11:00:00,21.683250000000044,36.17585710519421,1.5057796928872995,20.0,344.0232
2020-03-30 12:00:00,20.721400000000017,47.6445004163726,0.9088295226743338,29.0,244.42157
2020-03-30 13:00:00,19.392179999999996,58.22160524528112,0.7202856538656538,34.0,135.43103
2020-03-30 14:00:00,17.101830000000007,61.48058288023447,1.7042070627755832,34.0,76.59184
2020-03-30 15:00:00,15.58456000000001,56.95006401918978,2.6644073956582726,36.0,45.146515
2020-03-30 16:00:00,13.706260000000043,60.76697377979601,2.686172717296505,50.0,37.960358
2020-03-30 17:00:00,12.150540000000035,65.20736810938301,2.5962231212156555,45.0,38.358856
2020-03-30 18:00:00,11.159940000000006,66.90233779869752,2.7152704797278098,45.0,42.80716
2020-03-30 19:00:00,11.30215000000004,58.3293957411121,3.181553825964409,37.0,43.49106
2020-03-30 20:00:00,10.70010000000002,58.77479457539815,3.1638235714530385,34.0,43.589325
2020-03-30 21:00:00,9.930470000000014,60.77135613236172,3.066328015554247,34.0,39.015213
2020-03-30 22:00:00,9.386680000000013,62.55615797495331,2.9206462835999725,26.0,37.308167
2020-03-30 23:00:00,9.173240000000021,63.33298023878675,2.7992508610456572,31.0,38.15921
2020-03-31 00:00:00,9.179400000000044,63.13416388857072,2.6016741816439968,31.0,35.444534
2020-03-31 01:00:00,9.237330000000043,64.60626836054811,2.14995433099481,27.0,20.800156
2020-03-31 02:00:00,9.366330000000005,71.9331128431423,1.7620119986555738,34.0,38.41516
2020-03-31 03:00:00,11.46884,69.8251670863741,1.4693219430356168,38.0,88.79732
2020-03-31 04:00:00,13.898220000000038,64.09889212781552,1.5194262970633825,35.0,181.29378
2020-03-31 05:00:00,15.509060000000034,57.66568486155172,1.898133199422928,35.0,390.61945
2020-03-31 06:00:00,17.036699999999996,52.596625922502184,2.013683571278392,37.0,528.4475
2020-03-31 07:00:00,19.16097000000002,49.98718377719158,2.8384197778109495,35.0,816.01807
2020-03-31 08:00:00,19.464930000000038,47.98728512397497,2.666854073520981,35.0,1109.385
2020-03-31 09:00:00,19.64626000000004,46.11928102898886,2.0965902545609767,30.0,1207.1711
2020-03-31 10:00:00,19.50442000000004,47.50336827396832,2.0737242468116537,32.0,1515.7358
2020-03-31 11:00:00,19.30663000000004,47.600138839388656,2.3442117611338786,32.0,1571.198
2020-03-31 12:00:00,18.38223000000005,53.98060198890559,2.32226505598127,24.0,1021.542
2020-03-31 13:00:00,15.91360000000003,70.22519271684723,2.5648988050565813,24.0,817.2634
2020-03-31 14:00:00,14.27188000000001,81.59753527229394,1.5522038283692086,20.0,444.08032
2020-03-31 15:00:00,13.359900000000039,89.34049887557909,2.47623787520487,23.0,94.74086
2020-03-31 16:00:00,13.203550000000007,89.04575459096249,2.7828639801408404,23.0,134.1013
2020-03-31 17:00:00,13.021720000000016,87.96621956821458,2.778947889089286,13.0,157.64279
2020-03-31 18:00:00,12.842200000000048,85.80706395960878,2.5308446076839033,13.0,143.76936
2020-03-31 19:00:00,12.466700000000003,82.86775586057391,2.4752842344078974,15.0,103.04979
2020-03-31 20:00:00,11.89205000000004,83.73679813918999,2.413937137337267,16.0,71.52614
2020-03-31 21:00:00,11.46768000000003,84.3996172536381,2.4313386616697765,14.0,63.758255
2020-03-31 22:00:00,11.091270000000009,84.60081888105955,2.6957501201542735,20.0,74.51582
2020-04-01 00:00:00,11.022730000000024,82.49349252265124,2.452562837225175,26.0,65.90848
2020-04-01 01:00:00,10.567800000000034,84.17048172922021,2.2326455684631292,25.0,82.14722
2020-04-01 02:00:00,10.668300000000045,86.16850289688753,1.8428685744415416,25.0,87.493866
2020-04-01 03:00:00,12.138059999999996,84.39008263634123,1.9567741951323485,17.0,136.29301
2020-04-01 04:00:00,13.208370000000002,84.84186031935535,2.793589128432453,12.0,794.9675
2020-04-01 05:00:00,12.858360000000005,85.32576913550572,3.9675703981903396,19.0,843.21094
2020-04-01 06:00:00,13.054930000000013,86.80298348090673,3.6770916045650672,19.0,1133.0559
2020-04-01 07:00:00,14.270960000000002,75.44252831360704,3.118320924250892,13.0,846.89746
2020-04-01 08:00:00,14.613850000000014,78.44571382591772,3.4166008631864013,13.0,561.86475
2020-04-01 09:00:00,13.765920000000051,80.28999499996914,4.158091614379342,17.0,526.3169
2020-04-01 10:00:00,13.09680000000003,86.8746533391711,3.471104389141317,14.0,415.531
2020-04-01 11:00:00,12.755730000000028,88.56579713413507,3.101300109382962,16.0,443.75684
2020-04-01 12:00:00,12.387,88.47094536559771,3.1719557560967604,16.0,449.6206
2020-04-01 13:00:00,11.944600000000037,89.25323890918646,2.770312503358069,18.0,413.84763
2020-04-01 14:00:00,11.205700000000036,90.21672383969562,2.588226986192403,18.0,277.7833
2020-04-01 15:00:00,10.643950000000018,91.19288616546834,2.7038047354545056,18.0,213.71626
2020-04-01 16:00:00,10.363980000000026,91.18968395266273,2.698937873496115,15.0,229.19907
2020-04-01 17:00:00,10.031100000000038,93.70633674392715,2.586876209575953,11.0,220.69366
2020-04-01 18:00:00,9.910030000000006,92.47839603749188,2.359849654091652,11.0,187.58513
2020-04-01 19:00:00,9.563960000000009,91.66664232630072,2.1875622040886515,10.0,133.0794
2020-04-01 20:00:00,9.271330000000034,91.47533836686148,1.9281462672297063,15.0,99.685745
2020-04-01 21:00:00,9.350729999999999,92.14820259587108,1.5481873930900516,16.0,67.53383
2020-04-01 22:00:00,9.120720000000006,93.73604787482554,1.7520514050119107,16.0,84.273895
2020-04-01 23:00:00,8.840700000000027,93.23479000807559,2.0962965912832705,18.0,81.52927
2020-04-02 00:00:00,8.41366000000005,91.47804975859346,2.207180322424901,18.0,83.4948
2020-04-02 01:00:00,7.722300000000018,91.32953013288059,2.217805866735745,11.0,83.52641
2020-04-02 02:00:00,7.600549999999998,92.00407275860563,1.9778027399129596,11.0,77.31613
2020-04-02 03:00:00,10.607140000000015,85.55373551175026,1.5212485871434325,12.0,137.83961
2020-04-02 04:00:00,13.23380000000003,69.6033250611429,1.487710569102085,9.0,467.43726
2020-04-02 05:00:00,14.815400000000011,54.49297890406205,1.2193365238950042,14.0,1145.6895
2020-04-02 06:00:00,15.830300000000022,49.53398611261531,0.3891372772829199,15.0,1380.5078
2020-04-02 07:00:00,16.73535000000004,46.15949912094288,0.5961609087472971,15.0,1494.7673
2020-04-02 08:00:00,17.310080000000028,45.21585380317128,1.3616388609280252,15.0,1538.334
2020-04-02 09:00:00,17.723839999999996,44.86703099852407,1.7695109232282413,15.0,1585.1936
2020-04-02 10:00:00,17.865380000000016,44.510925414123065,1.9123951907483243,19.0,1521.2988
2020-04-02 11:00:00,17.70013,44.42451607999041,2.0082907043558533,15.0,1301.9897
2020-04-02 12:00:00,17.412800000000004,45.042173402155974,1.9709600604453847,17.0,931.9138
2020-04-02 13:00:00,16.42697000000004,52.97127157699171,1.5986130608037714,21.0,194.79083
2020-04-02 14:00:00,14.59017,59.08510246000218,1.8186908186773254,21.0,76.352356
2020-04-02 15:00:00,12.292320000000018,69.28071623764774,1.9520186578067997,29.0,52.10501
2020-04-02 16:00:00,10.69240000000002,71.26447910141647,2.4865213618255124,29.0,44.53656
2020-04-02 17:00:00,9.25356000000005,75.31920697582115,2.590505085689089,29.0,31.997238
2020-04-02 18:00:00,7.7246000000000095,81.15329649710996,2.5562215080104638,31.0,27.893272
2020-04-02 19:00:00,7.482200000000034,82.00474002493016,2.51682164273309,34.0,28.825693
2020-04-02 20:00:00,6.778220000000033,82.66259208704649,2.557853299334434,33.0,29.35392
2020-04-02 21:00:00,6.099940000000004,83.18571642600384,2.500184911696588,33.0,28.8475
2020-04-02 22:00:00,5.358969999999999,84.1343519788854,2.5582750892263815,38.0,21.035028
2020-04-02 23:00:00,4.868300000000033,83.7693472234117,2.5852589795606824,39.0,20.364307
2020-04-03 00:00:00,4.536069999999995,83.09225711793266,2.537726982448563,34.0,22.896454
2020-04-03 01:00:00,4.318230000000028,82.96821542545796,2.503357170446041,34.0,22.497324
2020-04-03 02:00:00,5.267480000000035,82.82303632389065,2.113414694354119,24.0,22.739471
2020-04-03 03:00:00,9.811460000000011,76.11352432231584,1.605347342427003,14.0,39.196976
2020-04-03 04:00:00,14.772360000000049,63.2218973630114,1.1033245073405114,12.0,96.09465
2020-04-03 05:00:00,17.737300000000005,48.94743215989087,0.6270240409615213,15.0,279.92017
2020-04-03 06:00:00,19.543600000000026,40.57472378413373,0.32858897892730016,15.0,606.02637
2020-04-03 07:00:00,21.173820000000035,35.39525258645962,0.8940243665806487,19.0,840.1416
2020-04-03 08:00:00,21.720420000000047,35.85300966835586,2.555571051101896,19.0,1071.5754
2020-04-03 09:00:00,21.224270000000047,39.42583828885109,3.195300988582329,13.0,1021.54663
2020-04-03 10:00:00,19.97415000000001,47.211456904124404,2.3753745163297553,17.0,913.6262
2020-04-03 11:00:00,18.848780000000033,53.487532294244666,1.5898170249612533,21.0,480.73877
2020-04-03 12:00:00,17.600600000000043,61.69081191747464,3.527787783794946,17.0,400.15918
2020-04-03 13:00:00,16.853229999999996,57.98940603569931,4.064992988250239,17.0,261.91455
2020-04-03 14:00:00,15.730220000000031,54.05846967111487,3.9523161739906745,17.0,146.72678
2020-04-03 15:00:00,14.720500000000015,52.13327120489944,3.775698392615812,19.0,103.93817
2020-04-03 16:00:00,13.78466000000003,52.62554916352883,3.565548609303029,18.0,88.433945
2020-04-03 17:00:00,12.728170000000034,55.40492647029798,3.491989419688651,14.0,65.12996
2020-04-03 18:00:00,11.684169999999995,59.627149862322995,3.3837509053048933,14.0,54.56781
2020-04-03 19:00:00,11.365499999999997,58.946995606275635,3.017891915827785,12.0,47.534393
2020-04-03 20:00:00,10.71523000000002,61.11607464686212,2.93959884118334,14.0,42.191467
2020-04-03 21:00:00,10.06826000000001,62.574728745794324,2.8858801245442702,14.0,37.21054
2020-04-03 22:00:00,9.492760000000033,63.49640710880344,2.8482124157154405,13.0,25.039291
2020-04-03 23:00:00,8.967370000000017,64.12166578519205,2.869560232410568,18.0,25.355759
2020-04-04 00:00:00,8.541960000000017,64.62797848173572,2.8256441139384947,22.0,22.87175
2020-04-04 01:00:00,8.150840000000017,67.22003132797755,2.611117279536195,25.0,21.978437
2020-04-04 02:00:00,8.517300000000034,73.89624594772704,2.091895185992924,26.0,30.720974
2020-04-04 03:00:00,12.307029999999997,70.41532975716886,1.37660345092058,26.0,58.66928
2020-04-04 04:00:00,16.691300000000012,59.90095849360295,0.7513545451333744,25.0,132.6226
2020-04-04 05:00:00,19.62948,46.78997613051237,0.7983713136456282,21.0,344.14185
2020-04-04 06:00:00,21.27072000000004,41.149471112876846,1.6922301311807912,21.0,560.2637
2020-04-04 07:00:00,22.62145000000004,39.307873335149864,1.8010946170542013,17.0,744.5935
2020-04-04 08:00:00,23.327170000000024,38.383315375489055,2.307743562716174,22.0,1079.3403
2020-04-04 09:00:00,23.64825000000002,37.529893727185076,2.7196394985667216,24.0,1205.1025
2020-04-04 10:00:00,23.619349999999997,37.25158841247996,3.0452353941428174,24.0,1626.5244
2020-04-04 11:00:00,23.220060000000046,38.55162189537428,3.1040036509744846,27.0,847.0664
2020-04-04 12:00:00,22.13516000000004,48.22862201486998,1.9329133457890164,27.0,419.56567
2020-04-04 13:00:00,20.73678000000001,53.28953900661543,2.11262774323909,23.0,138.8349
2020-04-04 14:00:00,18.835140000000024,56.016834750057576,2.2851297257725856,24.0,170.42223
2020-04-04 15:00:00,17.19747000000001,61.54165921833923,2.355993424790498,24.0,145.50813
2020-04-04 16:00:00,15.507900000000006,67.60353133087698,2.467482036762278,22.0,86.797806
2020-04-04 17:00:00,13.860500000000002,75.07142002044274,2.0870220945185274,21.0,63.14456
2020-04-04 18:00:00,12.178120000000035,83.29104355647048,1.7168923315998965,21.0,158.06935
2020-04-04 19:00:00,14.03152,64.20416014919982,3.6801336621721283,25.0,335.55664
2020-04-04 20:00:00,14.141020000000026,62.704433635964314,3.8521365056944283,24.0,373.8379
2020-04-04 21:00:00,13.847800000000007,64.3194477348795,3.0698943673564085,21.0,273.48657
2020-04-04 22:00:00,13.120600000000024,70.22635654610495,1.9381267651041196,22.0,132.62393
2020-04-04 23:00:00,13.38864000000001,67.6908790511375,0.3909041592874889,22.0,128.11348
2020-04-05 00:00:00,12.148520000000019,76.3488909044513,0.736400011532489,25.0,99.89473
2020-04-05 01:00:00,11.125879999999995,85.78980543660623,1.4426603941292975,23.0,117.77391
2020-04-05 02:00:00,11.361700000000042,87.72081763136568,1.5118694993005206,23.0,126.91768
2020-04-05 03:00:00,11.735740000000021,91.26896904641293,1.3035381296557342,26.0,123.27693
2020-04-05 04:00:00,12.103080000000034,91.33676207941474,0.7198576788263601,23.0,223.4476
2020-04-05 05:00:00,13.312340000000006,85.54226551346362,0.1341259815842652,32.0,447.72345
2020-04-05 06:00:00,14.23177000000004,83.09321303385494,0.49311514840255893,32.0,536.10913
2020-04-05 07:00:00,16.069420000000036,75.15754604661757,2.5749834828157923,21.0,588.37476
2020-04-05 08:00:00,17.04907000000003,70.08214900766737,2.805477927176159,19.0,728.8108
2020-04-05 09:00:00,17.63485000000003,64.92304749138519,2.836041013634049,20.0,954.2615
2020-04-05 10:00:00,17.75857000000002,63.883790258348455,2.7456672296016444,19.0,720.7793
2020-04-05 11:00:00,18.018400000000042,61.08507052671301,2.3945552411391575,19.0,745.16235
2020-04-05 12:00:00,17.796040000000005,60.59308788851762,1.9585108237941933,17.0,774.8528
2020-04-05 13:00:00,17.042020000000036,65.68254740116289,1.3285579411599218,20.0,241.92258
2020-04-05 14:00:00,15.69064000000003,77.3931328365119,1.0685454316115015,24.0,71.07593
2020-04-05 15:00:00,15.479640000000018,70.49471082812782,0.3776154084867989,24.0,45.552765
2020-04-05 16:00:00,14.707970000000046,73.46619108166975,0.7560579080032976,28.0,29.958923
2020-04-05 17:00:00,12.768820000000005,81.53212376148524,1.2094009182442598,28.0,21.524307
2020-04-05 18:00:00,11.174160000000029,87.39171183750679,1.6178255442661855,23.0,15.251168
2020-04-05 19:00:00,9.270100000000014,93.80242939349169,1.620549134993561,32.0,15.2422085
2020-04-05 20:00:00,8.51460000000003,95.6493064319459,1.6759003822180722,32.0,13.672887
2020-04-05 21:00:00,7.828820000000007,96.85979348024763,1.8712330038256861,27.0,13.8037195
2020-04-05 22:00:00,7.26320000000004,97.57639026190863,2.0071853264306645,44.0,15.321298
2020-04-05 23:00:00,6.750150000000019,97.72034151875972,2.011090556748642,44.0,15.216293
2020-04-06 00:00:00,6.480980000000045,96.64008908719245,1.957777737434832,31.0,26.735065
2020-04-06 01:00:00,6.091000000000008,96.29552777371917,2.0245162200998585,31.0,25.784384
2020-04-06 02:00:00,7.032680000000028,95.06967150175191,1.4692993516072652,31.0,26.043291
2020-04-06 03:00:00,11.793600000000026,85.9754013893623,0.7914441421419957,30.0,74.60361
2020-04-06 04:00:00,14.738060000000019,75.98434240092725,0.7289672816511495,28.0,224.63461
2020-04-06 05:00:00,16.43807000000004,70.47863551772406,0.8822672908818073,28.0,498.48267
2020-04-06 06:00:00,17.885520000000042,65.32247301231267,1.3988132228446488,33.0,743.1211
2020-04-06 07:00:00,19.01925,62.37524641094544,2.0491684787162456,27.0,979.6384
2020-04-06 08:00:00,19.70565000000005,59.03694914040103,1.8924453224006157,27.0,1171.3535
2020-04-06 09:00:00,20.121579999999994,55.953807489729215,1.5862646682887982,27.0,1214.0759
2020-04-06 10:00:00,20.33743000000004,54.279456734596145,1.3451486221638207,25.0,1204.0737
2020-04-06 11:00:00,20.455160000000035,52.88288861885524,0.9896756642673996,17.0,1162.2432
2020-04-06 12:00:00,20.10128000000003,53.28094245700433,0.4569202820362049,18.0,1138.1887
2020-04-06 13:00:00,19.541200000000003,57.393829587722486,0.7155498163427305,18.0,90.46658
2020-04-06 14:00:00,17.528250000000014,67.82305008676236,1.6068741480032054,29.0,31.128967
2020-04-06 15:00:00,15.236199999999997,77.07058694356114,1.8252271042957955,28.0,20.647095
2020-04-06 16:00:00,13.710170000000005,82.21013498382032,1.86962349414584,38.0,28.756577
2020-04-06 17:00:00,12.290549999999996,86.43881041191331,2.004032992627619,39.0,35.27301
2020-04-06 18:00:00,11.196200000000033,89.19136812078679,2.2091140523800057,39.0,37.30899
2020-04-06 19:00:00,10.925870000000032,90.33623109898319,2.126405828815288,36.0,35.433968
2020-04-06 20:00:00,10.185020000000009,92.10417369263689,2.0885090975903458,37.0,37.945354
2020-04-06 21:00:00,9.913350000000037,92.69375171656958,1.9496538191635997,39.0,41.060173
2020-04-06 22:00:00,9.51907,93.18954464868855,1.9732748765183148,43.0,44.060654
2020-04-06 23:00:00,9.429160000000024,93.01973036065664,2.1169739007951165,43.0,66.42844
2020-04-08 00:00:00,4.905300000000011,85.46684549989499,2.44589847071598,16.0,331.24677
2020-04-08 01:00:00,4.664450000000045,88.85082097175768,2.4159792413904637,15.0,305.02866
2020-04-08 02:00:00,4.3638500000000136,90.00978636812457,2.67601584598965,13.0,312.3523
2020-04-08 03:00:00,4.2485000000000355,91.50937710743253,2.8193482102105514,14.0,298.13983
2020-04-08 04:00:00,4.147550000000024,92.45136617143342,2.6633109994067796,13.0,287.99243
2020-04-08 05:00:00,4.172330000000045,92.59272158386362,2.6182416871842467,13.0,289.4912
2020-04-08 06:00:00,4.331200000000024,91.73685157056666,2.3663523829690307,12.0,381.72284
2020-04-08 07:00:00,4.606620000000021,90.49122110264248,1.7172933982311036,11.0,372.28528
2020-04-08 08:00:00,4.99210000000005,89.3425020046952,1.1092920593046982,11.0,373.41498
2020-04-08 09:00:00,5.624300000000005,88.50860819875201,1.738207822452839,54.0,442.10834
2020-04-08 10:00:00,5.513400000000047,89.7835657326417,2.778590191883103,8.0,431.9854
2020-04-08 11:00:00,5.098230000000001,90.74134006942984,3.5274068214427716,12.0,443.70233
2020-04-08 12:00:00,4.124570000000006,93.64278016605162,3.548555630163863,14.0,393.5132
2020-04-08 13:00:00,3.248860000000036,95.69937298426001,2.712847145858347,14.0,264.30676
2020-04-08 14:00:00,2.647550000000024,97.3001981179679,2.251151822548648,20.0,169.86877
2020-04-08 15:00:00,1.9826300000000288,99.43788116801252,2.0897079014871456,18.0,193.0577
2020-04-08 16:00:00,1.5741800000000126,99.48516739512083,1.8459687624719356,18.0,178.76828
2020-04-08 17:00:00,1.3667800000000057,99.47001982339303,1.371071258795867,18.0,125.41052
2020-04-08 18:00:00,1.246120000000019,99.48350125858556,1.5675412309779988,15.0,147.34998
2020-04-08 19:00:00,0.8126000000000317,99.50239245257823,2.04808472338407,18.0,201.82811
2020-04-08 20:00:00,0.6827600000000302,99.27744221620247,1.7665807743785686,14.0,208.29967
2020-04-08 21:00:00,0.5677699999999959,98.77385779681383,1.9656122548366703,14.0,181.38281
2020-04-08 22:00:00,0.4922700000000191,98.79260668770493,1.8960904268920566,12.0,251.29013
2020-04-08 23:00:00,0.490380000000016,98.18702611940708,2.1054751708739587,17.0,290.9583
2020-04-09 00:00:00,0.1964399999999955,97.91949741960768,2.181343229179051,14.0,246.11537
2020-04-09 01:00:00,0.11447000000003982,98.05138120787699,2.2070341100823705,14.0,238.61313
2020-04-09 02:00:00,0.1791600000000244,96.36434053106407,2.855250248615699,22.0,303.69855
2020-04-09 03:00:00,0.47775000000001455,92.9952872534627,2.5239816400272743,17.0,253.53906
2020-04-09 04:00:00,1.0325000000000273,87.21670349690007,1.5510103619814086,16.0,398.54956
2020-04-09 05:00:00,1.9250700000000052,78.27773337615741,0.8500259937103719,16.0,546.7815
2020-04-09 06:00:00,2.2246600000000285,76.46670935891464,1.2704073654909565,15.0,817.187
2020-04-09 07:00:00,2.82107000000002,67.49105674807214,1.6974963360867152,15.0,1165.7485
2020-04-09 08:00:00,3.331479999999999,63.886082944527246,1.8699241388781793,13.0,1427.5369
2020-04-09 09:00:00,3.382530000000031,64.83201862486496,1.795930777010291,13.0,1571.5657
2020-04-09 10:00:00,3.578200000000038,62.14023159826744,2.075661958917767,13.0,1435.8093
2020-04-09 11:00:00,6.246939999999995,45.926467597674076,2.260950376080254,13.0,1392.0933
2020-04-09 12:00:00,5.932340000000011,48.46531994664861,2.349289455461887,17.0,1250.3691
2020-04-09 13:00:00,4.99902000000003,52.523688418641434,2.2259574628800483,25.0,639.1648
2020-04-09 14:00:00,3.1299700000000144,57.18590438241387,2.6165856539602768,25.0,149.88481
2020-04-09 15:00:00,1.3224700000000098,61.820656699098414,2.7916574375374945,31.0,105.04396
2020-04-09 16:00:00,-0.20614999999997963,65.66272231207905,2.665512375965126,40.0,78.282
2020-04-09 17:00:00,-2.0481999999999516,69.0606374019052,2.4929701192255393,65.0,55.916412
2020-04-09 18:00:00,-3.740199999999959,71.51551527576467,2.4586041847417084,92.0,46.553368
2020-04-09 19:00:00,-3.707740000000001,73.29882392494588,2.4289413177133055,92.0,38.145912
2020-04-09 20:00:00,-4.851419999999962,74.06708526557408,2.4588390466342505,125.0,31.846481
2020-04-09 21:00:00,-5.843179999999961,75.8131967916493,2.401381209300347,155.0,30.06384
2020-04-09 22:00:00,-6.433259999999962,76.12629718455237,2.3975913573526246,156.0,29.064545
2020-04-09 23:00:00,-6.768839999999955,75.8045428599063,2.5248157159709104,156.0,31.58633
2020-04-10 00:00:00,-7.20089999999999,75.91259570349042,2.5449248743464317,174.0,25.386082
2020-04-10 01:00:00,-7.296599999999955,77.2673451524784,2.4264862096633215,175.0,13.671407
2020-04-10 02:00:00,-5.749499999999955,79.21653130289864,2.1618434008857834,62.0,13.408678
2020-04-10 03:00:00,-1.8727799999999775,73.80282140821437,1.7020673521861038,23.0,56.656063
2020-04-10 04:00:00,2.97616000000005,68.53959920747745,0.9212292686214248,18.0,94.27205
2020-04-10 05:00:00,6.921320000000037,53.91182721919327,0.5044567794772373,16.0,176.76654
2020-04-10 06:00:00,9.185820000000035,43.418723975494174,0.5257291770194799,16.0,294.38373
2020-04-10 07:00:00,12.336630000000014,39.221582005029596,1.2735614316956945,10.0,395.85394
2020-04-10 08:00:00,13.997280000000046,37.470873973238845,1.9087132403056044,10.0,472.63745
2020-04-10 09:00:00,15.009820000000047,36.31636618941764,2.230124430746125,10.0,529.47534
2020-04-10 10:00:00,15.699100000000044,36.05041435376957,2.399112848659337,14.0,669.29126
2020-04-10 11:00:00,15.965100000000007,36.74985134443504,2.4016980520789555,13.0,605.2263
2020-04-10 12:00:00,15.453700000000026,42.56914817326792,2.260535923942588,11.0,422.0395
2020-04-10 13:00:00,13.845060000000046,51.2701658792522,1.8972244316018625,11.0,168.71498
2020-04-10 14:00:00,11.405300000000011,66.16679045961814,1.3457749378277224,26.0,64.21216
2020-04-10 15:00:00,9.914150000000006,64.98751246068738,1.1734898167032044,26.0,56.57013
2020-04-10 16:00:00,10.35790000000003,58.462444920639875,0.9270591507963443,38.0,37.07497
2020-04-10 17:00:00,7.118130000000008,74.81863687274053,1.941363904466671,39.0,16.510925
2020-04-10 18:00:00,6.712120000000027,75.73751595091885,2.27996921567422,39.0,11.59291
2020-04-10 19:00:00,6.837800000000016,77.78528542407837,1.9723978096602766,43.0,13.663524
2020-04-10 20:00:00,7.017700000000048,75.75408817558099,2.0850681934290756,32.0,18.330357
2020-04-10 21:00:00,7.364220000000046,72.69009946259337,2.072805703729467,24.0,20.144543
2020-04-10 22:00:00,6.988300000000038,73.16311267772869,2.312617991381092,21.0,19.953423
2020-04-10 23:00:00,7.034660000000031,70.65707681886526,2.342820184952307,21.0,13.2778635
2020-04-11 00:00:00,6.87008000000003,72.63116532886603,1.6081433872897117,15.0,21.792435
2020-04-11 01:00:00,6.899130000000014,75.84891735089565,2.206639615958655,15.0,31.463547
2020-04-11 02:00:00,8.115800000000036,76.36513057244177,2.2515450587685804,9.0,47.866577
2020-04-11 03:00:00,9.987500000000011,71.91795511173466,2.023816759909278,11.0,69.47781
2020-04-11 04:00:00,12.782200000000046,71.37018464163891,1.5277031628653603,16.0,141.40796
2020-04-11 05:00:00,15.026880000000006,66.32601840210042,1.7982605741647606,13.0,172.88101
2020-04-11 06:00:00,16.54427000000004,60.98568310476841,2.003968290900176,14.0,210.76094
2020-04-11 07:00:00,19.462850000000003,57.28111658579483,1.5055808888320807,14.0,213.86324
2020-04-11 08:00:00,20.223100000000045,55.947183318630984,1.5609134380872374,15.0,235.05191
2020-04-11 09:00:00,19.81660000000005,61.21258690696421,2.049974692723701,19.0,433.82678
2020-04-11 10:00:00,17.873860000000036,68.29117645610616,3.050212662821424,18.0,444.86703
2020-04-11 11:00:00,15.897760000000005,83.39473957722726,2.4184471069947446,19.0,335.28638
2020-04-11 12:00:00,15.333280000000002,84.74662715455149,2.7059846633618103,18.0,353.02563
2020-04-11 13:00:00,14.908440000000041,84.78998934564679,2.994411713541438,18.0,229.02042
2020-04-11 14:00:00,14.10310000000004,84.1645608803492,3.2836510765052638,13.0,209.84431
2020-04-11 15:00:00,13.41640000000001,83.9203163138339,3.255019052932738,13.0,214.68341
2020-04-11 16:00:00,12.866970000000038,82.63160833588499,3.164122172652107,12.0,215.52809
2020-04-11 17:00:00,12.572170000000028,82.5255888401434,2.940134979585791,14.0,183.23264
2020-04-11 18:00:00,12.320760000000007,82.0539765791094,3.0544701835373176,13.0,161.23584
2020-04-11 19:00:00,13.422020000000032,75.12992691701176,3.6530851134332596,11.0,148.35042
2020-04-11 20:00:00,13.278680000000008,73.66338495920195,3.6481486166465107,14.0,123.87253
2020-04-11 21:00:00,13.30874,72.36114717218521,3.6367542790800975,14.0,122.92778
2020-04-11 22:00:00,13.061900000000037,71.9475876520532,3.586123707244985,13.0,130.83026
2020-04-11 23:00:00,12.991780000000006,71.6989521476203,3.0795481752980742,13.0,93.32216
2020-04-12 00:00:00,12.476280000000031,77.50890608125033,0.9288706954356758,15.0,62.207382
2020-04-12 01:00:00,11.897850000000005,80.63581494452959,0.6396899097717169,17.0,148.56334
2020-04-12 02:00:00,10.907500000000027,91.52450105286887,1.147943322166287,17.0,104.65918
2020-04-12 03:00:00,12.016660000000002,89.42491625555556,1.6846561974934124,17.0,88.63161
2020-04-12 04:00:00,13.276120000000049,89.00706860985392,1.4083584414098032,14.0,141.03232
2020-04-12 05:00:00,14.321439999999996,88.04994073019557,1.5248631545309905,14.0,187.49971
2020-04-12 06:00:00,15.564140000000009,86.3104625262105,2.3907597877424345,19.0,306.57007
2020-04-12 07:00:00,17.20780000000002,81.23106388234089,2.8350108682023936,19.0,508.82178
2020-04-12 08:00:00,18.027900000000045,78.26116682832348,2.554792251980464,16.0,378.77417
2020-04-12 09:00:00,18.071500000000015,81.31496871865393,1.944012364886111,11.0,224.38664
2020-04-12 10:00:00,18.75260000000003,77.03544260875061,1.3213495988519162,14.0,305.8977
2020-04-12 11:00:00,19.296170000000018,74.89882181696039,0.5306754315445238,15.0,186.23108
2020-04-12 12:00:00,18.017100000000028,81.4353932408398,1.26705514969225,15.0,240.68967
2020-04-12 13:00:00,16.736469999999997,88.35548237124787,1.35808469485739,11.0,85.81171
2020-04-12 14:00:00,15.689540000000022,90.5141728737889,2.0056318681036083,17.0,75.49419
2020-04-12 15:00:00,15.010100000000023,90.43620509895653,2.22559679011424,17.0,83.04372
2020-04-12 16:00:00,14.480520000000013,90.55055513457818,1.7799942644340543,14.0,64.841675
2020-04-12 17:00:00,13.84820000000002,91.97491526280068,0.9116223788366336,14.0,36.41832
2020-04-12 18:00:00,12.925870000000032,95.36054049487488,1.2486428912863918,14.0,39.14302
2020-04-12 19:00:00,12.805020000000013,96.2443164111895,1.356617814963533,12.0,66.824936
2020-04-12 20:00:00,13.017539999999997,94.05203847358975,1.7653297216929449,15.0,107.84287
2020-04-12 21:00:00,12.967550000000017,93.95836362724806,1.9190101779319912,17.0,138.91432
2020-04-12 22:00:00,12.917200000000037,93.01301145858947,1.941259554413804,15.0,118.31654
2020-04-12 23:00:00,12.825400000000002,92.6954474886575,1.8329856749910869,15.0,100.74588
2020-04-13 00:00:00,12.749230000000011,91.30761679421836,1.6606673215523,14.0,90.3896
2020-04-13 01:00:00,12.627470000000017,92.07688453158423,1.5976246871522815,14.0,65.020874
2020-04-13 02:00:00,12.612900000000025,92.46402486421499,1.4975017775695132,16.0,57.442657
2020-04-13 03:00:00,13.56695000000002,90.8396016102871,0.9145608645470199,17.0,100.0323
2020-04-13 04:00:00,14.496400000000051,86.51764035839174,0.21222853943551184,8.0,329.71417
2020-04-13 05:00:00,14.92837000000003,86.07879088234239,1.344624505625568,6.0,395.9165
2020-04-13 06:00:00,14.82140000000004,88.17734410536531,1.097653802528338,6.0,403.0464
2020-04-13 07:00:00,14.881200000000035,94.09943760849876,2.365089876402551,12.0,401.6272
2020-04-13 08:00:00,14.949550000000045,95.21796266614396,2.1248718991250013,12.0,552.26245
2020-04-13 09:00:00,15.615930000000048,96.05745203022798,1.9172830880192862,15.0,506.5205
2020-04-13 10:00:00,15.318930000000023,93.68531757446141,1.8882644705330898,15.0,319.93628
2020-04-13 11:00:00,14.72872000000001,93.25471811388162,1.4800915481248846,15.0,354.43634
2020-04-13 12:00:00,14.71087,91.65329306558745,1.2601879436280108,16.0,271.11096
2020-04-13 13:00:00,14.370140000000049,90.58856204457864,1.2679000387875785,12.0,164.39651
2020-04-13 14:00:00,13.366970000000038,93.57973553919469,1.4751816495795358,17.0,126.79202
2020-04-13 15:00:00,12.505100000000027,94.78993180139021,1.5334304385129647,10.0,53.674286
2020-04-13 16:00:00,11.658440000000041,95.73627935151468,1.4665026339029752,17.0,57.324097
2020-04-13 17:00:00,10.977930000000015,96.89342128237708,1.1036509240879426,15.0,37.178757
2020-04-13 18:00:00,10.607200000000034,97.40816472780786,0.9981555682061722,16.0,27.089005
2020-04-13 19:00:00,11.005359999999996,96.7352715909824,0.6933117413405675,16.0,19.572044
2020-04-13 20:00:00,10.207400000000007,98.3161474594021,1.355994408674549,17.0,21.810776
2020-04-13 21:00:00,10.1644,97.43641886562352,1.599978151346515,17.0,18.808334
2020-04-13 22:00:00,9.61184000000003,98.13309413274972,1.6430230152497147,16.0,24.259445
2020-04-13 23:00:00,8.66805000000005,98.7517450219176,1.692253124141433,18.0,14.556794
2020-04-14 00:00:00,8.111500000000035,98.84937462067634,1.5660854026654625,12.0,14.5213175
2020-04-14 01:00:00,7.783400000000029,99.2610791031242,1.4858056432101674,12.0,15.182566
2020-04-14 02:00:00,8.894620000000032,98.98749695442876,1.0161126225713133,22.0,31.972866
2020-04-14 03:00:00,11.579949999999997,95.07926217689824,0.6351911243777102,22.0,64.537094
2020-04-14 04:00:00,13.365560000000016,84.90968534144433,0.930946285713957,14.0,236.21954
2020-04-14 05:00:00,14.549950000000024,73.51962977042095,1.618043801202242,14.0,531.7698
2020-04-14 06:00:00,15.390039999999999,66.83043567513884,2.1882821510457604,12.0,694.89404
2020-04-14 07:00:00,15.906500000000051,69.5150847679345,2.2665060649208284,12.0,857.31323
2020-04-14 08:00:00,16.372460000000046,65.55906387363959,2.6334210089169354,15.0,983.47095
2020-04-14 09:00:00,16.768730000000005,62.057913005951114,2.884405780035682,11.0,1047.2808
2020-04-14 10:00:00,16.996550000000013,60.35250014901765,2.9273323387853725,13.0,996.32983
2020-04-14 11:00:00,16.361050000000034,64.07976592702906,3.5785675083236885,16.0,858.541
2020-04-14 12:00:00,15.06826000000001,71.02539805245347,4.116242010858284,13.0,756.3838
2020-04-14 13:00:00,13.989700000000028,74.66419913736924,4.054519594554373,13.0,698.3152
2020-04-14 14:00:00,13.067160000000001,76.68118478502242,3.4468764850820954,13.0,587.8741
2020-04-14 15:00:00,12.319119999999998,79.41784999960456,2.946119600193344,16.0,449.12933
2020-04-14 16:00:00,11.671960000000013,82.02772052675057,2.795915405900409,13.0,346.9719
2020-04-14 17:00:00,11.021450000000016,83.70601891013271,2.9338286662752004,13.0,300.12372
2020-04-14 18:00:00,10.501920000000041,83.18922769627017,3.229605457780331,17.0,333.61548
2020-04-14 19:00:00,9.963369999999998,90.5993176968038,3.2133110713707276,17.0,367.84662
2020-04-14 20:00:00,9.55600000000004,90.88618858883996,3.2617749154485356,17.0,362.01675
2020-04-14 21:00:00,9.230980000000045,89.65067582218512,3.1884894118932383,16.0,344.3744
2020-04-14 22:00:00,9.059000000000026,87.23705281884334,2.9715169109493424,13.0,296.1877
2020-04-14 23:00:00,8.779870000000017,85.45347616531838,2.7827798638512764,17.0,280.14102
2020-04-15 00:00:00,8.492270000000019,83.93891220023868,2.5771659830923865,17.0,260.24994
2020-04-15 01:00:00,8.258000000000038,83.29079111259958,2.2520306307507387,19.0,232.004
2020-04-15 02:00:00,8.432700000000011,82.94681051484548,1.6144922358032725,21.0,226.75627
2020-04-15 03:00:00,8.992700000000013,80.15522302436788,1.3884412242603033,22.0,267.83002
2020-04-15 04:00:00,9.904200000000003,76.53276562682758,1.3519646411198816,22.0,359.85938
2020-04-15 05:00:00,10.52720000000005,75.20952601852427,1.9425312783749666,20.0,487.29077
2020-04-15 06:00:00,10.96407000000005,74.06485376884312,2.375665811696401,20.0,640.02783
2020-04-15 07:00:00,12.80233000000004,69.87664187979844,2.872230293425799,17.0,705.126
2020-04-15 08:00:00,13.189360000000022,67.32120865863534,2.800339277870999,21.0,816.3408
2020-04-15 09:00:00,13.23275000000001,65.64795285207201,2.6468557676992224,21.0,1012.9072
2020-04-15 10:00:00,13.307200000000023,64.03915448728284,2.2928639632989243,20.0,1087.7615
2020-04-15 11:00:00,13.26696000000004,62.83223304193634,2.073806006226783,20.0,1068.2493
2020-04-15 12:00:00,12.581630000000018,67.85518902396387,1.8487609677018957,17.0,642.08765
2020-04-15 13:00:00,12.060500000000047,70.59189240197684,2.076465726270493,19.0,296.7251
2020-04-15 14:00:00,11.42724000000004,72.00070404507255,2.1334932938763975,21.0,184.67653
2020-04-15 15:00:00,10.922660000000008,72.95264479538469,2.1249861308408016,20.0,192.7655
2020-04-15 16:00:00,10.529080000000022,73.9568129923094,1.9745311923762086,20.0,217.78386
2020-04-15 17:00:00,9.757650000000012,77.28717526976345,1.8870257322756652,17.0,215.45229
2020-04-15 18:00:00,9.505580000000009,78.62911236302749,1.6095979835082743,17.0,167.63275
2020-04-15 19:00:00,8.933950000000038,82.94993272781836,1.59939563568237,17.0,107.1031
2020-04-15 20:00:00,8.495450000000005,86.6682781541953,1.290433439895433,17.0,62.015488
2020-04-15 21:00:00,7.824880000000007,92.13152553989998,0.8813643341741144,17.0,31.67926
2020-04-15 22:00:00,8.059349999999995,87.68348738567231,0.4124802515149169,16.0,24.418404
2020-04-15 23:00:00,7.591880000000003,89.19491062717526,0.5731526779714181,25.0,18.948692
2020-04-16 00:00:00,7.0513500000000136,90.68205862808757,0.8289820625999633,30.0,18.145935
2020-04-16 01:00:00,5.778700000000015,93.26029787078788,1.1414926593085588,22.0,21.27089
2020-04-16 02:00:00,7.054380000000037,92.23138196804938,0.7112417953822575,22.0,29.203125
2020-04-16 03:00:00,9.639920000000018,82.1607552614647,0.2661982396654922,27.0,140.62659
2020-04-16 04:00:00,11.36178000000001,71.7067105332337,0.49682976844637505,20.0,373.8694
2020-04-16 05:00:00,12.975900000000024,66.0000024288295,0.45530916244523495,20.0,599.2722
2020-04-16 06:00:00,14.363730000000032,59.857818215816124,0.8540364591267825,7.0,808.5508
2020-04-16 07:00:00,16.23797000000002,50.46672008745249,1.4393493929932624,9.0,952.6057
2020-04-16 08:00:00,16.948900000000037,46.55255770189462,1.7071740280740022,9.0,1082.2109
2020-04-16 09:00:00,17.48630000000003,43.293078244638906,1.7823115837018761,16.0,1162.7302
2020-04-16 10:00:00,17.704250000000002,41.532089000011005,1.883213453020098,9.0,1212.8982
2020-04-16 11:00:00,17.75887,40.69366643990997,2.053885435949747,14.0,1065.6589
2020-04-16 12:00:00,17.443930000000023,41.62799980971661,2.1081783791569912,14.0,901.478
2020-04-16 13:00:00,16.453100000000006,51.030870348698976,1.576843176059338,17.0,244.57892
2020-04-16 14:00:00,14.835800000000006,55.54023970065167,1.9027445999997212,17.0,92.014755
2020-04-16 15:00:00,12.260520000000042,71.33857014236689,1.606105083665746,22.0,54.321854
2020-04-16 16:00:00,11.982799999999997,64.89200636475242,1.185267431082066,22.0,45.440155
2020-04-16 17:00:00,10.068140000000028,72.96070024647629,1.5536694481202498,47.0,32.507187
2020-04-16 18:00:00,7.968350000000044,82.10058082854736,2.2502595772587712,47.0,21.08388
2020-04-16 19:00:00,6.400480000000016,89.42967800414465,2.126071677830879,43.0,17.945148
2020-04-16 20:00:00,5.875879999999995,90.48004884680118,2.2940251271360848,34.0,17.856379
2020-04-16 21:00:00,5.434100000000001,90.97068805761027,2.3594233593135736,34.0,17.684338
2020-04-16 22:00:00,5.029380000000003,90.90577166425858,2.419950551511451,40.0,18.66629
2020-04-16 23:00:00,4.651940000000025,90.27273688057396,2.4468728947076177,40.0,20.19156
2020-04-17 00:00:00,4.348960000000034,89.21872333680773,2.443332114688417,35.0,20.000162
2020-04-17 01:00:00,4.133140000000026,88.6202596485314,2.395750531702873,35.0,17.624613
2020-04-17 03:00:00,12.10793000000001,75.92105790881484,0.9105041544392485,11.0,47.913666
2020-04-17 04:00:00,15.720970000000023,58.50931981522307,0.13590193371302636,11.0,192.0546
2020-04-17 05:00:00,17.42144000000002,48.652447693440024,1.1150270086745984,11.0,504.34326
2020-04-17 06:00:00,18.486379999999997,46.22590202299987,1.7412325476938024,11.0,793.7688
2020-04-17 07:00:00,19.669759999999997,43.84170397265066,1.9287635307120465,16.0,1007.95996
2020-04-17 08:00:00,20.286339999999996,42.839398400872106,2.1861801485637042,16.0,1125.0977
2020-04-17 09:00:00,20.647640000000024,41.416674510866436,2.27614521187609,19.0,1240.0735
2020-04-17 10:00:00,20.668630000000007,40.50945633590701,2.4585098849441707,21.0,1516.2952
2020-04-17 11:00:00,20.54833000000002,40.57458979127199,2.5225334565933193,15.0,1150.7297
2020-04-17 12:00:00,20.10775000000001,44.49717348114418,2.3328619821337266,11.0,916.7727
2020-04-17 13:00:00,18.91744,54.30282340117936,2.019271211333993,11.0,257.37122
2020-04-17 14:00:00,17.08474000000001,58.18417364432294,2.2227473408987106,24.0,82.91057
2020-04-17 15:00:00,14.750940000000014,66.18486069157822,2.2210995954633033,28.0,54.189423
2020-04-17 16:00:00,12.556540000000041,73.37227203338999,2.2393246707299457,22.0,44.298737
2020-04-17 17:00:00,10.58474000000001,79.07977308034766,2.340661059348041,30.0,36.35251
2020-04-17 18:00:00,9.054160000000024,84.00667704127997,2.434979594990506,26.0,31.122208
2020-04-17 19:00:00,8.49194,81.77957533880168,2.3395136067145343,19.0,27.693935
2020-04-17 20:00:00,7.61694,83.85464531912683,2.3565265080326534,19.0,25.188961
2020-04-17 21:00:00,6.902060000000006,84.9959915253211,2.3286699489165374,21.0,21.628235
2020-04-17 22:00:00,6.201930000000004,85.59882042920844,2.377004221860056,21.0,17.86588
2020-04-17 23:00:00,5.65667000000002,85.33562853279122,2.360344076055364,23.0,19.934383
2020-04-18 00:00:00,5.218770000000006,84.58749104406901,2.3733762890497263,26.0,25.37732
2020-04-18 01:00:00,4.9464700000000335,84.30808364395148,2.4293145673810956,24.0,26.256393
2020-04-18 02:00:00,7.1870400000000245,84.50666555776654,1.8480055182464734,24.0,28.05885
2020-04-18 03:00:00,13.043240000000026,74.1633999987072,1.166017147310967,21.0,54.506058
2020-04-18 04:00:00,17.02170000000001,54.43968190977593,0.5785605451745613,15.0,145.69028
2020-04-18 05:00:00,18.91717,45.81543192705344,0.38702589302192447,13.0,416.13428
2020-04-18 06:00:00,20.12710000000004,42.15142171894263,1.241267051842914,17.0,849.676
2020-04-18 07:00:00,21.297140000000013,37.43531661210037,1.8869271834343926,17.0,1145.8181
2020-04-18 08:00:00,21.749540000000025,36.62195469905125,2.3140930788404734,11.0,1325.9099
2020-04-18 09:00:00,21.968500000000006,36.313487755130495,2.609600479725584,13.0,1458.6226
2020-04-18 10:00:00,22.00985000000003,36.201627705903896,2.6401222203698524,13.0,1601.9263
2020-04-18 11:00:00,21.84020000000004,36.78658822206338,2.697098450322409,12.0,1422.658
2020-04-18 12:00:00,21.291300000000035,42.423784387154306,2.4125540798037997,14.0,1041.3162
2020-04-18 13:00:00,20.022000000000048,51.24541630963893,2.1478957915626355,14.0,230.33539
2020-04-18 14:00:00,18.09146000000004,54.10505259126835,2.328573280152276,20.0,103.216385
2020-04-18 15:00:00,15.730600000000038,60.763049865080376,2.3706128097756873,23.0,74.65527
2020-04-18 16:00:00,13.617400000000032,67.69225670651163,2.38863763292791,17.0,61.52835
2020-04-18 17:00:00,11.642700000000048,74.98265034135218,2.341900720424066,25.0,43.762253
2020-04-18 18:00:00,9.96508,81.68212883551448,2.2669546851166875,26.0,32.169678
2020-04-18 19:00:00,9.22854000000001,83.07446729634819,2.1276539657810765,26.0,27.454361
2020-04-18 20:00:00,8.326530000000048,85.71128205928086,2.1148019795811264,22.0,23.527351
2020-04-18 21:00:00,7.581569999999999,87.2475503769567,2.1566941256243015,22.0,19.448502
2020-04-18 22:00:00,6.999140000000011,87.90391064430439,2.2629468377110347,30.0,16.920826
2020-04-18 23:00:00,6.516999999999996,88.11077456369321,2.3190651145395917,30.0,15.072518
2020-04-19 00:00:00,6.0959700000000225,87.98382356556831,2.3643527897332177,28.0,15.731891
2020-04-19 01:00:00,5.893640000000005,87.57621849420089,2.3616627585500543,23.0,15.673524
2020-04-19 02:00:00,8.220420000000047,87.33480632025763,1.681795409127876,12.0,17.26788
2020-04-19 03:00:00,14.204980000000035,74.48862081648618,1.1109582499205934,12.0,56.735733
2020-04-19 04:00:00,17.545600000000036,58.007063780928085,1.2074729664657715,20.0,187.6643
2020-04-19 05:00:00,19.099730000000022,54.20255321027121,1.2275185554208947,17.0,389.65747
2020-04-19 06:00:00,20.404440000000022,50.37301377750361,1.221492283758682,17.0,624.0725
2020-04-19 07:00:00,21.745400000000018,43.300718642804014,1.3883411322071921,15.0,852.66284
2020-04-19 08:00:00,22.48123000000004,40.484425240248925,1.7689775550919924,15.0,1028.6875
2020-04-19 09:00:00,22.889550000000042,38.87108061914013,2.18955906626094,19.0,1172.6206
2020-04-19 10:00:00,23.09832,37.9745367746743,2.5172034149652607,16.0,1504.9404
2020-04-19 11:00:00,23.0659,37.85904051166852,2.4548964192221634,16.0,1523.6892
2020-04-19 12:00:00,22.60208,42.660724610995736,1.9073433584959605,20.0,1227.6567
2020-04-19 13:00:00,21.51138000000003,52.98152890584386,1.3869254538542481,20.0,131.81802
2020-04-19 14:00:00,19.12026000000003,67.2686877316527,1.4788043802076223,20.0,52.526688
2020-04-19 15:00:00,19.019100000000037,53.727696110039275,0.9447419094148013,20.0,34.48384
2020-04-19 16:00:00,18.22305,54.21753264872541,0.46823120224084164,22.0,22.165771
2020-04-19 17:00:00,16.249000000000024,60.82481804504331,1.2802695697804256,26.0,13.989745
2020-04-19 18:00:00,12.239770000000021,77.47050619509024,2.057801476226356,26.0,16.294619
2020-04-19 19:00:00,9.952300000000037,87.78827258816325,2.3347703661708255,23.0,22.145872
2020-04-19 20:00:00,9.548730000000035,87.28357266484376,2.435696468842304,24.0,25.449154
2020-04-19 21:00:00,9.061300000000017,86.69554960617714,2.4427214571457343,24.0,27.667736
2020-04-19 22:00:00,8.701870000000042,85.42411361890194,2.4690358680258377,28.0,27.94807
2020-04-19 23:00:00,8.392800000000022,84.34972983760785,2.464147915068886,27.0,24.885925
2020-04-20 00:00:00,8.064140000000009,83.94798136396845,2.4712440497845476,19.0,25.122566
2020-04-20 01:00:00,7.853049999999996,84.55872750970802,2.4587740586782267,18.0,28.48555
2020-04-20 02:00:00,9.989599999999996,85.12610967438467,1.8444533109470487,28.0,39.60019
2020-04-20 03:00:00,15.45297000000005,73.39678923894908,1.2950697078395432,28.0,95.12085
2020-04-20 04:00:00,18.83602000000002,57.62264379463126,1.3397838467381091,33.0,255.32729
2020-04-20 05:00:00,20.40432000000004,54.46275632368024,1.4226212897930013,21.0,400.14185
2020-04-20 06:00:00,21.67530000000005,51.57303783531647,1.493717714894876,20.0,571.3904
2020-04-20 07:00:00,22.84988000000004,46.72800381043737,1.524894033389459,20.0,813.9585
2020-04-20 08:00:00,23.560940000000016,42.339104298792556,1.4955793441492349,16.0,1094.8054
2020-04-20 09:00:00,24.028220000000033,38.78508343909166,1.771696341140335,20.0,1326.8015
2020-04-20 10:00:00,24.113500000000045,37.18032773975693,1.718221611888577,15.0,2171.4536
2020-04-20 11:00:00,23.97720000000004,35.73902827874283,1.4702266219273037,18.0,909.49146
2020-04-20 12:00:00,23.451300000000003,41.12634867150388,1.1055120576168371,18.0,297.7619
2020-04-20 13:00:00,22.340100000000007,51.065944120798456,0.719885462672589,27.0,52.087524
2020-04-20 14:00:00,21.312280000000044,51.35492462675698,0.7099748148781838,37.0,22.133347
2020-04-20 15:00:00,20.158720000000017,52.3485428991556,0.8622759639298787,34.0,28.088589
2020-04-20 16:00:00,15.523740000000032,71.72754765525002,1.9961245835459394,34.0,34.505936
2020-04-20 17:00:00,13.564720000000023,77.4648501126653,2.6571306960773455,38.0,32.001892
2020-04-20 18:00:00,12.171750000000031,81.70713336978292,2.6343337506208355,29.0,28.650177
2020-04-20 19:00:00,11.4683,79.75455474225241,2.5229941783522567,27.0,26.636524
2020-04-20 20:00:00,10.632530000000031,81.27420693264897,2.5520344787943166,27.0,24.155693
2020-04-20 21:00:00,9.843700000000013,82.65634477264331,2.5652459757267523,22.0,22.179457
2020-04-20 22:00:00,9.165800000000047,83.49346302385915,2.5433865586981295,22.0,18.149183
2020-04-20 23:00:00,8.60080000000005,83.71487710388658,2.5519262541808363,18.0,16.743418
2020-04-21 00:00:00,8.115800000000036,83.72832593038028,2.5384186439447287,23.0,15.977313
2020-04-21 01:00:00,7.850240000000042,84.13269896793582,2.5087212604077425,21.0,16.049068
2020-04-21 02:00:00,10.342550000000017,83.97425844456676,1.8483589234999176,18.0,20.770294
2020-04-21 03:00:00,16.15652,71.85276044908811,1.328421557592318,22.0,52.70659
2020-04-21 04:00:00,20.23443000000003,54.932094425224875,0.9642584680186874,20.0,155.928
2020-04-21 05:00:00,22.13485000000003,44.30835460472071,0.5809987449574125,20.0,395.86304
2020-04-21 06:00:00,23.311000000000035,40.74814663944606,0.48029830198608087,16.0,741.88965
2020-04-21 07:00:00,24.121849999999995,39.197927457593735,0.7634253241464378,19.0,1138.6768
2020-04-21 08:00:00,24.60300000000001,37.419825493173946,1.29128373294388,24.0,1463.935
2020-04-21 09:00:00,24.878630000000044,36.608969993284816,1.6794492198819229,24.0,1660.4128
2020-04-21 10:00:00,24.86596000000003,36.49250351785491,1.8327523310980156,19.0,2454.0962
2020-04-21 11:00:00,24.783900000000017,36.70878528353118,1.6378294076979445,19.0,1742.158
2020-04-21 12:00:00,24.30093000000005,40.168764661853075,0.905169223444749,25.0,199.4325
2020-04-21 13:00:00,23.209249999999997,51.44981931275196,0.44208743888063773,36.0,53.355423
2020-04-21 14:00:00,20.77896000000004,66.63463456215574,1.4468872162733606,35.0,31.966324
2020-04-21 15:00:00,18.32266000000004,68.83963271823006,1.966122212814974,33.0,31.52031
2020-04-21 16:00:00,16.708000000000027,70.19012652454131,2.4261160588935087,33.0,30.224152
2020-04-21 17:00:00,14.966420000000028,74.15353810773392,2.6275985883699726,34.0,27.358313
2020-04-21 18:00:00,13.04708000000005,80.35138915533832,2.5412277666956204,22.0,23.112476
2020-04-21 19:00:00,12.056240000000003,73.36386172587258,2.590400327138034,17.0,21.321129
2020-04-21 20:00:00,11.326470000000029,75.12425663615834,2.6200867235463114,15.0,20.765522
2020-04-21 21:00:00,10.597000000000037,76.84201930585938,2.576578786685882,16.0,18.887083
2020-04-21 22:00:00,9.94213000000002,78.24068611437454,2.529932738644834,16.0,18.176407
2020-04-21 23:00:00,9.399380000000008,78.92823995518353,2.5735127025339333,17.0,19.9351
2020-04-22 00:00:00,9.00723000000005,78.63047622345015,2.633816887080118,14.0,19.815895
2020-04-22 01:00:00,8.857500000000016,79.15756989329073,2.635144258869263,17.0,18.350723
2020-04-22 02:00:00,11.374600000000044,79.46279516131558,1.9989881509923584,17.0,27.871933
2020-04-22 04:00:00,20.54690000000005,56.747847354870906,1.0371657310296736,18.0,188.7525
2020-04-22 05:00:00,22.62023000000005,43.47601808861,0.714223771841153,18.0,356.7666
2020-04-22 06:00:00,23.989340000000027,39.37903818028837,0.46028966821643347,25.0,631.98145
2020-04-22 07:00:00,24.99290000000002,36.69615251704917,0.8520815595890161,24.0,971.04785
2020-04-22 08:00:00,25.549770000000024,35.470551567384135,0.9319102548910632,30.0,1243.065
2020-04-22 09:00:00,25.79382000000004,35.02142607210204,0.8918918551619874,22.0,1462.352
2020-04-22 10:00:00,25.998800000000017,34.593011741160716,0.9252723954478487,22.0,2020.5537
2020-04-22 11:00:00,25.835230000000024,35.001649568626085,0.932188272284891,16.0,1729.2449
2020-04-22 12:00:00,25.40676000000002,38.74533033735802,0.5981705659317083,16.0,1134.4624
2020-04-22 13:00:00,24.268580000000043,51.67231514997923,0.2842909362641892,18.0,51.976913
2020-04-22 14:00:00,22.657129999999995,57.06929263740786,0.9418352227254535,31.0,29.46634
2020-04-22 15:00:00,18.860250000000008,68.52308901665943,1.9998260456618946,31.0,36.4682
2020-04-22 16:00:00,16.99246000000005,68.89540564816994,2.6250431794226503,38.0,37.165543
2020-04-22 17:00:00,15.392100000000028,70.30641480905935,2.828866693112917,32.0,32.661804
2020-04-22 18:00:00,13.758970000000033,74.28479734778294,2.8115424651977015,22.0,31.279991
2020-04-22 19:00:00,13.269040000000018,70.44981226624921,2.753335536087452,15.0,31.308891
2020-04-22 20:00:00,12.573000000000036,72.33723317253968,2.7714604022569973,20.0,29.216347
2020-04-22 21:00:00,11.777430000000038,74.97992785684713,2.7091285246852213,16.0,24.133213
2020-04-22 22:00:00,10.984520000000032,77.65619735950608,2.6809478727454024,18.0,19.348598
2020-04-22 23:00:00,10.38217000000003,78.93813809287856,2.6795702482312382,18.0,20.165155
2020-04-23 00:00:00,9.89530000000002,79.37380216673334,2.654141186648526,18.0,21.82561
2020-04-23 01:00:00,9.786699999999996,79.8963478231501,2.642223555284269,15.0,22.747828
2020-04-23 02:00:00,12.475300000000004,78.69393639017717,2.153479478810156,19.0,30.365051
2020-04-23 03:00:00,17.67270000000002,68.89915084132107,1.7163907926746698,17.0,52.13057
2020-04-23 04:00:00,21.71470000000005,58.29141505606882,1.1001483707920519,17.0,123.68965
2020-04-23 05:00:00,24.14602000000002,46.30112889321793,0.43840060223476846,23.0,325.27808
2020-04-23 06:00:00,25.540400000000034,39.038730331962086,0.4969364597950351,20.0,653.4658
2020-04-23 07:00:00,26.674040000000048,35.812923008430026,1.3229418187698203,20.0,1015.7927
2020-04-23 08:00:00,27.22195000000005,33.87607963075359,1.8726448849035318,21.0,1279.1636
2020-04-23 09:00:00,27.50690000000003,32.98633850963064,2.3612797669152403,21.0,1373.8552
2020-04-23 10:00:00,27.527120000000025,32.843997287640526,2.7428406829205665,20.0,1245.8804
2020-04-23 11:00:00,27.286950000000047,34.25508472463659,2.8322088718681036,21.0,1000.3696
2020-04-23 12:00:00,26.532280000000014,42.05825390034811,2.294309063456118,23.0,640.9802
2020-04-23 13:00:00,25.055440000000033,49.98294339037054,2.0730920955971883,23.0,190.05632
2020-04-23 14:00:00,22.88620000000003,52.50860712635931,2.6771085746543575,25.0,77.370056
2020-04-23 15:00:00,20.39068000000003,57.78534666854035,2.910018902551599,25.0,51.212967
2020-04-23 16:00:00,18.19607000000002,63.93750517589227,2.7982496161804273,26.0,38.195892
2020-04-23 17:00:00,16.127650000000017,71.41689056204233,2.68653314687867,26.0,27.903961
2020-04-23 18:00:00,14.45052000000004,77.43484829244248,2.6782080694357466,26.0,25.398584
2020-04-23 19:00:00,14.065580000000011,76.36582496089106,2.6629009093108675,19.0,24.959103
2020-04-23 20:00:00,13.300800000000038,77.37557991951176,2.6902563039959686,13.0,22.568306
2020-04-23 21:00:00,12.621800000000007,77.94995393021914,2.6291173593624326,14.0,19.390102
2020-04-23 22:00:00,12.114160000000027,77.84600816464283,2.5688489002901504,14.0,13.843481
2020-04-23 23:00:00,11.912620000000004,76.58559621021166,2.4926739897497323,15.0,15.091724
2020-04-24 00:00:00,11.704060000000027,76.06782267865502,2.38069078112149,15.0,18.978184
2020-04-24 01:00:00,11.701780000000042,77.4106763580073,2.324936616044893,17.0,22.326088
2020-04-24 02:00:00,13.487180000000023,79.76565844646325,1.852020207486942,20.0,28.394753
2020-04-24 03:00:00,17.854820000000018,71.40764132451275,1.423780486352373,21.0,59.31514
2020-04-24 04:00:00,21.55728000000005,60.22731653969775,1.3431566452708104,38.0,147.71143
2020-04-24 05:00:00,23.45974000000001,48.81174370830078,1.5776349792270852,38.0,338.95898
2020-04-24 06:00:00,24.82537000000002,44.11632024174356,1.656969270387918,27.0,516.5676
2020-04-24 07:00:00,26.450800000000015,39.68807705585666,1.9776820420308443,22.0,768.4851
2020-04-24 08:00:00,27.130880000000047,37.42179375514853,2.1005019324825103,23.0,1086.1323
2020-04-24 09:00:00,27.546080000000018,35.48545634212618,2.0101640875612246,25.0,1377.2568
2020-04-24 19:00:00,16.774500000000046,72.9413878333132,1.786626131622654,31.0,174.43147
2020-04-24 20:00:00,17.06310000000002,70.42900729186967,1.3702898703687252,34.0,155.0244
2020-04-24 21:00:00,16.130880000000047,75.52901702010726,1.3994907554838654,30.0,108.64082
2020-04-24 22:00:00,15.768730000000005,78.291131808558,1.1872133499855744,19.0,113.66562
2020-04-24 23:00:00,15.801600000000008,76.9122496583017,0.2985099538627136,17.0,165.65222
2020-04-25 00:00:00,15.174000000000035,78.90036034328546,0.5333254213864235,21.0,185.83203
2020-04-25 01:00:00,14.593530000000044,80.31970913247909,0.580808713602915,19.0,152.79169
2020-04-25 02:00:00,14.539940000000001,90.3114224010856,0.2546599224233026,22.0,141.42226
2020-04-25 03:00:00,16.377400000000023,77.76347110892783,0.27998634501721686,17.0,220.84962
2020-04-25 04:00:00,17.46840000000003,75.35134013908788,0.7973801867206005,21.0,372.94763
2020-04-25 05:00:00,18.462850000000003,72.7345902526222,1.294091115923961,18.0,535.2363
2020-04-25 06:00:00,19.43900000000002,70.51707035549086,1.5351740330243613,21.0,663.44995
2020-04-25 07:00:00,19.850340000000017,71.71443382885842,1.9517840098059545,17.0,764.09985
2020-04-25 08:00:00,20.390160000000037,70.81582660462814,1.9746294850572779,27.0,854.66626
2020-04-25 09:00:00,20.501300000000015,70.71218595528407,1.9525131396020419,24.0,1031.812
2020-04-25 10:00:00,20.873500000000035,68.1371814253908,1.6987419280488252,25.0,805.7888
2020-04-25 11:00:00,21.142300000000034,65.90278686402563,1.176752912571183,23.0,915.7283
2020-04-25 12:00:00,21.176630000000046,64.73196961633509,0.8902712241392644,22.0,849.949
2020-04-25 13:00:00,20.777430000000038,67.6788573056706,1.1426529650471222,20.0,519.34546
2020-04-25 14:00:00,19.89187000000004,71.78411652888862,1.3268030016887489,18.0,121.962585
2020-04-25 15:00:00,18.357799999999997,82.39884902502857,0.9881303878789659,21.0,80.38341
2020-04-25 16:00:00,18.572000000000003,74.0695823634143,0.11272615847016106,26.0,38.717773
2020-04-25 17:00:00,17.056420000000003,80.4546601906544,1.0621901561421347,21.0,20.529495
2020-04-25 18:00:00,15.626670000000047,85.11107297270819,1.2719851723643494,21.0,25.653503
2020-04-25 19:00:00,13.551600000000008,93.72815901033768,1.9026840343200588,38.0,20.03257
2020-04-25 20:00:00,12.853850000000023,95.13575813679066,1.912183509160236,30.0,15.269687
2020-04-25 21:00:00,12.30337000000003,95.87143068257456,1.9707161886670261,29.0,14.537464
2020-04-25 22:00:00,11.78848000000005,96.02779724398215,1.972543063533372,29.0,16.727402
2020-04-25 23:00:00,11.354640000000018,95.67554850539896,2.0151543149323974,27.0,20.949413
2020-04-26 00:00:00,10.987180000000023,95.11510492769925,2.0876182661352742,27.0,25.563477
2020-04-26 01:00:00,10.944700000000012,94.00051295129798,2.071590827542428,21.0,24.742256
2020-04-26 02:00:00,13.795130000000029,89.18748501054736,1.53444819136747,22.0,30.801086
2020-04-26 03:00:00,18.380100000000027,76.39267623441738,1.0837047661458061,22.0,75.83411
2020-04-26 04:00:00,21.35073,62.254919753286636,0.8456229395318992,25.0,317.58057
2020-04-26 05:00:00,22.987360000000024,56.788013739034135,0.8868583012819635,21.0,625.9258
2020-04-26 06:00:00,24.31020000000001,52.225923433637774,0.5729602274280983,21.0,849.77954
2020-04-26 07:00:00,25.449850000000026,50.75150292287751,0.35535458856458024,23.0,976.906
2020-04-26 08:00:00,26.211150000000032,49.071691778910164,0.7939733295746382,20.0,1071.7424
2020-04-26 09:00:00,26.60934000000003,47.87327025553949,0.913891706943091,20.0,1110.2622
2020-04-26 10:00:00,26.91885000000002,46.310736112465484,0.8801896690143837,20.0,973.55176
2020-04-26 11:00:00,26.90160000000003,45.69747041555592,1.177937789996267,19.0,866.553
2020-04-26 12:00:00,26.7183,46.48395679346377,1.3772275401922263,20.0,611.4822
2020-04-26 13:00:00,25.71505000000002,55.83345032398979,1.3989094379522249,26.0,231.05316
2020-04-26 14:00:00,23.779960000000017,60.69119097086219,2.292730684410369,24.0,73.41147
2020-04-26 15:00:00,21.33743000000004,67.03888225910818,2.651168229281237,24.0,44.273697
2020-04-26 16:00:00,18.975000000000023,75.15525393345338,2.6095142863392375,27.0,34.015472
2020-04-26 17:00:00,17.102930000000015,81.70664023671321,2.6071473869867012,27.0,29.421143
2020-04-26 18:00:00,15.63653000000005,85.97663006082874,2.6118961596008923,23.0,28.652348
2020-04-26 19:00:00,15.976860000000045,78.87066729130301,2.657248688385352,26.0,28.284904
2020-04-26 20:00:00,15.235929999999996,79.96160703430822,2.7188441969690675,23.0,27.68974
2020-04-26 21:00:00,14.49624,80.76139830268593,2.807357483707594,19.0,29.999481
2020-04-26 22:00:00,13.959860000000049,80.19712931546508,2.901057189654372,22.0,26.892365
2020-04-26 23:00:00,13.667259999999999,77.9670635776815,2.9833583002026907,23.0,34.961243
2020-04-27 00:00:00,13.790729999999996,73.84905531157872,3.045805903409998,18.0,39.988495
2020-04-27 03:00:00,19.29543000000001,71.3224980012931,2.0865106094054573,18.0,65.30881
2020-04-27 04:00:00,23.76373000000001,61.23273374972474,1.5245923869280273,27.0,125.470764
2020-04-27 05:00:00,26.86886000000004,50.382594889584446,1.0814465327089036,21.0,309.43506
2020-04-27 06:00:00,28.95437000000004,38.595931504784375,1.0299566144123882,21.0,604.64185
2020-04-27 07:00:00,30.49594000000002,34.63811138366966,1.1789424706685574,29.0,847.1499
2020-04-27 08:00:00,31.454980000000035,32.80183491901988,0.6999864006413313,22.0,1123.5916
2020-04-27 09:00:00,32.02140000000003,32.062037155393575,1.1321812856622815,22.0,1392.7092
2020-04-27 10:00:00,32.11306000000002,31.86196887538283,1.4017234795974418,30.0,1601.3916
2020-04-27 11:00:00,31.837850000000003,33.50467629554428,1.2251260909038162,37.0,1448.2029
2020-04-27 12:00:00,31.200400000000002,39.691506054877536,0.4471759384702625,36.0,114.516495
2020-04-27 13:00:00,29.20553000000001,53.40494777146034,1.0833896300358237,36.0,44.94268
2020-04-27 14:00:00,26.683130000000006,58.88484964701101,2.6129997931141293,42.0,38.761734
2020-04-27 15:00:00,23.531100000000038,66.24846805570392,2.70066075351805,42.0,30.742828
2020-04-27 16:00:00,20.871700000000033,74.68377842850339,2.420610300056017,42.0,24.12799
2020-04-27 17:00:00,18.969449999999995,80.7675081561016,2.4113387173237943,35.0,21.803452
2020-04-27 18:00:00,17.471339999999998,84.92250056713219,2.395634908143202,23.0,18.090958
2020-04-27 19:00:00,16.624960000000044,76.34570849157645,1.969431090137315,23.0,20.08372
2020-04-27 20:00:00,15.899100000000033,78.2910933832652,1.4576274161691285,108.0,28.427135
2020-04-27 21:00:00,14.969870000000014,79.8151822614271,1.8662464593296486,125.0,29.29186
2020-04-27 22:00:00,14.91560000000004,73.82094994456453,2.5385267039682544,82.0,123.37224
2020-04-27 23:00:00,14.912320000000022,72.81005397485657,2.1794345971458213,60.0,251.73051
2020-04-28 00:00:00,15.775840000000017,72.46802072040629,2.487411447787631,60.0,49.595108
2020-04-28 01:00:00,16.26687000000004,80.55180442987294,2.3958669425060233,55.0,72.37225
2020-04-28 02:00:00,16.795200000000023,85.0183556445024,3.741292379551995,70.0,93.27937
2020-04-28 03:00:00,17.946770000000015,79.13008776304582,4.450980053892704,40.0,104.2865
2020-04-28 04:00:00,20.39620000000002,72.27999546540508,2.8300201005161276,40.0,166.37726
2020-04-28 05:00:00,23.573900000000037,63.28901597652134,1.5567333911585959,46.0,519.77563
2020-04-28 06:00:00,25.509360000000015,51.070454862614824,0.7017905164075595,39.0,879.22
2020-04-28 07:00:00,22.77072000000004,58.63833055287192,3.018756988567221,43.0,780.0713
2020-04-28 08:00:00,22.04263000000003,62.90281582804724,1.8926602217214632,41.0,817.9612
2020-04-28 09:00:00,21.56790000000001,66.62620739695149,1.0115218671208066,30.0,867.85864
2020-04-28 10:00:00,21.581320000000005,67.40977020165154,1.181718770898915,30.0,360.86475
2020-04-28 11:00:00,21.411069999999995,67.88259473990715,0.886518181822149,28.0,268.5368
2020-04-28 12:00:00,20.390100000000018,73.88846910130505,2.625381698321222,28.0,388.28674
2020-04-28 13:00:00,18.774380000000008,83.81039171831429,2.901549299026072,38.0,342.14038
2020-04-28 14:00:00,17.711180000000013,89.97415273473958,0.3115152845266084,37.0,158.10593
2020-04-28 15:00:00,17.253960000000006,91.39263968004484,1.4211391943681544,36.0,37.58908
2020-04-28 16:00:00,16.42574000000002,94.15580954112873,1.1093787259127137,36.0,47.119247
2020-04-28 17:00:00,16.249540000000025,92.33547657880938,0.6698457944194574,38.0,20.989807
2020-04-28 18:00:00,16.03036000000003,92.31679637316962,0.7710280453204053,39.0,17.527695
2020-04-28 19:00:00,14.64712000000003,91.95153510580434,0.9131474146390179,27.0,16.90279
2020-04-28 20:00:00,13.325770000000034,94.61692576375681,1.427515674070369,23.0,15.604798
2020-04-28 21:00:00,12.586450000000013,95.05081389029276,1.787566669175673,17.0,16.581078
2020-04-28 22:00:00,12.204859999999996,95.65856550274417,1.7548800200191452,29.0,27.573734
2020-04-28 23:00:00,11.867460000000051,96.4717458988881,1.8341142543952107,21.0,25.367641
2020-04-29 00:00:00,11.936730000000011,95.18312370840754,1.8149984608006917,21.0,27.07077
2020-04-29 01:00:00,12.28555,92.97001873455528,1.772400917733423,17.0,34.710068
2020-04-29 02:00:00,14.397600000000011,87.0413638540887,1.5725492274768254,17.0,62.00421
2020-04-29 03:00:00,17.524320000000046,78.52117985191965,1.3729781061516473,18.0,160.57716
2020-04-29 04:00:00,19.772400000000005,67.84527628696918,1.8263475377387604,24.0,398.0616
2020-04-29 05:00:00,21.16330000000005,63.94603872769282,2.3162761636478737,26.0,611.0945
2020-04-29 06:00:00,22.41055,60.846076699750725,2.6469135779016586,34.0,808.6687
2020-04-29 07:00:00,22.86044000000004,58.92326547516097,2.6104100027630794,30.0,924.57544
2020-04-29 08:00:00,23.23947000000004,56.0192204205727,2.946767001338253,30.0,971.47754
2020-04-29 09:00:00,23.099199999999996,54.90538524343366,2.659533860458667,25.0,1055.1091
2020-04-29 10:00:00,22.87856000000005,54.34259422519376,2.355170987556199,26.0,520.13696
2020-04-29 11:00:00,21.482169999999996,61.01072986941396,2.1301106262077387,26.0,527.92944
2020-04-29 12:00:00,20.79788000000002,66.08991653183158,1.0910433837766536,24.0,536.85254
2020-04-29 13:00:00,20.135580000000004,70.94095152279534,0.47782768613016774,31.0,204.39137
2020-04-29 14:00:00,18.73055000000005,79.58589547432523,1.5610423089381018,24.0,188.25655
2020-04-29 15:00:00,17.140340000000037,87.16211597752765,1.7325843919692443,24.0,188.80728
2020-04-29 16:00:00,16.086630000000014,92.96821670998114,1.1219062811771234,22.0,120.37416
2020-04-29 17:00:00,15.981400000000008,90.51817533665026,0.8062380878146708,22.0,189.60597
2020-04-29 18:00:00,14.978850000000023,93.07201803299428,1.1682932951244531,14.0,159.81001
2020-04-29 19:00:00,14.009550000000047,98.4871261818988,1.085511869807048,16.0,109.52875
2020-04-29 20:00:00,13.9332,97.5462235230918,0.6043576150356877,16.0,106.0168
2020-04-29 21:00:00,13.573630000000037,95.65243985630894,1.2741394808230142,23.0,107.271225
2020-04-29 23:00:00,13.629170000000045,95.03384688203025,0.776004832195756,14.0,76.85707
2020-04-30 00:00:00,13.730250000000012,94.18713925142015,0.781498800469751,14.0,97.35899
2020-04-30 01:00:00,13.381500000000017,96.05916141549235,0.7181825872192475,16.0,64.27077
2020-04-30 02:00:00,14.471150000000023,90.5149219186423,1.008833281642636,16.0,76.63052
2020-04-30 03:00:00,15.917020000000036,84.00594119989435,1.0321103610274673,18.0,165.02687
2020-04-30 04:00:00,17.731100000000026,75.77580605365812,0.7043855794158359,18.0,377.98608
2020-04-30 05:00:00,19.29430000000002,69.73469430432878,1.1484584926206796,10.0,721.79004
2020-04-30 06:00:00,20.65530000000001,62.965157269601136,2.082347985216729,9.0,1119.3276
2020-04-30 07:00:00,22.287680000000023,48.65397377864049,2.0331234611832265,12.0,1563.4651
2020-04-30 08:00:00,22.846000000000004,45.23887397662183,2.2928026624697404,12.0,1694.5007
2020-04-30 09:00:00,23.23153000000002,42.84812414287552,2.413665719162644,9.0,1761.9451
2020-04-30 10:00:00,23.270399999999995,41.510461624334646,2.6052847584011234,10.0,1760.2649
2020-04-30 11:00:00,23.1918,40.61079862212853,2.6215375462302286,10.0,1595.5537
2020-04-30 12:00:00,22.704300000000046,43.57396351349816,2.5312773830517052,13.0,1417.2842
2020-04-30 13:00:00,21.361320000000035,52.130046657937676,2.2609601330600344,16.0,410.36548
2020-04-30 14:00:00,19.499000000000024,55.491648787146914,2.6319572852654045,16.0,161.2605
2020-04-30 15:00:00,17.658650000000023,58.35732001751703,2.7363119392827366,19.0,102.53691
2020-04-30 16:00:00,16.26260000000002,62.50766004706974,2.5395908847818167,19.0,76.45624
2020-04-30 17:00:00,14.739950000000022,69.39541043498585,2.329997840579566,20.0,52.93344
2020-04-30 18:00:00,13.18777,77.155490870998,2.205197318262828,19.0,33.11035
2020-04-30 19:00:00,12.260100000000023,79.44634367538745,2.026870416992495,19.0,28.128502
2020-04-30 20:00:00,11.36184000000003,83.3232722570302,2.135681256538831,13.0,26.930676
2020-04-30 21:00:00,10.692769999999996,85.58685305675975,2.193185219876326,18.0,24.787985
2020-04-30 22:00:00,10.20980000000003,86.68219767369995,2.253896842277893,20.0,23.012962
2020-05-01 00:00:00,9.564900000000023,86.20087365711655,2.3825045061741514,17.0,23.130707
2020-05-01 01:00:00,9.796350000000018,85.480525107092,2.253922229621566,14.0,22.870209
2020-05-01 02:00:00,12.761320000000012,81.53584450466613,1.7241605846543646,11.0,35.104507
2020-05-01 03:00:00,16.924650000000042,71.39067313650915,1.272434661870864,12.0,70.554504
2020-05-01 04:00:00,20.439300000000003,59.13889914832755,0.6456203324214956,12.0,187.9703
2020-05-01 05:00:00,22.529629999999997,47.313253761273984,0.7119097689595755,12.0,493.1787
2020-05-01 06:00:00,23.898600000000044,41.756221326984175,1.4250847144997696,20.0,773.0659
2020-05-01 07:00:00,25.08083000000005,40.75011132682611,2.3604216538676077,19.0,972.0896
2020-05-01 08:00:00,25.68440000000004,39.05163071196834,2.7695761531503353,16.0,1067.1594
2020-05-01 09:00:00,25.920470000000023,38.08551744388963,2.7947586200679533,20.0,1138.8105
2020-05-01 10:00:00,26.025599999999997,37.57249491577498,2.7562564158695846,18.0,1162.3242
2020-05-01 11:00:00,25.70562000000001,39.69261948581986,2.5569295175733355,17.0,1105.9636
2020-05-01 12:00:00,24.88067000000001,48.16435008755935,1.982258801913204,35.0,345.79175
2020-05-01 13:00:00,23.50024000000002,59.38859080266616,1.333043838223807,32.0,147.10666
2020-05-01 14:00:00,21.819970000000012,60.2182825432316,1.9841457122530946,34.0,273.00168
2020-05-01 15:00:00,20.21237000000002,60.04847101080107,3.209766674458846,26.0,404.3687
2020-05-01 16:00:00,19.06540000000001,65.56417910028527,3.744463329697224,30.0,401.10144
2020-05-01 17:00:00,17.971339999999998,75.44690412501195,3.1976829683095773,30.0,378.35156
2020-05-01 18:00:00,17.292140000000018,80.85870906865311,2.5857458856005064,27.0,309.6821
2020-05-01 19:00:00,16.71040000000005,86.02384412185788,1.994620214607453,23.0,166.89944
2020-05-01 20:00:00,16.18643000000003,88.71263296626022,1.661571199687576,23.0,58.238068
2020-05-01 21:00:00,15.716300000000047,92.00934058374352,0.9068648548689615,21.0,33.765274
2020-05-01 22:00:00,15.600670000000036,91.70274420223082,0.7918878554323523,21.0,23.48558
2020-05-01 23:00:00,15.01278000000002,94.65838116186694,1.2566484766871862,21.0,28.25299
2020-05-02 00:00:00,14.505060000000014,96.09364244691378,1.0030623355016997,25.0,21.767166
2020-05-02 01:00:00,14.514250000000004,94.90337971478584,1.2689565315329645,25.0,25.576385
2020-05-02 02:00:00,15.873620000000017,93.67212574779616,1.3539280995764076,15.0,44.576553
2020-05-02 03:00:00,18.10238000000004,83.04577387839963,1.6053339655330023,16.0,145.52945
2020-05-02 04:00:00,20.311300000000017,69.11226418553869,1.5785214403449916,22.0,472.86304
2020-05-02 05:00:00,21.182000000000016,61.37252154210746,1.0943147487734612,22.0,903.1616
2020-05-02 06:00:00,21.53433000000001,61.53696642900775,1.2263343122500945,22.0,1106.2598
2020-05-02 07:00:00,22.89593000000002,54.035170697113585,0.620005108292685,22.0,1287.2668
2020-05-02 08:00:00,22.43942000000004,57.32282275099208,1.9484916852485377,20.0,1228.0874
2020-05-02 09:00:00,19.95974000000001,71.97103940832896,2.9007488940238124,20.0,791.09863
2020-05-02 10:00:00,20.15524000000005,71.35909097047391,1.333752612078222,21.0,457.40942
2020-05-02 11:00:00,20.58390000000003,69.2330162400631,0.620750365154436,17.0,314.04468
2020-05-02 12:00:00,20.947960000000023,67.86893428804186,1.9421709897277761,20.0,334.6499
2020-05-02 13:00:00,20.42446000000001,72.79088216825546,2.278246616405338,27.0,257.55133
2020-05-02 14:00:00,19.36288000000002,76.38747378229061,2.2385227078302754,27.0,200.65985
2020-05-02 15:00:00,18.018820000000005,78.73143601080812,1.9418701961700247,24.0,196.84212
2020-05-02 16:00:00,16.777980000000014,83.79564896608622,0.6024611454446436,25.0,40.136597
2020-05-02 17:00:00,15.52776,89.84042726311215,1.0578290131378278,25.0,36.357895
2020-05-02 18:00:00,14.646200000000022,90.82070593158504,1.4723687001159949,21.0,31.218002
2020-05-02 19:00:00,13.891080000000045,94.16817424234792,1.5111025475257371,19.0,17.04866
2020-05-02 20:00:00,13.379800000000046,95.21143211014888,1.5883837547913695,19.0,54.65424
2020-05-02 21:00:00,13.416160000000048,92.4049649448426,1.5632469713247998,20.0,47.085533
2020-05-02 22:00:00,13.87026000000003,88.27225661530741,1.2529323464587911,17.0,43.12507
2020-05-02 23:00:00,14.160180000000025,84.81838960021756,1.0390032319992948,21.0,54.647987
2020-05-03 00:00:00,12.73177000000004,91.92307850682887,1.5589627860756232,21.0,36.480106
2020-05-03 01:00:00,12.581600000000037,93.64206684670893,1.8620533127596774,23.0,59.98253
2020-05-03 02:00:00,14.405850000000044,91.73579522228111,1.731348319533126,23.0,140.8767
2020-05-03 03:00:00,15.910760000000039,89.621194216421,1.7034555894949828,19.0,290.3126
2020-05-03 04:00:00,17.142719999999997,80.31436270026317,2.127282652109038,21.0,415.3855
2020-05-03 05:00:00,17.816520000000025,77.48511231389587,1.999672649632917,21.0,598.4341
2020-05-03 06:00:00,19.180350000000033,72.81097913358134,1.8765882667258285,26.0,675.9624
2020-05-03 07:00:00,20.53857000000005,64.81404317890637,1.6031929526684707,27.0,887.95264
2020-05-03 08:00:00,21.402150000000006,60.797311866740735,1.6724599572525256,27.0,1122.6685
2020-05-03 09:00:00,21.94106000000005,58.683128890201,1.7715952474847323,25.0,1221.4785
2020-05-03 11:00:00,22.171960000000013,57.37844247932053,1.6266096466266007,29.0,1350.261
2020-05-03 12:00:00,20.876100000000008,61.92943455983287,0.13915786787526868,26.0,1276.5952
2020-05-03 13:00:00,20.24246000000005,65.90307206565498,1.6701935990010672,26.0,250.12993
2020-05-03 14:00:00,19.07256000000001,69.41970403759208,1.9177623474031888,25.0,103.13724
2020-05-03 15:00:00,17.813440000000014,71.57984083501728,2.1892902237354326,22.0,69.16841
2020-05-03 16:00:00,16.258080000000007,76.89331993390486,2.2806155749555863,15.0,44.174057
2020-05-03 17:00:00,14.639060000000029,82.49579124718431,2.3519982519439413,17.0,33.06253
2020-05-03 18:00:00,13.306939999999997,86.24169830673969,2.358269959983854,15.0,30.562347
2020-05-03 19:00:00,12.99210000000005,82.32679464729218,2.413109337236428,11.0,28.761688
2020-05-03 20:00:00,12.127100000000041,84.406068400492,2.3501372954166593,14.0,25.885515
2020-05-03 21:00:00,11.35372000000001,85.90864651241746,2.5454049200561064,16.0,29.594158
2020-05-03 22:00:00,11.004170000000045,83.87905775357156,2.721348541706402,10.0,40.813995
2020-05-03 23:00:00,11.419399999999996,76.97860603909507,2.855741461537974,15.0,40.921158
2020-05-04 00:00:00,10.737000000000023,77.8088484995795,2.8135528577190514,15.0,34.9541
2020-05-04 01:00:00,10.384000000000015,80.62903497397305,2.7120580163166097,15.0,35.54254
2020-05-04 02:00:00,12.360700000000008,79.34107620866293,2.2644528305555545,13.0,44.7359
2020-05-04 03:00:00,16.333200000000033,73.76944205696098,1.5474720976534266,13.0,74.73958
2020-05-04 04:00:00,19.897670000000005,61.79030050504186,0.6769084282292399,12.0,169.61342
2020-05-04 05:00:00,22.158929999999998,51.369494177962096,0.569165289256889,10.0,431.6548
2020-05-04 06:00:00,23.58477000000005,45.174869783787145,1.4478093917755606,14.0,678.3933
2020-05-04 07:00:00,24.284400000000005,42.19768624970102,1.825836898187757,9.0,875.8572
2020-05-04 09:00:00,25.386680000000013,38.55994633061902,2.6636708045741386,11.0,1081.7856
2020-05-04 10:00:00,25.516750000000002,37.495278057034206,2.7236198878827436,11.0,1026.615
2020-05-04 11:00:00,25.42270000000002,37.75022125029877,2.6131804703951467,13.0,943.3508
2020-05-04 12:00:00,24.955700000000036,44.466711567256716,1.9527340395578323,27.0,738.46216
2020-05-04 13:00:00,23.829679999999996,54.981878678755415,1.2655722118952912,36.0,168.32065
2020-05-04 14:00:00,21.87026000000003,66.47210602801827,1.147731771256157,36.0,54.660187
2020-05-04 15:00:00,21.759500000000003,53.52162684370073,0.6715327779349828,40.0,30.617786
2020-05-04 16:00:00,20.945700000000045,53.75337539998244,0.7324876026512728,25.0,76.90921
2020-05-04 17:00:00,18.13784000000004,66.25301593903727,1.5711074440203,25.0,255.45702
2020-05-04 18:00:00,16.749630000000025,74.17940468108473,2.149778719829669,27.0,217.58133
2020-05-04 19:00:00,16.44747000000001,75.23868319151752,1.6748488097923018,25.0,61.549667
2020-05-04 20:00:00,15.81967000000003,78.91858453129385,1.8682348502125572,15.0,47.661423
2020-05-04 21:00:00,15.31304,82.43970991064651,1.8093021471415598,13.0,50.367004
2020-05-04 22:00:00,14.912470000000042,85.74460824921998,1.6665440998315562,19.0,49.259033
2020-05-04 23:00:00,14.472920000000045,87.63782174435752,1.5438914498805076,18.0,66.34744
2020-05-05 01:00:00,14.063559999999995,89.95818079926002,1.9439806239488624,13.0,155.63545
2020-05-05 02:00:00,15.948450000000037,86.06220833375554,1.7136574209247761,16.0,378.55414
2020-05-05 03:00:00,17.05746000000005,80.02451934093395,2.0029990248165657,16.0,570.08496
2020-05-05 04:00:00,17.048000000000002,78.61687838037857,2.1581400933031527,14.0,548.44336
2020-05-05 05:00:00,17.448570000000018,77.60594678724816,2.389830223408082,14.0,437.94043
2020-05-05 06:00:00,18.401640000000043,73.55052469368246,2.474981125349475,18.0,458.3645
2020-05-05 07:00:00,19.045560000000023,68.32361824105607,2.782099677707197,14.0,1146.595
2020-05-05 08:00:00,20.247160000000008,61.38025768313792,3.262285294920279,14.0,1385.5417
2020-05-05 09:00:00,19.966200000000015,63.025743267634425,3.3551635286191597,17.0,1435.9607
2020-05-05 10:00:00,19.052670000000035,70.42858030314225,2.398983855376807,14.0,692.53784
2020-05-05 11:00:00,18.994470000000035,71.6827042271668,1.3352350802190003,14.0,440.93433
2020-05-05 12:00:00,19.41342000000003,67.49880832911387,1.270163225827527,16.0,439.0857
2020-05-05 13:00:00,19.433070000000043,64.99705162315205,1.9658320370192492,20.0,409.2351
2020-05-05 14:00:00,18.42324000000002,67.1501438618799,2.0504785886703703,16.0,240.20682
2020-05-05 15:00:00,17.090630000000033,68.5591975731873,2.2596042505834517,14.0,155.00713
2020-05-05 16:00:00,15.785180000000025,70.65384806540878,2.425386837574423,14.0,95.42786
2020-05-05 17:00:00,15.009800000000041,71.79433473115768,2.344060959066579,20.0,63.122665
2020-05-05 18:00:00,14.13766000000004,73.86419918400453,2.386914398902329,14.0,45.95726
2020-05-05 19:00:00,13.563500000000033,78.27403114363693,2.1562606714448753,14.0,37.294144
2020-05-05 20:00:00,12.982700000000023,80.24952892418177,2.3135917441340945,11.0,35.358826
2020-05-05 21:00:00,12.689720000000023,80.63122936492906,2.3552080950052328,13.0,38.45337
2020-05-05 22:00:00,12.643700000000024,78.94039092524069,2.469761093511759,9.0,35.411118
2020-05-05 23:00:00,12.702780000000018,76.3357716163234,2.5887911421856744,12.0,43.461533
2020-05-06 00:00:00,12.586080000000038,75.96378479947903,2.4840171363949533,12.0,42.233444
2020-05-06 01:00:00,12.323300000000017,80.07608982551542,2.0100348770511323,12.0,23.801407
2020-05-06 02:00:00,13.596400000000017,83.02033611940597,1.3744577413048573,19.0,58.58699
2020-05-06 03:00:00,16.53000000000003,77.95158178179487,1.117005209133865,24.0,122.22461
2020-05-06 04:00:00,20.00740000000002,59.17323121570979,1.033079298318091,16.0,330.4109
2020-05-06 05:00:00,21.703100000000006,48.01057010931076,1.1002926078012427,16.0,484.70337
2020-05-06 06:00:00,23.032680000000028,44.353999600017005,0.5466050531552865,17.0,691.8545
2020-05-06 07:00:00,22.985280000000046,47.94700303025247,0.34574816933851166,12.0,1037.935
2020-05-06 08:00:00,23.880800000000022,45.4601100129874,1.0818048207938278,11.0,1355.825
2020-05-06 10:00:00,24.11334000000005,45.048755740532116,0.9009325952492514,15.0,1369.7153
2020-05-06 11:00:00,23.96884,45.53129992115886,0.43678079166508055,12.0,1176.0332
2020-05-06 12:00:00,23.063000000000045,49.59480760957897,0.8310332097650045,17.0,581.386
2020-05-06 13:00:00,21.587120000000027,61.04139005886889,0.3341678856408467,22.0,346.98608
2020-05-06 14:00:00,20.17532,70.83901205374401,1.4433493931916492,22.0,37.35544
2020-05-06 15:00:00,18.22424000000001,77.57024473996046,2.1668161807860513,25.0,22.83104
2020-05-06 16:00:00,17.256619999999998,81.16910321450246,0.7249504673859989,32.0,40.151733
2020-05-06 18:00:00,15.239980000000003,83.28857819519123,2.4947271663819106,22.0,36.928604
2020-05-06 19:00:00,14.972440000000006,76.00264864612316,2.3854143014440816,22.0,34.957077
2020-05-06 20:00:00,14.37026000000003,76.4751631850939,2.510172953911091,13.0,34.86388
2020-05-06 21:00:00,13.752949999999998,77.3874431061762,2.5493255727982964,14.0,34.623306
2020-05-06 22:00:00,13.61710000000005,76.07966641623126,2.547919358545625,12.0,33.537064
2020-05-06 23:00:00,13.23257000000001,75.46438781278172,2.6015721731184396,16.0,41.30664
2020-05-08 00:00:00,14.898070000000018,69.45489654042794,2.59634250271098,18.0,19.261889
2020-05-08 01:00:00,15.264370000000042,70.65213267035712,2.3454003014276594,13.0,16.445343
2020-05-08 02:00:00,17.199270000000013,70.26199785288314,2.304490818298586,13.0,25.291004
2020-05-08 03:00:00,20.20930000000004,65.6847400316078,2.301183710988571,20.0,61.403793
2020-05-08 04:00:00,23.677200000000028,58.521639650910714,1.9520681858050626,18.0,175.96658
2020-05-08 05:00:00,25.92452000000003,49.493516047218236,1.9774893516081775,14.0,544.59546
2020-05-08 06:00:00,27.779350000000022,37.24031262428659,2.557326534322506,14.0,790.4768
2020-05-08 07:00:00,28.014580000000024,33.40724619310988,2.530883679661539,17.0,1345.3162
2020-05-08 08:00:00,28.652300000000025,32.36192153370095,2.051384848859034,14.0,1671.6748
2020-05-08 09:00:00,29.16323,31.518603200187567,2.0157623787265724,14.0,1481.9011
2020-05-08 10:00:00,28.306050000000027,36.12059531594974,3.4270744481565396,20.0,1477.988
2020-05-08 11:00:00,25.32107000000002,49.96688939894312,2.492095457242363,26.0,282.66257
2020-05-08 12:00:00,24.69010000000003,57.58874659388566,1.7619139095458063,26.0,202.81279
2020-05-08 13:00:00,22.993550000000027,64.75153694288389,1.2266159657310027,19.0,380.28638
2020-05-08 14:00:00,20.710230000000024,74.80456234137705,2.6757532797645096,18.0,244.18942
2020-05-08 15:00:00,19.311120000000017,75.97643228234672,4.18934237327366,17.0,261.43335
2020-05-08 17:00:00,18.328880000000026,71.88992664184775,3.477867868378017,16.0,304.8463
2020-05-08 18:00:00,18.04675000000003,70.22773868821375,3.009001757786213,13.0,247.98094
2020-05-08 19:00:00,17.13235000000003,74.52369119451663,1.8896445895184522,13.0,142.28967
2020-05-08 20:00:00,16.08755000000002,79.22641540929507,2.2270371974968,15.0,51.43701
2020-05-08 21:00:00,15.437520000000006,82.81230265930013,2.2245282296074755,16.0,45.526703
2020-05-08 22:00:00,15.034800000000018,84.01946034593502,2.2245770651799077,17.0,52.369324
2020-05-08 23:00:00,14.468380000000025,85.43009638442953,2.4588177249233425,17.0,71.4317
2020-05-09 00:00:00,13.997580000000028,86.3607793474851,2.5141335973116736,13.0,54.11905
2020-05-09 01:00:00,14.08856000000003,86.76361962524072,2.2760143825008776,13.0,31.993973
2020-05-09 02:00:00,16.188800000000015,84.37061867782197,1.748473193822077,18.0,64.14862
2020-05-09 03:00:00,19.846339999999998,75.23484005012355,1.0753023443791982,18.0,232.03535
2020-05-09 04:00:00,22.428200000000004,58.986314293888306,0.7115738539518228,17.0,364.74512
2020-05-09 05:00:00,21.10850000000005,66.63596526800599,3.5798045904804607,12.0,551.5513
2020-05-09 06:00:00,19.53683000000001,76.22174894113441,4.725211131123524,13.0,361.28857
2020-05-09 07:00:00,18.26287000000002,78.70990048801335,1.1327133621646792,15.0,376.07422
2020-05-09 08:00:00,19.156800000000032,74.75411109556002,2.8767498545642876,11.0,513.0847
2020-05-09 09:00:00,21.04388,63.406951845100814,3.596348513596908,13.0,715.94824
2020-05-09 10:00:00,21.91238000000004,55.06143940370305,3.8169134632052493,13.0,812.78394
2020-05-09 11:00:00,22.41873000000004,50.551576864202595,3.84624769129824,16.0,850.39136
2020-05-09 12:00:00,22.363850000000014,52.46830883924084,2.9990847417784194,20.0,662.6526
2020-05-09 13:00:00,20.82815000000005,60.647680019271064,2.2909438784146436,20.0,160.08612
2020-05-09 14:00:00,17.6721,77.76094529972335,2.918303559717332,21.0,130.38232
2020-05-09 15:00:00,15.729520000000036,89.57027889654871,1.2596974814011932,25.0,113.25238
2020-05-09 16:00:00,15.155940000000044,90.57970479318266,1.8118261934245792,25.0,48.790756
2020-05-09 17:00:00,14.921350000000018,88.6193050667455,2.757296699474052,25.0,84.52243
2020-05-09 18:00:00,14.828599999999994,85.47979136419471,3.2075815511473063,28.0,108.64644
2020-05-09 19:00:00,15.21407000000005,77.18664056958445,2.4945777875780584,28.0,98.57013
2020-05-09 20:00:00,14.90124000000003,77.09310792880392,2.590311911972489,25.0,86.463104
2020-05-09 21:00:00,14.677940000000035,78.22054830325646,2.6548911615391844,18.0,83.75452
2020-05-09 22:00:00,14.51687000000004,79.5945209094659,2.646768063362474,18.0,79.156876
2020-05-09 23:00:00,14.300200000000018,80.01783613982727,2.5746741048807635,18.0,100.26016
2020-05-10 00:00:00,13.731600000000014,82.38084292781052,2.389514500665717,11.0,98.3589
2020-05-10 01:00:00,13.81973000000005,85.23725826409556,2.155546865351178,21.0,97.16925
2020-05-10 02:00:00,15.931700000000035,83.43657593495749,1.6929036411570064,21.0,128.58485
2020-05-10 03:00:00,19.36617000000001,68.7719110795136,1.571117656393136,32.0,240.63115
2020-05-10 04:00:00,20.996550000000013,58.16256612310801,1.7595578311968707,26.0,721.3596
2020-05-10 05:00:00,22.069540000000018,53.116410504392555,1.398892890439878,16.0,1284.6184
2020-05-10 06:00:00,22.70580000000001,50.576722796483146,0.958291130112436,16.0,1461.644
2020-05-10 07:00:00,23.557900000000018,45.81209140074229,0.17106447215961468,17.0,1599.6738
2020-05-10 08:00:00,24.098000000000013,43.86602014182608,0.8385647060114358,18.0,1723.2544
2020-05-10 09:00:00,24.38590000000005,42.65992798697575,1.2605271183396503,18.0,1681.206
2020-05-10 10:00:00,24.692300000000046,41.319044509093274,1.496758665355915,18.0,1521.6257
2020-05-10 11:00:00,24.71404000000001,40.23738524456126,1.7651251886755057,15.0,1294.9187
2020-05-10 12:00:00,24.443930000000023,42.0858033418075,2.09178259904881,17.0,1015.86597
2020-05-10 13:00:00,23.33193,52.608193434289284,2.1170363952430797,17.0,285.45215
2020-05-10 14:00:00,21.309560000000033,56.66703816468142,2.7615170686375636,25.0,137.95842
2020-05-10 15:00:00,19.230920000000026,59.194462909435046,2.9821635855068047,22.0,106.071884
2020-05-10 16:00:00,17.761000000000024,62.49905203990858,2.79232894429721,22.0,97.82469
2020-05-10 17:00:00,16.32235000000003,67.1645067940422,2.663794803737255,23.0,86.05055
2020-05-10 18:00:00,14.909270000000049,72.0934493415598,2.672622509617624,23.0,57.012894
2020-05-10 19:00:00,14.715840000000014,70.7909501562888,2.6361171727171957,19.0,38.55809
2020-05-10 20:00:00,13.363,76.37804909418132,2.4944016789140537,13.0,29.383358
2020-05-10 21:00:00,12.315850000000012,80.07839319659897,2.476116464341142,16.0,24.750599
2020-05-10 22:00:00,11.518820000000005,82.27982363437668,2.4931463381628944,15.0,20.07319
2020-05-10 23:00:00,10.873739999999998,83.72415568242326,2.497552846058565,16.0,17.3589
2020-05-11 00:00:00,10.414100000000019,84.09211347453979,2.4823146052819904,16.0,15.494435
2020-05-11 01:00:00,10.667050000000017,85.05917876118424,2.2528504093316775,11.0,15.257718
2020-05-11 02:00:00,13.8981,85.66476631940705,1.4607840098348737,16.0,19.775604
2020-05-11 03:00:00,19.54385000000002,74.20756517617151,0.6327560384045127,16.0,62.66748
2020-05-11 04:00:00,22.54806000000002,51.09643405665506,0.24099968421867632,12.0,212.96812
2020-05-11 05:00:00,23.99550000000005,47.678431322243135,1.0851418706049165,14.0,411.4231
2020-05-11 06:00:00,25.144370000000038,44.78700152422637,1.7190283041490155,14.0,671.74243
2020-05-11 07:00:00,26.217430000000036,39.61973975426024,2.118110855282596,15.0,868.8425
2020-05-11 08:00:00,26.891200000000026,36.58392728150039,2.0470931082865014,15.0,980.0188
2020-05-11 09:00:00,27.31660000000005,33.989622199818115,1.886748746373809,16.0,1026.9307
2020-05-11 10:00:00,27.510980000000018,32.4335102384628,1.6882325128233966,13.0,1007.28784
2020-05-11 11:00:00,27.378750000000025,32.88401434893273,1.4797144332800503,20.0,895.8689
2020-05-11 12:00:00,26.958150000000046,39.2498858753548,1.036157842343998,20.0,678.0867
2020-05-11 13:00:00,25.590720000000033,53.903619378861734,0.675360051932286,20.0,46.66974
2020-05-11 14:00:00,24.185450000000003,59.416296408859345,0.9464544161373842,35.0,20.34552
2020-05-11 15:00:00,23.314970000000017,53.08795469121452,1.0086764093845662,35.0,13.523377
2020-05-11 16:00:00,21.540800000000047,56.79463962911366,1.315380927097318,60.0,17.26362
2020-05-11 17:00:00,17.668180000000007,71.36474859462221,2.1861979545657064,39.0,20.275402
2020-05-11 18:00:00,16.08032000000003,75.45437509616303,2.578343129613577,32.0,20.239765
2020-05-11 19:00:00,14.778160000000014,80.23809945658621,2.459436725161566,32.0,19.651398
2020-05-11 20:00:00,14.009800000000041,82.88326173582573,2.491589288523261,21.0,20.141783
2020-05-11 21:00:00,13.445760000000007,83.76564086824668,2.5215194988308482,16.0,22.056376
2020-05-11 22:00:00,13.118430000000046,82.51799431358432,2.569980535262287,14.0,20.770693
2020-05-11 23:00:00,12.813379999999995,81.5286646660743,2.568169232631216,16.0,23.385302
2020-05-12 00:00:00,12.519600000000025,80.88222208554893,2.5878200388698773,16.0,25.40883
2020-05-12 01:00:00,12.964600000000019,81.37305428177103,2.3998904373990544,16.0,27.354544
2020-05-12 02:00:00,16.182200000000023,81.38796514469935,1.7430745058663382,14.0,33.485474
2020-05-12 03:00:00,21.661040000000014,68.9347322243931,1.0512459354865205,20.0,62.626648
2020-05-12 04:00:00,25.044600000000003,51.61261076492463,0.532102889999466,22.0,164.63155
2020-05-12 05:00:00,26.769800000000032,39.08455939803294,0.14184658741726425,26.0,500.9143
2020-05-12 06:00:00,27.745420000000024,36.65580222642376,0.7674447187798868,26.0,924.4429
2020-05-12 07:00:00,28.32202000000001,37.30095883173489,0.6919905071906108,32.0,1269.6494
2020-05-12 08:00:00,28.78344000000004,37.38659277065983,1.1316330962716492,32.0,1443.083
2020-05-13 01:00:00,14.186360000000036,95.81401683729288,1.1842017213149119,24.0,26.542572
2020-05-13 02:00:00,16.702140000000043,91.22991655873616,0.7461572389825569,25.0,66.43796
2020-05-13 03:00:00,18.85635000000002,84.30076646041307,0.8810730485153486,23.0,312.73224
2020-05-13 04:00:00,20.35485,77.89747526427284,2.1380181101860902,23.0,529.3755
2020-05-13 05:00:00,21.322000000000003,73.40257479622699,3.304093237046476,20.0,669.2837
2020-05-13 06:00:00,21.95663000000002,69.48654963799319,3.065040945199194,21.0,862.4812
2020-05-13 07:00:00,23.947050000000047,61.89705813053277,2.939180350629207,25.0,1020.3943
2020-05-13 08:00:00,23.223839999999996,63.38047135436658,3.662213964461487,22.0,1147.8953
2020-05-13 09:00:00,22.455129999999997,66.28544468346857,2.7705047645441794,21.0,722.73535
2020-05-13 10:00:00,22.50582000000003,65.9067630101986,2.3810173682029845,17.0,958.2954
2020-05-13 11:00:00,21.22634000000005,71.58328758192978,2.4137226019552536,16.0,615.4072
2020-05-13 12:00:00,20.65368000000001,72.80273496163248,2.6437625434863947,16.0,728.3616
2020-05-13 13:00:00,19.22213000000005,80.71072978742929,2.4077797382435837,15.0,649.3545
2020-05-13 14:00:00,18.15133000000003,85.28517966845591,1.4718968184036474,12.0,551.15936
2020-05-13 15:00:00,17.44607000000002,91.32345463406828,0.8648584272437853,11.0,424.76627
2020-05-13 16:00:00,17.236230000000035,91.54153668655745,1.4014531149227756,9.0,344.2226
2020-05-13 17:00:00,16.57415000000003,92.692801192554,1.7191938778190807,9.0,269.45038
2020-05-13 18:00:00,16.087500000000034,94.67539010918554,1.9563459866249189,16.0,262.57837
2020-05-13 19:00:00,15.176480000000026,97.09336939069995,1.6576929794190143,13.0,267.18195
2020-05-13 20:00:00,14.775779999999997,97.01590830274733,1.5326084288932666,12.0,266.36432
2020-05-13 21:00:00,14.656030000000044,96.7386743190553,1.44200663015206,12.0,270.5612
2020-05-13 22:00:00,14.41604000000001,97.09108286413772,1.1708165976018974,16.0,195.44746
2020-05-13 23:00:00,14.242580000000032,97.51242398399148,1.0952951278235867,11.0,162.9538
2020-05-14 00:00:00,14.071300000000008,97.65386591704205,1.1652509230107475,11.0,163.4736
2020-05-14 01:00:00,14.009150000000034,97.44241514076742,1.3049914088450745,17.0,182.27179
2020-05-14 02:00:00,14.065179999999998,96.28214607437522,1.5520794075796638,11.0,270.8827
2020-05-14 03:00:00,14.126800000000003,95.45876334232314,1.8421958018090097,11.0,279.41208
2020-05-14 04:00:00,14.11483000000004,94.46278235124682,1.619884326651042,11.0,344.4734
2020-05-14 05:00:00,14.305570000000046,93.13404151708573,1.1593889424333599,12.0,356.198
2020-05-14 06:00:00,14.349199999999996,91.9164488410083,0.5597327682711065,10.0,325.4162
2020-05-14 07:00:00,15.13250000000005,89.13450695169826,1.4299001204519026,10.0,305.70413
2020-05-14 08:00:00,15.463279999999997,87.47698036259845,0.5190134306851961,9.0,250.7054
2020-05-14 09:00:00,15.91393000000005,83.70057336524906,0.9683669866026267,9.0,330.93735
2020-05-14 10:00:00,15.776300000000049,85.21657671480546,1.7387322744890614,14.0,362.78296
2020-05-14 11:00:00,15.614340000000027,87.19535590527481,2.0865399165427196,10.0,319.4043
2020-05-14 12:00:00,15.887900000000002,89.47218707428543,2.1771958026772924,13.0,335.73486
2020-05-14 13:00:00,15.427549999999997,88.62722477624847,1.8022898042932496,14.0,355.06738
2020-05-14 14:00:00,14.893670000000043,87.90734714343998,0.8430529556120608,16.0,116.516235
2020-05-14 15:00:00,14.221339999999998,91.37953492673371,0.9944771496948931,15.0,21.719086
2020-05-14 16:00:00,13.07430000000005,95.08026194637254,1.7458442996561236,17.0,36.06987
2020-05-14 17:00:00,12.36483000000004,95.54794074062818,1.8765920574167305,17.0,38.828552
2020-05-14 18:00:00,11.541560000000004,95.7666021004705,1.963887862207533,17.0,40.04219
2020-05-14 19:00:00,10.714800000000025,93.59651379452323,1.9435016826930582,13.0,36.969997
2020-05-14 20:00:00,9.881920000000036,94.33570539709842,1.9707846233137627,16.0,25.844536
2020-05-14 21:00:00,9.004170000000045,95.67102941869757,1.9093784827826341,20.0,17.814823
2020-05-14 22:00:00,8.316280000000006,96.21104500970047,1.8676904157864231,20.0,18.136932
2020-05-14 23:00:00,7.642080000000021,96.6222329654559,1.9080980822903864,23.0,22.493132
2020-05-15 00:00:00,7.206140000000005,96.29090477870828,1.9986535906270602,23.0,27.753502
2020-05-15 01:00:00,7.862760000000037,95.18430604833323,1.7169438223121356,19.0,27.700867
2020-05-15 02:00:00,11.462000000000046,90.18686507381443,1.0304025566500357,10.0,45.792084
2020-05-15 03:00:00,15.147850000000005,73.65189663480558,0.4915148244851774,9.0,124.678345
2020-05-15 04:00:00,17.148030000000006,61.35692074440728,0.4704016652722417,6.0,409.39355
2020-05-15 05:00:00,18.627530000000036,55.99636604833559,0.8513147577584759,8.0,721.26
2020-05-15 06:00:00,19.839380000000006,52.570270733563675,1.2707153675104759,12.0,976.2783
2020-05-15 07:00:00,20.806970000000035,51.066534754269036,1.5838252315118104,15.0,1169.7014
2020-05-15 08:00:00,21.492999999999995,49.68558351288765,1.8753814078398159,15.0,1277.4827
2020-05-15 09:00:00,21.856700000000046,48.705857053634176,2.2257015477016884,11.0,1325.6426
2020-05-15 10:00:00,22.139340000000004,47.61981434848303,2.3497191911499296,12.0,1443.3853
2020-05-15 11:00:00,22.060969999999998,47.289877210973266,2.2776201007298575,12.0,1327.3928
2020-05-15 12:00:00,21.78036000000003,48.345801857006656,2.2134462552174607,10.0,1354.394
2020-05-15 13:00:00,21.025959999999998,56.074460206087394,1.5804025669173496,10.0,290.91992
2020-05-15 14:00:00,19.795740000000023,63.367266138360016,1.451492307664691,22.0,84.98091
2020-05-15 15:00:00,17.91726,72.22368725667604,1.137654352267199,31.0,35.133224
2020-05-15 16:00:00,18.16482000000002,63.32439690420171,0.5978495085190121,24.0,29.365604
2020-05-15 17:00:00,16.617400000000032,69.76776119423494,1.043353408526271,24.0,35.062916
2020-05-15 18:00:00,14.102840000000015,81.2741498745197,1.4590320362516969,16.0,36.386963
2020-05-15 19:00:00,13.212640000000022,86.0451058541975,1.5354295291693103,12.0,39.43251
2020-05-15 20:00:00,12.500820000000033,89.56641460071725,1.5136674464639261,21.0,40.458954
2020-05-15 21:00:00,11.78597000000002,91.81176893089838,1.6699624649889475,19.0,37.73889
2020-05-15 22:00:00,11.46514000000002,92.31677030146552,1.7949730832575548,16.0,25.033432
2020-05-15 23:00:00,11.146720000000016,93.0385532429305,1.8178792846079797,19.0,29.110336
2020-05-16 00:00:00,11.061000000000035,93.59589008623779,1.6549459464039695,19.0,25.175674
2020-05-16 01:00:00,11.257780000000025,94.77605757334148,1.3401320220317137,19.0,19.5822
2020-05-16 02:00:00,13.992460000000051,89.47074993829355,0.9475316416116193,22.0,60.454906
2020-05-16 03:00:00,16.116420000000005,78.56726863212084,1.041705737082023,27.0,180.64444
2020-05-16 04:00:00,17.437340000000006,73.83480489956158,1.2735631392722302,31.0,373.1902
2020-05-16 05:00:00,18.447720000000004,70.72768088548693,1.8419806155499574,27.0,588.85913
2020-05-16 06:00:00,19.178860000000043,66.45294369479923,2.4471584990550017,27.0,774.1306
2020-05-16 07:00:00,18.858000000000004,69.38763703215014,2.129422817191216,18.0,872.4575
2020-05-16 08:00:00,19.139370000000042,68.05747416508218,1.744887234768831,23.0,1034.7046
2020-05-16 09:00:00,19.161040000000014,67.84384086248237,1.3427748291294221,17.0,953.1233
2020-05-16 10:00:00,19.5265,67.50873639529614,0.7857005964743842,15.0,855.4219
2020-05-16 11:00:00,18.676000000000045,69.98964984635214,1.1428786658500893,13.0,369.20044
2020-05-16 12:00:00,18.612700000000018,70.38639069403833,1.798017680177912,14.0,500.03882
2020-05-16 13:00:00,18.48556000000002,71.10227351691265,1.113540204225429,16.0,381.667
2020-05-16 14:00:00,17.850060000000042,76.56079367868543,1.3614172822695336,24.0,53.76538
2020-05-16 15:00:00,16.501300000000015,85.4512879264438,1.0924306139094877,26.0,29.532562
2020-05-16 16:00:00,15.753100000000018,86.52413589086926,0.8331181522333919,30.0,44.51671
2020-05-16 17:00:00,14.111570000000029,92.42363686917592,1.4679329742410754,30.0,46.45433
2020-05-16 18:00:00,13.34277000000003,92.75953926904097,1.8425228700379976,32.0,43.510803
2020-05-16 19:00:00,12.556900000000041,88.48128113785071,2.0504124512289446,32.0,36.62442
2020-05-16 20:00:00,11.90658000000002,88.88736325285417,2.1337295951934294,20.0,35.096634
2020-05-16 21:00:00,11.291470000000004,89.07630829852611,2.1887264545898213,20.0,32.825516
2020-05-16 22:00:00,10.740499999999997,88.90544442861346,2.259117774062403,27.0,38.16501
2020-05-16 23:00:00,10.233730000000037,88.52864883937038,2.3144130588519576,27.0,42.475845
2020-05-17 00:00:00,9.9418,87.68576301173536,2.3359962301207213,17.0,38.448868
2020-05-17 01:00:00,10.465000000000032,87.54479865469733,2.038626612019205,15.0,38.97937
2020-05-17 02:00:00,13.924070000000029,81.71264147706954,1.4670243629857553,15.0,79.39809
2020-05-17 03:00:00,17.765950000000032,65.10224790928531,1.2671222226754217,10.0,190.42784
2020-05-17 04:00:00,19.641840000000002,54.41154746016151,1.3691329491754736,10.0,574.0984
2020-05-17 05:00:00,20.824640000000045,51.55805943415337,1.601754797559667,9.0,1033.7488
2020-05-17 06:00:00,21.720420000000047,49.52947152239874,1.794242096136037,17.0,1425.9065
2020-05-17 07:00:00,22.46472,47.621983359989805,1.8562947887279757,19.0,1717.0518
2020-05-17 08:00:00,22.915430000000015,46.99239764321371,1.6688185965990012,19.0,1815.4036
2020-05-17 09:00:00,23.246550000000013,46.70563645765609,1.4490256736250466,18.0,1902.9448
2020-05-17 10:00:00,23.48720000000003,46.49312204588112,1.369810354266335,12.0,1990.4309
2020-05-17 11:00:00,23.491900000000044,45.76866567892488,1.2671818400849937,17.0,1977.3687
2020-05-17 12:00:00,23.23153000000002,45.635609449664436,0.9772954894325987,16.0,686.5237
2020-05-17 13:00:00,22.085470000000043,53.27782671245222,1.0004605754267064,16.0,112.46539
2020-05-17 14:00:00,20.678860000000043,63.26317142916801,1.2982473221792254,22.0,49.4485
2020-05-17 15:00:00,18.737900000000025,73.25253846928234,1.4372414030609924,29.0,54.222183
2020-05-17 16:00:00,17.157600000000002,72.06856289949404,2.1396280233192986,29.0,48.40016
2020-05-17 17:00:00,15.923429999999996,72.9939425773628,2.349810058157434,41.0,40.921936
2020-05-17 18:00:00,14.73055000000005,75.26107111083464,2.404823938686971,38.0,38.912994
2020-05-17 19:00:00,13.9058,69.52850132660453,2.272629227673463,33.0,36.263805
2020-05-17 20:00:00,13.171080000000018,70.86673184476847,2.4036738007658047,34.0,36.223007
2020-05-17 21:00:00,12.344700000000046,72.43883155448827,2.439083488258772,33.0,35.819763
2020-05-17 22:00:00,11.680840000000046,73.73706802206559,2.422122664132315,23.0,33.997864
2020-05-17 23:00:00,11.314540000000022,73.6255041462516,2.522260660153984,19.0,34.114372
2020-05-18 00:00:00,11.077600000000018,72.80220655727685,2.5679990895901077,18.0,37.48033
2020-05-18 01:00:00,11.537380000000041,76.97180811231264,2.157428297708233,18.0,40.071106
2020-05-18 02:00:00,14.320899999999995,80.89009142332893,1.1490232845289299,18.0,59.672745
2020-05-18 03:00:00,18.42330000000004,63.70509143945663,0.9139915113182111,22.0,119.5246
2020-05-18 04:00:00,19.90237000000002,55.536127699043774,2.687639531514182,35.0,328.24194
2020-05-18 05:00:00,19.63882000000001,61.1379867647837,3.664259116752635,22.0,707.05664
2020-05-18 06:00:00,19.17434000000003,66.20125849842677,3.8417190309777327,17.0,832.8916
2020-05-18 07:00:00,18.776820000000043,66.75005581224406,4.00540768419706,17.0,868.3274
2020-05-18 08:00:00,17.645170000000007,75.56250636859143,2.008444939041885,17.0,450.8252
2020-05-18 09:00:00,17.486050000000034,81.62349496359077,2.049944088435505,17.0,548.4426
2020-05-18 10:00:00,16.846150000000023,84.44630867182688,3.056351003013664,13.0,615.3501
2020-05-18 11:00:00,16.474360000000047,86.71757968027872,2.623339027212805,22.0,519.69946
2020-05-18 12:00:00,16.352700000000027,86.1219459116174,2.2732136009206703,22.0,382.6023
2020-05-18 13:00:00,15.480980000000045,88.7123310048023,2.6080877412104755,25.0,312.5102
2020-05-18 14:00:00,14.291560000000004,93.60856700035512,2.4929857975885885,20.0,303.7123
2020-05-18 15:00:00,13.913900000000012,93.26902694316648,2.4896403949360053,20.0,246.45338
2020-05-18 16:00:00,13.572350000000029,94.56988461245747,2.652342102214556,20.0,168.15503
2020-05-18 17:00:00,13.246759999999995,94.14557700000113,2.2972867363491765,23.0,156.68025
2020-05-18 18:00:00,13.07815000000005,94.5328000118536,2.1376318144799864,30.0,142.10681
2020-05-18 19:00:00,12.442769999999996,94.50778846706636,1.6321552866272198,33.0,118.89821
2020-05-18 20:00:00,12.098299999999995,94.17985459340512,1.6006806569913326,21.0,80.459305
2020-05-18 21:00:00,11.427450000000022,93.9530779361491,1.6631039168341826,21.0,48.086212
2020-05-18 22:00:00,10.765340000000037,94.46225135936105,1.5608913936143571,25.0,36.54226
2020-05-18 23:00:00,9.969629999999995,94.89057728991914,1.6592473292425334,23.0,23.771667
2020-05-19 00:00:00,9.271569999999997,95.65108680732695,1.6863120579512114,20.0,24.809128
2020-05-19 01:00:00,9.454580000000021,97.04055392476185,1.1833989527900997,20.0,23.906708
2020-05-19 02:00:00,12.05800000000005,93.21306079929603,0.5871942327568962,20.0,43.71875
2020-05-19 03:00:00,14.06660000000005,82.22366253874603,0.3273054456933603,40.0,179.40147
2020-05-19 04:00:00,15.44335000000001,75.86786729525713,0.05396479080037673,27.0,450.6858
2020-05-19 05:00:00,16.518200000000036,68.09011609947417,0.649801839200298,24.0,1224.4907
2020-05-19 06:00:00,17.41873000000004,58.30109935656287,0.9796719346527725,24.0,1411.3604
2020-05-19 07:00:00,18.429400000000044,47.9699111253079,1.6690315211879763,22.0,1483.9519
2020-05-19 08:00:00,18.74430000000001,47.847199700946405,1.3513391331199915,15.0,1491.2878
2020-05-19 09:00:00,19.36727000000002,45.616046294825765,0.9127485602837885,14.0,1494.968
2020-05-19 10:00:00,19.897970000000043,44.06943742630218,1.0243934425712549,17.0,1494.6357
2020-05-19 11:00:00,19.82913000000002,43.808141965930844,1.4121045052862764,15.0,1459.1807
2020-05-19 12:00:00,19.41300000000001,46.56701277937994,1.7813224129796463,16.0,1277.7078
2020-05-19 13:00:00,18.66055,55.325116472411125,1.5653889820688758,14.0,266.8772
2020-05-19 14:00:00,17.61324000000002,63.0121415793667,1.033533948474569,14.0,95.06082
2020-05-19 15:00:00,17.3014,58.043055714800396,0.31561880001472825,21.0,26.736908
2020-05-19 16:00:00,14.571529999999996,73.45170873002691,1.7872019372005716,32.0,37.85573
2020-05-19 17:00:00,13.148520000000019,77.2019814691496,2.058318060216269,26.0,30.78717
2020-05-19 18:00:00,11.859900000000039,80.45503710348818,2.201986100190725,26.0,28.967438
2020-05-19 19:00:00,11.168100000000038,77.57422865340406,2.231315566085992,31.0,29.765533
2020-05-19 20:00:00,10.377160000000003,77.40010755141196,2.1996158169609448,26.0,27.279236
2020-05-19 21:00:00,9.683220000000006,77.33023145834905,2.2904580116243154,26.0,23.503391
2020-05-19 22:00:00,9.12533000000002,77.64231454947458,2.324372698926193,16.0,26.745941
2020-05-19 23:00:00,8.733100000000036,77.13816749193606,2.3271836764052067,16.0,28.350616
2020-05-20 00:00:00,8.416930000000036,76.61386483813097,2.298709396159445,14.0,28.757828
2020-05-20 01:00:00,8.86710000000005,81.07581624849104,1.952419518636209,22.0,30.137081
2020-05-20 02:00:00,12.626250000000027,80.48552756183032,1.2640415076087201,25.0,55.417603
2020-05-20 03:00:00,17.621700000000033,57.345316661289004,1.173421039246195,22.0,193.78284
2020-05-20 05:00:00,20.893640000000005,44.23464172162468,2.6248949281269853,17.0,943.72534
2020-05-20 06:00:00,21.812520000000006,42.38004355960281,2.972474948158184,14.0,1294.456
2020-05-20 07:00:00,22.688260000000014,38.72130907664458,3.391729565026376,14.0,1847.0742
2020-05-20 08:00:00,23.09316000000001,37.373997053904006,3.1915001588626,13.0,1913.709
2020-05-20 09:00:00,23.122220000000027,37.86315395859547,2.6681177027731926,13.0,2075.2195
2020-05-20 10:00:00,23.366240000000005,37.95835179370187,2.271636339209989,11.0,2212.37
2020-05-20 11:00:00,23.484640000000013,37.735514946562034,2.1975091152706354,15.0,2200.9783
2020-05-20 12:00:00,22.99413000000004,41.77121145793265,1.7419149690513054,17.0,2121.7253
2020-05-20 13:00:00,22.40762000000001,50.8813164409969,0.9837711445099478,24.0,174.15411
2020-05-20 14:00:00,21.696860000000015,51.61048876572944,0.5021945850393901,29.0,21.591995
2020-05-20 15:00:00,18.29006000000004,67.01413987525312,1.5826627625249954,29.0,24.214111
2020-05-20 16:00:00,15.890160000000037,70.4223449865363,2.413921706750611,37.0,26.498047
2020-05-20 17:00:00,14.03982000000002,75.84390714972163,2.4769258233381573,25.0,23.857803
2020-05-20 18:00:00,12.778440000000046,79.32737212114613,2.4867681903664187,33.0,22.18724
2020-05-20 19:00:00,12.22670000000005,81.15189517801385,2.2962609191552183,16.0,20.197052
2020-05-20 20:00:00,11.4803,83.4928056320059,2.2071216911756846,16.0,16.852934
2020-05-20 21:00:00,10.873559999999998,84.90304993189547,2.0664150327344726,13.0,14.748095
2020-05-20 22:00:00,10.314840000000004,85.44444732260587,2.100457797611197,16.0,20.412615
2020-05-20 23:00:00,9.943630000000041,84.32007533754978,2.2576552518535795,15.0,32.275253
2020-05-21 00:00:00,9.739300000000014,81.86792580111421,2.3411077585014173,12.0,41.44275
2020-05-21 01:00:00,10.395600000000002,81.97405957383266,2.129449567778474,13.0,44.534092
2020-05-21 02:00:00,14.033620000000042,77.79911168638803,1.5759220897095199,14.0,55.640335
2020-05-21 03:00:00,18.522640000000024,63.43829663414587,1.2030786414058274,14.0,112.53993
2020-05-21 04:00:00,20.820640000000026,50.86182215868291,1.4709005320411765,11.0,289.3684
2020-05-21 05:00:00,22.16160000000002,46.38718729971133,2.1540940712513765,14.0,666.12646
2020-05-21 06:00:00,23.063000000000045,43.19643202375171,2.422180932482415,19.0,1000.9324
2020-05-21 07:00:00,24.608420000000024,40.526390376209015,2.412722642078434,19.0,1421.0051
2020-05-21 08:00:00,25.027500000000032,39.831689770508916,2.973697708548448,14.0,1569.48
2020-05-21 09:00:00,25.233360000000005,39.50020590431617,3.0368701167789833,16.0,1586.4819
2020-05-21 10:00:00,25.21840000000003,39.90276185791872,3.181290048313146,19.0,1713.8096
2020-05-21 11:00:00,25.04208,40.74560543675716,2.7485335800576602,16.0,1455.938
2020-05-21 12:00:00,24.792400000000043,43.621368526721525,2.4891729761994785,20.0,1351.2756
2020-05-21 13:00:00,23.874930000000006,52.379326741392255,2.0766022156661705,20.0,357.3672
2020-05-21 14:00:00,22.105430000000013,56.87035345574151,2.310928891137285,20.0,136.4485
2020-05-21 15:00:00,19.89453000000003,60.39523123098763,2.5398767219364404,17.0,104.19899
2020-05-21 16:00:00,17.940420000000017,64.78821855878229,2.4153482671720963,24.0,87.14049
2020-05-21 17:00:00,16.057240000000036,70.48852353530502,2.267961263943256,21.0,57.937363
2020-05-21 18:00:00,14.38076000000001,75.67977320784222,2.272437425496141,21.0,40.859497
2020-05-21 19:00:00,13.282650000000046,78.12232056531782,2.2028165171767915,26.0,33.67253
2020-05-21 20:00:00,12.241970000000038,81.2682302869631,2.197211019119743,23.0,33.260048
2020-05-21 21:00:00,11.526880000000006,82.2848530497635,2.2483415436277516,23.0,34.411358
2020-05-21 22:00:00,10.936180000000036,82.75560840738817,2.2586370681371655,17.0,32.250816
2020-05-21 23:00:00,10.387500000000045,83.30864130668321,2.2915813126778724,17.0,29.148876
2020-05-22 00:00:00,9.934349999999995,83.6117802288348,2.333038520028002,21.0,26.836992
2020-05-22 01:00:00,10.495570000000043,84.98606889909632,2.1105521658119066,17.0,28.314716
2020-05-22 02:00:00,14.304560000000038,81.67464745605709,1.4922978393966873,17.0,37.820282
2020-05-22 03:00:00,19.568930000000023,66.32489910934908,0.8642655523580038,16.0,89.28163
2020-05-22 04:00:00,22.55600000000004,50.93282267394779,0.3026100763768241,16.0,198.7866
2020-05-22 05:00:00,24.280850000000044,45.17983199027417,0.8359354275619045,16.0,416.11914
2020-05-22 06:00:00,25.48275000000001,41.41860437039723,1.5073268393596435,11.0,661.7715
2020-05-22 07:00:00,26.234700000000032,39.60458620501622,1.8769196514938387,21.0,895.6035
2020-05-22 08:00:00,26.94467000000003,36.192184506249205,2.2003221846009597,12.0,1073.7698
2020-05-22 09:00:00,27.435879999999997,33.85957412317891,2.4720268508951215,15.0,1189.919
2020-05-22 10:00:00,27.673730000000035,32.704394524078,2.6608007493012247,13.0,1258.8381
2020-05-22 11:00:00,27.518580000000043,33.694754577297694,2.802788075267893,13.0,1181.9663
2020-05-22 12:00:00,26.89187000000004,41.305015504712586,2.468651988004658,20.0,926.8252
2020-05-22 13:00:00,25.634360000000015,49.54623372721592,2.174416747016614,20.0,306.4856
2020-05-22 14:00:00,23.615200000000016,53.25749387030421,2.444417817996279,24.0,115.97603
2020-05-22 15:00:00,21.238730000000032,57.60997013652761,2.698915669156782,26.0,71.535645
2020-05-22 16:00:00,18.930000000000007,65.88806865130661,2.4377652674474075,29.0,54.533127
2020-05-22 18:00:00,15.53445000000005,80.53379141804542,2.2646112673143994,20.0,30.653625
2020-05-22 19:00:00,15.027370000000019,83.7827907699069,2.2763582885447833,20.0,27.35093
2020-05-22 20:00:00,14.391260000000045,85.46853965422994,2.39173070249121,14.0,24.118233
2020-05-22 21:00:00,13.87838000000005,86.15845933074597,2.4954432961995128,20.0,21.274296
2020-05-22 22:00:00,13.456450000000018,86.01293049037217,2.570770339784214,20.0,17.302916
2020-05-22 23:00:00,13.092200000000048,85.47715713708476,2.606004039203579,16.0,17.38164
2020-05-23 00:00:00,12.76284000000004,84.87286077674551,2.5586014817104346,11.0,17.706772
2020-05-23 01:00:00,13.31826000000001,85.25560138457976,2.1110981788648373,11.0,15.864408
2020-05-23 02:00:00,16.859280000000012,85.00039742782043,1.178900300174564,15.0,27.63272
2020-05-23 03:00:00,22.165800000000047,65.84606032475035,0.5087096978387815,20.0,83.67682
2020-05-23 04:00:00,24.47628000000003,51.86032309394924,0.7948574105295192,25.0,210.70613
2020-05-23 05:00:00,25.854270000000042,49.306156539507334,1.3089179100329116,25.0,321.60645
2020-05-23 06:00:00,27.1456,46.42527899232228,1.939169251627833,27.0,453.85693
2020-05-23 07:00:00,28.76074,42.68987099117481,2.3639358160065727,17.0,614.26636
2020-05-23 08:00:00,29.654930000000036,39.54804890557353,2.8581756498806192,18.0,781.1941
2020-05-23 09:00:00,30.326300000000003,36.6981181858161,3.129716775364116,19.0,907.17554
2020-05-23 10:00:00,30.686239999999998,34.92808277258644,3.1076082664958675,18.0,950.8628
2020-05-23 11:00:00,30.68557000000004,36.50510711742643,2.769092261274232,23.0,964.18823
2020-05-23 12:00:00,30.246200000000044,44.20611856133121,1.7983435391082596,22.0,598.4309
2020-05-23 13:00:00,28.94870000000003,59.784276102647695,1.0008636939468667,31.0,169.93567
2020-05-23 14:00:00,28.202420000000018,53.20126335784111,0.5873210858914077,31.0,48.588806
2020-05-23 15:00:00,27.108060000000023,51.924323477779694,0.6662646670226273,47.0,19.438068
2020-05-23 16:00:00,22.878930000000025,67.57896643658205,1.687190940282104,47.0,20.722141
2020-05-23 17:00:00,19.741100000000017,79.20236311105397,2.540155416510549,36.0,22.380333
2020-05-23 18:00:00,18.093380000000025,84.69633362702011,2.652288910210817,28.0,22.48268
2020-05-23 19:00:00,16.9289,86.59639708756521,2.691602935757703,28.0,21.850658
2020-05-23 20:00:00,16.15984000000003,87.05091110511574,2.716408653701502,19.0,20.066072
2020-05-23 21:00:00,15.300070000000005,86.94600127816494,2.6790715402007788,16.0,16.830423
2020-05-23 22:00:00,14.6875,85.19247058157227,2.631372722068636,20.0,16.495693
2020-05-23 23:00:00,14.341270000000009,82.08549559456011,2.6380121601629933,19.0,19.909195
2020-05-24 00:00:00,14.147520000000043,78.39660143817696,2.680975404297747,16.0,18.240345
2020-05-24 01:00:00,14.76278000000002,78.13230171988204,2.5040879658132535,16.0,16.094398
2020-05-24 02:00:00,17.965480000000014,79.16138050735087,1.7770764804712929,33.0,29.051437
2020-05-24 03:00:00,23.472380000000044,64.09232756062517,1.1970479844687147,33.0,74.87123
2020-05-24 04:00:00,26.65527000000003,50.864816346078086,0.9494918242051597,33.0,191.48174
2020-05-24 05:00:00,28.35558000000003,44.4680255943435,1.1477725908326788,15.0,323.8518
2020-05-24 06:00:00,29.495840000000044,42.42915869852116,1.417431614135317,15.0,503.3037
2020-05-24 07:00:00,30.641700000000014,42.76647987666689,1.7863097283189233,23.0,689.7207
2020-05-24 08:00:00,31.28048000000001,40.888328869556,1.971763248387745,25.0,866.9143
2020-05-24 09:00:00,31.718530000000044,38.581856871113466,1.5454174417018918,30.0,1021.0769
2020-05-24 10:00:00,32.02377000000001,36.72851595424249,1.2328044181138977,26.0,911.1245
2020-05-24 11:00:00,32.00150000000002,37.261795627730585,1.2639312659218012,26.0,744.70557
2020-05-24 12:00:00,31.737450000000024,40.49822746651054,0.7780854933662965,22.0,459.04004
2020-05-24 13:00:00,30.54287000000005,48.87590171216862,0.024642278244018857,36.0,51.681915
2020-05-24 14:00:00,27.94204000000002,71.93304665633137,1.2243193782991308,40.0,28.189068
2020-05-24 15:00:00,24.963160000000016,72.67196946624277,1.922906549993086,40.0,26.27095
2020-05-24 16:00:00,23.037740000000042,72.78379596113221,2.6174366080066993,43.0,20.777557
2020-05-24 17:00:00,21.220000000000027,76.76722083716642,2.816079662348627,49.0,17.984274
2020-05-24 18:00:00,19.495300000000043,81.9396460601437,2.6808311028352594,41.0,16.815403
2020-05-24 19:00:00,18.25723000000005,85.50410235520476,2.374119842745203,41.0,15.748671
2020-05-24 20:00:00,17.54540000000003,85.27558609052424,2.486266519644648,28.0,17.56195
2020-05-24 21:00:00,16.97738000000004,83.74473478695113,2.6061766530442663,23.0,21.225422
2020-05-24 22:00:00,16.42166000000003,82.22515322180526,2.7202382701623096,21.0,25.184633
2020-05-24 23:00:00,15.847620000000006,81.18827981516232,2.7179739302346038,24.0,22.38693
2020-05-25 00:00:00,15.328520000000026,80.2027733513591,2.746856725942815,20.0,21.725595
2020-05-25 01:00:00,15.898500000000013,79.93445094028213,2.4072427721929435,20.0,19.140377
2020-05-25 02:00:00,19.24633,80.00251676468152,1.6752336046098362,20.0,27.119427
2020-05-25 03:00:00,24.924599999999998,62.22819943712219,1.1935782815210914,27.0,79.663025
2020-05-25 04:00:00,28.04308000000003,48.05519165937927,1.0242371042226954,55.0,211.96068
2020-05-25 05:00:00,29.81990000000002,40.80528325389957,1.132366687580794,55.0,354.33838
2020-05-25 06:00:00,31.012699999999995,38.05302600235779,1.2024128165008316,63.0,513.64746
2020-05-25 07:00:00,32.0419,37.22944735423093,1.4312490591073588,27.0,668.5049
2020-05-25 08:00:00,32.69460000000004,36.248428886702115,1.5191705717489838,27.0,815.5613
2020-05-25 09:00:00,33.08430000000004,35.72295678796296,1.870809766855524,23.0,955.5227
2020-05-25 10:00:00,33.29260000000005,35.00726698228851,1.419887517744434,22.0,1101.2156
2020-05-25 11:00:00,33.27170000000001,35.678588955291296,0.8538683018428618,26.0,885.10986
2020-05-25 12:00:00,32.716800000000035,42.32898980078296,0.5882133110873732,28.0,414.68762
2020-05-25 13:00:00,31.316130000000044,54.57084164423515,0.4787115326849392,48.0,88.81239
2020-05-25 14:00:00,29.443700000000035,68.02470909796655,0.8936930484474435,44.0,29.680222
2020-05-25 15:00:00,26.442200000000014,72.6734758655928,1.580996099926808,44.0,32.695576
2020-05-25 16:00:00,24.10092000000003,76.14638550747819,2.479923289870715,44.0,32.69516
2020-05-25 17:00:00,22.33724000000001,80.01326962760983,2.695859473576949,57.0,23.716568
2020-05-25 18:00:00,20.642719999999997,84.75092195576336,2.536838316855228,45.0,20.538235
2020-05-25 19:00:00,19.13772,83.82850712653395,2.4099486232220886,38.0,21.020367
2020-05-25 20:00:00,18.29272000000003,84.0611351247057,2.4385530964152737,30.0,22.311504
2020-05-25 21:00:00,17.58330000000001,82.91356816087976,2.558656672971491,31.0,24.147963
2020-05-25 22:00:00,16.975700000000018,80.9007060168683,2.677072145258908,29.0,17.569925
2020-05-25 23:00:00,16.49340000000001,78.22138963452385,2.671649722947441,29.0,21.091469
2020-05-26 00:00:00,16.139370000000042,75.28751988419691,2.6527276341021615,35.0,20.799793
2020-05-26 01:00:00,16.739400000000046,75.69308092459431,2.366105622934287,27.0,19.812004
2020-05-26 02:00:00,19.877620000000036,77.31693284786463,1.679319223631201,27.0,44.804245
2020-05-26 03:00:00,25.352930000000015,60.41348618879314,1.2130079661483886,20.0,117.39209
2020-05-26 04:00:00,28.447400000000016,48.894957020280856,1.0583145882778193,41.0,229.89651
2020-05-26 05:00:00,30.288100000000043,39.25251891696831,1.3610578311700985,43.0,353.99976
2020-05-26 06:00:00,31.40643,37.81850631657371,1.556073437857304,41.0,497.87598
2020-05-26 07:00:00,32.46520000000004,38.39757023913282,1.704304114515814,36.0,669.7993
2020-05-26 08:00:00,33.071500000000015,37.83030562285522,2.0865508948129565,36.0,833.9502
2020-05-26 09:00:00,33.44076000000001,36.73610732201052,2.326413285597626,29.0,954.90454
2020-05-26 10:00:00,33.726770000000045,35.32106695694919,1.997155939240842,27.0,979.7246
2020-05-26 11:00:00,33.68000000000001,36.11368008753285,1.0042261483533426,29.0,680.08154
2020-05-26 12:00:00,32.9554,45.06752388482482,0.3347961764276671,31.0,403.79187
2020-05-26 13:00:00,31.608600000000024,56.192513259009026,0.4052032478871696,31.0,154.36029
2020-05-26 14:00:00,29.95413000000002,67.21204038144809,0.8760305271252709,57.0,29.74527
2020-05-26 15:00:00,27.605340000000012,69.68388612972518,1.3877142379911975,57.0,23.683783
2020-05-26 16:00:00,25.13190000000003,75.08805102796094,1.9792636933525634,58.0,26.721954
2020-05-26 17:00:00,23.444800000000043,77.41532821219708,2.553422617234511,56.0,21.75853
2020-05-26 18:00:00,21.79770000000002,81.78105968141809,2.44803803938123,51.0,21.783485
2020-05-26 19:00:00,19.76513,84.82111512532148,2.1137650468322966,30.0,29.72525
2020-05-26 20:00:00,19.260770000000036,82.6546193790058,2.44675213159449,28.0,34.79851
2020-05-26 21:00:00,19.021900000000016,78.57421472298833,2.6730516174295493,28.0,41.95169
2020-05-26 22:00:00,18.7063,74.89504573378831,2.735173870155009,37.0,33.01394
2020-05-26 23:00:00,18.179700000000025,72.97561959062305,2.675425227553334,33.0,28.379967
2020-05-27 00:00:00,17.648650000000032,72.18853645679012,2.6219466737693695,28.0,24.508205
2020-05-27 01:00:00,18.017899999999997,75.13038279806172,2.348330635045229,28.0,27.932186
2020-05-27 02:00:00,21.078270000000032,75.50697635363704,1.7562562011944942,28.0,81.755394
2020-05-27 03:00:00,26.128000000000043,58.696824276075894,1.4664623648246111,30.0,278.33035
2020-05-27 04:00:00,28.84020000000004,44.95360749295772,1.8707041420938721,35.0,447.77734
2020-05-27 05:00:00,30.41980000000001,38.24660704682563,2.0208581627319187,43.0,625.7263
2020-05-27 06:00:00,31.597440000000006,35.171125524397304,1.8572085033185106,27.0,842.48975
2020-05-27 07:00:00,32.6653,36.15373787757836,2.1907754253545138,26.0,1000.9873
2020-05-27 08:00:00,33.25210000000004,35.00647532120413,1.404779068937703,26.0,1105.5427
2020-05-27 09:00:00,33.642660000000035,34.45662433061344,0.8113414847417516,25.0,1200.239
2020-05-27 10:00:00,33.973100000000045,33.95347331221569,0.6702159929165821,25.0,1089.248
2020-05-27 11:00:00,33.76107000000002,35.32780656889731,1.6059847789864077,28.0,237.63489
2020-05-27 12:00:00,32.78768000000002,42.792834585669,2.645200976842089,36.0,358.0957
2020-05-27 13:00:00,31.35098000000005,49.69280980247005,1.998501221249527,36.0,81.16159
2020-05-27 14:00:00,29.234520000000032,55.16823185123547,2.499263538880604,30.0,68.83922
2020-05-27 15:00:00,26.949640000000045,59.016161041027075,2.515401157282498,36.0,45.600174
2020-05-27 16:00:00,25.04104000000001,63.240539420254784,2.3685940408066974,24.0,37.949112
2020-05-27 17:00:00,23.06020000000001,68.51603478138328,2.4081324319592983,22.0,32.42331
2020-05-27 18:00:00,21.445280000000025,72.63136708552855,2.3703538760061313,31.0,27.784195
2020-05-27 19:00:00,19.949730000000045,77.62487385656966,2.216402441664203,31.0,19.698689
2020-05-27 20:00:00,19.147670000000005,79.14231556511734,2.2393809879274182,41.0,18.104454
2020-05-27 21:00:00,18.45968000000005,79.64470196714257,2.372720363953502,42.0,20.38683
2020-05-27 22:00:00,17.94717000000003,78.89608855033542,2.4963515753977137,37.0,20.336662
2020-05-27 23:00:00,17.653800000000047,75.9688524150419,2.615040117496962,30.0,22.385231
2020-05-28 00:00:00,17.448020000000042,72.59327970552944,2.634605244019749,23.0,31.069416
2020-05-28 02:00:00,20.917320000000018,77.54962844057502,1.3463165320089165,27.0,60.106594
2020-05-28 03:00:00,25.87408000000005,57.82513652372704,0.6718661908269116,26.0,207.86131
2020-05-28 04:00:00,28.290430000000015,40.815130844107976,1.0194370283144416,30.0,382.99756
2020-05-28 05:00:00,29.446860000000015,38.56907420208077,1.2655159875975215,34.0,492.62622
2020-05-28 06:00:00,30.50454000000002,37.49097227092073,1.3114852590426054,36.0,628.3296
2020-05-28 07:00:00,31.67846000000003,38.80837875463342,1.6016184538872578,30.0,835.49634
2020-05-28 08:00:00,32.18344000000002,37.630123746357555,0.22415756328545197,30.0,1147.4077
2020-05-28 09:00:00,32.51090000000005,36.48182887897699,0.5830467021382382,31.0,986.67285
2020-05-28 10:00:00,32.36987000000005,36.797801581053704,1.1446940837309243,24.0,940.64526
2020-05-28 11:00:00,32.362270000000024,36.80495763305889,1.2270472046798582,25.0,899.0735
2020-05-28 12:00:00,32.060820000000035,41.11081417122866,1.1056365553030425,27.0,498.48828
2020-05-28 13:00:00,30.68440000000004,49.97918968258853,1.7305458016660813,26.0,242.60959
2020-05-28 14:00:00,28.76296000000002,56.573455304149434,2.0543450492170248,26.0,63.90419
2020-05-28 15:00:00,26.11727000000002,61.746602116203796,2.5349252275584404,28.0,39.01271
2020-05-28 16:00:00,23.79934000000003,66.84968698585602,2.490412078448336,28.0,42.257233
2020-05-28 17:00:00,21.988920000000007,70.62301930443999,2.3947575539745354,48.0,50.05867
2020-05-28 18:00:00,20.46224000000001,73.98738906737437,2.235739733224744,45.0,43.013954
2020-05-28 19:00:00,19.21810000000005,78.48056080289317,2.0919061079073913,45.0,30.586182
2020-05-28 20:00:00,17.978170000000034,81.89120261742303,1.9711597720797012,38.0,25.891537
2020-05-28 21:00:00,17.00863000000004,83.17120268167719,1.9773612214471936,40.0,25.071308
2020-05-28 22:00:00,16.295299999999997,83.2334848021975,2.06608403123243,38.0,19.860771
2020-05-28 23:00:00,15.792140000000018,82.11984241867161,2.1218967350254223,38.0,14.847069
2020-05-29 00:00:00,15.441500000000019,80.42981822685618,2.1334019184517294,26.0,13.760769
2020-05-29 01:00:00,16.203599999999994,81.85812866149006,1.8487711357765326,26.0,14.363992
2020-05-29 02:00:00,20.628660000000025,67.97559452259398,1.5072616525552192,22.0,62.50331
2020-05-29 03:00:00,24.229300000000023,52.26194303039604,2.090717480466777,25.0,284.0645
2020-05-29 04:00:00,25.670370000000048,47.74089929628661,2.828556432301313,31.0,447.28052
2020-05-29 05:00:00,27.006860000000017,46.44185289314922,2.9595659991931313,31.0,617.04517
2020-05-29 06:00:00,28.158650000000023,44.10202099574432,3.023830425128276,29.0,779.5012
2020-05-29 07:00:00,29.180080000000032,42.02161601548786,2.4628289387476507,21.0,968.5845
2020-05-29 08:00:00,29.95780000000002,39.055250516766996,2.5106937747518576,20.0,1098.595
2020-05-29 09:00:00,30.552880000000016,35.83145126438284,2.6166068911033333,20.0,1206.2542
2020-05-29 10:00:00,30.8716,32.36958950026273,2.012554735663277,14.0,1307.54
2020-05-29 11:00:00,31.01583000000005,30.269510691271638,1.072097595495793,14.0,1426.8552
2020-05-29 12:00:00,30.857970000000023,31.638987284404834,0.8922209459061773,19.0,757.0144
2020-05-29 13:00:00,29.84820000000002,42.30404699278895,0.5272225871019777,19.0,49.20073
2020-05-29 14:00:00,28.15948000000003,52.72296972324062,0.6299206268102947,24.0,35.829514
2020-05-29 15:00:00,25.532500000000027,57.28633621942223,1.339125424757517,30.0,45.277954
2020-05-29 16:00:00,22.430440000000033,62.90129326058828,2.2452977459605865,30.0,46.900406
2020-05-29 17:00:00,20.45583000000005,65.73066115906896,2.4452501129692825,36.0,44.3882
2020-05-29 18:00:00,19.040200000000027,68.33338432287005,2.419087491112095,36.0,37.206497
2020-05-29 19:00:00,17.909700000000043,67.88289934045355,2.4099409892096797,36.0,32.836605
2020-05-29 20:00:00,17.120630000000006,68.31834700067785,2.5218242231181227,31.0,34.073704
2020-05-29 21:00:00,16.572900000000004,67.81740433158537,2.630429837385282,31.0,38.98906
2020-05-29 22:00:00,16.16420000000005,66.5890551265976,2.67119060434662,18.0,41.054085
2020-05-29 23:00:00,15.717430000000036,66.52293049120142,2.595686144516939,18.0,35.67783
2020-05-30 00:00:00,15.229700000000037,67.65536052712996,2.475225992186235,21.0,28.917278
2020-05-30 12:00:00,31.19470000000001,29.69505223345927,1.7387956154490498,19.0,784.5342
2020-05-30 13:00:00,29.772850000000005,39.74505622708818,1.6241505215629584,18.0,280.78418
2020-05-30 14:00:00,27.685699999999997,44.03094725199525,2.1525277883622893,27.0,99.11676
2020-05-30 15:00:00,25.077570000000037,45.7138426241926,2.747240989865259,31.0,53.889328
2020-05-30 16:00:00,22.810270000000003,49.580271839903546,2.723596289770611,33.0,36.317047
2020-05-30 17:00:00,20.756560000000036,55.07844786028785,2.5576129717124463,42.0,25.892105
2020-05-30 18:00:00,19.053500000000042,59.94457290374966,2.511529159290926,38.0,24.433132
2020-05-30 19:00:00,17.76750000000004,62.91309634809937,2.456751053993103,33.0,24.059984
2020-05-30 20:00:00,16.891700000000014,65.4296876502101,2.51149533937643,27.0,21.676746
2020-05-30 21:00:00,16.097560000000044,67.51640924385305,2.5549757948857317,20.0,20.39555
2020-05-30 22:00:00,15.536519999999996,67.99926770379396,2.6098827758970686,12.0,15.688485
2020-05-30 23:00:00,15.253170000000011,66.41402425041346,2.62889260967512,18.0,18.385077
2020-05-31 00:00:00,15.078300000000013,64.32610867311082,2.6869007328979064,21.0,20.375618
2020-05-31 01:00:00,15.889800000000037,67.3925480568002,2.460236261400767,18.0,24.519173
2020-05-31 02:00:00,19.38990000000001,69.62351554119597,1.848463154257125,18.0,44.046295
2020-05-31 03:00:00,24.69833,53.32755055964766,1.3350142944434527,26.0,129.65059
2020-05-31 04:00:00,27.801930000000027,41.18037574394826,1.0488821198609997,26.0,350.92017
2020-05-31 05:00:00,29.583799999999997,32.33951691195566,1.2711002018738884,26.0,708.26733
2020-05-31 06:00:00,30.693140000000028,30.022869940564487,1.6480431456535871,32.0,1364.252
2020-05-31 07:00:00,31.763239999999996,25.655550537737742,1.5141968388396339,25.0,2469.1997
2020-05-31 08:00:00,32.236050000000034,23.66333232168489,1.5155766957805965,25.0,2803.8484
2020-05-31 09:00:00,32.50164000000001,22.725884230011474,1.7858348662482768,23.0,2928.8013
2020-05-31 10:00:00,32.55142000000001,22.43700333127383,1.9212597149717292,22.0,2755.9993
2020-05-31 11:00:00,32.48600000000005,22.866286072274992,1.7665917252954382,24.0,2517.526
2020-05-31 12:00:00,31.900480000000016,27.162368211163468,1.5857660902775603,25.0,1068.2412
2020-05-31 13:00:00,30.37664000000001,38.59709400132539,1.7042577198650815,20.0,179.05803
2020-05-31 14:00:00,28.4538,42.66076416497107,2.25073681255496,30.0,85.831116
2020-05-31 15:00:00,25.868550000000027,45.14685677507713,2.828824808501365,30.0,62.769226
2020-05-31 16:00:00,23.347380000000044,50.1615539293225,2.863549052934156,34.0,58.485107
2020-05-31 17:00:00,21.446680000000015,55.324106468779,2.6849539236094335,25.0,51.918488
2020-05-31 18:00:00,19.885199999999998,60.88754040668542,2.5851233080704286,17.0,49.843628
2020-05-31 19:00:00,19.596150000000023,61.10458124529154,2.594090872978518,17.0,48.69551
2020-05-31 20:00:00,18.79406,64.24412775928097,2.61877496398126,13.0,41.433704
2020-05-31 21:00:00,18.049220000000048,67.28759676643047,2.6516108713572675,16.0,32.3612
2020-05-31 22:00:00,17.42156,69.70173534079365,2.668561654919161,14.0,23.028992
2020-06-01 00:00:00,16.434600000000046,71.33096747896502,2.688344486646133,18.0,32.57518
2020-06-01 01:00:00,17.180630000000008,72.1566727879001,2.406803365575506,22.0,40.5972
2020-06-01 02:00:00,20.627700000000004,70.99009972409237,1.8096080956326428,16.0,53.351074
2020-06-01 03:00:00,25.543100000000038,55.28178453705915,1.457872611433101,19.0,125.96008
2020-06-01 04:00:00,28.560080000000028,42.5385913217493,1.3946026141337087,18.0,361.5669
2020-06-01 05:00:00,30.414450000000045,31.07906734198536,1.560537182368985,23.0,757.8081
2020-06-01 06:00:00,31.575620000000015,27.597633453840434,1.5098971225217301,29.0,1533.2246
2020-06-01 07:00:00,32.48464000000001,24.634648759052524,1.625484045714691,29.0,3124.7688
2020-06-01 08:00:00,32.84704000000005,23.267964456743364,0.7647652829809581,23.0,3300.1648
2020-06-01 09:00:00,33.10916000000003,22.849656446855793,0.2853747013222178,26.0,3265.1482
2020-06-01 10:00:00,33.04630000000003,21.338768310674713,0.8942866158842564,26.0,2754.393
2020-06-01 11:00:00,32.779570000000035,21.84443993610522,0.8196914192810292,28.0,1208.1846
2020-06-01 12:00:00,31.98275000000001,26.63620722154608,0.8815134066511495,30.0,695.1736
2020-06-01 13:00:00,30.480680000000007,39.136557630712225,0.36362572130790305,30.0,84.97496
2020-06-01 14:00:00,28.46980000000002,46.19812998936139,1.884915878219389,29.0,102.648575
2020-06-01 15:00:00,26.22207000000003,44.32225159941138,2.516599557731905,15.0,112.76459
2020-06-01 16:00:00,24.16366000000005,47.135823301202535,2.5533574991462604,15.0,107.53911
2020-06-01 17:00:00,22.46914000000004,51.244906726159776,2.4523443313701305,18.0,65.6042
2020-06-01 18:00:00,21.160300000000007,54.17383614754935,2.5477335021313374,13.0,40.374092
2020-06-01 19:00:00,20.228970000000004,53.28483054964571,2.558864323187921,13.0,33.090157
2020-06-01 20:00:00,19.231400000000008,57.50605217234394,2.797549047331405,14.0,32.52031
2020-06-01 21:00:00,18.657920000000047,59.66428046830756,2.884031904307459,14.0,34.231155
2020-06-01 22:00:00,18.458030000000008,59.7795250092169,2.9019344130929117,14.0,30.969421
2020-06-01 23:00:00,18.263149999999996,59.552968024681824,2.925581148347962,14.0,33.110245
2020-06-02 00:00:00,18.047570000000007,58.88178903154929,2.9698694515652724,16.0,37.850555
2020-06-02 01:00:00,18.732140000000015,61.11014397521599,2.8139255009724575,15.0,41.77092
2020-06-02 02:00:00,21.120630000000006,62.49791500180494,2.211989302681453,15.0,54.55977
2020-06-02 03:00:00,25.30328000000003,54.39882844663651,1.625627071280043,15.0,106.93526
2020-06-02 04:00:00,28.520650000000046,43.20299131374068,1.0015326155109217,15.0,349.6703
2020-06-02 05:00:00,30.561120000000017,32.27477044170475,0.8537543792976657,15.0,965.95996
2020-06-02 06:00:00,31.59396000000004,28.00107065986563,1.3446944669355796,17.0,1639.0837
2020-06-02 07:00:00,32.249900000000025,27.463177887166935,1.420491774751621,17.0,2506.4753
2020-06-02 08:00:00,32.71935000000002,26.540290311936086,1.5857729178319702,16.0,2918.6975
2020-06-02 09:00:00,33.0677,25.919051620743478,1.902649023166388,15.0,2952.3748
2020-06-02 10:00:00,33.321830000000034,24.641268674868606,2.563490614365157,17.0,2628.0986
2020-06-02 11:00:00,32.30023,24.942603499965468,2.750877920902004,20.0,2218.8857
2020-06-02 12:00:00,31.751900000000035,29.557233247211,2.0271704839987317,17.0,521.0908
2020-06-02 13:00:00,30.552480000000003,37.61647896824151,1.7326472107071842,17.0,365.7461
2020-06-02 14:00:00,28.586569999999995,51.1255041526069,1.5103196580257614,19.0,93.38391
2020-06-02 15:00:00,25.887400000000014,53.37393120174321,2.030719851386711,18.0,45.55191
2020-06-02 16:00:00,23.7294,56.60803891067361,2.6015394282124458,18.0,34.044052
2020-06-02 17:00:00,21.942530000000033,61.224328256237634,2.6265597835123073,15.0,31.444763
2020-06-02 18:00:00,20.664060000000006,65.13246884005588,2.506552461784243,16.0,31.442028
2020-06-02 19:00:00,20.17455000000001,64.60145951364107,2.702927641272045,17.0,35.61669
2020-06-02 20:00:00,19.920680000000004,62.44532340467959,2.8214872729242035,16.0,46.29706
2020-06-02 21:00:00,19.609700000000032,61.26274858696133,2.83347535442572,16.0,47.797455
2020-06-02 22:00:00,19.029260000000022,62.695851881891706,2.8389240201991934,14.0,41.223206
2020-06-02 23:00:00,18.45410000000004,64.84093302006886,2.820193529599352,14.0,36.824257
2020-06-03 00:00:00,17.79226,67.72001657480043,2.760039005930091,12.0,33.177692
2020-06-03 01:00:00,18.29000000000002,71.89086646724083,2.333095646561124,12.0,33.629795
2020-06-03 02:00:00,21.62820000000005,73.04283996931107,1.5732829129056793,13.0,51.87996
2020-06-03 03:00:00,26.63748000000004,56.01879328159151,0.9764817506844264,13.0,135.71573
2020-06-03 04:00:00,29.29516000000001,38.28750498356582,0.47505844803227704,16.0,513.9458
2020-06-03 05:00:00,30.6164,33.09096531303997,0.3436400961488334,16.0,961.8782
2020-06-03 06:00:00,31.62130000000002,30.144535476529583,1.0399248497988736,19.0,1708.8
2020-06-03 07:00:00,32.40560000000005,28.526272394731883,1.5149988523158644,18.0,2032.8164
2020-06-03 08:00:00,32.912620000000004,27.615474003313388,1.6095890214738728,18.0,2148.1555
2020-06-03 09:00:00,33.227779999999996,26.864628799117046,1.6408650969347662,18.0,2314.9258
2020-06-03 11:00:00,33.55886000000004,25.563241699691012,0.6557680062070591,22.0,703.0354
2020-06-03 12:00:00,33.14340000000004,28.78882919655211,0.44249507543458755,28.0,489.38696
2020-06-03 13:00:00,31.993460000000027,37.64750363603533,0.9583471664696086,36.0,259.17017
2020-06-03 14:00:00,29.90652,49.018430867801705,1.5768856929044108,47.0,78.97722
2020-06-03 15:00:00,27.40005000000002,49.84446021178174,2.461227798739899,51.0,54.83345
2020-06-03 16:00:00,24.991360000000043,54.246177562472674,2.7785100799990223,64.0,54.116776
2020-06-03 17:00:00,23.32525000000004,56.86895131744868,2.684694320522005,43.0,46.052505
2020-06-03 18:00:00,21.92025000000001,60.13077666942965,2.472490053248025,27.0,35.443905
2020-06-03 19:00:00,20.73458000000005,60.172381896127135,2.630109738706135,26.0,28.717026
2020-06-03 20:00:00,19.899900000000002,62.35571729910769,2.659275897242436,26.0,25.540337
2020-06-03 21:00:00,19.30645000000004,63.53155687772894,2.7298852813718333,18.0,25.941647
2020-06-03 22:00:00,18.87020000000001,63.890820710323105,2.811626701203373,23.0,28.008148
2020-06-03 23:00:00,18.607799999999997,63.53591026115621,2.865832510022564,26.0,28.192833
2020-06-04 00:00:00,18.286339999999996,63.961806605844245,2.8539380101562544,18.0,29.235468
2020-06-04 01:00:00,19.13810000000001,65.8994285192153,2.5473495724180704,20.0,30.028625
2020-06-04 02:00:00,22.410330000000044,66.94141794570086,1.8851290649624155,20.0,43.593414
2020-06-04 03:00:00,27.34250000000003,52.19306733084468,1.3830391815576304,24.0,118.16226
2020-06-04 04:00:00,30.27600000000001,38.337410569942165,1.302237617406892,24.0,419.2849
2020-06-04 05:00:00,31.90563000000003,30.78277049603072,1.6559711685924274,26.0,812.2107
2020-06-04 06:00:00,32.94870000000003,28.180065283986156,1.9856365674522416,25.0,1234.8516
2020-06-04 07:00:00,33.51412000000005,27.823030981635707,1.8882085996590727,26.0,1610.9048
2020-06-04 08:00:00,34.165099999999995,26.39984598155315,1.9179358643774267,28.0,1870.4795
2020-06-04 09:00:00,34.69583,24.945096435925805,1.7214473143166855,31.0,2172.1084
2020-06-04 10:00:00,35.036040000000014,23.843691789400655,1.4128666310982256,24.0,1943.8972
2020-06-04 11:00:00,35.0745,23.44891619956633,0.9887867297271228,26.0,615.62256
2020-06-04 12:00:00,34.90450000000004,25.07893339691553,0.12121324429008892,23.0,139.66296
2020-06-04 13:00:00,33.216200000000015,37.92643700949968,1.6066142883129635,23.0,219.66846
2020-06-04 14:00:00,30.940060000000017,42.37559520717986,2.6718987191936057,36.0,216.32956
2020-06-04 15:00:00,28.62032000000005,42.308818930220454,3.2309481810637233,44.0,190.95227
2020-06-04 16:00:00,27.602400000000046,39.028134478839036,3.7680692076964366,43.0,133.483
2020-06-04 17:00:00,27.087800000000016,34.51165530316324,3.6813710572893896,43.0,64.80256
2020-06-04 18:00:00,25.946470000000033,34.15660646811639,3.2187714299207393,30.0,36.372047
2020-06-04 19:00:00,22.55776000000003,42.721102375531856,2.730866269186994,30.0,35.758812
2020-06-04 20:00:00,21.649500000000046,47.066355222323935,2.7660939730841156,20.0,38.00876
2020-06-04 21:00:00,21.080600000000004,49.24110187666488,2.8732205510083566,19.0,37.16213
2020-06-04 22:00:00,20.86930000000001,48.756373717386964,3.0490428080741,17.0,34.12404
2020-06-04 23:00:00,20.952260000000024,44.395308882245615,3.1860341848652074,24.0,53.66696
2020-06-05 00:00:00,21.464230000000043,38.08280766779172,3.3039379427353124,20.0,77.46295
2020-06-05 01:00:00,22.853800000000035,38.626650857335754,3.2773425655590964,16.0,86.271835
2020-06-05 02:00:00,24.90115000000003,40.388047175926246,3.042938166899406,16.0,93.15967
2020-06-05 03:00:00,28.35256000000004,36.85938009049368,2.8794264006422337,17.0,159.86879
2020-06-05 04:00:00,30.88485000000003,33.71262270340804,2.6467504604567544,23.0,376.93335
2020-06-05 05:00:00,33.376059999999995,26.29381321851454,1.9320816242270922,21.0,1176.583
2020-06-05 06:00:00,34.34390000000002,22.319851457786978,0.5403574575185716,21.0,2156.3481
2020-06-05 07:00:00,35.78298000000001,17.447440432687817,3.8088472489609884,26.0,4213.378
2020-06-05 08:00:00,35.88107000000002,17.950600342424707,3.9447244833364983,26.0,4501.538
2020-06-05 09:00:00,34.930930000000046,20.727539788718367,2.879060052125014,24.0,4096.9907
2020-06-05 10:00:00,34.78564,21.94556634134628,1.5400152089406454,27.0,1473.9553
2020-06-05 11:00:00,33.34590000000003,26.3157801912685,3.6438687580454956,25.0,935.6929
2020-06-05 12:00:00,32.11862000000002,31.27847538317251,3.633566369781514,19.0,739.7302
2020-06-05 13:00:00,31.018520000000024,35.62804492658554,3.210075743466845,22.0,478.59326
2020-06-05 14:00:00,29.118100000000027,38.400268108293666,3.3892157639292932,16.0,342.9419
2020-06-05 15:00:00,27.202480000000037,38.420228702711114,3.577848117770357,21.0,219.8543
2020-06-05 16:00:00,25.78910000000002,40.229912761387396,3.1736733191376354,27.0,140.1155
2020-06-05 17:00:00,24.42285000000004,44.00909038947036,2.7404062274362047,27.0,107.16066
2020-06-05 18:00:00,23.10677000000004,48.854720893442746,2.342323404895287,16.0,99.63414
2020-06-05 19:00:00,21.874900000000025,53.557192035750376,2.3757059438338426,17.0,92.84863
2020-06-05 20:00:00,20.294240000000002,62.704180894287724,1.7901630915800102,20.0,75.56406
2020-06-05 21:00:00,19.965480000000014,61.48856427246964,1.3385244602479665,26.0,55.949738
2020-06-05 22:00:00,19.62820000000005,60.77753523696059,1.2052293602792126,23.0,55.68579
2020-06-05 23:00:00,18.756100000000004,63.037857386953604,1.2609281458315893,26.0,38.743385
2020-06-07 00:00:00,14.750480000000039,71.4208210211511,1.6670004957399287,30.0,23.216352
2020-06-07 01:00:00,15.818080000000009,73.72138653572631,1.2452497291384148,34.0,30.972048
2020-06-07 02:00:00,19.570640000000026,64.24880250444505,0.7732639590429341,30.0,104.32356
2020-06-07 03:00:00,22.752769999999998,41.914672536077,2.1015754294671285,24.0,300.83093
2020-06-07 04:00:00,24.18502000000001,35.36436343773889,2.8727428891614175,23.0,494.84473
2020-06-07 05:00:00,25.58566000000002,30.82913440052221,2.998012458836187,22.0,697.47217
2020-06-07 06:00:00,26.894300000000044,26.99474973233683,2.828819848832357,17.0,944.4824
2020-06-07 07:00:00,27.875730000000033,25.507552716249553,2.5288212249215642,18.0,1223.0957
2020-06-07 08:00:00,28.728480000000047,22.372857033676368,2.4037796967739165,12.0,1476.7957
2020-06-07 09:00:00,29.299950000000024,19.683598892012675,2.2988875852297315,15.0,1587.7983
2020-06-07 10:00:00,29.636870000000044,18.11397216707794,2.077594408339969,12.0,1591.3406
2020-06-07 11:00:00,29.67855000000003,17.305069690948798,1.8641153769892491,12.0,1572.0527
2020-06-07 12:00:00,29.42455000000001,18.121057029902513,1.5973695806520127,15.0,1523.9658
2020-06-07 13:00:00,28.581230000000005,24.363056954448886,0.9876007640195507,14.0,178.88503
2020-06-07 14:00:00,26.886000000000024,35.16634292191925,1.3028782361071325,19.0,78.61905
2020-06-07 15:00:00,24.843200000000024,32.09288601244349,2.0389834027763896,22.0,66.977875
2020-06-07 16:00:00,23.26320000000004,33.00261420958396,2.1890817586087,24.0,80.16368
2020-06-07 17:00:00,22.12124,34.77202656023643,2.2065850378805103,24.0,134.27362
2020-06-07 18:00:00,21.473600000000033,36.06910688384935,2.2157326142515705,31.0,29.204346
2020-06-07 19:00:00,20.972200000000043,35.158809064622986,2.2753220466446,23.0,43.21689
2020-06-07 20:00:00,20.599199999999996,36.84952132173323,2.1485703692064644,23.0,56.662933
2020-06-07 21:00:00,19.900300000000016,41.60282463927379,1.9465210792922334,38.0,43.394882
2020-06-07 22:00:00,18.922020000000032,44.659973985942756,1.9651389471348457,38.0,94.6004
2020-06-07 23:00:00,18.407129999999995,46.0527103973681,2.1425625358145557,30.0,127.28482
2020-06-08 00:00:00,19.008700000000033,43.51009005341296,2.6701591865673477,30.0,146.0028
2020-06-08 01:00:00,18.68258000000003,48.87359257747846,2.187418883815137,30.0,226.39603
2020-06-08 02:00:00,18.028400000000033,59.179151867523174,2.428992443569625,19.0,394.3142
2020-06-08 03:00:00,19.41512,58.096080270365825,3.307207086589351,21.0,478.68384
2020-06-08 04:00:00,21.900350000000003,45.32552548576989,4.716804941787656,21.0,601.0066
2020-06-08 05:00:00,24.38644000000005,37.13438043183804,4.078174787583338,16.0,1284.1631
2020-06-08 06:00:00,25.76460000000003,33.45188441644665,2.256861135790094,28.0,1811.7214
2020-06-08 07:00:00,28.260520000000042,26.255674814884674,2.5799292592691683,14.0,2515.5022
2020-06-08 08:00:00,27.91808000000003,27.201765267922966,2.141584823118323,21.0,2993.798
2020-06-08 09:00:00,27.79937000000001,27.936876504735025,1.8952159276371043,21.0,2494.789
2020-06-08 10:00:00,26.692830000000015,33.95861084634123,2.8863422376263093,30.0,1110.8291
2020-06-08 11:00:00,25.51278000000002,39.83795621839395,2.8205239728554905,20.0,987.635
2020-06-08 12:00:00,24.523580000000038,46.318036068792196,1.9472673915152714,20.0,1114.9861
2020-06-08 13:00:00,23.99487000000005,47.452312659295885,3.1509097311807395,23.0,717.05396
2020-06-08 14:00:00,22.34182000000004,54.59160820930096,2.3781858382699217,22.0,388.22388
2020-06-08 15:00:00,21.224800000000016,60.37719037666198,1.8805717324409237,19.0,147.67072
2020-06-08 16:00:00,20.45657,63.956380015908316,2.7277753655070134,20.0,240.85143
2020-06-08 17:00:00,20.079000000000008,63.42523609902695,3.3726489767817123,20.0,253.25749
2020-06-08 18:00:00,19.796700000000044,62.18409946686714,3.148769043719334,19.0,175.06853
2020-06-08 19:00:00,18.37426000000005,67.93210328846858,2.474976028053872,19.0,109.06189
2020-06-08 20:00:00,17.44045,71.64311008779046,2.458818799414418,20.0,81.295364
2020-06-08 21:00:00,16.53000000000003,75.15108372535977,2.4478705394028264,18.0,71.5943
2020-06-08 22:00:00,15.906900000000007,77.02495678659999,2.453153885946667,15.0,71.51318
2020-06-08 23:00:00,15.421100000000024,78.11243988438466,2.4062740017043245,14.0,72.94654
2020-06-09 00:00:00,14.905300000000011,79.56905018387398,2.367690942467335,16.0,47.853054
2020-06-09 01:00:00,15.982700000000023,79.13344596056882,1.903998072555801,16.0,46.294083
2020-06-09 02:00:00,18.983670000000018,71.37662483395411,1.4281127396723248,14.0,83.34497
2020-06-09 03:00:00,22.01913000000002,59.15874743964668,0.7885658816398792,12.0,252.79234
2020-06-09 04:00:00,23.989280000000008,45.56859857975763,1.0422422961523774,12.0,738.2976
2020-06-09 05:00:00,25.58390000000003,38.55464597439089,1.6367358068976434,17.0,1785.6855
2020-06-09 06:00:00,26.552999999999997,34.16936588276634,1.7395833519230413,18.0,2678.5513
2020-06-09 07:00:00,27.70666,26.21323758423379,1.3943194885907355,23.0,2755.6648
2020-06-09 08:00:00,27.868430000000046,26.26343890797293,1.843768350568909,23.0,2839.5251
2020-06-09 09:00:00,27.85793000000001,26.728107102290686,1.8577491744359809,18.0,2714.9294
2020-06-09 10:00:00,28.0942,26.264256090248704,2.5898035020778853,16.0,1336.5344
2020-06-09 11:00:00,27.04244,29.38863150020083,4.110685176870057,17.0,1233.5715
2020-06-09 12:00:00,25.40408000000002,39.06187620614975,3.3892655863994325,17.0,902.3667
2020-06-09 13:00:00,24.812250000000006,40.70894900541688,2.8223669701362084,20.0,583.71094
2020-06-09 14:00:00,23.93282000000005,43.14496921859143,2.748366229040192,23.0,336.93594
2020-06-09 15:00:00,22.514460000000042,43.28411341667987,2.8090294349381875,17.0,178.35309
2020-06-09 16:00:00,21.629170000000045,42.83984642449687,2.6494671515320833,19.0,77.78937
2020-06-09 17:00:00,20.28164000000004,45.51329720485557,2.3843927025331566,19.0,53.133053
2020-06-09 18:00:00,18.86074000000002,50.24782139813903,2.1250529724900504,16.0,44.073063
2020-06-09 19:00:00,17.862400000000036,57.65395529001422,1.812743109089485,16.0,24.920868
2020-06-09 20:00:00,17.300070000000005,60.839158292218585,1.8203860562964358,11.0,23.648336
2020-06-09 21:00:00,16.43118000000004,64.68777183013168,1.9597038275078227,20.0,22.555452
2020-06-09 22:00:00,15.724940000000004,67.42681092498464,2.0432652661698656,20.0,28.051697
2020-06-09 23:00:00,14.994470000000035,69.44778929411038,2.17164083566773,15.0,30.919083
2020-06-10 00:00:00,14.320340000000044,71.00163774529949,2.1921509402062185,14.0,28.269226
2020-06-10 01:00:00,14.744700000000023,75.15916094036645,1.7244718917675614,13.0,32.323563
2020-06-10 02:00:00,18.585500000000025,69.24292501850859,1.013288770956069,13.0,59.220627
2020-06-10 03:00:00,22.32660000000004,51.256622632228364,0.5177661250623962,11.0,197.48349
2020-06-10 04:00:00,24.50550000000004,36.815060867980364,0.5056979648173074,12.0,1301.0583
2020-06-10 05:00:00,26.09023000000002,29.238993781012496,0.9394124145197625,10.0,2691.3716
2020-06-10 06:00:00,26.90267,25.67932983181308,1.6122198198783844,11.0,2839.3936
2020-06-10 07:00:00,27.508100000000013,23.52722859781151,2.9244667989414226,10.0,2927.0461
2020-06-10 08:00:00,27.899500000000046,23.616730151316,3.1132969182577783,8.0,2990.1846
2020-06-10 09:00:00,28.139250000000004,24.139912639313533,3.0085917515062772,12.0,3002.7095
2020-06-10 10:00:00,28.178920000000005,24.99300048798411,2.7968788376051936,13.0,3044.3362
2020-06-10 11:00:00,27.45953000000003,27.824236976953348,2.7390685613471195,10.0,2804.104
2020-06-10 12:00:00,27.347380000000044,27.38713815019228,2.7705686501815205,10.0,2400.667
2020-06-10 13:00:00,26.33474000000001,31.848147607051544,2.702605769854702,26.0,806.6592
2020-06-10 14:00:00,24.97958,36.11545827846176,2.5656809892824164,29.0,344.8629
2020-06-10 15:00:00,23.23702000000003,38.198399908814245,2.657909332689287,29.0,223.59344
2020-06-10 16:00:00,21.663350000000037,41.283098014375284,2.684928029581078,20.0,187.17679
2020-06-10 17:00:00,20.274,45.34516906920934,2.4858680675511824,20.0,119.16446
2020-06-10 18:00:00,18.83724000000001,51.1085955964605,2.006919453274406,20.0,56.056458
2020-06-10 19:00:00,17.158800000000042,63.148902595330654,1.4710444013316697,12.0,36.215164
2020-06-10 20:00:00,16.194000000000017,65.68255995954802,1.3499966646721835,14.0,31.28621
2020-06-10 21:00:00,15.25445000000002,68.17376211352416,1.3811279334453186,17.0,29.472607
2020-06-10 22:00:00,14.430499999999995,70.2262547185665,1.4953654996697934,15.0,28.468176
2020-06-10 23:00:00,13.6096,71.93568332655155,1.7617986611722267,15.0,24.086658
2020-06-11 00:00:00,13.185500000000047,70.90294030647209,1.9487335598310842,19.0,20.146362
2020-06-11 04:00:00,23.992520000000013,37.76049649050459,2.054871140319617,20.0,763.7124
2020-06-11 05:00:00,25.27603000000005,35.818218251298106,2.257454027526479,17.0,1386.2014
2020-06-11 06:00:00,26.347740000000044,33.2568046123985,2.2100879181076327,16.0,1866.5986
2020-06-11 07:00:00,27.493300000000033,31.39989527318591,1.7350116697298985,16.0,2105.128
2020-06-11 08:00:00,28.05830000000003,29.435321801344944,1.2537907512658082,10.0,2315.144
2020-06-11 09:00:00,28.523400000000038,27.797900050878745,0.8198104666415161,15.0,2495.3975
2020-06-11 10:00:00,28.643760000000043,26.854576636687895,0.74413264452543,10.0,2686.648
2020-06-11 11:00:00,28.802099999999996,25.735678828417537,1.0081819348574759,10.0,2407.2214
2020-06-11 12:00:00,28.592460000000017,24.260188806403335,1.2874652101146917,19.0,2391.6917
2020-06-11 13:00:00,27.484520000000032,29.042047344565717,2.174304284371461,24.0,510.7942
2020-06-11 14:00:00,25.898220000000038,33.3734063863094,2.4110724495808,25.0,94.95528
2020-06-11 15:00:00,23.759730000000047,37.21811353726726,2.663948106429722,25.0,60.646454
2020-06-11 16:00:00,21.917500000000018,42.19087585454945,2.5366772398952553,30.0,57.433716
2020-06-11 17:00:00,20.249720000000025,48.29279651354477,2.3182906608906486,27.0,48.984055
2020-06-11 18:00:00,18.769460000000038,54.19618373394448,2.271835749560529,25.0,41.6718
2020-06-11 19:00:00,17.72335000000004,54.32952393014387,2.4473179684601063,25.0,43.812164
2020-06-11 20:00:00,16.954859999999996,56.50789719247617,2.42388718747043,15.0,40.38118
2020-06-11 21:00:00,16.22708,58.72893522206136,2.4691911185104125,11.0,36.285233
2020-06-11 22:00:00,15.641930000000002,60.11928022508408,2.485070194735062,10.0,27.373163
2020-06-11 23:00:00,15.12032000000005,61.33898429425226,2.46790451043788,11.0,20.606552
2020-06-12 00:00:00,14.716180000000008,62.54574458361451,2.43419880910156,15.0,22.391556
2020-06-12 01:00:00,15.427099999999996,66.22306696384551,2.0035439184713497,16.0,26.790817
2020-06-12 02:00:00,19.14468000000005,65.15271121627359,1.1730824103881,16.0,58.231796
2020-06-12 03:00:00,23.492760000000033,46.59520623119855,0.5640479645108156,15.0,234.8915
2020-06-12 04:00:00,25.453880000000026,35.73163247431604,0.3092651546531309,15.0,741.53735
2020-06-12 05:00:00,26.756460000000004,33.561789654581766,0.9337126559340299,17.0,1705.3813
2020-06-12 06:00:00,27.88452000000001,30.38044467122366,1.4538160969331722,14.0,2799.9097
2020-06-12 07:00:00,28.447600000000023,26.641545270294106,1.0650606503464908,12.0,2823.8271
2020-06-12 08:00:00,28.940150000000017,24.91544247541336,1.113392787073845,16.0,2446.3508
2020-06-12 09:00:00,29.119259999999997,24.20158126421636,1.0454282013008114,13.0,2135.767
2020-06-12 10:00:00,29.22976,23.71671903273989,1.1811826839842947,13.0,2576.5337
2020-06-12 11:00:00,29.428860000000043,23.30386341935871,1.855867798177618,16.0,2690.8872
2020-06-12 14:00:00,26.65515000000005,37.67998734374794,0.4848617309642189,39.0,44.01645
2020-06-12 15:00:00,25.557119999999998,37.96640267676836,0.20380800243732855,38.0,31.448544
2020-06-12 16:00:00,22.28585000000004,50.708877474779584,1.4264623124760158,38.0,29.886795
2020-06-12 17:00:00,20.53976,51.55382564732206,2.298710137813625,48.0,30.861343
2020-06-12 18:00:00,19.092070000000035,55.07364242183291,2.369270561941863,16.0,28.155533
2020-06-12 19:00:00,17.825900000000047,55.67847047879301,2.4777446002148613,18.0,29.210135
2020-06-12 20:00:00,17.025480000000016,57.904331442065974,2.5095430499525206,19.0,31.162727
2020-06-12 21:00:00,16.346249999999998,60.35938782870978,2.52154884474776,15.0,29.857166
2020-06-12 22:00:00,15.73380000000003,63.17555755836511,2.5122456731990384,18.0,22.497314
2020-06-12 23:00:00,15.259580000000028,65.59369532956102,2.470422065434352,22.0,23.122223
2020-06-13 00:00:00,14.867670000000032,67.48929524876051,2.393619097360869,22.0,26.08342
2020-06-13 02:00:00,19.49902000000003,67.14993831503745,1.2066921527564811,11.0,43.79065
2020-06-13 03:00:00,24.023900000000026,50.49581997518362,0.5978085997515481,11.0,105.10544
2020-06-13 04:00:00,26.557100000000048,36.241424328739114,0.3357408121446929,12.0,505.09448
2020-06-13 05:00:00,28.021630000000016,30.327834825496435,1.0096448210313416,12.0,1254.438
2020-06-13 06:00:00,29.06442000000004,27.74284606012753,1.234178794473487,13.0,2076.7024
2020-06-13 07:00:00,30.261600000000044,25.274680823444516,1.5682795900763444,15.0,2399.3
2020-06-13 08:00:00,30.820520000000045,23.91273679819844,1.443988579887271,13.0,2559.6792
2020-06-13 09:00:00,31.215480000000014,22.81039570650933,1.3875339416790364,12.0,2667.4465
2020-06-13 10:00:00,31.53230000000002,21.875240528704254,1.2973430318348498,12.0,2770.6797
2020-06-13 11:00:00,31.584040000000016,21.182979435749715,1.210310526649052,17.0,2706.6743
2020-06-13 12:00:00,31.314800000000048,21.361630450888875,1.0645568887761971,16.0,2563.7268
2020-06-13 13:00:00,30.773300000000006,25.8738984090493,1.1618734705253801,16.0,397.64575
2020-06-13 14:00:00,29.24636000000004,33.174669853357315,1.4494330829099398,43.0,57.057266
2020-06-13 15:00:00,26.716880000000003,37.696263182251414,2.07293059904492,47.0,42.822144
2020-06-13 16:00:00,24.16787000000005,42.496937177176136,2.7397137929074344,42.0,43.613144
2020-06-13 17:00:00,21.99368000000004,48.19417965256176,2.6622898999304807,42.0,48.328613
2020-06-13 18:00:00,20.322780000000023,53.6267437722454,2.611657375846499,36.0,45.514908
2020-06-13 19:00:00,19.630640000000028,51.63573687044451,2.780168487979989,21.0,40.196487
2020-06-13 20:00:00,18.78466000000003,53.98644273027779,2.7802334325539357,21.0,34.900604
2020-06-13 21:00:00,17.995400000000018,56.76588339230795,2.7097237294536765,17.0,32.125153
2020-06-13 22:00:00,17.33068000000003,59.25341191618225,2.6671060539945706,17.0,30.645462
2020-06-13 23:00:00,16.758399999999995,61.22335995620112,2.6230028590503314,15.0,31.983368
2020-06-14 00:00:00,16.203360000000032,62.96854282841316,2.620145194762187,18.0,30.463577
2020-06-14 01:00:00,17.032250000000033,63.9669748997069,2.3848071361949374,18.0,32.368637
2020-06-14 02:00:00,20.58157,59.635744019271606,1.8233368431959773,20.0,43.72455
2020-06-14 03:00:00,25.116000000000042,47.20298921211818,1.3579364222551191,27.0,96.80272
2020-06-14 04:00:00,28.234280000000012,35.24306192484174,0.9183994819431697,27.0,301.7168
2020-06-14 05:00:00,30.098720000000014,26.8851167722875,0.32683858418359696,38.0,1271.0286
2020-06-14 06:00:00,31.307860000000005,20.996375657580472,0.5079643751529913,31.0,2152.819
2020-06-14 07:00:00,32.22800000000001,19.232894588421452,1.3601609138431896,25.0,2997.4192
2020-06-14 08:00:00,32.745870000000025,18.158485672327213,1.6899907306477275,25.0,3112.8025
2020-06-14 09:00:00,33.03400000000005,17.93465886544183,1.9166286157804175,18.0,3232.1404
2020-06-14 10:00:00,33.12435000000005,17.8637918764893,1.7811442096271317,21.0,3520.8599
2020-06-14 11:00:00,33.066370000000006,17.53873384177786,1.5032002064025936,17.0,3256.648
2020-06-14 12:00:00,32.863500000000045,17.585263898133633,1.159940496014357,17.0,2752.6711
2020-06-14 13:00:00,31.604330000000004,24.86822574509734,0.24247823128413068,15.0,275.8197
2020-06-14 14:00:00,30.016020000000026,30.8786939850692,1.5982556193654442,34.0,42.026382
2020-06-14 15:00:00,27.60226,32.46274949342785,2.178951402661365,37.0,50.322205
2020-06-14 16:00:00,25.305139999999994,34.84785230511705,2.2958280804840943,22.0,70.37811
2020-06-14 17:00:00,23.405970000000025,39.041240932802374,2.3151290509852833,30.0,93.836044
2020-06-14 18:00:00,21.92180000000002,42.89804035396773,2.3766689974569473,40.0,77.42122
2020-06-14 19:00:00,20.403400000000033,44.144194826346684,2.210143494122108,40.0,41.573353
2020-06-14 20:00:00,19.16927000000004,47.13118639495713,2.3169569937791596,24.0,23.557096
2020-06-14 21:00:00,18.202480000000037,49.37279793045041,2.550646451071234,21.0,19.391106
2020-06-14 22:00:00,17.234700000000032,52.453477158668775,2.627048597827456,21.0,26.020462
2020-06-14 23:00:00,16.53152,54.48676218759381,2.681790896690049,20.0,33.029617
2020-06-15 00:00:00,16.138149999999996,54.77328509183995,2.715189393243822,20.0,32.988235
2020-06-15 01:00:00,16.999630000000025,57.52468390002596,2.3523708474519522,18.0,32.486633
2020-06-15 02:00:00,20.762800000000027,59.30617661398211,1.645344359603444,17.0,44.18283
2020-06-15 03:00:00,26.20712000000003,41.70377742663687,1.3108818578859347,20.0,122.83609
2020-06-15 04:00:00,29.50290000000001,28.08991151995138,1.4471466543709384,20.0,435.48926
2020-06-15 05:00:00,31.391020000000026,21.12121793087955,1.639207353579122,20.0,1046.1025
2020-06-15 06:00:00,32.49856,19.408899427389116,1.4059184400554714,20.0,1729.6838
2020-06-15 07:00:00,33.18344000000002,19.328460561290886,1.5778003869509418,20.0,3376.2559
2020-06-15 08:00:00,33.82656000000003,17.915126745969015,1.919944108726218,13.0,3539.186
2020-06-15 09:00:00,34.149040000000014,16.27067310646747,2.270334880599314,21.0,3502.2642
2020-06-15 10:00:00,34.1345,16.16351065366496,2.165626815652124,17.0,3500.5217
2020-06-15 11:00:00,34.07256000000001,16.24881695017361,1.832530883631577,17.0,3307.4775
2020-06-15 12:00:00,33.82120000000003,17.31604300266569,1.2576896347509947,17.0,2954.1604
2020-06-15 13:00:00,32.96285,23.094895641995503,0.5646257234795479,24.0,283.08618
2020-06-15 14:00:00,30.95165000000003,31.684781822179712,1.7968494176400203,24.0,108.58598
2020-06-15 15:00:00,28.309169999999995,34.31176940261708,2.5505168506326634,33.0,110.386444
2020-06-15 16:00:00,26.235929999999996,34.62827703157289,2.565913647244671,40.0,106.7672
2020-06-15 17:00:00,24.834900000000005,34.65272270106031,2.6134481611478826,46.0,89.9426
2020-06-15 18:00:00,23.243070000000046,36.44837494099742,2.6522956897424916,30.0,65.42651
2020-06-15 19:00:00,21.939900000000023,32.174291749833195,2.826038162335279,24.0,47.88846
2020-06-15 20:00:00,21.028400000000033,35.72518673566198,2.5859103645387727,19.0,36.962326
2020-06-15 21:00:00,19.94604000000004,39.56810002586981,2.5398513822942417,15.0,31.862713
2020-06-15 22:00:00,19.23806000000002,42.394074559424695,2.7223379253542532,19.0,33.1353
2020-06-15 23:00:00,18.775480000000016,43.31172085011127,2.8731317989979037,16.0,42.747345
2020-06-16 00:00:00,18.691160000000025,41.669513268255784,2.917641640415224,20.0,52.742157
2020-06-16 01:00:00,19.705219999999997,43.79870270270128,2.6565592154098447,22.0,55.685745
2020-06-16 02:00:00,22.43682000000001,52.85651440863178,1.6910765733876303,22.0,76.065186
2020-06-16 03:00:00,26.952480000000037,33.66030492274845,1.3645760067980357,30.0,217.41315
2020-06-16 04:00:00,28.93386000000004,26.842418066753506,2.57455857029456,25.0,428.6997
2020-06-16 05:00:00,29.999840000000006,25.838705872952392,3.120108092111126,25.0,659.23535
2020-06-16 13:00:00,28.91760000000005,20.263266609921555,3.2952418659393,19.0,826.5183
2020-06-16 14:00:00,26.991660000000024,22.378823586056928,2.8063026154764206,19.0,411.96753
2020-06-16 15:00:00,25.00027,21.592949304942152,2.801588179393253,17.0,246.80493
2020-06-16 16:00:00,23.40590000000003,21.665944618908597,2.6637961482033963,20.0,195.77422
2020-06-16 17:00:00,21.935360000000003,23.751780848583742,2.5782765380521075,20.0,174.93004
2020-06-16 18:00:00,20.547360000000026,27.128562193438235,2.511732762805651,19.0,163.27412
2020-06-16 19:00:00,19.03298000000001,32.855472390883946,2.1152581127079366,19.0,166.32397
2020-06-16 20:00:00,17.50060000000002,40.553854238106695,1.8958966354360498,18.0,140.265
2020-06-16 21:00:00,17.212060000000008,41.099017329947074,1.4959832931219847,18.0,102.91263
2020-06-16 22:00:00,17.53340000000003,39.22813055091339,1.17763078159388,21.0,76.819534
2020-06-16 23:00:00,18.047270000000026,36.86321843917816,0.8610252039342705,21.0,78.57654
2020-06-17 00:00:00,17.529750000000035,38.56946529548611,0.8047476902647194,13.0,85.83832
2020-06-17 01:00:00,17.10522000000003,43.862932907860525,0.913734581485352,12.0,113.94759
2020-06-17 02:00:00,18.56576000000001,46.580007242625996,1.1379614784796068,14.0,189.38474
2020-06-17 03:00:00,20.710900000000038,37.396511768612,1.4885245362532362,14.0,316.79028
2020-06-17 04:00:00,22.550040000000024,33.65343257301529,2.133422538250604,48.0,722.9656
2020-06-17 05:00:00,23.974940000000004,29.451230661112895,2.512948796616487,17.0,1234.6079
2020-06-17 06:00:00,25.089300000000037,26.48208470921272,2.591597452488517,15.0,1523.9949
2020-06-17 07:00:00,25.750500000000045,28.008661471213852,2.244051097348623,15.0,1731.5161
2020-06-17 08:00:00,26.517100000000028,25.131632200520162,2.404531757524163,12.0,1890.5422
2020-06-17 09:00:00,26.99905000000001,23.067028414231554,2.566686785793896,12.0,2018.2957
2020-06-17 10:00:00,27.271780000000035,21.704802637831612,2.7067722548065327,9.0,1994.717
2020-06-17 11:00:00,27.24612000000002,21.005390238454098,2.8255920346487122,15.0,1997.7129
2020-06-17 12:00:00,26.89852000000002,21.230478814952228,3.0294643576680764,14.0,1950.394
2020-06-17 13:00:00,26.137170000000026,23.492903131152445,3.2558976025588273,14.0,1826.2649
2020-06-17 14:00:00,24.61273,27.844881641607127,2.9523137004239337,24.0,294.67188
2020-06-17 15:00:00,22.566030000000012,29.58360548428762,2.974054297093868,24.0,131.91234
2020-06-17 16:00:00,20.951960000000042,31.280145858655306,2.9131259063204116,25.0,109.13916
2020-06-17 17:00:00,19.70333000000005,33.972433043449286,2.5798159079771663,15.0,112.64923
2020-06-17 18:00:00,18.49532000000005,37.90003985477323,2.2608515208627677,20.0,99.96153
2020-06-17 20:00:00,16.097500000000025,49.34454784767075,2.0442153121616617,28.0,56.801514
2020-06-17 21:00:00,14.91805000000005,54.78169458086715,1.8969537524943645,29.0,49.227432
2020-06-17 22:00:00,13.884730000000047,59.8686913247111,1.7458436893954652,25.0,51.314896
2020-06-17 23:00:00,13.133230000000026,64.36978050528568,1.5522173553800909,26.0,42.20717
2020-06-18 00:00:00,12.719140000000039,66.20901781041152,1.3991220169842657,19.0,29.139782
2020-06-18 01:00:00,13.907500000000027,72.44766033017889,1.0102552563985499,22.0,28.182388
2020-06-18 02:00:00,17.670560000000023,54.97715108251077,0.42198390573815836,22.0,76.13316
2020-06-18 03:00:00,20.54630000000003,41.814135806525556,0.42610378416386263,25.0,247.20505
2020-06-18 04:00:00,22.496880000000033,37.17529714738862,0.8540037398053943,25.0,518.084
2020-06-18 05:00:00,24.085140000000024,32.99891378396909,1.1358844954757683,21.0,1073.9802
2020-06-18 06:00:00,25.28048000000001,28.686064354327208,1.3215836270191796,21.0,1620.5237
2020-06-18 07:00:00,26.61605000000003,28.61751871606251,1.393384015133045,21.0,1803.6587
2020-06-18 08:00:00,27.41912000000002,26.421007050077147,1.499435278713267,19.0,1978.0876
2020-06-18 09:00:00,28.067650000000015,24.85998181504106,1.5822290204997536,20.0,2118.6572
2020-06-18 10:00:00,28.45995000000005,23.698475860988406,1.703545657830783,17.0,2271.0095
2020-06-18 11:00:00,28.603850000000023,22.8383264321563,1.872742633650497,18.0,2299.5527
2020-06-18 12:00:00,28.490440000000035,22.232137151138986,1.9584521736140637,17.0,2338.7349
2020-06-18 13:00:00,27.899620000000027,24.582910186331308,1.93372503814384,15.0,1060.98
2020-06-18 14:00:00,26.625670000000014,30.03376883903875,1.88407891165004,28.0,113.85129
2020-06-18 15:00:00,24.893460000000005,31.50643949029309,2.1785138967939104,36.0,37.698364
2020-06-18 16:00:00,22.966700000000003,34.088278528740226,2.38662138230782,24.0,29.969376
2020-06-18 17:00:00,21.089800000000025,38.22526865180781,2.4424756820987183,24.0,32.0222
2020-06-18 18:00:00,19.253930000000025,43.65915785212547,2.3353542550992814,36.0,30.034958
2020-06-18 19:00:00,17.817800000000034,52.06876361526786,2.2383746596692546,36.0,27.839697
2020-06-18 20:00:00,16.505899999999997,57.083542074745424,2.2289217483443253,34.0,27.089996
2020-06-18 21:00:00,15.537440000000004,60.76157132020297,2.2595144550766295,22.0,25.99242
2020-06-18 22:00:00,14.747460000000046,63.466870188193376,2.2833762657729277,22.0,21.85964
2020-06-18 23:00:00,14.068720000000042,65.39227412052838,2.2965740703442563,16.0,21.284142
2020-06-19 00:00:00,13.512540000000001,66.24425786123585,2.2832467248404815,25.0,18.126423
2020-06-19 01:00:00,14.234740000000045,67.66838524051462,1.8676428834534087,20.0,17.534523
2020-06-19 02:00:00,18.25400000000002,64.85797271780937,1.1013324680911345,20.0,42.649933
2020-06-19 03:00:00,23.024560000000008,42.138489782147985,0.6464622005725184,19.0,190.72298
2020-06-19 04:00:00,25.27260000000001,32.15487797960751,1.0764865879113727,25.0,453.46582
2020-06-19 05:00:00,26.845270000000028,28.408317027168028,1.4996784571903172,24.0,1027.8914
2020-06-19 06:00:00,28.05776000000003,23.78691079515308,1.5699053911153176,22.0,1778.4675
2020-06-19 07:00:00,28.73580000000004,21.437713208418685,1.6979093413743036,12.0,1964.3638
2020-06-19 08:00:00,29.435540000000003,19.835577619144658,1.6855045191016063,18.0,2095.6252
2020-06-19 09:00:00,29.926230000000032,18.811196400339114,1.6842446743605435,18.0,2233.6433
2020-06-19 10:00:00,30.266320000000007,17.89269007011106,1.590631322315215,20.0,2307.8245
2020-06-19 11:00:00,30.317740000000015,17.416089665942092,1.4285160453619343,19.0,2291.0374
2020-06-19 12:00:00,30.121970000000033,17.403451576393444,1.2348381382507922,10.0,2247.2476
2020-06-19 13:00:00,29.665729999999996,20.034348764104784,0.9108729577514968,10.0,963.8552
2020-06-19 14:00:00,28.39047000000005,27.43938099312133,0.5312111298325621,38.0,95.96399
2020-06-19 15:00:00,26.609100000000012,33.82998614642244,0.8172696173316083,36.0,24.160172
2020-06-19 16:00:00,23.022970000000043,40.707332167565774,1.94290447240736,36.0,21.979538
2020-06-19 17:00:00,20.894100000000037,43.32897916068204,2.347715210138295,34.0,23.330948
2020-06-19 18:00:00,19.233060000000023,46.47762876570133,2.5087681843777716,34.0,25.81903
2020-06-19 19:00:00,18.035799999999995,50.84582920898443,2.3448863275779193,34.0,26.192886
2020-06-19 20:00:00,16.951960000000042,54.17017909892812,2.3558517483241297,30.0,26.213043
2020-06-19 21:00:00,16.074900000000014,56.84989583408297,2.3634607505688034,20.0,24.86409
2020-06-19 22:00:00,15.319479999999999,58.745184565058416,2.3689031692869857,21.0,17.454853
2020-06-19 23:00:00,14.616300000000024,60.52883694748656,2.365921742507019,19.0,15.891063
2020-06-20 00:00:00,14.008260000000007,61.968254306083885,2.329337655212872,19.0,16.987988
2020-06-20 01:00:00,14.715540000000033,64.44498303290106,1.8922913064127886,22.0,18.832062
2020-06-20 02:00:00,18.696799999999996,62.9595680744419,1.1312398192882323,16.0,36.968857
2020-06-20 03:00:00,23.87808000000001,43.01971464384187,0.6358837683175205,18.0,110.91867
2020-06-20 04:00:00,26.64468000000005,30.960683131095013,0.5223494538922793,15.0,456.70044
2020-06-20 05:00:00,28.500400000000013,25.47502706759255,0.9140361899841912,15.0,1195.3301
2020-06-20 06:00:00,30.001059999999995,20.75931798291346,1.7860269763467818,13.0,2204.5642
2020-06-20 07:00:00,31.640900000000045,16.81330791541958,3.3390910748228966,13.0,2397.3376
2020-06-20 08:00:00,32.22920000000005,16.31367808777131,3.722982726967425,14.0,2564.429
2020-06-20 09:00:00,32.51107000000002,16.292099134988035,4.106573853485085,12.0,2659.9836
2020-06-20 10:00:00,32.51028000000002,16.6442807519567,4.465478991643869,12.0,2690.087
2020-06-20 11:00:00,32.22854000000001,17.13443741463014,4.68311011658746,17.0,2467.3457
2020-06-20 12:00:00,31.611050000000034,18.339372450571318,4.604691301341144,18.0,2201.2085
2020-06-20 13:00:00,30.51486,21.414653420387552,3.9636343573637496,18.0,993.5913
2020-06-20 14:00:00,28.662320000000022,24.286370338327686,3.4390542454022985,25.0,425.61517
2020-06-20 15:00:00,26.37124,26.324317793766078,3.248513849423864,27.0,185.7537
2020-06-20 16:00:00,24.54928000000001,29.098607032113986,3.029246400590114,27.0,120.00383
2020-06-20 17:00:00,22.933500000000038,33.08687879259608,2.6476436594961057,25.0,81.60977
2020-06-20 18:00:00,21.024380000000008,38.89291082590873,2.376596564339169,25.0,58.317505
2020-06-20 19:00:00,19.150000000000034,43.21941656099894,2.233573336172018,22.0,40.367294
2020-06-20 20:00:00,17.70977000000005,48.75774582716264,2.1815033709122935,24.0,30.712418
2020-06-20 21:00:00,16.612099999999998,53.02183145272297,2.1522672377500083,23.0,26.252342
2020-06-20 22:00:00,15.78298000000001,55.850218093438954,2.224402935942686,17.0,22.830246
2020-06-20 23:00:00,15.10247000000004,57.464899991688746,2.279643721379501,23.0,25.090067
2020-06-21 00:00:00,14.551080000000013,58.15744405982701,2.3811553399626857,20.0,21.981878
2020-06-21 01:00:00,15.255820000000028,61.19882237464161,2.090232058714051,25.0,20.43859
2020-06-21 02:00:00,19.35327000000001,58.2770486999931,1.4526542503703195,25.0,35.165802
2020-06-21 03:00:00,25.092900000000043,40.38035083545997,1.0084474397418737,25.0,100.65892
2020-06-21 04:00:00,28.20210000000003,25.077051955625617,1.363983148834224,21.0,334.635
2020-06-21 05:00:00,29.937460000000044,21.090710971659647,1.4564355242172755,21.0,671.64014
2020-06-21 06:00:00,31.33510000000001,18.79297363252385,1.6985512866724661,28.0,1078.4644
2020-06-21 07:00:00,32.73416000000003,17.794632939351605,1.7601953194998379,26.0,1516.8779
2020-06-21 08:00:00,33.402919999999995,17.287541977212843,1.5916466911403615,21.0,1689.5515
2020-06-21 09:00:00,33.90536000000003,17.03530768088136,1.4896869478573005,21.0,1785.8298
2020-06-21 10:00:00,34.19244000000003,16.846497591233703,1.4776538982262186,21.0,1354.7705
2020-06-21 11:00:00,34.17755,16.734169886996437,1.3709534019644531,21.0,1224.3015
2020-06-21 12:00:00,33.95736000000005,17.230373391333245,1.516934202770299,26.0,909.5281
2020-06-21 13:00:00,33.179700000000025,20.998210468402768,1.6878910459614054,26.0,376.1891
2020-06-21 14:00:00,31.34707000000003,26.05300074425629,2.2160957999402213,58.0,106.82239
2020-06-21 15:00:00,28.80800000000005,28.810651227584447,2.624276345651473,52.0,50.11125
2020-06-21 16:00:00,26.077660000000037,32.164748724025934,2.786304070227261,52.0,38.921112
2020-06-21 17:00:00,23.596100000000035,37.027609271020665,2.6624108388310863,81.0,31.606903
2020-06-21 18:00:00,21.879700000000014,42.09401492849121,2.5881195184733197,42.0,25.957903
2020-06-21 19:00:00,20.437340000000006,49.066204082523456,2.60725257250608,42.0,20.901089
2020-06-21 20:00:00,19.615440000000035,52.652097270480894,2.564883697172884,33.0,18.09462
2020-06-21 21:00:00,18.942960000000028,55.17151765864186,2.5087696312023806,33.0,16.111961
2020-06-21 22:00:00,18.301199999999994,57.21598197156236,2.474959866074505,36.0,13.64826
2020-06-21 23:00:00,17.635500000000036,59.07256829918371,2.5462488901491325,26.0,14.525378
2020-06-22 00:00:00,17.407200000000046,59.784201462926156,2.665127210097013,24.0,15.701948
2020-06-22 01:00:00,19.308500000000038,55.17024451506051,2.3781039664756647,29.0,18.715729
2020-06-22 02:00:00,21.704250000000002,56.27150623654461,1.5115223445214059,27.0,34.128494
2020-06-22 03:00:00,26.077800000000025,50.84912565756918,0.6208961377266214,23.0,79.875854
2020-06-22 04:00:00,30.28720000000004,31.856558706504984,0.22139423824591573,23.0,179.43604
2020-06-22 05:00:00,32.53030000000001,24.24360700138826,0.5452663035735758,23.0,589.08325
2020-06-22 13:00:00,34.127980000000036,27.66359457911154,1.9230416400628172,26.0,163.12737
2020-06-22 14:00:00,32.132780000000025,32.79024356587827,2.434771764661164,24.0,62.730286
2020-06-22 15:00:00,30.898830000000032,29.404128207193978,3.5067487039781238,24.0,84.41374
2020-06-22 16:00:00,30.362630000000024,24.709247489370902,4.267179042716825,26.0,97.69681
2020-06-22 17:00:00,29.503700000000038,23.26040903921709,4.195255978356982,21.0,96.863464
2020-06-22 18:00:00,28.129850000000033,25.51469355987417,3.2479137304337766,21.0,62.832924
2020-06-22 19:00:00,26.18276000000003,35.869350501654864,2.955901439447657,27.0,54.65362
2020-06-22 20:00:00,25.335380000000043,37.0479857139288,2.727198356590507,27.0,60.822067
2020-06-22 21:00:00,24.66897,40.36861139002575,3.4502157695938798,20.0,104.60614
2020-06-22 22:00:00,24.94924000000003,40.95984768084983,4.098010270269127,21.0,173.82141
2020-06-22 23:00:00,24.610070000000007,43.16377554034631,4.270075184306038,23.0,249.50633
2020-06-23 00:00:00,24.176050000000032,44.60928516045503,4.2238792421511135,23.0,195.21442
2020-06-23 01:00:00,23.77352000000002,48.38060367865331,3.8817419987996047,23.0,140.43289
2020-06-23 02:00:00,25.355740000000026,47.688991498399396,2.602123795160631,25.0,99.49957
2020-06-23 03:00:00,27.750730000000033,45.0247441956481,1.1571053580938988,25.0,218.32683
2020-06-23 04:00:00,30.147550000000024,39.91862706988914,1.5203984414692946,23.0,454.54517
2020-06-23 05:00:00,31.99580000000003,31.433922810131154,3.419811960040822,23.0,865.15186
2020-06-23 06:00:00,32.844539999999995,28.543421775710584,3.6715965731641407,24.0,1336.1646
2020-06-23 07:00:00,33.29928000000001,24.082878956653566,3.307307738891089,24.0,1682.8701
2020-06-23 08:00:00,34.21020000000004,20.66760429038574,3.1238257341249898,18.0,2252.608
2020-06-23 09:00:00,34.83047000000005,17.862245625338883,2.9797289512553298,21.0,2697.5789
2020-06-23 10:00:00,35.21090000000004,15.442920118921556,3.1011314397648992,18.0,3016.605
2020-06-23 11:00:00,35.30062000000004,13.989459920144226,2.995133352680441,17.0,2466.9817
2020-06-23 12:00:00,35.009119999999996,14.43140130427181,2.6209546170740405,19.0,2203.6733
2020-06-23 13:00:00,34.271720000000016,18.22517311046508,1.9160593029197217,21.0,812.4573
2020-06-23 14:00:00,32.97527000000002,21.134031030688252,1.6050350593386582,23.0,109.41438
2020-06-23 15:00:00,30.47976,26.786261723264023,1.2448553295627625,18.0,62.37155
2020-06-23 16:00:00,27.427729999999997,29.15688831734664,1.6459213154136043,18.0,58.939804
2020-06-23 17:00:00,25.30886000000004,29.519454649100542,2.2534757582502123,17.0,49.54149
2020-06-23 18:00:00,23.770039999999995,31.59329930517113,2.315180620967971,17.0,39.99872
2020-06-23 19:00:00,22.649130000000014,33.20043166566857,2.120547623368044,18.0,29.760803
2020-06-23 20:00:00,21.479520000000036,37.33290713172126,1.89587534597695,18.0,27.50977
2020-06-23 21:00:00,20.6807,41.0139210607371,1.7302663624026395,18.0,30.794207
2020-06-23 22:00:00,20.277060000000006,42.745487467571905,1.7069327456841321,17.0,38.063004
2020-06-23 23:00:00,20.10467,42.0176862770708,1.913258842556409,17.0,38.150345
2020-06-24 00:00:00,20.414540000000045,40.508779076220506,2.080740818874802,25.0,35.72232
2020-06-24 01:00:00,21.13810000000001,45.35473235773133,2.0499394789723233,26.0,29.86398
2020-06-24 02:00:00,23.278560000000027,47.3264259267405,1.6106091214401619,21.0,40.009262
2020-06-24 03:00:00,26.99350000000004,34.42529266210395,0.9332615437600812,23.0,136.097
2020-06-24 04:00:00,29.647640000000024,25.12473498088254,0.31679791125261414,21.0,318.69263
2020-06-24 05:00:00,31.07570000000004,21.169454241875666,0.8470541145456503,29.0,522.0513
2020-06-24 06:00:00,32.30770000000001,18.290275046091068,1.6865438378522213,29.0,1321.0881
2020-06-24 07:00:00,33.25380000000001,17.891453380147215,1.7736807832524366,12.0,2315.486
2020-06-24 08:00:00,33.910799999999995,16.546061034678825,2.5116110212183163,12.0,2952.0452
2020-06-24 09:00:00,34.27505000000002,15.840166334921545,3.2098139631534353,13.0,3265.7092
2020-06-24 10:00:00,34.248680000000036,15.676204562414268,3.502171378926418,11.0,3405.164
2020-06-24 11:00:00,33.435900000000004,16.932644863184805,3.637955868869807,14.0,3057.0085
2020-06-24 12:00:00,32.73910000000001,17.92344659469555,2.398178999716098,13.0,2255.4329
2020-06-24 13:00:00,32.16360000000003,20.500176398455345,1.4422409150633546,13.0,940.26025
2020-06-24 14:00:00,31.063350000000014,24.29361861225593,1.5751722521986962,25.0,215.67592
2020-06-24 15:00:00,28.88888000000003,27.0945551361139,2.4365202612866286,25.0,82.984146
2020-06-24 16:00:00,26.515340000000037,29.929699497815733,2.780810344929125,25.0,61.881897
2020-06-24 17:00:00,24.783720000000017,32.15352672670137,2.831940259980595,30.0,50.3851
2020-06-24 18:00:00,23.302880000000016,34.86968615706774,2.7219729466759164,23.0,40.177597
2020-06-24 19:00:00,21.795950000000005,37.38250584441335,2.6837847224672324,25.0,32.720387
2020-06-24 20:00:00,20.395140000000026,41.50260606297793,2.6838397635685034,25.0,28.943495
2020-06-24 21:00:00,19.134640000000047,45.626456305946284,2.671807587579151,25.0,27.030373
2020-06-24 22:00:00,18.164300000000026,48.81165583190313,2.715121968765222,18.0,28.346138
2020-06-24 23:00:00,17.54647,50.59120925633922,2.732649211376537,18.0,33.079838
2020-06-25 00:00:00,17.077800000000025,51.75742980199311,2.7261300893638114,19.0,33.076195
2020-06-25 01:00:00,17.760580000000004,54.72159323031049,2.263120880135624,19.0,37.143814
2020-06-25 02:00:00,21.57134000000002,54.62139235604178,1.4578666891478556,15.0,53.022583
2020-06-25 03:00:00,26.568380000000047,39.18098639181896,0.8984239449718874,14.0,136.63219
2020-06-25 04:00:00,29.469840000000033,26.67883446063359,0.5356972240398044,14.0,518.57446
2020-06-25 05:00:00,31.157430000000033,22.500327796344514,1.133416173106675,14.0,1276.5049
2020-06-25 06:00:00,32.50503000000003,17.77927442420594,1.576935113206492,12.0,2362.5403
2020-06-25 07:00:00,33.49197000000004,15.63721690254474,1.0870396596487821,9.0,2541.6492
2020-06-25 08:00:00,34.04257000000001,15.128878685568468,1.1646778035728433,13.0,2608.1833
2020-06-25 09:00:00,34.463900000000024,14.663561654273607,1.4661256957634328,12.0,2593.6675
2020-06-25 10:00:00,34.67596000000003,14.246228175927303,1.663069436357932,11.0,2433.3813
2020-06-25 11:00:00,34.6943,14.03986677678621,1.815492456338591,14.0,2231.533
2020-06-25 12:00:00,34.39123000000001,14.794958276975583,1.7873467285797964,20.0,1457.5667
2020-06-25 13:00:00,33.76046000000002,17.691393238500755,1.5202665392864225,15.0,594.3718
2020-06-25 14:00:00,32.19204000000002,22.975576534822565,0.8586338638694834,37.0,100.02211
2020-06-25 15:00:00,30.021600000000035,26.03896042669312,1.8669086191704403,42.0,46.537037
2020-06-25 16:00:00,27.203580000000045,29.100506282744924,2.342841285170357,42.0,32.91717
2020-06-25 17:00:00,25.125200000000007,32.7033937759381,2.2693419168174502,55.0,26.217157
2020-06-25 18:00:00,23.563800000000015,35.90220910492738,2.3127985278361285,52.0,29.68845
2020-06-25 19:00:00,22.060940000000016,40.90467890361042,2.111097456598257,52.0,27.855576
2020-06-25 20:00:00,20.76364000000001,48.01528394439642,1.4246617081285082,51.0,19.70121
2020-06-25 21:00:00,19.904470000000003,50.72814526066407,1.2192011773537832,36.0,34.890476
2020-06-25 22:00:00,18.868920000000003,51.98699034304241,1.6739385760649608,35.0,35.012684
2020-06-25 23:00:00,18.791600000000017,49.163884709084904,2.0866671470638285,34.0,26.502054
2020-06-26 00:00:00,18.786249999999995,47.82904493266258,2.298422629564826,34.0,23.366207
2020-06-26 01:00:00,19.664540000000045,50.60021502455719,2.0437472958904803,35.0,37.153046
2020-06-26 02:00:00,22.813620000000014,44.275199493735165,1.8899543428941508,34.0,173.92726
2020-06-26 03:00:00,25.94980000000004,35.04650240612858,2.281517598868481,46.0,416.57446
2020-06-26 04:00:00,27.57433000000003,31.88772819356862,2.43464680866055,50.0,541.00024
2020-06-26 05:00:00,29.607200000000034,26.80697327830325,2.4837158987284598,41.0,744.719
2020-06-26 06:00:00,31.102599999999995,21.140805126651152,2.3644499626914945,16.0,1236.6287
2020-06-26 07:00:00,33.08874000000003,18.228324988469748,3.212874571066633,16.0,2309.8547
2020-06-26 08:00:00,33.67114000000004,15.607928981333108,3.596600492890924,15.0,2626.6091
2020-06-26 09:00:00,34.38370000000003,14.056599816249125,4.316519369823666,19.0,3292.014
2020-06-26 10:00:00,34.09823,14.303374923372756,5.192288521701809,10.0,3685.1895
2020-06-26 11:00:00,33.219899999999996,16.084770048184367,4.67712946583721,17.0,3489.6208
2020-06-26 12:00:00,32.31844000000001,18.301148396193668,2.395359014619518,39.0,3192.6387
2020-06-26 13:00:00,31.806480000000022,20.5458004906315,0.7269752346542592,39.0,1673.1301
2020-06-26 14:00:00,30.32220000000001,26.913572947519803,2.464738108299492,55.0,131.79364
2020-06-26 15:00:00,28.516700000000014,29.31886140228603,3.1846595625987564,26.0,182.0267
2020-06-26 16:00:00,28.143820000000005,29.22255775430922,4.172756357831616,27.0,726.8302
2020-06-26 17:00:00,27.34408000000002,30.23249521791557,1.8403756713487929,32.0,1076.9077
2020-06-26 18:00:00,25.696740000000034,34.956368917241015,2.719872598843933,36.0,112.00925
2020-06-26 19:00:00,26.38366000000002,30.038343813001458,2.287406244701531,33.0,104.984146
2020-06-26 20:00:00,24.460320000000024,38.84515375850601,1.1858413166378905,42.0,183.38533
2020-06-26 21:00:00,23.293360000000007,38.516819170583155,2.7461848693364566,45.0,644.68085
2020-06-26 22:00:00,22.14324000000005,42.33948410224385,1.8264895344967431,45.0,233.77626
2020-06-26 23:00:00,21.653650000000027,44.94210098409897,1.066726256504561,42.0,56.223312
2020-06-27 00:00:00,20.71646000000004,49.71778207735561,1.208190437819073,35.0,83.10893
2020-06-27 01:00:00,19.911400000000015,55.17247961528988,2.0757382187337594,35.0,305.35907
2020-06-27 02:00:00,19.677760000000035,53.35872012340822,3.4929521608788763,37.0,598.45435
2020-06-27 03:00:00,20.17312000000004,49.39138061357658,3.8117338728223404,20.0,708.02075
2020-06-27 04:00:00,21.318870000000004,43.76731942813047,3.7836773142501463,17.0,961.938
2020-06-27 05:00:00,22.427880000000016,39.32310316865753,3.6450784641192264,17.0,1365.6584
2020-06-27 06:00:00,23.371800000000007,35.33890634645163,3.4091375338903314,15.0,1682.7063
2020-06-27 07:00:00,22.991420000000005,28.677798447347865,3.4566390644009624,17.0,1877.4497
2020-06-27 08:00:00,23.598540000000014,24.189911969849987,3.415178841439155,15.0,2033.7903
2020-06-27 09:00:00,24.089620000000025,20.885279483485913,3.4052134260191362,11.0,2143.3745
2020-06-27 10:00:00,24.29970000000003,18.71846265621389,3.2924369197365895,12.0,2161.5088
2020-06-27 11:00:00,24.27728000000002,17.515824494193577,3.2329470850933175,12.0,2065.0027
2020-06-27 12:00:00,23.97872000000001,17.127947408111975,3.2846903783035457,12.0,1979.6436
2020-06-27 13:00:00,23.35238000000004,17.607572587178556,3.514653381493989,13.0,1905.8062
2020-06-27 14:00:00,22.33743000000004,19.823125948316374,3.1631604036496697,26.0,830.20776
2020-06-27 15:00:00,20.741000000000042,21.69377536902234,2.793907286211733,26.0,274.91443
2020-06-27 16:00:00,19.5745,23.01063425658266,2.307967172509557,19.0,139.15482
2020-06-27 17:00:00,18.37008000000003,27.75346107391934,1.5522141793647237,19.0,47.69928
2020-06-27 18:00:00,16.677800000000047,35.306736766065846,1.517167377063822,20.0,23.256683
2020-06-27 19:00:00,15.208250000000021,38.09203471549624,1.9521790553734653,21.0,30.438293
2020-06-27 20:00:00,14.239700000000028,41.3573958884517,2.0738780378542443,24.0,38.54866
2020-06-27 21:00:00,13.51382000000001,43.769320302677684,2.135314389953868,15.0,42.29547
2020-06-27 22:00:00,12.850240000000042,46.1665581452349,2.0385605537747096,16.0,25.197937
2020-06-27 23:00:00,12.203270000000032,49.20692043508059,1.834511767463139,16.0,30.521519
2020-06-28 00:00:00,11.63488000000001,51.33141429160069,1.7856682513903024,25.0,34.059223
2020-06-28 01:00:00,12.433500000000038,61.28595367296285,1.6078209781830375,25.0,41.92679
2020-06-28 02:00:00,16.79507000000001,44.79648634601892,1.1781068564617312,39.0,150.14246
2020-06-28 03:00:00,20.082150000000013,26.364038790744356,1.7747613468290886,28.0,481.22607
2020-06-28 04:00:00,21.615800000000036,23.122036354771907,2.0558621817258667,28.0,914.12524
2020-06-28 05:00:00,22.610250000000008,22.007893614549985,1.964894569416049,20.0,1695.7283
2020-06-28 06:00:00,23.55993000000001,20.903891557304075,2.199195012284542,16.0,2331.2893
2020-06-28 07:00:00,23.79803000000004,21.871499218135803,2.1311904857814894,16.0,2489.5095
2020-06-28 08:00:00,24.505899999999997,20.22027413589079,2.208378576512336,15.0,2511.143
2020-06-28 09:00:00,25.055930000000046,18.6750553380344,2.2436319285827278,11.0,2493.463
2020-06-28 10:00:00,25.358360000000005,17.612316593884238,2.1539161346529347,11.0,2396.886
2020-06-28 11:00:00,25.414300000000026,16.927508968717746,2.1401910558197206,15.0,2347.415
2020-06-28 12:00:00,25.203599999999994,16.643977542508313,2.1023659307742313,15.0,2279.186
2020-06-28 13:00:00,24.712900000000047,17.212535821872372,2.0613793751671645,15.0,2010.3115
2020-06-28 14:00:00,23.788100000000043,21.41342995684108,1.9914280885307065,15.0,367.18945
2020-06-28 15:00:00,22.116360000000043,24.013887607038313,2.5245532980909755,36.0,83.33481
2020-06-28 16:00:00,20.331800000000044,26.511346968102817,2.7213186209503455,23.0,52.516327
2020-06-28 17:00:00,18.92745000000002,29.200100506321736,2.662542937131989,23.0,49.29297
2020-06-28 18:00:00,17.70890000000003,32.0503409607808,2.513610171076066,23.0,50.89009
2020-06-28 19:00:00,16.358300000000042,37.49643532009304,2.4196468468708403,17.0,51.827515
2020-06-28 20:00:00,15.091760000000022,41.50764892268536,2.3327409023804853,14.0,46.470215
2020-06-28 21:00:00,13.986540000000048,45.615187303277665,2.2835712389474607,17.0,37.90999
2020-06-28 22:00:00,13.144040000000018,49.1441181216458,2.187280601015288,17.0,30.02597
2020-06-28 23:00:00,12.45270000000005,52.15366856079599,2.17192036475674,18.0,23.972046
2020-06-29 00:00:00,11.838130000000035,54.62830392450057,2.2766539234327667,18.0,20.175776
2020-06-29 01:00:00,12.54830000000004,57.90675823955892,1.9339819174357271,17.0,18.487823
2020-06-29 02:00:00,16.679700000000025,53.88408417720624,1.2678483458691296,21.0,39.258453
2020-06-29 03:00:00,21.628780000000006,33.31652265850762,0.7830369372504276,14.0,147.65689
2020-06-29 04:00:00,24.170980000000043,24.188681362360356,0.7474304080439653,10.0,495.33862
2020-06-29 05:00:00,25.991100000000017,19.189073120879673,1.5210238247469863,10.0,867.333
2020-06-29 06:00:00,27.474900000000048,16.974502601355304,2.1923042860477397,10.0,1126.4023
2020-06-29 07:00:00,28.545680000000004,16.60753440632062,2.6312438694599254,10.0,1356.9739
2020-06-29 08:00:00,29.47762,15.34528621935892,2.747405810008867,18.0,1549.229
2020-06-29 09:00:00,30.130430000000047,14.59944251011412,2.5913947958876022,13.0,1681.3496
2020-06-29 13:00:00,29.366970000000038,18.50816266670047,2.0938166146031545,19.0,597.12036
2020-06-29 14:00:00,27.94753000000003,23.1256460155851,2.0063415588459423,42.0,110.49745
2020-06-29 15:00:00,26.27654000000001,25.719166819812784,2.335932881934378,52.0,45.645905
2020-06-29 16:00:00,24.539480000000026,29.029255520454555,2.3570675820956537,51.0,31.923813
2020-06-29 17:00:00,22.947050000000047,33.43035995477578,2.0920417912726337,52.0,24.293167
2020-06-29 18:00:00,21.117200000000025,39.41128086809395,2.045896150724582,52.0,17.920446
2020-06-29 19:00:00,20.052030000000002,45.02078453475664,2.334735571643766,38.0,18.389479
2020-06-29 20:00:00,18.895350000000008,49.13449405945316,2.4244510093952036,30.0,21.941828
2020-06-29 21:00:00,18.078820000000007,51.906413682091774,2.3580571184876593,23.0,21.74418
2020-06-29 22:00:00,17.536370000000034,53.861942623027815,2.1973763618185203,20.0,18.406662
2020-06-29 23:00:00,17.236540000000048,54.977051241482016,2.0438536601672124,22.0,22.406872
2020-06-30 00:00:00,17.307900000000018,54.801608017212416,1.9108782963744155,22.0,24.75138
2020-06-30 01:00:00,17.971460000000036,55.34736557412322,1.8987664915333662,22.0,29.405838
2020-06-30 02:00:00,19.398950000000013,55.2910259613233,1.908038100577733,16.0,38.16249
2020-06-30 03:00:00,21.189540000000022,51.8138018779488,1.632814287140847,16.0,86.97536
2020-06-30 04:00:00,24.660600000000045,40.469586658596484,0.46089481774962626,19.0,288.66458
2020-06-30 05:00:00,28.226830000000007,27.25892203310224,1.474033457949222,36.0,516.4492
2020-06-30 06:00:00,30.054900000000032,21.85216717575815,1.953354203799426,44.0,790.854
2020-06-30 07:00:00,31.20648,21.45880595055949,2.6925870062075097,33.0,1442.686
2020-06-30 08:00:00,31.911159999999995,19.284134900299133,2.6087810842878327,34.0,1769.876
2020-06-30 09:00:00,32.23373000000004,18.230429502207095,1.8760935046191842,40.0,1943.7432
2020-06-30 10:00:00,32.49493000000001,17.713943811747175,1.2564572179205824,40.0,1713.9363
2020-06-30 11:00:00,32.62765000000002,17.570339737314537,1.0301800239487549,54.0,2374.469
2020-06-30 12:00:00,32.307150000000036,18.00769218860975,1.3478406484745595,39.0,2307.1687
2020-06-30 13:00:00,31.283720000000017,24.285651826156034,1.4407696220523802,43.0,358.2444
2020-06-30 14:00:00,29.944800000000043,27.40052679540884,1.6354656841889197,43.0,14.569871
2020-06-30 15:00:00,28.766930000000002,26.269688466625798,2.8153175121077694,26.0,172.5806
2020-06-30 16:00:00,27.599480000000028,24.43246876758188,2.5049964066112826,28.0,120.80527
2020-06-30 17:00:00,25.701930000000004,30.289050325263055,1.6416425558416576,25.0,57.357574
2020-06-30 18:00:00,23.65533000000005,38.491804254705606,3.2599377859929435,25.0,49.931976
2020-06-30 19:00:00,23.422270000000026,34.45944417652537,2.9344015207570426,22.0,85.84532
2020-06-30 20:00:00,22.715480000000014,36.21524444607015,3.0292300857368586,22.0,91.48695
2020-06-30 21:00:00,21.677760000000035,39.99820107562486,3.051873165351019,23.0,77.055084
2020-06-30 22:00:00,20.6567,43.23231218832498,2.951556933039442,26.0,66.1508
2020-07-01 00:00:00,19.14196000000004,49.595520841479185,2.7038586629860983,25.0,89.114075
2020-07-01 01:00:00,19.21798000000001,53.36007880437996,2.3712670665129942,22.0,74.10622
2020-07-01 02:00:00,21.44410000000005,53.08226825294141,1.6389480623188353,24.0,86.48004
2020-07-01 03:00:00,25.53027000000003,43.75363364055222,1.098482240442878,23.0,169.62985
2020-07-01 04:00:00,28.56152000000003,31.45676791415278,0.9213917249368004,28.0,732.25854
2020-07-01 05:00:00,30.416960000000017,24.26649881448889,1.2305510980179613,29.0,1570.8438
2020-07-01 06:00:00,31.538800000000037,21.91023532912101,1.628932200430466,26.0,2869.182
2020-07-01 07:00:00,32.47710000000001,20.21681288904311,1.9382868506313224,27.0,3074.7295
2020-07-01 08:00:00,32.86697000000004,20.021563815329696,1.966775704170173,18.0,3171.4631
2020-07-01 09:00:00,33.055470000000014,19.993498217445755,2.0355971892389646,18.0,3229.7996
2020-07-01 10:00:00,32.99114000000003,20.1556637178989,1.8900109632674456,22.0,3456.6987
2020-07-01 11:00:00,32.768550000000005,19.508894540540048,1.421160876761463,23.0,2510.2383
2020-07-01 12:00:00,32.49136000000004,19.926222755692763,0.6121779744525301,23.0,1788.5549
2020-07-01 13:00:00,32.18926000000005,20.511160904263683,0.6480308099114289,31.0,363.7661
2020-07-01 14:00:00,31.09316000000001,25.83804902557974,1.6024316953391708,31.0,213.25897
2020-07-01 15:00:00,29.200919999999996,28.570352711531264,2.433918711905137,48.0,118.82538
2020-07-01 16:00:00,26.925440000000037,31.999273867775436,2.442035405759116,58.0,62.455032
2020-07-01 17:00:00,24.83593000000002,36.23216988397312,2.3136819005059555,58.0,54.660187
2020-07-01 18:00:00,22.90560000000005,41.089010732505585,2.2361590433473757,50.0,56.61078
2020-07-01 19:00:00,22.170560000000023,38.71580234111221,2.5538934298198273,44.0,54.913193
2020-07-01 20:00:00,21.345540000000028,40.106974319945614,2.5001659620252936,39.0,48.245483
2020-07-01 21:00:00,20.546600000000012,41.95576110083643,2.423647759942492,35.0,51.509613
2020-07-01 22:00:00,20.22670000000005,42.86894571147893,2.3632848105513564,39.0,51.47072
2020-07-01 23:00:00,20.130200000000002,42.68856681367354,2.589110415866442,51.0,56.44786
2020-07-02 00:00:00,20.419700000000034,41.49690253578959,2.7092715612517324,51.0,59.01979
2020-07-02 01:00:00,21.640100000000018,42.70516607183423,2.6408839841598364,58.0,85.37718
2020-07-02 02:00:00,23.519740000000013,43.27909816835095,2.1967157148956207,59.0,233.98972
2020-07-02 03:00:00,25.285240000000044,38.01904996643981,2.437816083078576,36.0,512.9585
2020-07-02 04:00:00,26.486469999999997,32.981381058710184,2.483247205818158,25.0,669.906
2020-07-02 05:00:00,27.886000000000024,29.320099021694972,2.5899820661527375,18.0,1014.3074
2020-07-02 06:00:00,28.91912000000002,27.163257840983885,3.1503477995152678,18.0,1526.877
2020-07-02 07:00:00,29.40826000000004,26.01788300371332,4.152345261611437,21.0,1764.219
2020-07-02 08:00:00,29.73147,26.466572700389282,4.20217772252188,21.0,1925.0359
2020-07-02 09:00:00,29.89870000000002,26.117860983009844,4.319389852822001,12.0,2155.5303
2020-07-02 10:00:00,29.899320000000046,24.67298196643648,4.3444409460894,15.0,2359.6057
2020-07-02 11:00:00,29.569000000000017,22.53663075211629,4.110666913493357,15.0,2292.2617
2020-07-02 12:00:00,29.04647,20.12494282954512,3.884601117021202,17.0,2135.6284
2020-07-02 13:00:00,28.21237000000002,19.084213820348353,3.570201018937553,19.0,1903.1199
2020-07-02 14:00:00,26.735000000000014,20.99786345871162,3.179287260508311,21.0,604.1658
2020-07-02 16:00:00,23.163350000000037,22.527555037567268,3.390274149850519,17.0,438.8482
2020-07-02 17:00:00,21.87008000000003,23.969471797507627,3.3932750556801037,30.0,481.38037
2020-07-02 18:00:00,20.767899999999997,25.49579419968245,3.2530655192132825,23.0,510.26587
2020-07-02 19:00:00,19.799920000000043,26.764905368104003,4.240938986395116,23.0,490.58148
2020-07-02 20:00:00,18.774040000000014,30.98720863442437,3.9549402393341886,17.0,401.0797
2020-07-02 21:00:00,17.815150000000017,35.48695481749494,3.4772084741482296,15.0,298.12506
2020-07-02 22:00:00,16.94906000000003,39.602107705932916,2.9983684810382973,14.0,216.9033
2020-07-02 23:00:00,16.16085000000004,43.37349764404464,2.4899167910053297,17.0,170.43546
2020-07-03 00:00:00,15.391300000000001,47.1153781677148,2.063497007556932,12.0,148.47621
2020-07-03 02:00:00,17.87510000000003,46.6322907086202,1.8305984392190555,13.0,261.47287
2020-07-03 03:00:00,19.958200000000033,41.09254843849737,2.5400264547751297,15.0,392.1172
2020-07-03 04:00:00,21.602750000000015,36.076589729310946,2.6008062138369343,9.0,648.1189
2020-07-03 05:00:00,23.050130000000024,31.86062349573781,2.5341326533246615,10.0,936.56494
2020-07-03 06:00:00,24.371970000000033,28.629795018472123,2.4418893001192274,10.0,1138.0203
2020-07-03 07:00:00,26.043000000000006,29.926871713386888,2.3325959454095346,13.0,1253.8562
2020-07-03 08:00:00,27.21407000000005,27.738876108340015,2.45366187759674,11.0,1345.0347
2020-07-03 09:00:00,28.150840000000017,25.79919741672324,2.6891264092203127,12.0,1443.928
2020-07-03 10:00:00,28.748130000000003,24.70143309129712,2.975619556949443,13.0,1541.3955
2020-07-03 11:00:00,28.945700000000045,24.30778251781937,3.1941105989662426,13.0,1604.8716
2020-07-03 12:00:00,28.73818,24.81499320528498,3.3785187075506644,11.0,1613.2737
2020-07-03 13:00:00,28.068300000000022,26.75199456339011,3.4623419973079086,18.0,1515.8555
2020-07-03 14:00:00,26.750200000000007,31.225726711951165,2.917825221437619,18.0,430.02832
2020-07-03 15:00:00,24.78433000000001,34.84687669848804,2.871900172337256,22.0,157.16026
2020-07-03 16:00:00,23.227000000000032,37.964873369737205,2.8470518658030226,19.0,101.86978
2020-07-03 17:00:00,21.99923000000001,41.06122916981365,2.6330318663214003,17.0,86.782776
2020-07-03 18:00:00,20.879170000000045,44.57773042069416,2.110943302174215,14.0,75.56859
2020-07-03 19:00:00,19.317380000000014,51.882682542004595,1.496447311493718,16.0,51.995087
2020-07-03 20:00:00,18.287930000000017,55.900069556743524,1.2705991885651589,16.0,41.32585
2020-07-03 21:00:00,17.15557000000001,58.84925799450446,1.4559610792086168,22.0,40.51909
2020-07-03 22:00:00,15.966030000000046,61.838382930509475,1.700132374510391,21.0,41.970932
2020-07-03 23:00:00,15.119960000000049,63.36653087833808,1.678280332838662,20.0,27.268402
2020-07-04 00:00:00,14.339870000000019,65.45358689665079,1.5772922967339758,21.0,21.264748
2020-07-04 01:00:00,15.004400000000032,72.19121808497027,1.1895968985968188,31.0,27.660227
2020-07-04 02:00:00,19.027000000000044,55.1080013116698,0.6063429520644072,31.0,78.817245
2020-07-04 03:00:00,22.03896000000003,41.38314793049858,0.8795819145321259,49.0,272.56738
2020-07-04 04:00:00,24.16763000000003,35.821113806119925,2.075829065041652,15.0,575.8589
2020-07-04 05:00:00,26.036900000000003,28.81123812591242,3.4569539021293716,11.0,1063.875
2020-07-04 06:00:00,27.358240000000023,24.22401936910996,4.17193337867738,9.0,1409.7754
2020-07-04 07:00:00,28.62142,22.735535855562176,4.090606036412671,9.0,1661.8977
2020-07-04 08:00:00,29.524500000000046,20.307560473168657,4.381791681426046,9.0,1863.2329
2020-07-04 09:00:00,29.990380000000016,19.29347527720961,4.639570582312657,12.0,2000.4548
2020-07-04 10:00:00,30.15432000000004,19.05029758696467,4.7974733744770335,12.0,2062.2861
2020-07-04 12:00:00,29.478170000000034,19.771947876720798,4.667969137798917,10.0,2036.5767
2020-07-04 13:00:00,28.62133,21.48138386614825,4.006368547948848,19.0,1717.5408
2020-07-04 14:00:00,27.21120000000002,25.047495664688736,2.871757053241197,36.0,383.95215
2020-07-04 15:00:00,25.27108000000004,27.7827739316852,2.629195840154894,36.0,123.37067
2020-07-04 16:00:00,23.700860000000034,30.174121342292707,2.4417552733168097,22.0,70.91106
2020-07-04 17:00:00,22.301000000000045,33.26899247639449,2.161617336244049,22.0,49.367188
2020-07-04 18:00:00,20.711180000000013,37.952321313866484,1.8945114154207596,25.0,32.40724
2020-07-04 19:00:00,19.010400000000004,45.31964432048566,1.8408808623133552,22.0,25.322174
2020-07-04 20:00:00,17.634119999999996,50.81420541177185,1.7466757748781885,28.0,27.758667
2020-07-04 21:00:00,16.5385,54.944976187415655,1.733994157101688,25.0,25.262836
2020-07-04 22:00:00,15.683440000000019,58.13500176847281,1.763410536328217,29.0,24.238075
2020-07-04 23:00:00,15.025400000000047,60.671675127578524,1.793418077346917,29.0,19.265251
2020-07-05 00:00:00,14.574900000000014,62.147326203067855,1.9544798783701567,25.0,15.524292
2020-07-05 01:00:00,15.085700000000031,68.24636219543136,1.5258568540277124,28.0,16.334087
2020-07-05 02:00:00,19.07528000000002,58.307622848095,0.513327302607397,34.0,52.223694
2020-07-05 03:00:00,22.608100000000036,37.67941499026518,0.7798794339438501,34.0,266.28204
2020-07-05 04:00:00,24.417700000000025,32.95543879049458,1.330585813060196,30.0,535.011
2020-07-05 05:00:00,26.013270000000034,29.737011087696853,1.6005715438615027,42.0,871.17896
2020-07-05 06:00:00,27.37760000000003,26.735857842963878,1.831030987692518,35.0,1299.0452
2020-07-05 07:00:00,28.892020000000002,24.953637915098785,1.8962227444243704,24.0,1756.5156
2020-07-05 08:00:00,29.919520000000034,22.683010931502615,2.4166276705343273,25.0,2057.8179
2020-07-05 09:00:00,30.542140000000018,21.19549947697753,2.7364386524086086,25.0,2360.8223
2020-07-05 10:00:00,30.919730000000015,20.059986602867983,2.9001941815498116,27.0,2557.1123
2020-07-05 11:00:00,30.95693,19.485390178841765,2.931184985601704,13.0,2658.495
2020-07-05 12:00:00,30.85940000000005,19.213707146226653,2.984317888713714,16.0,2782.7424
2020-07-05 13:00:00,30.30370000000005,20.218227246668,2.635046940070755,19.0,2743.0967
2020-07-05 14:00:00,28.931939999999997,24.332981703285483,2.22069855137397,19.0,292.90674
2020-07-05 15:00:00,26.97726,27.270541330058922,2.904267894844585,33.0,161.88103
2020-07-05 16:00:00,24.96523000000002,31.57069469838099,3.157258103443634,29.0,95.09184
2020-07-05 17:00:00,23.54244,34.85723675207729,2.609418755007153,29.0,59.333725
2020-07-05 18:00:00,22.24780000000004,38.56418931444583,2.008303398386832,27.0,37.10428
2020-07-05 19:00:00,21.05477000000002,41.887252911562065,1.8581546421152495,27.0,34.455643
2020-07-05 20:00:00,20.076260000000048,45.23926921803027,1.9641838703045726,18.0,45.635483
2020-07-05 21:00:00,19.362150000000042,47.490958957985676,2.1568316605651567,21.0,63.967773
2020-07-05 22:00:00,18.732140000000015,49.66672790714372,2.2231813072795163,21.0,72.28851
2020-07-05 23:00:00,17.994320000000016,52.548984808738766,2.187914109766382,17.0,101.3584
2020-07-07 00:00:00,15.50173000000001,59.89359205972585,2.252711077601645,17.0,21.00642
2020-07-07 01:00:00,16.029440000000022,61.141358223353,1.8870899854904244,17.0,20.007353
2020-07-07 02:00:00,19.862270000000024,56.44307230269006,1.1226442451772458,13.0,33.922333
2020-07-07 03:00:00,24.936500000000024,38.68994057861482,0.43853617207538376,27.0,104.994934
2020-07-07 04:00:00,27.451530000000048,29.479738311196233,0.5116056854575505,23.0,412.8606
2020-07-07 05:00:00,29.149130000000014,26.06976065642382,1.2116415954419169,23.0,902.98413
2020-07-07 06:00:00,30.48544000000004,23.276626169150926,1.6980896225244597,19.0,1375.9065
2020-07-07 07:00:00,31.849850000000004,22.457590926452678,1.6301183305826143,22.0,1611.0334
2020-07-07 08:00:00,32.65817000000004,21.857485981299956,1.8876865679354982,22.0,1753.8943
2020-07-07 09:00:00,33.18307000000004,21.438008922191663,1.9568034392794234,16.0,1873.6138
2020-07-07 10:00:00,33.481960000000015,20.87029848732363,1.8057817034308992,16.0,1862.6709
2020-07-07 11:00:00,33.56692000000004,20.269098126649926,1.6434481580269273,24.0,1799.99
2020-07-07 12:00:00,33.39920000000001,19.779139170826454,1.4854288041073693,27.0,1657.645
2020-07-07 13:00:00,32.87300000000005,21.205955188672405,1.2102555824558918,27.0,680.0083
2020-07-07 14:00:00,31.58737000000002,26.491910654905855,1.037514328590502,52.0,58.050476
2020-07-07 15:00:00,29.828880000000026,31.105771673653273,1.1826525345642354,52.0,32.176468
2020-07-07 16:00:00,27.787300000000016,34.12672592690265,1.1320950368786504,51.0,27.940338
2020-07-07 17:00:00,24.90933000000001,39.64032124116705,1.6866711463508324,39.0,23.415771
2020-07-07 18:00:00,22.67306000000002,43.9562421010181,2.1654137655058476,44.0,19.39711
2020-07-07 19:00:00,20.800440000000037,50.144585916927554,2.2775049584516185,45.0,19.265095
2020-07-07 20:00:00,19.760580000000004,53.163220772984324,2.3965275049093737,36.0,21.78283
2020-07-07 21:00:00,18.956350000000043,54.94672789674675,2.4786669588281915,34.0,23.422813
2020-07-07 22:00:00,18.340720000000033,55.912157246170985,2.4722722702764313,28.0,17.941547
2020-07-07 23:00:00,17.834249999999997,56.57030339293931,2.4314315983659176,25.0,16.44569
2020-07-08 00:00:00,17.419700000000034,57.06927205930529,2.335701050971023,22.0,15.796082
2020-07-08 01:00:00,18.009240000000034,57.8968257260488,1.9411877989533135,25.0,14.350103
2020-07-08 02:00:00,21.581320000000005,55.893324660532976,1.1385885834085978,25.0,37.04239
2020-07-08 03:00:00,26.58190000000002,40.87718920722143,0.8806132960564756,33.0,127.27945
2020-07-08 04:00:00,29.304400000000044,29.739027187367682,1.546716053944372,43.0,299.41284
2020-07-08 05:00:00,31.055440000000033,26.305066373180786,1.706600856414402,41.0,584.4529
2020-07-08 06:00:00,32.55587000000003,23.57911783972697,1.7471286270825195,40.0,978.7285
2020-07-08 07:00:00,34.05703,21.29171530330839,2.1821016290127484,37.0,1477.3418
2020-07-08 08:00:00,34.62900000000002,20.224414837255182,2.2640960333044924,29.0,1792.1592
2020-07-08 09:00:00,34.97866000000005,19.768786922966104,2.0802724469540705,25.0,2090.2246
2020-07-08 10:00:00,34.96750000000003,19.672549616005796,1.8693796793616038,25.0,2056.1865
2020-07-08 11:00:00,35.02493000000004,19.52911074361542,1.5750725437251196,22.0,2159.7207
2020-07-08 12:00:00,34.7355,20.057389515285305,1.2600505874198817,33.0,833.90576
2020-07-08 13:00:00,34.19085000000001,22.413133438242085,1.3659400960372354,51.0,265.8546
2020-07-08 14:00:00,32.389670000000024,28.77446677642862,1.948072511894685,51.0,114.02817
2020-07-08 15:00:00,30.677670000000035,31.652496574914245,2.2530123588547273,88.0,103.493256
2020-07-08 16:00:00,29.257470000000012,33.77562138391958,2.1512752091695755,97.0,62.01129
2020-07-08 17:00:00,27.677639999999997,36.987463887027644,2.2940908816187253,97.0,52.570847
2020-07-08 18:00:00,26.18398000000002,39.92415219880837,2.401367135060547,97.0,46.819153
2020-07-08 19:00:00,23.896000000000015,42.22668169097115,2.269218369787161,67.0,41.341995
2020-07-08 20:00:00,22.664800000000014,45.865843867881445,2.1537866267863657,67.0,31.086208
2020-07-08 21:00:00,21.64333000000005,48.8570581617215,2.318072613634064,32.0,23.387066
2020-07-08 22:00:00,20.68643000000003,51.61569376638635,2.476894294592735,32.0,17.117092
2020-07-08 23:00:00,19.964300000000037,53.686704507225556,2.51235603397412,29.0,20.090664
2020-07-09 00:00:00,19.41085000000004,55.03494329695915,2.5735271241650364,30.0,27.690735
2020-07-09 01:00:00,19.99520000000001,55.574592817628165,2.3233387400676486,23.0,34.538696
2020-07-09 02:00:00,23.734920000000045,50.10391923022391,1.6789088975919033,30.0,76.206665
2020-07-09 03:00:00,28.312370000000044,38.65053903472542,1.2407985678963769,36.0,277.5111
2020-07-09 04:00:00,31.03860000000003,28.42742891512311,1.3965911599473135,36.0,591.00635
2020-07-09 05:00:00,32.49697000000003,25.60723912440271,1.8949492426875174,33.0,1027.803
2020-07-09 06:00:00,33.65470000000005,24.171165465941662,2.087979596894112,21.0,3072.589
2020-07-09 07:00:00,34.565300000000036,21.920689967803533,1.6984796355782796,21.0,3336.0295
2020-07-09 08:00:00,35.06710000000004,20.364232533035782,1.7120818669822924,26.0,3425.9465
2020-07-09 09:00:00,35.4871,19.64174065764544,1.8643715359835067,27.0,3455.5022
2020-07-09 10:00:00,35.62765000000002,17.562252682863804,2.3365755594190487,20.0,3389.297
2020-07-09 11:00:00,35.187160000000006,17.44903598147507,2.086757459223934,18.0,2573.0823
2020-07-09 12:00:00,34.69943000000001,18.84045514390866,2.4441091342512715,23.0,949.0674
2020-07-09 13:00:00,33.80450000000002,23.241994472373346,1.46218565294442,30.0,175.71606
2020-07-09 14:00:00,32.089200000000005,24.44912929450807,1.8908447790865883,46.0,102.674576
2020-07-09 15:00:00,30.581320000000005,34.01740216519249,0.44082819596538847,46.0,80.46579
2020-07-09 16:00:00,27.9991,33.71093822552247,1.5687625697848329,43.0,64.50255
2020-07-09 17:00:00,26.557900000000018,35.2990548085565,2.2341852376365305,21.0,63.857193
2020-07-09 18:00:00,25.23782,38.482728351143145,2.2280697215405634,21.0,76.19742
2020-07-09 19:00:00,24.703520000000026,34.070174915867405,2.4790733791058384,25.0,62.855286
2020-07-09 20:00:00,23.88235000000003,35.26759481473991,2.5176168560451466,22.0,47.869186
2020-07-09 21:00:00,22.9255,37.316394148167866,2.5806521373243667,22.0,37.34912
2020-07-09 22:00:00,21.97708,39.839075299723135,2.6220764017115257,19.0,26.791245
2020-07-09 23:00:00,21.016999999999996,42.68548447395292,2.5910121029907023,26.0,29.407635
2020-07-10 00:00:00,20.18887000000001,45.74157960636366,2.4802791154916464,17.0,33.629993
2020-07-10 01:00:00,20.47610000000003,50.551233185213256,1.744622923932535,17.0,32.68446
2020-07-10 02:00:00,22.389499999999998,59.93699122949716,1.1170133829561009,16.0,65.348404
2020-07-10 03:00:00,26.401760000000024,49.26374857295296,1.101558287436524,26.0,181.53754
2020-07-10 04:00:00,29.44380000000001,31.029004846141504,1.6769823259241612,14.0,438.30273
2020-07-10 05:00:00,31.382300000000043,26.99942900465688,1.5613211862180119,14.0,991.15063
2020-07-10 06:00:00,32.05728000000005,25.327225709985903,1.3671831887205899,11.0,1836.0679
2020-07-10 07:00:00,31.893400000000042,27.2530055306282,0.722067007512807,15.0,2856.5894
2020-07-10 08:00:00,31.323020000000042,28.80269708036312,3.6868182396389493,13.0,2262.2192
2020-07-10 09:00:00,30.335380000000043,30.511478563651018,3.886694192794212,15.0,1262.1997
2020-07-10 10:00:00,30.998800000000017,26.75222627724441,2.0984374512190165,12.0,844.6836
2020-07-10 11:00:00,31.35336000000001,26.175780532841692,1.4036166435892006,12.0,1268.3142
2020-07-10 12:00:00,31.054700000000025,27.020088393847697,2.0830987218290833,21.0,1138.9666
2020-07-10 13:00:00,30.60757000000001,30.054328864192048,1.7344543909945658,21.0,537.10986
2020-07-10 14:00:00,29.611400000000003,35.62937744001446,1.2874459627808121,22.0,41.941574
2020-07-10 15:00:00,28.25490000000002,38.889032502863955,1.4641790625777777,22.0,59.158447
2020-07-10 16:00:00,26.477900000000034,42.998810228278735,1.8917233723431024,22.0,37.772724
2020-07-10 17:00:00,24.733360000000005,47.43965894159014,1.9747590267653266,16.0,30.597378
2020-07-10 18:00:00,23.220240000000047,52.21614934008668,1.880984887816064,17.0,23.560186
2020-07-10 19:00:00,23.390160000000037,47.86778785208689,1.7994217650244342,17.0,22.806229
2020-07-10 20:00:00,22.45060000000001,50.68544043976942,2.0601960656633076,16.0,20.137606
2020-07-10 21:00:00,21.83570000000003,52.98578476030557,2.4190675371870127,13.0,38.894215
2020-07-10 22:00:00,22.18267000000003,48.85544004191928,2.9060496246332836,13.0,90.2961
2020-07-10 23:00:00,22.68390000000005,45.21416058077457,2.914017854992095,13.0,127.57608
2020-07-11 00:00:00,21.914150000000006,47.249345702255205,2.7427934336243407,18.0,131.44302
2020-07-11 01:00:00,21.55110000000002,51.37932775093944,2.362465144816203,21.0,123.71147
2020-07-11 02:00:00,23.03200000000004,52.894845387471925,1.4969044884671365,22.0,144.88762
2020-07-11 03:00:00,26.019370000000038,46.17140638228425,0.8837950534439192,22.0,260.60632
2020-07-11 04:00:00,28.156949999999995,37.590038775793154,1.0250204973807266,14.0,616.0586
2020-07-11 05:00:00,29.11850000000004,34.9052010167945,0.26184924542984367,21.0,1253.2424
2020-07-11 06:00:00,30.25400000000002,32.4077513898378,0.959922567470782,21.0,2196.6833
2020-07-11 07:00:00,30.998559999999998,28.454486619578386,0.8208820308027766,19.0,2507.8713
2020-07-11 08:00:00,31.717520000000036,27.101712767232232,1.3905531065136418,21.0,2587.1265
2020-07-11 09:00:00,32.1644,26.277607147906487,1.5661494227824015,20.0,2810.9414
2020-07-11 10:00:00,32.38644000000005,24.85070778648308,1.6164418209542368,21.0,2532.7017
2020-07-11 11:00:00,32.041560000000004,25.566388739208556,1.354215672819131,21.0,1817.7915
2020-07-11 12:00:00,31.08340000000004,27.88191112970128,1.2383833541151301,36.0,1619.1875
2020-07-11 13:00:00,30.482169999999996,30.44902275418041,1.4876467176941783,36.0,626.0957
2020-07-11 14:00:00,29.404170000000022,36.03003951757303,1.6427686390005651,51.0,137.93974
2020-07-11 15:00:00,28.04797000000002,38.8930776991788,1.53684754893837,51.0,61.101807
2020-07-11 16:00:00,26.371970000000033,45.46393886671383,1.0269394967168926,59.0,43.1285
2020-07-11 17:00:00,25.742800000000045,45.467351947232565,0.7502817097181181,55.0,36.964836
2020-07-11 18:00:00,24.517600000000016,49.59202023211966,0.971199905381885,56.0,36.899178
2020-07-11 19:00:00,24.041800000000023,48.445411705536266,1.0052273584775737,41.0,22.374924
2020-07-11 20:00:00,22.053920000000005,56.060315838000065,1.3599631006148323,34.0,13.612405
2020-07-11 21:00:00,20.724270000000047,60.907235075750926,1.7631960710052328,34.0,28.756699
2020-07-11 22:00:00,20.040369999999996,63.74987555799737,1.9400599311989772,26.0,29.941605
2020-07-11 23:00:00,19.66420000000005,65.44370513191774,1.9973606215288515,27.0,28.059258
2020-07-12 00:00:00,19.431399999999996,66.01797897734045,2.1627028814333813,27.0,27.149586
2020-07-12 03:00:00,24.89083000000005,50.5130961336096,2.5744707592176175,27.0,367.76807
2020-07-12 04:00:00,26.36190000000005,46.889869058548484,2.529967815554192,33.0,640.3423
2020-07-12 07:00:00,30.939660000000003,36.974899675719755,1.7523182668263413,23.0,1443.6272
2020-07-12 08:00:00,31.680630000000008,34.83571953598612,1.60757382159753,23.0,1721.7651
2020-07-12 09:00:00,32.40853000000004,32.595556500076036,1.4951736676924015,17.0,1916.0483
2020-07-12 10:00:00,32.89474000000001,30.693878628989882,1.1705318300759116,17.0,1800.1746
2020-07-12 11:00:00,33.24770000000001,29.010963766304577,0.9085039597597194,15.0,1973.6978
2020-07-12 12:00:00,33.302880000000016,27.738589254163845,0.9594425388259891,15.0,1882.6814
2020-07-12 13:00:00,32.79672000000005,29.169487883904686,0.8093546675008101,30.0,694.272
2020-07-12 14:00:00,31.595200000000034,36.22337651849182,1.558457700725121,30.0,125.874344
2020-07-12 15:00:00,29.621000000000038,41.24452276851841,2.230459825041424,35.0,79.96384
2020-07-12 16:00:00,27.913630000000012,45.025770306810706,2.3120559257025963,36.0,78.35083
2020-07-12 17:00:00,26.560080000000028,48.15308520535284,2.2329652165287395,47.0,118.72987
2020-07-12 18:00:00,25.526970000000006,50.49884282260871,2.300300731735181,34.0,144.12032
2020-07-12 19:00:00,24.637050000000045,52.29783935588928,2.4107607318646367,34.0,130.95554
2020-07-12 20:00:00,24.023030000000006,53.023103266130356,2.503263704892671,33.0,101.252106
2020-07-12 21:00:00,23.535030000000006,53.359001966699196,2.4478433443532985,33.0,76.04025
2020-07-12 22:00:00,22.912130000000047,54.52680164563636,2.385762188516802,32.0,59.40039
2020-07-12 23:00:00,22.156000000000006,56.82946853361021,2.340186967628921,32.0,47.389145
2020-07-13 00:00:00,21.305319999999995,60.08444139173684,2.2665992347247106,31.0,47.753998
2020-07-13 01:00:00,21.29907000000003,63.242010836706825,1.9843025712261733,36.0,46.468872
2020-07-13 02:00:00,24.21810000000005,58.22918756567807,1.3458219065847086,36.0,106.23695
2020-07-13 03:00:00,27.70962000000003,44.00149274754737,1.3877400860691205,31.0,333.32864
2020-07-13 04:00:00,29.61080000000004,36.148359691209656,2.078736431053596,31.0,577.38525
2020-07-13 05:00:00,30.86596000000003,33.36246056069813,2.266993504255998,18.0,870.2046
2020-07-13 06:00:00,31.99612000000002,31.37091449015038,2.3667174567993072,18.0,1176.3823
2020-07-13 07:00:00,32.76687000000004,32.58706394446574,1.7390810683306315,26.0,1616.4268
2020-07-13 08:00:00,33.41640000000001,31.134260033212357,1.4294629999342412,22.0,1816.2722
2020-07-13 09:00:00,33.80460000000005,29.925988855123737,1.4417572252256223,22.0,2202.3752
2020-07-13 10:00:00,33.558250000000044,29.928626232282795,1.3494866669933259,29.0,877.71265
2020-07-13 11:00:00,33.01296000000002,31.417880310348057,1.7016041342710229,33.0,777.9258
2020-07-13 12:00:00,31.897100000000023,35.17347972753455,1.870224556694141,26.0,846.7029
2020-07-13 13:00:00,31.020780000000002,40.97472793268578,1.5468749400285606,34.0,341.12988
2020-07-13 14:00:00,29.927700000000016,45.083526092857014,1.457384495435941,33.0,191.61429
2020-07-13 15:00:00,28.837000000000046,47.866296299983574,1.2313723525177103,18.0,66.98596
2020-07-13 16:00:00,27.64590000000004,51.59047248502976,1.6882181431969379,18.0,80.01166
2020-07-13 17:00:00,26.57125000000002,55.3027624813421,1.7088136337782995,17.0,122.211685
2020-07-13 18:00:00,25.41360000000003,59.21705967198277,1.8214492531041464,15.0,91.39963
2020-07-13 19:00:00,24.565940000000012,56.31811284634563,2.0255453471052856,15.0,61.73095
2020-07-13 20:00:00,23.540459999999996,59.94935645450075,2.043780533828941,15.0,40.31485
2020-07-13 21:00:00,22.558600000000013,63.65909081208213,2.079261350251875,17.0,28.87752
2020-07-13 22:00:00,21.698050000000023,67.05912478690634,2.0785969429729345,17.0,17.305391
2020-07-13 23:00:00,21.002499999999998,69.7078111869981,2.1485935006554984,19.0,17.888935
2020-07-14 00:00:00,20.512500000000045,71.13378640732697,2.2096818162582865,19.0,22.886978
2020-07-14 01:00:00,20.946920000000034,70.09244647590585,1.957037950981079,27.0,28.231663
2020-07-14 02:00:00,24.30743000000001,62.6219085269558,1.2781985888617817,27.0,48.100983
2020-07-14 03:00:00,28.538900000000012,46.4500265404483,0.8161299568996497,14.0,141.5231
2020-07-14 04:00:00,30.766500000000008,36.210942782481524,0.492583195561324,16.0,493.8806
2020-07-14 05:00:00,32.18395000000004,32.54569356395264,0.556623476341479,21.0,974.26294
2020-07-14 06:00:00,33.31762000000003,29.886336932311416,1.163256839071084,21.0,1707.5039
2020-07-14 07:00:00,33.62658000000005,30.641880873032843,1.0641815422161078,18.0,2337.022
2020-07-14 08:00:00,34.37628000000001,28.508858534524855,1.0358026176199064,19.0,2520.1687
2020-07-14 09:00:00,34.13784000000004,27.28170063796691,1.1635774680921678,23.0,2677.853
2020-07-14 10:00:00,32.60630000000003,31.336654087935685,1.8383208784954435,23.0,2054.9722
2020-07-14 11:00:00,32.265600000000006,34.5310853597766,2.5102759290078454,20.0,1093.9456
2020-07-14 12:00:00,31.683680000000038,35.91395563301081,2.0803693618679158,31.0,686.89526
2020-07-14 13:00:00,31.247220000000027,38.57113975574023,1.8290113899267246,32.0,455.3269
2020-07-14 14:00:00,30.301170000000013,43.4060424790292,1.3581980927412207,43.0,136.9175
2020-07-14 15:00:00,29.13775000000004,46.26570972295797,1.2876620394530858,38.0,55.47563
2020-07-14 16:00:00,27.641170000000045,50.18704671648013,1.990820553015451,38.0,44.96489
2020-07-14 17:00:00,26.15990000000005,54.40516856293062,2.1788300028714,44.0,37.52838
2020-07-14 19:00:00,23.84292000000005,58.92742622684773,2.287204667807551,30.0,31.239395
2020-07-14 20:00:00,22.94747000000001,61.409918495021294,2.303172070889078,22.0,28.468765
2020-07-14 23:00:00,20.775480000000016,68.55233420425154,2.3421323976954356,17.0,19.49223
2020-07-15 00:00:00,20.388239999999996,69.4919757539515,2.3671066414133706,22.0,19.00969
2020-07-15 01:00:00,20.818930000000023,69.0962871683962,2.024873066727705,17.0,19.773712
2020-07-15 02:00:00,24.209339999999997,62.58190481776583,1.2188582937976915,17.0,40.795853
2020-07-15 03:00:00,28.575860000000034,47.34319972281558,0.7769408173132413,23.0,122.954346
2020-07-15 04:00:00,30.92147,36.9167566530678,0.9554423308658961,23.0,490.344
2020-07-15 05:00:00,32.44103000000001,32.65482293392405,1.5233995414072041,24.0,1006.2163
2020-07-15 06:00:00,33.594870000000014,29.593326238447272,1.8058360727582752,26.0,1628.5264
2020-07-15 07:00:00,34.575829999999996,29.075753416756207,1.390683133844111,22.0,2180.2769
2020-07-15 08:00:00,34.941370000000006,26.813781001243708,0.44421238394372586,22.0,2389.14
2020-07-15 09:00:00,35.28283000000005,25.414075490203356,0.5828106958726276,17.0,2262.0605
2020-07-15 10:00:00,35.27374000000003,21.70301029700056,0.6563532838589292,20.0,1414.8535
2020-07-15 11:00:00,34.80508000000003,20.092116761691127,1.4342019411746663,20.0,1648.5615
2020-07-15 12:00:00,34.652060000000006,20.288221555242444,0.6692062775569237,20.0,1076.2412
2020-07-15 13:00:00,34.13748000000004,24.08132955562244,0.4847014233144451,20.0,72.52771
2020-07-15 14:00:00,32.78042000000005,28.541295996365765,1.2745373693869888,29.0,67.443726
2020-07-15 15:00:00,30.963459999999998,30.69516007789678,1.995907458308839,37.0,175.49507
2020-07-15 16:00:00,29.111720000000048,32.51378916112674,2.338571640905655,37.0,219.73581
2020-07-15 17:00:00,27.631500000000017,34.58487126356619,2.326255822269401,37.0,170.99918
2020-07-15 18:00:00,26.317530000000033,37.192872186236976,2.4064810985154237,49.0,104.44281
2020-07-15 19:00:00,25.52290000000005,38.948017259623285,2.3486054694238154,43.0,58.045746
2020-07-15 20:00:00,24.2029,42.35846556454004,2.445765338613932,24.0,36.129116
2020-07-15 21:00:00,22.87533000000002,46.08081543931439,2.51607165815088,18.0,27.777218
2020-07-15 22:00:00,21.746550000000013,49.8373705276194,2.551317721654032,17.0,17.25755
2020-07-15 23:00:00,20.99932000000001,52.71063667696882,2.571774079692096,16.0,19.671417
2020-07-16 00:00:00,20.473929999999996,54.9137564344278,2.6062825317493967,16.0,29.140945
2020-07-16 01:00:00,20.829300000000046,57.00094640468459,2.390167672939537,27.0,42.64386
2020-07-16 02:00:00,24.492729999999995,51.09877274109785,1.8504832196799028,16.0,65.596634
2020-07-16 03:00:00,28.91165000000001,40.337572607055314,1.4831574923326292,19.0,169.27995
2020-07-16 04:00:00,31.61166000000003,31.9793468631392,1.4753895312102914,20.0,445.56982
2020-07-16 05:00:00,33.31497000000002,27.573046924142492,1.827095606992972,20.0,1078.425
2020-07-16 06:00:00,34.58572000000004,24.231792800131984,2.0410344621003635,29.0,1919.6047
2020-07-16 07:00:00,35.44723000000005,21.028588544768866,2.1191567106615214,23.0,2698.7932
2020-07-16 08:00:00,36.112570000000005,19.77166087537189,1.924975800959599,21.0,2989.8918
2020-07-16 09:00:00,36.40970000000004,18.908568663558487,1.6813805255605943,19.0,3109.8992
2020-07-16 10:00:00,36.43210000000005,18.715867474161865,1.2553095090888022,13.0,3518.583
2020-07-16 11:00:00,36.38607000000002,18.62432478248271,1.0717460812376092,17.0,3404.742
2020-07-16 12:00:00,36.015600000000006,18.516472412361694,0.5415513008907002,17.0,1132.2036
2020-07-16 13:00:00,34.89083000000005,22.91935173679838,1.0237973523408832,18.0,226.88965
2020-07-16 14:00:00,33.19427000000002,27.764209283283083,1.3615781647641312,18.0,39.118393
2020-07-16 15:00:00,31.613120000000038,29.434769960620812,1.5063881106680899,38.0,31.87082
2020-07-16 17:00:00,27.672420000000045,34.46143990745262,2.5482267751105536,30.0,56.953125
2020-07-16 18:00:00,25.668420000000026,38.115889333566635,2.5638657875371056,43.0,64.65468
2020-07-16 19:00:00,24.555380000000014,36.519772792787506,2.4920996937944535,24.0,62.10704
2020-07-16 20:00:00,23.56710000000004,39.16372042245618,2.3887159805725777,14.0,50.605606
2020-07-16 21:00:00,22.551170000000013,42.84188259092033,2.4746219858111096,14.0,40.31035
2020-07-16 22:00:00,21.582970000000046,46.62494790301797,2.6104206382103903,12.0,30.915985
2020-07-16 23:00:00,21.05087000000003,48.70515543957357,2.678164648395168,17.0,31.724472
2020-07-17 00:00:00,20.70700000000005,50.458133787237685,2.584732851920198,17.0,30.905563
2020-07-17 01:00:00,21.005060000000014,53.495964359541134,2.293056660788261,15.0,37.467438
2020-07-17 02:00:00,24.002920000000017,52.32284596489647,1.6060447622770824,17.0,68.01636
2020-07-17 03:00:00,28.377800000000036,42.405807416818256,1.3243539318208897,17.0,144.17427
2020-07-17 04:00:00,31.29504000000003,31.56453753813481,1.9548178582360676,17.0,349.40527
2020-07-17 05:00:00,33.129800000000046,27.196616469220245,2.7254462024611126,17.0,802.6135
2020-07-17 06:00:00,34.66796000000005,23.332039527495237,3.3935987347953334,19.0,1857.0354
2020-07-17 07:00:00,35.45986000000005,21.299540077995395,3.823987524137893,21.0,3107.9424
2020-07-17 08:00:00,35.53164000000004,20.10997815428678,2.92215724509823,19.0,3253.1316
2020-07-17 09:00:00,35.68997000000002,19.46981497734701,1.1439264855152187,18.0,3280.9822
2020-07-17 10:00:00,35.586900000000014,19.176028077542792,0.48199033311716155,16.0,3615.3152
2020-07-17 11:00:00,35.44497000000001,18.069238605104466,0.3397826901353248,23.0,1042.447
2020-07-17 12:00:00,34.94750000000005,19.2875063716917,1.9524701836808904,24.0,1227.1746
2020-07-17 13:00:00,33.87274000000002,25.26166918969176,2.6948346257846865,24.0,292.9292
2020-07-17 14:00:00,32.368160000000046,28.005615245146444,3.044470835781588,26.0,173.37569
2020-07-17 15:00:00,30.49340000000001,29.04104424231496,2.994313789439385,30.0,114.86978
2020-07-17 16:00:00,28.720640000000003,30.658713139881833,2.8199853478067096,38.0,93.59419
2020-07-17 17:00:00,26.94410000000005,33.9357489919232,2.6618777844392953,28.0,78.88985
2020-07-17 18:00:00,25.323200000000043,37.98895108970044,2.597678641078247,29.0,67.02489
2020-07-17 19:00:00,24.94300000000004,36.756546568610695,2.6779758371967977,29.0,59.045853
2020-07-17 20:00:00,23.91927000000004,40.319034146561215,2.661166324416135,22.0,53.78528
2020-07-17 21:00:00,23.203300000000013,43.281714391218955,2.635649142876893,22.0,49.12863
2020-07-17 22:00:00,22.473569999999995,46.37870530768314,2.570594266817214,17.0,39.99786
2020-07-17 23:00:00,22.014340000000004,49.07301613358955,2.417966672190595,18.0,35.57636
2020-07-18 00:00:00,21.49752000000001,51.992708475369014,2.357415573040666,18.0,31.87207
2020-07-18 01:00:00,21.630150000000015,55.216037493905084,2.221250693168225,16.0,32.73005
2020-07-18 02:00:00,24.381920000000036,55.237509761676584,1.6287138471744247,17.0,63.880203
2020-07-18 03:00:00,29.111720000000048,42.62596870247197,1.2976931392935889,22.0,228.85817
2020-07-18 04:00:00,32.14706000000001,29.709872202273484,1.828186776464683,18.0,623.5762
2020-07-18 05:00:00,34.04266000000001,24.763995757035048,2.799866237840664,26.0,912.1355
2020-07-18 06:00:00,35.33047000000005,21.891564697225114,3.291087985507422,19.0,1367.4214
2020-07-18 07:00:00,35.733600000000024,21.7760302199741,3.845021983787665,23.0,1810.1062
2020-07-23 05:00:00,32.85140000000001,25.304526330690255,0.8943874158297678,21.0,432.73633
2020-07-23 06:00:00,34.058400000000006,22.23520209374263,2.4040092755037588,21.0,709.7444
2020-07-23 07:00:00,35.15730000000002,22.68068596671664,1.6246958190522411,18.0,1051.3904
2020-07-23 08:00:00,35.68157000000002,21.657504983327055,1.890335407755,18.0,1683.7151
2020-07-23 09:00:00,35.99330000000003,20.453548937814645,2.1191908721105426,18.0,2212.2961
2020-07-23 10:00:00,36.059529999999995,20.08340709238477,1.9492897093234318,21.0,2590.4148
2020-07-23 11:00:00,36.200950000000034,19.84677262778126,1.342394951737379,21.0,2338.7268
2020-07-23 12:00:00,35.85525000000001,20.779362274025928,0.6362253634554587,26.0,1233.7471
2020-07-23 13:00:00,34.93508000000003,26.44686486421383,0.8796468831364085,34.0,124.36438
2020-07-23 14:00:00,33.07430000000005,32.85720360940047,1.3058799548800495,34.0,55.032516
2020-07-23 15:00:00,31.494100000000003,35.03092425230535,1.6842129993493014,37.0,36.488113
2020-07-23 16:00:00,29.897760000000005,37.712706118365446,1.9378334423572579,82.0,35.245636
2020-07-23 17:00:00,28.27487000000002,40.80339135801363,1.686639391687423,33.0,29.287811
2020-07-23 18:00:00,27.002130000000022,45.36318748540874,0.7002519334760593,36.0,74.11937
2020-07-23 19:00:00,25.877830000000017,39.80769915335479,2.800138982038959,34.0,199.57195
2020-07-23 20:00:00,25.939720000000023,37.69508434816855,3.6269246227765417,26.0,273.4332
2020-07-23 21:00:00,25.989340000000027,36.73254415447902,3.49721839604757,15.0,258.05444
2020-07-23 22:00:00,25.496970000000033,38.44432192389732,3.1989349069625423,15.0,157.54845
2020-07-23 23:00:00,25.22344000000004,39.54413835857922,2.961320117493367,21.0,63.511734
2020-07-24 00:00:00,24.56576000000001,41.89622490410414,1.9334799740838615,24.0,72.53084
2020-07-24 01:00:00,24.02932000000004,54.399140820165066,0.47029702443420834,24.0,130.78523
2020-07-24 02:00:00,25.070899999999995,47.616463521859195,0.9879840407940302,28.0,127.00821
2020-07-24 03:00:00,26.874900000000025,41.81968041036072,0.8021602673849824,23.0,316.84375
2020-07-24 04:00:00,28.211080000000038,38.297348508664776,1.0176174785826946,23.0,472.86963
2020-07-24 05:00:00,29.371800000000007,36.1054504840244,0.9430785155417815,27.0,744.4907
2020-07-24 06:00:00,30.282500000000027,34.77150127864647,1.1118864174239482,25.0,938.9968
2020-07-24 07:00:00,31.41550000000001,34.71447936633761,0.8111048551520189,17.0,1206.4861
2020-07-24 08:00:00,32.20837,33.43340539799867,1.170488315530976,16.0,1396.1655
2020-07-24 09:00:00,32.545000000000016,32.43704469963812,2.1809980062684717,16.0,1528.1895
2020-07-24 10:00:00,32.751120000000014,31.589201511110268,3.218615566803195,25.0,1193.4712
2020-07-24 11:00:00,32.84997000000004,30.220448802265782,3.1714431086037957,17.0,1475.1013
2020-07-24 12:00:00,32.58538000000004,30.155629029755413,2.3940204317526925,38.0,1439.5652
2020-07-24 13:00:00,31.10635000000002,35.26381096033537,1.9519549256630824,40.0,939.0027
2020-07-24 14:00:00,29.60790000000003,42.680794015564,1.2454154025529753,36.0,83.33276
2020-07-24 15:00:00,28.35590000000002,45.99564672066791,1.3066393478156848,26.0,60.722763
2020-07-24 16:00:00,27.320280000000025,48.40641377194321,1.739232898166042,26.0,72.33682
2020-07-24 17:00:00,26.350850000000037,50.53542550302793,1.952220359967466,24.0,71.389755
2020-07-24 18:00:00,25.428800000000024,52.82288750877334,1.989335937209213,24.0,65.232864
2020-07-24 19:00:00,24.821860000000015,47.13921198610892,2.478918337806393,27.0,58.28383
2020-07-24 20:00:00,24.05110000000002,48.297038564324254,2.525694404479467,29.0,47.833008
2020-07-24 21:00:00,23.509119999999996,48.78460951639992,2.602441616255483,40.0,50.12854
2020-07-24 22:00:00,23.117200000000025,48.78849530612231,2.619082707878476,32.0,41.05092
2020-07-24 23:00:00,22.653340000000014,49.46563135119642,2.4436155843516016,26.0,38.14656
2020-07-25 00:00:00,21.92843000000005,51.509719755987696,2.300053281545856,26.0,33.96013
2020-07-25 01:00:00,21.673000000000002,54.73515616305334,2.0028425413186954,26.0,33.24434
2020-07-25 02:00:00,23.93942000000004,54.02541182743223,1.350053580916472,26.0,52.37439
2020-07-25 03:00:00,27.57815000000005,45.45985734825429,0.885958945539797,25.0,121.17316
2020-07-25 04:00:00,30.114220000000046,36.172818966547226,1.0737118862033654,14.0,357.9475
2020-07-25 05:00:00,31.829859999999996,30.948410341079157,1.499784112673566,14.0,779.4978
2020-07-25 06:00:00,33.062070000000006,26.848292084066834,1.7630472192099733,12.0,1241.3577
2020-07-25 07:00:00,34.21487000000002,26.65299160883684,1.6252277788975094,12.0,1752.8369
2020-07-25 08:00:00,34.94240000000002,25.08559728797897,1.9484951932313432,12.0,2024.3899
2020-07-25 09:00:00,35.44155000000001,24.404944176640495,2.03914732427972,18.0,2233.2395
2020-07-25 10:00:00,35.645470000000046,24.002163632893037,1.9022321317215571,18.0,2466.0466
2020-07-25 11:00:00,35.62805000000003,23.645716442708178,1.7682905521147168,18.0,2075.8474
2020-07-25 12:00:00,35.27297000000004,23.671613529945066,1.6817283451466805,16.0,1856.6125
2020-07-25 13:00:00,34.65396000000004,26.982493050956954,1.3440083663685616,16.0,664.2114
2020-07-25 14:00:00,33.37650000000002,32.03994397005886,1.2522466224080606,25.0,38.431107
2020-07-25 15:00:00,31.783900000000017,33.93912590570112,1.4790101154293074,24.0,19.880783
2020-07-25 16:00:00,29.871550000000013,36.22917568354805,1.6663574906267924,24.0,23.006058
2020-07-25 17:00:00,27.99935000000005,39.51278451563319,2.0115066201807266,17.0,23.753372
2020-07-25 18:00:00,26.356400000000008,43.60113213358454,2.141417849360944,21.0,29.501053
2020-07-25 19:00:00,24.841520000000003,47.23469828718037,2.0873299473630946,36.0,31.785538
2020-07-25 20:00:00,23.683280000000025,49.79665119769949,2.079008883236991,32.0,32.19957
2020-07-25 21:00:00,22.691030000000012,52.68035804053698,2.062134820264497,33.0,29.336708
2020-07-25 22:00:00,21.86130000000003,55.96102232274885,2.046112276408441,33.0,30.338852
2020-07-25 23:00:00,21.167750000000012,59.100091889528194,2.0122140306655845,20.0,31.878017
2020-07-26 00:00:00,20.62148000000002,61.669305777598424,2.0197050569460417,20.0,32.730743
2020-07-26 01:00:00,20.676780000000008,63.52525713301855,1.8456461361440009,22.0,27.007736
2020-07-26 02:00:00,22.96523000000002,64.18115313093365,1.040299332281757,24.0,36.204178
2020-07-26 03:00:00,27.31167000000005,48.51332057865492,0.6027503767748079,21.0,89.676926
2020-07-26 04:00:00,29.481650000000002,37.44845967442979,1.3773651229264845,22.0,282.12653
2020-07-26 05:00:00,30.78896000000003,34.44570710599473,1.65419239606804,26.0,494.06543
2020-07-26 06:00:00,32.51080000000002,29.99483377981932,1.9864178180140073,30.0,653.6035
2020-07-26 07:00:00,34.150750000000016,28.321672047617938,1.7973099132627735,25.0,1211.8408
2020-07-26 08:00:00,35.11147,22.90909082562769,1.8153792197866219,25.0,2008.7278
2020-07-26 09:00:00,35.85830000000004,20.51279499150659,1.8641315636851086,20.0,2316.9802
2020-07-26 10:00:00,36.06844000000001,19.370719082158967,1.8674060632780174,21.0,3026.3582
2020-07-26 11:00:00,36.05215000000004,18.605304097327092,1.982470708757613,19.0,1432.2759
2020-07-26 12:00:00,35.79492000000005,18.493937947722227,1.692911965973775,21.0,1534.3752
2020-07-26 13:00:00,34.80026000000004,23.399430233868177,1.280349923677996,30.0,197.92378
2020-07-26 14:00:00,33.12292000000002,29.31808124054752,1.686645503668643,25.0,303.1401
2020-07-26 15:00:00,31.455039999999997,29.586474867068866,2.5298317307962335,25.0,421.0332
2020-07-26 16:00:00,30.07778000000002,29.09029936117476,3.2421101519374753,19.0,471.357
2020-07-26 17:00:00,29.11904000000004,28.53430294131818,3.2831215162291763,19.0,285.71133
2020-07-26 18:00:00,28.242800000000045,28.06829517852749,3.367466804294244,20.0,133.1114
2020-07-26 19:00:00,26.857500000000016,31.680599692600353,2.273471997308962,20.0,59.631363
2020-07-26 20:00:00,25.839440000000025,35.64446087293613,1.7954537896552532,20.0,33.89543
2020-07-26 21:00:00,24.86685,40.31021371717254,1.627680411900398,20.0,37.518112
2020-07-26 22:00:00,24.391930000000002,43.954703594221954,1.8085057973304923,23.0,34.691406
2020-07-26 23:00:00,23.38793000000004,49.18241336050494,1.9647420541881218,23.0,36.27858
2020-07-27 00:00:00,22.623199999999997,54.05366755522331,1.9097816085446757,21.0,31.990143
2020-07-27 01:00:00,22.267359999999996,58.57236228200522,1.3986234790353071,23.0,26.59404
2020-07-27 02:00:00,24.091150000000027,58.94162338572504,0.7548049638786499,22.0,124.255646
2020-07-27 03:00:00,27.33972,46.94761101601646,1.474728651329634,22.0,260.69684
2020-07-27 04:00:00,28.93380000000002,40.05233547599414,2.3656102721190764,23.0,458.14478
2020-07-27 05:00:00,30.59008,34.18980195768892,2.646618905770946,23.0,775.1316
2020-07-27 06:00:00,31.984830000000045,27.85012049542872,2.2860224759727363,25.0,1519.4978
2020-07-27 07:00:00,32.35540000000003,31.43249274636204,0.8389036837042871,21.0,2185.2573
2020-07-27 08:00:00,32.76376000000005,28.751951280850914,0.6445027170170523,12.0,2391.4229
2020-07-27 09:00:00,32.68264000000005,28.327023272351145,0.38935389630573,14.0,2474.7026
2020-07-27 10:00:00,33.146630000000016,26.68318924840508,0.4893018081556488,14.0,2404.834
2020-07-27 11:00:00,33.35726,25.499027373750735,0.7791708074005359,14.0,2169.4517
2020-07-27 12:00:00,32.99350000000004,25.87018771565388,1.0999167573189543,16.0,1915.9829
2020-07-27 13:00:00,32.42190000000005,28.696186901577132,1.2046289687952145,16.0,622.69604
2020-07-27 14:00:00,31.106300000000033,33.725785962694694,1.1243679855608861,25.0,108.75557
2020-07-27 15:00:00,29.49825000000004,36.30337224045009,1.5186650295320092,30.0,66.95151
2020-07-27 16:00:00,27.90518000000003,38.92768401944137,2.120093219650384,30.0,53.385765
2020-07-27 17:00:00,26.250699999999995,42.85119885497925,2.250508645229762,33.0,38.586845
2020-07-27 18:00:00,24.538630000000012,47.82833417389431,2.3243616890405043,34.0,26.483246
2020-07-27 19:00:00,23.56260000000003,49.30952867318737,2.223087273209518,27.0,22.149212
2020-07-27 20:00:00,22.423270000000002,53.3521696944809,2.2714632113212447,27.0,25.48777
2020-07-27 21:00:00,21.464400000000012,56.297140960425146,2.308046249794024,25.0,25.45102
2020-07-27 22:00:00,20.620600000000024,58.72199909323115,2.3450220698832216,19.0,23.967823
2020-07-27 23:00:00,19.895700000000033,60.93206546052278,2.29581804103979,19.0,23.34586
2020-07-28 00:00:00,19.336080000000038,62.47123215210117,2.2457346705060837,27.0,24.562305
2020-07-28 01:00:00,19.320460000000026,63.42429125395142,2.0441051601561253,35.0,29.693539
2020-07-28 02:00:00,22.1866,60.59469880877921,1.4040234884784513,35.0,61.065613
2020-07-28 03:00:00,26.781300000000044,46.23996724606692,1.301754488890455,27.0,199.26176
2020-07-28 04:00:00,29.545600000000036,33.997921328812225,1.945605591606856,26.0,410.6819
2020-07-28 05:00:00,31.286460000000034,30.701296737519375,2.1441990394637553,31.0,647.9231
2020-07-28 06:00:00,32.576070000000016,27.300432580435196,1.966847517606858,17.0,1515.2234
2020-07-28 07:00:00,33.35270000000003,24.965334935742597,2.2408597309372853,17.0,2429.2627
2020-07-28 08:00:00,33.92977000000002,21.855782248211934,2.100351606688473,19.0,2422.591
2020-07-28 09:00:00,34.29287000000005,20.534518029986145,2.0368195285394224,19.0,2454.812
2020-07-28 10:00:00,34.47280000000001,19.754188574876256,2.0895982918131564,19.0,1109.2871
2020-07-28 11:00:00,34.63064000000003,19.137684949313837,2.16628425327522,18.0,1241.4414
2020-07-28 12:00:00,34.511000000000024,18.930112076698435,2.2115298256735163,18.0,832.6199
2020-07-28 13:00:00,33.74304000000001,23.156580210882673,1.5980357893893775,17.0,384.30493
2020-07-28 14:00:00,32.13375000000002,28.573378529140676,1.7635728276003575,39.0,189.09749
2020-07-28 15:00:00,30.395960000000002,31.61022640678652,1.9163189911073,48.0,121.548996
2020-07-28 16:00:00,28.748739999999998,34.95527888422909,1.4271925896129378,48.0,88.88495
2020-07-28 17:00:00,27.080900000000042,39.28074623515067,1.1067477919515123,63.0,60.447952
2020-07-28 18:00:00,25.57107000000002,42.99846977970963,1.2373870365696782,53.0,26.41481
2020-07-28 19:00:00,23.621180000000038,42.49553825005791,1.9136921436703371,39.0,16.676033
2020-07-28 20:00:00,22.32280000000003,47.308815276077326,2.186480135489453,35.0,21.231287
2020-07-28 21:00:00,21.403470000000027,50.01252956381,2.2400871181896616,27.0,23.997845
2020-07-28 22:00:00,20.973600000000033,50.763241972668936,2.072288455249966,30.0,18.295944
2020-07-28 23:00:00,20.729550000000017,51.32895168332803,1.7448081556750872,26.0,14.380891
2020-07-29 00:00:00,20.44906000000003,51.79814670007956,1.3255432690910358,21.0,24.413803
2020-07-29 01:00:00,20.624660000000006,60.2191422241835,1.0617272018337935,18.0,42.10063
2020-07-29 02:00:00,23.08492000000001,49.16716561835348,0.7729766405548625,21.0,69.02107
2020-07-29 03:00:00,25.872370000000046,39.56207736247201,0.41247772269335437,18.0,154.54584
2020-07-29 04:00:00,27.763670000000047,33.65301522938203,0.6853332552559157,15.0,371.54883
2020-07-29 05:00:00,29.643880000000024,28.302576119672423,1.8077124480995588,16.0,741.62256
2020-07-29 06:00:00,31.009730000000047,24.03140019855139,2.855366078884811,10.0,1145.6509
2020-07-29 07:00:00,31.757650000000012,21.606825975322366,3.6625315001598895,11.0,1664.2231
2020-07-29 08:00:00,32.36328000000003,20.22624098884937,3.7842590325958567,13.0,2033.5562
2020-07-29 09:00:00,32.64443,19.700326655669723,3.7915218239337207,12.0,2255.3489
2020-07-29 10:00:00,32.72973000000002,19.334928348536657,3.5667629587040532,9.0,2358.7512
2020-07-29 11:00:00,32.525540000000035,18.83392233494523,3.2965316847448562,10.0,2326.3264
2020-07-29 12:00:00,32.124480000000005,17.984435134594797,3.043747619744876,14.0,2175.8965
2020-07-29 13:00:00,31.27307000000002,19.878852162692873,2.392178879207876,13.0,1088.1831
2020-07-29 14:00:00,29.783000000000015,22.954939360462596,2.133477989416727,19.0,238.53984
2020-07-29 15:00:00,28.088430000000017,22.48109138632224,2.1159737339202227,27.0,106.671844
2020-07-29 16:00:00,26.35916000000003,23.039482685071984,1.8086416994599352,29.0,77.91873
2020-07-29 17:00:00,24.2654,27.147318588801244,1.5999749009539639,20.0,63.43988
2020-07-29 18:00:00,22.28976,32.20253442058762,1.8360385334780858,19.0,45.994354
2020-07-29 19:00:00,20.806420000000003,36.296327007467426,2.1254029472689644,18.0,33.005753
2020-07-29 20:00:00,19.66900000000004,41.792918012308974,2.2240382253339868,20.0,28.905182
2020-07-29 21:00:00,18.696740000000034,47.138824780494545,2.2296466057424933,21.0,27.379501
2020-07-29 22:00:00,17.844870000000014,52.1388097140012,2.2456857974643043,22.0,23.453556
2020-07-29 23:00:00,17.185879999999997,56.2824002594968,2.322924495341823,23.0,23.232014
2020-07-30 00:00:00,16.657920000000047,59.33284758344476,2.336717906556627,18.0,22.175884
2020-07-30 06:00:00,31.001950000000022,18.92321320295807,1.9820159933119914,17.0,985.70264
2020-07-30 11:00:00,33.43185,19.6572660148769,2.0894931838180675,30.0,1465.4395
2020-07-30 12:00:00,32.871730000000014,20.815130614134706,2.0466495879998443,20.0,1368.0093
2020-07-30 18:00:00,24.586720000000014,39.1925016878101,1.3528354752371996,48.0,24.004883
2020-07-30 19:00:00,23.73556000000002,37.313182833311906,1.4404585014110365,48.0,24.696625
2020-07-30 20:00:00,21.908720000000017,42.35304885646882,1.980124575259829,47.0,19.471298
2020-07-30 21:00:00,21.509119999999996,44.7786998722097,2.063894688042455,38.0,16.407034
2020-07-30 22:00:00,21.432950000000005,46.71898848055337,2.1606829964924796,31.0,26.532494
2020-07-30 23:00:00,21.23580000000004,48.92578412757957,1.9079636223029672,28.0,41.58062
2020-07-31 00:00:00,21.037530000000004,51.21703986296249,1.5265868656569639,33.0,58.30081
2020-07-31 01:00:00,21.228229999999996,52.53907480354241,1.7306189884400207,29.0,66.08545
2020-07-31 02:00:00,22.143880000000024,56.094819464758665,0.9122746868123959,23.0,89.125
2020-08-02 19:00:00,21.865620000000035,49.73075446500762,2.305497934265023,32.0,28.427261
2020-08-02 20:00:00,20.76785000000001,53.76193268781424,2.1837762518286743,32.0,23.434536
2020-08-02 21:00:00,19.83987000000002,57.52786852870763,2.1241371598293073,32.0,21.038696
2020-08-02 22:00:00,19.03490000000005,60.70773653341098,2.1453966237075246,24.0,16.193233
2020-08-02 23:00:00,18.354330000000004,63.163837761014086,2.1829114237940344,23.0,15.737096
2020-08-03 00:00:00,17.789240000000007,64.96891738653322,2.201354451388211,19.0,15.167561
2020-08-03 01:00:00,17.62910000000005,66.16355633145065,2.041108833857616,20.0,14.761199
2020-08-03 02:00:00,20.31982000000005,63.26224549395706,1.2491298960148496,20.0,24.63388
2020-08-03 03:00:00,25.203200000000038,46.13865325790524,0.7093465208198451,20.0,104.70978
2020-08-03 04:00:00,27.971580000000017,33.467076410069026,0.6098038792394133,28.0,325.51245
2020-08-03 05:00:00,29.713700000000017,29.281000333739588,0.9034333767650199,22.0,824.8357
2020-08-03 06:00:00,31.066100000000006,26.084120156812876,1.4282847371030896,23.0,1683.5317
2020-08-03 07:00:00,32.19055000000003,24.233136822037636,1.7610466760130254,20.0,2121.221
2020-08-03 08:00:00,32.88076000000001,22.537502489127505,1.912554869856641,18.0,2313.8005
2020-08-03 09:00:00,33.31826000000001,21.465586527663977,1.8242677213539658,20.0,2443.5225
2020-08-03 10:00:00,33.620870000000025,20.75999998055825,1.6700871206271128,14.0,2464.0913
2020-08-03 11:00:00,33.68258000000003,20.499230107555984,1.5536585133057073,17.0,2422.4846
2020-08-03 12:00:00,33.41640000000001,20.79513788333574,1.3797452692058745,23.0,2341.56
2020-08-03 13:00:00,32.89315000000005,23.291468786686256,1.04974228189436,21.0,837.24634
2020-08-03 14:00:00,31.617970000000014,28.63477725995157,1.2531151436307788,32.0,66.79059
2020-08-03 15:00:00,29.714260000000024,31.98932715498142,1.8264706060988134,40.0,61.020798
2020-08-03 16:00:00,27.833000000000027,34.8085411927116,2.1225326416896513,42.0,70.91814
2020-08-03 17:00:00,26.088700000000017,37.97903225847439,2.141203717368595,42.0,68.59192
2020-08-03 18:00:00,24.628750000000025,41.136642013008476,2.156980047631132,34.0,55.532074
2020-08-03 19:00:00,23.393550000000005,41.92804407126825,2.420297296861031,28.0,47.91722
2020-08-03 20:00:00,22.25228000000004,44.28714051371417,2.511246376145711,30.0,48.39971
2020-08-03 21:00:00,21.300620000000038,46.36222585550648,2.493388798894013,30.0,50.266354
2020-08-03 22:00:00,20.496849999999995,48.529748757025544,2.457779593838074,31.0,50.600273
2020-08-03 23:00:00,19.864040000000045,50.55838475165364,2.341449014576207,31.0,48.781258
2020-08-04 00:00:00,19.28845000000001,52.919478381473226,2.2366817666256082,26.0,41.638977
2020-08-04 01:00:00,19.036580000000015,55.69177247516023,2.0647180748970597,24.0,35.794743
2020-08-04 02:00:00,21.389730000000043,55.26858040828735,1.4034069501258242,24.0,54.500687
2020-08-04 03:00:00,25.91183000000001,42.68848349654616,1.2041301997089413,32.0,194.70045
2020-08-04 04:00:00,28.563199999999995,32.169187520087576,1.8441999281814883,38.0,436.19336
2020-08-04 05:00:00,30.247900000000016,30.350405027006392,2.0912676779176618,38.0,682.2175
2020-08-04 18:00:00,24.951930000000004,41.87128876666824,2.362221662976125,31.0,60.01149
2020-08-04 20:00:00,23.131700000000023,41.316206367237385,2.3089143425034964,27.0,44.639694
2020-08-04 21:00:00,22.04495000000003,44.80249880871423,2.308577657038966,25.0,42.57489
2020-08-04 22:00:00,21.004819999999995,48.28324920188104,2.4978992454528792,25.0,31.30893
2020-08-04 23:00:00,20.317700000000002,50.60199959622052,2.5129272215585208,20.0,33.4355
2020-08-06 00:00:00,19.94070000000005,54.907775541473924,2.1643188457509788,24.0,40.275978
2020-08-06 01:00:00,19.92270000000002,55.12513779171752,2.1065561083455613,29.0,41.51632
2020-08-06 02:00:00,22.222680000000025,52.13050872934792,1.5893310843763326,29.0,59.50421
2020-08-06 03:00:00,25.9735,42.69252043780907,1.5966694772504986,23.0,197.99255
2020-08-06 04:00:00,28.19192000000004,36.25874086356047,2.2703956841343405,21.0,444.0813
2020-08-06 05:00:00,29.866420000000005,34.61066498679843,2.3926943827841893,27.0,618.1406
2020-08-06 06:00:00,31.473600000000033,31.822336717067788,2.523139168266826,24.0,778.9551
2020-08-06 07:00:00,32.635680000000036,31.50926543028857,2.2508846039988373,22.0,946.1765
2020-08-06 08:00:00,33.63590000000005,29.046317566018292,2.233057674039943,20.0,1161.605
2020-08-06 09:00:00,34.424800000000005,26.755374818860364,2.1465225194370734,20.0,1435.5208
2020-08-06 10:00:00,34.92983000000004,24.763842195462995,1.993082477634393,25.0,1909.7134
2020-08-06 11:00:00,35.21510000000001,23.304257512433566,1.9218936148455927,21.0,1768.2634
2020-08-06 12:00:00,35.06594000000001,22.780358105256433,1.769820872104341,30.0,1666.7178
2020-08-06 13:00:00,34.304280000000006,26.14401715949327,1.30046594305104,30.0,288.18774
2020-08-06 14:00:00,32.47994,32.54137093272902,1.5448501912730601,36.0,55.71573
2020-08-06 15:00:00,30.923850000000016,34.718083474285876,1.911229337198193,38.0,29.022964
2020-08-06 16:00:00,29.428160000000048,37.18395868497015,1.9264038745106886,38.0,26.336151
2020-08-06 17:00:00,27.911159999999995,40.646919527226196,1.9689526478956911,40.0,27.494125
2020-08-06 18:00:00,26.528700000000015,44.440877980183124,2.131587949094032,41.0,21.66452
2020-08-06 19:00:00,24.66628000000003,44.63738297640806,1.5842071320646745,38.0,22.802185
2020-08-06 20:00:00,23.235299999999995,48.96945620572135,1.6223375747259994,44.0,23.763489
2020-08-06 21:00:00,22.229100000000017,52.29628221991374,1.694195459916073,44.0,20.850609
2020-08-06 22:00:00,21.50192000000004,54.96730687370576,1.8125336769422027,44.0,16.18449
2020-08-06 23:00:00,21.01144000000005,57.1691552548933,2.062247370139439,44.0,19.449326
2020-08-07 00:00:00,20.536400000000015,59.77618348189742,2.2298941264665215,31.0,27.044338
2020-08-07 01:00:00,20.42538000000002,61.70246643097757,2.1061936157867054,35.0,34.434296
2020-08-07 02:00:00,22.774560000000008,58.22185245735446,1.4683785528658815,37.0,97.70364
2020-08-07 03:00:00,26.35476,47.699864992989674,1.8996637011254889,12.0,270.19556
2020-08-07 04:00:00,28.25890000000004,40.597473067373144,2.7843124129790464,12.0,430.59692
2020-08-07 05:00:00,29.790200000000027,36.87281107563066,2.9341170370538667,12.0,579.2053
2020-08-07 06:00:00,31.162320000000022,32.82332737212969,2.7862305843882806,8.0,737.96606
2020-08-07 07:00:00,33.14068000000003,32.24491833048044,2.4891509723971685,8.0,893.14136
2020-08-07 08:00:00,34.14584000000002,29.461678435463277,2.284921360274434,24.0,1048.6946
2020-08-07 09:00:00,34.91726,27.077165306795603,2.283546149338071,27.0,1255.8337
2020-08-07 10:00:00,35.447100000000034,24.82956396689365,2.2741185786349867,27.0,1420.6453
2020-08-07 11:00:00,35.52090000000004,23.171731066712923,2.046930368351539,27.0,1707.8635
2020-08-07 12:00:00,35.33322000000004,22.056897774403282,1.6698945814899366,31.0,1770.0007
2020-08-07 13:00:00,34.64987000000002,24.472591084555265,0.7934904364037033,39.0,300.88428
2020-08-07 14:00:00,33.30093000000005,29.57360504696674,0.7452790741240828,39.0,41.531204
2020-08-07 15:00:00,31.025900000000036,32.54436857153479,1.9370282156570693,38.0,46.302322
2020-08-07 16:00:00,29.31582000000003,33.47297050895827,2.6746889796874496,37.0,102.00102
2020-08-07 17:00:00,28.115049999999997,33.068914200398176,3.0400284610342223,37.0,175.52583
2020-08-07 18:00:00,26.97442000000001,34.55620290167039,2.772921722617734,33.0,166.87216
2020-08-07 19:00:00,25.473839999999996,36.919177334376755,2.2813203694353517,34.0,142.28368
2020-08-07 20:00:00,24.442300000000046,40.014545273840554,2.3019530580268923,28.0,117.87042
2020-08-07 21:00:00,23.49550000000005,43.128593048926,2.1018417044897175,28.0,75.000854
2020-08-07 22:00:00,22.531240000000025,47.09320157739319,1.776375838260682,34.0,50.785896
2020-08-07 23:00:00,21.6841,51.07141436787831,1.3924781614161854,32.0,33.905594
2020-08-08 00:00:00,21.123000000000047,54.93299600592446,1.0085545501563549,28.0,32.238705
2020-08-08 01:00:00,21.14422000000002,59.99271227589144,0.9539880283589061,28.0,30.685497
2020-08-08 02:00:00,23.404800000000023,52.53912954819056,1.005062145294988,41.0,41.297302
2020-08-08 03:00:00,26.37786,42.44814900174116,1.2804573762428526,44.0,151.68546
2020-08-08 04:00:00,28.23177000000004,37.41665568066728,1.5799303451684095,44.0,433.6411
2020-08-08 05:00:00,29.951620000000048,33.83126697439554,1.8440442443778948,19.0,877.15845
2020-08-08 06:00:00,31.49212,30.624439299727428,2.121655458283197,19.0,1367.3313
2020-08-08 07:00:00,32.606160000000045,27.746222182241215,2.6041094764732664,16.0,1632.385
2020-08-08 08:00:00,33.315200000000004,26.237605025023043,2.9546386247689065,16.0,1775.1472
2020-08-08 09:00:00,33.50704000000002,25.747231963294244,2.9311263194174315,20.0,1860.4141
2020-08-08 10:00:00,33.752340000000004,25.267361268440528,3.128788876176496,18.0,1894.8657
2020-08-08 11:00:00,33.45776000000001,25.5406093878655,3.49955796052616,21.0,1992.7773
2020-08-08 12:00:00,32.88537000000002,26.198826622498927,3.2125035309189607,19.0,1965.1975
2020-08-08 13:00:00,32.01934,28.767386427436396,2.5756597488371873,19.0,1393.2932
2020-08-08 14:00:00,30.464140000000043,32.90875302308152,2.142933775753647,27.0,194.06776
2020-08-08 15:00:00,29.032650000000046,34.64397396825015,1.8601839792504895,27.0,49.033142
2020-08-08 16:00:00,27.986630000000048,36.45268911359231,1.2322694154212668,26.0,32.667343
2020-08-08 17:00:00,27.177729999999997,38.42963908072192,0.5511325759461806,30.0,36.34723
2020-08-08 18:00:00,26.84146000000004,38.23430774485441,0.1395379005863533,37.0,36.43138
2020-08-08 19:00:00,24.31973000000005,50.917886219588304,1.653034088398234,37.0,44.45073
2020-08-08 20:00:00,23.588400000000036,53.46090695518661,1.714415045612987,29.0,54.04413
2020-08-08 21:00:00,23.300200000000018,53.75190760044094,1.9417709505229144,31.0,64.95079
2020-08-08 22:00:00,23.171230000000037,53.47956445192641,2.3479292185328,30.0,150.25342
2020-08-08 23:00:00,23.261680000000013,52.89272001319185,2.7898315345666838,30.0,197.28123
2020-08-09 00:00:00,22.84540000000004,54.799198924473274,2.7515999996033598,36.0,156.34569
2020-08-09 01:00:00,22.62856000000005,57.08235355688946,2.316702118996079,27.0,132.90607
2020-08-09 02:00:00,23.473900000000015,57.680084822484005,1.7764756374197292,27.0,197.11407
2020-08-09 03:00:00,25.345100000000002,50.81685606318463,2.362564263093582,30.0,443.9099
2020-08-09 04:00:00,27.022850000000005,44.149689074050855,2.6007335579375077,18.0,712.31274
2020-08-09 05:00:00,28.624840000000006,38.1035670737238,2.666758861824318,17.0,1031.688
2020-08-09 06:00:00,30.13906000000003,33.01776212941163,2.6902008975632286,19.0,1995.3923
2020-08-09 07:00:00,31.248739999999998,29.719540378116623,2.7418645294185504,16.0,2229.7903
2020-08-09 08:00:00,32.066400000000044,27.66077697936824,2.7992157243096503,16.0,2432.4673
2020-08-09 09:00:00,32.252800000000036,26.466560468514064,2.8220490498318593,20.0,2559.2478
2020-08-09 10:00:00,32.41464000000002,25.642470013732844,2.643010449719645,13.0,2834.4556
2020-08-09 11:00:00,32.31110000000001,25.30462924125878,2.369031935109236,13.0,2592.7087
2020-08-09 12:00:00,32.03280000000001,25.190420157474435,2.2155921530157574,17.0,2395.5122
2020-08-09 13:00:00,31.42043000000001,26.77769660543317,1.8082751521372875,25.0,2117.4927
2020-08-09 14:00:00,30.21900000000005,30.966624509396954,1.488607891781768,35.0,29.804184
2020-08-09 15:00:00,28.54910000000001,33.99765243666395,1.910376493676189,35.0,37.729675
2020-08-09 16:00:00,26.79928000000001,38.188917012569206,2.241279796253105,33.0,43.463028
2020-08-09 17:00:00,25.09567000000004,42.75093339756249,2.3583649151465447,32.0,45.185898
2020-08-09 18:00:00,23.673969999999997,46.646410354992,2.394458239328159,32.0,46.55818
2020-08-09 19:00:00,22.85134000000005,45.30496928364928,2.0906649097260757,32.0,39.79904
2020-08-09 20:00:00,21.80627000000004,49.117522735877145,1.8515713017047035,32.0,32.084423
2020-08-09 21:00:00,20.89477000000005,52.81513192312204,1.7320853827063492,19.0,23.865135
2020-08-09 22:00:00,20.068840000000023,56.19103290882902,2.001212440626357,24.0,22.72055
2020-08-09 23:00:00,19.27290000000005,59.062424450171406,2.216219093561631,24.0,21.745777
2020-08-10 00:00:00,18.630030000000033,61.001398004118556,2.276246127926512,20.0,23.290895
2020-08-10 01:00:00,18.43398000000002,61.69098161528149,2.201772475178446,20.0,22.850286
2020-08-10 02:00:00,20.876980000000003,58.45591554883364,1.5042419348160776,26.0,33.405502
2020-08-10 03:00:00,25.71908000000002,44.37478549256441,1.0606968723566184,24.0,117.57109
2020-08-10 04:00:00,28.68100000000004,32.6747877090739,1.2459920475169974,24.0,378.5669
2020-08-10 05:00:00,30.340840000000014,30.141382964690568,1.50400837615753,21.0,734.9817
2020-08-10 06:00:00,31.539030000000025,28.042235883599858,1.6593235084450348,25.0,1548.227
2020-08-10 07:00:00,32.677850000000035,26.368161482776898,1.896599777370745,25.0,2455.2502
2020-08-10 08:00:00,33.116780000000006,23.951569868395186,2.063093706127167,23.0,2634.4329
2020-08-10 09:00:00,33.55886000000004,23.21138256222343,2.1659106479882175,17.0,2763.5134
2020-08-10 10:00:00,33.83193,22.588008179582108,2.215103102034316,21.0,2827.111
2020-08-10 11:00:00,33.77734000000004,22.050340856175357,2.122295550983237,15.0,2728.7783
2020-08-10 12:00:00,33.41323,21.971342734034984,1.8131727147598937,15.0,2522.1548
2020-08-10 13:00:00,32.76428000000004,24.43073430338325,1.1900191616016358,22.0,2337.8513
2020-08-10 14:00:00,31.231650000000002,29.239757425051437,1.6368333471622971,38.0,37.455383
2020-08-10 15:00:00,29.08236000000005,32.74305476292157,2.320446290425167,38.0,52.391464
2020-08-10 16:00:00,27.18237000000005,36.183023556279394,2.4039329699789262,48.0,70.061935
2020-08-10 17:00:00,25.75857000000002,39.0291084700207,2.442063364493596,48.0,71.24692
2020-08-10 18:00:00,24.64602000000002,40.994061688260906,2.3816316531604484,37.0,58.351547
2020-08-10 19:00:00,24.05505000000005,39.75488024067943,2.143808529745287,37.0,60.332886
2020-08-10 20:00:00,23.108670000000018,42.679370231515904,1.6427576726674893,37.0,61.402344
2020-08-10 21:00:00,22.45028000000002,44.65907080523352,1.6983297383659186,32.0,51.6416
2020-08-10 22:00:00,21.914540000000045,45.179402424510855,2.140063933574981,26.0,50.52339
2020-08-10 23:00:00,21.40145000000001,46.09313573899632,2.1380558808328582,26.0,48.334457
2020-08-11 00:00:00,21.019830000000013,47.48927954932595,2.0286188030049406,28.0,30.13124
2020-08-11 01:00:00,20.815330000000017,49.762064638860345,1.989712713289481,30.0,20.57013
2020-08-11 02:00:00,22.35250000000002,50.80192810474616,1.3347197038304708,31.0,17.808609
2020-08-11 03:00:00,25.598100000000045,43.66059751785653,0.9728598576579782,39.0,138.94211
2020-08-11 04:00:00,27.571619999999996,38.01664102109582,1.6115282954680783,27.0,447.6311
2020-08-11 05:00:00,28.99780000000004,35.01461620273433,1.7783437351295979,27.0,680.44116
2020-08-11 06:00:00,30.329060000000027,31.843698370093293,2.086352813649397,19.0,975.58887
2020-08-11 07:00:00,31.369169999999997,26.221889259259317,2.7771594643338218,19.0,1852.3093
2020-08-11 08:00:00,31.902500000000032,23.943792941864128,2.961925210464967,22.0,2131.867
2020-08-11 09:00:00,32.15164000000004,22.784527462849177,2.9411387415032735,22.0,2312.6501
2020-08-11 10:00:00,32.23678000000001,22.00531654029686,2.9029672984952923,24.0,2504.219
2020-08-11 11:00:00,32.10494,21.466820518621095,2.999355633670663,24.0,2280.7598
2020-08-11 12:00:00,31.58462000000003,21.192668477066995,2.999097466453308,20.0,2169.0955
2020-08-11 13:00:00,30.694500000000005,22.66866611100624,2.5319579050254455,30.0,1575.4277
2020-08-11 14:00:00,29.066280000000006,25.35637914309897,2.207042458487795,37.0,160.11069
2020-08-11 15:00:00,27.419579999999996,25.0961233975112,2.382652247389589,45.0,62.700592
2020-08-11 16:00:00,25.899470000000008,24.88070457475154,2.60557132983691,45.0,53.964813
2020-08-11 17:00:00,24.498469999999998,25.094300216457796,2.591311535395374,54.0,56.01335
2020-08-11 18:00:00,23.242520000000013,26.338011203875443,2.5435198067680247,36.0,53.72531
2020-08-11 19:00:00,22.247060000000033,32.579696375397305,2.299449628241628,36.0,49.77101
2020-08-11 20:00:00,20.967550000000017,36.14585692863545,2.1454732851779115,39.0,41.613937
2020-08-11 21:00:00,19.713459999999998,40.20263575219514,1.9861544448384698,39.0,33.343422
2020-08-11 22:00:00,18.65700000000004,44.772484124132255,1.867352587609306,35.0,29.841125
2020-08-11 23:00:00,17.81310000000002,49.16780336106405,1.7511593881995235,28.0,28.007452
2020-08-12 00:00:00,17.155850000000044,52.582224868522424,1.677874306197234,26.0,28.478563
2020-08-12 01:00:00,16.783040000000028,56.140299630727505,1.6441026401631285,32.0,23.751213
2020-08-12 02:00:00,19.02487000000002,55.179093192107274,1.014845203865872,32.0,28.805775
2020-08-12 03:00:00,23.42144000000002,42.04135092734432,0.16921224609617178,36.0,107.50203
2020-08-12 04:00:00,26.085300000000018,28.639153328976825,0.6513863034351481,33.0,293.5161
2020-08-12 05:00:00,28.147850000000005,21.53925718746308,1.494621691953289,31.0,606.9092
2020-08-12 06:00:00,29.7149,17.958820082479264,2.436020348406156,19.0,1282.575
2020-08-12 07:00:00,31.01803000000001,18.26183179775289,2.5469737345947263,24.0,1838.9619
2020-08-12 08:00:00,31.64468000000005,17.35511808852555,2.77130854573835,17.0,1980.3301
2020-08-12 09:00:00,31.967600000000004,16.59175330402394,2.7916261956382216,17.0,2041.6416
2020-08-12 10:00:00,32.03000000000003,15.922891301604082,2.632260089204585,14.0,2049.6672
2020-08-12 11:00:00,31.869100000000003,15.54534164264454,2.4751862378973124,15.0,2004.6243
2020-08-12 12:00:00,31.441340000000025,15.71500747607173,2.4735748124689576,16.0,1907.7407
2020-08-12 13:00:00,30.423879999999997,19.453128762507177,2.1515664947926694,28.0,605.25586
2020-08-12 14:00:00,28.79427000000004,22.412810324650064,2.3366385885968244,28.0,161.6309
2020-08-12 15:00:00,27.106040000000007,22.701627227037832,2.2824209018626798,40.0,81.49237
2020-08-12 16:00:00,25.671040000000005,23.43218060410723,2.323648629821342,40.0,66.29501
2020-08-12 17:00:00,24.321920000000034,24.78055690723065,2.529873789023842,35.0,67.28818
2020-08-12 18:00:00,23.08236000000005,26.579300038338253,2.5958881295198686,34.0,59.585495
2020-08-12 19:00:00,22.10925000000003,27.14583871048011,2.5173135801098456,37.0,49.195816
2020-08-12 20:00:00,20.92184000000003,30.090428853237533,2.375124629163171,33.0,39.7966
2020-08-12 21:00:00,19.570640000000026,34.68832480133821,2.210776683474403,33.0,31.924301
2020-08-12 22:00:00,18.458640000000003,39.203252050508745,1.9791366978222222,23.0,22.994385
2020-08-12 23:00:00,17.70822000000004,43.123160727481576,1.9030681953904462,23.0,20.351168
2020-08-13 00:00:00,17.28707000000003,46.10872486336291,1.8611614865415738,32.0,20.091793
2020-08-13 01:00:00,17.102930000000015,48.899489867661686,1.8878697073755302,25.0,21.116703
2020-08-13 02:00:00,19.22670000000005,51.42636063350529,1.1762327094189489,33.0,33.3668
2020-08-13 03:00:00,23.31716,42.69472067271595,0.48334427505471556,33.0,67.42407
2020-08-13 04:00:00,26.24087000000003,26.155008470332554,1.1309254675728369,38.0,318.43677
2020-08-13 05:00:00,27.48828000000003,22.09238543398907,1.2560546180030399,33.0,634.3408
2020-08-13 06:00:00,28.74770000000001,19.86665987745194,0.8784623484411067,25.0,1248.0022
2020-08-13 07:00:00,29.836880000000008,21.519927667747336,1.3607669224056929,25.0,1979.0964
2020-08-13 08:00:00,30.590419999999995,20.71212029907969,1.4749233933623331,21.0,2319.7346
2020-08-13 09:00:00,31.048670000000016,20.77649195081807,1.6060799697609154,21.0,2348.4475
2020-08-13 10:00:00,31.27950000000004,21.00135024880629,1.5849219312976874,21.0,2384.724
2020-08-13 11:00:00,31.206870000000038,21.230844658086525,1.5533390916234255,21.0,2273.7646
2020-08-13 12:00:00,30.898650000000032,21.423953255224074,1.3540164658537155,20.0,2092.102
2020-08-13 13:00:00,30.30093000000005,23.46666863320031,0.8501018326335499,35.0,810.0913
2020-08-13 14:00:00,29.205100000000016,27.11578431568377,0.16964822593425655,42.0,24.792725
2020-08-13 15:00:00,27.557000000000016,32.76536126235647,0.5685539011729766,42.0,28.410622
2020-08-13 16:00:00,25.966200000000015,34.038356104816096,0.9569153375150142,58.0,32.604523
2020-08-13 17:00:00,23.6524,39.56592357381191,1.3049316837121743,51.0,29.816181
2020-08-13 18:00:00,21.66207000000003,44.01245506354672,1.9314807461196242,51.0,24.806747
2020-08-13 19:00:00,20.541770000000042,49.96230598732759,2.311321379841075,35.0,22.222733
2020-08-13 20:00:00,19.153440000000046,55.08830633828519,2.2814855441908484,35.0,23.888721
2020-08-13 21:00:00,18.1044,59.08225996325399,2.29725582940366,26.0,25.473957
2020-08-13 22:00:00,17.404930000000036,61.6677816001104,2.3013480113048983,26.0,28.870178
2020-08-13 23:00:00,16.8245,63.776721184559094,2.2744458179232545,25.0,30.95338
2020-08-14 00:00:00,16.31167000000005,65.64143149044257,2.2544542188131365,25.0,31.037203
2020-08-14 01:00:00,16.045000000000016,66.8136183978398,2.1720778255611792,32.0,28.667723
2020-08-14 02:00:00,18.411770000000047,63.3010983285446,1.4404545235140054,24.0,33.985126
2020-08-14 03:00:00,23.53340000000003,48.77245337488592,0.8118622095078081,24.0,77.653824
2020-08-14 04:00:00,26.937160000000006,35.08963260785037,0.0780189912704548,21.0,252.54326
2020-08-14 05:00:00,28.9332,28.14508371214264,1.2051845177105531,21.0,918.2427
2020-08-14 06:00:00,30.35967000000005,22.325071422285387,1.7925755022631746,13.0,1637.1833
2020-08-14 07:00:00,31.627070000000003,18.87471752159264,2.0038005563039776,13.0,1818.7515
2020-08-14 08:00:00,32.366240000000005,16.604364536141947,2.2432339836870967,11.0,1990.8198
2020-08-14 09:00:00,32.83170000000001,14.912590292405813,2.3377152588953733,11.0,2133.791
2020-08-14 10:00:00,33.036,13.798507029912992,2.2748154996047063,12.0,2186.4905
2020-08-14 11:00:00,32.93887000000001,13.216374408443285,2.1692497044700247,10.0,2105.3652
2020-08-14 12:00:00,32.59557000000001,13.252475633797376,2.0967122218969987,23.0,2034.5442
2020-08-14 13:00:00,31.613730000000032,17.844713821245,1.6366732183205572,26.0,346.69067
2020-08-14 14:00:00,30.27502000000004,20.083052651506076,1.6268293455434346,35.0,92.84955
2020-08-14 15:00:00,28.133080000000007,22.020157448435164,1.7230812351919527,35.0,50.080185
2020-08-14 16:00:00,25.666600000000017,24.885079307356712,2.0635258414450766,35.0,45.65645
2020-08-14 17:00:00,23.40640000000002,28.67120048542133,2.2005385672526825,34.0,43.507507
2020-08-14 18:00:00,21.445670000000007,33.565782364175845,2.3739458119738193,30.0,33.04605
2020-08-14 19:00:00,19.95703000000003,35.41715278682493,2.2565674380302156,30.0,28.073124
2020-08-14 20:00:00,18.733060000000023,40.14300060581436,2.260665660525168,27.0,25.736645
2020-08-14 21:00:00,17.74734000000001,44.43332810338778,2.353485581072283,27.0,25.051315
2020-08-14 22:00:00,16.942930000000047,48.230754953428395,2.437493424687019,19.0,25.400732
2020-08-14 23:00:00,16.29630000000003,51.466332770308895,2.4252567197044037,19.0,23.776875
2020-08-15 00:00:00,15.796100000000024,53.829258629286166,2.3996384576955285,24.0,19.60331
2020-08-15 01:00:00,15.52776,55.85178454248788,2.324963543418263,24.0,16.009628
2020-08-15 02:00:00,17.730980000000045,56.18816557115222,1.588179000552853,25.0,15.304487
2020-08-15 03:00:00,23.316550000000007,46.800946815271836,0.8420180714519049,25.0,59.56807
2020-08-15 04:00:00,27.386900000000026,26.794050352655365,0.32317824360369446,23.0,208.312
2020-08-15 05:00:00,29.430750000000046,21.148416305934656,0.8579302352001114,12.0,474.7422
2020-08-15 06:00:00,30.982140000000015,18.036941140373337,1.3370181162078907,12.0,870.7407
2020-08-15 07:00:00,32.22335000000004,17.78191571854477,1.4746280705994446,8.0,1240.9656
2020-08-15 08:00:00,33.02377000000001,16.410460576385574,1.4474666884981227,20.0,1482.2776
2020-08-15 09:00:00,33.64874000000003,15.358460109983092,1.6024936884411083,12.0,1663.1863
2020-08-15 10:00:00,33.97470000000004,14.6478321347083,1.7476206392385734,15.0,1804.3267
2020-08-15 11:00:00,33.90730000000002,14.37124267317011,1.5349235157146561,15.0,1769.4148
2020-08-15 12:00:00,33.58486000000005,14.453616408573552,1.3152924861261701,14.0,1621.1257
2020-08-15 13:00:00,32.56130000000002,19.706642693496338,1.1021451725909308,30.0,172.64459
2020-08-15 14:00:00,31.13240000000002,22.740095160266215,1.0733224544795337,30.0,41.383163
2020-08-15 15:00:00,29.073820000000012,27.190107614661606,0.8193879775562121,47.0,21.060928
2020-08-15 16:00:00,27.414330000000007,27.122765365425384,1.106719962652834,68.0,18.492783
2020-08-15 17:00:00,24.729270000000042,32.374162651284884,1.5278043134609918,74.0,16.879272
2020-08-15 18:00:00,22.63100000000003,36.69419477000323,2.2623311058609175,74.0,20.168224
2020-08-15 19:00:00,21.239300000000014,41.23423460713717,2.50130994229462,53.0,24.303524
2020-08-15 20:00:00,20.28830000000005,44.55206745585158,2.3859453743270005,35.0,22.303535
2020-08-15 21:00:00,19.388120000000015,47.60924735898572,2.3796030090769027,27.0,21.09962
2020-08-15 22:00:00,18.82430000000005,49.68388842993828,2.3576466867311248,22.0,18.35247
2020-08-15 23:00:00,18.245630000000006,51.638254746292255,2.343896082414494,19.0,19.274529
2020-08-16 00:00:00,18.157200000000046,52.22387262405938,2.2147860653414133,22.0,20.699604
2020-08-16 01:00:00,18.14500000000004,53.363021603148596,2.1397437366333234,25.0,17.615215
2020-08-16 02:00:00,19.979640000000018,54.28287647416011,1.4600260403747944,25.0,14.173986
2020-08-16 03:00:00,24.61310000000003,47.77520834413854,0.8455756635035111,21.0,46.20381
2020-08-16 04:00:00,27.055930000000046,38.69870530022764,0.3538057446641295,21.0,135.07074
2020-08-16 05:00:00,29.5154,26.020921973704723,0.5992413101761812,44.0,223.99438
2020-08-16 06:00:00,31.545830000000024,21.224649885608834,1.1859776112472886,39.0,702.74927
2020-08-16 07:00:00,31.468230000000005,21.961499720254572,2.3038022144701618,24.0,881.2239
2020-08-16 08:00:00,31.80630000000002,21.198044648898616,1.0279429412541108,15.0,821.52344
2020-08-16 09:00:00,32.62960000000004,20.56769077704765,0.9739490901768172,18.0,1093.4014
2020-08-16 10:00:00,32.409940000000006,22.61057835415284,3.152167633825666,18.0,1463.8792
2020-08-16 11:00:00,30.782100000000014,27.800297769167706,3.274783219776798,19.0,318.26978
2020-08-16 12:00:00,29.854820000000018,31.79391700680279,2.000349475037252,21.0,279.44714
2020-08-16 13:00:00,29.211850000000027,35.411207128364346,1.143389834630544,27.0,136.89703
2020-08-16 14:00:00,28.042140000000018,40.17661520051836,0.9130060274674044,35.0,50.360123
2020-08-16 15:00:00,26.88662000000005,42.92573290522758,0.5627427390501147,66.0,26.76529
2020-08-16 16:00:00,25.69586000000004,45.86036423254001,1.4149435123143421,66.0,29.188202
2020-08-16 17:00:00,24.60656,48.480128723980044,1.9726238958479851,53.0,30.165344
2020-08-16 18:00:00,23.512350000000026,51.3303351202535,2.1349128869686425,53.0,27.286545
2020-08-16 19:00:00,23.272700000000043,46.48091242550079,2.2479674803213996,26.0,25.90976
2020-08-16 20:00:00,22.499900000000025,48.72152968944448,2.0590879165376137,26.0,22.400589
2020-08-16 21:00:00,21.919100000000014,51.071560336795464,1.8606051338520193,25.0,20.524887
2020-08-16 22:00:00,21.37142,52.82997488148842,1.9131413289674792,18.0,31.708694
2020-08-16 23:00:00,21.034140000000036,53.40267449310328,1.9501417990124617,18.0,41.055954
2020-08-17 00:00:00,20.486230000000035,54.88197073077266,1.826836672879817,25.0,40.839752
2020-08-17 01:00:00,19.916250000000048,57.552071860833856,1.612668547596328,25.0,34.004066
2020-08-17 02:00:00,21.61617000000001,57.443725011745315,1.0533907121406043,52.0,40.841293
2020-08-17 03:00:00,25.608300000000042,48.09772872937477,0.30783611526548815,44.0,124.363495
2020-08-17 04:00:00,28.223700000000008,35.831044709422315,0.7887511674381978,40.0,335.49725
2020-08-17 05:00:00,29.86940000000004,32.46765117003443,1.896183465878447,36.0,553.60645
2020-08-17 06:00:00,30.118700000000047,32.408209061058685,2.618230340326538,46.0,645.7119
2020-08-17 07:00:00,29.817470000000014,37.364205633543044,2.9703387170515367,53.0,784.7346
2020-08-17 08:00:00,30.01522,36.58328561634423,2.840393469498973,53.0,991.26904
2020-08-17 09:00:00,28.29543000000001,42.96940455934398,2.003747287057337,24.0,1084.2449
2020-08-17 10:00:00,27.627530000000036,45.77247662810042,0.6546554782024622,18.0,602.9343
2020-08-17 11:00:00,28.1644,44.43623086044882,0.787356811653427,22.0,654.0708
2020-08-17 12:00:00,28.67852000000005,43.21626129144479,1.0773943782093633,25.0,707.27075
2020-08-17 13:00:00,28.283040000000028,45.686704550834676,1.2250471697483163,25.0,310.54102
2020-08-17 14:00:00,27.331540000000018,49.98798766195474,1.1008367669690589,29.0,118.79562
2020-08-17 15:00:00,26.443140000000028,50.998242557708956,1.3998944455071043,22.0,113.20172
2020-08-17 16:00:00,25.61930000000001,47.745190712053216,2.4243113753958854,22.0,310.87573
2020-08-17 17:00:00,24.860220000000027,38.50734442691819,3.347644367985193,22.0,443.82703
2020-08-17 18:00:00,24.15807000000001,29.294127968291612,3.727570807008388,22.0,400.08704
2020-08-17 19:00:00,21.973000000000013,45.52411791537961,2.906639698605214,19.0,298.3106
2020-08-17 20:00:00,21.529570000000035,47.45686463434235,2.5700132840739487,19.0,229.65909
2020-08-17 21:00:00,21.113,46.72226757073979,2.7792074680829244,25.0,221.42809
2020-08-17 22:00:00,20.94222000000002,43.3417363158189,2.948533042792539,22.0,229.13678
2020-08-17 23:00:00,20.547570000000007,40.49195298462626,2.5964796800791103,22.0,203.69608
2020-08-18 00:00:00,20.027030000000025,40.41040365805172,1.9773208535059308,21.0,140.37892
2020-08-18 01:00:00,19.430570000000046,45.853905331730836,1.2856070033110159,22.0,34.691864
2020-08-18 02:00:00,20.064200000000028,53.41936036522903,0.1229198972713584,22.0,38.243805
2020-08-18 03:00:00,22.001059999999995,40.57235573352625,1.0149414367896223,26.0,168.97981
2020-08-18 04:00:00,23.595180000000028,29.51746034952942,2.2271556848099596,12.0,509.37524
2020-08-18 05:00:00,24.44870000000003,26.32280634949071,1.9242208814245936,12.0,1019.5056
2020-08-18 06:00:00,25.327940000000012,25.403441380231,1.604037098826935,12.0,1268.154
2020-08-18 07:00:00,26.85372000000001,27.717935748287477,2.4379771069001324,10.0,1484.1511
2020-08-18 08:00:00,27.611469999999997,25.640074535148557,2.548527500676139,8.0,1753.3091
2020-08-18 09:00:00,27.996669999999995,24.719491449701827,2.678746714301809,14.0,1920.8767
2020-08-18 10:00:00,28.22012000000001,24.482167829261797,2.837425119159697,14.0,1807.8755
2020-08-18 11:00:00,28.138500000000022,24.806742782650684,2.8407197753583793,17.0,1760.1204
2020-08-18 12:00:00,27.79230000000001,25.50756777127506,2.7112875084291614,17.0,1665.6511
2020-08-18 13:00:00,27.0865,27.974018202690537,2.19822304805678,35.0,1503.6438
2020-08-18 14:00:00,25.84808000000004,32.13544346770367,1.8760597721813796,35.0,88.11545
2020-08-18 15:00:00,24.540369999999996,33.81790685998467,1.7927522026943767,38.0,31.569931
2020-08-18 16:00:00,23.222380000000044,36.17032181676996,1.8722361205082134,40.0,22.88972
2020-08-18 17:00:00,21.895399999999995,38.46503172017766,2.1482290267282402,35.0,20.710926
2020-08-18 18:00:00,20.791770000000042,40.14897102485529,2.3581029333486545,35.0,19.43471
2020-08-18 19:00:00,19.902300000000025,48.85396811356704,1.8035323968387371,45.0,21.557922
2020-08-18 20:00:00,18.719930000000033,52.55307248461442,1.8781948819050966,33.0,24.254517
2020-08-18 21:00:00,17.837980000000016,55.56943610795709,2.061228775414971,33.0,26.354279
2020-08-18 22:00:00,17.112540000000024,58.654007652133494,2.0642390717015022,21.0,19.433533
2020-08-18 23:00:00,16.47738000000004,61.885308413398214,1.9639964421047433,22.0,18.014025
2020-08-19 00:00:00,15.95413000000002,64.74239912698627,1.9149801497844565,22.0,16.126484
2020-08-19 01:00:00,15.624720000000025,67.24794810793318,1.8422590684456848,24.0,14.433842
2020-08-19 02:00:00,17.430260000000033,66.81888176580004,1.0546423508646037,19.0,26.168442
2020-08-19 03:00:00,21.747640000000047,50.48636244452019,0.36711000581011494,16.0,121.597824
2020-08-19 04:00:00,24.245780000000025,37.924888989834436,0.5214369585433496,17.0,393.07446
2020-08-19 05:00:00,26.055229999999995,30.895683074037667,1.3830450770419958,23.0,836.303
2020-08-19 06:00:00,27.405050000000017,27.369795476078572,2.031059716820842,25.0,1454.1594
2020-08-19 07:00:00,28.45350000000002,27.522931016647263,2.3047860765275483,19.0,1840.1294
2020-08-19 08:00:00,29.22750000000002,25.4252049328493,2.553815377692446,19.0,1995.0774
2020-08-19 09:00:00,29.72076000000004,23.70273717334826,2.721535506369454,17.0,2139.4233
2020-08-19 10:00:00,29.930139999999994,22.490809433791124,2.723810860295988,19.0,2312.7954
2020-08-19 11:00:00,29.840419999999995,21.689995854024463,2.714701723589997,16.0,2208.187
2020-08-19 12:00:00,29.48810000000003,21.228923952846298,2.6030852650897263,21.0,2027.364
2020-08-19 13:00:00,28.51092,24.322279723397696,2.1873066918206145,33.0,854.0327
2020-08-19 14:00:00,26.85916000000003,27.148162312664244,2.321759410850461,50.0,160.87485
2020-08-19 15:00:00,25.015900000000045,28.18154122590466,2.3239296450249713,50.0,94.531906
2020-08-19 16:00:00,23.32140000000004,30.221604193125444,2.1776840140961338,28.0,83.57724
2020-08-19 17:00:00,21.673360000000002,33.561969103841335,2.1199258347656977,33.0,76.95007
2020-08-19 18:00:00,20.13864000000001,38.37123005983849,2.1738106213980877,25.0,62.220856
2020-08-19 19:00:00,19.322050000000047,40.5107739950397,2.4427356845516384,26.0,51.498825
2020-08-19 20:00:00,18.403830000000028,44.29322394013126,2.4217081315126148,23.0,44.03943
2020-08-19 21:00:00,17.841880000000003,46.39673183210838,2.445583632428818,19.0,40.362823
2020-08-19 22:00:00,17.56692000000004,47.00789020956991,2.4191773188360646,25.0,47.157196
2020-08-19 23:00:00,17.090020000000038,48.53768743745138,2.313664696639859,25.0,43.541077
2020-08-20 00:00:00,16.555600000000027,50.88047863103252,2.268572042605877,21.0,37.86238
2020-08-20 01:00:00,16.15220000000005,53.73591949816339,2.2300257625798405,21.0,32.051834
2020-08-20 02:00:00,17.883399999999995,55.195195851100436,1.588736834734957,24.0,32.80087
2020-08-20 03:00:00,22.612300000000005,45.2598275221727,0.8998722927070576,24.0,87.10161
2020-08-20 04:00:00,25.93356,30.306422070158536,0.42961496230190177,29.0,282.98022
2020-08-20 05:00:00,27.68646000000001,21.674485628892196,1.0681736994597066,20.0,863.20557
2020-08-20 06:00:00,28.874960000000044,18.531860093620423,1.8951273754026272,18.0,1829.9377
2020-08-20 07:00:00,29.440500000000043,20.142943876438668,1.8961627885805084,18.0,2163.5618
2020-08-20 08:00:00,30.05844000000002,19.759609855829588,2.1820307623028325,18.0,2371.8562
2020-08-20 09:00:00,30.509730000000047,19.34502025435908,2.4661128400228405,15.0,2621.5808
2020-08-20 10:00:00,30.604700000000037,18.771515909921167,2.6940045104011925,15.0,2867.0151
2020-08-20 11:00:00,30.458150000000046,18.33698107156618,2.864142413744507,16.0,2823.7458
2020-08-20 12:00:00,29.983420000000024,18.3488864383491,2.6224500748885897,18.0,2725.1208
2020-08-20 13:00:00,29.02236000000005,21.80925827283108,1.972027250837077,20.0,711.58765
2020-08-20 14:00:00,27.64617000000004,24.174706086090143,1.8387464709118002,36.0,93.43643
2020-08-20 15:00:00,25.94457,25.493599972088415,1.7411659618561284,45.0,45.146545
2020-08-20 16:00:00,24.13467000000003,27.675894063779072,1.9992931346512848,48.0,41.57808
2020-08-20 17:00:00,21.99362000000002,32.01875272101945,2.1891757651484545,50.0,36.898453
2020-08-20 18:00:00,20.017970000000048,37.89431272362199,2.3174781872343617,38.0,32.040436
2020-08-20 19:00:00,19.01370000000003,44.45568701578012,2.4015361265217137,38.0,29.868198
2020-08-20 20:00:00,18.051230000000032,48.52992339415119,2.4297805034845292,26.0,29.336697
2020-08-20 21:00:00,17.400869999999998,51.32034911221758,2.420288896877637,26.0,29.593653
2020-08-20 22:00:00,16.84268000000003,53.61799125392832,2.352010532176815,21.0,20.96762
2020-08-20 23:00:00,16.24896000000001,55.97629063999265,2.2280026593080686,24.0,20.46803
2020-08-21 00:00:00,15.662930000000017,58.326167033047255,2.099125646345364,24.0,19.86604
2020-08-21 01:00:00,15.219140000000039,60.36975996597678,2.040069870534784,32.0,18.451761
2020-08-21 02:00:00,17.05636000000004,60.017305606486,1.4547091721257974,31.0,22.290236
2020-08-21 03:00:00,22.24368000000004,49.943269165149424,0.8186228045842203,15.0,60.305847
2020-08-21 04:00:00,26.127400000000023,31.187235214996598,0.22973581102853757,15.0,251.34808
2020-08-21 05:00:00,28.043570000000045,25.54563315864377,0.46442972497272395,12.0,991.1499
2020-08-21 06:00:00,29.434380000000033,22.006295439513973,0.8025353983732508,12.0,1702.8257
2020-08-21 07:00:00,30.33068000000003,19.95329902282764,1.1089996598431306,12.0,2480.38
2020-08-21 08:00:00,30.907200000000046,19.014199010157185,1.5525072001189846,11.0,2553.2964
2020-08-21 09:00:00,31.31033000000002,18.41765160578581,1.8609768279440881,11.0,2563.2996
2020-08-21 10:00:00,31.419500000000028,18.022642829828435,2.03769690053519,11.0,2554.4229
2020-08-21 11:00:00,31.316200000000038,17.83068108182544,2.1008856644761327,13.0,2435.1143
2020-08-21 12:00:00,30.911159999999995,18.080389560197446,1.987650144799655,14.0,2259.9492
2020-08-21 13:00:00,29.940200000000004,22.58694683064172,1.6211109734712799,31.0,346.2199
2020-08-21 14:00:00,28.450649999999996,25.40216432342678,1.905359884126674,34.0,54.664963
2020-08-21 15:00:00,26.470150000000046,27.54984684359385,2.2715233802673542,35.0,36.25833
2020-08-21 16:00:00,24.491660000000024,29.871791800840253,2.362892074810443,35.0,39.990036
2020-08-21 17:00:00,22.45663000000002,33.541380047578166,2.317651621376442,23.0,42.504013
2020-08-21 18:00:00,20.574600000000032,38.5769233256445,2.3010637688065514,26.0,42.394684
2020-08-21 19:00:00,19.195760000000007,42.637191040405035,2.4452865444414584,26.0,40.18994
2020-08-21 20:00:00,18.03027000000003,46.51910673168752,2.3834884211195364,21.0,35.133457
2020-08-21 21:00:00,17.150779999999997,49.431102055598565,2.3484739332153572,21.0,32.438457
2020-08-21 22:00:00,16.561500000000024,51.16543379973571,2.3578346794678398,20.0,33.540073
2020-08-21 23:00:00,16.143730000000005,52.16858621761696,2.3935733994071144,21.0,34.52997
2020-08-22 00:00:00,15.801000000000045,52.71008751456718,2.4284223724175824,21.0,33.352295
2020-08-22 01:00:00,15.572600000000023,53.19420268390579,2.4327526406371938,21.0,27.63063
2020-08-22 02:00:00,17.514550000000042,52.538855085924965,1.8642210406709532,27.0,27.91719
2020-08-22 03:00:00,22.659880000000044,46.07085742691852,1.0848707660890102,27.0,61.435867
2020-08-22 04:00:00,27.04012,30.205029772971542,0.3377216913177957,12.0,172.25735
2020-08-22 05:00:00,29.20986000000005,21.829132166132588,0.6018636760866155,15.0,519.91675
2020-08-22 06:00:00,30.61483000000004,18.70166172828116,1.0591786465850084,17.0,982.9048
2020-08-22 07:00:00,31.743130000000008,19.213551648435775,1.0572800647398364,14.0,1328.959
2020-08-22 08:00:00,32.51632000000001,18.86676723303293,1.3212082352087224,18.0,1447.8115
2020-08-22 09:00:00,33.088160000000016,18.682017224391572,1.4404842075924094,17.0,1559.5496
2020-08-22 10:00:00,33.34512000000001,18.53567025191033,1.3792165146146307,17.0,1441.3313
2020-08-22 11:00:00,33.291930000000036,18.518100112687318,1.2858503066540299,20.0,1348.864
2020-08-22 12:00:00,32.91784000000001,18.957604361852933,1.2330957030064464,20.0,1230.9604
2020-08-22 13:00:00,31.77230000000003,23.98594160118894,1.2280849548435644,30.0,179.05469
2020-08-22 14:00:00,30.30110000000002,26.61953054309048,1.3858242034539374,52.0,48.730164
2020-08-22 15:00:00,28.220700000000022,28.837896873090955,2.0549072775638964,52.0,40.03203
2020-08-22 16:00:00,25.966030000000046,31.644443120912822,2.5610797170195325,40.0,42.803207
2020-08-22 17:00:00,23.49860000000001,35.991026174939535,2.4755634275748704,31.0,43.470337
2020-08-22 18:00:00,21.34512000000001,41.61264810645487,2.4609676872785875,31.0,38.461502
2020-08-22 19:00:00,20.199430000000007,45.50617723655831,2.4978377839478547,27.0,34.16518
2020-08-22 20:00:00,19.058700000000044,49.974189207509085,2.5380892493627822,26.0,31.281239
2020-08-22 21:00:00,18.119700000000023,53.6467244030773,2.629178824076789,26.0,28.797533
2020-08-22 22:00:00,17.44756000000001,55.96452942596271,2.678221102559022,32.0,22.620647
2020-08-22 23:00:00,16.966060000000027,57.26872574570905,2.6835451122039036,22.0,20.617695
2020-08-23 00:00:00,16.60372000000001,57.777151587494735,2.619857985489757,22.0,19.756649
2020-08-23 01:00:00,16.38354000000004,57.64323057394498,2.534755971717879,33.0,19.56816
2020-08-23 02:00:00,18.48257000000001,54.78255586531517,2.009453187993657,23.0,27.771568
2020-08-23 03:00:00,23.815940000000012,48.0040304212793,1.3473288268873824,23.0,47.678787
2020-08-23 04:00:00,29.176480000000026,30.917004128150143,1.0564875566002327,23.0,129.18524
2020-08-23 05:00:00,31.82638000000003,20.804539373017985,1.3886252761142088,19.0,468.09497
2020-08-23 06:00:00,33.35113000000001,17.573724771635003,1.1255798066193266,19.0,858.3718
2020-08-23 07:00:00,34.35473000000002,17.082981109631696,0.8062341355053149,16.0,1066.2405
2020-08-23 08:00:00,35.22622000000001,15.600827936779575,0.8977430468001717,18.0,1171.8694
2020-08-23 09:00:00,35.839200000000005,14.86222179270182,0.9803633627113718,18.0,1314.0134
2020-08-23 10:00:00,36.16220000000004,14.503227679119645,1.3166833205095674,18.0,1075.8328
2020-08-23 11:00:00,36.142240000000015,14.4470880362588,1.5540705640681958,14.0,960.01636
2020-08-23 12:00:00,35.721100000000035,15.885337629766171,1.5052059320978801,17.0,669.19775
2020-08-23 13:00:00,34.468560000000025,21.299784020838622,1.5219757418578557,30.0,127.00482
2020-08-23 14:00:00,32.74276000000003,23.614961679284942,2.1276694981652344,63.0,48.955322
2020-08-23 15:00:00,30.50466,25.669262830973288,2.6319371774677904,65.0,27.309006
2020-08-23 16:00:00,27.725270000000023,31.05732737061639,2.389312773622267,65.0,19.166904
2020-08-23 17:00:00,25.84005000000002,35.99192673736611,2.292264277628292,60.0,21.650875
2020-08-23 18:00:00,24.613300000000038,39.664564230826706,2.4663152553139933,36.0,28.848114
2020-08-23 19:00:00,25.118740000000003,38.78641119558686,2.92593422626302,37.0,30.632202
2020-08-23 20:00:00,24.56292000000002,39.33510456054384,2.974902372703052,35.0,37.467926
2020-08-23 21:00:00,24.44530000000003,38.512598006631855,2.952895513729114,35.0,43.033447
2020-08-23 22:00:00,24.40840000000003,38.97264023913052,3.0900600635845006,33.0,48.532135
2020-08-23 23:00:00,23.93362000000002,40.80242451802917,2.9563115711155636,41.0,55.82892
2020-08-24 00:00:00,23.383080000000007,42.61751498637536,2.8827483570932113,63.0,56.96884
2020-08-24 01:00:00,23.24478000000005,44.025970777485895,2.230681756922018,48.0,41.41321
2020-08-24 02:00:00,23.69070000000005,59.47413279995529,0.62976933606203,60.0,90.85642
2020-08-24 03:00:00,26.829499999999996,45.46710619765976,1.2059487871477697,60.0,155.67049
2020-08-24 04:00:00,29.776100000000042,34.690536635001436,1.506145754060277,49.0,221.8686
2020-08-24 05:00:00,31.77370000000002,30.636140408855262,0.9329895530738274,42.0,413.71265
2020-08-24 06:00:00,33.71597000000003,27.754352704775105,1.543894152574068,40.0,727.6797
2020-08-24 07:00:00,35.115700000000004,25.551943537704247,3.306991721091518,40.0,1217.6216
2020-08-24 08:00:00,35.460000000000036,24.656668757454653,4.053081231107579,42.0,1595.2659
2020-08-24 09:00:00,34.91323,24.025604256921085,4.064961856548335,37.0,1646.8789
2020-08-24 10:00:00,33.79336000000001,24.802760061552846,3.1513094122998075,46.0,1113.3242
2020-08-24 11:00:00,33.21703000000002,25.467423288939855,3.6095683108765915,48.0,765.50635
2020-08-24 12:00:00,32.26388000000003,27.54576783669626,3.278150391842127,48.0,607.9109
2020-08-24 16:00:00,26.88503000000003,40.00199695925467,1.7455385253223585,70.0,35.06505
2020-08-24 17:00:00,25.359520000000032,44.509383173670095,1.6057117484879406,70.0,36.356308
2020-08-24 18:00:00,24.555020000000013,46.27288285899225,1.4715705657267981,61.0,32.111893
2020-08-24 19:00:00,25.67452000000003,42.33461558261435,0.6595587777326779,61.0,35.483948
2020-08-24 20:00:00,23.389370000000042,47.467467394156074,1.3257627997793315,59.0,60.418034
2020-08-24 21:00:00,21.77218000000005,50.884819772109864,1.6278854432808079,59.0,81.229416
2020-08-24 22:00:00,21.3519,50.78259162933656,1.3953805800834158,71.0,93.44617
2020-08-24 23:00:00,21.65566000000001,49.02066286006362,0.9845167105148037,71.0,66.51257
2020-08-25 00:00:00,21.652500000000032,48.67744760870456,0.8111891545721811,68.0,38.179916
2020-08-25 01:00:00,21.181600000000003,50.847509014590216,0.8321383647709676,166.0,34.992302
2020-08-25 02:00:00,20.728049999999996,62.848887834710176,0.8918644840983404,166.0,69.83482
2020-08-25 03:00:00,23.307240000000036,47.040266852931346,1.6061819827965105,191.0,405.40405
2020-08-25 04:00:00,24.59480000000002,42.88885747162632,1.9937956475192387,117.0,735.85596
2020-08-25 05:00:00,25.896500000000003,40.22493208363599,2.2431050729826336,117.0,902.2888
2020-08-25 06:00:00,27.204250000000002,37.39916547428081,2.628087537000168,100.0,1042.1909
2020-08-25 07:00:00,27.41458,38.14629919801069,3.1609623618488754,100.0,1185.5303
2020-08-25 08:00:00,28.01968000000005,35.74770293365201,3.133530420240429,77.0,1351.7568
2020-08-25 09:00:00,28.116240000000005,34.57327272693895,2.836645368037464,116.0,1435.3813
2020-08-25 10:00:00,27.55245000000002,36.51384353937404,3.104185178788084,161.0,1433.1016
2020-08-25 11:00:00,27.23818,37.168356364196605,3.109447977116845,161.0,1294.2732
2020-08-25 12:00:00,27.097560000000044,37.53119759491413,2.407711806223735,155.0,1138.5996
2020-08-25 13:00:00,26.64004,38.92695054078222,2.6887021826793984,187.0,1003.18726
2020-08-25 14:00:00,25.462850000000003,42.51039017655762,2.175429962150425,188.0,317.4287
2020-08-25 15:00:00,24.516500000000008,44.626753712740566,1.7878099952075024,188.0,150.27652
2020-08-25 16:00:00,23.9298,46.1202171173989,1.5753278971578328,177.0,107.73299
2020-08-25 17:00:00,23.067650000000015,48.33466205723099,1.542644044772886,97.0,83.64592
2020-08-25 18:00:00,22.22195000000005,50.26226147038996,1.646602751435889,46.0,97.53296
2020-08-25 19:00:00,21.76382000000001,52.527506192233005,2.359199272973889,38.0,155.52666
2020-08-25 20:00:00,20.8356,61.13538750116836,2.7919780305193393,43.0,326.54358
2020-08-25 21:00:00,19.252470000000017,75.46563295404023,3.0986750114804913,30.0,304.02292
2020-08-25 22:00:00,18.779700000000048,80.19718355829471,2.691329769947765,30.0,175.16132
2020-08-25 23:00:00,18.740530000000035,81.44394140160594,1.8443964738331868,36.0,157.03104
2020-08-26 00:00:00,18.730600000000038,82.167315625495,1.23394330815703,44.0,152.69429
2020-08-26 01:00:00,18.700500000000034,84.84621410548503,1.0985236837672134,44.0,80.915436
2020-08-26 02:00:00,18.679560000000038,87.52709466819188,1.4520818531184974,46.0,115.977005
2020-08-26 03:00:00,18.46096,88.52722322634949,2.2556478161549687,46.0,389.99902
2020-08-26 04:00:00,18.244230000000016,89.45855101664844,1.9118134728175602,40.0,377.03433
2020-08-26 05:00:00,18.219750000000033,90.43437393605387,1.4405777863839713,40.0,312.26425
2020-08-26 06:00:00,18.24923000000001,91.03260154352168,1.4114443171736204,40.0,354.03265
2020-08-26 07:00:00,19.20060000000001,87.53157170427805,1.6224747747083434,40.0,363.4429
2020-08-26 08:00:00,19.102000000000032,88.82869073373908,1.8673109751961108,20.0,354.0039
2020-08-26 09:00:00,19.11196000000001,88.09735172159185,1.9905098905813179,20.0,357.44827
2020-08-26 10:00:00,18.666500000000042,89.9625930622094,2.1665376438851367,22.0,259.79327
2020-08-26 11:00:00,18.795860000000005,87.42560231772337,1.6653995903353045,22.0,290.4278
2020-08-26 12:00:00,19.17294000000004,81.67065692752506,2.145869000955317,27.0,379.42993
2020-08-26 13:00:00,19.21383000000003,81.63289344569377,1.8866670323145125,29.0,323.65875
2020-08-26 14:00:00,18.42587000000003,87.70439959378984,1.214201019385272,29.0,240.54617
2020-08-26 15:00:00,17.400630000000035,92.27783033162252,0.8501474156870089,36.0,155.76884
2020-08-26 16:00:00,16.92556000000002,95.22328250613256,0.4513952484842574,36.0,95.51103
2020-08-26 17:00:00,16.631500000000017,95.9684817613178,0.9240640652674954,41.0,57.275864
2020-08-26 18:00:00,16.55343000000005,95.23497729784079,1.4643022394793443,43.0,70.176865
2020-08-26 19:00:00,16.203400000000045,91.81870557907884,2.0414291259633606,43.0,111.003845
2020-08-26 20:00:00,16.11584000000005,89.80694919966373,2.053975956622241,41.0,122.43727
2020-08-26 21:00:00,15.781200000000013,87.90957609792379,2.2198195973522106,41.0,104.77695
2020-08-26 22:00:00,15.708250000000021,84.81839890076435,2.1478100752651503,43.0,135.2141
2020-08-26 23:00:00,15.191550000000007,83.68403261558828,2.246621144954138,43.0,120.03679
2020-08-27 00:00:00,14.91458,83.5470936170515,2.12140004322013,36.0,80.54486
2020-08-27 01:00:00,14.792470000000037,84.62351176580452,1.9811469863834588,43.0,72.09433
2020-08-27 02:00:00,15.499300000000005,84.18379116140729,1.8111518136112748,43.0,120.23906
2020-08-27 03:00:00,17.240049999999997,79.02305429080057,1.8243056047126542,29.0,350.4095
2020-08-27 04:00:00,18.763670000000047,71.21806006713001,2.7089556529032013,29.0,811.83496
2020-08-27 05:00:00,19.813260000000014,64.4446074079652,3.1587247355245838,39.0,988.12354
2020-08-27 06:00:00,20.468560000000025,59.6264634846847,3.01414361286376,39.0,903.0266
2020-08-27 07:00:00,20.670860000000005,63.220000978856085,2.197671743451303,27.0,1001.41284
2020-08-27 08:00:00,21.31790000000001,59.33977581505969,1.8497084765251253,27.0,1223.0308
2020-08-27 09:00:00,21.44082000000003,58.63940735766923,1.7533904880516353,42.0,1124.9043
2020-08-27 10:00:00,22.075400000000002,55.26965895091836,1.430706529930015,32.0,1288.1301
2020-08-27 11:00:00,22.225459999999998,53.828066268358846,1.5586057649168001,17.0,1408.1345
2020-08-27 12:00:00,22.234700000000032,53.3783457170283,1.8786819787656344,23.0,1274.3767
2020-08-27 13:00:00,21.955600000000004,54.50874132948068,1.630334797964679,23.0,506.0857
2020-08-27 14:00:00,21.079859999999996,58.38044405022629,1.3518308222351976,28.0,95.38957
2020-08-27 15:00:00,20.13223000000005,61.75290944959692,1.3450838526902922,31.0,36.716614
2020-08-27 16:00:00,19.42593000000005,64.94885810621496,0.5709472376897727,37.0,17.556717
2020-08-27 17:00:00,19.07385000000005,65.0650087345531,0.5111427641409693,48.0,14.826627
2020-08-27 18:00:00,17.736199999999997,72.6192919790196,0.8866615744648603,48.0,18.966354
2020-08-27 19:00:00,15.84310000000005,80.96104032456576,1.5589366961995523,32.0,20.662476
2020-08-27 20:00:00,15.048550000000034,83.87278424546601,1.750212904023657,32.0,18.742569
2020-08-27 21:00:00,14.372900000000016,86.68473858733385,1.7029018866652073,32.0,15.102867
2020-08-27 22:00:00,13.803200000000004,88.58421992248805,1.684091041482079,32.0,12.328616
2020-08-27 23:00:00,13.3904,89.58522135784166,1.6707810046079468,30.0,13.357477
2020-08-28 00:00:00,13.107020000000034,89.90232143546032,1.7312550535372957,36.0,14.542499
2020-08-28 01:00:00,12.955600000000004,89.9236366894146,1.79544409962082,36.0,14.281823
2020-08-28 02:00:00,14.511500000000012,89.2397760033759,1.1925505714348545,40.0,16.697346
2020-08-28 03:00:00,18.957730000000026,69.42753094620831,0.5383237681458032,31.0,103.79018
2020-08-28 04:00:00,20.94744000000003,60.42528500593152,0.28802946090801934,28.0,293.52124
2020-08-28 05:00:00,22.636070000000018,55.02870515357319,1.1429661537914728,27.0,495.88403
2020-08-28 06:00:00,24.168900000000008,50.44943800424134,1.9855458695823902,24.0,666.93115
2020-08-28 07:00:00,25.543000000000006,45.94324263742309,2.496042166176918,24.0,817.3257
2020-08-28 08:00:00,26.535180000000025,42.27753672053839,2.7955389601946616,18.0,937.2229
2020-08-28 09:00:00,27.26913000000002,39.28230145908436,2.836800563802133,18.0,1032.1584
2020-08-28 10:00:00,27.751860000000022,36.9328476301221,2.7994597784572526,18.0,1090.4626
2020-08-28 11:00:00,27.903130000000033,35.61753923112365,2.5434313102905395,18.0,1072.2527
2020-08-28 12:00:00,27.624960000000044,36.3437291638063,2.0605653626876412,21.0,973.4785
2020-08-28 13:00:00,26.60775000000001,43.524919367194286,1.4176773870198431,28.0,173.75458
2020-08-28 14:00:00,25.238980000000026,46.798232910789636,1.3526692682840449,48.0,31.864227
2020-08-28 15:00:00,23.87856000000005,50.24312814590142,0.618662702536859,48.0,15.498345
2020-08-28 16:00:00,22.082100000000025,56.22737279026497,1.0223770971336554,45.0,18.590164
2020-08-28 17:00:00,19.434780000000046,67.48464936304849,1.6684584503474522,44.0,19.162313
2020-08-28 18:00:00,18.164500000000032,72.86276746656266,2.0537204040979975,44.0,17.395876
2020-08-28 19:00:00,17.298730000000035,76.12603223308608,2.1851044852428427,43.0,17.025646
2020-08-28 20:00:00,16.697960000000023,78.83753755945894,2.236702379699097,37.0,16.7975
2020-08-28 21:00:00,16.17443000000003,81.06525798198106,2.25486080866883,37.0,16.824928
2020-08-28 22:00:00,15.75027,82.47974806985604,2.2685965860835107,23.0,20.877136
2020-08-28 23:00:00,15.360740000000021,83.33173651443288,2.2272256547632936,29.0,28.545845
2020-08-29 00:00:00,15.04770000000002,83.50042295606478,2.1847830987264,29.0,29.132042
2020-08-29 01:00:00,14.761680000000013,83.95761634129438,2.1281632201161793,33.0,23.531837
2020-08-29 02:00:00,16.002470000000017,83.84738747054108,1.5482887957201814,45.0,28.660698
2020-08-29 03:00:00,20.603400000000022,69.73579555481874,0.8881504301455501,54.0,86.10155
2020-08-29 04:00:00,23.33193,54.02483196020901,0.9302247312311257,54.0,241.5728
2020-08-29 05:00:00,25.108540000000005,47.47121105743798,1.143658103142942,43.0,401.85913
2020-08-29 06:00:00,26.601770000000045,41.61318312983959,1.5072782953339074,37.0,588.5842
2020-08-29 07:00:00,27.87124,38.47640699293957,1.9753314615438768,31.0,777.0962
2020-08-29 08:00:00,28.74807000000004,35.09313851594361,2.3358524216198795,31.0,939.4407
2020-08-29 09:00:00,29.35170000000005,33.2233031170912,2.6600119030788,24.0,1076.665
2020-08-29 10:00:00,29.590450000000033,32.242737345503706,2.681447055383272,29.0,1202.367
2020-08-29 11:00:00,29.524680000000046,31.803666881938923,2.4317862965388324,30.0,1209.667
2020-08-29 12:00:00,29.118550000000027,33.95125487721543,1.8967611928651458,40.0,1111.9543
2020-08-29 13:00:00,27.968530000000044,41.31823244397715,1.6228824268400301,40.0,100.4758
2020-08-29 14:00:00,26.321560000000034,44.82003559027824,1.865095330211553,35.0,43.867905
2020-08-29 15:00:00,24.14318000000003,51.76412889556681,1.5859391656170325,42.0,35.60595
2020-08-29 16:00:00,22.188300000000027,60.039601110055045,1.523990112120656,38.0,32.65503
2020-08-29 17:00:00,21.127040000000022,62.71562775058601,1.4982185547056912,45.0,26.221893
2020-08-29 18:00:00,19.46640000000002,68.35883317887907,2.04220128964319,45.0,26.825516
2020-08-29 19:00:00,18.830960000000005,69.02967412687968,2.372887727588195,38.0,25.269745
2020-08-29 20:00:00,17.964560000000006,72.37104947265142,2.268632404148034,46.0,19.89661
2020-08-29 21:00:00,17.37655000000001,74.6885896881203,2.205904298567974,43.0,17.01033
2020-08-29 22:00:00,16.879170000000045,76.46837205878506,2.1813662261201814,43.0,12.225648
2020-08-29 23:00:00,16.462120000000027,77.7339223712835,2.2174487130882166,39.0,12.740355
2020-08-30 00:00:00,16.070280000000025,78.72247767719786,2.2567393152673203,39.0,15.190854
2020-08-30 01:00:00,15.840000000000032,79.17843513756716,2.2558909303575208,28.0,18.09616
2020-08-30 02:00:00,17.187280000000044,78.07247111035664,1.7427945983915574,35.0,22.68626
2020-08-30 03:00:00,21.633700000000033,69.1976645469103,1.1268019974349186,33.0,57.14659
2020-08-30 04:00:00,25.926540000000045,46.515098911504545,0.9881799599049127,21.0,182.54724
2020-08-30 05:00:00,27.711000000000013,38.538712475395975,1.0579078184140869,23.0,495.24194
2020-08-30 06:00:00,28.94332000000003,36.00168865412408,1.2171316165406856,23.0,837.907
2020-08-30 07:00:00,29.982970000000023,32.9232090892629,1.282658345164635,23.0,1156.2278
2020-08-30 08:00:00,30.643100000000004,31.1682610099923,1.3708668892539786,23.0,1527.0901
2020-08-30 09:00:00,30.97950000000003,29.72679604254496,1.3183172611602887,23.0,1908.8765
2020-08-30 10:00:00,31.020440000000008,28.716587531682073,1.2639001894745667,26.0,1674.7048
2020-08-30 11:00:00,30.785150000000044,28.562485516687932,1.2843234081885957,26.0,1324.2825
2020-08-30 12:00:00,30.315150000000017,29.89577810550581,1.3295656886060998,25.0,592.2473
2020-08-30 13:00:00,28.873199999999997,37.774324213714465,0.9485220073733124,44.0,41.132263
2020-08-30 14:00:00,27.449850000000026,51.40107204285113,0.5233718394215845,44.0,23.94246
2020-08-30 15:00:00,26.63217000000003,41.38217101919569,0.570785429367514,55.0,23.997284
2020-08-30 16:00:00,23.10916000000003,53.46343984436799,1.8429379816127822,33.0,27.833324
2020-08-30 17:00:00,21.83438000000001,55.838924637443675,2.4995054687267046,41.0,28.386776
2020-08-30 18:00:00,20.54644000000002,60.28983569574404,2.428247990556103,40.0,29.39532
2020-08-30 19:00:00,19.14834000000002,60.72957293035066,2.174733066160868,45.0,28.454346
2020-08-30 20:00:00,18.418240000000026,63.02287684128766,2.030464367370058,45.0,26.112007
2020-08-30 21:00:00,17.781270000000006,64.99282282660033,2.0360067069096806,34.0,20.033176
2020-08-30 22:00:00,17.28463000000005,66.33666901525379,2.18874827848464,36.0,12.048
2020-08-30 23:00:00,16.75970000000001,67.82829575945544,2.322981535131714,27.0,14.715667
2020-08-31 00:00:00,16.314900000000023,69.33612274821814,2.310677861554034,27.0,18.845875
2020-08-31 01:00:00,16.01165000000003,70.44711079758783,2.2786117348007404,22.0,22.083
2020-08-31 02:00:00,17.340700000000027,70.4219402122578,1.7284291966998673,22.0,23.512085
2020-08-31 03:00:00,21.597500000000025,64.01414501548399,0.9333531825674191,31.0,45.464188
2020-08-31 04:00:00,26.056700000000035,42.88204877700414,0.3820980940356522,38.0,126.11513
2020-08-31 05:00:00,27.37620000000004,34.46579935998512,1.0219491055335406,63.0,245.9568
2020-08-31 06:00:00,28.724080000000015,32.42671824901415,1.3965600845197503,63.0,355.11816
2020-08-31 07:00:00,28.21395000000001,35.934441334264314,1.7151264616112394,39.0,608.10034
2020-08-31 08:00:00,29.132840000000044,32.641989511825784,2.8674232858401982,23.0,1285.3259
2020-08-31 09:00:00,29.63644000000005,29.99638444536579,1.7373071923578656,21.0,1018.7002
2020-08-31 10:00:00,28.97610000000003,32.74212759536769,2.45184128037063,18.0,599.0032
2020-08-31 11:00:00,27.433070000000043,38.69141266318723,1.9768546994483585,17.0,498.61157
2020-08-31 12:00:00,27.46040000000005,38.50827067341532,0.6186805196518304,21.0,443.40503
2020-08-31 13:00:00,26.961569999999995,42.670670983322346,0.8306135756900451,23.0,176.20403
2020-08-31 14:00:00,25.52126000000004,47.254955538743594,1.6451866374391622,21.0,87.4532
2020-08-31 15:00:00,23.55343000000005,52.21901954914663,2.3138545335930334,21.0,79.36069
2020-08-31 16:00:00,21.873800000000017,56.68096004313629,2.4692294196019215,40.0,66.765015
2020-08-31 17:00:00,20.314840000000004,61.104601015268805,2.509727757378497,21.0,53.52742
2020-08-31 18:00:00,19.176000000000045,64.3557430035018,2.4946088297979223,19.0,47.10582
2020-08-31 19:00:00,18.89730000000003,59.67754373135494,2.404526593423006,21.0,38.119797
2020-08-31 20:00:00,18.154020000000003,63.10127848762149,2.3957175279458642,21.0,31.686024
2020-08-31 21:00:00,17.70535000000001,66.1365914468281,2.4099099217758453,17.0,29.554157
2020-08-31 22:00:00,17.17360000000002,68.3379358094778,2.412510566994349,17.0,27.847748
2020-09-01 00:00:00,16.720360000000028,70.06392476563845,2.2633450043780203,20.0,23.879154
2020-09-01 01:00:00,16.493130000000008,71.8051841632825,2.181093441401418,17.0,28.867435
2020-09-01 02:00:00,17.36877000000004,72.96916602592854,1.8032674440530139,20.0,37.72158
2020-09-01 03:00:00,20.733600000000024,65.35166869806349,1.4610234208940451,22.0,84.616135
2020-09-01 04:00:00,24.20544000000001,50.990624735472316,1.390940781273901,22.0,205.49095
2020-09-01 05:00:00,26.52197000000001,37.81335128669204,1.6821658551926946,32.0,434.36108
2020-09-01 06:00:00,27.796260000000018,31.20890118081344,1.563826359522901,32.0,853.02637
2020-09-01 07:00:00,29.52932000000004,26.78607459789746,1.2130484863990614,20.0,1372.386
2020-09-01 08:00:00,30.218380000000025,25.44543252719043,1.6256076550199992,20.0,1733.6365
2020-09-01 09:00:00,30.476770000000045,24.8200026294446,1.7917712218771038,16.0,1923.3005
2020-09-01 10:00:00,30.51174000000003,24.42978399928836,1.7180831798289375,22.0,2350.0444
2020-09-01 11:00:00,30.188379999999995,24.532831054493204,1.528113929520309,18.0,1866.1448
2020-09-01 12:00:00,29.727000000000032,26.564682636843262,1.4137796453416076,24.0,1004.2976
2020-09-01 13:00:00,28.37542000000002,34.35968917754775,1.1387134546307118,37.0,102.58891
2020-09-01 14:00:00,26.90685000000002,37.96046253603212,1.115292888947244,37.0,37.159058
2020-09-01 15:00:00,24.54543000000001,42.19685707862622,1.559917945286328,66.0,28.387955
2020-09-01 16:00:00,22.15798000000001,46.919093470841204,2.0644450727547294,51.0,25.318195
2020-09-01 17:00:00,20.70577000000003,50.010363747426695,2.581498811783883,31.0,24.18275
2020-09-01 18:00:00,19.32534000000004,55.4543117317958,2.5046341253028017,31.0,25.51389
2020-09-01 19:00:00,18.22048000000001,56.59351396583217,2.3604300427848806,22.0,25.859169
2020-09-01 20:00:00,17.742520000000013,58.105579105251344,2.184068783014697,22.0,21.695475
2020-09-01 21:00:00,17.13217000000003,60.691211712907986,2.051579465597532,24.0,14.834663
2020-09-01 22:00:00,16.51547000000005,63.455003514639515,2.0059596530706694,19.0,14.128119
2020-09-01 23:00:00,16.08172000000002,65.6858188073007,2.0582448954014216,19.0,14.610343
2020-09-02 00:00:00,15.608850000000018,67.92828778154067,2.2476869513463273,21.0,15.788619
2020-09-02 01:00:00,15.16882000000004,70.06283596422638,2.3205095304424157,25.0,17.614475
2020-09-02 02:00:00,16.50150000000002,69.56205038093889,1.7837571098282872,23.0,20.81184
2020-09-02 03:00:00,21.033230000000003,60.240746944295346,1.136763593495118,23.0,44.86177
2020-09-02 04:00:00,25.001340000000027,42.444378776866145,0.8609942591587502,29.0,132.79305
2020-09-02 05:00:00,26.896500000000003,33.04606899312726,1.6014714090344322,29.0,338.40918
2020-09-02 06:00:00,28.222920000000045,29.677869077640494,2.5421365394417923,22.0,539.9336
2020-09-02 07:00:00,29.753700000000038,27.874276128296167,3.1261087601842745,20.0,745.39185
2020-09-02 08:00:00,29.984200000000044,26.083525571866808,3.281119333319879,22.0,965.49
2020-09-02 09:00:00,29.698270000000036,26.864401521599564,3.7718511207137286,18.0,1362.8494
2020-09-02 10:00:00,29.030100000000004,28.935718497195964,4.02166907297738,18.0,982.79443
2020-09-02 11:00:00,28.459000000000003,30.56921201821808,2.910783538229698,24.0,1073.0796
2020-09-02 12:00:00,28.074730000000045,32.87636666738915,1.4416382897480389,24.0,685.3655
2020-09-02 13:00:00,26.785180000000025,40.67798093461544,0.2345818674792462,39.0,171.15334
2020-09-02 14:00:00,25.255700000000047,45.35984737528995,1.3680491459174193,39.0,53.13208
2020-09-02 15:00:00,23.70297000000005,48.67856953391751,2.375331647003222,32.0,34.685986
2020-09-02 16:00:00,22.264700000000005,51.918123118131945,2.673131260201603,32.0,39.918022
2020-09-02 17:00:00,21.856899999999996,51.321245536076866,2.5910637151372913,27.0,63.85762
2020-09-02 18:00:00,20.85208,54.16800377047324,2.3243383124741714,24.0,88.0901
2020-09-02 19:00:00,21.088400000000036,46.70722184009562,2.0676533684764715,21.0,67.757355
2020-09-02 20:00:00,19.695520000000045,53.49455249041861,1.4601585844606606,21.0,45.19635
2020-09-02 21:00:00,18.264250000000004,59.51594657621846,1.555744006369365,26.0,35.360718
2020-09-02 22:00:00,17.532370000000014,62.11115587494555,2.20146330094675,26.0,20.153301
2020-09-02 23:00:00,16.769040000000018,65.95886025860052,2.4385920062854853,19.0,20.968489
2020-09-03 00:00:00,16.37856000000005,67.48159824744168,2.5259823842761784,19.0,27.2057
2020-09-03 01:00:00,15.94467000000003,68.82534374292632,2.57529456620765,17.0,30.466553
2020-09-03 02:00:00,17.301930000000027,66.22682684833713,2.141427552678522,22.0,35.895676
2020-09-03 03:00:00,21.95010000000002,53.249303219799955,1.6470590900067732,22.0,70.59122
2020-09-03 04:00:00,25.807029999999997,39.35516742971421,1.6994475477479145,26.0,171.80107
2020-09-03 05:00:00,27.913170000000036,30.383631457882977,2.40533477030228,26.0,660.9966
2020-09-03 06:00:00,29.158749999999998,27.12090020432698,2.6401346527242913,20.0,1148.1721
2020-09-03 07:00:00,29.82668000000001,26.201565126510978,2.268380837910665,20.0,2065.2417
2020-09-03 08:00:00,30.142719999999997,25.15129317124026,2.0698355355740223,23.0,2401.875
2020-09-03 09:00:00,30.60208,23.801306574457936,2.044759513607908,23.0,3043.463
2020-09-03 10:00:00,30.73037000000005,21.685626578912423,2.3083847234776314,15.0,3201.2432
2020-09-03 11:00:00,30.391800000000046,20.569510281162003,2.667864323184987,21.0,2897.9507
2020-09-03 12:00:00,29.035150000000044,25.37247468476021,2.2452037328353636,27.0,1196.5791
2020-09-03 13:00:00,27.711450000000013,31.38637119198529,2.4163708444428993,35.0,158.45139
2020-09-03 14:00:00,25.47103000000004,34.51125588906584,2.8302887115644193,39.0,114.59288
2020-09-03 15:00:00,23.787620000000004,34.99404709341544,3.0770900873045446,39.0,134.94081
2020-09-03 16:00:00,22.709069999999997,34.42870082333609,3.1473723410929635,41.0,127.99834
2020-09-03 17:00:00,21.71646000000004,35.164287272128725,3.024873285966983,33.0,105.56673
2020-09-03 18:00:00,20.34396000000004,38.823389141632255,2.7603769308583206,22.0,79.46358
2020-09-03 19:00:00,19.867940000000033,37.042213570262945,2.4713424842631277,22.0,57.283127
2020-09-03 20:00:00,19.11318,40.709917704839604,2.28221939088073,17.0,45.47557
2020-09-03 21:00:00,18.462730000000022,44.09735026761286,2.260795380114815,20.0,35.38417
2020-09-03 22:00:00,17.469300000000032,48.64774131806837,2.4797939347461013,20.0,28.66333
2020-09-03 23:00:00,16.64443,52.25984172724104,2.565268010290314,17.0,27.625282
2020-09-05 00:00:00,15.573329999999999,63.642810785221116,2.4707524094614484,21.0,25.340155
2020-09-05 01:00:00,15.39187000000004,63.16969495445363,2.499316487218928,21.0,24.641928
2020-09-05 02:00:00,16.595200000000034,62.00887501241167,1.9848941457008697,21.0,28.152014
2020-09-05 03:00:00,21.28298000000001,53.04220576903927,1.2030635511376846,29.0,70.92087
2020-09-05 04:00:00,25.2568,38.024531984957804,1.0014713572489626,29.0,258.015
2020-09-05 05:00:00,27.19717000000003,31.813468189411918,1.620972077949679,38.0,520.2622
2020-09-05 06:00:00,28.47335000000004,30.0322352677301,1.8461118355518253,42.0,785.3965
2020-09-05 07:00:00,29.918660000000045,27.830141392950612,2.388376768157313,32.0,1122.5178
2020-09-05 08:00:00,30.388329999999996,26.892186322177324,2.4187759050993645,25.0,1674.7429
2020-09-05 09:00:00,30.783200000000022,25.521374066452182,2.357757489047923,20.0,2228.1406
2020-09-05 10:00:00,30.76156000000003,24.581771904307633,2.1918482348641657,18.0,2490.8416
2020-09-05 11:00:00,30.719930000000033,23.56275041549697,1.993241303302563,24.0,2369.8528
2020-09-05 12:00:00,30.214200000000005,24.681284623981714,1.6336394122820648,24.0,2077.7053
2020-09-05 13:00:00,29.129850000000033,29.903894167616315,1.211102354866033,33.0,75.15744
2020-09-05 14:00:00,27.505179999999996,32.11759977787666,1.1042931493016757,33.0,22.014954
2020-09-05 15:00:00,25.420370000000048,35.56731782549602,0.890817857804176,29.0,21.805588
2020-09-05 16:00:00,22.849019999999996,39.10409429375333,1.3830770225691034,29.0,35.728546
2020-09-05 17:00:00,20.914150000000006,41.77419749759743,1.6953508591049966,26.0,43.85289
2020-09-05 18:00:00,19.643550000000005,43.715396192884555,1.649300741367638,26.0,46.004547
2020-09-05 19:00:00,18.119100000000003,46.125091336033336,1.6841868079014573,26.0,52.437057
2020-09-05 20:00:00,17.234640000000013,47.2116465115954,1.5119088602127906,22.0,53.76425
2020-09-05 21:00:00,16.51986000000005,48.24780020571188,1.4154413747675527,25.0,47.395687
2020-09-05 22:00:00,16.180440000000033,48.87460392245465,1.3064499596858052,16.0,51.074654
2020-09-05 23:00:00,16.436500000000024,47.484227670262484,1.1454896445487317,16.0,45.460392
2020-09-06 00:00:00,17.777800000000013,42.19052776193434,0.7053277029133869,22.0,36.314316
2020-09-06 01:00:00,17.792930000000013,41.85113457022364,0.7593789665122429,22.0,34.20703
2020-09-06 02:00:00,16.225850000000037,55.66897130395021,1.2511340063840175,31.0,48.664566
2020-09-06 03:00:00,19.202140000000043,41.56293221452082,1.2791942262407663,15.0,156.7431
2020-09-06 04:00:00,21.10345000000001,32.1054254254975,1.6144184546175908,15.0,320.66602
2020-09-06 05:00:00,22.746849999999995,27.680391591788762,1.989748358791206,19.0,551.1035
2020-09-06 06:00:00,24.18484000000001,23.907795921539478,2.4391980847757586,10.0,850.1372
2020-09-06 07:00:00,25.595240000000047,20.616130145398905,2.983664347722522,20.0,1121.4497
2020-09-06 08:00:00,26.215329999999994,18.894237419944247,3.295155864502353,11.0,1333.0967
2020-09-06 09:00:00,26.539540000000045,17.857140500837097,3.430895392372598,12.0,1494.1609
2020-09-06 10:00:00,26.43783000000002,17.029577872822788,3.348762101798845,12.0,1569.2725
2020-09-06 11:00:00,26.124540000000025,16.070272173425902,3.192128107148615,14.0,1561.5625
2020-09-06 12:00:00,25.51302000000004,15.264119661862399,3.1801046848378136,15.0,1493.1375
2020-09-06 13:00:00,24.029020000000003,17.927564523466277,2.7680924326932472,16.0,455.28418
2020-09-06 14:00:00,22.003800000000012,18.258363631421307,2.635761914743517,27.0,211.90533
2020-09-06 15:00:00,20.538720000000012,18.10943564734321,2.571320881774651,23.0,210.07848
2020-09-06 16:00:00,19.20043000000004,18.71870331583004,2.465245826913466,17.0,225.99652
2020-09-06 17:00:00,17.43652000000003,22.45968455215951,1.7816647481950694,22.0,180.48256
2020-09-06 18:00:00,17.46780000000001,23.120804693580162,0.9049132101998304,18.0,128.66595
2020-09-06 19:00:00,16.30435,25.425336547519397,0.9792586840667843,14.0,76.754456
2020-09-06 20:00:00,14.118800000000022,33.09383534430486,1.3699088013369065,19.0,46.246735
2020-09-06 21:00:00,12.574730000000045,39.86565272746137,1.649488490256822,18.0,32.73935
2020-09-06 22:00:00,11.365499999999997,46.20488971337525,1.7474760553450372,24.0,27.28592
2020-09-06 23:00:00,10.438000000000045,51.75985246656696,1.6580262152656167,24.0,18.726786
2020-09-07 00:00:00,9.758500000000026,55.91707467619978,1.5783054394816336,28.0,16.74852
2020-09-07 01:00:00,9.384800000000041,61.000840328836894,1.5048431496651815,28.0,18.773624
2020-09-07 02:00:00,10.738980000000026,62.45843453516829,1.0887557263549175,28.0,26.6025
2020-09-07 03:00:00,15.365139999999997,46.05330699220326,0.24196275146528895,26.0,94.96887
2020-09-07 04:00:00,18.28340000000003,32.5783949136542,0.9327189515047118,29.0,283.19067
2020-09-07 05:00:00,20.423900000000003,28.494416282164597,1.6234582100950197,29.0,497.60522
2020-09-07 06:00:00,22.204600000000028,25.252790163500926,2.176751939180432,30.0,791.7141
2020-09-07 07:00:00,23.807950000000005,23.460660914852667,2.214774541038455,18.0,1104.9299
2020-09-07 08:00:00,24.95455000000004,20.31198660310479,2.386476006738859,18.0,1295.802
2020-09-07 09:00:00,25.71470000000005,18.108661143846486,2.4499487534658027,14.0,1432.0359
2020-09-07 10:00:00,26.095540000000028,16.638736282377213,2.5210987861026255,15.0,1460.6934
2020-09-07 11:00:00,26.06155000000001,15.922001577853617,2.5518221321529015,15.0,1512.1143
2020-09-07 12:00:00,25.482320000000016,16.45025157139992,2.472415795374769,21.0,1373.5884
2020-09-07 13:00:00,23.898650000000032,20.94794968636845,2.2061469860753387,21.0,207.27034
2020-09-07 14:00:00,21.97335000000004,21.665691754120946,2.382087643040006,60.0,64.58678
2020-09-07 15:00:00,20.126430000000028,23.46903129117777,2.1358297281638525,60.0,36.41225
2020-09-07 16:00:00,18.156060000000025,28.37960477688151,1.7805906525241026,60.0,34.03421
2020-09-07 17:00:00,16.06832000000003,35.69795101267725,1.6947198464874749,51.0,26.215912
2020-09-07 18:00:00,14.483900000000006,41.77161147970355,1.789294476815362,51.0,21.11161
2020-09-07 19:00:00,13.470730000000003,48.55682736008034,2.152923823933666,42.0,17.257801
2020-09-07 20:00:00,12.58907000000005,53.33732853516823,2.1549040325865496,40.0,15.898385
2020-09-07 21:00:00,11.893060000000048,56.83502818876841,2.079166788919066,40.0,15.328913
2020-09-07 22:00:00,11.323630000000037,59.25374613588456,2.070585655543937,39.0,13.530299
2020-09-07 23:00:00,10.818500000000029,61.05900717275,2.0602336247662034,32.0,12.425425
2020-09-08 00:00:00,10.359280000000012,62.21403757968561,2.0747031944902283,32.0,12.150884
2020-09-08 01:00:00,9.999050000000011,63.52067192273106,2.1231814782569405,38.0,12.524124
2020-09-08 02:00:00,10.907500000000027,66.03340726480252,1.6591187865881654,36.0,14.480036
2020-09-08 03:00:00,16.180139999999994,54.06350145232024,0.7963359047576584,44.0,67.382034
2020-09-08 04:00:00,20.059960000000046,33.02979600079803,0.9411115176710633,44.0,235.73354
2020-09-08 05:00:00,22.099940000000004,28.697220820306452,1.2616051312660848,28.0,415.9143
2020-09-08 06:00:00,23.759270000000015,24.546189666553783,1.6700897928143923,28.0,655.80176
2020-09-08 07:00:00,25.119799999999998,22.110707295565224,1.8992662548125667,24.0,905.23315
2020-09-08 08:00:00,26.042700000000025,19.91189163676051,2.0870083898691854,24.0,1086.1787
2020-09-08 09:00:00,26.689540000000022,18.547987505301084,2.2073204934735595,21.0,1220.2798
2020-09-08 10:00:00,26.861720000000048,17.879923116633204,2.1846629803493487,20.0,1252.8335
2020-09-08 11:00:00,26.732700000000023,17.39241042205071,2.138986838228522,29.0,1217.1133
2020-09-08 12:00:00,26.23788000000002,17.778226794988722,2.0038208293337254,42.0,1093.2461
2020-09-08 13:00:00,24.928740000000005,22.229265490866705,1.6960438473397779,49.0,126.36044
2020-09-08 14:00:00,23.287130000000047,23.161921466668353,1.6067707857184992,49.0,52.127777
2020-09-08 15:00:00,21.38100000000003,26.87494973686932,0.9059330953969973,38.0,37.0918
2020-09-08 16:00:00,21.060140000000047,24.87014370625505,0.2094736187542479,38.0,35.509247
2020-09-08 17:00:00,19.998350000000016,27.43766353884358,0.7023347527300176,58.0,30.770233
2020-09-08 18:00:00,17.482140000000015,34.17466317282285,1.419488933673181,58.0,20.247972
2020-09-08 19:00:00,14.901200000000017,43.7748231304476,2.361037574630644,47.0,17.359768
2020-09-08 20:00:00,13.83280000000002,48.59693644763163,2.521165387724083,46.0,18.568068
2020-09-08 21:00:00,12.903160000000014,53.53613868052544,2.520982348951021,46.0,18.48839
2020-09-08 22:00:00,12.149620000000027,57.77054804491517,2.3923808373330524,47.0,19.446941
2020-09-08 23:00:00,11.60650000000004,60.896706576620794,2.2784772225777727,38.0,19.53928
2020-09-09 00:00:00,11.17147,63.06284279730403,2.191751638401367,34.0,18.8581
2020-09-09 01:00:00,10.828030000000012,64.71403019892352,2.174091468142908,48.0,16.462982
2020-09-09 02:00:00,11.738980000000026,65.20059287269626,1.7564252086085443,48.0,15.925904
2020-09-09 03:00:00,16.70254,56.28107116329012,0.9157884829371571,50.0,55.05551
2020-09-09 04:00:00,21.063559999999995,35.091065884079676,0.8392183239082085,50.0,205.95557
2020-09-09 05:00:00,23.31692000000004,28.10905977532789,1.202309596164071,36.0,395.53516
2020-09-09 06:00:00,25.075500000000034,23.85207130301317,1.50432507925935,36.0,634.3635
2020-09-09 07:00:00,26.55444,21.389034310420403,1.6609431258951004,33.0,920.9087
2020-09-09 08:00:00,27.491000000000042,19.150093026713094,1.7482291381873059,22.0,1090.0049
2020-09-09 09:00:00,28.119600000000048,17.412577070478378,1.8423250838738432,24.0,1220.8044
2020-09-09 10:00:00,28.288700000000006,16.272246982909518,1.9828970994233992,24.0,1296.8
2020-09-09 11:00:00,28.205039999999997,15.625017127574468,2.0321295731145614,26.0,1272.6038
2020-09-09 12:00:00,27.596580000000017,17.387615929208952,1.6663699523806779,26.0,1108.1538
2020-09-09 13:00:00,26.406240000000025,21.790788771677548,1.5460148013271113,60.0,101.41675
2020-09-09 14:00:00,24.542140000000018,23.701763229538475,1.3152817688441516,49.0,42.21598
2020-09-09 15:00:00,23.21010000000001,24.8910846937459,0.6283714787008958,49.0,29.630638
2020-09-09 16:00:00,22.168100000000038,26.689288737177854,0.5772807366352524,81.0,25.718826
2020-09-09 17:00:00,20.361800000000017,31.04362740604382,1.18281481210453,81.0,22.172485
2020-09-09 18:00:00,16.89703000000003,40.012562338821304,1.9158193782429362,58.0,21.071243
2020-09-09 19:00:00,15.523340000000019,42.937262249560916,2.5663478322903455,58.0,19.870209
2020-09-09 20:00:00,14.478600000000029,46.478764284401684,2.5707178828832267,48.0,18.505005
2020-09-09 21:00:00,13.728940000000023,49.29834104167703,2.491858831119067,48.0,17.115767
2020-09-09 22:00:00,13.099400000000003,51.621661294027945,2.4150025101274752,42.0,14.4373
2020-09-09 23:00:00,12.694900000000018,53.106815448856565,2.351197545446926,37.0,14.081887
2020-09-10 00:00:00,12.161159999999995,54.78936525356669,2.381687389322492,37.0,14.470681
2020-09-10 01:00:00,11.783100000000047,55.95617086660667,2.3962115252778524,35.0,15.401701
2020-09-10 02:00:00,12.630580000000009,56.72909603513026,2.005604446388796,37.0,17.469234
2020-09-10 03:00:00,17.494169999999997,51.51520718209311,1.1803306166738927,50.0,43.684586
2020-09-10 04:00:00,22.905700000000024,31.562735017843746,0.7603164360790644,50.0,180.08363
2020-09-10 05:00:00,25.302580000000034,22.821932537291314,0.9518692756827366,47.0,446.6023
2020-09-10 06:00:00,26.854060000000004,20.175339605437873,1.4036640632286932,52.0,827.4177
2020-09-10 07:00:00,28.034230000000036,18.993644267599446,1.7846285826010295,26.0,1208.7302
2020-09-10 08:00:00,28.74580000000003,17.631834583376534,1.7461625845781141,29.0,1514.1292
2020-09-10 09:00:00,29.127800000000036,17.164110067104748,1.6476627302115339,24.0,1698.1775
2020-09-10 10:00:00,29.229060000000004,17.297342540442006,1.5177049032378886,23.0,1758.2197
2020-09-10 11:00:00,29.022550000000024,17.559146882572318,1.3810364661498415,22.0,1681.4133
2020-09-10 12:00:00,28.452840000000037,19.158052440908495,1.2220578997101215,22.0,1516.0247
2020-09-10 13:00:00,27.34808000000004,23.798180755605888,1.1719923510756143,38.0,65.372604
2020-09-10 14:00:00,25.480500000000006,27.402739040953104,0.811058397044764,59.0,25.952148
2020-09-10 15:00:00,24.57833000000005,26.728632605366215,0.30085157082955377,64.0,14.959233
2020-09-10 16:00:00,21.831260000000043,32.64201465458184,1.2718442686373133,65.0,16.102203
2020-09-10 17:00:00,18.921350000000018,39.80888727200162,2.0210862202505884,65.0,21.56708
2020-09-10 18:00:00,17.662530000000004,43.39824328972429,2.5804838069581235,55.0,23.511032
2020-09-10 19:00:00,16.85354000000001,46.98568356842261,2.4291950433953438,55.0,19.53265
2020-09-10 20:00:00,15.798240000000021,51.249676877380175,2.3375613016670407,44.0,17.633286
2020-09-10 21:00:00,14.948630000000037,54.53195903169216,2.324339276179106,37.0,17.071766
2020-09-10 22:00:00,14.278560000000027,56.968249763051595,2.351014462231894,32.0,14.855871
2020-09-10 23:00:00,13.889700000000005,58.246562982234344,2.39037138869178,34.0,14.882407
2020-09-11 00:00:00,13.552270000000021,59.294030090669295,2.35733265513142,33.0,15.36089
2020-09-11 01:00:00,13.245660000000044,60.26358601382474,2.311038383131741,36.0,14.526475
2020-09-11 02:00:00,14.214750000000038,59.89867816150643,1.7856043714934757,42.0,14.113383
2020-09-11 03:00:00,18.816700000000026,53.822569110064876,0.9073262491970878,39.0,34.33461
2020-09-11 04:00:00,23.43950000000001,35.36759656124793,0.4683847668023166,38.0,141.60367
2020-09-11 05:00:00,25.328580000000045,27.54118238840835,1.0019275356176414,28.0,392.542
2020-09-11 06:00:00,26.738550000000032,25.142154459026514,1.3521528329874624,28.0,679.7102
2020-09-11 07:00:00,28.55215000000004,21.737043194556172,1.7782153629681896,25.0,1060.6077
2020-09-11 08:00:00,29.266230000000007,20.487466588337686,2.0478968794511307,29.0,1543.1343
2020-09-11 09:00:00,29.626860000000022,19.972642990139963,2.097066937412416,27.0,1855.792
2020-09-11 10:00:00,29.722000000000037,19.9162864684229,2.0787792169072334,27.0,2225.8347
2020-09-11 11:00:00,29.47470000000004,20.388600391331103,2.116876634101691,28.0,2048.48
2020-09-11 12:00:00,28.87432000000001,22.08398147335226,2.0295775584904363,34.0,1785.1782
2020-09-11 13:00:00,27.40975000000003,27.002932208573693,1.7825462526030174,41.0,185.89812
2020-09-11 14:00:00,25.642420000000016,29.606296597255767,1.4351275240957773,49.0,53.81923
2020-09-11 15:00:00,23.51486,35.284289207664926,1.2006782499309476,51.0,22.392456
2020-09-11 16:00:00,21.148950000000013,40.20797129746191,1.8220029213447986,56.0,21.400116
2020-09-11 17:00:00,19.421400000000006,44.68937414690574,2.154823279367496,48.0,29.988144
2020-09-11 18:00:00,17.992819999999995,48.94547492132982,2.088212566761866,51.0,37.8647
2020-09-11 19:00:00,17.067530000000033,49.747772212452794,1.8362684218679823,51.0,40.438614
2020-09-11 20:00:00,16.41604000000001,51.12240764414807,1.9999080022776872,47.0,39.727585
2020-09-11 21:00:00,16.147000000000048,50.8422079981941,2.2781724457069905,44.0,42.44951
2020-09-11 22:00:00,15.685600000000022,51.84109791590396,2.2133669304165293,45.0,57.600784
2020-09-11 23:00:00,15.854759999999999,51.43142342184538,1.5710621509910154,42.0,52.490784
2020-09-12 00:00:00,17.133080000000007,46.28426354657104,1.1699766335217792,54.0,51.499786
2020-09-12 01:00:00,17.404899999999998,44.63001312845809,0.5952930357723493,54.0,55.731155
2020-09-12 02:00:00,17.138149999999996,45.62102951758165,0.31661731454298264,52.0,68.815475
2020-09-12 03:00:00,18.47732000000002,44.73180106040031,0.7486561047602276,27.0,177.61137
2020-09-12 04:00:00,20.569420000000036,38.3706440759192,1.5437222311130945,19.0,368.30005
2020-09-12 05:00:00,22.165340000000015,34.367917161896116,2.469955479313819,19.0,712.6194
2020-09-12 06:00:00,23.311059999999998,31.38124156049259,2.891480605937949,17.0,1055.0122
2020-09-12 07:00:00,24.434230000000014,28.225458895230744,2.2599922167586075,17.0,1418.9182
2020-09-12 08:00:00,25.214800000000025,26.833128470644976,2.238017895865618,13.0,1655.8359
2020-09-12 09:00:00,25.610250000000008,25.228583488032275,2.258884531315072,15.0,1753.3774
2020-09-12 10:00:00,25.749660000000006,23.132603155079348,2.1083487027083354,15.0,1810.8616
2020-09-12 11:00:00,25.55898000000002,21.536162623878273,2.0099633902941396,16.0,1679.1262
2020-09-12 12:00:00,25.10775000000001,20.88894615839897,2.0772241968885905,17.0,1470.404
2020-09-12 13:00:00,23.87307000000004,23.979868367469045,1.9831530653559877,23.0,204.0918
2020-09-12 14:00:00,22.175400000000025,25.055583352395953,2.307803705479528,24.0,102.778076
2020-09-12 15:00:00,20.475600000000043,26.683322548868038,2.4142104445771353,25.0,74.69864
2020-09-12 16:00:00,18.91360000000003,29.127213713090196,2.3876182059110334,25.0,64.85216
2020-09-12 17:00:00,17.503870000000006,32.45282367694985,2.1693062907576355,29.0,50.710648
2020-09-12 18:00:00,16.0154,37.244905036300615,1.992884086261218,24.0,36.507477
2020-09-12 19:00:00,14.677360000000022,42.4715232793695,2.0632918508466784,23.0,28.72255
2020-09-12 20:00:00,13.47994,47.479101247164955,2.0273181311444857,25.0,25.942808
2020-09-12 21:00:00,12.554250000000025,51.57234731634411,2.0223682886156147,25.0,25.085009
2020-09-12 22:00:00,11.8433,54.643006754677145,2.0236227621450844,18.0,22.075872
2020-09-12 23:00:00,11.275959999999998,56.93026382288529,2.0237266605834443,18.0,25.729061
2020-09-13 00:00:00,10.745940000000019,58.82470334702256,1.9407112846000059,18.0,23.251085
2020-09-13 01:00:00,10.249660000000006,61.03131825708893,1.846989177564693,28.0,17.649958
2020-09-13 02:00:00,10.966330000000028,63.057819207953244,1.5305993675086866,21.0,15.2506275
2020-09-13 03:00:00,16.204499999999996,49.101670237697505,0.9192819027796915,21.0,56.432007
2020-09-13 04:00:00,20.369799999999998,32.26377130767007,1.1610528234366482,29.0,204.89246
2020-09-13 05:00:00,22.638940000000048,27.392644859069186,1.4188305887911568,25.0,413.96313
2020-09-13 06:00:00,24.434660000000008,23.612901831541397,1.5738260519022225,29.0,693.1316
2020-09-13 07:00:00,26.051480000000026,21.790468071168263,1.595125202981998,29.0,924.2739
2020-09-13 08:00:00,27.124960000000044,18.750323485920706,1.861055572970273,26.0,1074.3418
2020-09-13 09:00:00,27.771450000000016,16.63191112102177,2.0861394470060106,19.0,1184.76
2020-09-13 10:00:00,27.990440000000035,15.451262673000056,2.014777295856611,19.0,1256.9297
2020-09-13 11:00:00,27.862630000000024,14.906954048878944,1.8657522229698194,23.0,1188.2012
2020-09-13 12:00:00,27.297050000000013,16.29534278489341,1.535577251797649,33.0,955.67236
2020-09-13 13:00:00,26.150230000000022,20.062623351265202,1.3831239152926393,42.0,79.90074
2020-09-13 14:00:00,24.10644000000002,22.488954961747684,1.2126016798439843,59.0,30.458767
2020-09-13 15:00:00,23.108000000000004,22.8530655682334,0.6048490904467845,74.0,27.283318
2020-09-13 16:00:00,21.935969999999998,25.2649031530541,0.31506164998197606,65.0,28.259338
2020-09-13 17:00:00,20.797020000000032,28.39766560282317,0.9610448085394939,60.0,21.7323
2020-09-13 18:00:00,17.19082000000003,37.34676760656961,1.713488074953298,59.0,15.475697
2020-09-13 19:00:00,15.321439999999996,43.475705036621946,2.2327413524146014,69.0,14.601221
2020-09-13 20:00:00,14.267300000000034,46.49600368053279,2.4145543636389593,45.0,15.0387535
2020-09-13 21:00:00,13.407620000000009,49.60457746024586,2.3749218345300447,45.0,13.957937
2020-09-13 22:00:00,12.744320000000016,52.30836944467755,2.2621919247961735,29.0,14.412299
2020-09-13 23:00:00,12.251800000000003,54.282516218530354,2.2033469332329942,29.0,15.576014
2020-09-14 00:00:00,11.883399999999995,55.58730208452845,2.243565076499356,29.0,16.311289
2020-09-14 01:00:00,11.59480000000002,56.59971824205625,2.3409882391917485,35.0,16.62954
2020-09-14 02:00:00,12.46804000000003,56.280530415703744,2.0274016103343535,35.0,21.070997
2020-09-14 03:00:00,17.189540000000022,48.84190772393688,1.3332896877163032,48.0,62.739334
2020-09-14 04:00:00,22.081960000000038,30.40935831893733,1.4927148272118944,43.0,220.3365
2020-09-14 05:00:00,24.2928,25.44396236444667,2.146686745483954,33.0,472.0254
2020-09-14 06:00:00,25.777120000000025,23.353929354086432,2.4502118388211334,33.0,875.16455
2020-09-14 07:00:00,27.10775000000001,21.445956156133608,2.690265199986702,25.0,1430.4678
2020-09-14 08:00:00,27.837980000000016,19.845867368777522,2.631987538829867,20.0,1738.9084
2020-09-14 09:00:00,28.241000000000042,18.846147711085955,2.4520593324660576,20.0,1937.7041
2020-09-14 10:00:00,28.368520000000046,18.41565515890371,2.4750149785655395,16.0,2121.4744
2020-09-14 11:00:00,28.116480000000024,18.432894844663757,2.5731498040403205,16.0,2139.9844
2020-09-14 12:00:00,27.50063,19.60337832920341,2.3656718825730945,25.0,2077.0251
2020-09-14 13:00:00,25.984640000000013,24.02170053747262,1.8940807732423717,50.0,123.982605
2020-09-14 14:00:00,24.12924000000004,26.405482266410598,1.923794373512941,47.0,42.914597
2020-09-14 15:00:00,22.22738000000004,29.67737550167096,1.8602823625475595,47.0,33.294388
2020-09-14 16:00:00,20.082730000000026,34.76417709815289,1.9057209876833936,40.0,32.37021
2020-09-14 17:00:00,18.28457000000003,39.381902000240785,2.1556214793695228,45.0,33.98282
2020-09-14 18:00:00,16.977750000000015,42.98345255149901,2.309743802849106,48.0,33.94301
2020-09-14 19:00:00,16.177700000000016,44.80867750134223,2.3252529499648853,37.0,34.832596
2020-09-14 20:00:00,15.469840000000033,46.7043140363582,2.3638319022418983,27.0,36.502335
2020-09-14 21:00:00,14.743620000000021,48.92973426265905,2.409625511836337,26.0,38.45616
2020-09-14 22:00:00,13.983000000000004,51.60228568763276,2.413008971502402,24.0,43.21869
2020-09-14 23:00:00,13.348960000000034,54.02844606310512,2.388675808881553,24.0,39.98829
2020-09-15 00:00:00,12.838340000000017,56.13015099049826,2.392350275519023,28.0,36.316753
2020-09-15 01:00:00,12.35372000000001,58.245601875751916,2.3306454393209237,28.0,34.737625
2020-09-15 02:00:00,12.954340000000002,58.63150090368761,1.9284168497475955,28.0,35.918335
2020-09-15 03:00:00,17.442300000000046,51.0810155237674,1.1540488502271442,26.0,78.564804
2020-09-15 04:00:00,22.283299999999997,34.088714826240675,0.9971461050188082,26.0,260.35577
2020-09-15 05:00:00,24.714170000000024,26.56376562016446,1.3724696213575367,23.0,472.14038
2020-09-15 06:00:00,26.43374,23.208139861350073,1.6535076110373668,19.0,1093.1047
2020-09-15 07:00:00,27.707670000000007,21.47795295962978,2.112456494972855,17.0,1963.4348
2020-09-15 08:00:00,28.37130000000002,19.587163654496976,2.030938407795,17.0,2156.8354
2020-09-15 09:00:00,28.67294000000004,18.8119994342418,1.9205679101334427,20.0,2168.6047
2020-09-15 10:00:00,28.765100000000018,18.426387494941352,1.9183825845768228,19.0,2215.988
2020-09-15 11:00:00,28.52290000000005,18.55635687986268,1.9469243129583158,22.0,2061.2026
2020-09-15 12:00:00,27.925130000000024,20.017598520253344,1.862926260459466,36.0,1806.28
2020-09-15 13:00:00,26.475300000000004,24.527173797155243,1.6246652802792396,39.0,40.129242
2020-09-15 14:00:00,24.60772000000003,27.330805124270245,1.2758820235616015,39.0,24.467438
2020-09-15 15:00:00,22.01263,32.57649536663099,1.4433624306197594,43.0,27.610962
2020-09-15 16:00:00,19.659400000000005,36.144820296369474,2.0573947741366605,49.0,30.256454
2020-09-15 17:00:00,18.049900000000036,38.90838146625324,2.510521734603866,29.0,28.270447
2020-09-15 18:00:00,16.457150000000013,42.25313979738096,2.4123299642329523,39.0,22.86959
2020-09-15 19:00:00,15.526499999999999,42.745334208895876,2.4220213656811107,39.0,18.047981
2020-09-15 20:00:00,14.669500000000028,44.56298598882996,2.303527319553669,24.0,14.702611
2020-09-15 21:00:00,14.137100000000032,45.44903181459269,2.253469230471197,24.0,13.170044
2020-09-15 22:00:00,13.75320000000005,45.72188146829245,2.2836037222678325,24.0,12.416337
2020-09-15 23:00:00,13.327600000000018,46.292866338541764,2.355500545951437,27.0,14.818698
2020-09-16 00:00:00,12.874050000000011,47.19653137856068,2.3604671223362743,27.0,20.364447
2020-09-16 01:00:00,12.63590000000005,47.57045554201143,2.2934409340940265,32.0,31.884375
2020-09-16 02:00:00,13.448500000000024,48.04581918504085,1.9175571958253186,32.0,49.67487
2020-09-16 03:00:00,17.811120000000017,45.03172798674935,1.0557713818668792,28.0,100.23654
2020-09-16 04:00:00,22.509600000000034,30.073623619198166,1.2348747011928214,28.0,281.7776
2020-09-16 05:00:00,24.632960000000026,27.066680733381173,1.9118074075229465,23.0,715.52515
2020-09-16 06:00:00,26.226830000000007,24.56304205623345,2.175917789184502,24.0,1431.541
2020-09-16 07:00:00,27.894800000000032,21.44199105204922,3.1027511391830704,21.0,2198.1423
2020-09-16 08:00:00,28.509119999999996,19.403704934294844,3.1832139180913823,10.0,2391.8008
2020-09-16 09:00:00,28.717520000000036,18.824007698477104,3.1799103569604616,17.0,2507.739
2020-09-16 10:00:00,28.641140000000007,18.83580665178466,3.245463573414097,20.0,2588.043
2020-09-16 11:00:00,28.22338000000002,19.260018213391476,3.1691043229042495,22.0,2365.253
2020-09-16 12:00:00,27.368740000000003,21.18077919192039,2.5419843246439267,32.0,2034.509
2020-09-16 13:00:00,25.813000000000045,25.664894228533164,1.7893417231575544,32.0,36.894333
2020-09-16 14:00:00,23.992200000000025,28.482055392131297,1.4948845507351596,56.0,30.824493
2020-09-16 15:00:00,21.80400000000003,34.10193761248356,1.1973061605662974,55.0,27.890533
2020-09-16 16:00:00,21.48696000000001,33.67759726595758,0.778200021504506,55.0,26.007019
2020-09-16 17:00:00,20.747600000000034,35.035237056002494,0.3929260952884464,54.0,34.381516
2020-09-16 18:00:00,20.268950000000018,35.39782788397962,0.2771262888593388,72.0,34.718933
2020-09-16 19:00:00,20.261680000000013,34.525694348642176,0.7581130940385941,78.0,30.456192
2020-09-16 20:00:00,19.520200000000045,36.3379747797618,1.1949553408267668,42.0,29.080917
2020-09-16 21:00:00,16.243980000000022,45.95593538368528,1.9790185256173853,42.0,35.785187
2020-09-16 22:00:00,15.27072000000004,49.819046738434515,2.4935895413696136,35.0,51.836304
2020-09-16 23:00:00,14.933130000000006,51.31390838582714,2.64837066633287,34.0,60.932526
2020-09-17 00:00:00,14.656120000000044,51.892649235421445,2.5468881912520636,34.0,73.93208
2020-09-17 01:00:00,14.095030000000008,54.80743326072183,2.1350391613494355,33.0,78.131546
2020-09-17 02:00:00,14.576200000000028,59.505637836198154,1.71535811799145,37.0,87.52084
2020-09-17 03:00:00,18.17715000000004,47.57616089461176,1.7503684629024399,38.0,226.64702
2020-09-17 04:00:00,19.992580000000032,41.29749304126486,2.2808574253690326,38.0,469.89917
2020-09-17 05:00:00,21.445520000000045,34.04319536222582,2.4332832359452037,9.0,933.4634
2020-09-17 06:00:00,22.63644000000005,29.211079165986988,2.9781048274983473,22.0,1918.1641
2020-09-17 07:00:00,23.48610000000002,28.200473697639772,3.2307181251066477,22.0,2401.7373
2020-09-17 08:00:00,23.778470000000027,27.20767558780204,3.265033057586248,21.0,2527.9133
2020-09-17 09:00:00,24.051900000000046,26.581814084521103,4.084737439751429,46.0,2725.6687
2020-09-17 10:00:00,22.64443,30.28891263775249,4.795004712469747,46.0,2273.8735
2020-09-17 11:00:00,19.705039999999997,39.66333715217634,6.2756287794264765,26.0,764.1792
2020-09-17 12:00:00,16.524200000000008,49.689642610270006,6.693853006047175,26.0,726.8081
2020-09-17 13:00:00,14.023580000000038,60.461203828487974,5.731631499953801,22.0,698.23145
2020-09-17 14:00:00,12.802120000000002,66.75102316010154,4.210019429073533,17.0,668.1841
2020-09-17 15:00:00,12.520600000000002,69.50102395629794,2.5724067243660755,19.0,577.93756
2020-09-17 16:00:00,12.446600000000046,72.03555940319693,0.8622167208538974,19.0,380.8404
2020-09-17 17:00:00,12.08578,76.68631679330291,1.4951739622984654,25.0,129.59978
2020-09-17 18:00:00,11.29797000000002,80.58472704612295,2.0312870363109687,22.0,169.99835
2020-09-17 19:00:00,11.273770000000013,71.78504674752706,1.84659174616683,18.0,195.99263
2020-09-17 20:00:00,10.385250000000042,74.43198197244169,1.2435931918873229,18.0,146.66669
2020-09-17 21:00:00,10.1053,75.08451732860544,0.5941521877893431,17.0,80.56784
2020-09-17 22:00:00,9.942960000000028,75.71071094433805,0.23950734027495388,17.0,34.818573
2020-09-17 23:00:00,9.58322000000004,77.50379259016876,0.21971748015179807,16.0,24.805313
2020-09-18 00:00:00,9.159140000000036,79.33300038100651,0.5902386869043286,16.0,29.87909
2020-09-18 01:00:00,8.399740000000008,82.80084236072203,0.9106640549982153,17.0,44.41992
2020-09-18 02:00:00,8.766840000000002,82.63050423488018,0.9035264568444206,17.0,77.929474
2020-09-18 03:00:00,11.273300000000006,68.00495421148815,1.2011713497622736,17.0,220.43965
2020-09-18 04:00:00,13.104700000000037,57.515492618109,1.861934398010977,21.0,442.38745
2020-09-18 05:00:00,14.847440000000006,47.127351047481795,2.504151804783125,22.0,680.8838
2020-09-18 06:00:00,16.29490000000004,38.78339463308726,2.8660281616383485,18.0,968.6726
2020-09-18 07:00:00,17.595180000000028,35.891523966910185,2.921972989440472,21.0,1304.2483
2020-09-18 08:00:00,18.412500000000023,31.76896823075103,3.0892878359365046,21.0,1577.5117
2020-09-18 09:00:00,18.891440000000046,29.21752602246324,2.8149115054940004,23.0,1881.8455
2020-09-18 10:00:00,19.172020000000032,27.699875713624586,2.5063153315012876,26.0,2041.9446
2020-09-18 11:00:00,19.13787000000002,26.863547069254885,2.4363746879807158,29.0,2188.4048
2020-09-18 12:00:00,18.69980000000004,26.832471170204975,2.453152401061999,29.0,2287.6729
2020-09-18 13:00:00,17.610100000000045,29.94085038745919,2.062740805826949,45.0,165.7358
2020-09-18 14:00:00,16.366000000000042,32.13316358247617,1.7589158223588333,45.0,146.25824
2020-09-18 15:00:00,15.022600000000011,37.001940390032445,0.9113468998639941,27.0,230.07205
2020-09-20 11:00:00,26.94150000000002,16.10102712592581,2.6061698526255612,26.0,1314.9619
2020-09-20 14:00:00,23.064099999999996,25.396216202136838,0.46137502128593144,54.0,29.977575
2020-09-20 19:00:00,13.442859999999996,42.236672581359564,2.6724471701529113,38.0,26.37194
2020-09-21 00:00:00,10.647970000000043,46.264116860967256,2.3695319931029,16.0,15.099776
2020-09-21 01:00:00,10.411699999999996,46.46908064014852,2.1922763265042593,31.0,12.090983
2020-09-21 02:00:00,10.863300000000038,47.551982499552786,1.8633727058095169,26.0,11.677609
2020-09-21 04:00:00,20.263149999999996,31.498684590959027,0.1885414789325775,29.0,125.85794
2020-09-21 05:00:00,22.47863000000001,24.9613204921051,1.0375839927957948,29.0,343.92847
2020-09-21 06:00:00,24.08083000000005,23.681731705969273,1.6762790139161348,29.0,605.0029
2020-09-21 07:00:00,25.462500000000034,23.270657745929373,2.0410401503061055,24.0,928.656
2020-09-21 08:00:00,26.226400000000012,21.363196083599586,2.105801555205276,24.0,1206.3496
2020-09-21 09:00:00,26.649100000000033,20.149347521311228,2.058364700982416,25.0,1347.0173
2020-09-21 10:00:00,26.680380000000014,19.63750013083468,2.2294338688164603,25.0,1358.3374
2020-09-21 11:00:00,26.27627000000001,20.01264997206287,3.0299443200261176,39.0,1338.1741
2020-09-21 12:00:00,24.836850000000027,24.39944728490631,2.9168632050083527,39.0,848.91016
2020-09-21 13:00:00,22.863980000000026,29.535561895882903,2.2829181949871264,53.0,324.42184
2020-09-21 14:00:00,20.93643000000003,34.751735032420534,1.7792897680930022,45.0,149.25107
2020-09-21 15:00:00,19.37620000000004,39.68313410634326,2.2040648975419903,35.0,49.293198
2020-09-21 16:00:00,18.19753000000003,43.40889217101661,2.0950977622654183,35.0,27.601562
2020-09-21 17:00:00,16.81695000000002,48.19106990941281,1.6946869138277096,36.0,17.812973
2020-09-21 18:00:00,15.207670000000007,54.57819381963432,1.725755099712355,32.0,32.246605
2020-09-21 19:00:00,14.53463000000005,54.24766326079294,1.5417126189138783,33.0,36.65631
2020-09-21 20:00:00,13.459770000000049,56.476059324889604,1.793418968523454,32.0,38.266994
2020-09-21 21:00:00,12.743550000000027,56.92497310982394,1.945259726523872,32.0,54.07242
2020-09-21 22:00:00,12.094320000000039,57.625385767393915,1.943417697293006,22.0,92.21922
2020-09-21 23:00:00,11.392539999999997,59.78578010053143,1.8425493190522337,25.0,104.19253
2020-09-22 00:00:00,10.735250000000008,62.60707988967393,1.7779717660413172,31.0,96.90324
2020-09-22 01:00:00,10.162800000000004,65.62792549484628,1.6892943078566387,31.0,79.86457
2020-09-22 02:00:00,10.461820000000046,69.2390957863393,1.3412414309417364,44.0,68.79298
2020-09-22 03:00:00,14.574900000000014,55.240182549702325,0.8249643373486748,49.0,121.78996
2020-09-22 04:00:00,17.756830000000036,40.53045407345777,1.2456695556350106,48.0,261.71924
2020-09-22 05:00:00,19.695899999999995,35.340721594648706,2.072581104812608,40.0,508.87354
2020-09-22 06:00:00,21.016440000000046,31.588977917710494,2.830230384082506,27.0,879.65576
2020-09-22 07:00:00,22.101680000000044,30.851158790715427,2.878186457978805,18.0,1174.3877
2020-09-22 08:00:00,22.774260000000027,28.972648395930616,3.0913352604817743,17.0,1314.8359
2020-09-22 09:00:00,23.130700000000047,27.67912495550924,3.6243007695752363,18.0,1447.4841
2020-09-22 10:00:00,22.950980000000015,27.1377256327972,3.792965199271127,14.0,1447.8496
2020-09-22 11:00:00,22.374600000000044,27.219297784561384,3.6355634236000465,23.0,1354.3008
2020-09-22 12:00:00,21.447400000000016,27.68206317281529,3.4146463897244326,28.0,1095.8989
2020-09-22 13:00:00,19.72860000000003,30.137405829404788,2.8175712950422835,28.0,479.67456
2020-09-22 14:00:00,17.787320000000022,31.369471333302908,2.6545655774622956,26.0,316.9498
2020-09-22 15:00:00,16.43905000000001,31.60200259316426,2.630151586159674,27.0,274.5522
2020-09-22 16:00:00,15.290500000000009,31.6673994601689,2.7227389146773557,27.0,235.2054
2020-09-22 17:00:00,14.296780000000012,32.00844835540614,2.8027081346471916,35.0,211.71988
2020-09-22 18:00:00,13.513940000000048,33.464635621001236,2.679009529846152,35.0,178.69843
2020-09-22 19:00:00,12.625730000000033,35.96031779646969,2.42356547985111,30.0,138.40309
2020-09-22 20:00:00,11.826099999999997,40.44686915630849,2.1323795677350432,34.0,103.84265
2020-09-22 21:00:00,11.092250000000035,44.669268560114645,2.0203559792115673,34.0,94.00055
2020-09-22 22:00:00,10.456320000000005,47.69353939823516,1.9607009254274914,27.0,104.24634
2020-09-22 23:00:00,9.994040000000041,49.20010500043396,1.9831129478066478,26.0,131.87291
2020-09-23 00:00:00,9.849570000000028,50.11250241337498,1.6453552093288548,25.0,121.61803
2020-09-23 01:00:00,10.964620000000025,47.70674213433938,1.0688786434756987,27.0,60.967667
2020-09-23 02:00:00,11.37008000000003,47.18648553718253,0.5738787095297986,29.0,36.410355
2020-09-23 03:00:00,12.6918,53.38486344274866,0.3925046031383836,29.0,99.545456
2020-09-23 04:00:00,15.603049999999996,34.560167064019524,0.7969966187559765,38.0,257.79596
2020-09-23 05:00:00,17.633100000000013,26.251248285498626,1.2053599345415926,31.0,536.7461
2020-09-23 06:00:00,19.032129999999995,21.941876695348977,1.8198614607974097,17.0,812.44165
2020-09-23 07:00:00,20.323660000000018,21.075401218519946,2.0759775079222496,17.0,976.1626
2020-09-23 08:00:00,21.212000000000046,19.118018619681266,2.2759700248061905,20.0,1087.2463
2020-09-23 09:00:00,21.74386000000004,17.890314892682948,2.4034058821475432,13.0,1192.5847
2020-09-23 10:00:00,21.896050000000002,17.244145975149028,2.0778149830480315,13.0,1260.6377
2020-09-23 11:00:00,21.72213000000005,17.03057523630183,1.9381299527675777,14.0,1253.5669
2020-09-23 12:00:00,21.138599999999997,17.900467613561357,1.9111221535208287,22.0,1062.9324
2020-09-23 13:00:00,19.840300000000013,21.54490347379871,1.6988255343631247,32.0,114.71564
2020-09-23 14:00:00,18.233580000000018,23.491670596073686,1.366400438122123,53.0,49.513107
2020-09-23 15:00:00,16.384600000000034,27.58799422966678,1.0511734424580286,54.0,39.180264
2020-09-23 16:00:00,15.748070000000041,27.67000117525457,1.0067595281051076,58.0,37.757217
2020-09-23 17:00:00,13.58157,32.33411051653781,1.4967352219351033,61.0,37.48066
2020-09-23 18:00:00,11.885160000000042,37.076272694452285,1.9395892676189694,61.0,30.47554
2020-09-23 19:00:00,10.956200000000024,43.275064710389366,2.1463467876185884,54.0,22.46295
2020-09-23 20:00:00,10.124870000000044,47.63622061209464,2.139412264949059,41.0,18.768082
2020-09-23 21:00:00,9.384119999999996,51.99534030140534,2.176226767387758,34.0,17.895441
2020-09-23 22:00:00,8.743070000000046,55.8541243143009,2.13499360765877,34.0,15.286576
2020-09-23 23:00:00,8.300130000000024,58.561512991138564,2.1047437916037275,34.0,15.638817
2020-09-24 00:00:00,7.9652000000000385,60.501556232750794,2.109162516760425,34.0,15.877382
2020-09-24 01:00:00,7.7020500000000425,61.91550042642129,2.085556827084315,31.0,14.569222
2020-09-24 02:00:00,8.069330000000036,62.9446122764001,1.8468114192900151,34.0,13.863658
2020-09-24 03:00:00,12.405050000000017,55.25740670272567,0.9611045005991989,22.0,28.631409
2020-09-24 04:00:00,17.59023000000002,31.815391083340703,0.8306629270645945,22.0,186.14969
2020-09-24 05:00:00,19.835470000000043,23.035556020871528,1.6649052739541854,13.0,631.7683
2020-09-24 06:00:00,21.19198,21.02592661463472,1.8640233600992078,15.0,878.77075
2020-09-24 07:00:00,22.007040000000018,20.3483538874844,1.6906469510627522,13.0,1049.7634
2020-09-24 08:00:00,22.882840000000044,18.720334692250162,1.8322068731765961,13.0,1172.1274
2020-09-24 09:00:00,23.41088000000002,17.261916440425257,1.956400711817418,14.0,1188.3914
2020-09-24 10:00:00,23.646100000000047,16.1544000315511,2.0797459054535796,17.0,1172.9609
2020-09-24 11:00:00,23.451900000000023,15.652492970859683,2.3229816965341525,17.0,1140.479
2020-09-24 12:00:00,22.59704000000005,17.915327560920446,2.221253423771083,18.0,912.7759
2020-09-24 13:00:00,20.692350000000033,21.321995274179894,2.511275261149542,25.0,145.92802
2020-09-24 14:00:00,18.560699999999997,22.613739310204203,2.7769226909580316,25.0,99.45839
2020-09-24 15:00:00,16.799000000000035,24.736929445937356,2.715700823460946,23.0,94.971405
2020-09-24 16:00:00,15.406150000000025,27.557353596608042,2.555128055792431,29.0,93.77243
2020-09-24 17:00:00,14.117880000000014,31.253732190354736,2.3285861042540126,29.0,74.5354
2020-09-24 18:00:00,12.80197000000004,35.78284110021072,2.129501618654668,24.0,53.84305
2020-09-24 19:00:00,11.71902,42.03652612638191,2.0480077565820154,33.0,39.475998
2020-09-24 20:00:00,10.57247000000001,47.005415127192215,1.9581141691638921,33.0,30.521782
2020-09-24 21:00:00,9.655300000000011,51.410312979211476,1.8942295495362993,33.0,28.050537
2020-09-24 22:00:00,8.909330000000011,54.95661612097739,1.826839897521925,24.0,26.65852
2020-09-24 23:00:00,8.34050000000002,57.5274414594525,1.8149760376177986,32.0,23.482738
2020-09-25 00:00:00,7.907100000000014,59.22745158927794,1.8387280477672856,32.0,19.528088
2020-09-25 01:00:00,7.537200000000041,61.15016478307786,1.8708969197648604,32.0,14.474784
2020-09-25 02:00:00,7.841670000000022,63.79609679967737,1.6993703673603098,34.0,12.709651
2020-09-25 03:00:00,12.371100000000013,53.666081821426104,0.9712631326104169,43.0,46.26602
2020-09-25 04:00:00,16.773400000000038,34.56460693692061,1.5034872101447232,43.0,198.44481
2020-09-25 05:00:00,18.89930000000004,29.83056377116437,1.9006259756026198,40.0,358.32764
2020-09-25 06:00:00,20.656200000000013,26.446138833904417,2.0440900245409988,30.0,556.08887
2020-09-25 07:00:00,22.266560000000027,24.100685284476786,1.8113888243231546,21.0,775.71704
2020-09-25 08:00:00,23.313800000000015,21.958519156482275,1.8049096046199218,27.0,982.23096
2020-09-25 09:00:00,24.010700000000043,20.350731369032225,2.0079353633255255,28.0,1116.429
2020-09-25 10:00:00,24.35820000000001,19.522744624301755,2.2051127717395365,28.0,1264.5725
2020-09-25 11:00:00,24.23806000000002,19.556697360736237,2.2821796937227927,26.0,1301.8743
2020-09-25 12:00:00,23.456050000000005,22.67501114709374,1.8487712662374571,28.0,1070.9158
2020-09-25 13:00:00,21.994230000000016,26.35025740463207,1.9396524226645993,50.0,90.83746
2020-09-25 14:00:00,20.034500000000037,29.299550224068444,1.4182225360341436,63.0,38.423874
2020-09-25 15:00:00,19.13100000000003,30.644460345644276,0.16392011074761348,74.0,32.829285
2020-09-25 16:00:00,17.457539999999995,34.800282980835966,0.8810112229766538,74.0,28.910614
2020-09-25 17:00:00,14.475729999999999,43.25511487270419,1.5318580956795185,55.0,21.775028
2020-09-25 18:00:00,12.776640000000043,48.49596087922823,2.0308909488714226,51.0,19.58791
2020-09-25 19:00:00,12.129819999999995,51.3745952853076,2.328805780832735,58.0,23.523426
2020-09-25 20:00:00,11.48544000000004,53.510688102340154,2.3206997790782826,58.0,25.469181
2020-09-25 21:00:00,10.990620000000035,55.02411233692943,2.266677043756311,48.0,24.057064
2020-09-25 22:00:00,10.502830000000017,56.60201641720338,2.122689546553038,48.0,28.221199
2020-09-25 23:00:00,9.939360000000022,58.514336762927584,1.839497793590555,54.0,35.199833
2020-09-26 00:00:00,9.851740000000007,58.05559897948536,1.6354258084558915,60.0,40.91699
2020-09-26 01:00:00,9.86062000000004,57.88957020536928,1.6054417961127125,60.0,41.32814
2020-09-26 02:00:00,9.774040000000014,61.123008377823474,1.7177639538017002,58.0,43.80185
2020-09-26 03:00:00,13.334920000000011,50.804669476240704,1.290677988984854,46.0,113.490845
2020-09-26 04:00:00,16.44625000000002,39.34609868114541,2.0010923762695563,46.0,305.4895
2020-09-26 05:00:00,18.366880000000037,36.36468198551651,2.289965414188695,35.0,452.26465
2020-09-26 06:00:00,19.98013000000003,33.91534086782727,2.366800045598151,35.0,626.553
2020-09-26 07:00:00,21.603229999999996,32.36911721283076,2.3367143744275314,28.0,828.0154
2020-09-26 08:00:00,22.460470000000043,29.607816061807885,2.3586432600318874,28.0,1067.9175
2020-09-26 09:00:00,22.833920000000035,27.400709665785538,2.330284407355806,25.0,1216.1956
2020-09-26 10:00:00,22.946920000000034,25.982509311846115,2.217415684298432,29.0,1316.7512
2020-09-26 11:00:00,22.62673000000001,25.27783969849294,2.158578195390543,39.0,1243.6997
2020-09-26 12:00:00,21.89834000000002,26.48150523934646,2.0477550824614967,56.0,857.14404
2020-09-26 13:00:00,20.216120000000046,30.58612613324013,2.259730587919474,74.0,137.95305
2020-09-26 14:00:00,18.494259999999997,32.78677328086059,2.427739569020207,74.0,105.73512
2020-09-26 15:00:00,17.144300000000044,35.65739647306749,2.2643275917513748,63.0,90.58928
2020-09-26 16:00:00,15.75997000000001,39.91493906275606,2.035576211866367,63.0,69.31355
2020-09-26 17:00:00,14.423879999999997,44.732217964966566,2.07182222887096,62.0,56.870865
2020-09-26 18:00:00,13.306480000000022,49.09071647269681,2.2450063345273663,56.0,49.297928
2020-09-26 19:00:00,12.534700000000043,51.71143351217636,2.355329593458234,48.0,44.113876
2020-09-26 20:00:00,11.70132000000001,54.99111443057545,2.303932052248384,51.0,39.1015
2020-09-26 21:00:00,10.905570000000012,58.073786682826146,2.174664716735718,44.0,34.477173
2020-09-26 22:00:00,10.140340000000037,61.103183017353665,2.0991302789060473,42.0,33.133865
2020-09-26 23:00:00,9.44912000000005,63.802533728198355,1.99953780703188,42.0,35.49589
2020-09-27 00:00:00,8.877740000000017,65.83862624868644,1.9426191496609237,48.0,35.561092
2020-09-27 01:00:00,8.377650000000017,67.60807846618462,1.8583855624934777,59.0,34.38814
2020-09-27 02:00:00,8.510199999999998,68.78069771756253,1.7062096413184409,52.0,35.274506
2020-09-27 03:00:00,12.587550000000022,56.65695666812615,0.9986581134449178,53.0,76.32323
2020-09-27 04:00:00,16.65112000000005,39.66248285425571,1.4286196058148644,60.0,263.54834
2020-09-27 05:00:00,18.79680000000002,34.76235459432706,1.877364791769402,60.0,471.9558
2020-09-27 06:00:00,20.518640000000005,30.781637653675013,2.0859037736151804,57.0,757.9348
2020-09-27 07:00:00,21.932240000000036,27.865789925143314,2.132901496754768,47.0,1038.9941
2020-09-27 08:00:00,22.751980000000003,25.66549273980614,2.1840595921736203,33.0,1215.1797
2020-09-27 09:00:00,23.17180000000002,24.396696428230722,2.264985075641132,33.0,1349.1809
2020-09-27 10:00:00,23.19640000000004,23.71836340722727,2.2826989494068313,31.0,1503.4714
2020-09-27 11:00:00,22.770530000000008,23.668088632243016,2.1606843760220253,38.0,1413.1565
2020-09-27 12:00:00,21.945899999999995,25.502106836529705,1.824221450578417,38.0,707.8474
2020-09-27 13:00:00,20.46750000000003,28.98359460537562,1.9222932851032781,65.0,114.628235
2020-09-27 14:00:00,18.780970000000025,30.885594587533554,1.702047982848789,65.0,60.10533
2020-09-27 15:00:00,17.449000000000012,33.80266311329173,0.8703131580642569,48.0,39.187805
2020-09-27 16:00:00,17.191200000000038,33.427260176820155,0.4103545174639749,41.0,33.64012
2020-09-27 17:00:00,14.697300000000041,40.72787534312221,1.3635098445733655,58.0,23.865173
2020-09-27 18:00:00,12.323820000000012,48.87147131928364,2.0490801681013173,58.0,22.609818
2020-09-27 19:00:00,11.43643000000003,52.612152152239254,2.2240969329281524,61.0,20.98352
2020-09-27 20:00:00,10.795920000000024,55.572131989437686,2.2198051133097376,56.0,17.449562
2020-09-27 21:00:00,10.138239999999996,58.42054985217397,2.2308243337180294,50.0,14.869306
2020-09-27 22:00:00,9.556849999999997,60.934050355102436,2.1718932872178436,50.0,11.524758
2020-09-27 23:00:00,9.04260000000005,63.18658846074201,2.089597924565226,43.0,11.624952
2020-09-28 00:00:00,8.601860000000045,65.00762502505326,2.042131752386867,41.0,11.905892
2020-09-28 01:00:00,8.23965000000004,66.43821049118324,2.0098082423987846,41.0,13.582906
2020-09-28 02:00:00,8.386000000000024,66.95875310562559,1.7883938947329705,49.0,18.44638
2020-09-28 03:00:00,12.29690000000005,59.28898493447132,0.8929220279564022,59.0,48.38365
2020-09-28 04:00:00,17.195700000000045,39.33780483957104,0.6511519977911069,59.0,187.07227
2020-09-28 05:00:00,19.43580000000003,33.0183964710192,1.0675794310871196,67.0,391.0288
2020-09-28 06:00:00,21.079430000000002,29.079362406047935,1.5719822404404424,49.0,721.97925
2020-09-28 07:00:00,22.352869999999996,26.448005678749123,1.8331729325789448,33.0,1058.2266
2020-09-28 08:00:00,23.076070000000016,25.092559488059777,2.1072266010078415,36.0,1328.7217
2020-09-28 09:00:00,23.46237000000002,24.32658144364454,2.3203168153363047,42.0,1453.6721
2020-09-28 10:00:00,23.487400000000036,23.70456056040357,2.4266863786762083,42.0,1537.4543
2020-09-28 11:00:00,23.079250000000002,23.611941067423604,2.5067088965137097,48.0,1437.2573
2020-09-28 12:00:00,22.16165000000001,25.743786571318978,2.30313107547452,48.0,764.52026
2020-09-28 13:00:00,20.428860000000043,28.93429782577104,2.277744518562102,55.0,180.6324
2020-09-28 14:00:00,19.024800000000027,30.141197658659408,2.0085864959878448,52.0,110.33498
2020-09-28 15:00:00,17.845360000000028,31.80485284942473,1.3804963368507501,59.0,70.46022
2020-09-28 16:00:00,16.944540000000018,34.32438556320065,0.9769959750581485,59.0,53.644897
2020-09-28 17:00:00,16.587060000000008,35.31872325505587,0.9077240049479568,59.0,44.526
2020-09-28 18:00:00,15.043700000000001,40.41992414471999,1.446779349557523,81.0,37.7153
2020-09-28 19:00:00,13.956020000000024,45.05639749457518,1.8225901269591278,58.0,34.991135
2020-09-28 20:00:00,13.444180000000017,48.15432044718112,1.7014076646353917,51.0,33.375824
2020-09-28 21:00:00,13.325860000000034,49.951477281979216,1.6332524142850862,52.0,34.208347
2020-09-28 22:00:00,13.29254000000003,50.88423644098447,1.6760103634014112,52.0,52.894196
2020-09-28 23:00:00,13.195760000000007,51.831430428350195,1.6594657161785806,46.0,80.29884
2020-09-29 00:00:00,13.069240000000036,52.64789832825113,1.5899632388493294,48.0,84.62343
2020-09-29 01:00:00,12.996030000000019,53.52091508259198,1.5437547378298957,48.0,69.73563
2020-09-29 02:00:00,13.41360000000003,52.73154745351686,1.659743241397238,50.0,64.46093
2020-09-29 03:00:00,14.497700000000009,50.317916117538374,1.775904943245693,50.0,118.83913
2020-09-29 04:00:00,15.537070000000028,47.823313677913646,2.1455553662559352,53.0,251.14928
2020-09-29 05:00:00,16.510340000000042,44.89599605615557,2.1771943124629045,40.0,467.32837
2020-09-29 06:00:00,17.064360000000022,42.772259448483915,2.132253996806105,40.0,633.364
2020-09-29 07:00:00,18.89825000000002,33.775050644136755,2.6757245252330297,40.0,743.33716
2020-09-29 08:00:00,19.201999999999998,31.711225790452016,2.898098847759862,53.0,833.26636
2020-09-29 09:00:00,19.701750000000004,29.700413117042743,3.0870890250662226,42.0,937.34766
2020-09-29 10:00:00,19.70992000000001,28.855951761325933,3.271387444940168,37.0,1034.4111
2020-09-29 11:00:00,19.399530000000027,28.67955441077603,3.434681513546589,38.0,1026.9089
2020-09-29 12:00:00,18.83895000000001,29.330747058379643,2.9830579537039257,38.0,917.4895
2020-09-29 13:00:00,17.787040000000047,31.304498988788453,2.359389552322876,49.0,500.28345
2020-09-29 14:00:00,16.882650000000012,32.779971022837735,1.9935544767547977,48.0,277.9492
2020-09-29 15:00:00,15.96768000000003,34.96838167610096,1.8999571721568147,48.0,162.16774
2020-09-29 16:00:00,15.13915000000003,38.248255506111285,1.868477408279991,48.0,82.227936
2020-09-29 17:00:00,14.070700000000045,45.13870021958537,2.197985177072068,32.0,102.76419
2020-09-29 18:00:00,13.073270000000036,51.7218560791268,2.015864214729437,33.0,102.26753
2020-09-29 19:00:00,13.047570000000007,44.97857056537241,1.6662697366988637,33.0,114.53836
2020-09-29 20:00:00,12.371800000000007,50.24095855447345,2.2963268333693674,27.0,153.0103
2020-09-29 21:00:00,11.808680000000038,57.87981926676631,2.3988314283744017,28.0,162.5306
2020-09-29 22:00:00,11.283350000000041,64.02752710857294,1.9328182945089536,26.0,162.41536
2020-09-29 23:00:00,10.891320000000007,69.01715799707368,1.6870348763944123,23.0,136.21123
2020-09-30 00:00:00,10.810330000000022,71.45776951838288,1.2620817669814623,25.0,111.82216
2020-09-30 01:00:00,10.632870000000025,74.5006126312212,1.2385908637934078,27.0,86.98259
2020-09-30 02:00:00,10.106160000000045,80.09090218549917,0.7710160427499936,30.0,65.12056
2020-09-30 03:00:00,10.824520000000007,73.436466394338,0.4237399385569636,30.0,152.47527
2020-09-30 04:00:00,11.389670000000024,67.12973028298889,1.2555249326859947,33.0,289.20996
2020-09-30 05:00:00,12.16064,62.720992772532426,1.4989707539694663,26.0,447.73315
2020-09-30 06:00:00,13.764900000000011,55.3820052732239,1.356197299467161,30.0,585.3662
2020-09-30 07:00:00,14.871939999999995,54.90876747209855,1.0612442543053768,26.0,861.5813
2020-09-30 08:00:00,15.746970000000033,52.13692168472361,0.49558287248868677,21.0,1059.8269
2020-09-30 09:00:00,16.420560000000023,49.30434395055959,0.17684290585833948,21.0,1339.5725
2020-09-30 10:00:00,16.99770000000001,46.24620963489565,0.15381162483341473,24.0,1575.862
2020-09-30 11:00:00,17.117819999999995,45.1581173323268,0.20029536251454974,26.0,1574.7422
2020-09-30 12:00:00,16.92420000000004,45.455887571660625,0.5324727471460383,38.0,1445.1116
2020-09-30 13:00:00,16.38656000000003,47.266873979659756,0.904169896162778,35.0,173.06944
2020-09-30 14:00:00,15.447720000000004,49.76694829474276,1.7469131960958661,36.0,86.238785
2020-09-30 15:00:00,14.111300000000028,53.56703817756909,2.354506076580466,36.0,98.79956
2020-09-30 16:00:00,12.90807000000001,57.27078807616533,2.5172128190587744,32.0,102.35457
2020-09-30 17:00:00,12.048850000000016,60.345080228695316,2.4504523956986377,32.0,82.04559
2020-09-30 18:00:00,10.977200000000039,64.9973911129361,2.395204090307021,33.0,59.05687
2020-09-30 19:00:00,9.836270000000013,69.6870939995281,2.3716756800751004,33.0,45.062912
2020-09-30 20:00:00,9.159080000000017,73.04605055360719,2.375685404631188,23.0,39.25769
2020-09-30 21:00:00,8.961479999999995,73.66438696213044,2.401777537849231,20.0,36.599976
2020-09-30 22:00:00,8.692160000000001,74.09011164022799,2.465830995082918,20.0,35.449493
2020-10-01 00:00:00,7.7327000000000226,76.91435754249528,2.501244759673071,21.0,43.69731
2020-10-01 01:00:00,7.460170000000005,76.95013345683428,2.4565721393454245,24.0,37.444687
2020-10-01 02:00:00,7.440760000000012,76.00303757004404,2.3515590063843885,24.0,38.619415
2020-10-01 03:00:00,10.138400000000047,66.00159503670943,1.685462804739288,27.0,56.118973
2020-10-01 04:00:00,14.701999999999998,51.063275351016465,1.0111136351557213,25.0,144.56131
2020-10-01 05:00:00,17.607500000000016,37.9587103858786,1.756946796855789,19.0,637.8667
2020-10-01 06:00:00,19.213279999999997,33.50348945155696,2.386040603287309,25.0,1194.0146
2020-10-01 07:00:00,20.102869999999996,31.638725624628226,2.4822753032081177,25.0,1509.79
2020-10-01 08:00:00,20.88488000000001,29.30620535194781,2.665686431950442,24.0,1668.1843
2020-10-01 09:00:00,21.346100000000035,27.615350904241076,2.957339623238711,25.0,1751.3735
2020-10-01 10:00:00,21.429650000000038,26.90075216252425,3.1407170551180204,25.0,1777.3298
2020-10-01 11:00:00,21.085530000000006,27.243138138393405,3.1423489707995516,25.0,1622.2644
2020-10-01 12:00:00,20.236199999999997,30.10134974810841,2.684340930754966,34.0,1146.0796
2020-10-01 13:00:00,18.214530000000025,35.46278932815341,2.5911389949969186,34.0,173.0433
2020-10-01 14:00:00,16.481160000000045,39.64830357752935,2.617483114740181,34.0,104.39772
2020-10-01 15:00:00,15.13235000000003,43.36577656913449,2.3638049681387483,33.0,77.34892
2020-10-01 16:00:00,13.922420000000045,47.065894743002616,2.0435098429372465,26.0,60.58864
2020-10-01 17:00:00,12.484520000000032,51.980283087298986,1.9126436176059824,23.0,45.822083
2020-10-01 18:00:00,11.33077000000003,56.33930905625564,1.940988535222805,27.0,31.52699
2020-10-01 19:00:00,10.195700000000045,60.55384215305244,1.8533418779885762,27.0,24.130562
2020-10-01 20:00:00,9.488980000000026,63.294817804235905,1.9579712292299152,29.0,21.198872
2020-10-01 21:00:00,9.067300000000046,64.70923015983972,2.0127925847476313,29.0,20.0569
2020-10-01 22:00:00,8.634240000000034,65.6170483491278,2.143814452631967,28.0,15.185835
2020-10-01 23:00:00,8.315269999999998,65.92608244754962,2.159810503980037,39.0,12.499673
2020-10-02 00:00:00,8.015000000000043,66.2511692253823,2.1508958019319953,38.0,11.483715
2020-10-02 01:00:00,7.648130000000037,67.15571334857783,2.1116610171883368,52.0,12.325838
2020-10-02 02:00:00,7.44894000000005,68.83651229035998,1.908568979037137,36.0,13.3926325
2020-10-02 03:00:00,10.971699999999998,61.36834118739977,0.9485527321153235,40.0,30.020813
2020-10-02 04:00:00,16.134400000000028,43.095238874050615,0.1392874255581666,40.0,152.08752
2020-10-02 05:00:00,18.547630000000026,34.59194464108306,0.9597460427972496,39.0,505.35815
2020-10-02 06:00:00,20.10467,27.934557333802672,1.7207170740316664,30.0,980.2114
2020-10-02 07:00:00,20.796960000000013,26.847783755561874,2.0526277435161644,27.0,1317.7222
2020-10-02 08:00:00,21.526700000000005,23.515700588085814,2.1498463509802743,20.0,1639.3962
2020-10-02 09:00:00,21.93905000000001,21.96357732206419,2.1965770345767073,20.0,1806.8428
2020-10-02 10:00:00,22.006920000000036,21.341680012836008,2.1928428484799953,16.0,2018.2512
2020-10-02 11:00:00,21.679650000000038,21.22914184174328,2.184371733517031,28.0,1912.4836
2020-10-02 12:00:00,20.813800000000015,23.61429479087564,1.8921543091455648,28.0,614.198
2020-10-02 13:00:00,19.203820000000007,26.910183374423326,2.2105732152926127,58.0,106.985825
2020-10-02 14:00:00,17.372280000000046,29.540610858937548,2.2072061803844973,58.0,65.44232
2020-10-02 15:00:00,15.632400000000018,32.82519718931678,2.062516228949211,31.0,56.160538
2020-10-02 16:00:00,13.761500000000012,37.31300729178066,2.073972557778415,31.0,51.305695
2020-10-02 17:00:00,12.174040000000048,42.19157143304076,2.1348640945218973,29.0,40.525513
2020-10-02 18:00:00,10.926900000000046,47.009905025207225,2.1984009055084472,29.0,28.285799
2020-10-02 19:00:00,9.97048000000001,50.11498477562869,2.0663863593906924,36.0,25.487537
2020-10-02 20:00:00,9.177480000000003,53.529333781127264,2.142258046826759,36.0,24.519676
2020-10-02 21:00:00,8.53054000000003,56.23840535921557,2.217448396298658,41.0,22.96293
2020-10-02 22:00:00,8.09716000000003,57.786543821081395,2.266965396600623,36.0,16.504045
2020-10-02 23:00:00,7.679740000000038,59.02330198447052,2.3342225491534867,36.0,16.470188
2020-10-03 00:00:00,7.4900800000000345,59.391445304476846,2.2910576750259604,29.0,16.22882
2020-10-03 01:00:00,7.188260000000014,60.33425371176915,2.2853595424622926,31.0,16.063152
2020-10-03 02:00:00,7.323800000000006,60.477671776703524,2.128755599003672,37.0,15.87008
2020-10-03 03:00:00,10.893400000000042,53.466425874752844,1.3096045941895258,24.0,30.022367
2020-10-03 04:00:00,16.470799999999997,36.86301653231308,0.6476786059035728,24.0,104.35571
2020-10-03 05:00:00,19.07495,26.900815435562226,0.2798614505089445,17.0,710.822
2020-10-03 06:00:00,20.466520000000003,24.517360868348852,0.884699536052919,19.0,1690.9136
2020-10-03 07:00:00,21.177900000000022,23.74730877229788,1.3786474088895946,25.0,2116.5015
2020-10-03 08:00:00,21.71395000000001,22.853533014934236,1.6989796734826612,23.0,2374.3806
2020-10-03 09:00:00,21.933220000000006,22.236150196006488,1.919181095285437,22.0,2455.251
2020-10-03 10:00:00,21.850180000000023,21.896330308331375,1.8268972638243288,25.0,2532.021
2020-10-03 11:00:00,21.54690000000005,21.887197913956978,1.545331222456212,29.0,2343.0151
2020-10-03 12:00:00,20.91592000000003,23.917518642755592,1.0994247819451166,29.0,1539.9475
2020-10-03 13:00:00,19.800530000000037,26.937912391961568,1.074577077980812,36.0,61.868454
2020-10-03 14:00:00,17.693960000000004,32.42802405448793,1.0067263250118967,53.0,33.576584
2020-10-03 15:00:00,16.893430000000023,32.14737595965595,0.9403122618474286,58.0,25.389282
2020-10-03 16:00:00,14.622460000000046,37.34397836806596,1.2304214545304546,37.0,18.78186
2020-10-03 17:00:00,11.653300000000002,45.54367513933988,1.8561047108225683,37.0,18.727814
2020-10-03 18:00:00,10.432299999999998,48.902234921900984,2.1956580094561198,35.0,21.116688
2020-10-03 19:00:00,9.561300000000017,51.02200710845,2.3536118215442263,29.0,23.31327
2020-10-03 20:00:00,8.9144,52.57636133758908,2.368024265338292,23.0,24.448975
2020-10-03 21:00:00,8.38590000000005,53.528834002684164,2.360725095756962,23.0,22.439398
2020-10-03 22:00:00,7.877280000000042,54.42521568331715,2.335966862945294,25.0,16.714954
2020-10-03 23:00:00,7.427400000000034,55.216494125391904,2.2956299849682256,29.0,14.713077
2020-10-05 00:00:00,6.9191000000000145,56.308751305647256,1.98813323497902,40.0,23.479038
2020-10-05 01:00:00,6.565269999999998,57.465105170926634,1.9801788841043377,40.0,18.09319
2020-10-05 02:00:00,6.55460000000005,58.02134362250718,1.9050864754105676,34.0,13.705188
2020-10-05 03:00:00,9.919950000000028,51.33761894758712,1.0723546779965567,23.0,27.44744
2020-10-05 04:00:00,15.448300000000017,35.08144704576568,0.3508456911893782,23.0,106.56625
2020-10-05 05:00:00,18.10360000000003,26.19161838889487,1.3577323851326704,27.0,400.87378
2020-10-05 06:00:00,19.77197000000001,22.78749223587763,1.9662503994278044,32.0,960.51294
2020-10-05 07:00:00,21.153650000000027,20.121912560846862,1.98408528632493,24.0,1554.948
2020-10-05 08:00:00,21.788260000000037,19.102606724594455,2.305313140578184,20.0,1789.6101
2020-10-05 09:00:00,22.01310000000001,18.499441032142734,2.5853962294909807,19.0,1895.9861
2020-10-05 10:00:00,21.870840000000044,18.29955959136003,2.6946151490868746,18.0,1982.2051
2020-10-05 11:00:00,21.337850000000003,18.603893177108894,2.795156154126687,17.0,1862.1211
2020-10-05 12:00:00,20.28480000000002,20.54699869110594,2.614884911908813,21.0,910.4646
2020-10-05 13:00:00,17.97582,23.858431937872734,2.87053700536134,32.0,188.94272
2020-10-05 14:00:00,16.122160000000008,25.9860672393777,2.9608799593700255,38.0,168.04315
2020-10-05 15:00:00,14.708900000000028,27.741618460484027,2.8898605551387755,23.0,170.50201
2020-10-05 16:00:00,13.578450000000032,29.614383249016107,2.7047867073251055,23.0,140.18333
2020-10-05 17:00:00,12.624570000000006,31.784847198470494,2.446692296711814,26.0,108.25563
2020-10-05 18:00:00,11.682240000000036,34.385075711367186,2.1830214614817693,33.0,79.720184
2020-10-05 19:00:00,10.725430000000017,39.8083853622072,1.8785439926233614,31.0,56.952915
2020-10-05 20:00:00,9.652300000000025,43.35306327037537,1.8034850561781324,31.0,62.590256
2020-10-05 21:00:00,9.256920000000036,44.52045518600049,2.1710066876779495,23.0,105.87254
2020-10-05 22:00:00,9.380730000000028,44.88579732399037,2.8921948341151364,26.0,194.02428
2020-10-05 23:00:00,9.133870000000002,47.304018749150664,3.0742769330381297,24.0,225.95782
2020-10-06 00:00:00,8.96777000000003,49.425950957546256,2.7566470843790825,21.0,231.27522
2020-10-06 01:00:00,8.962000000000046,50.72021090003513,2.6230156460622713,29.0,222.30182
2020-10-06 02:00:00,8.807520000000011,52.33616775718427,2.4719499327590193,29.0,194.37975
2020-10-06 03:00:00,10.100300000000004,49.19601989400553,2.201628820726521,25.0,213.95544
2020-10-06 04:00:00,12.29525000000001,42.70809980336702,2.196862848245254,56.0,295.62573
2020-10-06 05:00:00,14.084000000000003,37.76895687525146,2.1932349451204107,53.0,389.68604
2020-10-06 06:00:00,15.33322000000004,32.867136995700456,2.5385607313984613,30.0,600.1199
2020-10-06 07:00:00,15.504970000000014,33.70360614532417,3.0085769537119047,30.0,859.572
2020-10-06 08:00:00,15.843530000000044,29.801788091611304,2.9494609332371566,17.0,1038.8472
2020-10-06 09:00:00,15.786400000000015,27.446138834942232,2.7938807922468003,20.0,1163.03
2020-10-06 10:00:00,15.790120000000002,25.731675900714148,2.6328361860385256,41.0,1199.071
2020-10-06 11:00:00,15.543080000000032,25.03741421292008,2.4636344827641397,41.0,1169.3245
2020-10-06 12:00:00,15.005150000000015,25.191324764581992,2.1922118263036285,37.0,739.7649
2020-10-06 13:00:00,13.594870000000014,26.87148403008087,2.079836046929796,44.0,151.18343
2020-10-06 14:00:00,12.221580000000017,27.546793271569037,1.5878579840558664,44.0,65.771484
2020-10-06 15:00:00,11.195370000000025,28.89673981853792,0.6335777754755535,49.0,32.648163
2020-10-06 16:00:00,10.631979999999999,29.74452254677067,0.4265367419470671,55.0,26.92865
2020-10-06 17:00:00,9.872600000000034,32.20979287934119,0.8019216398146143,55.0,21.611328
2020-10-06 18:00:00,8.15258,37.72688731477943,1.2389370493818825,55.0,19.472717
2020-10-06 19:00:00,6.0646600000000035,47.78549222101835,1.7303369576822023,57.0,23.661577
2020-10-06 20:00:00,5.231899999999996,52.24219109311569,1.883596107525141,47.0,24.118298
2020-10-06 21:00:00,4.636900000000026,55.32335355939282,2.0259576718049073,47.0,20.13574
2020-10-06 22:00:00,4.095670000000041,58.32134268045924,2.0337578722237573,51.0,15.719862
2020-10-06 23:00:00,3.553920000000005,61.353768645710666,1.9299903831470568,47.0,21.89267
2020-10-07 00:00:00,3.1431800000000294,63.57192947845862,1.9041906148435375,39.0,17.738968
2020-10-07 01:00:00,2.7827700000000277,65.74992839418098,1.936356364354253,46.0,13.48865
2020-10-07 02:00:00,2.7368700000000104,68.07340586260578,1.874398706470087,46.0,12.226404
2020-10-07 03:00:00,6.278160000000014,60.26385403355782,0.9054092870100627,46.0,34.210403
2020-10-07 04:00:00,11.481400000000008,34.1489002959957,0.39030192666834085,36.0,172.57872
2020-10-07 05:00:00,13.871970000000033,27.719070604101915,1.2021266946554552,36.0,407.05444
2020-10-07 06:00:00,15.632470000000012,24.618809890094326,1.6873258282642272,38.0,648.605
2020-10-07 07:00:00,17.378930000000025,24.359859308582497,2.139170665382947,24.0,861.3657
2020-10-07 08:00:00,18.48123000000004,22.495038006201334,2.4238570102660844,24.0,1004.8364
2020-10-07 09:00:00,19.03970000000004,21.08614573032188,2.5444201490410383,20.0,1180.4409
2020-10-07 10:00:00,19.17315000000002,20.209866110282235,2.655015449554375,23.0,1194.0222
2020-10-07 11:00:00,18.76090000000005,20.161559128800327,2.637986885239062,23.0,1065.4861
2020-10-07 12:00:00,17.707850000000008,22.15086548145656,2.2744011180334067,26.0,743.7134
2020-10-07 13:00:00,15.635280000000023,25.18477020417737,2.53183426668294,41.0,158.85535
2020-10-07 14:00:00,13.860000000000014,27.493657037768077,2.473803880794522,32.0,109.72986
2020-10-07 15:00:00,12.3553,30.046584954368424,2.2602105255378713,32.0,83.86357
2020-10-07 16:00:00,10.786770000000047,33.82006000517129,2.0154342480469314,30.0,60.406128
2020-10-07 17:00:00,9.141440000000046,38.844349334703374,1.8734024963464873,45.0,43.670803
2020-10-07 18:00:00,7.775869999999998,43.414847381344885,1.8245841982434516,45.0,36.70498
2020-10-07 19:00:00,6.931020000000046,47.98871730519129,1.7573700162546295,64.0,32.023888
2020-10-07 20:00:00,6.169759999999997,51.03082291727094,1.8610304639382587,69.0,28.171972
2020-10-07 21:00:00,5.565760000000012,53.840423124624046,1.843114855685406,76.0,19.853043
2020-10-07 22:00:00,4.913049999999998,56.78225029916367,1.776862521358926,66.0,15.642747
2020-10-07 23:00:00,4.42568,58.76472351193094,1.7080461539731326,66.0,15.099781
2020-10-08 00:00:00,4.180630000000008,59.266844437493084,1.743564417103541,73.0,12.7629595
2020-10-08 01:00:00,3.962100000000021,59.75844519377754,1.8136322993926446,61.0,11.301315
2020-10-08 02:00:00,4.085700000000031,61.314625469862925,1.7061772248154254,61.0,11.431548
2020-10-08 03:00:00,7.771360000000016,53.496567427598286,0.8142640173139782,46.0,27.65384
2020-10-08 04:00:00,12.488370000000032,35.56543862974763,0.3839447452861206,51.0,131.52997
2020-10-08 05:00:00,15.019530000000032,27.572954223511353,0.9068769942244702,49.0,398.71582
2020-10-08 06:00:00,16.754170000000045,23.48159579842234,1.6903866009476465,49.0,809.3508
2020-10-08 07:00:00,18.048730000000035,22.814977084186324,2.4366983773157216,32.0,1093.2949
2020-10-08 08:00:00,18.708280000000002,21.704024542342793,2.7721168687113673,32.0,1280.2566
2020-10-08 09:00:00,18.91897,20.59506733851951,2.9142922014562385,20.0,1394.5486
2020-10-08 10:00:00,18.75192000000004,19.32071094081313,2.998493146067126,20.0,1467.8279
2020-10-08 11:00:00,18.185270000000003,17.60373694722088,3.1397383145787927,19.0,1339.8884
2020-10-08 12:00:00,17.101770000000045,16.412299424298876,2.917889686156202,29.0,877.57324
2020-10-08 13:00:00,14.924680000000023,16.96355755246886,2.859679064259502,29.0,258.69492
2020-10-08 14:00:00,13.26547000000005,18.160737525352086,2.9059151934326852,20.0,222.00682
2020-10-08 15:00:00,11.872029999999995,20.498194487599136,3.02881810171158,25.0,241.7004
2020-10-08 16:00:00,10.612570000000005,24.046493013318077,3.0230114206188845,29.0,244.18036
2020-10-08 17:00:00,9.499480000000005,29.38019319627208,2.804569038750505,29.0,223.41827
2020-10-08 18:00:00,8.515370000000019,35.81368192552798,2.3366480626776682,22.0,193.74672
2020-10-08 19:00:00,7.720700000000022,43.43821514370618,2.0638712002918864,22.0,162.78755
2020-10-08 20:00:00,6.698480000000018,49.848182173638776,1.6289036297029762,35.0,133.21413
2020-10-08 21:00:00,6.9097000000000435,50.460568609312624,1.196907032149619,35.0,108.12103
2020-10-08 22:00:00,7.829800000000034,47.757323477728306,0.8371725966928366,44.0,84.579346
2020-10-08 23:00:00,7.6370000000000005,48.70962437173356,0.6079409020780573,49.0,63.848804
2020-10-09 00:00:00,7.360280000000046,49.499552559031955,0.15534091887062662,49.0,40.111977
2020-10-09 01:00:00,7.005820000000028,50.39199556269788,0.5606539626424591,48.0,48.332397
2020-10-09 02:00:00,5.61318,56.977657329656694,1.140769321195131,62.0,58.537918
2020-10-09 03:00:00,6.6993700000000445,55.402162666567776,1.077360530641397,60.0,132.79701
2020-10-09 04:00:00,9.121000000000038,46.49699836947382,1.3578007572209,60.0,287.97794
2020-10-09 05:00:00,11.046260000000018,40.40303024167555,1.7629506304686613,60.0,464.82178
2020-10-09 06:00:00,12.489700000000028,36.17251335795868,2.1280330424941667,36.0,689.1997
2020-10-09 07:00:00,14.165980000000047,31.9980267745243,2.340289035846505,34.0,903.02026
2020-10-09 08:00:00,15.090970000000027,29.44062272278749,2.3539905888637973,36.0,1089.9846
2020-10-09 09:00:00,15.603000000000009,27.74495649293085,2.0800066272020987,36.0,1234.992
2020-10-09 10:00:00,15.737880000000018,26.746711207294275,1.7041851214909747,42.0,1365.52
2020-10-09 11:00:00,15.542840000000012,26.624330567874413,1.5070765162117636,42.0,1314.9336
2020-10-09 12:00:00,14.947840000000042,27.921278061899354,1.370671677976742,45.0,1059.6582
2020-10-09 13:00:00,13.8245,31.101865485331142,1.5322690892234856,45.0,101.50685
2020-10-09 14:00:00,12.100060000000042,35.89543669369855,1.241349840205548,45.0,54.15869
2020-10-09 15:00:00,11.840329999999994,36.381968327966426,0.7807896878725415,46.0,37.460663
2020-10-09 16:00:00,11.100240000000042,38.548764968377824,0.30699463025784884,46.0,31.114883
2020-10-09 17:00:00,10.42147,40.61268031112172,0.4626047643929523,60.0,25.078728
2020-10-09 18:00:00,9.767100000000028,42.470920197683114,0.9977985034594422,55.0,16.11557
2020-10-09 19:00:00,8.54140000000001,46.70057674767044,1.1532938885450934,44.0,14.179316
2020-10-09 20:00:00,6.664060000000006,52.94813501027104,1.5816441965862373,44.0,15.067384
2020-10-14 03:00:00,7.745400000000018,64.60860465082455,1.2232896952545127,63.0,25.032898
2020-10-14 04:00:00,13.988920000000007,41.69311677490321,0.580311932952451,18.0,104.9223
2020-10-14 05:00:00,16.75698,30.7713182485903,0.4013460859200878,18.0,344.31738
2020-10-14 06:00:00,18.53090000000003,26.76855910534852,0.9363451799036331,17.0,607.70386
2020-10-14 07:00:00,19.74734000000001,24.991267463235246,1.4473825278452799,14.0,849.8008
2020-10-14 08:00:00,20.66577000000001,22.968396672533924,1.8241822546048079,37.0,1016.62085
2020-10-14 09:00:00,21.154629999999997,21.568492527533667,2.2622902612167897,40.0,1124.9214
2020-10-14 10:00:00,21.267240000000015,20.75626709379753,2.5377176315524723,35.0,1320.8748
2020-10-14 11:00:00,20.876599999999996,20.694293911523623,2.6801748418259286,46.0,1283.8315
2020-10-14 12:00:00,19.71487000000002,22.877106960710623,2.0880566060787076,81.0,238.91232
2020-10-14 13:00:00,17.898220000000038,25.65084418854087,2.1923766993945746,80.0,87.92221
2020-10-14 14:00:00,16.065060000000017,29.28832022854837,1.7162346972174292,79.0,51.394714
2020-10-14 15:00:00,14.25,34.20363528885393,1.3373346847888739,79.0,38.24463
2020-10-14 16:00:00,13.23037000000005,36.72050201849496,1.3062842531980894,91.0,27.115458
2020-10-14 17:00:00,11.092430000000036,42.968308699326734,1.792437634760914,92.0,18.463959
2020-10-14 18:00:00,9.789940000000001,47.345477221207375,2.2283426730104146,92.0,16.349741
2020-10-14 19:00:00,8.794920000000047,52.79796680080177,2.2797091603840016,88.0,15.074026
2020-10-14 20:00:00,8.172400000000039,56.56997459691456,2.2384435065183035,88.0,13.968467
2020-10-14 21:00:00,7.742180000000019,59.54061452417124,2.2661528858701607,82.0,14.038248
2020-10-14 22:00:00,7.413080000000036,61.79280621307139,2.25675590305086,59.0,15.811797
2020-10-14 23:00:00,7.150599999999997,63.511490568545554,2.2628446805358693,59.0,19.20808
2020-10-15 00:00:00,6.914100000000019,64.80159272097976,2.229553096343683,71.0,24.94358
2020-10-15 01:00:00,6.696860000000015,65.85402441613908,2.148664217203372,69.0,24.500088
2020-10-15 02:00:00,6.530799999999999,67.04097614960828,2.0774777372365603,65.0,19.673374
2020-10-15 03:00:00,8.79122000000001,62.48071129422651,1.3987621767043383,65.0,27.692951
2020-10-15 04:00:00,14.465480000000014,42.0648798968282,0.8718830847104014,64.0,92.64856
2020-10-15 05:00:00,17.461760000000027,31.43760257360666,0.8979304375604562,118.0,298.38013
2020-10-15 06:00:00,19.432200000000023,26.84233584472854,1.0861702391047807,59.0,516.9077
2020-10-15 07:00:00,20.957850000000008,23.65328332329072,1.3884672086331973,59.0,796.5364
2020-10-15 08:00:00,21.989160000000027,21.021801781656283,1.927350823767134,41.0,975.3706
2020-10-15 09:00:00,22.506740000000036,19.448422543578474,2.382529461365263,41.0,1106.9685
2020-10-15 10:00:00,22.586760000000027,18.668202521789205,2.614694662050942,36.0,1219.0151
2020-10-15 11:00:00,22.21804000000003,18.656878192770186,2.7170883296657933,38.0,1164.7849
2020-10-15 12:00:00,20.894300000000044,20.821009807294384,2.096580435771645,71.0,207.0903
2020-10-15 13:00:00,18.939900000000023,23.3174296295628,2.4025702540206395,71.0,87.01312
2020-10-15 14:00:00,16.987120000000004,26.694555993308125,1.764043923991656,69.0,59.51735
2020-10-15 15:00:00,15.65930000000003,30.169193597162835,1.1399536515010456,111.0,39.831085
2020-10-15 16:00:00,14.672270000000026,32.761012148240496,1.2019119218392336,111.0,26.786346
2020-10-15 17:00:00,12.074880000000007,40.28727021384446,1.790721662539326,103.0,15.943564
2020-10-15 18:00:00,10.53472000000005,45.82902200900751,2.275629693178811,107.0,16.168741
2020-10-15 19:00:00,9.400540000000035,55.876736405511174,2.3473017827307854,66.0,16.860352
2020-10-15 20:00:00,8.897180000000048,59.12179962371383,2.3685667643190222,71.0,16.906921
2020-10-15 21:00:00,8.525480000000016,61.44544781036262,2.3306665342874884,64.0,16.820385
2020-10-15 22:00:00,8.191920000000039,63.31538782877018,2.281336668793427,75.0,21.733082
2020-10-15 23:00:00,7.910060000000044,64.27370492826695,2.200366340957646,61.0,29.842665
2020-10-16 00:00:00,7.678200000000004,64.29185840908897,2.186229644430868,59.0,36.23274
2020-10-16 01:00:00,7.378700000000038,64.47682119597643,2.190142767236298,62.0,33.335487
2020-10-16 02:00:00,7.0591400000000135,65.58977351907097,2.174768657185341,73.0,22.850948
2020-10-16 03:00:00,9.217300000000023,59.864036699288796,1.5431655122517092,73.0,29.472025
2020-10-16 04:00:00,15.038260000000037,42.360377024728436,0.8897905088771195,61.0,88.91875
2020-10-16 05:00:00,18.34182000000004,31.3444086828271,0.5707974699512425,54.0,296.1947
2020-10-16 06:00:00,20.37832000000003,26.587971744973665,0.890912614745286,58.0,495.43726
2020-10-16 07:00:00,21.481960000000015,24.629128039695168,1.6388851908311308,52.0,696.8638
2020-10-16 08:00:00,22.476040000000012,22.400334644678246,2.1051328479659994,45.0,887.2053
2020-10-16 09:00:00,22.93392,20.96620547505301,2.441503966057725,38.0,1013.40674
2020-10-16 10:00:00,22.992760000000033,20.20621099742271,2.5869622900018467,46.0,1121.0161
2020-10-16 11:00:00,22.48293000000001,20.335093938951424,2.5300064919431215,46.0,1064.9285
2020-10-16 12:00:00,21.100300000000004,22.527979017609223,2.1082962152284854,58.0,202.01202
2020-10-16 13:00:00,19.114100000000008,25.20426067315414,2.0555824830531972,78.0,76.99776
2020-10-16 14:00:00,16.93100000000004,30.58343891293431,1.2108765646492679,78.0,44.22519
2020-10-16 15:00:00,17.08865000000003,29.230001479431593,0.6358681987659897,114.0,33.022064
2020-10-16 16:00:00,16.08820000000003,31.790568882155558,0.9464456341752018,102.0,21.638218
2020-10-16 17:00:00,12.893760000000043,40.21248384182609,1.6365835805270217,103.0,14.473303
2020-10-16 18:00:00,10.763570000000016,46.909591099947065,2.2449389838631673,83.0,14.454765
2020-10-16 19:00:00,9.561599999999999,51.131120574958466,2.3840995585017684,83.0,15.4736
2020-10-16 20:00:00,8.68932000000001,54.659333405055406,2.257025226935669,70.0,15.618507
2020-10-16 21:00:00,8.056399999999996,57.41960578398581,2.157197489188392,70.0,16.139053
2020-10-16 22:00:00,7.560879999999997,59.461195589554706,2.1464797924402874,65.0,22.086004
2020-10-16 23:00:00,7.184349999999995,60.88897103743156,2.1914515768523115,62.0,24.967224
2020-10-17 00:00:00,6.86790000000002,62.060441604221516,2.2663828139315076,62.0,23.405468
2020-10-17 01:00:00,6.563440000000014,63.115831525061544,2.304647065386962,62.0,21.122269
2020-10-17 02:00:00,6.3564400000000205,63.94851491057078,2.291504355157882,62.0,19.706768
2020-10-17 03:00:00,8.611800000000017,57.43605411340127,1.551712342450785,70.0,26.468338
2020-10-17 04:00:00,14.69082000000003,40.848261433201934,0.8887797066314876,73.0,78.82504
2020-10-17 05:00:00,18.33250000000004,30.47664965199296,0.8363699593001179,73.0,295.22144
2020-10-17 06:00:00,20.363920000000007,25.706645360080955,1.1698050818799215,66.0,597.0669
2020-10-17 07:00:00,21.926720000000046,21.64710034740476,1.911911323458706,48.0,885.0432
2020-10-17 08:00:00,22.787320000000022,18.969489818326373,2.1105559236915243,43.0,1091.6877
2020-10-17 09:00:00,23.20532000000003,17.4033636986334,2.2569637197176373,36.0,1220.4336
2020-10-17 10:00:00,23.210300000000018,16.8069265467034,2.262269203343811,43.0,1455.512
2020-10-17 11:00:00,22.687160000000006,17.185630571128264,2.100141008247363,43.0,1324.5242
2020-10-17 12:00:00,21.413350000000037,19.702000163568474,1.6993039862702053,61.0,162.63602
2020-10-17 13:00:00,19.40780000000001,22.905019832961333,1.4975126681568482,76.0,52.185684
2020-10-17 14:00:00,18.05260000000004,25.63424025576328,0.8863810177950193,129.0,31.981298
2020-10-17 15:00:00,16.907500000000027,27.860062324201344,1.0317710100447919,129.0,25.473131
2020-10-17 16:00:00,13.395100000000014,35.586747226539686,1.7706984678930748,111.0,19.967468
2020-10-17 17:00:00,11.3442,40.03200618166261,2.4716229288036575,93.0,18.49718
2020-10-17 18:00:00,10.087500000000034,42.95632533299177,2.5178480070764047,94.0,17.679707
2020-10-17 19:00:00,9.117520000000013,48.379102701293846,2.4870181906687074,73.0,17.691868
2020-10-17 20:00:00,8.33035000000001,51.80168490482482,2.4476946629683307,68.0,17.25576
2020-10-17 21:00:00,7.694000000000017,54.93419598202953,2.4242568110265825,68.0,16.594625
2020-10-17 22:00:00,7.2739500000000135,57.25274621251449,2.3875725342596925,80.0,13.3085375
2020-10-17 23:00:00,6.914940000000001,59.16112369518124,2.354091971734799,68.0,13.0376005
2020-10-18 00:00:00,6.588530000000048,61.024157874909,2.3657741658756275,68.0,13.07246
2020-10-18 01:00:00,6.2538000000000125,62.87987306216661,2.3444338976171393,81.0,12.828894
2020-10-18 02:00:00,6.073400000000049,64.110531851963,2.28677943571339,74.0,12.338681
2020-10-18 03:00:00,8.430440000000033,57.066285079988134,1.581009182491048,74.0,13.523216
2020-10-18 04:00:00,14.71517,40.85796143689367,0.8383194762433633,52.0,58.824463
2020-10-18 05:00:00,18.91207000000003,27.142457693277784,0.057697950573032175,52.0,254.78906
2020-10-18 06:00:00,21.024320000000046,22.17589636354965,0.9397038225548783,46.0,560.771
2020-10-18 07:00:00,22.296780000000012,20.160163043353588,1.6330699299388562,43.0,927.91943
2020-10-18 08:00:00,23.204200000000014,18.372210376234538,2.2245686353318974,36.0,1217.0618
2020-10-18 09:00:00,23.643700000000024,17.24582075821616,2.6322780652608513,34.0,1359.9951
2020-10-18 10:00:00,23.691200000000038,16.57025294673988,2.923871507931436,29.0,1421.5376
2020-10-18 11:00:00,23.167140000000018,16.789155101376593,3.000649341521973,46.0,1298.1064
2020-10-18 12:00:00,21.448540000000037,19.04300879958219,2.584193024030227,46.0,251.02124
2020-10-18 13:00:00,18.884900000000016,21.80944919016529,2.9833692522184063,42.0,116.149216
2020-10-18 14:00:00,16.921960000000013,24.152554530068574,2.871815228628838,42.0,110.31885
2020-10-18 15:00:00,15.33907000000005,26.6425768654835,2.640560487726623,68.0,100.97426
2020-10-18 16:00:00,13.633870000000002,30.427468605891523,2.3883041847559388,82.0,64.21892
2020-10-18 17:00:00,11.930870000000027,35.282425963770635,2.284767925629778,82.0,37.417553
2020-10-18 18:00:00,10.635280000000023,39.852354761027854,2.234561903469734,82.0,29.13832
2020-10-18 19:00:00,9.675620000000038,45.0736250387985,2.2746783369550627,70.0,23.944351
2020-10-18 20:00:00,9.020780000000002,48.19773081348458,2.377361028859952,64.0,19.14732
2020-10-18 21:00:00,8.540830000000028,50.93425728524314,2.452470502025874,82.0,16.549381
2020-10-18 22:00:00,8.185330000000022,53.30896957002772,2.4506794227250612,65.0,12.5788
2020-10-18 23:00:00,7.95297000000005,55.144210472297495,2.4161649561442697,50.0,12.763975
2020-10-19 00:00:00,7.830960000000005,56.693535867043266,2.339469932666132,50.0,12.5426445
2020-10-19 01:00:00,7.730070000000012,58.11784398514425,2.2940469643953993,58.0,12.530984
2020-10-19 02:00:00,7.572230000000047,59.94805131849558,2.2693192945631093,69.0,12.65964
2020-10-19 03:00:00,9.488800000000026,56.3342766595626,1.5795299059650434,86.0,13.378834
2020-10-19 04:00:00,15.52430000000004,41.207459460646696,0.7211152336513462,66.0,63.569977
2020-10-19 05:00:00,19.25290000000001,27.49741253472709,0.5309825091105047,66.0,224.45444
2020-10-19 06:00:00,21.39987000000002,23.18293124469646,1.1514269783102566,67.0,386.16504
2020-10-19 07:00:00,23.1293,21.93654582679255,1.9760698864192352,62.0,542.2197
2020-10-19 08:00:00,24.173000000000002,19.949157491959237,2.4773923790685335,58.0,669.7366
2020-10-19 09:00:00,24.712199999999996,18.433484077075377,2.776049683880128,58.0,765.479
2020-10-19 10:00:00,24.79952000000003,17.667107082338312,2.8371763990085705,61.0,785.4734
2020-10-19 11:00:00,24.290250000000015,17.80545398225494,2.613574289933678,61.0,738.82104
2020-10-19 12:00:00,22.62270000000001,20.065723855291502,2.1285948653346174,102.0,140.76952
2020-10-19 13:00:00,20.332670000000007,22.78709526505655,1.6749136575499242,75.0,47.60742
2020-10-19 14:00:00,17.70553000000001,28.0352114285615,1.3977767721764445,108.0,30.564789
2020-10-19 15:00:00,16.36474000000004,30.26633875138364,1.4246090440321488,108.0,27.195114
2020-10-19 16:00:00,14.761000000000024,34.27570920643336,1.7694929144739886,123.0,22.087107
2020-10-19 17:00:00,12.806420000000003,39.80309954636794,2.3619057678209945,113.0,22.871428
2020-10-19 18:00:00,11.456080000000043,44.42677319278856,2.448316903533337,73.0,20.011335
2020-10-19 19:00:00,10.159700000000043,48.24548793856744,2.3770412304518405,73.0,17.282017
2020-10-19 20:00:00,9.363800000000026,51.138956557256364,2.278661192592486,80.0,17.855698
2020-10-19 21:00:00,8.777120000000025,53.04263771997047,2.3000947271072665,80.0,19.605461
2020-10-19 22:00:00,8.30364000000003,54.24512632461587,2.3405595020106995,81.0,19.803818
2020-10-19 23:00:00,7.844449999999995,55.22291414895294,2.4337469856885723,69.0,16.420227
2020-10-20 00:00:00,7.401200000000017,56.016862907780435,2.4785197122090943,74.0,20.100006
2020-10-20 01:00:00,7.018400000000042,56.40993370620105,2.4641442904081954,79.0,22.520283
2020-10-20 02:00:00,6.767899999999997,56.28669271966214,2.402706703901126,75.0,18.130266
2020-10-20 03:00:00,9.020650000000046,49.77720926113332,1.7885118745020157,97.0,21.419172
2020-10-20 04:00:00,15.049500000000023,36.80165497469724,1.2044462366648419,97.0,67.5596
2020-10-20 05:00:00,19.523950000000013,27.05626528131568,1.5631663569047973,100.0,229.43181
2020-10-20 06:00:00,21.715400000000045,22.78905823354575,1.8666466422562682,83.0,424.06177
2020-10-20 07:00:00,23.24505000000005,19.904298794478596,1.9102045383061679,59.0,617.42017
2020-10-20 08:00:00,24.21210000000002,18.19850017018975,1.9984815690840487,59.0,771.2156
2020-10-20 09:00:00,24.636960000000045,17.37374903725121,2.1403513768334754,46.0,884.96265
2020-10-20 10:00:00,24.58212000000003,17.28390635577696,2.106549035869719,72.0,948.0117
2020-10-20 11:00:00,23.94150000000002,18.25847156095991,1.9698327372519753,78.0,812.42944
2020-10-20 12:00:00,22.487480000000005,21.04829313352808,1.746921815923513,78.0,107.96974
2020-10-20 13:00:00,20.123620000000017,25.677453852582758,1.1571261625617524,99.0,25.737343
2020-10-20 14:00:00,19.41873000000004,26.06431852418846,0.558305541582222,90.0,17.093681
2020-10-20 15:00:00,18.215660000000014,28.31133810373111,0.9632861790901979,150.0,17.359451
2020-10-20 16:00:00,15.365620000000035,34.20810045616639,1.5410391566911108,128.0,18.626663
2020-10-20 17:00:00,12.85214000000002,39.90867726192684,2.0881391590704004,120.0,21.04683
2020-10-20 18:00:00,11.395440000000008,43.10067504208934,2.3894961249129176,113.0,21.716324
2020-10-20 19:00:00,10.748620000000017,45.29770170800399,2.5038726530136572,95.0,21.003494
2020-10-20 20:00:00,10.02896000000004,46.90480356588371,2.4881514475646394,95.0,20.914322
2020-10-20 21:00:00,9.473900000000015,48.20932259876743,2.459917919929275,79.0,21.064571
2020-10-20 22:00:00,8.985740000000021,49.52652212454627,2.378017419107415,79.0,24.569033
2020-10-20 23:00:00,8.51925,51.00960328704341,2.273133546456303,65.0,25.850483
2020-10-21 00:00:00,8.090880000000027,52.58567325872193,2.211043574778218,73.0,25.529324
2020-10-21 01:00:00,7.7324500000000285,53.87963801996162,2.273134346548415,71.0,25.672739
2020-10-21 02:00:00,7.467980000000011,55.22641530693553,2.355983671893681,71.0,24.829468
2020-10-21 03:00:00,9.327330000000018,53.09308020583068,1.7315358098238625,73.0,31.957062
2020-10-21 04:00:00,15.57340000000005,37.44981136233519,1.1527349349828488,73.0,88.79213
2020-10-21 05:00:00,19.932150000000036,26.828744479566904,1.551566173028737,64.0,339.54816
2020-10-21 06:00:00,21.885580000000004,24.571889162572724,1.8424696456372023,59.0,790.1301
2020-10-21 07:00:00,23.167700000000025,22.718002065361873,2.3499160326950514,50.0,1252.26
2020-10-21 08:00:00,23.868899999999996,21.146141856887176,2.397800108757002,47.0,1435.7405
2020-10-21 09:00:00,24.16918000000004,19.961821746921448,2.2910546902815763,45.0,1543.6523
2020-10-21 10:00:00,24.128900000000044,19.291884706890343,2.1287193010236765,46.0,1647.3562
2020-10-21 11:00:00,23.65450000000004,19.52305632407177,1.9012175955245758,46.0,1528.6597
2020-10-21 12:00:00,22.36202000000003,21.95382918287961,1.5637930636600699,46.0,54.261627
2020-10-21 13:00:00,19.91393000000005,27.243970232365577,0.9107434832702134,90.0,22.640732
2020-10-21 14:00:00,17.774620000000027,29.4810846974885,1.312526121174634,90.0,29.069931
2020-10-21 15:00:00,15.23153000000002,34.18624264646498,1.72492509041362,85.0,34.434418
2020-10-21 16:00:00,13.141020000000026,38.30271755075724,2.17284353682915,72.0,36.070496
2020-10-21 17:00:00,12.533170000000041,38.511746187814325,2.611107508997318,72.0,39.451614
2020-10-21 18:00:00,11.646020000000021,39.4278068852579,2.4827866124912488,78.0,43.38115
2020-10-21 19:00:00,11.797780000000046,39.4393424502147,2.575639316179206,70.0,47.40213
2020-10-21 20:00:00,11.28588000000002,39.500723191866626,2.40145757646628,63.0,51.40007
2020-10-21 21:00:00,10.525840000000017,41.34696586549012,1.7874282037660283,63.0,53.090515
2020-10-21 22:00:00,12.297750000000008,36.6672151581418,0.7609907862933826,62.0,48.51062
2020-10-21 23:00:00,12.141999999999996,37.40217889150976,0.7832660595223307,60.0,37.87033
2020-10-22 00:00:00,11.740560000000016,38.75910326180727,0.11684964227623677,60.0,52.943497
2020-10-22 01:00:00,9.85256000000004,46.80527427519474,1.333203150488964,69.0,143.02324
2020-10-22 02:00:00,9.95043000000004,49.58138432907182,1.8095446650114635,45.0,221.48923
2020-10-22 03:00:00,10.697870000000023,48.92076997314441,1.6864173904037547,43.0,231.79375
2020-10-22 04:00:00,11.379000000000019,47.878590173133205,1.5334412025665836,43.0,252.38835
2020-10-22 05:00:00,12.368340000000046,45.18407257898307,1.466564897161971,42.0,366.79034
2020-10-22 06:00:00,13.974700000000041,41.03697942590692,2.211415791349237,35.0,654.5791
2020-10-22 07:00:00,15.762380000000007,36.6459419482457,2.648441878185927,34.0,941.2234
2020-10-22 08:00:00,16.39468000000005,34.94371272328653,2.661885058464653,34.0,1111.2146
2020-10-22 09:00:00,16.600270000000023,34.18040798562732,2.5631073406278513,25.0,1230.8081
2020-10-22 10:00:00,16.577840000000037,33.88323308005608,2.3773341311554357,26.0,1212.5952
2020-10-22 11:00:00,16.077050000000042,34.36451970552443,2.6241161750398962,22.0,1034.8623
2020-10-22 12:00:00,14.903740000000028,36.082975267923295,2.639339930350191,24.0,587.01953
2020-10-22 13:00:00,13.046870000000013,39.46696030528797,2.496073398177227,33.0,254.68913
2020-10-22 14:00:00,11.880030000000033,41.598954862455365,2.183834327757985,25.0,210.05205
2020-10-22 15:00:00,11.02197000000001,43.363103232597545,1.9695318883734156,25.0,184.55634
2020-10-22 16:00:00,10.378870000000006,44.92745582370917,1.8750307766513594,25.0,155.96758
2020-10-22 17:00:00,9.775400000000047,46.55000957730461,1.9765099046414034,29.0,140.8458
2020-10-22 18:00:00,9.285030000000006,47.774477122772076,2.139934189486268,29.0,145.74495
2020-10-22 19:00:00,9.145840000000021,49.34140753144845,1.8808512969055688,23.0,147.05794
2020-10-22 20:00:00,9.066670000000045,49.20532934553282,1.8558750762792278,23.0,164.9996
2020-10-22 21:00:00,9.123130000000003,48.550320612458535,1.8268802671027184,23.0,206.48393
2020-10-22 22:00:00,9.187280000000044,48.0126568483359,1.7507463656549056,29.0,172.91187
2020-10-22 23:00:00,9.108900000000006,48.113230364250164,1.5547814207389443,23.0,178.47957
2020-10-23 00:00:00,9.003750000000025,48.42333674503891,1.269233194711614,23.0,140.60223
2020-10-23 01:00:00,8.770530000000008,49.33239925062814,1.094057362570929,27.0,106.26275
2020-10-23 02:00:00,8.485600000000034,51.01602114333828,1.1016690763853227,39.0,71.129456
2020-10-23 03:00:00,8.873500000000035,49.72056919395122,1.0953093108430376,31.0,161.95325
2020-10-23 04:00:00,9.44010000000003,48.371216738305904,1.2262660997657238,31.0,308.93726
2020-10-23 05:00:00,10.243130000000008,46.35693405869466,1.5147576593646463,24.0,860.5061
2020-10-23 06:00:00,10.98556000000002,44.98694754759646,1.86776987455847,21.0,1456.218
2020-10-23 07:00:00,12.70052000000004,39.35883632094637,2.858717582795553,22.0,1873.3735
2020-10-23 08:00:00,13.189800000000048,35.65832181447131,3.1775931808031843,24.0,1965.9519
2020-10-23 09:00:00,13.313649999999996,34.77749865229954,3.0362906461448413,21.0,1954.0918
2020-10-23 10:00:00,13.250100000000032,34.21654061747214,2.9875733443968535,21.0,1925.0134
2020-10-23 11:00:00,12.909330000000011,34.65655103156651,2.8039808148738983,25.0,1550.4927
2020-10-23 12:00:00,12.322530000000029,35.47950475841111,2.265303810011934,40.0,1242.4143
2020-10-23 13:00:00,11.317560000000014,37.23195468562739,1.6936288470592098,40.0,149.74802
2020-10-23 14:00:00,10.21750000000003,38.9380608880437,1.6867979504754562,57.0,66.81598
2020-10-23 15:00:00,8.877340000000004,41.59291139418911,1.698493558032569,57.0,50.35138
2020-10-23 16:00:00,7.540549999999996,45.850704670778505,1.5748758051693157,62.0,42.410385
2020-10-23 17:00:00,6.684050000000013,49.705718497670965,1.5261496255432132,49.0,33.880753
2020-10-23 18:00:00,5.909050000000036,53.641165384099104,1.5034846075203472,80.0,29.018984
2020-10-23 19:00:00,5.199600000000032,58.67642062162298,1.643895248155303,81.0,26.932135
2020-10-23 20:00:00,4.847100000000012,60.243587673843834,1.6939705081014516,40.0,27.602486
2020-10-23 21:00:00,4.614620000000002,61.41800217699629,1.743710573988092,57.0,30.285011
2020-10-23 22:00:00,4.39187000000004,62.68500595232533,1.8057952718013883,57.0,29.431961
2020-10-23 23:00:00,4.095240000000047,64.25325994020606,1.8699344613884974,54.0,32.851547
2020-10-24 00:00:00,4.00338000000005,64.83571055094517,1.962401874758697,64.0,36.94802
2020-10-24 01:00:00,3.9008699999999976,65.46397944938302,1.9605659176593526,55.0,37.892273
2020-10-24 02:00:00,3.727260000000001,66.24913558503864,1.9822469750188092,59.0,36.841904
2020-10-24 03:00:00,5.465000000000032,58.74847261564876,1.5667805918708593,59.0,46.50844
2020-10-24 04:00:00,9.316500000000019,44.52225744006706,1.2627543674845634,24.0,110.53685
2020-10-24 05:00:00,11.677120000000002,35.73088030136501,1.6782239925839817,22.0,640.4529
2020-10-24 06:00:00,13.095970000000023,31.646362678163463,1.6673459108416886,22.0,959.2986
2020-10-24 07:00:00,14.375020000000006,30.91724181577347,1.8214573170398092,20.0,1280.415
2020-10-24 08:00:00,14.939970000000017,30.33558676052328,2.070762221550789,24.0,1513.9807
2020-10-24 09:00:00,15.08420000000001,30.31768942587142,2.1396935242131523,19.0,1625.4407
2020-10-24 10:00:00,14.978480000000047,30.550977700023097,2.254054519100299,23.0,1710.1887
2020-10-24 11:00:00,14.546660000000031,31.327983792893022,2.4000359993106954,23.0,1480.2144
2020-10-24 12:00:00,13.670200000000023,33.08338717940321,2.1489464084866543,27.0,582.76807
2020-10-24 13:00:00,12.388760000000048,35.546957157917845,2.2741905173918853,36.0,203.00404
2020-10-24 14:00:00,11.340100000000007,37.364505534423614,2.225351275509309,29.0,190.51442
2020-10-24 15:00:00,10.431880000000035,38.8834486995058,2.0892681044937573,24.0,166.12299
2020-10-24 16:00:00,9.690940000000012,40.44975064417134,1.8310612128358381,34.0,117.24686
2020-10-24 17:00:00,8.860500000000002,42.93832443045149,1.6854311528172012,34.0,81.80327
2020-10-24 18:00:00,7.917400000000043,46.2601061103188,1.6510742582074118,39.0,50.9142
2020-10-24 19:00:00,6.395840000000021,51.4120774471932,1.7965543600244025,56.0,34.0745
2020-10-24 20:00:00,5.2678000000000225,55.91267467283745,1.8382367035758205,58.0,25.998444
2020-10-24 21:00:00,4.436900000000037,59.420645478329405,1.844272451157705,71.0,19.685614
2020-10-24 22:00:00,3.8555500000000507,61.98138469215815,1.8497242075425326,69.0,13.651605
2020-10-24 23:00:00,3.4184999999999945,63.837120981204926,1.8809308110515293,82.0,16.885014
2020-10-25 00:00:00,3.011130000000037,65.53415854268732,1.8710377750061964,82.0,19.15287
2020-10-25 01:00:00,2.6034200000000283,67.15447082327216,1.7946822073714668,113.0,15.034781
2020-10-25 02:00:00,2.265950000000032,69.03140122126564,1.7768117237999475,75.0,11.548351
2020-10-25 03:00:00,4.039100000000019,66.39725373354715,1.2335634565705746,75.0,11.142199
2020-10-25 04:00:00,10.025540000000035,43.21344874215557,0.6165913275139899,58.0,70.608246
2020-10-25 05:00:00,12.858540000000005,34.2532931888146,0.7071304711482559,40.0,387.06592
2020-10-25 06:00:00,14.489950000000022,30.928641468253403,1.0356202932375105,39.0,761.8093
2020-10-25 07:00:00,15.981200000000001,28.843985112214042,1.3425907222564935,39.0,966.73364
2020-10-25 08:00:00,16.78230000000002,27.0671768207569,1.4139864246983715,40.0,1095.6189
2020-10-25 09:00:00,17.27242000000001,25.855243896531093,1.5344439663500422,38.0,1165.8789
2020-10-25 10:00:00,17.361000000000047,25.467332944116215,1.7268463832639689,42.0,1179.9114
2020-10-25 11:00:00,16.935940000000016,25.958739830402987,1.6611842283315628,42.0,1059.8433
2020-10-25 12:00:00,15.901880000000006,28.09318150759703,1.5155109332816912,59.0,133.98074
2020-10-25 13:00:00,14.223170000000039,31.270168015316205,1.7867918799781386,75.0,60.89296
2020-10-25 14:00:00,12.30400000000003,35.545692565353264,1.9124278092659759,112.0,43.31836
2020-10-25 15:00:00,10.475120000000004,40.40874960759292,2.120557837052836,112.0,31.63733
2020-10-25 16:00:00,8.860160000000008,45.286423142070106,2.25334937052579,135.0,23.030045
2020-10-25 17:00:00,7.469500000000039,50.07406658860726,2.3376356638888125,114.0,18.306116
2020-10-25 18:00:00,6.32018000000005,54.46312686323273,2.4207262339294338,114.0,18.130222
2020-10-25 19:00:00,5.734100000000012,59.082954607540074,2.4302775091980275,87.0,18.961365
2020-10-25 20:00:00,5.22380000000004,60.820252057097576,2.4429775106674976,88.0,18.926403
2020-10-25 21:00:00,4.739160000000027,62.3493644402485,2.4372429314303115,74.0,17.70364
2020-10-25 22:00:00,4.229939999999999,64.06811139974253,2.4143794582338916,57.0,14.367053
2020-10-25 23:00:00,3.831700000000012,65.43835143272634,2.376022752895554,57.0,15.047713
2020-10-26 00:00:00,3.5124000000000137,66.74648639014475,2.3391926051787024,42.0,14.985839
2020-10-26 01:00:00,3.2656000000000063,68.10086468307755,2.2920330782767566,38.0,13.534665
2020-10-26 02:00:00,3.064050000000009,69.6436542489455,2.2986429003972466,31.0,13.512474
2020-10-26 03:00:00,5.081569999999999,62.443227953925934,1.6511972803557233,35.0,17.808998
2020-10-26 04:00:00,10.833460000000002,45.583452008688305,1.0647268562951884,35.0,52.8826
2020-10-26 05:00:00,15.447000000000003,33.4701693257763,0.1711610591588905,32.0,175.98944
2020-10-26 06:00:00,17.86273,27.26561136330753,0.269847421436383,43.0,401.73608
2020-10-26 07:00:00,19.630200000000002,24.70204399181014,0.7935056291875545,42.0,621.7866
2020-10-26 08:00:00,20.78030000000001,22.377414669274653,1.8776266457394826,44.0,801.844
2020-10-26 09:00:00,21.141380000000026,21.753065853590492,2.5300643583010176,49.0,960.6738
2020-10-26 10:00:00,21.043100000000038,22.18963943983182,2.589348732313637,55.0,1186.5002
2020-10-26 11:00:00,20.53475000000003,23.26084293103348,2.0338173128738974,45.0,1110.0632
2020-10-26 12:00:00,19.350150000000042,25.626594358816888,1.2738647165989094,61.0,70.53883
2020-10-26 13:00:00,18.034780000000012,27.794888060355003,0.2772110405151339,85.0,25.51455
2020-10-26 14:00:00,15.282700000000034,33.563080072043256,1.3614718929260528,85.0,21.71376
2020-10-26 15:00:00,12.09844000000004,40.90277175654397,2.1469049789217034,96.0,23.033157
2020-10-26 16:00:00,10.435200000000009,44.54405146362378,2.421146147682572,68.0,22.31607
2020-10-26 17:00:00,9.088160000000016,47.66952583753572,2.349482023185036,68.0,17.886936
2020-10-26 18:00:00,8.159199999999998,49.54498482586946,2.349114858477876,69.0,14.945901
2020-10-26 19:00:00,7.555870000000027,50.45560247669006,2.450660522663808,50.0,13.329588
2020-10-26 20:00:00,6.830830000000049,51.553305247639656,2.470473585547306,33.0,12.888866
2020-10-26 21:00:00,6.184400000000039,52.3516700534533,2.4521333166600727,33.0,13.524824
2020-10-26 22:00:00,5.780700000000024,52.281888814913714,2.3766615937412734,37.0,13.674676
2020-10-26 23:00:00,5.672780000000046,51.23282393066549,2.284187051327757,37.0,15.3130865
2020-10-27 00:00:00,5.709249999999997,49.73296627328828,2.2078247360051027,51.0,16.525618
2020-10-27 01:00:00,5.652000000000044,48.52899292400652,2.2298000950574743,51.0,14.925926
2020-10-27 02:00:00,5.45168000000001,48.240334913771804,2.232628975092013,67.0,13.287488
2020-10-27 03:00:00,6.736900000000048,46.46652751257291,1.7608848855504458,61.0,12.421365
2020-10-27 04:00:00,12.257600000000025,36.399576056258965,0.7377130351887922,38.0,41.86554
2020-10-27 05:00:00,17.14602000000002,22.927486543873428,0.7298353629922247,38.0,205.35864
2020-10-27 06:00:00,19.275570000000016,20.03310462397274,1.533801601069252,53.0,462.95874
2020-10-27 07:00:00,21.19840000000005,18.582424098645284,2.6843576972596424,59.0,801.10376
2020-10-27 08:00:00,21.749000000000024,19.216755362422827,3.216381965420441,47.0,1120.968
2020-10-27 09:00:00,21.762050000000045,20.235421025292894,3.203547809882389,39.0,1263.0625
2020-10-27 10:00:00,21.396330000000034,21.23527783430636,2.8353390068974256,30.0,1102.5437
2020-10-27 11:00:00,20.588160000000016,22.794576694443833,2.29746866006509,30.0,894.2136
2020-10-27 12:00:00,18.906200000000013,25.809551084925907,2.153888186785328,52.0,164.78658
2020-10-27 13:00:00,16.632300000000043,30.182635480466065,2.3655148225157774,52.0,178.3055
2020-10-27 14:00:00,14.466700000000003,37.173586892653326,3.2898025238551263,54.0,242.48405
2020-10-27 15:00:00,12.432700000000011,45.629451439009166,3.5578362431717943,41.0,268.66318
2020-10-27 16:00:00,11.176050000000032,50.75782850792996,3.382170107214362,30.0,286.5993
2020-10-27 17:00:00,10.391080000000045,52.599010908993826,3.159236596301678,31.0,279.7381
2020-10-27 18:00:00,9.697350000000029,53.18445634164045,3.1665762960597363,27.0,282.32416
2020-10-27 19:00:00,8.866100000000017,54.64832157468716,3.160006413346546,26.0,289.18222
2020-10-27 20:00:00,7.715419999999995,55.341352144854696,2.8852163639541715,23.0,280.4917
2020-10-27 21:00:00,6.521940000000029,55.937736540287986,2.551886067311991,21.0,253.41487
2020-10-27 22:00:00,5.483000000000004,56.005186384358396,2.2065635429832517,24.0,222.01787
2020-10-27 23:00:00,4.652060000000006,55.25248153745614,1.9938899177414233,25.0,212.01395
2020-10-28 00:00:00,3.807700000000011,55.0194020936292,1.6829725566358622,18.0,189.78531
2020-10-28 01:00:00,2.983120000000042,55.669319482768934,1.4382066853965219,18.0,179.43893
2020-10-28 02:00:00,2.136380000000031,58.63260541926705,1.2834493008267407,19.0,171.01263
2020-10-28 03:00:00,2.9155000000000086,52.71341071259882,1.1001718628751658,24.0,192.94666
2020-10-28 04:00:00,4.991300000000024,43.20440085335108,1.1536932678765728,25.0,273.02097
2020-10-28 05:00:00,6.78018000000003,31.232215988008974,1.919757622315086,25.0,461.7024
2020-10-28 06:00:00,8.140070000000037,22.686062758278478,2.779000765592399,21.0,699.1482
2020-10-28 07:00:00,8.800000000000011,22.04527094614815,3.2098382469603943,12.0,896.6631
2020-10-28 08:00:00,9.314300000000003,20.73906962644331,3.1503210481472474,17.0,1048.8567
2020-10-28 09:00:00,9.710300000000018,20.237641339267334,3.141661748346416,21.0,1145.263
2020-10-28 10:00:00,9.600300000000004,20.661961150250775,3.048239417758864,21.0,1158.3867
2020-10-28 11:00:00,9.099500000000035,21.99355395573951,2.999222652183012,22.0,1107.8601
2020-10-28 12:00:00,8.059900000000027,24.94192182690014,2.6557601261946533,22.0,731.4065
2020-10-28 13:00:00,6.530799999999999,29.299609590944687,2.4612500179231143,35.0,282.87842
2020-10-28 14:00:00,5.483640000000037,33.53319958224913,2.2860632742869322,43.0,254.76591
2020-10-28 15:00:00,4.821130000000039,37.10160312847628,2.1457686708763597,29.0,225.97922
2020-10-28 16:00:00,4.237420000000043,40.26420747813485,1.959775575919861,41.0,185.70418
2020-10-28 17:00:00,3.7200000000000273,43.026673779899035,1.8128014848960496,77.0,147.58618
2020-10-28 18:00:00,3.145750000000021,45.836349104002934,1.6657156980018113,77.0,115.2984
2020-10-28 19:00:00,2.3292200000000207,50.25546072421887,1.5407045747884078,74.0,77.250854
2020-10-28 20:00:00,1.524000000000001,53.697808047704314,1.446839633405534,69.0,48.96263
2020-10-28 21:00:00,1.2303700000000504,54.49508449246541,1.3888055382826388,78.0,36.950226
2020-10-28 22:00:00,1.0459200000000237,54.88559081542307,1.3549806150847803,78.0,30.802662
2020-10-28 23:00:00,0.9044400000000223,55.17092748666836,1.3657478117603712,86.0,33.229057
2020-10-29 00:00:00,0.8140500000000088,55.15264586501355,1.3558574196310893,79.0,37.080296
2020-10-29 01:00:00,0.7249400000000037,54.93953929943557,1.3368989797150006,90.0,34.560303
2020-10-29 02:00:00,0.47683000000000675,56.11649787739843,1.3704385797967928,90.0,29.501331
2020-10-29 03:00:00,1.4583700000000022,55.18097564962568,1.099888982905393,59.0,32.331955
2020-10-29 04:00:00,5.3776000000000295,39.38151296296987,0.6831347533761629,38.0,161.00015
2020-10-29 05:00:00,7.711020000000019,33.50088356064817,0.9480195300016464,38.0,416.16064
2020-10-29 06:00:00,9.564840000000004,29.94958883719305,1.0895991505375309,31.0,606.72925
2020-10-29 07:00:00,11.324430000000007,26.892340214157063,1.1748764614337373,26.0,778.2141
2020-10-29 08:00:00,12.409940000000006,24.355738800064795,1.4337281119478023,26.0,884.9685
2020-10-29 09:00:00,13.126500000000021,22.618481807051882,1.6291380575708156,23.0,960.6736
2020-10-29 10:00:00,13.37393000000003,21.849042094595315,1.8591819274554091,20.0,1002.6531
2020-10-29 11:00:00,13.117270000000019,22.046756380089775,2.0577751661179704,24.0,751.5
2020-10-29 12:00:00,11.830900000000042,24.574268745950523,1.976936002276624,62.0,228.44417
2020-10-29 13:00:00,10.127499999999998,27.863430516539676,2.3176678451057673,62.0,135.33092
2020-10-29 14:00:00,8.828520000000026,31.208504296353286,2.373486618988841,70.0,117.98833
2020-10-29 15:00:00,7.580900000000042,34.67939886661687,2.239215642587665,71.0,82.48883
2020-10-29 16:00:00,6.086150000000032,38.76133861646406,2.1859302035310937,70.0,44.18593
2020-10-29 17:00:00,4.58972,43.078215007496766,2.143084496889122,112.0,27.716629
2020-10-29 18:00:00,3.527300000000025,46.37609719391806,2.120013313820668,114.0,23.864044
2020-10-29 19:00:00,2.6564300000000003,50.253107221685106,2.203463355339563,137.0,20.606487
2020-10-29 20:00:00,2.2222000000000435,51.70077327487056,2.195629276983348,181.0,16.938267
2020-10-29 21:00:00,1.9209800000000428,52.7979405350237,2.191103633187719,89.0,14.545976
2020-10-29 22:00:00,1.5996300000000474,54.066112473021015,2.2131386388830707,89.0,12.599279
2020-10-29 23:00:00,1.2894500000000448,55.30374627984276,2.1809679136838196,107.0,11.718305
2020-10-30 00:00:00,1.0579500000000053,56.067758840474944,2.140043749617528,107.0,11.428253
2020-10-30 01:00:00,0.9091000000000236,56.14273764088573,2.0550798361239533,97.0,16.672485
2020-10-30 02:00:00,0.9075600000000463,55.53761533647953,2.06519075660239,104.0,22.383621
2020-10-30 03:00:00,2.325649999999996,53.21531718319555,1.6068529857966027,57.0,18.45628
2020-10-30 04:00:00,7.815030000000036,37.549439638021504,0.8943426892399803,53.0,63.22795
2020-10-30 05:00:00,11.59286000000003,27.09729615077368,0.9058259122129027,51.0,190.10446
2020-10-30 06:00:00,13.922170000000051,23.096655042753653,0.7452498671157032,47.0,327.9629
2020-10-30 07:00:00,16.02236000000005,21.71262121518957,1.211719166713841,52.0,477.54468
2020-10-30 08:00:00,17.331000000000017,19.44288373692649,1.90875589734427,57.0,605.5676
2020-10-30 09:00:00,18.070640000000026,18.057924290066964,2.32776093787018,77.0,686.2903
2020-10-30 10:00:00,18.17715000000004,17.71711044299942,2.578613987300379,68.0,694.40625
2020-10-30 11:00:00,17.57504,18.61095344128184,2.4347234211738136,44.0,619.2461
2020-10-30 12:00:00,15.6995,21.581204673825383,2.2229440007648327,44.0,140.6052
2020-10-30 13:00:00,13.557100000000048,24.981614452937023,1.6687690585366266,63.0,56.954987
2020-10-30 14:00:00,11.591580000000022,29.639393784550276,1.2149069150012524,69.0,39.140167
2020-10-30 15:00:00,10.074880000000007,32.71568273389943,1.4415026082382243,98.0,29.338017
2020-10-30 16:00:00,8.09557000000001,37.43941966497131,1.9157593200272909,115.0,19.710363
2020-10-30 17:00:00,6.281500000000051,42.00361960475339,2.3619436238231426,115.0,15.726433
2020-10-30 18:00:00,5.089070000000049,45.27284897808145,2.491185204318807,119.0,14.672997
2020-10-30 19:00:00,4.029500000000041,49.765696836048505,2.6028907498048417,111.0,13.823714
2020-10-30 20:00:00,3.2521600000000035,52.05127205428088,2.5394846445539456,95.0,13.257584
2020-10-30 21:00:00,2.695280000000025,53.42307074429859,2.5120272630123424,95.0,12.663274
2020-10-30 22:00:00,2.2197000000000457,54.491394929414135,2.4706396359445426,103.0,11.094438
2020-10-30 23:00:00,1.887960000000021,54.97393418540456,2.4313465273474204,99.0,10.820828
2020-10-31 00:00:00,1.6892300000000091,54.95419369335307,2.3806841578028726,70.0,11.092004
2020-10-31 01:00:00,1.5556000000000267,54.608818329792165,2.332687242351554,70.0,11.066554
2020-10-31 02:00:00,1.4144000000000005,54.24833444165146,2.355417926991474,90.0,11.182097
2020-10-31 03:00:00,2.7938500000000204,49.89067786799338,1.8342219157498592,93.0,11.989297
2020-10-31 04:00:00,8.474199999999996,37.235025769747104,1.1244430385632258,60.0,36.864883
2020-10-31 05:00:00,13.988950000000045,23.961363870937667,0.5459878119576612,63.0,127.65439
2020-10-31 06:00:00,16.548000000000002,20.107224192570307,0.5791532705994309,63.0,308.9944
2020-10-31 07:00:00,18.346300000000042,19.675508417291002,1.1210357363817838,43.0,479.7046
2020-10-31 08:00:00,19.468770000000006,17.96635646190881,1.5733634975276374,48.0,609.5657
2020-10-31 09:00:00,20.05540000000002,16.711887570775048,1.8679376968237593,31.0,689.021
2020-10-31 10:00:00,20.07406000000003,16.37425675213939,1.9101499882647357,31.0,663.13916
2020-10-31 11:00:00,19.289480000000026,17.577433966993105,1.685542785121413,36.0,449.29443
2020-10-31 12:00:00,17.672000000000025,19.829983944197316,1.9189245633922272,55.0,92.32547
2020-10-31 13:00:00,14.952359999999999,24.05272747583483,1.4311308330835792,69.0,43.16068
2020-10-31 14:00:00,13.173820000000035,26.874557353467416,1.2533635069769185,85.0,36.17366
2020-10-31 15:00:00,10.67147,31.846682510788803,1.8040856519324824,100.0,29.985962
2020-10-31 16:00:00,8.779260000000022,35.985022667811776,2.4122992789563513,145.0,23.61131
2020-10-31 17:00:00,7.450919999999996,38.92635626188699,2.7387022472057816,165.0,17.575916
2020-10-31 18:00:00,6.004660000000001,42.64544147445223,2.6610848292731335,134.0,16.091373
2020-10-31 19:00:00,4.603780000000029,46.25620944318752,2.672736403079386,89.0,15.220242
2020-10-31 20:00:00,3.85390000000001,47.53744970532522,2.6502944921349267,99.0,14.392345
2020-10-31 21:00:00,3.2436500000000024,48.12579951631981,2.5922989462605375,119.0,13.216201
2020-10-31 22:00:00,2.715400000000045,48.367399214646134,2.5758280998575973,98.0,12.403174
2020-11-01 00:00:00,1.9261999999999944,47.923942907904895,2.545190771624365,95.0,11.245484
2020-11-01 01:00:00,1.6691000000000145,47.265152084172115,2.5253648073498014,88.0,11.711172
2020-11-01 02:00:00,1.4645000000000437,46.555450915641465,2.514540500928186,74.0,12.817308
2020-11-01 03:00:00,3.001640000000009,42.486897591428416,2.010977884049305,66.0,14.02729
2020-11-01 04:00:00,8.749840000000006,32.8727234093133,1.3233366814308032,61.0,30.301949
2020-11-01 05:00:00,15.048360000000002,20.578682418690846,0.5968795846650248,45.0,85.91852
2020-11-01 06:00:00,17.999600000000044,15.958074066013234,0.3181597359567967,40.0,307.59473
2020-11-01 07:00:00,19.793300000000045,14.89813190138215,1.0894807115395795,40.0,558.2715
2020-11-01 08:00:00,20.743250000000046,13.43392083388293,1.356640858605294,31.0,793.1448
2020-11-01 09:00:00,21.153500000000008,12.430490795497624,1.4579657810511262,24.0,930.4236
2020-11-01 10:00:00,21.0385,12.152517651429319,1.4457678688125977,24.0,916.853
2020-11-01 11:00:00,20.247100000000046,13.460342053000751,1.3898907869619468,54.0,176.9818
2020-11-01 12:00:00,18.68524000000002,15.34916123188508,1.5962466200129666,73.0,67.00371
2020-11-01 13:00:00,15.624570000000006,18.840532395175753,1.8800554584523963,73.0,41.415634
2020-11-01 14:00:00,12.989100000000008,22.11462717421069,2.48212589992616,75.0,39.124847
2020-11-01 15:00:00,10.994040000000041,25.22554596878912,2.5990320653011922,95.0,30.015396
2020-11-01 16:00:00,8.977700000000027,28.80748943295955,2.6007107336828326,99.0,22.496876
2020-11-01 17:00:00,7.298360000000002,32.038201203594475,2.6555921116306584,80.0,19.162914
2020-11-01 18:00:00,6.197300000000041,34.05001852457332,2.5913019386664016,69.0,17.656204
2020-11-01 19:00:00,5.95297000000005,33.79475755250388,2.622585077085653,69.0,16.362686
2020-11-01 20:00:00,5.481230000000039,34.04002691106879,2.593321826203337,68.0,15.321618
2020-11-01 21:00:00,4.844570000000033,34.63162968167979,2.6138086163980256,59.0,14.248589
2020-11-01 22:00:00,4.706020000000024,34.07127303397055,2.5061122433469736,57.0,13.078707
2020-11-01 23:00:00,4.43356,33.92567789960754,2.45209351162372,56.0,12.044431
2020-11-02 00:00:00,3.972250000000031,34.229239355933736,2.4524363618103027,72.0,11.981887
2020-11-02 01:00:00,3.7919600000000173,33.86574338421838,2.4068127185734896,51.0,11.471796
2020-11-02 02:00:00,3.310570000000041,34.25619444167725,2.462928047074671,51.0,13.953644
2020-11-02 03:00:00,4.487700000000018,32.59279289862875,2.0380206455563576,46.0,16.359165
2020-11-02 04:00:00,9.538049999999998,27.406114347346993,1.3437140820466977,41.0,30.841606
2020-11-02 05:00:00,15.556900000000041,17.84088245279661,0.6454312990706221,34.0,77.31235
2020-11-02 06:00:00,18.70022,12.262203565906312,0.2262217811343782,34.0,313.0852
2020-11-02 07:00:00,20.361630000000048,11.56164342891225,0.7814917008228326,36.0,613.42456
2020-11-02 08:00:00,21.198200000000043,11.468919806952313,1.2992439207201778,36.0,863.0161
2020-11-02 09:00:00,21.499780000000044,11.24374163539109,1.5637583342323143,36.0,957.5598
2020-11-02 10:00:00,21.345420000000047,11.295889563255276,1.7323563864051588,35.0,866.1084
2020-11-02 11:00:00,20.461540000000014,12.859227935748915,1.7328175762234928,51.0,324.9762
2020-11-02 12:00:00,18.65160000000003,14.977913861357816,2.232971377459221,51.0,91.819
2020-11-02 13:00:00,15.980430000000013,17.473385862183726,2.362816063998554,82.0,59.368866
2020-11-02 14:00:00,13.575620000000015,20.332792186010284,2.39113302525214,54.0,50.161423
2020-11-02 15:00:00,11.1678,24.027671791208054,2.3657592389305067,40.0,37.61908
2020-11-02 16:00:00,9.02212000000003,27.752400770036715,2.443762127736372,62.0,27.56913
2020-11-02 17:00:00,7.347920000000045,30.93603388976134,2.472497207524505,80.0,24.545464
2020-11-02 18:00:00,6.161950000000047,33.1611370638551,2.536565263668964,80.0,23.376379
2020-11-02 19:00:00,5.3134000000000015,34.426083066715435,2.524640933995233,60.0,22.122719
2020-11-02 20:00:00,4.676020000000051,34.71125190654666,2.58996331316144,72.0,20.42812
2020-11-02 21:00:00,4.046600000000012,35.010480369756486,2.615658238574025,72.0,18.351461
2020-11-02 22:00:00,3.4567200000000184,35.259323682616746,2.587238445427952,55.0,15.278099
2020-11-02 23:00:00,2.924250000000029,35.57292561283478,2.4788117810807844,64.0,12.069131
2020-11-04 00:00:00,2.064230000000009,42.13860864453042,2.387525209356737,103.0,20.145088
2020-11-04 01:00:00,2.0591699999999946,41.68968845904308,2.3848962886558986,63.0,20.785606
2020-11-04 02:00:00,2.070640000000026,41.745037490568386,2.296440444161154,74.0,17.394936
2020-11-04 03:00:00,2.9741500000000087,42.633835056632286,1.8488821562806539,68.0,14.911775
2020-11-04 04:00:00,7.876030000000014,35.824387987788505,1.0209532962021948,69.0,50.517735
2020-11-04 05:00:00,12.308900000000051,25.517118523513613,1.0957489794700288,77.0,190.39241
2020-11-04 06:00:00,14.491100000000017,23.699865253786427,1.2667349042097167,88.0,351.14722
2020-11-04 07:00:00,16.17190000000005,20.73571603580387,1.325042973132849,87.0,501.73682
2020-11-04 08:00:00,17.18440000000004,19.103982855140554,1.2341292042394372,80.0,639.55884
2020-11-04 09:00:00,17.771140000000003,17.938191136951538,1.2152825608449918,79.0,750.39795
2020-11-04 10:00:00,17.916830000000004,17.256760517597854,1.4317913932199864,79.0,720.98755
2020-11-04 11:00:00,17.47720000000004,17.844731179771983,1.3921333982671795,98.0,499.70544
2020-11-04 12:00:00,16.209040000000016,19.838939944747278,1.553537510790396,98.0,61.333694
2020-11-04 13:00:00,13.894560000000013,23.931388234004647,1.035242206309404,127.0,27.795662
2020-11-04 14:00:00,13.680319999999995,22.77737758460484,0.7338048567588338,155.0,19.307755
2020-11-04 15:00:00,10.816370000000006,27.942320317457348,1.4852783457013645,155.0,16.613888
2020-11-04 16:00:00,7.729759999999999,34.34139065947978,2.3399144574770054,186.0,18.022745
2020-11-04 17:00:00,6.3868700000000445,36.90409958819174,2.67002177973007,113.0,17.04454
2020-11-04 18:00:00,5.200620000000015,39.65537004758347,2.620769167167227,113.0,15.565648
2020-11-04 19:00:00,4.405480000000011,42.548122761229294,2.629659070766247,99.0,14.15047
2020-11-04 20:00:00,3.8139300000000276,43.812717205077355,2.6341587019823716,99.0,13.508792
2020-11-04 21:00:00,3.1667000000000485,45.2537856793952,2.545710790531647,90.0,12.412668
2020-11-04 22:00:00,2.610500000000002,46.51923918621073,2.5163592528237637,90.0,11.935424
2020-11-04 23:00:00,2.1613399999999956,47.643126988467365,2.473484742730787,92.0,11.1170845
2020-11-05 00:00:00,1.8356600000000185,48.59507064123044,2.452423455734847,95.0,11.075457
2020-11-05 01:00:00,1.4876300000000242,49.8445293944483,2.4083305837013618,104.0,11.137531
2020-11-05 02:00:00,1.2631000000000085,50.882648358448854,2.3638404078283366,104.0,11.14051
2020-11-05 03:00:00,2.393820000000005,48.629775359267,1.9299196766947435,104.0,11.989662
2020-11-05 04:00:00,7.639430000000004,38.56721722784894,1.1357816779112075,69.0,26.222382
2020-11-06 09:00:00,20.900170000000003,12.484274451238274,0.7418143964322464,21.0,687.05835
2020-11-06 10:00:00,20.859500000000025,12.279034990539037,0.7464356592290646,21.0,546.47485
2020-11-06 11:00:00,20.161460000000034,14.086550772888122,0.8265155628349949,39.0,48.25261
2020-11-06 12:00:00,18.85943000000003,15.67648185518922,0.2438088864995337,68.0,21.362087
2020-11-06 13:00:00,16.171040000000005,18.863257460035335,1.2619384950041637,92.0,18.649185
2020-11-06 14:00:00,11.747250000000008,24.994962952497012,2.5578796477633943,83.0,18.67749
2020-11-06 15:00:00,10.016350000000045,27.47556074696927,2.943202961956005,134.0,17.949402
2020-11-06 16:00:00,8.152600000000007,30.593835056932974,2.79678554529203,144.0,16.881754
2020-11-06 17:00:00,7.049040000000048,32.27318100701868,2.7074334960944064,108.0,16.789627
2020-11-06 18:00:00,6.21383000000003,33.243659793822346,2.6834538462145106,90.0,15.90315
2020-11-06 19:00:00,5.127040000000022,33.45469474572396,2.7743497214192914,32.0,14.779833
2020-11-06 20:00:00,4.449000000000012,34.291126906937045,2.762040363201314,20.0,13.812015
2020-11-06 21:00:00,3.8129500000000007,35.13638857214884,2.7584078193228985,20.0,13.3097105
2020-11-06 22:00:00,3.2909200000000283,35.879754334207085,2.6954792528412908,32.0,12.856202
2020-11-06 23:00:00,2.874400000000037,36.496670690514634,2.651034712419193,24.0,11.990499
2020-11-07 00:00:00,2.4633400000000165,37.15711972123468,2.675787613541871,25.0,11.969719
2020-11-07 01:00:00,2.1667400000000043,37.39190517408138,2.7058238438088127,25.0,12.987959
2020-11-07 02:00:00,2.0032000000000494,37.16536193422555,2.707103946254545,28.0,12.962226
2020-11-07 03:00:00,3.208430000000021,34.82972534193234,2.3951988512558655,35.0,13.142794
2020-11-07 04:00:00,8.473600000000033,28.135352945584067,1.771768494798874,37.0,21.826508
2020-11-07 05:00:00,15.467370000000017,19.25433017072535,1.249403560788318,26.0,64.497574
2020-11-07 06:00:00,20.166530000000023,12.849823220205746,1.030010233152915,26.0,177.054
2020-11-07 07:00:00,23.24580000000003,8.58078282152111,1.8509996398559443,18.0,383.84546
2020-11-07 08:00:00,24.674599999999998,8.19125274894435,2.225454299639931,28.0,606.81714
2020-11-07 09:00:00,25.260220000000004,8.496012024870348,2.166151226241495,30.0,674.13135
2020-11-07 10:00:00,25.150350000000003,9.564407301741488,1.6970693537437895,30.0,509.01978
2020-11-07 11:00:00,24.17324000000002,11.739013416622734,1.574701389137677,39.0,126.39711
2020-11-07 12:00:00,22.053860000000043,13.7886295905828,2.7556173406941555,59.0,95.34038
2020-11-07 13:00:00,18.425530000000037,16.757447572748,3.2008947196871596,59.0,75.92026
2020-11-07 14:00:00,16.672140000000013,17.403745276045605,3.18984487519967,38.0,71.45523
2020-11-07 15:00:00,15.913170000000036,17.020489728507883,3.2207734560541526,41.0,79.12126
2020-11-07 16:00:00,15.507780000000025,16.66516972489014,3.2747283700749286,45.0,99.50218
2020-11-07 17:00:00,14.979030000000023,16.915473899492394,3.20516933900798,33.0,119.60672
2020-11-07 18:00:00,14.576750000000004,17.274527635687395,3.160469967715998,25.0,132.58511
2020-11-07 19:00:00,14.558300000000031,18.123710409129853,3.4375643690012923,31.0,126.50343
2020-11-07 20:00:00,13.91094000000004,18.998427355274483,3.34875409119801,29.0,118.27905
2020-11-07 21:00:00,13.400900000000036,19.824605345906708,3.2511847834727035,32.0,102.37126
2020-11-07 22:00:00,12.904380000000003,20.710611679277402,3.049665297061605,28.0,79.23172
2020-11-07 23:00:00,11.967000000000041,22.246241485829575,2.7283098914087307,59.0,56.135666
2020-11-08 00:00:00,10.82833000000005,24.20470841548974,2.4387230821377486,61.0,44.4189
2020-11-08 01:00:00,9.85092000000003,26.01353181502903,2.1980709810853742,48.0,25.569504
2020-11-08 02:00:00,12.184380000000033,21.687367926106102,0.8961177659191412,61.0,16.2323
2020-11-08 03:00:00,11.862500000000011,23.79105480173846,0.5770553390629035,69.0,32.031067
2020-11-08 04:00:00,14.376670000000047,23.869744683494623,0.4882539195339639,66.0,77.66576
2020-11-08 05:00:00,16.979460000000017,25.23846679769677,0.8223483690437587,61.0,146.92671
2020-11-08 06:00:00,18.717030000000022,18.818468077466658,1.167526260018523,61.0,283.95465
2020-11-08 07:00:00,19.90005000000002,18.583088923661222,2.1900431233193745,65.0,364.53784
2020-11-08 08:00:00,20.34915000000001,18.760020653285927,2.6277768538270068,65.0,458.1277
2020-11-08 09:00:00,20.19766000000004,19.472150273787282,2.7276738585077287,90.0,512.9009
2020-11-08 10:00:00,19.55197000000004,20.62988422557872,2.362922398928924,74.0,555.6609
2020-11-08 11:00:00,18.45553000000001,23.26602739735272,1.5994238348627483,70.0,377.497
2020-11-08 12:00:00,16.85146000000003,26.524336829405037,1.8066529034460161,70.0,101.98413
2020-11-08 13:00:00,15.04812000000004,31.120620231508838,2.841057282272119,49.0,205.30876
2020-11-08 14:00:00,13.313440000000014,37.92746898089911,3.4811036846626053,35.0,313.7954
2020-11-08 15:00:00,11.829769999999996,47.22583820053417,3.665049662374544,72.0,372.97644
2020-11-08 16:00:00,10.501180000000033,57.83509656126019,3.8645244382705464,72.0,445.32007
2020-11-08 17:00:00,9.238850000000014,68.41071830771342,3.770391320642174,48.0,477.60883
2020-11-08 18:00:00,8.187700000000007,77.49312091944101,3.3460066179312915,30.0,481.87082
2020-11-08 19:00:00,7.314570000000003,89.50735267685684,3.102614056306385,12.0,493.06683
2020-11-08 20:00:00,6.597500000000025,91.45780611397669,2.5304626587925343,12.0,542.16113
2020-11-08 21:00:00,6.122640000000047,88.77670466114938,1.0780301588938659,12.0,535.6584
2020-11-08 22:00:00,6.1025600000000395,87.1695170974307,0.4440084170278407,13.0,263.6632
2020-11-08 23:00:00,6.278800000000047,86.48473647615201,0.8374526325212822,18.0,254.04231
2020-11-09 00:00:00,6.381000000000029,85.64256728272399,1.081988015180312,17.0,141.15402
2020-11-09 01:00:00,6.134180000000015,88.00762457279467,1.1090166561324235,17.0,47.928085
2020-11-09 02:00:00,5.721950000000049,91.04192937822447,0.8435584758630937,29.0,60.994186
2020-11-09 03:00:00,5.8945000000000505,89.44744541668753,0.8475990008425629,31.0,93.95383
2020-11-09 04:00:00,6.587270000000046,82.34160804336967,1.1804677866649729,15.0,289.31555
2020-11-09 05:00:00,7.638570000000016,75.7478112386255,1.414135356733679,11.0,472.89014
2020-11-09 06:00:00,8.965000000000032,67.20663687469023,1.5313049542405952,17.0,667.00366
2020-11-09 07:00:00,10.542020000000036,59.44522159399552,1.8454463357231856,20.0,933.33813
2020-11-09 08:00:00,11.004999999999995,54.87869608473037,2.01070016232363,20.0,1104.0205
2020-11-09 09:00:00,11.340900000000033,51.38096653276481,2.1877456629077123,18.0,1159.7363
2020-11-09 10:00:00,11.127280000000042,50.180161601324436,1.9980707240992372,18.0,867.604
2020-11-09 11:00:00,10.660240000000044,50.330460602224726,1.7744726514232991,18.0,696.2412
2020-11-09 12:00:00,9.65963000000005,53.383727095356726,1.4280491326200966,27.0,129.2244
2020-11-09 13:00:00,8.531949999999995,56.822696413481594,1.0269103679402547,38.0,29.962845
2020-11-09 14:00:00,7.10793000000001,64.20617656278593,0.9386720462169906,45.0,20.493061
2020-11-09 15:00:00,5.669399999999996,69.48945319781086,1.4580529442253116,53.0,26.14592
2020-11-09 16:00:00,5.063350000000014,71.3138408906901,1.7824166736642924,53.0,30.132294
2020-11-09 17:00:00,4.895399999999995,71.37535250698686,1.8599919115975427,60.0,29.14888
2020-11-09 18:00:00,4.253300000000024,73.13302321408831,2.0238117247281724,60.0,27.345634
2020-11-09 19:00:00,4.123800000000017,74.83279275568914,1.7297297047573645,48.0,25.386929
2020-11-09 20:00:00,3.8839700000000335,74.7402749168406,1.7175881645959865,52.0,21.636732
2020-11-09 21:00:00,3.6960000000000264,74.81407444039526,1.7512186893294195,49.0,23.384178
2020-11-09 22:00:00,3.893700000000024,73.75268074431689,1.6620004970977873,49.0,22.753895
2020-11-09 23:00:00,3.792470000000037,74.15950155790456,1.7614556646932957,54.0,29.091461
2020-11-10 00:00:00,3.56143000000003,74.80641133087201,1.9938809774418458,54.0,37.571533
2020-11-10 01:00:00,3.264980000000037,75.6590390938979,2.0745459138032905,84.0,30.489746
2020-11-10 02:00:00,2.8882000000000403,76.84531243306559,2.1114752027536126,84.0,25.50703
2020-11-10 03:00:00,3.0077,77.58296671473883,1.6842499960455826,91.0,29.885225
2020-11-10 04:00:00,6.99893000000003,63.351546624746845,0.8448441334738341,30.0,62.58844
2020-11-10 05:00:00,10.133140000000026,53.094251022546445,0.7734140422226987,30.0,286.3379
2020-11-10 06:00:00,11.664030000000025,51.114725954639155,1.304341647820659,17.0,449.85834
2020-11-10 07:00:00,12.788139999999999,50.670117766587836,1.2315245538811843,25.0,631.3489
2020-11-10 08:00:00,13.74926000000005,48.32813166359071,1.2071438673133883,25.0,692.57007
2020-11-10 09:00:00,14.254850000000033,47.17998745553219,1.26126675668815,31.0,718.7029
2020-11-10 10:00:00,14.334950000000049,47.17178340340361,1.4999983543127342,31.0,652.0686
2020-11-10 11:00:00,13.714870000000019,49.67825572978437,1.6728710070873516,41.0,373.41055
2020-11-10 12:00:00,12.211970000000008,55.69308423550462,1.8323034654169978,47.0,100.2166
2020-11-10 13:00:00,10.585700000000031,62.080308872811685,1.9799508025956154,38.0,70.73178
2020-11-10 14:00:00,9.260980000000018,67.53763047418505,2.00430719122516,38.0,78.716034
2020-11-10 15:00:00,7.946370000000002,72.61699007498281,1.9481644577733293,46.0,73.86096
2020-11-10 16:00:00,6.531920000000014,78.03585503965343,1.9329656770051686,48.0,56.018906
2020-11-10 17:00:00,5.409880000000044,81.89485743295008,2.0219806523265054,48.0,30.208876
2020-11-10 18:00:00,4.661650000000009,83.59069066066596,2.077886986657359,75.0,17.396168
2020-11-10 19:00:00,4.28597000000002,85.84710471312161,1.88812226039962,75.0,13.853426
2020-11-10 20:00:00,4.085900000000038,84.94363321137835,1.969058094346462,81.0,11.952044
2020-11-10 21:00:00,3.8633400000000506,84.3329891940198,2.099665925098943,97.0,11.118033
2020-11-10 22:00:00,3.538499999999999,84.42097626353414,2.0386046092707315,84.0,15.388198
2020-11-10 23:00:00,3.449700000000007,83.98138186378995,1.9364436628074013,84.0,15.630938
2020-11-11 00:00:00,3.3208999999999946,83.91145494692432,1.9317961909046324,65.0,24.011448
2020-11-11 01:00:00,3.3129000000000133,82.8892781278293,1.9199358337720096,77.0,16.295586
2020-11-11 02:00:00,3.5496500000000424,80.87637136795713,1.797321294676614,77.0,16.36766
2020-11-11 03:00:00,4.574760000000026,77.80374597916938,1.3798044238743303,74.0,12.741977
2020-11-11 04:00:00,7.534330000000011,68.04602329809751,0.8958765405613714,74.0,26.081905
2020-11-11 05:00:00,11.182700000000011,54.43025691107889,0.24716547648755757,75.0,163.844
2020-11-11 06:00:00,12.928830000000005,51.5209683124615,0.2402655886818005,75.0,381.7234
2020-11-11 07:00:00,13.449150000000031,56.846536335986556,1.104572404430178,74.0,495.6223
2020-11-11 08:00:00,13.88094000000001,55.47727701975389,1.390445967291632,63.0,569.5835
2020-11-11 09:00:00,14.038000000000011,55.135509032575186,1.4897666311493658,63.0,587.48755
2020-11-11 10:00:00,13.770200000000045,56.50372933703734,1.420519951212111,70.0,469.94702
2020-11-11 11:00:00,13.264859999999999,59.785367903518434,1.1025156712247512,85.0,158.47205
2020-11-11 12:00:00,12.57928000000004,62.96140462726372,1.1351579190724768,103.0,68.83971
2020-11-11 13:00:00,11.744600000000048,69.16211118150778,0.5848810100608021,103.0,64.946396
2020-11-11 14:00:00,11.523000000000025,67.32224047437093,0.28959188690233323,101.0,63.068573
2020-11-11 15:00:00,11.130120000000034,68.99468097635929,0.1845003281512987,94.0,56.005447
2020-11-11 16:00:00,10.845730000000003,70.50446658713305,0.4379813508493191,98.0,50.253845
2020-11-11 17:00:00,10.573880000000031,72.6322339480332,0.5428924677263902,98.0,44.668457
2020-11-11 18:00:00,9.51153000000005,80.15715328428925,0.9368140304878276,79.0,38.273605
2020-11-11 19:00:00,8.766999999999996,89.74188923761655,1.1500272807968077,60.0,27.550537
2020-11-11 20:00:00,8.668180000000007,90.85024815414829,1.1857615060027091,52.0,54.386734
2020-11-11 21:00:00,8.760030000000029,88.94348438785006,1.4943332789708668,38.0,86.525696
2020-11-11 22:00:00,8.871820000000014,86.77798201752515,2.328244000376174,38.0,97.8089
2020-11-11 23:00:00,8.710300000000018,87.19845622717334,2.827456445492522,49.0,175.90277
2020-11-12 00:00:00,8.750879999999995,86.34090390606768,3.138028134417971,18.0,204.39552
2020-11-12 01:00:00,8.712760000000003,86.51690701847977,3.0760370664387318,20.0,215.75752
2020-11-12 02:00:00,8.64083000000005,87.401706834207,2.941677417381274,17.0,217.71
2020-11-12 03:00:00,8.542079999999999,88.27387935259046,2.5973161123631927,19.0,216.65292
2020-11-12 04:00:00,8.592300000000023,89.38380663337118,1.903665398216926,19.0,201.60358
2020-11-12 05:00:00,8.73090000000002,90.43931327437856,1.3724120908162885,18.0,183.60843
2020-11-12 06:00:00,8.477200000000039,91.96269950767767,1.2807878495654228,22.0,256.53635
2020-11-12 07:00:00,8.234830000000045,92.66989464282562,1.0682911828060326,14.0,297.03687
2020-11-12 08:00:00,7.533839999999998,93.65669863650625,1.715028682568092,14.0,289.7935
2020-11-12 09:00:00,6.643500000000017,93.69246536111095,2.1186301301922077,14.0,266.18982
2020-11-12 10:00:00,5.768520000000024,95.38031970619897,2.4846671849881625,15.0,260.47797
2020-11-12 11:00:00,5.063199999999995,95.56431438172662,2.657481393005057,15.0,296.2107
2020-11-12 12:00:00,4.405850000000044,95.29745081849269,2.639736830331588,19.0,281.48013
2020-11-12 13:00:00,3.9113000000000397,95.28669583147733,2.4462490254824183,20.0,248.73178
2020-11-12 14:00:00,3.564050000000009,95.19377531979667,2.150154991089082,16.0,252.76128
2020-11-12 15:00:00,3.2699499999999944,94.38818334607386,1.8854911902367084,19.0,270.78506
2020-11-12 16:00:00,2.867800000000045,93.21737442570202,1.7808973803930674,22.0,278.2348
2020-11-12 17:00:00,2.5296600000000353,92.53549323346984,1.5501824543517095,20.0,267.40747
2020-11-12 18:00:00,2.413540000000012,91.60586797360173,1.3459871026079893,20.0,276.92365
2020-11-12 19:00:00,2.455560000000048,89.5673962606739,1.35618374535825,16.0,244.81255
2020-11-12 20:00:00,2.314300000000003,89.19660316161911,1.4018859910144215,16.0,214.62726
2020-11-12 21:00:00,2.2533500000000117,88.6991687781154,1.4440431720423088,13.0,205.77849
2020-11-12 22:00:00,2.262230000000045,87.69197699391664,1.50531350688909,14.0,191.47557
2020-11-12 23:00:00,2.198180000000036,87.93330567485215,1.4385829067928757,14.0,183.42346
2020-11-13 00:00:00,2.1915500000000065,88.04570034416543,1.2577340749855892,21.0,165.14194
2020-11-13 01:00:00,1.9328200000000493,89.47005569246753,1.0791140101113683,21.0,137.7448
2020-11-13 02:00:00,1.8342499999999973,90.03886599925445,0.8761074409911448,17.0,111.544266
2020-11-13 03:00:00,1.9390000000000214,90.0741604969723,0.7252449796269751,17.0,114.66557
2020-11-13 04:00:00,2.8811300000000415,83.71590302788643,0.6148240592265776,14.0,173.38843
2020-11-13 05:00:00,4.473080000000039,64.52540136894436,0.7436572138605668,12.0,312.9272
2020-11-13 06:00:00,5.726980000000026,57.66646596779658,1.0916624736103415,19.0,459.2926
2020-11-13 07:00:00,7.062000000000012,57.95897571825738,1.4005262237278135,12.0,579.6487
2020-11-13 08:00:00,7.797020000000032,56.134865269676816,1.6716591249700403,13.0,657.3342
2020-11-13 09:00:00,8.185020000000009,54.88737007138586,1.769607429891096,13.0,677.69116
2020-11-13 10:00:00,8.139760000000024,54.3645288627638,1.8153185714479205,18.0,636.9829
2020-11-13 11:00:00,7.574300000000051,55.351464047171234,1.9657731124160411,18.0,506.87964
2020-11-13 12:00:00,6.528440000000046,58.78254330500225,1.926447414015576,27.0,289.86554
2020-11-13 13:00:00,5.359950000000026,61.87396715426706,1.9364189674406027,32.0,184.17903
2020-11-13 14:00:00,4.4964200000000005,64.04245118645498,1.802289086557941,32.0,163.30312
2020-11-13 15:00:00,3.848540000000014,66.36181709472581,1.596421988467635,22.0,122.51165
2020-11-13 16:00:00,3.020780000000002,70.97227461935053,1.4420359059792316,23.0,102.98903
2020-11-13 17:00:00,2.2404000000000224,73.33000019815297,1.5731275720250972,23.0,96.58981
2020-11-13 18:00:00,2.1333999999999946,70.96670113467007,1.8312647284961179,22.0,97.27028
2020-11-13 19:00:00,2.23562000000004,71.36737718064312,1.6353874446899148,21.0,112.95398
2020-11-13 20:00:00,2.683300000000031,68.47821777986164,1.741807284150146,20.0,121.68178
2020-11-13 21:00:00,2.7331800000000044,68.12860616614749,1.7291297162212413,19.0,132.1353
2020-11-13 22:00:00,2.7583999999999946,67.52125766228691,1.7169179495561777,19.0,162.46863
2020-11-13 23:00:00,2.656820000000039,67.6000625438385,1.640180145260956,28.0,199.2025
2020-11-14 00:00:00,2.38900000000001,69.28161110409104,1.5572920388157552,23.0,205.40976
2020-11-14 01:00:00,2.1214800000000196,71.47502346567201,1.4190114748952256,27.0,192.15637
2020-11-14 02:00:00,1.9830600000000231,72.3708018383121,1.2857244292294248,20.0,201.63
2020-11-14 03:00:00,1.9657000000000266,72.56531262934647,1.266053516714741,23.0,201.37802
2020-11-14 04:00:00,2.1043999999999983,71.48159645840012,1.3581721751356048,23.0,264.87225
2020-11-14 05:00:00,2.6404400000000123,66.14450339062304,1.5423779893705758,17.0,452.61182
2020-11-14 06:00:00,3.045500000000004,61.75496739032958,1.4664700448976014,22.0,475.24
2020-11-14 07:00:00,3.708150000000046,64.00301449116769,1.4760875235866096,22.0,637.2346
2020-11-14 08:00:00,4.134450000000015,62.08059069209287,1.6074155738746574,21.0,698.5703
2020-11-14 09:00:00,4.470670000000041,60.56898792140083,1.703796949926349,26.0,731.04004
2020-11-14 10:00:00,4.77090000000004,59.048759687258176,1.7384200089560298,30.0,689.06665
2020-11-14 11:00:00,4.606100000000026,58.430389582003436,1.7431941033007483,30.0,689.6704
2020-11-14 12:00:00,4.096580000000017,60.23519219254861,1.2276848109864762,38.0,163.46822
2020-11-14 13:00:00,3.4741500000000087,63.843499199058556,0.9806467168183726,32.0,90.317154
2020-11-14 14:00:00,2.5569000000000415,70.03040967679753,1.3491871879890798,25.0,69.86461
2020-11-14 15:00:00,1.7656500000000506,73.9792189431948,1.6261059594311313,39.0,53.90773
2020-11-14 16:00:00,1.1511500000000296,78.03791299648184,1.5736198685185039,39.0,45.426178
2020-11-14 17:00:00,0.41620000000000346,82.23955451288592,1.612404448796671,52.0,39.210907
2020-11-14 18:00:00,-0.1469500000000039,84.75565066162332,1.8079710766348467,50.0,33.14328
2020-11-14 19:00:00,-0.5791999999999575,88.59378127750026,1.871429518581723,48.0,30.154648
2020-11-14 20:00:00,-0.9590199999999527,89.22816193058782,1.9040284667055007,48.0,26.983704
2020-11-14 21:00:00,-0.9292999999999552,87.394184825221,1.8310338640067918,48.0,24.75409
2020-11-14 22:00:00,-1.385719999999992,87.03695530055393,1.9600359375200038,44.0,24.956802
2020-11-14 23:00:00,-1.706579999999974,85.39135426917899,1.9813068341425624,49.0,26.921005
2020-11-15 00:00:00,-1.5664699999999812,81.62075175935233,1.9149851072134112,49.0,30.632462
2020-11-15 01:00:00,-1.8115999999999985,79.5211914024516,1.9225178592114465,70.0,24.45285
2020-11-15 02:00:00,-2.142979999999966,78.81176123699493,1.865754227870192,71.0,21.702698
2020-11-15 03:00:00,-1.7697000000000003,80.57032413840709,1.5202339436303065,39.0,24.595215
2020-11-15 04:00:00,1.6424200000000155,67.43792102925562,1.0307906871792905,38.0,79.59654
2020-11-15 05:00:00,4.488980000000026,55.286230873976436,1.427008655898393,38.0,324.17685
2020-11-15 06:00:00,5.968000000000018,51.03688915226357,2.2551403179582463,35.0,831.1306
2020-11-15 07:00:00,7.373199999999997,43.91485327621991,2.9562524864026836,33.0,1202.2427
2020-11-15 08:00:00,7.919920000000047,39.38894067113109,2.921501967649697,30.0,1413.7041
2020-11-15 09:00:00,8.075680000000034,37.47904295509658,2.68565760278265,23.0,1479.374
2020-11-15 10:00:00,8.00872000000004,37.11420761329851,2.355384823877084,29.0,1403.4963
2020-11-15 11:00:00,7.51687000000004,38.976473830745014,1.8276819094709698,38.0,884.03296
2020-11-15 12:00:00,6.194360000000017,44.63889574752321,1.6118897786298911,57.0,46.72943
2020-11-15 13:00:00,4.123000000000047,58.696696657134126,1.244044825671945,55.0,18.166876
2020-11-15 14:00:00,3.2136500000000296,56.26676527199344,1.1785482524447244,55.0,18.254097
2020-11-15 15:00:00,1.0253000000000156,63.844316512517224,1.7701288242816626,78.0,24.014297
2020-11-15 16:00:00,-0.378879999999981,67.0578211081613,2.2470844662943716,78.0,31.065125
2020-11-15 17:00:00,-1.1836599999999748,68.46681021708956,2.2875785783591525,58.0,36.27449
2020-11-15 18:00:00,-1.7244000000000028,68.6801091565031,2.253445934952179,58.0,36.67917
2020-11-15 19:00:00,-1.5584499999999935,65.84928026814802,2.3584047696654302,47.0,33.96396
2020-11-15 20:00:00,-1.9151999999999703,64.20396568339255,2.3140272446503825,40.0,31.128174
2020-11-15 21:00:00,-2.347479999999962,63.840783576174104,2.2357152324389977,41.0,27.061691
2020-11-15 22:00:00,-2.7507399999999507,64.51439010115705,2.070810526705208,44.0,23.411667
2020-11-15 23:00:00,-3.139499999999998,66.10319747783807,1.810211970730069,52.0,18.001652
2020-11-16 00:00:00,-3.0701399999999808,65.27970275828115,1.5927246159612185,52.0,14.171613
2020-11-16 01:00:00,-3.0452599999999848,64.79366555752635,1.52890505905097,78.0,13.489139
2020-11-16 02:00:00,-2.4153199999999515,62.965984354252804,1.267707881911561,105.0,14.123251
2020-11-16 03:00:00,-1.2987399999999525,60.27016035197033,1.0063862013735134,69.0,20.558613
2020-11-16 04:00:00,1.0734500000000367,73.81601829405436,0.5497411933398133,69.0,79.07083
2020-11-16 05:00:00,4.151499999999999,47.407567269118935,1.063204033299971,70.0,288.65564
2020-11-16 06:00:00,5.2952000000000226,48.582118023440906,1.2693214929564576,72.0,454.70337
2020-11-16 07:00:00,5.934870000000046,53.200217062301846,1.9308294479169412,61.0,652.32764
2020-11-16 08:00:00,6.335080000000005,53.38464362312724,2.380167206774188,46.0,779.68115
2020-11-16 09:00:00,6.173800000000028,54.773401640672226,2.7503629376982994,23.0,801.375
2020-11-16 10:00:00,5.277430000000038,57.0010274005659,3.1120784771353582,27.0,638.2991
2020-11-16 11:00:00,3.8534200000000283,59.866833979347625,3.2042204546695037,27.0,482.28687
2020-11-16 12:00:00,2.033650000000023,62.61797219321388,3.0008520201485847,32.0,347.3656
2020-11-16 13:00:00,0.6067000000000462,63.86794591966474,2.6839095243928943,32.0,267.28253
2020-11-16 14:00:00,-0.07229999999998427,63.728049950561754,2.251252375044693,25.0,229.3963
2020-11-16 15:00:00,-0.378029999999967,63.28827576045391,2.065817452731393,25.0,196.20401
2020-11-16 16:00:00,-0.6356299999999919,63.465176641574566,1.9619505001771376,25.0,177.42517
2020-11-16 17:00:00,-1.0733699999999544,64.57385048201148,1.9878388500145678,28.0,165.41878
2020-11-16 18:00:00,-1.2357999999999834,64.65453773417681,1.93160222634201,26.0,164.63068
2020-11-16 19:00:00,-1.2936799999999948,64.74410762172174,1.4797400427183804,20.0,155.06334
2020-11-16 20:00:00,-1.4826400000000035,65.53533239548504,1.4366676449790474,19.0,153.7245
2020-11-16 21:00:00,-1.721779999999967,66.799531561668,1.3269549901087903,19.0,152.0041
2020-11-16 22:00:00,-1.655370000000005,65.97268411735236,1.357980966212238,19.0,131.50784
2020-11-16 23:00:00,-2.068459999999959,68.16797376697482,1.4066351582738426,22.0,125.23593
2020-11-17 00:00:00,-1.9213599999999929,67.24236660495642,1.5038660125569998,19.0,126.30495
2020-11-17 01:00:00,-2.063539999999989,68.20568964080061,1.7041221034455725,19.0,117.79738
2020-11-17 02:00:00,-2.2427999999999884,69.87196186529172,1.6984474533921503,19.0,123.17732
2020-11-17 03:00:00,-2.072119999999984,72.3583031606952,1.4246573163191767,21.0,124.83835
2020-11-17 04:00:00,-0.5395299999999565,64.28496286168185,1.3726117841756076,25.0,166.49886
2020-11-17 05:00:00,0.7342200000000503,62.54078846850601,1.3692887287941904,27.0,243.04459
2020-11-17 06:00:00,2.0517200000000457,60.34510212076921,1.6197471020870882,29.0,390.17798
2020-11-17 07:00:00,3.0383500000000367,62.9434977423951,1.8622713697672453,33.0,502.68652
2020-11-17 08:00:00,3.4566300000000183,61.122089656533305,2.1279337915885304,28.0,598.70605
2020-11-17 09:00:00,3.5892600000000243,59.7530722647024,2.1266962728609577,27.0,616.0918
2020-11-17 10:00:00,3.2967800000000125,59.27803911402637,2.1559858544081707,27.0,552.1465
2020-11-17 11:00:00,2.5673000000000457,59.8196131829955,2.1561979248199665,26.0,485.2272
2020-11-17 12:00:00,1.4264800000000264,60.80710637309251,2.0592916219893915,29.0,344.92908
2020-11-17 13:00:00,0.393100000000004,60.39969677280268,1.9060233410937049,27.0,264.9094
2020-11-17 14:00:00,-0.32339999999999236,59.30254577824125,1.6540831401296157,29.0,207.976
2020-11-17 15:00:00,-0.8666699999999992,59.037655009387755,1.4867092497622796,35.0,171.10307
2020-11-17 16:00:00,-1.1825299999999856,58.999793140715575,1.339829601379359,35.0,151.46721
2020-11-17 17:00:00,-1.4312799999999584,59.30890034052155,1.2684677797254529,35.0,139.50769
2020-11-17 18:00:00,-1.5986999999999512,59.39650976601065,1.1619673253191833,38.0,133.7195
2020-11-17 19:00:00,-1.9218499999999494,57.29789942645891,1.0995767561621768,40.0,124.377716
2020-11-17 20:00:00,-2.049229999999966,57.67685370652775,0.9003941036781963,37.0,119.05757
2020-11-17 21:00:00,-2.2126799999999776,58.553395100933514,0.8732416625677187,35.0,119.15796
2020-11-17 22:00:00,-2.403699999999958,59.60622312712152,1.0210155588776941,36.0,128.23883
2020-11-17 23:00:00,-2.6384599999999523,60.778603516927234,1.1435318320787926,27.0,147.936
2020-11-18 00:00:00,-2.834199999999953,61.954642095971856,1.1417517643712147,27.0,173.16452
2020-11-18 01:00:00,-2.976169999999968,63.03336632334323,1.1012912286490344,27.0,187.68062
2020-11-18 02:00:00,-3.1395599999999604,64.15523986983014,1.0798203731359637,27.0,195.30064
2020-11-18 03:00:00,-3.2923299999999927,65.61075177728894,1.0707693896780293,28.0,215.34047
2020-11-18 04:00:00,-2.965919999999983,65.435503019495,1.0505811921340826,30.0,249.87709
2020-11-18 05:00:00,-2.591899999999953,65.59757929106655,1.210648553344867,24.0,274.39374
2020-11-18 06:00:00,-2.2677400000000034,66.23114569919493,1.3996674012856403,26.0,307.0525
2020-11-18 07:00:00,-2.4746999999999844,67.73037454621274,1.6409210728319403,26.0,348.06934
2020-11-18 08:00:00,-2.597849999999994,68.63221421631634,1.837221563342224,30.0,353.4646
2020-11-18 09:00:00,-2.824099999999987,69.22326394566909,1.9811619965478957,19.0,344.04834
2020-11-18 10:00:00,-3.3009399999999687,69.95992402671237,2.1176365853843184,17.0,346.46674
2020-11-18 11:00:00,-3.7438699999999585,69.88499527860185,2.234970333864056,17.0,336.6127
2020-11-18 12:00:00,-4.255529999999965,70.06520905697427,2.1964860989475645,24.0,327.32275
2020-11-18 13:00:00,-4.656399999999962,70.33147310409593,2.105175281703735,23.0,326.84753
2020-11-18 14:00:00,-5.046419999999955,70.6937389194903,2.0978517808731745,26.0,321.03387
2020-11-18 15:00:00,-5.687199999999962,73.87056413271044,2.0992586459010782,26.0,317.45364
2020-11-18 16:00:00,-5.9893599999999765,73.47103973119569,1.992474047819055,24.0,325.25348
2020-11-18 17:00:00,-6.254099999999994,72.85694620694412,1.8258091433304613,24.0,323.21393
2020-11-18 18:00:00,-6.906649999999956,76.11578065039137,1.804744537471132,27.0,310.1258
2020-11-18 19:00:00,-7.81626,77.23721808590675,1.6096578138410884,24.0,296.50238
2020-11-18 20:00:00,-8.902799999999957,77.78202307485607,1.4597944812733914,30.0,261.9879
2020-11-18 21:00:00,-9.255740000000003,74.15076158135723,1.3474696956964414,30.0,266.7812
2020-11-18 22:00:00,-8.502779999999973,66.77213646896884,1.2083886727824589,29.0,123.51901
2020-11-18 23:00:00,-8.065470000000005,63.87706658437184,1.0772310007347217,22.0,151.5755
2020-11-19 00:00:00,-8.301949999999977,63.86274493145123,0.9111275115953035,26.0,129.72856
2020-11-19 01:00:00,-8.569249999999954,64.28302812118612,0.8421978107773372,21.0,170.08405
2020-11-19 02:00:00,-8.845979999999997,64.85545526362374,0.7695653438145375,21.0,161.524
2020-11-19 03:00:00,-9.072549999999978,65.33006824336773,0.49042839364346036,22.0,224.0639
2020-11-19 04:00:00,-8.561769999999967,62.40697080943382,0.46404590144299834,36.0,306.86365
2020-11-19 05:00:00,-7.645119999999963,57.624182296441,0.8402235404097889,36.0,414.4286
2020-11-19 06:00:00,-7.302769999999953,61.77955800088392,1.343035270417933,25.0,535.0726
2020-11-19 07:00:00,-6.152499999999975,62.57725003667962,1.6370685379128909,24.0,669.2996
2020-11-19 08:00:00,-5.462499999999977,59.16690910520444,1.638797114741611,37.0,727.3372
2020-11-19 09:00:00,-5.330330000000004,57.88454400080779,1.4850831449032373,37.0,767.7417
2020-11-19 10:00:00,-5.267949999999985,58.72589247900621,1.2494722000835523,34.0,881.5774
2020-11-19 11:00:00,-5.657839999999965,60.61245775106433,1.160389851433841,38.0,764.2473
2020-11-19 12:00:00,-6.35952999999995,55.97543053607473,1.064811002079171,38.0,141.8946
2020-11-19 13:00:00,-6.2777999999999565,53.067756677759355,0.8713364118295829,73.0,64.4314
2020-11-19 14:00:00,-6.774630000000002,58.49700351184315,0.5185192714536047,73.0,38.771027
2020-11-19 15:00:00,-7.041139999999984,56.2090307917244,0.5457955766602116,112.0,35.824524
2020-11-19 16:00:00,-7.593999999999994,58.986746576523565,0.9136615516634508,112.0,40.48198
2020-11-19 17:00:00,-7.9817299999999705,56.6743107048189,1.2976842315535972,103.0,45.998596
2020-11-19 18:00:00,-8.815219999999954,56.9224301187457,1.6685736375550704,67.0,51.11383
2020-11-19 19:00:00,-11.158849999999973,59.98238477238837,1.8981866462307868,59.0,58.194016
2020-11-19 20:00:00,-12.277379999999994,59.79618584409488,2.0140935545276344,59.0,68.45926
2020-11-19 21:00:00,-12.744299999999953,58.00814854791591,2.1043906049753525,51.0,76.75174
2020-11-19 22:00:00,-13.059579999999983,56.32238077099015,2.126339608596569,50.0,45.499725
2020-11-19 23:00:00,-13.182469999999967,54.77420232334558,2.0053425470009456,58.0,42.602844
2020-11-20 00:00:00,-13.324770000000001,53.17633487705878,1.9574764584600552,37.0,36.91144
2020-11-20 01:00:00,-12.97366999999997,50.399159681211096,1.8821638875451547,37.0,26.955894
2020-11-20 02:00:00,-12.528099999999995,47.761423025432215,1.7649926041656303,55.0,25.650307
2020-11-20 03:00:00,-10.838799999999992,43.08548269449401,1.5488077749426878,72.0,24.837166
2020-11-20 04:00:00,-7.536699999999996,38.64546809125287,0.8986839971317032,81.0,53.759853
2020-11-20 05:00:00,-3.6758499999999685,32.23876020544074,0.8365445629070591,81.0,135.50504
2020-11-20 06:00:00,-4.444069999999954,41.18813916754989,2.007194460931666,66.0,435.38477
2020-11-20 07:00:00,-1.840059999999994,42.49642421060851,2.2330044448396,67.0,616.9061
2020-11-20 08:00:00,-0.5664999999999623,40.74788538544302,2.4830616180924894,33.0,711.3806
2020-11-20 09:00:00,-0.231899999999996,40.81611035067311,2.568704457787719,26.0,752.9763
2020-11-20 10:00:00,-0.4890999999999508,42.29752103806163,2.473497293834028,89.0,802.21094
2020-11-20 11:00:00,-1.5220999999999663,47.907505981763585,2.0755327963805006,87.0,352.0922
2020-11-20 12:00:00,-3.352199999999982,51.26221317527151,2.1456967963467206,87.0,135.68756
2020-11-20 13:00:00,-4.283179999999959,51.012567675871495,1.7607669490763997,76.0,108.42529
2020-11-20 14:00:00,-3.1286399999999617,44.36711918947697,1.313145696379899,62.0,86.904755
2020-11-20 15:00:00,-3.3746699999999805,47.42108738885317,0.8624874511024784,62.0,67.34047
2020-11-20 16:00:00,-3.5280499999999506,49.896276287607016,0.4691927724659992,56.0,62.88797
2020-11-20 17:00:00,-3.8716799999999694,52.06822287966481,0.42422593024294075,64.0,57.286224
2020-11-20 18:00:00,-4.127700000000004,52.82953142619499,0.49109173325936567,75.0,45.728455
2020-11-20 19:00:00,-4.2097799999999665,57.51849262953828,0.6927516803045656,79.0,34.766068
2020-11-20 20:00:00,-4.604159999999979,59.05504010859651,1.2220610509848955,79.0,33.20717
2020-11-20 21:00:00,-6.220339999999965,62.843946670343804,1.6588360193520424,65.0,33.67775
2020-11-20 22:00:00,-7.257149999999967,63.816070939642906,1.8110239772754253,50.0,35.56302
2020-11-20 23:00:00,-7.154519999999991,61.59616749698208,1.6930558423925657,48.0,53.966095
2020-11-21 00:00:00,-7.38839999999999,60.56471658618017,1.6622291046878135,50.0,71.80992
2020-11-21 01:00:00,-8.127299999999991,60.38933179173167,1.7719176393114353,50.0,72.45078
2020-11-21 02:00:00,-8.630259999999964,59.090268845506785,1.8621327104159466,69.0,66.746346
2020-11-21 03:00:00,-7.576819999999998,54.57392604352146,1.6645476852953929,69.0,49.73752
2020-11-21 04:00:00,-4.709569999999985,47.85447106386081,1.0538581227033021,76.0,87.51547
2020-11-21 05:00:00,-1.182230000000004,40.60295755798671,0.3654545797567703,71.0,162.61581
2020-11-21 06:00:00,1.0844000000000165,34.30448826161985,0.5362923311330261,59.0,313.85077
2020-11-21 07:00:00,0.18585000000001628,50.33103931845344,1.6063003924508072,59.0,461.40387
2020-11-21 08:00:00,1.7248200000000224,44.994217397830184,2.2473142395286803,63.0,577.8347
2020-11-21 09:00:00,2.0572800000000484,43.95610475166512,2.6357471410597206,68.0,644.28906
2020-11-21 10:00:00,1.7837800000000357,45.01276531861892,2.7077083388276684,68.0,662.7427
2020-11-21 11:00:00,0.2906700000000342,52.03600468871733,2.244528353663818,101.0,198.58179
2020-11-21 12:00:00,-2.018599999999992,56.61935611058861,2.2784988831526274,90.0,69.51492
2020-11-21 13:00:00,-2.9106499999999755,54.604612593273075,1.7814964268369888,90.0,41.86728
2020-11-21 14:00:00,-2.9086399999999912,54.41701105400044,1.409628604099853,84.0,41.361496
2020-11-21 15:00:00,-3.8319799999999873,57.20717190962757,1.3472470081181884,89.0,45.1102
2020-11-21 16:00:00,-4.303439999999966,57.67275000102323,1.2104765725947446,109.0,51.801
2020-11-21 17:00:00,-4.284159999999986,57.069223597949716,0.9713152753078116,88.0,65.89369
2020-11-21 18:00:00,-4.1624499999999784,56.4713319721093,0.8344561444608638,88.0,73.854416
2020-11-21 19:00:00,-3.570229999999981,55.90009022684503,0.26331516273117245,94.0,81.49252
2020-11-21 22:00:00,-3.8944499999999493,61.46985006190505,0.2542462823027309,67.0,86.765305
2020-11-21 23:00:00,-4.07956999999999,63.33552772714251,0.4529929638828719,63.0,122.64163
2020-11-22 00:00:00,-4.422640000000001,66.09669391844119,0.7848214055325289,61.0,137.2875
2020-11-22 01:00:00,-4.727449999999976,69.04000583015797,0.8144668101377478,61.0,150.83742
2020-11-22 02:00:00,-4.963099999999997,71.35405022630808,0.9069242103396112,50.0,139.7644
2020-11-22 03:00:00,-5.16807,73.58434377373825,0.9264283434556951,54.0,154.5794
2020-11-22 04:00:00,-5.1908599999999865,75.15103169145428,0.8888314758086837,41.0,210.55257
2020-11-22 05:00:00,-5.916629999999998,83.6939891634721,1.1090335838323022,41.0,270.6115
2020-11-22 06:00:00,-4.661229999999989,80.48123080017442,1.2652583734424032,29.0,314.2309
2020-11-22 07:00:00,-4.439199999999971,81.85763081374013,1.4760046872776926,29.0,359.55566
2020-11-22 08:00:00,-4.001869999999997,81.39517868123174,1.585303284698275,33.0,383.3573
2020-11-22 09:00:00,-3.882729999999981,81.56923577196189,1.5571662953337675,38.0,393.52832
2020-11-22 10:00:00,-3.7827800000000025,81.4840877371884,1.6505928673845922,38.0,417.0857
2020-11-22 22:00:00,-11.424170000000004,86.92006034127174,1.9671754272531567,110.0,16.868116
2020-11-22 23:00:00,-12.26182,84.37290730450917,2.064793355435536,110.0,23.194519
2020-11-23 00:00:00,-12.286540000000002,81.63528093854102,2.1135153622077403,119.0,36.223434
2020-11-23 01:00:00,-12.594339999999988,80.5401214479876,2.2984571416324706,60.0,37.67755
2020-11-23 02:00:00,-12.988499999999988,78.46867447524517,2.419416598842043,50.0,35.612823
2020-11-23 03:00:00,-12.687019999999961,75.60318408973767,2.3196382315226303,46.0,35.831497
2020-11-23 04:00:00,-8.894599999999969,64.51760644094622,1.9178695906275307,38.0,49.175476
2020-11-23 05:00:00,-2.5043699999999944,47.8371726258966,1.2577619188702402,32.0,75.2608
2020-11-23 06:00:00,0.5887400000000298,39.86026326705669,1.2505016816637682,30.0,172.91313
2020-11-23 07:00:00,-1.1587299999999914,62.50495936186032,1.8722292271960257,25.0,356.6762
2020-11-23 08:00:00,1.1587800000000357,55.71837451225642,2.4141803872963696,25.0,439.79102
2020-11-23 09:00:00,1.5073000000000434,55.357252093113964,2.634306191878613,23.0,459.7539
2020-11-23 10:00:00,0.9832700000000045,58.77702066681199,2.5136618460745797,32.0,402.80676
2020-11-23 11:00:00,-0.8842999999999961,67.21803058582219,2.0774666118390566,55.0,192.25679
2020-11-23 12:00:00,-3.2137500000000045,68.04446760208556,2.393885238092434,79.0,81.69914
2020-11-23 13:00:00,-5.307649999999967,70.73650966003952,2.339909954311757,79.0,65.59187
2020-11-23 14:00:00,-6.518699999999967,67.69416742764885,2.153025260715417,57.0,49.630554
2020-11-23 15:00:00,-7.815769999999986,67.04890529643944,2.1697809598750215,69.0,27.512663
2020-11-23 16:00:00,-8.75394,65.81724754395398,2.1946026853682095,69.0,17.663692
2020-11-23 17:00:00,-9.302949999999953,63.98212012232461,2.1905935830311547,111.0,14.430658
2020-11-23 18:00:00,-9.29849999999999,61.2984586993338,2.1038204242096947,111.0,13.293429
2020-11-23 19:00:00,-8.762729999999976,60.215020658824166,1.985252950929068,147.0,12.268093
2020-11-23 20:00:00,-8.469099999999969,57.30300432415332,1.9640616238754092,115.0,10.98788
2020-11-23 22:00:00,-9.107899999999972,56.77553711754509,2.009542081922905,123.0,12.491437
2020-11-23 23:00:00,-9.319129999999973,57.31973459735552,1.9760519463655002,143.0,15.308088
2020-11-24 00:00:00,-9.644019999999955,58.304605341178906,1.997796956481978,115.0,13.735256
2020-11-24 01:00:00,-9.781349999999975,58.69522751979574,1.9866551750643096,116.0,11.22984
2020-11-24 02:00:00,-9.64206999999999,57.869066176019686,1.9523328185464022,116.0,11.052572
2020-11-24 03:00:00,-9.07469999999995,56.004510005276515,1.9223894898098648,104.0,12.071753
2020-11-24 04:00:00,-3.9081199999999967,45.93947755058731,1.362828520464578,72.0,34.90041
2020-11-24 05:00:00,0.3934000000000424,37.124922856101136,0.7497684979719074,66.0,74.43614
2020-11-24 06:00:00,2.670560000000023,27.446820682507536,0.5381946675382762,39.0,176.72418
2020-11-24 07:00:00,3.1387000000000285,32.49764884798919,0.9095088125172579,35.0,252.28593
2020-11-24 08:00:00,2.053860000000043,60.63008776327657,1.2804915550816645,35.0,290.4251
2020-11-24 09:00:00,2.1262800000000084,61.749252529480096,1.5004978171199026,30.0,306.38943
2020-11-24 10:00:00,2.088600000000042,60.82366159424758,1.443014448496966,37.0,272.54074
2020-11-24 11:00:00,1.67706000000004,58.85758033802318,1.3668859342093806,56.0,53.281525
2020-11-24 12:00:00,2.350400000000036,38.58666906650628,0.8590212773056101,123.0,19.377178
2020-11-24 13:00:00,1.2121500000000083,41.089406290454015,0.8692760507507753,123.0,15.936656
2020-11-24 14:00:00,0.16815000000002556,43.22617152277491,0.872046257141317,128.0,18.35839
2020-11-24 15:00:00,-0.3721400000000017,43.7153746327235,1.4062594755581943,123.0,17.579433
2020-11-24 16:00:00,-4.33633999999995,54.078980403133215,2.129239131803397,117.0,15.720368
2020-11-24 17:00:00,-5.185949999999991,57.28524423155117,2.127246115572897,139.0,13.694737
2020-11-24 18:00:00,-5.179899999999975,58.451240043894465,1.9894265903215858,136.0,12.165573
2020-11-24 19:00:00,-4.734780000000001,60.82462915931048,1.844956888044244,136.0,11.161394
2020-11-24 20:00:00,-4.535249999999962,60.447538954154766,1.836925144452127,111.0,10.841216
2020-11-24 21:00:00,-4.792969999999968,61.44516001866155,1.9226644975854612,74.0,11.4499655
2020-11-24 22:00:00,-5.416099999999972,64.10421838732175,1.9806725375336127,112.0,12.2187
2020-11-24 23:00:00,-5.310399999999959,63.8728734721844,1.8290519838955617,106.0,11.234343
2020-11-25 00:00:00,-5.098059999999975,63.43944892084167,1.7184170730762653,106.0,10.650526
2020-11-25 01:00:00,-4.6019000000000005,62.70661642575261,1.540816803229576,93.0,11.097591
2020-11-25 02:00:00,-4.328530000000001,63.301735481261304,1.4691438459568427,101.0,12.229796
2020-11-25 03:00:00,-4.037399999999991,62.39615395157973,1.4726496588857108,91.0,12.695538
2020-11-25 04:00:00,-0.7381299999999555,49.30933884110228,1.087453385303822,88.0,13.559182
2020-11-25 05:00:00,1.7406200000000354,46.70619958993995,0.6102464029004088,67.0,42.71765
2020-11-25 06:00:00,3.7428199999999947,36.5946877929355,0.08075496216398843,58.0,167.807
2020-11-25 07:00:00,3.7504000000000133,56.628892590806245,0.5954252354856656,59.0,344.1731
2020-11-25 08:00:00,3.9953200000000493,54.02240229862538,0.8652602537925081,63.0,454.0569
2020-11-25 09:00:00,3.324760000000026,61.34402298831757,1.0754788814489535,80.0,228.41357
2020-11-25 10:00:00,3.2397400000000403,60.62050913943415,1.0658614213540911,69.0,429.99902
2020-11-25 11:00:00,3.7875000000000227,50.87586355237721,0.662737232531486,61.0,24.404785
2020-11-25 12:00:00,2.9087200000000166,54.803720040789486,0.3928529685407682,64.0,13.439313
2020-11-25 13:00:00,0.4200700000000097,70.93492689445287,1.4773133007763548,78.0,20.988146
2020-11-25 14:00:00,-1.2795199999999909,77.59112131774805,1.7724884512347818,77.0,20.381313
2020-11-25 15:00:00,-3.2602299999999786,81.03683996376773,1.9915576460221425,82.0,19.067642
2020-11-25 16:00:00,-5.098359999999957,83.07199177193544,2.1301599721802393,109.0,16.084213
2020-11-25 17:00:00,-6.2582799999999565,84.08304797786708,2.1937914886450613,139.0,13.566436
2020-11-25 18:00:00,-7.228369999999984,84.95645314487749,2.224395038637196,112.0,12.594474
2020-11-25 20:00:00,-6.729349999999954,81.93375484947283,2.0430669877631424,79.0,12.20361
2020-11-25 22:00:00,-7.348119999999994,80.7320641841133,2.1043263213824854,87.0,12.6174755
2020-11-25 23:00:00,-7.624059999999986,80.5121341111817,2.1176971483742073,90.0,11.541152
2020-11-26 00:00:00,-8.177399999999977,81.49909622162662,2.168319048991151,114.0,11.663483
2020-11-26 01:00:00,-8.904759999999953,82.38902182332772,2.2842111480583864,114.0,13.892218
2020-11-26 02:00:00,-9.331699999999955,82.61595555026459,2.376082683167242,123.0,15.452001
2020-11-26 03:00:00,-8.54586999999998,80.45471147054012,2.270687839918865,83.0,17.533566
2020-11-26 04:00:00,-3.6832299999999805,68.96018152101512,2.0125078005892796,70.0,33.643463
2020-11-26 05:00:00,0.9916600000000244,60.18825143683883,1.7108047776821456,50.0,61.826187
2020-11-26 06:00:00,4.75630000000001,52.48535291219233,1.279450703031673,35.0,126.71222
2020-11-26 07:00:00,6.182520000000011,51.77364091221289,1.1397305475439505,25.0,166.09569
2020-11-26 08:00:00,7.694540000000018,42.18026827183079,0.9319697297751204,33.0,163.32549
2020-11-26 09:00:00,7.407680000000028,46.43128926798243,1.1000392963922698,39.0,123.544586
2020-11-26 10:00:00,4.727620000000002,63.036829037236075,1.5326735418512525,72.0,50.611786
2020-11-26 11:00:00,3.055470000000014,72.52745957035106,1.7600924185363818,53.0,40.096497
2020-11-26 12:00:00,1.7218300000000113,78.69332167347791,1.8306807299729382,101.0,43.468643
2020-11-26 13:00:00,0.8387000000000171,80.22064137034967,2.064217307256565,87.0,31.115948
2020-11-26 14:00:00,-0.1281500000000051,81.68540511709749,2.2333093317457955,75.0,19.715883
2020-11-26 15:00:00,-0.48465999999996257,79.8203810091211,2.2980649379644142,70.0,19.686111
2020-11-26 16:00:00,-0.6545199999999909,77.94624011366182,2.2396923099594543,70.0,20.94318
2020-11-26 17:00:00,-1.132599999999968,76.89884916121403,2.348592885738664,57.0,20.295288
2020-11-26 18:00:00,-1.173249999999996,74.78122924120699,2.516839303833483,19.0,19.281097
2020-11-26 19:00:00,-1.4400399999999536,73.91105350763269,2.5947512539158506,19.0,19.584564
2020-11-26 20:00:00,-1.9200999999999908,74.07802508476048,2.481789133426701,12.0,19.370764
2020-11-26 21:00:00,-2.3641700000000014,76.55677044740739,2.371433249618206,16.0,17.863335
2020-11-26 22:00:00,-2.7697000000000003,80.98162666937912,2.284299157944333,14.0,16.494282
2020-11-26 23:00:00,-2.9278299999999717,83.5970034945879,2.190682996471831,15.0,16.902386
2020-11-27 00:00:00,-2.665559999999971,84.24288719235811,2.068028305532939,15.0,23.548399
2020-11-27 01:00:00,-2.687999999999988,84.3623786472873,2.021722760635654,21.0,17.09388
2020-11-27 02:00:00,-2.654329999999959,83.9039082780667,1.8409860294181515,72.0,13.0771885
2020-11-27 03:00:00,-2.54562999999996,82.81085492872798,1.7917951779824195,51.0,12.826542
2020-11-27 04:00:00,-0.891179999999963,80.47433013987427,1.6896795557361137,51.0,14.10246
2020-11-27 05:00:00,1.996939999999995,77.17102188831007,1.4172734804198528,26.0,29.616863
2020-11-27 06:00:00,4.980550000000051,68.96000194402139,1.0892884739616313,20.0,52.591217
2020-11-27 07:00:00,8.673800000000028,51.66013768793068,1.0725410599001661,20.0,74.46478
2020-11-27 08:00:00,9.426720000000046,51.762145785470615,1.0516872025371482,53.0,100.1579
2020-11-27 09:00:00,9.43795,54.50891516656398,0.9224458228436887,53.0,95.82985
2020-11-27 10:00:00,8.44106000000005,59.385089805633534,1.1292307851945633,48.0,62.58246
2020-11-27 11:00:00,4.898800000000051,73.85631500985595,2.161419236044866,36.0,37.190643
2020-11-27 12:00:00,3.242330000000038,79.5505249898006,3.0054161672826245,36.0,31.66957
2020-11-27 13:00:00,3.608670000000018,72.56845715297881,3.024236083131957,62.0,40.61432
2020-11-27 14:00:00,4.121100000000013,67.2582929483173,2.129800953853963,87.0,53.423965
2020-11-27 15:00:00,4.583730000000003,63.92758545585545,1.0708084844042602,44.0,61.81346
2020-11-27 16:00:00,3.369600000000048,72.02630743900941,1.0861754895589815,44.0,55.42299
2020-11-27 17:00:00,2.7197000000000457,75.11501450886792,2.2445528468242624,55.0,85.75484
2020-11-27 18:00:00,3.085300000000018,72.38544933336597,1.712028174770587,75.0,126.17876
2020-11-27 19:00:00,5.2700700000000325,63.457258795701165,3.19495400607846,70.0,139.99222
2020-11-27 20:00:00,4.6043300000000045,67.22723825470409,2.582584924333558,74.0,167.18558
2020-11-27 21:00:00,3.674070000000029,74.76361009319547,3.229815047816777,74.0,296.6197
2020-11-27 22:00:00,3.0734500000000367,85.02734013621878,2.244963367613354,32.0,541.07983
2020-11-27 23:00:00,1.388120000000015,98.10781942378918,2.086903010674279,32.0,376.41296
2020-11-28 00:00:00,0.683400000000006,99.48772338109512,2.4998083573609455,25.0,482.84344
2020-11-28 01:00:00,0.5320700000000329,99.48730379947924,2.6138072062046582,24.0,466.23755
2020-11-28 02:00:00,0.3201999999999998,99.3425074954098,2.480482773805061,28.0,247.87827
2020-11-28 03:00:00,0.13723000000004504,99.43993524857787,2.329446511083603,33.0,179.41284
2020-11-28 04:00:00,0.2914400000000228,98.99213044530669,2.1223266541808403,33.0,150.22037
2020-11-28 05:00:00,0.4862300000000346,96.49189445577592,2.3237848776949663,28.0,364.1396
2020-11-28 06:00:00,0.511380000000031,94.63230765479346,2.0848993574834904,36.0,364.78595
2020-11-28 07:00:00,0.8429800000000114,89.68668195840718,1.975669783030932,32.0,362.44336
2020-11-28 08:00:00,1.212000000000046,87.98538543647426,1.9324650299121016,33.0,484.96582
2020-11-28 09:00:00,1.487099999999998,87.04557128999991,1.4646473074800535,33.0,525.3816
2020-11-28 10:00:00,1.3999300000000403,86.58189020766345,1.4399048163336468,22.0,407.13843
2020-11-28 11:00:00,1.0688000000000102,88.43055246676465,1.5122140393205536,33.0,230.61328
2020-11-28 12:00:00,0.24355000000002747,90.29523553101475,1.582542080686441,48.0,94.455414
2020-11-28 13:00:00,-2.0101699999999596,92.73276700793551,2.0664242999825473,56.0,62.4256
2020-11-28 14:00:00,-3.57965999999999,93.06787153850956,2.4280601418756746,56.0,54.80768
2020-11-28 15:00:00,-5.349649999999997,92.63142222842829,2.521218741123707,65.0,55.04521
2020-11-28 16:00:00,-6.568799999999953,91.31464795317156,2.4201338356283295,63.0,62.974045
2020-11-28 17:00:00,-8.04019999999997,90.37246440229084,2.543332798628109,48.0,72.21792
2020-11-28 18:00:00,-9.239839999999958,90.75137805275753,2.558593412924674,59.0,75.89577
2020-11-28 19:00:00,-9.40152999999998,92.73166512948895,2.4445486642124203,71.0,73.28794
2020-11-28 20:00:00,-10.261499999999955,92.37917619126175,2.578117604884589,51.0,73.390526
2020-11-28 21:00:00,-10.214969999999994,91.22807016009361,2.505617947097111,36.0,69.71011
2020-11-28 22:00:00,-10.933499999999981,90.25995284653017,2.5430367571371617,36.0,71.72794
2020-11-28 23:00:00,-11.674080000000004,89.01231667287784,2.4947300935392045,34.0,62.655205
2020-11-29 00:00:00,-12.47891999999996,87.39701501837698,2.4363985519532223,52.0,52.36617
2020-11-29 01:00:00,-13.339759999999956,86.91458130674812,2.3488446894715964,41.0,39.704735
2020-11-29 02:00:00,-13.552999999999997,86.0567605816358,2.224538022498694,41.0,39.73583
2020-11-29 03:00:00,-13.39103,84.65577968496616,2.152071031937601,36.0,44.69126
2020-11-29 04:00:00,-10.884379999999965,79.62878660587052,1.9920414824382975,35.0,68.67389
2020-11-29 05:00:00,-7.175119999999993,71.5617691089978,1.8709620208516773,16.0,107.84668
2020-11-29 06:00:00,-2.707560000000001,65.35016860191344,1.4631416232543892,16.0,146.37129
2020-11-29 07:00:00,1.2210600000000227,54.08401836356446,0.8895851380563471,22.0,193.29755
2020-11-29 08:00:00,1.4320000000000164,64.92821193431189,1.0165181813740485,22.0,241.65132
2020-11-29 09:00:00,1.8472000000000435,66.59100901778842,1.6828654298264047,25.0,293.78784
2020-11-29 10:00:00,1.468400000000031,71.03716716502392,1.7231830026095603,23.0,292.4518
2020-11-29 11:00:00,0.23525000000000773,74.66675580170867,1.545019775579045,23.0,147.29776
2020-11-29 12:00:00,-0.9117799999999647,66.48999456487039,1.3838882110436965,31.0,61.47075
2020-11-29 13:00:00,-2.347939999999994,67.71663183169042,1.4226642700094954,39.0,50.932365
2020-11-29 14:00:00,-3.5194499999999493,68.20242487508796,1.5273266830068704,49.0,49.516884
2020-11-29 15:00:00,-5.824439999999981,72.24076539190915,1.7577108800695584,65.0,43.396492
2020-11-29 16:00:00,-8.46079999999995,78.1924749165245,1.9628164632306557,59.0,29.99125
2020-11-29 17:00:00,-10.501299999999958,82.92367386599472,2.1835229972126626,59.0,21.87846
2020-11-29 18:00:00,-11.42614999999995,83.98397118282345,2.182477409287138,55.0,17.038101
2020-11-29 19:00:00,-11.095039999999983,82.99245726225935,2.032202286201231,55.0,13.958732
2020-11-29 20:00:00,-10.945899999999995,81.25486033489858,2.0508025559687275,42.0,13.8457985
2020-11-29 21:00:00,-11.530069999999967,81.07006726840046,2.197653514662431,37.0,14.786481
2020-11-29 22:00:00,-11.634529999999984,80.43717692172818,2.1642604996290533,55.0,11.764452
2020-11-29 23:00:00,-10.709270000000004,77.70176086467839,1.9344016548229033,64.0,14.932199
2020-11-30 00:00:00,-10.08511999999996,75.41797653991956,1.8940609752355955,70.0,24.201477
2020-11-30 01:00:00,-10.42614999999995,76.02894187870912,2.0040172097663493,70.0,13.168077
2020-11-30 02:00:00,-10.984719999999982,77.2085942314756,2.1251742087258183,81.0,23.464443
2020-11-30 03:00:00,-11.537329999999997,78.63867414779678,2.1995801907726347,78.0,26.295378
2020-11-30 04:00:00,-7.626039999999989,72.70653838565924,1.7385718397161654,78.0,40.729965
2020-11-30 05:00:00,-2.8479999999999563,63.4275801617902,1.220689342830932,59.0,72.707146
2020-11-30 06:00:00,0.3217999999999961,58.975101715673055,0.7188355262270602,49.0,110.6392
2020-11-30 07:00:00,2.7872600000000034,49.9731290790383,0.5261152410687107,49.0,149.8077
2020-11-30 08:00:00,3.940179999999998,45.46252108174831,0.6156028131866176,37.0,161.4232
2020-11-30 09:00:00,3.104820000000018,60.870352658760766,1.0967366544997392,47.0,170.09381
2020-11-30 10:00:00,4.239340000000027,48.80874328841881,0.8501206853956124,51.0,164.69135
2020-11-30 11:00:00,3.4227000000000203,53.056952115024636,0.46558897922778414,51.0,77.69402
2020-11-30 12:00:00,2.084069999999997,56.744569744556706,0.34317498541530456,60.0,50.259434
2020-11-30 13:00:00,1.0504999999999995,57.89747882687277,0.6589311788664757,60.0,44.349655
2020-11-30 14:00:00,0.1872500000000059,58.81162180034977,0.9733202825046963,80.0,39.30713
2020-11-30 15:00:00,-0.7759800000000041,61.409661725875374,1.3235351843567211,81.0,30.18053
2020-11-30 16:00:00,-2.8481199999999944,68.70831417528552,1.7800767559927417,81.0,16.416513
2020-11-30 17:00:00,-3.821749999999952,73.2733542674059,1.9486680867363175,76.0,12.605775
2020-11-30 18:00:00,-3.8567599999999516,74.89042524281165,1.8600695391942401,85.0,11.43702
2020-11-30 19:00:00,-4.4652999999999565,81.87733231830825,1.8926971747293977,85.0,11.948915
2020-11-30 20:00:00,-4.771119999999996,83.20282017574809,2.0229620607598897,100.0,11.561347
2020-11-30 21:00:00,-4.2648699999999735,83.01238050527543,1.783708447685656,100.0,11.525493
2020-11-30 22:00:00,-4.041899999999998,83.73688075376005,1.9243711369502436,94.0,11.26897
2020-12-01 00:00:00,-3.5420299999999543,86.66937824731507,1.8749255224862775,91.0,21.846764
2020-12-01 01:00:00,-3.1615999999999644,84.4055828475022,1.4295727900773336,87.0,24.041553
2020-12-01 02:00:00,-1.9117200000000025,74.72953857628552,1.3167444018547425,99.0,26.236511
2020-12-01 03:00:00,-2.661019999999951,77.00181471754681,1.843055240023795,90.0,27.750362
2020-12-01 04:00:00,-0.26825999999999794,76.00243328604527,1.1943836793416847,90.0,14.065554
2020-12-01 05:00:00,1.6796500000000378,71.54460880988522,1.150250089407147,60.0,42.749153
2020-12-01 06:00:00,4.116600000000005,62.26867148288932,0.988799946064238,121.0,83.855774
2020-12-01 07:00:00,6.916899999999998,52.18479964807705,0.870448544467088,73.0,132.22902
2020-12-01 08:00:00,7.330399999999997,47.75810747661065,0.9488224145167221,73.0,164.51482
2020-12-01 09:00:00,7.332120000000032,49.55846483363877,0.2024349168904836,42.0,106.681885
2020-12-01 10:00:00,3.6587800000000357,74.76214329079049,1.888776541920767,42.0,42.292862
2020-12-01 11:00:00,3.0723200000000475,80.98687891598689,2.1495227213804373,73.0,29.884354
2020-12-01 12:00:00,1.9416700000000446,83.73738143603016,2.504270323102115,77.0,23.041607
2020-12-01 13:00:00,0.4923300000000381,88.85180383279604,2.3672841018488913,65.0,21.111847
2020-12-01 14:00:00,-0.37924999999995634,91.06828440719767,2.154665872859764,65.0,20.107372
2020-12-01 15:00:00,-0.4458399999999756,91.58351140070897,1.9431941695109323,75.0,19.509815
2020-12-01 16:00:00,0.1563700000000381,92.0965462695423,1.6833554385814187,69.0,18.470446
2020-12-01 17:00:00,0.0986000000000331,91.98912305604098,1.5855658198355351,70.0,18.084824
2020-12-01 18:00:00,-0.4448600000000056,90.87814719435026,1.5231128068708184,59.0,16.964912
2020-12-01 19:00:00,-0.019749999999987722,89.10902884501822,1.7293247354447805,59.0,14.42819
2020-12-01 20:00:00,0.24423000000001593,86.93711964339181,1.8512825135726854,56.0,11.429253
2020-12-01 21:00:00,0.21327999999999747,85.2705112208101,2.028836901069441,68.0,11.095046
2020-12-01 22:00:00,0.080470000000048,85.55797347910986,2.0712335686512957,69.0,16.975262
2020-12-01 23:00:00,-0.2109999999999559,86.40668260510103,2.0534913451199244,54.0,13.3333025
2020-12-02 00:00:00,-0.6965999999999894,86.42611490664,2.069739494914819,54.0,13.055657
2020-12-02 01:00:00,-1.0156599999999685,87.65622110999851,2.029962282853702,53.0,12.65027
2020-12-02 02:00:00,-1.2212999999999852,88.90516763057401,1.9165288407483074,44.0,12.7385845
2020-12-02 03:00:00,-1.115199999999959,89.13657440052263,1.8321498564356866,44.0,12.352309
2020-12-02 04:00:00,0.8276600000000371,87.61022625447136,1.33748042967134,39.0,12.392367
2020-12-02 05:00:00,4.441670000000045,82.04309325683617,0.8736383643412737,39.0,27.916508
2020-12-02 06:00:00,5.808199999999999,81.8864405495767,0.5828360789081624,74.0,61.950333
2020-12-02 07:00:00,7.85635000000002,72.34132838440459,0.164446842422587,74.0,159.25381
2020-12-02 08:00:00,8.574270000000013,67.32890312945054,0.5622214560864877,93.0,190.77689
2020-12-02 09:00:00,8.571860000000015,68.549157901492,0.8333133070332445,92.0,221.15839
2020-12-02 10:00:00,8.31176000000005,72.30236787576017,1.0027634348494365,76.0,112.22957
2020-12-02 11:00:00,6.122800000000041,80.00447574510612,1.35607192584875,77.0,76.485535
2020-12-02 12:00:00,3.5533700000000294,87.65789950506958,1.6567944687412446,75.0,40.388046
2020-12-02 13:00:00,3.3886400000000094,86.60289416256006,1.5796084483474535,64.0,26.899818
2020-12-02 14:00:00,4.4944000000000415,81.08351092286952,1.2701915226293037,68.0,29.60226
2020-12-02 15:00:00,4.957670000000007,78.83998811545398,0.9917222527991612,62.0,29.256933
2020-12-02 16:00:00,4.62008000000003,79.17412983327408,0.849813389704375,57.0,24.429483
2020-12-02 17:00:00,4.348929999999996,79.7185584649161,0.7101804984621674,71.0,16.463657
2020-12-02 18:00:00,4.007350000000031,80.59236339875257,0.7179617274686949,79.0,16.331196
2020-12-02 19:00:00,4.747700000000009,76.93375734235929,0.7582692842104465,79.0,21.550652
2020-12-02 20:00:00,4.768730000000005,77.6583544041586,0.8265309072243835,62.0,25.333282
2020-12-02 21:00:00,4.589870000000019,78.91188185798964,0.7147607951621385,62.0,29.20533
2020-12-02 22:00:00,4.226220000000012,80.28900174165675,0.34762161163049743,62.0,44.040176
2020-12-02 23:00:00,3.630100000000027,82.32980509289384,0.1587528161124167,62.0,47.872482
2020-12-04 00:00:00,-0.956639999999993,88.94568198739908,0.9507515424022951,31.0,70.4999
2020-12-04 01:00:00,-1.0629299999999944,85.60581025670908,0.9931733536523778,27.0,80.85828
2020-12-04 02:00:00,-1.2648699999999735,83.73804029311815,0.8986964684689017,32.0,87.38785
2020-12-04 03:00:00,-1.5389499999999998,83.52498935842475,0.7798988806102937,38.0,93.066696
2020-12-04 04:00:00,-1.3154700000000048,80.6634198575113,0.8471506512766487,38.0,132.6043
2020-12-04 05:00:00,-0.5442599999999516,74.04086140970551,1.0689387869789524,32.0,179.69354
2020-12-04 06:00:00,0.26771999999999707,68.99079989555297,1.3764533381885715,36.0,250.58224
2020-12-04 07:00:00,1.3210700000000202,67.57120572320913,1.818710415275354,36.0,344.7932
2020-12-04 08:00:00,1.438000000000045,67.044785962114,1.9968833775233634,48.0,447.28223
2020-12-04 09:00:00,1.6859699999999975,66.31973014031425,1.8219630782873655,43.0,466.76636
2020-12-04 10:00:00,1.7100000000000364,66.22535096864415,1.5761866414679226,43.0,472.55298
2020-12-04 11:00:00,1.2673000000000343,68.0354119250537,1.2450967468904413,55.0,392.22498
2020-12-04 12:00:00,0.2869500000000471,71.66331967842233,1.1326978129272443,55.0,116.34831
2020-12-04 13:00:00,-0.9071999999999889,78.55730366962328,0.7797661534876978,48.0,58.479156
2020-12-04 14:00:00,-1.3411299999999642,75.2593532879766,0.4920110029190506,48.0,41.761246
2020-12-04 15:00:00,-1.916749999999979,75.69543147321859,0.5851492571505678,42.0,39.013382
2020-12-04 16:00:00,-2.275919999999985,75.18973805839344,0.5729522554334889,42.0,41.052654
2020-12-04 17:00:00,-2.7375999999999863,75.03203023881757,0.6231890483676819,46.0,44.49179
2020-12-04 18:00:00,-3.254199999999969,75.02926850769477,0.830098800854573,51.0,45.962585
2020-12-04 19:00:00,-3.4125699999999597,76.16080709080163,0.6832131486681864,52.0,45.280083
2020-12-04 20:00:00,-3.5923199999999724,75.0316345624024,0.7436147778373317,52.0,48.885784
2020-12-04 21:00:00,-3.5813999999999737,72.33420566761318,0.7153738015776325,52.0,52.59527
2020-12-04 22:00:00,-3.2118999999999573,67.15330980152663,0.5487634569767608,49.0,60.076527
2020-12-04 23:00:00,-3.0848799999999983,63.69027647711269,0.6273366671608634,50.0,69.99412
2020-12-05 00:00:00,-3.6729799999999955,67.81253752367488,0.8636163046262284,50.0,81.33136
2020-12-05 01:00:00,-3.8529399999999896,68.01068668054197,0.91149281664288,53.0,95.824036
2020-12-05 02:00:00,-3.721900000000005,65.03989987320816,0.7556870290794024,49.0,98.137405
2020-12-05 03:00:00,-3.62036999999998,63.56165250843475,0.6460954532721521,56.0,95.46161
2020-12-05 04:00:00,-2.963049999999953,61.928343859921554,0.7194214506398069,78.0,128.52136
2020-12-05 05:00:00,-1.626929999999959,60.995326007562305,1.0659851222261267,81.0,227.33687
2020-12-05 06:00:00,-0.7119500000000016,60.3877581209341,1.3481247833433267,79.0,333.3977
2020-12-05 07:00:00,0.5385400000000118,61.2595490880315,1.7252503455559283,79.0,423.57666
2020-12-05 08:00:00,1.037680000000023,60.59601938976116,1.6885115625446605,57.0,469.83838
2020-12-05 09:00:00,1.3421000000000163,60.43303231135469,1.5453003579736182,57.0,461.50684
2020-12-05 10:00:00,1.3250400000000013,60.858919360492806,1.4581523635303746,54.0,355.7461
2020-12-05 11:00:00,0.45196000000004233,65.28622029435024,1.5013353191251146,58.0,175.9536
2020-12-05 22:00:00,-3.9303299999999695,58.46551357746814,1.0404604477382802,71.0,29.115551
2020-12-05 23:00:00,-3.0583299999999554,53.974685784502775,0.8056840591257781,59.0,32.85962
2020-12-06 00:00:00,-2.39627999999999,50.610960726378345,0.6621861494250673,59.0,37.757458
2020-12-06 01:00:00,-2.264259999999979,50.449743508863115,0.7293341474247756,59.0,39.105354
2020-12-06 02:00:00,-2.7411299999999983,52.61951613900574,0.9426215116506763,71.0,37.544174
2020-12-06 03:00:00,-2.8149799999999914,53.57734618088879,0.9871583000069716,88.0,32.34793
2020-12-06 04:00:00,-1.7618999999999687,57.86333249232604,0.46921594705042324,72.0,43.934647
2020-12-06 05:00:00,0.8792400000000384,50.129179806951974,0.2005599424150907,72.0,145.63618
2020-12-06 06:00:00,2.407920000000047,49.49794575236923,0.7894675119939951,42.0,239.25368
2020-12-06 07:00:00,3.211400000000026,55.437995744853794,0.9625311302147324,42.0,346.49683
2020-12-06 08:00:00,3.8575700000000097,55.223677092894235,1.0518782740838515,42.0,373.62573
2020-12-06 09:00:00,4.231100000000026,55.387285620466756,1.2251493443194794,44.0,385.43066
2020-12-06 10:00:00,3.994230000000016,57.200443191465325,1.391697044624449,44.0,302.8584
2020-12-06 11:00:00,2.945700000000045,63.05287091239364,1.6521991253647033,48.0,129.57822
2020-12-06 12:00:00,0.8442000000000007,70.2865191440404,2.0115088843485256,51.0,91.0208
2020-12-06 13:00:00,-0.8053299999999695,75.75454789079964,2.2022878703966384,51.0,76.81178
2020-12-06 14:00:00,-2.0194999999999936,79.23569890437024,2.0024797859312837,64.0,63.13733
2020-12-06 15:00:00,-3.1234000000000037,82.55354739622373,1.7751270109546753,80.0,41.176926
2020-12-06 16:00:00,-3.727579999999989,83.34399931164751,1.9030021268553683,80.0,35.9487
2020-12-06 17:00:00,-4.158799999999985,84.07514061913311,1.7764559552476844,63.0,29.816189
2020-12-06 18:00:00,-4.433169999999961,83.88999720720508,1.7644946524276717,63.0,31.395683
2020-12-06 19:00:00,-4.396149999999977,83.965072546755,1.5100757996088607,48.0,36.964977
2020-12-06 20:00:00,-4.10812999999996,81.3706920867893,1.3612468038129493,49.0,43.890945
2020-12-06 21:00:00,-3.380959999999959,76.39860183359585,1.205925032871567,49.0,56.678352
2020-12-06 22:00:00,-3.427699999999959,74.90068295125864,1.200315793533856,62.0,67.59486
2020-12-06 23:00:00,-3.551819999999964,73.50712675727812,1.1424591125571935,65.0,71.54698
2020-12-07 00:00:00,-4.180520000000001,75.72918053004923,1.4201392396776407,67.0,74.33471
2020-12-07 01:00:00,-4.535799999999995,76.0765100162352,1.4525449004186626,111.0,72.42882
2020-12-07 02:00:00,-4.667759999999987,74.55747458644964,1.1690606033549582,111.0,93.671776
2020-12-07 03:00:00,-4.552949999999953,71.6850964736087,0.8144013690412274,85.0,110.07989
2020-12-07 04:00:00,-3.283399999999972,67.71136729212816,0.5875257626551279,59.0,126.164505
2020-12-07 05:00:00,-1.613929999999982,61.62282861290832,0.9876280381086051,48.0,196.2377
2020-12-07 06:00:00,-0.4334199999999555,57.971011895535725,1.5743100819932077,48.0,262.90552
2020-12-07 07:00:00,-0.609299999999962,62.90911714956077,1.9845525815798075,40.0,311.76562
2020-12-07 08:00:00,-0.4404700000000048,60.748902458442416,2.042150574562898,37.0,363.71802
2020-12-07 09:00:00,-0.44192999999995664,58.53363887744848,2.142471301358423,51.0,367.3518
2020-12-07 10:00:00,-0.8427999999999543,57.355291872364155,1.9854911920678153,57.0,341.99045
2020-12-07 11:00:00,-1.3458599999999592,56.89879070559463,1.6165923530181092,50.0,291.31604
2020-12-07 12:00:00,-2.214059999999961,58.971849978283664,1.3952622672602562,54.0,174.99054
2020-12-07 13:00:00,-2.783239999999978,59.68813767301477,1.2288843994243976,54.0,138.69243
2020-12-07 14:00:00,-3.249499999999955,59.96739577623358,1.1407933049849566,59.0,121.70419
2020-12-07 15:00:00,-3.5973999999999933,60.18004151519606,1.1502945716457427,59.0,113.875565
2020-12-07 16:00:00,-3.8861499999999864,60.41418194881662,1.2892604517272876,78.0,99.54164
2020-12-07 17:00:00,-4.174699999999973,61.82784935936491,1.4245786257655753,78.0,84.33154
2020-12-07 18:00:00,-4.334969999999998,63.19753937171582,1.5226382539287204,67.0,75.65787
2020-12-07 19:00:00,-4.026099999999985,61.08002987667779,1.2319264853062024,56.0,72.14566
2020-12-07 20:00:00,-3.8425699999999665,62.38979351127634,1.2891553912023368,80.0,69.55776
2020-12-07 21:00:00,-3.7079200000000014,63.693641791785325,1.2097991328497884,64.0,68.93199
2020-12-07 22:00:00,-3.5507599999999684,65.09173135288297,0.9862433252489216,77.0,58.909866
2020-12-07 23:00:00,-3.501039999999989,66.70396090572241,0.6988017264190537,82.0,45.827904
2020-12-08 00:00:00,-3.562599999999975,67.90931225543876,0.6264576243610346,82.0,57.06205
2020-12-08 01:00:00,-3.5849399999999605,68.21669857983467,0.7083565406699952,52.0,65.89339
2020-12-08 02:00:00,-3.747599999999977,69.00512000184845,0.5367933136509433,52.0,70.43643
2020-12-08 03:00:00,-3.613749999999982,68.34899323912146,0.239328622091103,55.0,71.10982
2020-12-08 04:00:00,-3.1343799999999646,66.8981873478307,0.11253605379305887,61.0,99.310684
2020-12-08 05:00:00,-1.768100000000004,62.431874549220815,0.4634386970768752,70.0,137.55785
2020-12-08 06:00:00,-0.6341299999999706,60.0153719792833,0.8737029991457743,70.0,189.03993
2020-12-08 07:00:00,0.17364000000003443,64.00034290010761,1.2980484071336005,61.0,244.19173
2020-12-08 08:00:00,0.6154400000000351,63.273063786427855,1.586169964765315,70.0,281.43994
2020-12-08 09:00:00,0.6192300000000159,64.11190537632297,1.6429388895585861,81.0,291.8413
2020-12-08 10:00:00,0.42250000000001364,65.97719646453875,1.5591207912778438,88.0,271.49902
2020-12-08 11:00:00,-0.0013799999999832835,69.5200928549908,1.22676593486005,76.0,192.1212
2020-12-08 12:00:00,-0.7334999999999923,73.61416855390978,1.4345309839028768,76.0,81.12654
2020-12-08 13:00:00,-1.4521199999999794,77.2076445177005,1.2894768430176402,68.0,58.85768
2020-12-08 14:00:00,-1.8523999999999887,79.00778562662104,1.0151351253382153,66.0,66.83301
2020-12-08 15:00:00,-2.1865300000000047,81.35098178823337,0.6935752824761915,64.0,58.979748
2020-12-08 16:00:00,-2.4181299999999624,85.12713831095229,0.5354007733257393,49.0,48.895008
2020-12-08 17:00:00,-2.3568199999999706,83.55823636886846,0.49716742085166094,48.0,45.022636
2020-12-08 18:00:00,-2.4325299999999856,84.59977908012469,0.5233777862958172,48.0,38.964775
2020-12-08 19:00:00,-2.4345500000000015,82.19918716392078,0.3140356760861988,48.0,31.213184
2020-12-08 20:00:00,-2.520999999999958,82.56696025546148,0.2317239172536191,48.0,28.023293
2020-12-08 21:00:00,-2.610879999999952,83.15882553533099,0.06273335179952587,48.0,31.016582
2020-12-08 22:00:00,-2.582499999999982,83.97305779724495,0.09919831362359884,47.0,29.173134
2020-12-08 23:00:00,-2.6711199999999735,86.31537037909682,0.20663914576043185,52.0,55.73974
2020-12-09 00:00:00,-2.6361799999999675,84.50928723562028,0.11035675013678807,52.0,58.39937
2020-12-09 01:00:00,-2.542059999999992,84.60680967840383,0.23716543352201835,56.0,34.869507
2020-12-09 02:00:00,-2.6323600000000056,85.41463685297552,0.512017555845841,79.0,37.20331
2020-12-09 03:00:00,-2.613399999999956,85.42875330289542,0.6363349218740799,79.0,42.211136
2020-12-09 04:00:00,-1.7242200000000025,82.32424673179459,0.43193281023977637,87.0,60.944427
2020-12-09 05:00:00,-0.1380999999999517,76.58807345886848,0.7996139994032193,94.0,137.82253
2020-12-09 06:00:00,1.2048599999999965,71.3868360396723,1.3262178759580416,93.0,208.42087
2020-12-09 07:00:00,1.0214500000000157,76.06847648332136,1.1281257866451329,93.0,293.39844
2020-12-09 08:00:00,1.4542800000000398,74.6365742826829,1.2224557986707125,79.0,368.1648
2020-12-09 09:00:00,2.0144600000000423,72.52426332201281,1.3520391370571563,96.0,392.25952
2020-12-09 10:00:00,2.2320799999999963,71.30186484101122,1.5775495295650561,76.0,358.45142
2020-12-09 11:00:00,1.4966000000000008,74.57524469820014,1.5091048020855609,72.0,140.86664
2020-12-09 12:00:00,0.1590500000000361,79.20362738547541,1.488931258336529,68.0,40.763
2020-12-09 13:00:00,-1.2440599999999904,85.95949361933211,1.4883076747086341,71.0,32.394943
2020-12-09 14:00:00,-2.4828599999999597,89.96828183487413,1.6177592325716117,71.0,32.471222
2020-12-09 15:00:00,-3.221839999999986,90.09275666831942,1.6121480649664535,71.0,32.9814
2020-12-09 16:00:00,-3.4618600000000015,90.24505104988577,1.5747332519031914,73.0,32.28869
2020-12-09 17:00:00,-3.7694999999999936,89.98714075950606,1.689691730784243,67.0,35.169834
2020-12-09 18:00:00,-4.019749999999988,89.98343971952455,1.708484808394246,78.0,37.055252
2020-12-09 19:00:00,-3.9988799999999856,89.63664993781596,1.6876085875442,78.0,35.66179
2020-12-09 20:00:00,-4.044780000000003,89.79501198201584,1.5813825853056085,76.0,28.45965
2020-12-09 21:00:00,-3.99652999999995,90.37748134991638,1.4692378966356028,75.0,22.148647
2020-12-09 22:00:00,-4.272959999999955,90.44134607953056,1.571012868913633,75.0,18.497192
2020-12-09 23:00:00,-4.428259999999966,90.42562924203425,1.6099596778520013,74.0,13.297559
2020-12-10 00:00:00,-4.531129999999962,89.84118722366676,1.6451500980310827,93.0,16.349155
2020-12-10 01:00:00,-4.464939999999956,87.76756689653604,1.635793575224662,65.0,18.985256
2020-12-10 02:00:00,-4.417849999999987,85.86566112816226,1.5571789295125515,65.0,17.804962
2020-12-10 03:00:00,-4.2473999999999705,84.26030761508028,1.4962913418076778,51.0,18.433807
2020-12-10 04:00:00,-2.0241999999999507,77.56683831335924,0.8922875052616103,68.0,23.702087
2020-12-10 05:00:00,0.9449000000000183,69.38820816775508,0.3336913170879076,68.0,107.563644
2020-12-10 06:00:00,2.7539300000000253,65.96162951624454,0.45920757700001774,69.0,224.90959
2020-12-10 07:00:00,3.7031500000000506,63.75114115535939,0.9363291998931763,67.0,318.1062
2020-12-10 08:00:00,4.420740000000023,61.3744660037874,1.3439543918817118,56.0,386.04297
2020-12-10 09:00:00,4.700950000000034,60.54101983522234,1.629164557111332,63.0,426.9099
2020-12-10 10:00:00,4.508800000000008,61.814159799872314,1.6700224140001503,63.0,405.77075
2020-12-10 11:00:00,3.445830000000001,67.40608292746111,1.6903901259703957,78.0,105.57205
2020-12-10 12:00:00,1.8298599999999965,73.55068451447895,1.6835397453363137,78.0,49.9653
2020-12-10 13:00:00,-0.3552299999999491,84.2852084434546,1.3269109059199165,82.0,30.764816
2020-12-10 14:00:00,-1.3224199999999655,84.74425483432532,1.358783699373139,82.0,30.174438
2020-12-10 15:00:00,-1.9218999999999937,84.26907591878646,1.4713416998358368,98.0,30.902618
2020-12-10 16:00:00,-2.250499999999988,83.8603915309312,1.5443591839471316,91.0,26.166538
2020-12-10 17:00:00,-2.7535199999999804,84.79327303953353,1.6671278264245555,114.0,24.728436
2020-12-10 18:00:00,-3.3337499999999523,86.2632831515136,1.797064755976098,114.0,18.15821
2020-12-10 19:00:00,-4.035859999999957,87.63626558997217,1.6821549112943937,95.0,12.727163
2020-12-10 20:00:00,-4.14627999999999,87.26651212339922,1.6441609201469087,95.0,10.773497
2020-12-10 21:00:00,-4.046179999999993,86.90746777995922,1.6465350637033234,92.0,10.820338
2020-12-10 22:00:00,-3.870119999999986,86.58650278653312,1.653645847876582,76.0,15.568011
2020-12-10 23:00:00,-3.724999999999966,85.90166967461313,1.5973596979439353,85.0,16.380533
2020-12-11 00:00:00,-3.314549999999997,83.91247043337376,1.4500124014407572,80.0,17.16431
2020-12-11 01:00:00,-2.937599999999975,81.89618803823859,1.354810510378114,78.0,14.062702
2020-12-11 02:00:00,-2.757539999999949,81.7313559287819,1.3533846364857123,77.0,12.61987
2020-12-11 03:00:00,-2.8255999999999517,81.98330167347062,1.3911242724777177,66.0,11.590356
2020-12-11 04:00:00,-1.1036699999999655,76.2744076504153,0.7796499522171877,66.0,13.9616165
2020-12-11 05:00:00,1.5237000000000194,71.13742705615167,0.21176618372866116,73.0,97.08496
2020-12-11 06:00:00,3.3146000000000413,67.92193887873832,0.6717840962294898,115.0,167.78122
2020-12-11 07:00:00,4.3517700000000445,69.972871793907,0.9699565268895156,96.0,285.60193
2020-12-11 08:00:00,5.035500000000013,66.78959202688488,1.500851654904711,115.0,352.65674
2020-12-11 09:00:00,5.1888700000000085,65.39205233443096,1.7496321933687091,115.0,387.8728
2020-12-11 10:00:00,4.857200000000034,65.99490467956886,1.7516399099834024,114.0,361.97714
2020-12-11 11:00:00,3.795500000000004,70.82967939155158,1.6810574586559603,114.0,100.47423
2020-12-12 23:00:00,-4.231269999999995,88.3401012309643,1.502577821815175,52.0,13.488181
2020-12-13 00:00:00,-4.256779999999992,87.56729718874921,1.4941987728904345,52.0,20.496614
2020-12-13 01:00:00,-4.213229999999953,86.19257866807659,1.5875774347427751,54.0,23.53141
2020-12-13 02:00:00,-3.9926999999999566,83.9588455730309,1.5409495036758214,55.0,19.515766
2020-12-13 03:00:00,-3.997659999999996,83.06610469433049,1.5569740159511722,59.0,19.138119
2020-12-13 04:00:00,-2.1870999999999867,77.1114985804155,0.9102850079190435,57.0,23.844864
2020-12-13 05:00:00,1.1245700000000056,67.51673233253844,0.22144174071346168,57.0,89.06082
2020-12-13 06:00:00,2.6243200000000115,65.86631610321925,0.6375174812492121,60.0,260.94962
2020-12-13 07:00:00,3.191000000000031,71.99454462507381,1.058823060552704,60.0,390.76733
2020-12-13 08:00:00,3.6537700000000086,70.1511643337573,1.652863484706119,58.0,469.56152
2020-12-13 09:00:00,3.643820000000005,69.33414690522004,2.092786728158438,63.0,467.3369
2020-12-13 10:00:00,3.123860000000036,70.56347050879829,2.2590323065953437,63.0,422.95996
2020-12-13 11:00:00,1.8697400000000357,76.17445023443625,2.066926605201012,70.0,138.6327
2020-12-13 12:00:00,0.0745200000000068,82.45432126789385,2.06358869866806,64.0,74.06044
2020-12-13 13:00:00,-1.4049999999999727,88.4007361049173,1.4126834150679277,64.0,40.550537
2020-12-13 14:00:00,-1.6309999999999718,87.62269331891946,0.7377761626228239,60.0,33.83663
2020-12-13 15:00:00,-1.4173999999999864,86.01395973179987,0.172307763820695,61.0,36.339737
2020-12-13 16:00:00,-1.4924699999999689,85.62053714565617,0.6329453233054438,54.0,30.484985
2020-12-13 17:00:00,-2.2039199999999823,87.15763470819286,0.9728782842742842,53.0,20.129208
2020-12-13 18:00:00,-2.2616299999999683,86.51634746080553,0.9634251929499248,54.0,15.478677
2020-12-13 19:00:00,-2.6657500000000027,86.77479612061292,1.1497003573309916,57.0,19.139664
2020-12-13 20:00:00,-1.730099999999993,83.03997532339943,0.7940196799996587,51.0,23.450665
2020-12-13 21:00:00,-1.6472799999999665,83.23719240680538,0.518556853034794,61.0,27.582031
2020-12-13 22:00:00,-1.8943499999999744,85.4282014244314,0.49104934809459,61.0,47.542297
2020-12-13 23:00:00,-2.2291999999999916,87.79857349644864,0.24823805128336637,60.0,54.833443
2020-12-14 00:00:00,-2.726659999999981,90.60286872984909,0.37109391595184377,45.0,62.606796
2020-12-14 01:00:00,-3.1771999999999707,91.58614825108255,0.7175921335634697,40.0,30.449375
2020-12-14 02:00:00,-3.406599999999969,91.80135093807239,0.7406423368422319,41.0,37.043823
2020-12-14 03:00:00,-3.2798799999999915,91.19897466391495,0.6771425106908533,44.0,51.202072
2020-12-14 04:00:00,-2.2924299999999675,87.58018903592749,0.4568335426318795,44.0,85.62637
2020-12-14 05:00:00,-0.6013499999999681,79.95376307777366,0.5691367656956129,52.0,133.96227
2020-12-14 06:00:00,0.3713600000000383,75.42531099704539,0.6597159556284451,52.0,219.98575
2020-12-14 07:00:00,0.1581000000000472,78.26687858953477,0.9248640068415996,53.0,339.3318
2020-12-14 08:00:00,1.13644000000005,74.13636367401229,1.026889973143019,59.0,432.36694
2020-12-14 09:00:00,1.4664600000000405,70.88091167867248,1.2776193432723342,51.0,427.20117
2020-12-14 10:00:00,1.2274400000000014,71.41081610303893,1.5327504355005073,44.0,433.58105
2020-12-14 11:00:00,0.44583000000000084,75.19468846488263,1.6773875580842879,53.0,189.62784
2020-12-14 12:00:00,-1.1337599999999952,81.67791312844274,1.7541058243768304,53.0,85.73749
2020-12-14 13:00:00,-2.1108199999999897,85.58452603380924,1.270626233446275,53.0,80.280685
2020-12-14 14:00:00,-3.243629999999996,90.92040583182244,0.9837080869399468,54.0,67.89583
2020-12-14 15:00:00,-3.3896499999999605,89.6189932959049,0.8417420504122219,60.0,71.216064
2020-12-14 16:00:00,-3.337699999999984,88.60253127310966,0.7869349827702351,66.0,77.07391
2020-12-14 17:00:00,-3.699039999999968,89.55716218803926,0.9778080680078683,63.0,60.694912
2020-12-14 18:00:00,-3.9777599999999893,89.07873840339025,1.103573829492531,52.0,48.914047
2020-12-14 19:00:00,-3.0675399999999513,87.45393078992095,0.741294145157972,56.0,36.79155
2020-12-14 20:00:00,-2.8813799999999787,85.31605647426142,0.6439642414992466,51.0,30.242685
2020-12-14 21:00:00,-2.987519999999961,84.24484431166664,0.622750734662469,56.0,29.444805
2020-12-14 22:00:00,-3.46963999999997,85.46566433938017,0.7580828812747871,51.0,37.287098
2020-12-14 23:00:00,-3.739659999999958,86.95553068921859,0.7594998962749978,49.0,36.952168
2020-12-15 00:00:00,-3.8746699999999805,86.86930058320458,0.7961989464067696,52.0,45.79757
2020-12-15 01:00:00,-4.1929700000000025,87.59695752738152,0.8592417031703318,52.0,52.453083
2020-12-15 02:00:00,-4.704439999999977,88.35633080733875,1.0147015706161504,61.0,56.538353
2020-12-15 03:00:00,-4.95483999999999,88.31212247506069,1.052403462033985,58.0,67.53285
2020-12-15 04:00:00,-3.2215999999999667,79.97030552299631,0.5311365628108693,59.0,109.190475
2020-12-15 05:00:00,-0.8517200000000003,74.06454833059207,0.2840426176623269,59.0,209.26505
2020-12-15 06:00:00,0.6664000000000101,68.33184488668395,0.8948523134028877,47.0,333.7223
2020-12-15 07:00:00,1.2389200000000073,67.94616475363115,1.3330211800111478,33.0,425.25195
2020-12-15 08:00:00,1.8466400000000363,65.02681572702406,1.7110519457540294,41.0,521.1299
2020-12-15 09:00:00,2.2068700000000376,64.49056492423371,1.8567190219931502,34.0,534.16846
2020-12-15 10:00:00,1.9131700000000365,65.01846872432561,1.9748241366480332,34.0,565.0635
2020-12-15 11:00:00,1.0494600000000105,69.13586309307414,1.9196083652832654,43.0,154.53659
2020-12-15 12:00:00,-0.5721499999999651,75.35577374204146,2.1520515420294237,55.0,71.73956
2020-12-15 13:00:00,-1.9740400000000022,81.47827916844703,1.7437829065549335,55.0,44.512314
2020-12-15 14:00:00,-3.2498199999999997,87.71977079073339,1.4736897737413033,57.0,41.83539
2020-12-15 15:00:00,-3.5043399999999565,86.37900040557234,1.2515342196869328,66.0,43.81346
2020-12-15 16:00:00,-3.728430000000003,85.26340586244292,1.2408478608370366,64.0,42.111984
2020-12-15 17:00:00,-4.165300000000002,85.50109247089046,1.3914097144057354,87.0,36.649918
2020-12-15 18:00:00,-4.8045399999999745,86.95492382940125,1.6845006045723343,92.0,33.42639
2020-12-15 19:00:00,-4.973729999999989,86.94364903997194,1.6384088283511542,92.0,28.843185
2020-12-15 20:00:00,-5.183749999999975,85.85859228674978,1.6657549592195366,95.0,26.480267
2020-12-15 21:00:00,-5.335939999999994,84.71026350262538,1.6054085426343265,89.0,24.980259
2020-12-15 22:00:00,-5.3023000000000025,82.46817262519785,1.524703015986931,70.0,24.316914
2020-12-15 23:00:00,-5.460899999999981,81.10507220052594,1.5646207219819181,77.0,24.648043
2020-12-16 00:00:00,-5.65976999999998,79.47555115251491,1.6585301392048695,48.0,25.31276
2020-12-16 01:00:00,-5.808899999999994,76.87536250556155,1.7509217756182434,59.0,27.076153
2020-12-16 02:00:00,-5.885049999999978,73.61970814740918,1.7984379550122518,59.0,28.474907
2020-12-16 03:00:00,-5.930399999999963,70.35898502768768,1.7780174207935047,45.0,27.57129
2020-12-16 04:00:00,-3.697119999999984,64.6875710466854,1.0982486097974355,45.0,34.468338
2020-12-16 05:00:00,0.4456700000000069,55.09156648418402,0.5190720768176251,32.0,106.86598
2020-12-16 06:00:00,2.5978000000000065,48.34740021426121,0.72147489250343,30.0,286.91693
2020-12-16 07:00:00,3.4829300000000103,48.71416160639022,1.3628074675849886,34.0,463.76978
2020-12-16 08:00:00,4.18777,46.22796785810801,1.8197975007189262,28.0,570.0647
2020-12-16 09:00:00,4.410799999999995,45.45263446997946,2.1949980199112273,32.0,606.11914
2020-12-16 10:00:00,4.139859999999999,47.99778921585174,2.2698570804048104,32.0,523.0847
2020-12-16 11:00:00,2.730200000000025,54.42958589395617,2.199420414082432,28.0,175.91678
2020-12-16 12:00:00,0.5778400000000374,61.75273823171122,2.604514064673321,38.0,81.58537
2020-12-16 13:00:00,-1.1613499999999704,68.3963705377781,2.4277298313124325,73.0,63.658096
2020-12-16 14:00:00,-2.5517999999999574,73.02045801089933,2.0808362990209104,71.0,56.189743
2020-12-16 15:00:00,-3.831579999999974,76.9371420786322,1.9731426832984202,71.0,38.450912
2020-12-16 16:00:00,-4.715949999999964,78.27260275686653,1.9689333150927177,77.0,28.667755
2020-12-16 17:00:00,-5.160069999999962,76.31937134643901,2.07468239187392,98.0,25.611511
2020-12-16 18:00:00,-5.423379999999952,72.8670515012517,2.116281175247127,98.0,21.867933
2020-12-16 19:00:00,-5.609349999999949,69.24901636536974,2.017307497712813,73.0,16.341038
2020-12-16 20:00:00,-5.716769999999997,65.59921149063487,2.011788442446193,52.0,12.482314
2020-12-16 21:00:00,-5.842629999999986,62.48519555457073,1.9781960884828165,61.0,11.123955
2020-12-16 22:00:00,-5.951639999999998,59.870177601098156,1.95405272841613,61.0,11.78671
2020-12-16 23:00:00,-6.087130000000002,57.813493872557146,1.9590386605785752,85.0,12.5894375
2020-12-17 00:00:00,-6.239699999999971,55.93864426236977,1.997325701166049,83.0,13.153546
2020-12-17 01:00:00,-6.3822999999999865,54.150075109211535,2.004743903655518,83.0,14.765281
2020-12-17 02:00:00,-6.468099999999993,52.487041345836985,1.9969812129420639,86.0,15.176666
2020-12-17 03:00:00,-6.485719999999958,51.172897076546825,1.997855305007811,86.0,13.6813
2020-12-17 04:00:00,-4.314059999999984,50.658868727799316,1.4516423672755827,89.0,14.636752
2020-12-17 05:00:00,0.44410000000004857,43.063604618408384,0.9647283634435957,64.0,54.31192
2020-12-17 06:00:00,3.4266000000000076,34.565110020577016,0.7225007003644194,43.0,152.85242
2020-12-17 07:00:00,4.809100000000001,31.748853533560126,0.3669564687285763,43.0,270.4275
2020-12-17 08:00:00,5.695899999999995,30.272795031080143,0.8655354935357215,39.0,339.59515
2020-12-17 09:00:00,6.098050000000001,30.235918235794674,1.482475904521351,30.0,358.93604
2020-12-17 10:00:00,5.837640000000022,33.93508696921629,1.5839543760315984,37.0,277.18118
2020-12-17 11:00:00,4.756619999999998,39.22508695836177,1.6627249004031575,42.0,102.0157
2020-12-17 12:00:00,2.1602400000000443,44.505469124667975,1.7591518440035472,42.0,54.393585
2020-12-17 13:00:00,-1.2336499999999546,53.25377245508919,2.228522028072637,73.0,39.827972
2020-12-17 14:00:00,-3.347699999999975,57.7288785935668,2.3560582867486817,64.0,26.946991
2020-12-17 15:00:00,-4.49545999999998,58.07662894024497,2.4974364628621326,73.0,17.88623
2020-12-17 16:00:00,-5.211899999999957,56.32271351507353,2.5548119396199205,73.0,15.785222
2020-12-17 17:00:00,-5.683569999999975,53.69631828332327,2.531588287836553,77.0,14.901952
2020-12-17 18:00:00,-5.9436999999999784,50.52633250219239,2.4974889062202,28.0,14.133363
2020-12-17 19:00:00,-5.8291999999999575,46.54743286924548,2.3981164335636103,28.0,12.911246
2020-12-17 20:00:00,-5.8840999999999894,44.38029730484487,2.361263496294577,36.0,11.794535
2020-12-17 21:00:00,-5.970619999999997,42.78589212996815,2.35117407553071,48.0,11.51566
2020-12-17 22:00:00,-6.052829999999972,41.37419336468188,2.3688424832886774,37.0,12.496319
2020-12-17 23:00:00,-6.103059999999971,40.001618664069504,2.3301854508253186,37.0,12.22699
2020-12-18 00:00:00,-6.15713999999997,38.89509299449041,2.2988974211347233,24.0,13.363605
2020-12-18 01:00:00,-6.243499999999983,38.14506761830604,2.3370322805858996,24.0,12.643225
2020-12-18 02:00:00,-6.344339999999988,37.28733972374142,2.389069445283117,33.0,11.257452
2020-12-18 03:00:00,-6.3756499999999505,36.44356656241977,2.396006164708723,42.0,11.209692
2020-12-18 04:00:00,-4.269079999999974,40.58832088183594,1.7389181726798468,50.0,12.01996
2020-12-18 05:00:00,0.8505000000000109,41.12951484716497,1.0731310081486738,26.0,23.942398
2020-12-18 06:00:00,5.304380000000037,31.33583182011093,0.432855912180428,26.0,88.11156
2020-12-18 07:00:00,7.22616000000005,23.616183803853197,0.2737751846123127,25.0,172.84334
2020-12-18 08:00:00,8.376300000000015,20.846438934914087,0.5056550106334468,22.0,220.78062
2020-12-18 09:00:00,8.836150000000032,21.86147126133649,1.0099085181277494,22.0,223.6749
2020-12-18 10:00:00,8.490380000000016,27.363779940601276,1.4408049773891958,26.0,124.40587
2020-12-18 11:00:00,7.066460000000006,32.24325875584728,1.6890524469414117,63.0,61.130264
2020-12-18 12:00:00,3.3775300000000357,38.901337627603176,1.6685638504035558,63.0,37.152573
2020-12-18 13:00:00,-0.6252799999999752,45.371609209200265,2.1351758677835346,61.0,17.62268
2020-12-18 14:00:00,-2.9834999999999923,49.67010370228775,2.7291993568588007,98.0,12.449935
2020-12-18 15:00:00,-4.057140000000004,49.09541383169874,2.6431527936589183,99.0,11.4501295
2020-12-18 16:00:00,-4.490449999999953,46.65341798903303,2.548174140704154,106.0,11.611424
2020-12-18 17:00:00,-4.791359999999997,44.237078441180934,2.543968717088329,103.0,11.378688
2020-12-18 18:00:00,-5.167729999999949,42.38892904082189,2.5880175661426734,106.0,11.790585
2020-12-18 19:00:00,-5.269499999999994,43.388095877620465,2.4148988889217824,103.0,11.328535
2020-12-18 20:00:00,-5.295699999999954,42.73996227995417,2.2771356559481903,103.0,12.142277
2020-12-18 21:00:00,-5.263699999999972,41.76965959379504,2.20934765385789,91.0,12.22961
2020-12-19 11:00:00,5.203520000000026,68.2480179712672,3.087567943210936,32.0,138.56628
2020-12-19 12:00:00,3.8147200000000225,80.36429374089349,2.842597726739964,36.0,120.61386
2020-12-19 13:00:00,3.3078200000000493,85.00838785491435,2.704140109464584,39.0,121.82512
2020-12-19 14:00:00,2.9412000000000376,87.3117010034183,2.7894251265787884,27.0,139.22388
2020-12-19 15:00:00,2.919200000000046,88.15125613462835,2.4892663250324922,31.0,125.64171
2020-12-19 16:00:00,2.36614000000003,91.72194382592734,1.5535123653717984,44.0,91.127686
2020-12-19 17:00:00,1.9337400000000002,92.85578466195372,0.8943607387420199,44.0,60.66513
2020-12-19 18:00:00,1.200300000000027,95.88515524443955,1.3315584447725228,45.0,78.73657
2020-12-19 19:00:00,1.347440000000006,95.66131355316247,1.0062780989985503,45.0,103.05702
2020-12-19 20:00:00,0.9301000000000386,96.25834627987103,1.5620263089314756,55.0,129.37207
2020-12-19 21:00:00,0.5987200000000144,96.41044287350402,1.7222668440190823,45.0,143.97139
2020-12-19 22:00:00,0.10916000000003123,97.10434784810997,1.632622152117314,45.0,143.69397
2020-12-19 23:00:00,-0.16329999999999245,96.85541036235456,1.6176973321722763,40.0,152.50362
2020-12-20 00:00:00,-0.4857499999999959,96.52810964090595,1.750029769088072,38.0,151.54759
2020-12-20 01:00:00,-0.685799999999972,95.58197606102601,1.7677731602629336,31.0,152.05112
2020-12-20 02:00:00,-0.8625499999999988,95.08550134838386,1.6295117538413924,28.0,144.5291
2020-12-20 03:00:00,-0.9845299999999497,94.92103775140319,1.384210165948979,32.0,142.349
2020-12-20 04:00:00,-0.9160999999999717,94.01078800325521,1.2189263933517815,24.0,152.41283
2020-12-20 05:00:00,-0.6709999999999923,92.47283642890233,1.1437746161892703,22.0,167.6705
2020-12-20 06:00:00,-0.32095999999995684,90.66223410696833,1.0567766423469747,28.0,202.58138
2020-12-20 07:00:00,-0.23632999999995263,89.61957673661612,1.5005203976177897,26.0,234.19879
2020-12-20 08:00:00,0.17990000000003192,87.2359950423601,1.5612132447758058,22.0,254.8722
2020-12-20 09:00:00,0.29225999999999885,85.94279172019586,1.6509855753944611,22.0,273.29517
2020-12-20 10:00:00,0.174220000000048,86.22026685811304,1.687530390319312,25.0,275.69363
2020-12-20 11:00:00,-0.013859999999965567,86.79108997563131,1.5160258395433284,25.0,236.00468
2020-12-20 12:00:00,-0.6893699999999967,89.37488539878485,1.597751627191689,25.0,176.48625
2020-12-20 13:00:00,-1.0678199999999833,89.95710027092993,1.7576669676156416,27.0,168.62547
2020-12-20 14:00:00,-1.4513999999999783,90.12064154809568,1.9200570299570296,25.0,188.33003
2020-12-20 15:00:00,-1.7784999999999513,89.93593381949705,1.9396517331349132,26.0,190.66414
2020-12-20 16:00:00,-1.6398699999999735,88.72674155424485,1.727244715750144,27.0,168.93689
2020-12-20 17:00:00,-1.694279999999992,88.48283783443506,1.6058594703973157,26.0,147.81218
2020-12-20 18:00:00,-1.7758000000000038,88.63887318004262,1.45829026853641,29.0,136.68361
2020-12-20 19:00:00,-1.512270000000001,88.35331669164933,1.1266654374924847,26.0,124.23552
2020-12-20 20:00:00,-1.5212799999999902,88.82771986606274,1.0811660676346324,26.0,124.80499
2020-12-20 21:00:00,-1.6558599999999615,89.41445496686667,1.2200384333316718,25.0,116.278046
2020-12-20 22:00:00,-1.8230699999999729,89.7075239256547,1.2465994583587825,25.0,122.41382
2020-12-20 23:00:00,-1.8917599999999766,89.15151368133222,1.2855621750909016,28.0,116.048645
2020-12-21 00:00:00,-2.1631799999999544,88.95254131506015,1.364724178098093,29.0,115.33084
2020-12-21 01:00:00,-2.434820000000002,88.3171658008168,1.3883147854320046,29.0,82.039444
2020-12-21 02:00:00,-3.052159999999958,88.16146402552006,1.5223082844946125,36.0,59.012085
2020-12-21 03:00:00,-3.61502999999999,87.71341958550407,1.6220181984645734,41.0,47.315956
2020-12-21 04:00:00,-2.9255699999999933,84.00089141857248,1.4301501838557245,53.0,74.98732
2020-12-21 05:00:00,-0.4527999999999679,78.73115508243825,1.0428778359619226,56.0,143.73004
2020-12-21 06:00:00,1.3486599999999953,71.62772713820638,0.5875452532080022,50.0,246.84563
2020-12-21 07:00:00,2.743130000000008,71.31008540021018,0.8716478139602066,42.0,346.56067
2020-12-21 08:00:00,3.605920000000026,69.12623935735068,1.083286939100261,33.0,405.265
2020-12-21 09:00:00,3.8442600000000198,68.57419968510072,1.2798934666411799,37.0,423.88007
2020-12-21 12:00:00,1.4025000000000318,79.45431018248784,1.8397076305733926,40.0,63.5177
2020-12-21 13:00:00,-0.4208699999999794,85.47936219297807,2.102826019800064,55.0,51.926605
2020-12-21 14:00:00,-2.2129999999999654,87.27760762392003,2.0219957116616865,42.0,41.29982
2020-12-21 15:00:00,-3.317799999999977,87.92103802210373,1.8977296624596691,37.0,28.780785
2020-12-21 16:00:00,-3.818459999999959,86.84957564858354,1.805320824944019,41.0,26.775478
2020-12-21 17:00:00,-4.025849999999991,83.87102801463136,1.824256062389118,48.0,27.86331
2020-12-21 18:00:00,-3.7749999999999773,80.30493757489558,1.8148168937605278,47.0,29.010216
2020-12-21 19:00:00,-3.423599999999965,79.97776719113538,1.7085231635337654,50.0,29.339817
2020-12-21 20:00:00,-3.4202599999999848,78.43441968239352,1.6435243418365333,47.0,26.203194
2020-12-21 21:00:00,-3.4171199999999544,76.31117606999649,1.5661857181101,40.0,22.036991
2020-12-21 22:00:00,-3.539829999999995,75.60443872583248,1.4831475708725985,37.0,13.928951
2020-12-21 23:00:00,-3.489969999999971,73.98282982752029,1.3832737609882215,37.0,11.5052395
2020-12-22 00:00:00,-3.7087499999999523,73.63569840816614,1.4580735922234824,43.0,14.488252
2020-12-22 01:00:00,-3.8403999999999883,72.61869482634657,1.5055367294487427,43.0,15.748355
2020-12-22 02:00:00,-4.057699999999954,71.87177431861407,1.5364516021890733,55.0,12.872859
2020-12-22 03:00:00,-4.217870000000005,71.05093056808644,1.5014160747680652,73.0,11.212866
2020-12-22 04:00:00,-2.3282799999999497,70.50950192452004,1.028874740732638,104.0,11.56964
2020-12-22 05:00:00,1.7968400000000315,61.373576988167216,0.481293885584006,108.0,31.002316
2020-12-22 06:00:00,3.8612600000000157,51.52287042022144,0.595066728914177,103.0,233.00746
2020-12-22 07:00:00,5.045980000000043,58.246235938680975,1.4032643866667465,89.0,369.99506
2020-12-22 08:00:00,5.4756399999999985,58.47467657662186,1.8769655103145022,85.0,443.16168
2020-12-22 09:00:00,5.658230000000003,58.0546016716591,2.013969893401314,48.0,477.2824
2020-12-22 10:00:00,5.256200000000035,60.91778674586417,1.745971687931972,40.0,457.15723
2020-12-22 11:00:00,4.233420000000024,66.53213539887193,1.8534340203457176,26.0,134.36308
2020-12-22 12:00:00,2.4451500000000124,72.11821926018119,1.9841051737985862,47.0,66.9825
2020-12-22 13:00:00,0.3482999999999947,79.72905003891451,1.9020890886176978,81.0,47.2172
2020-12-22 14:00:00,-1.4005999999999972,83.14962482624642,1.8920130516363571,87.0,43.24227
2020-12-22 15:00:00,-2.492930000000001,83.72471178825415,1.7988208037331845,70.0,36.143818
2020-12-22 16:00:00,-3.042849999999987,82.25586858178336,1.837740080402449,57.0,21.89016
2020-12-22 17:00:00,-3.3194299999999544,79.52120666572408,1.9276221426532172,56.0,14.040693
2020-12-22 18:00:00,-3.5055299999999647,76.60613316866272,1.91717830258483,46.0,12.141007
2020-12-22 19:00:00,-3.170320000000004,78.62083241818,1.2136945283764815,47.0,13.191866
2020-12-22 20:00:00,-2.988929999999982,76.80507343140654,0.9243041948116292,39.0,13.768945
2020-12-22 21:00:00,-3.0841399999999908,76.58784533963691,1.315578286145393,45.0,15.228128
2020-12-22 22:00:00,-2.9096399999999676,79.27749718049225,1.2700428153378784,45.0,21.02412
2020-12-22 23:00:00,-3.0717799999999897,81.75941304047241,1.0340474516883478,52.0,32.446808
2020-12-23 00:00:00,-3.0894799999999805,81.8466529311111,1.0962208588894164,49.0,41.090908
2020-12-23 01:00:00,-3.393699999999967,82.17696329038499,1.331837583232229,50.0,16.370998
2020-12-23 02:00:00,-3.6785600000000045,83.10460016009752,1.596512560976039,52.0,30.054947
2020-12-23 03:00:00,-4.213349999999991,84.47331858649665,1.7195924076024887,58.0,29.008661
2020-12-23 04:00:00,-2.679049999999961,84.99250987597178,1.0265460413422474,56.0,16.702705
2020-12-23 05:00:00,1.172270000000026,72.62343021021081,0.3577826437008392,53.0,88.17166
2020-12-23 06:00:00,2.9996600000000058,64.20616882090302,0.6562111315903824,40.0,213.63063
2020-12-23 07:00:00,2.8003000000000497,69.8399777726049,0.8918515654588842,30.0,290.18457
2020-12-23 08:00:00,3.2996200000000044,70.02854740912481,1.185313179976077,30.0,336.88574
2020-12-23 09:00:00,3.5628600000000006,70.7676179812891,1.4388217346783065,34.0,373.9408
2020-12-23 10:00:00,3.5723500000000286,72.03966325600997,1.645390578785028,35.0,410.2259
2020-12-23 11:00:00,2.749720000000025,77.87389211711934,1.6512211537066286,44.0,350.68646
2020-12-23 12:00:00,1.2653400000000374,83.87683276246808,2.077194179607376,53.0,86.2724
2020-12-23 13:00:00,-0.25491999999997006,88.77986390735148,2.0288057302431035,62.0,52.05945
2020-12-23 14:00:00,-1.6476499999999987,89.35318694738801,1.920414586716246,56.0,44.942276
2020-12-23 15:00:00,-2.9002699999999777,88.99435752091517,1.791956966538792,59.0,35.66463
2020-12-23 16:00:00,-3.6747499999999604,88.23002499681449,1.8677042498474163,59.0,30.278044
2020-12-23 17:00:00,-4.121069999999975,85.92891221282778,1.9411732644745265,54.0,28.114948
2020-12-23 18:00:00,-4.418679999999995,82.36809191260981,1.9917928373874754,88.0,25.688396
2020-12-23 19:00:00,-3.6769799999999577,82.24054981122036,1.5252811367924668,107.0,23.784332
2020-12-23 20:00:00,-3.9175199999999677,81.88970707637438,1.6541369113023303,111.0,24.060694
2020-12-23 21:00:00,-4.085799999999949,80.99009496585045,1.709401224773122,111.0,24.120289
2020-12-23 22:00:00,-4.368439999999964,80.24611145104892,1.8044143318165982,107.0,19.069408
2020-12-23 23:00:00,-4.357820000000004,78.24311719015321,1.849069392583735,94.0,14.07677
2020-12-24 00:00:00,-4.53922,76.86664159950865,1.9250455855198574,90.0,16.121376
2020-12-24 01:00:00,-4.429049999999961,74.70035177598112,1.9173901602869006,92.0,21.151796
2020-12-24 02:00:00,-4.6624499999999784,74.08917388071902,1.9729367606021544,84.0,19.44886
2020-12-24 03:00:00,-4.741199999999992,73.07616714061155,1.9909061347347499,73.0,18.47864
2020-12-24 04:00:00,-2.790079999999989,72.21380710281883,1.5033541918798512,87.0,26.848267
2020-12-24 05:00:00,2.058300000000031,65.44336749297895,0.9646197938169115,51.0,49.15567
2020-12-24 06:00:00,5.468200000000024,50.85141143634736,0.5239506931782025,37.0,122.170044
2020-12-24 07:00:00,6.629800000000046,47.01620651535196,0.5960953627008632,24.0,208.5666
2020-12-24 08:00:00,7.504600000000039,44.898313828194624,0.9761648150531326,29.0,259.95685
2020-12-24 09:00:00,7.896020000000021,44.64505939247238,1.496036151284339,25.0,263.72397
2020-12-24 10:00:00,7.418900000000008,47.925526860727295,1.8334433964478192,30.0,188.55843
2020-12-24 11:00:00,6.039500000000032,51.95719195482628,2.126690988785929,59.0,108.260864
2020-12-24 12:00:00,3.495050000000049,59.09039742965846,2.007228392334634,46.0,62.9433
2020-12-24 13:00:00,1.0447300000000155,70.96248858393633,1.3979743851141908,102.0,46.9765
2020-12-24 14:00:00,-0.3433599999999615,78.13098584974641,1.1461062585746795,101.0,39.298737
2020-12-24 15:00:00,-0.793739999999957,79.10519542083551,1.3671038297840072,80.0,24.498108
2020-12-24 16:00:00,-0.4067999999999756,74.25149633059755,1.7811590106736235,87.0,14.171818
2020-12-24 17:00:00,-0.4545699999999897,75.41818873850623,1.4712874560785576,79.0,12.94295
2020-12-24 18:00:00,-0.10061999999999216,75.32316122914823,0.972193379519593,89.0,14.49115
2020-12-24 19:00:00,-0.5040599999999813,78.89107977937147,1.69633845651125,78.0,16.991444
2020-12-24 20:00:00,-0.20822999999995773,78.22137929482997,1.5878989750949033,72.0,18.295877
2020-12-24 21:00:00,0.164100000000019,76.1472750604087,1.6406479332207249,64.0,11.815545
2020-12-24 22:00:00,0.513149999999996,74.99093264825783,2.1425144171783717,65.0,15.727446
2020-12-24 23:00:00,0.4274000000000342,77.7846845229261,2.1518305649175233,90.0,14.257303
2020-12-25 00:00:00,0.5402799999999957,77.67998201520915,2.2570756287663896,67.0,14.170905
2020-12-25 01:00:00,0.9927600000000325,73.57957779994094,2.416056913386996,58.0,17.1138
2020-12-25 02:00:00,0.7452600000000302,75.39305188095128,2.5409886001051816,38.0,20.537762
2020-12-25 03:00:00,0.10410000000001673,81.23804017664901,2.1991899417261305,28.0,25.903
2020-12-25 04:00:00,0.7314000000000078,85.35028255982832,1.687636412951407,20.0,32.855743
2020-12-25 05:00:00,3.4842200000000503,78.85155390013425,0.9015957200983556,23.0,47.564453
2020-12-25 06:00:00,5.4476999999999975,72.71610010287814,0.5352032440523465,19.0,79.24045
2020-12-25 07:00:00,9.361400000000003,62.537496498871576,0.09280023522286056,20.0,122.78903
2020-12-25 08:00:00,9.755460000000028,61.67028924929343,0.6509198360822327,19.0,130.94444
2020-12-25 09:00:00,9.442900000000009,64.76112892143114,0.9291978628947928,55.0,90.1992
2020-12-25 10:00:00,8.342600000000004,70.26589170268976,1.4573769125707188,50.0,84.00836
2020-12-25 11:00:00,7.255460000000028,73.68849880321922,1.892021098276378,73.0,93.79317
2020-12-25 12:00:00,5.91640000000001,76.4664118529417,2.0745332889344303,50.0,98.05034
2020-12-25 13:00:00,4.725150000000042,79.76382968609364,1.7756587100462116,38.0,80.33461
2020-12-25 14:00:00,4.101280000000031,82.40745702481895,1.6325824320908735,30.0,61.749813
2020-12-25 15:00:00,3.7209700000000225,84.13135296137241,1.6641582933977923,28.0,60.129265
2020-12-25 16:00:00,3.4123500000000035,85.01770970737876,1.7456451772065613,32.0,76.83187
2020-12-25 17:00:00,3.172140000000013,87.18181714607326,1.9067753515474575,27.0,107.94145
2020-12-25 18:00:00,2.981899999999996,87.4602181756239,2.068418123239684,20.0,125.96173
2020-12-25 19:00:00,2.968680000000006,90.2576171391797,2.185036754093455,30.0,108.31772
2020-12-25 20:00:00,2.8448000000000206,91.45221209924715,2.0795311702591137,28.0,81.46774
2020-12-25 21:00:00,2.4948700000000485,91.90894002118198,2.125545583625605,46.0,65.87983
2020-12-25 22:00:00,2.2958000000000425,92.49480288577597,2.0039473321182752,35.0,55.130756
2020-12-25 23:00:00,2.1462000000000216,92.84544662022579,1.7676583732382143,27.0,45.322327
2020-12-26 00:00:00,1.7916500000000042,92.94022640869953,1.661002277414396,22.0,25.589157
2020-12-26 01:00:00,1.8661000000000172,92.70708617757181,1.5113125582277602,23.0,14.4368
2020-12-26 02:00:00,2.195700000000045,91.53872404471451,1.1893446663262999,22.0,16.277506
2020-12-26 03:00:00,2.346580000000017,90.34398445242789,1.001767159144808,16.0,19.7593
2020-12-26 04:00:00,2.516020000000026,91.24131401383708,0.9553024184174864,36.0,19.23513
2020-12-26 05:00:00,3.53027000000003,90.82958426853085,0.7190163307867649,36.0,32.514053
2020-12-26 06:00:00,4.5762000000000285,89.87982653811343,0.8804735867013913,24.0,81.59511
2020-12-26 07:00:00,5.40634,86.43984622880514,0.8633832535702227,22.0,142.17822
2020-12-26 08:00:00,5.983120000000042,84.71618763903545,1.3838748233582912,40.0,222.30956
2020-12-26 09:00:00,6.253960000000006,83.86422922655225,1.7146239079393533,30.0,329.29443
2020-12-26 10:00:00,5.9247400000000425,87.53968182753455,1.7334548498971325,19.0,244.09142
2020-12-26 11:00:00,5.276640000000043,90.94389499963391,1.9090369585065032,14.0,268.87714
2020-12-26 12:00:00,4.520780000000002,93.39779059113526,1.971572576696463,26.0,211.63617
2020-12-26 13:00:00,3.8183800000000474,95.28895208440326,1.981121467152615,24.0,192.50577
2020-12-26 14:00:00,3.1680200000000127,97.12364355741822,1.7880022317379418,27.0,208.48692
2020-12-26 15:00:00,2.796260000000018,98.2735524298695,1.4148315398823437,22.0,209.09634
2020-12-26 16:00:00,2.588950000000011,98.85390984531512,1.4382886512449264,26.0,236.24442
2020-12-26 17:00:00,2.2848800000000438,98.92733519555675,1.4697302325449833,27.0,190.26378
2020-12-26 18:00:00,1.9277000000000157,98.88152523293914,1.4485420462705745,37.0,160.64796
2020-12-26 19:00:00,1.4894700000000398,98.20591427892451,1.357148459870063,41.0,165.02736
2020-12-26 20:00:00,0.8854600000000232,99.08666554111998,1.7476290932220127,33.0,196.97107
2020-12-26 21:00:00,0.3235400000000368,98.63935746588928,1.8528599230075549,40.0,213.29008
2020-12-26 22:00:00,-0.11619999999999209,97.85429172039979,1.8192069933458759,40.0,237.99475
2020-12-26 23:00:00,-0.6654399999999896,95.4494732548899,2.1882043237736446,35.0,256.65604
2020-12-27 00:00:00,-1.3307999999999538,93.85349876594321,2.551797893113757,32.0,264.44922
2020-12-27 01:00:00,-1.9681799999999612,92.7742336256067,2.5037496908236814,32.0,261.3084
2020-12-27 02:00:00,-2.42901999999998,91.65078298272755,2.261570592481387,32.0,259.38754
2020-12-27 03:00:00,-2.706899999999962,90.74425885901375,1.9392596968918012,23.0,264.96857
2020-12-27 04:00:00,-2.689429999999959,89.53212250533637,1.8691035508707508,28.0,286.2449
2020-12-27 05:00:00,-2.4341799999999694,87.94947641404873,1.9156454359200323,28.0,303.7633
2020-12-27 06:00:00,-2.228369999999984,87.13342402025438,1.9640266916928726,22.0,298.25256
2020-12-27 07:00:00,-2.359049999999968,84.19449863300953,1.9741241342186688,30.0,315.8636
2020-12-27 08:00:00,-1.9706499999999778,82.34272746191468,1.9225694188024627,29.0,333.29767
2020-12-27 09:00:00,-1.916659999999979,82.0009364014627,1.8843353713857733,33.0,339.73865
2020-12-27 10:00:00,-2.095739999999978,83.20482773549396,1.9072056568504852,34.0,369.9378
2020-12-27 11:00:00,-2.322969999999998,84.38381776134284,1.7930872779926497,34.0,318.66345
2020-12-27 12:00:00,-2.681949999999972,86.59914631299712,1.5172624958567584,36.0,271.68945
2020-12-27 13:00:00,-2.9215999999999553,87.9094560444618,1.150897158078501,42.0,226.48552
2020-12-27 14:00:00,-3.034029999999973,88.38814066801558,0.9015141109917664,46.0,188.99474
2020-12-27 15:00:00,-3.127049999999997,88.70788987681085,0.6404332229072673,51.0,130.46373
2020-12-27 16:00:00,-3.207429999999988,88.98285007055222,0.2805157854851242,49.0,153.06502
2020-12-27 17:00:00,-3.310799999999972,89.50010816861904,0.1324599136132143,51.0,142.35757
2020-12-27 18:00:00,-3.3168000000000006,89.4131910269064,0.08618693716090522,48.0,128.67178
2020-12-27 19:00:00,-3.2496699999999805,89.8320564589926,0.60901668258413,48.0,121.0983
2020-12-27 20:00:00,-3.1171599999999557,88.50065333826618,0.9341660364122037,49.0,136.02824
2020-12-27 21:00:00,-2.9452999999999747,86.62891122757075,0.7742660266805892,58.0,126.02402
2020-12-27 22:00:00,-2.811869999999999,85.28371327746558,0.3707727810548064,63.0,79.12752
2020-12-27 23:00:00,-2.8423799999999915,86.57099950621276,0.3180306596800656,53.0,82.020584
2020-12-28 00:00:00,-3.023019999999974,86.9925007521805,0.2545171421975708,53.0,84.40193
2020-12-28 01:00:00,-3.1122499999999604,86.17144281285896,0.10531808242524594,57.0,113.61551
2020-12-28 02:00:00,-3.2006299999999896,87.04751897497476,0.20720039673664356,63.0,115.941025
2020-12-28 03:00:00,-3.4021399999999744,86.65060683475978,0.20901273027606357,49.0,121.21408
2020-12-28 04:00:00,-2.960549999999955,86.20920795046506,0.24137118326505053,47.0,153.64127
2020-12-28 05:00:00,-2.0435999999999694,83.16162703081595,0.41618153465121027,47.0,261.95654
2020-12-28 06:00:00,-1.1728299999999763,79.95691216662935,0.5721960373011421,48.0,325.53442
2020-12-28 07:00:00,-0.5185999999999922,76.41578620326182,1.0194681381384716,63.0,405.50696
2020-12-28 08:00:00,-0.2668199999999956,77.06081694865811,1.3255179700478756,69.0,429.9065
2020-12-28 09:00:00,0.1700700000000097,75.6218271149652,1.3339322597599608,79.0,437.87012
2020-12-28 10:00:00,0.07010000000002492,76.02419991175165,1.4038601885426767,79.0,429.24835
2020-12-28 11:00:00,-0.3855299999999602,78.06985011561994,1.4759548393923203,81.0,373.59906
2020-12-28 12:00:00,-1.276649999999961,83.42265092289058,1.3780514899462954,84.0,137.2693
2020-12-28 13:00:00,-2.0804200000000037,87.6088307457478,1.2491851617706564,86.0,68.18294
2020-12-28 14:00:00,-2.5734599999999546,90.5712007264754,0.7787256403616177,77.0,46.814613
2020-12-28 15:00:00,-2.586999999999989,90.70645292623422,0.21426735859362714,77.0,28.957912
2020-12-28 16:00:00,-2.9333299999999554,92.11552242851062,0.46767906925612673,71.0,18.467815
2020-12-28 17:00:00,-3.1491999999999507,89.90601977526961,0.29822689703686384,85.0,21.671665
2020-12-28 18:00:00,-3.486729999999966,89.15106465173457,0.37176631254930464,81.0,33.151848
2020-12-28 19:00:00,-3.7771399999999744,88.4955021169554,0.8788392159782954,64.0,41.125477
2020-12-28 20:00:00,-4.27786999999995,89.00930508966225,1.1848034109804195,58.0,42.38952
2020-12-28 21:00:00,-4.66677999999996,88.11145775273872,1.417665792899448,52.0,36.84096
2020-12-28 22:00:00,-4.851659999999981,86.56015984392879,1.4655862545999023,52.0,37.020226
2020-12-28 23:00:00,-4.9126999999999725,84.44636486442974,1.4029235428496556,52.0,26.85772
2020-12-29 00:00:00,-5.412879999999973,83.71751543651224,1.4636828871032586,51.0,26.788498
2020-12-29 01:00:00,-5.718899999999962,81.9270005415178,1.5247944841145702,53.0,24.68903
2020-12-29 02:00:00,-5.769839999999988,79.18607990642903,1.5952633397955491,55.0,24.969511
2020-12-29 03:00:00,-5.790750000000003,76.57968987694692,1.6008227515690938,66.0,25.877655
2020-12-29 04:00:00,-3.72811999999999,72.09470912762026,1.1696251034433043,63.0,40.076065
2020-12-29 05:00:00,-0.25955999999996493,63.91234538450906,0.8030733487320433,64.0,92.6977
2020-12-29 06:00:00,1.8676000000000386,60.60484726374611,0.8462810240748803,38.0,176.2823
2020-12-29 07:00:00,2.884800000000041,62.879629974242334,1.1082468846844777,45.0,322.0819
2020-12-29 08:00:00,3.783299999999997,60.78419594669813,1.3633147853947305,45.0,405.90863
2020-12-29 10:00:00,3.9670000000000414,61.45733645463878,2.105528248086976,34.0,429.62164
2020-12-29 11:00:00,2.904700000000048,67.34372372909141,1.9932715316591794,59.0,211.41872
2020-12-29 12:00:00,1.2169400000000223,73.28791639557382,1.992994824265151,59.0,81.85066
2020-12-29 13:00:00,-0.7193399999999883,81.44748874485032,1.6282192243027287,83.0,51.232635
2020-12-29 14:00:00,-2.440899999999999,86.17675860527451,1.8098077789302873,79.0,47.414825
2020-12-29 15:00:00,-3.5658300000000054,85.54763554950723,1.950491362161968,75.0,43.081886
2020-12-29 16:00:00,-4.282259999999951,84.36376716762389,2.0637904023898646,75.0,32.809032
2020-12-29 17:00:00,-4.713419999999985,81.15587238157838,2.0742999850419537,78.0,23.90508
2020-12-29 18:00:00,-5.04307,77.72362527729132,1.9905158198661572,80.0,19.091318
2020-12-29 19:00:00,-5.068849999999998,75.50063535240645,1.7679228766398811,80.0,20.636143
2020-12-29 20:00:00,-4.982499999999959,74.27191387754063,1.7954946116718509,76.0,24.671354
2020-12-29 21:00:00,-5.101020000000005,73.97605009293243,1.8411058651889765,76.0,25.856348
2020-12-29 22:00:00,-5.182469999999967,72.87337244040232,1.7474750004516122,83.0,20.357994
2020-12-29 23:00:00,-5.449929999999995,72.43616889934722,1.602017787523503,105.0,23.408825
2020-12-30 00:00:00,-5.584499999999991,71.84867738149163,1.4663301658664734,93.0,27.60653
2020-12-30 01:00:00,-5.7809199999999805,71.61190911535891,1.4271015820820094,101.0,28.141815
2020-12-30 02:00:00,-5.890169999999955,71.07945671011481,1.3966233328517663,106.0,17.00769
2020-12-30 03:00:00,-5.9474500000000035,70.57909007109112,1.2953063009726984,113.0,37.42146
2020-12-30 04:00:00,-3.9969999999999573,68.47523167091231,0.8879257331506313,113.0,56.700035
2020-12-30 05:00:00,-0.21652999999997746,64.8632654536309,0.3318055086721571,89.0,112.1514
2020-12-30 06:00:00,2.499780000000044,54.11245393370695,0.8097590595323254,105.0,147.39543
2020-12-30 07:00:00,2.9655400000000327,53.11233899016715,1.3696675476949909,110.0,260.6068
2020-12-30 08:00:00,3.859920000000045,55.43715139195466,1.5939471699824557,114.0,324.8678
2020-12-30 09:00:00,4.156300000000044,56.57481369187283,1.7746586028359546,114.0,364.56967
2020-12-30 10:00:00,3.8669399999999996,59.413657260284694,1.9422495571842513,90.0,353.13403
2020-12-30 11:00:00,2.6546600000000353,67.17552446049962,1.9368444529829891,96.0,244.8944
2020-12-30 12:00:00,0.49004999999999654,74.7952318184901,1.979439248413818,94.0,89.648056
2020-12-30 13:00:00,-1.6845799999999826,85.71348855574381,1.1776982657206048,94.0,59.89301
2020-12-30 14:00:00,-1.8114400000000046,80.91234075397067,0.7946645919082151,91.0,50.888184
2020-12-30 15:00:00,-3.38149999999996,82.45986616093188,1.0401569006454199,95.0,41.920254
2020-12-30 16:00:00,-4.735539999999958,84.46366058242523,1.1553315763680911,91.0,31.332424
2020-12-30 17:00:00,-5.6879599999999755,85.32435566828114,1.2054592589519812,97.0,24.911514
2020-12-30 18:00:00,-6.247659999999996,83.70785192249184,1.2847404223409091,87.0,24.6245
2020-12-30 19:00:00,-6.1170399999999745,81.64908726917173,0.8872928652706885,90.0,24.283443
2020-12-30 20:00:00,-5.968449999999962,79.94003017082959,0.8729444598630635,80.0,19.679256
2020-12-30 21:00:00,-5.815899999999999,78.58921610185244,0.834118139559363,86.0,18.191921
2020-12-30 22:00:00,-5.78904,78.22041584075785,0.8389747222529488,87.0,14.98752
2020-12-30 23:00:00,-5.84639999999996,78.33227905816833,0.9044652098440765,89.0,30.71275
2020-12-31 00:00:00,-5.674170000000004,77.39541004890981,0.9952007477463233,90.0,47.20889
2020-12-31 01:00:00,-5.784400000000005,77.15624117353343,1.0087831891993035,95.0,61.935307
2020-12-31 02:00:00,-5.913059999999973,76.75543443707383,1.0284659249454597,104.0,71.384964
2020-12-31 03:00:00,-6.157799999999952,76.58880788920186,1.0633648554456903,114.0,69.0636
2020-12-31 04:00:00,-4.23057,72.44553528886803,0.7423082018615129,111.0,75.97737
2020-12-31 05:00:00,-1.5414499999999975,65.2818023627221,0.27049103586981305,121.0,126.83486
2020-12-31 06:00:00,0.22220000000004347,61.64631884180931,0.48900203257006664,121.0,170.34732
2020-12-31 07:00:00,1.4088700000000358,58.18765441394744,0.9384382694766841,126.0,263.22552
2020-12-31 08:00:00,2.331380000000024,57.65018830635931,1.2377019504239943,115.0,295.4803
2020-12-31 09:00:00,2.8697800000000484,57.47685569677436,1.523083824674243,101.0,330.049
2020-12-31 10:00:00,2.9018800000000056,58.73655756212209,1.818920291240812,101.0,330.6637
2020-12-31 11:00:00,2.0636200000000144,64.18461047986355,1.8190481953203166,83.0,192.29733
2020-12-31 12:00:00,0.147420000000011,70.09095472487087,2.04249722835643,69.0,73.599594
2020-12-31 13:00:00,-1.8016399999999635,75.31770253295174,1.714067635514054,69.0,60.491272
2020-12-31 14:00:00,-3.7484999999999786,79.52452086343023,1.477221282406952,72.0,44.565643
2020-12-31 15:00:00,-5.110019999999963,80.63978523339938,1.3065897607006762,77.0,33.440434
2020-12-31 16:00:00,-5.941139999999962,79.37650940799121,1.2485568771586377,81.0,29.49378
2020-12-31 17:00:00,-6.418039999999962,77.05975980128235,1.3344257308720133,88.0,21.603756
2020-12-31 18:00:00,-6.596299999999985,73.92807032621086,1.4571502779870726,90.0,13.325864
2020-12-31 19:00:00,-6.44241999999997,73.05891502109782,1.2966143330531876,103.0,12.237618
2020-12-31 20:00:00,-6.481849999999952,72.7777956448797,1.2742386861619373,111.0,13.933131
2020-12-31 21:00:00,-6.574259999999981,72.39913118538836,1.28740880058219,96.0,13.468067
2020-12-31 22:00:00,-6.569399999999973,71.71678674242327,1.1823552496363223,100.0,23.155483
